filename,filepath,text-detected,OCR,sentiment
negative_001.jpg,/kaggle/input/musait/basket/negative_001.jpg,1,"fStop Wak
iv UKRATNE Po

Conte Yxpaini |

",negative
negative_002.jpg,/kaggle/input/musait/basket/negative_002.jpg,1,"NEW ee V
NIGHTLY ATS =e ord a.
",negative
negative_003.jpg,/kaggle/input/musait/basket/negative_003.jpg,0,,negative
negative_004.jpg,/kaggle/input/musait/basket/negative_004.jpg,0,,negative
negative_005.jpg,/kaggle/input/musait/basket/negative_005.jpg,1,"NEW ee V
NIGHTLY ATS =e ord a.
",negative
negative_006.jpg,/kaggle/input/musait/basket/negative_006.jpg,1,"ZELENSKYY:
NATO ALLOWING
BOMBINGS IN

KR

DAY 10 OF RUS: RUSSIAN OFFENSIVE ~

RUSSIA CLAIMS UKRAINE PRESIDENT FLED TO POLAND
",negative
negative_007.jpg,/kaggle/input/musait/basket/negative_007.jpg,1,"aoe ‘SHELLING IN OKHTYRKA.

UKRAINE UNDER ATTACK {es

",negative
negative_008.jpg,/kaggle/input/musait/basket/negative_008.jpg,0,,negative
negative_009.jpg,/kaggle/input/musait/basket/negative_009.jpg,0,,negative
negative_010.jpg,/kaggle/input/musait/basket/negative_010.jpg,1,"aoe ‘SHELLING IN OKHTYRKA.

UKRAINE UNDER ATTACK {es

",negative
negative_011.jpg,/kaggle/input/musait/basket/negative_011.jpg,1,"sie WA DO og Res ls be

REPRINT srovent ro you sy M-c ASSOCIATES

WAR EXTRA

4
‘7
— i
§
ee Evening Circulation in the Entire South
VOL. CXL—NO. 28 ~ MONDAY, DECEMBER 8, 1941 cE 3 CENTS
i :
ey
a
oA Te oe
ie : eed |
+ |) LS oe
| jp 1 —- - + ‘eae: &:
;
| j | | | | | : \
——-—_—_+—__j}__{ {| a Reso ae nts i |
:

",negative
negative_012.jpg,/kaggle/input/musait/basket/negative_012.jpg,1,"_ <

)/)3&K:'7 ARMY.PERSONNEL
",negative
negative_013.jpg,/kaggle/input/musait/basket/negative_013.jpg,0,,negative
negative_014.jpg,/kaggle/input/musait/basket/negative_014.jpg,0,,negative
negative_015.jpg,/kaggle/input/musait/basket/negative_015.jpg,1,"_ <

)/)3&K:'7 ARMY.PERSONNEL
",negative
negative_016.jpg,/kaggle/input/musait/basket/negative_016.jpg,1,"auth BOMBED BY
JAPANESE PLANES

",negative
negative_017.jpg,/kaggle/input/musait/basket/negative_017.jpg,0,,negative
negative_018.jpg,/kaggle/input/musait/basket/negative_018.jpg,0,,negative
negative_019.jpg,/kaggle/input/musait/basket/negative_019.jpg,0,,negative
negative_020.jpg,/kaggle/input/musait/basket/negative_020.jpg,0,,negative
negative_021.jpeg,/kaggle/input/musait/basket/negative_021.jpeg,0,,negative
negative_022.jpg,/kaggle/input/musait/basket/negative_022.jpg,1,"j

Wii
ee At \ a f:
,. %& NEWS!) SPECIAL REPORT""
i) TWO BOMB EXPLOSIONS AT ee
| THE BOSTON MARATHON i
a = §6Oidas

",negative
negative_023.jpeg,/kaggle/input/musait/basket/negative_023.jpeg,0,,negative
negative_024.jpg,/kaggle/input/musait/basket/negative_024.jpg,0,,negative
negative_025.jpg,/kaggle/input/musait/basket/negative_025.jpg,0,,negative
negative_026.jpeg,/kaggle/input/musait/basket/negative_026.jpeg,0,,negative
negative_027.jpg,/kaggle/input/musait/basket/negative_027.jpg,0,,negative
negative_028.jpg,/kaggle/input/musait/basket/negative_028.jpg,0,,negative
negative_029.jpg,/kaggle/input/musait/basket/negative_029.jpg,0,,negative
negative_030.jpg,/kaggle/input/musait/basket/negative_030.jpg,0,,negative
negative_031.jpg,/kaggle/input/musait/basket/negative_031.jpg,1,"eotet wi ac
feeraeft
soned dt

",negative
negative_032.jpg,/kaggle/input/musait/basket/negative_032.jpg,1,"ee NS
= a | A 4
INDIA-CHINA GALWAN STAND-OFF:
AT LEAST 20 SOLDIERS KILLED
",negative
negative_033.jpg,/kaggle/input/musait/basket/negative_033.jpg,0,,negative
negative_034.jpg,/kaggle/input/musait/basket/negative_034.jpg,0,,negative
negative_035.jpg,/kaggle/input/musait/basket/negative_035.jpg,1,"ee NS
= a | A 4
INDIA-CHINA GALWAN STAND-OFF:
AT LEAST 20 SOLDIERS KILLED
",negative
negative_036.jpeg,/kaggle/input/musait/basket/negative_036.jpeg,0,,negative
negative_037.jpg,/kaggle/input/musait/basket/negative_037.jpg,1,"JAMMU AND KASHMIR 8h
5 SOLDIERS KILLED IN POONCH

-

",negative
negative_038.jpg,/kaggle/input/musait/basket/negative_038.jpg,0,,negative
negative_039.jpg,/kaggle/input/musait/basket/negative_039.jpg,0,,negative
negative_040.jpg,/kaggle/input/musait/basket/negative_040.jpg,1,"JAMMU AND KASHMIR 8h
5 SOLDIERS KILLED IN POONCH

-

",negative
negative_041.jpeg,/kaggle/input/musait/basket/negative_041.jpeg,0,,negative
negative_042.jpg,/kaggle/input/musait/basket/negative_042.jpg,1,"BI BIC INES
Amphan: Kolkata
devastated as cyclone

leaves scores dead

MAY 21, 2020 + 4 MIN READ

",negative
negative_043.jpg,/kaggle/input/musait/basket/negative_043.jpg,0,,negative
negative_044.jpg,/kaggle/input/musait/basket/negative_044.jpg,0,,negative
negative_045.jpg,/kaggle/input/musait/basket/negative_045.jpg,1,"BI BIC INES
Amphan: Kolkata
devastated as cyclone

leaves scores dead

MAY 21, 2020 + 4 MIN READ

",negative
negative_046.jpeg,/kaggle/input/musait/basket/negative_046.jpeg,1,"Alason City Glove-Gagelle Ee

iS DECLARES WAR

aiian Casualties Total 3,000
td Ft
af sheer

",negative
negative_047.jpg,/kaggle/input/musait/basket/negative_047.jpg,1,"CYCLONE TAUKTAE

",negative
negative_048.jpg,/kaggle/input/musait/basket/negative_048.jpg,0,,negative
negative_049.jpg,/kaggle/input/musait/basket/negative_049.jpg,0,,negative
negative_050.jpg,/kaggle/input/musait/basket/negative_050.jpg,1,"CYCLONE TAUKTAE

",negative
negative_051.jpeg,/kaggle/input/musait/basket/negative_051.jpeg,0,,negative
negative_052.jpg,/kaggle/input/musait/basket/negative_052.jpg,1,"SUPER CYCLONE, AMPHAN INTENSIFIES

520 KM FROM SOUTH ODISHA
",negative
negative_053.jpg,/kaggle/input/musait/basket/negative_053.jpg,0,,negative
negative_054.jpg,/kaggle/input/musait/basket/negative_054.jpg,0,,negative
negative_055.jpg,/kaggle/input/musait/basket/negative_055.jpg,1,"SUPER CYCLONE, AMPHAN INTENSIFIES

520 KM FROM SOUTH ODISHA
",negative
negative_056.jpeg,/kaggle/input/musait/basket/negative_056.jpeg,1,"NOT CUTE
JUST

PSYCHO

",negative
negative_057.jpg,/kaggle/input/musait/basket/negative_057.jpg,1,"= = vee ‘ ras 5 S'~

AMPHAN HITS INDIA _

7

CYCLONE

4 DEAD IN WEST BENGAL
",negative
negative_058.jpeg,/kaggle/input/musait/basket/negative_058.jpeg,0,,negative
negative_059.jpg,/kaggle/input/musait/basket/negative_059.jpg,0,,negative
negative_060.jpg,/kaggle/input/musait/basket/negative_060.jpg,1,"= = vee ‘ ras 5 S'~

AMPHAN HITS INDIA _

7

CYCLONE

4 DEAD IN WEST BENGAL
",negative
negative_061.jpeg,/kaggle/input/musait/basket/negative_061.jpeg,1,"MAD
",negative
negative_062.jpg,/kaggle/input/musait/basket/negative_062.jpg,1,"""AMPHAN: SUPER CYCLONIC STORM
DURING COVID PANDEMIC
",negative
negative_063.jpeg,/kaggle/input/musait/basket/negative_063.jpeg,0,,negative
negative_064.jpg,/kaggle/input/musait/basket/negative_064.jpg,0,,negative
negative_065.jpg,/kaggle/input/musait/basket/negative_065.jpg,1,"""AMPHAN: SUPER CYCLONIC STORM
DURING COVID PANDEMIC
",negative
negative_066.jpeg,/kaggle/input/musait/basket/negative_066.jpeg,0,,negative
negative_067.jpg,/kaggle/input/musait/basket/negative_067.jpg,1,"CYCLONE AMPHAN RAVAGES
BENGAL & ODISHA
",negative
negative_068.jpeg,/kaggle/input/musait/basket/negative_068.jpeg,0,,negative
negative_069.jpg,/kaggle/input/musait/basket/negative_069.jpg,0,,negative
negative_070.jpg,/kaggle/input/musait/basket/negative_070.jpg,1,"CYCLONE AMPHAN RAVAGES
BENGAL & ODISHA
",negative
negative_071.jpeg,/kaggle/input/musait/basket/negative_071.jpeg,0,,negative
negative_072.jpg,/kaggle/input/musait/basket/negative_072.jpg,0,,negative
negative_073.png,/kaggle/input/musait/basket/negative_073.png,0,,negative
negative_074.png,/kaggle/input/musait/basket/negative_074.png,1,"EARTHQUAKE ALERT
",negative
negative_075.png,/kaggle/input/musait/basket/negative_075.png,1,"EARTHQUAKE ALERT
",negative
negative_076.jpeg,/kaggle/input/musait/basket/negative_076.jpeg,0,,negative
negative_077.jpg,/kaggle/input/musait/basket/negative_077.jpg,0,,negative
negative_078.jpeg,/kaggle/input/musait/basket/negative_078.jpeg,1,"The Call—ChronicleExaminer

EARTHQUAKE AND _ FIRE:
SAN FRANCISCO_IN RUINS

",negative
negative_079.jpeg,/kaggle/input/musait/basket/negative_079.jpeg,1,"The Call—ChronicleExaminer

EARTHQUAKE AND _ FIRE:
SAN FRANCISCO_IN RUINS

",negative
negative_080.jpeg,/kaggle/input/musait/basket/negative_080.jpeg,1,"268 BABI minal BOE

2cim nde aus
SiSunea srongy; Sissies

leven esaieneo aicscings!”

",negative
negative_081.jpg,/kaggle/input/musait/basket/negative_081.jpg,1,"= Vinee Ninn

ration NE
",negative
negative_082.jpg,/kaggle/input/musait/basket/negative_082.jpg,0,,negative
negative_083.jpg,/kaggle/input/musait/basket/negative_083.jpg,1,"= Vinee Ninn

ration NE
",negative
negative_084.jpeg,/kaggle/input/musait/basket/negative_084.jpeg,1,"| don't need your love

oy.
I ha

""

\\

cause | already cried enough
",negative
negative_085.jpg,/kaggle/input/musait/basket/negative_085.jpg,0,,negative
negative_086.jpeg,/kaggle/input/musait/basket/negative_086.jpeg,1,"o. . :
_EARTHOUAKE

",negative
negative_087.jpeg,/kaggle/input/musait/basket/negative_087.jpeg,1,"o. . :
_EARTHOUAKE

",negative
negative_088.jpeg,/kaggle/input/musait/basket/negative_088.jpeg,0,,negative
negative_089.jpg,/kaggle/input/musait/basket/negative_089.jpg,1,"EVERY NEI

",negative
negative_090.jpeg,/kaggle/input/musait/basket/negative_090.jpeg,0,,negative
negative_091.jpeg,/kaggle/input/musait/basket/negative_091.jpeg,0,,negative
negative_092.jpeg,/kaggle/input/musait/basket/negative_092.jpeg,0,,negative
negative_093.jpg,/kaggle/input/musait/basket/negative_093.jpg,1,"e

WION

2 MAGNITUDE EARTHQUAKE)

HITS INDONESIA
",negative
negative_094.jpg,/kaggle/input/musait/basket/negative_094.jpg,0,,negative
negative_095.jpg,/kaggle/input/musait/basket/negative_095.jpg,1,"e

WION

2 MAGNITUDE EARTHQUAKE)

HITS INDONESIA
",negative
negative_096.jpeg,/kaggle/input/musait/basket/negative_096.jpeg,1,"eZNNAR ZS

mee
Ira

ob embraces nuclear nuclear

Be when to PB
",negative
negative_097.jpg,/kaggle/input/musait/basket/negative_097.jpg,1,"(NEWS,
TSUNAMI
WARNING
RISING WATER
",negative
negative_098.jpg,/kaggle/input/musait/basket/negative_098.jpg,0,,negative
negative_099.jpg,/kaggle/input/musait/basket/negative_099.jpg,1,"(NEWS,
TSUNAMI
WARNING
RISING WATER
",negative
negative_100.jpg,/kaggle/input/musait/basket/negative_100.jpg,1,"a <<
SPULWAMAVATIACK:
‘ATHER- DAUGHTER | HELD

Photo C Courtes: Reuters

",negative
negative_101.png,/kaggle/input/musait/basket/negative_101.png,1,"_

negative’ ¥ Se
{pro
",negative
negative_102.jpg,/kaggle/input/musait/basket/negative_102.jpg,0,,negative
negative_103.jpg,/kaggle/input/musait/basket/negative_103.jpg,1,"a <<
SPULWAMAVATIACK:
‘ATHER- DAUGHTER | HELD

Photo C Courtes: Reuters

",negative
negative_104.jpeg,/kaggle/input/musait/basket/negative_104.jpeg,1,"Me explaining to
my model that it
needs to work or
else I'lllose my job: = My model:

",negative
negative_105.jpg,/kaggle/input/musait/basket/negative_105.jpg,1,"~~ (EEN POWERFUL QUAKE ROCKS JAPAN

| Exewstine _ |
; estimated at 7.9. G BREAKING NEWS: A powerful quake hit
",negative
negative_106.jpg,/kaggle/input/musait/basket/negative_106.jpg,0,,negative
negative_107.jpg,/kaggle/input/musait/basket/negative_107.jpg,1,"~~ (EEN POWERFUL QUAKE ROCKS JAPAN

| Exewstine _ |
; estimated at 7.9. G BREAKING NEWS: A powerful quake hit
",negative
negative_108.jpeg,/kaggle/input/musait/basket/negative_108.jpeg,1,"Me when my client says
they've seen a project very
similar on Github

ys
PYGODERS
",negative
negative_109.jpg,/kaggle/input/musait/basket/negative_109.jpg,1,"BEGIN TALIBAN sPoKeSMAN SAYS SIX SUICIDE BOMBERS ENTERED SCHOOL COMPOUND
",negative
negative_110.jpg,/kaggle/input/musait/basket/negative_110.jpg,0,,negative
negative_111.jpg,/kaggle/input/musait/basket/negative_111.jpg,1,"BEGIN TALIBAN sPoKeSMAN SAYS SIX SUICIDE BOMBERS ENTERED SCHOOL COMPOUND
",negative
negative_112.jpeg,/kaggle/input/musait/basket/negative_112.jpeg,1,"Hotes wilsay (LUNs
Dries! google.
",negative
negative_113.jpg,/kaggle/input/musait/basket/negative_113.jpg,0,,negative
negative_114.jpg,/kaggle/input/musait/basket/negative_114.jpg,0,,negative
negative_115.jpg,/kaggle/input/musait/basket/negative_115.jpg,0,,negative
negative_116.jpeg,/kaggle/input/musait/basket/negative_116.jpeg,1,"Coming home wasted at 6am and
eople jogging

tookat se , aehalest

",negative
negative_117.jpg,/kaggle/input/musait/basket/negative_117.jpg,1,"News CLICK

",negative
negative_118.jpg,/kaggle/input/musait/basket/negative_118.jpg,0,,negative
negative_119.jpg,/kaggle/input/musait/basket/negative_119.jpg,1,"News CLICK

",negative
negative_120.jpeg,/kaggle/input/musait/basket/negative_120.jpeg,1,"Ng
eI

HAVEN'T SEEN ANY BAD
MEMES
",negative
negative_121.jpg,/kaggle/input/musait/basket/negative_121.jpg,1,"CRIME
",negative
negative_122.jpg,/kaggle/input/musait/basket/negative_122.jpg,0,,negative
negative_123.jpg,/kaggle/input/musait/basket/negative_123.jpg,1,"CRIME
",negative
negative_124.jpeg,/kaggle/input/musait/basket/negative_124.jpeg,0,,negative
negative_125.jpg,/kaggle/input/musait/basket/negative_125.jpg,0,,negative
negative_126.jpeg,/kaggle/input/musait/basket/negative_126.jpeg,0,,negative
negative_127.jpeg,/kaggle/input/musait/basket/negative_127.jpeg,0,,negative
negative_128.jpeg,/kaggle/input/musait/basket/negative_128.jpeg,0,,negative
negative_129.jpg,/kaggle/input/musait/basket/negative_129.jpg,1,"-¥
Share this picture!

",negative
negative_130.jpeg,/kaggle/input/musait/basket/negative_130.jpeg,0,,negative
negative_131.jpg,/kaggle/input/musait/basket/negative_131.jpg,0,,negative
negative_132.jpeg,/kaggle/input/musait/basket/negative_132.jpeg,1,"18-yr-old
kills self

Child
» takes

",negative
negative_133.jpg,/kaggle/input/musait/basket/negative_133.jpg,0,,negative
negative_134.png,/kaggle/input/musait/basket/negative_134.png,1,"ace YOU BLOCK YOUR

cn ‘“ mn)
",negative
negative_135.jpeg,/kaggle/input/musait/basket/negative_135.jpeg,1,"18-yr-old
kills self

Child
» takes

",negative
negative_136.jpg,/kaggle/input/musait/basket/negative_136.jpg,0,,negative
negative_137.jpg,/kaggle/input/musait/basket/negative_137.jpg,0,,negative
negative_138.jpg,/kaggle/input/musait/basket/negative_138.jpg,0,,negative
negative_139.jpg,/kaggle/input/musait/basket/negative_139.jpg,1,"Pre
33 YEARS OF

BHOPAL GAS TRAGEDY:
VICTIMS AWAIT JUSTICE

late: LS Bet
",negative
negative_140.jpg,/kaggle/input/musait/basket/negative_140.jpg,0,,negative
negative_141.jpg,/kaggle/input/musait/basket/negative_141.jpg,1,"Pre
33 YEARS OF

BHOPAL GAS TRAGEDY:
VICTIMS AWAIT JUSTICE

late: LS Bet
",negative
negative_142.jpg,/kaggle/input/musait/basket/negative_142.jpg,1,"BOTH PILOTS
, i
",negative
negative_143.jpg,/kaggle/input/musait/basket/negative_143.jpg,0,,negative
negative_144.jpg,/kaggle/input/musait/basket/negative_144.jpg,1,"BOTH PILOTS
, i
",negative
negative_145.jpg,/kaggle/input/musait/basket/negative_145.jpg,0,,negative
negative_146.jpg,/kaggle/input/musait/basket/negative_146.jpg,0,,negative
negative_147.jpg,/kaggle/input/musait/basket/negative_147.jpg,0,,negative
negative_148.jpg,/kaggle/input/musait/basket/negative_148.jpg,1,"SREARING Ewe
|. TSUNAMI HITS

¢ immediately. In Miyag! Prefecture. northeastern Japan. quake

",negative
negative_149.jpg,/kaggle/input/musait/basket/negative_149.jpg,0,,negative
negative_150.jpg,/kaggle/input/musait/basket/negative_150.jpg,1,"SREARING Ewe
|. TSUNAMI HITS

¢ immediately. In Miyag! Prefecture. northeastern Japan. quake

",negative
negative_151.jpeg,/kaggle/input/musait/basket/negative_151.jpeg,0,,negative
negative_152.jpg,/kaggle/input/musait/basket/negative_152.jpg,0,,negative
negative_153.jpeg,/kaggle/input/musait/basket/negative_153.jpeg,0,,negative
negative_154.jpeg,/kaggle/input/musait/basket/negative_154.jpeg,1,"“

c pistick
BHOPAL GAS TRAGEDY
",negative
negative_155.jpg,/kaggle/input/musait/basket/negative_155.jpg,1,"I'M NOT CROSSING THE
ROAD. THE ROAD IS
CROSSING MY FOREST.
",negative
negative_156.jpeg,/kaggle/input/musait/basket/negative_156.jpeg,1,"“

c pistick
BHOPAL GAS TRAGEDY
",negative
negative_157.jpeg,/kaggle/input/musait/basket/negative_157.jpeg,1,"wes BREAKING NEWS fe

TERRORIST ATTACK IN.

MANIPUR -
a

‘OTHER PER
",negative
negative_158.jpg,/kaggle/input/musait/basket/negative_158.jpg,1,"Some people
just act like
they are
ona to

spices

",negative
negative_159.jpeg,/kaggle/input/musait/basket/negative_159.jpeg,1,"wes BREAKING NEWS fe

TERRORIST ATTACK IN.

MANIPUR -
a

‘OTHER PER
",negative
negative_160.jpg,/kaggle/input/musait/basket/negative_160.jpg,1,"ae

“si NU al a

%, a Gas Disaster

PELE WSR. (stig oN GS

#4E-An Enduring Tragedy
",negative
negative_161.jpg,/kaggle/input/musait/basket/negative_161.jpg,0,,negative
negative_162.jpg,/kaggle/input/musait/basket/negative_162.jpg,1,"ae

“si NU al a

%, a Gas Disaster

PELE WSR. (stig oN GS

#4E-An Enduring Tragedy
",negative
negative_163.jpeg,/kaggle/input/musait/basket/negative_163.jpeg,0,,negative
negative_164.jpg,/kaggle/input/musait/basket/negative_164.jpg,1,""" Suicide bomb attack ita
in Manchester. F

2 le

",negative
negative_165.jpg,/kaggle/input/musait/basket/negative_165.jpg,1,""" Suicide bomb attack ita
in Manchester. F

2 le

",negative
negative_166.jpg,/kaggle/input/musait/basket/negative_166.jpg,1,"BREAKING = aa
VIENNA SHOOTING!
tapparent terror or attack’

",negative
negative_167.jpg,/kaggle/input/musait/basket/negative_167.jpg,1,"BREAKING = aa
VIENNA SHOOTING!
tapparent terror or attack’

",negative
negative_168.jpg,/kaggle/input/musait/basket/negative_168.jpg,1,"| 0

=newsX —

<4 -

AUSTRALIAN BUREAU ISSUES
TSUNAMI WARNING
",negative
negative_169.jpg,/kaggle/input/musait/basket/negative_169.jpg,1,"| 0

=newsX —

<4 -

AUSTRALIAN BUREAU ISSUES
TSUNAMI WARNING
",negative
negative_170.jpg,/kaggle/input/musait/basket/negative_170.jpg,0,,negative
negative_171.jpg,/kaggle/input/musait/basket/negative_171.jpg,0,,negative
negative_172.jpg,/kaggle/input/musait/basket/negative_172.jpg,1,"CALICUT PLANE TRAGEDY

",negative
negative_173.jpg,/kaggle/input/musait/basket/negative_173.jpg,1,"CALICUT PLANE TRAGEDY

",negative
negative_174.jpg,/kaggle/input/musait/basket/negative_174.jpg,0,,negative
negative_175.jpg,/kaggle/input/musait/basket/negative_175.jpg,0,,negative
negative_176.jpg,/kaggle/input/musait/basket/negative_176.jpg,1,"RUNWAY EMBANKMENT
",negative
negative_177.jpg,/kaggle/input/musait/basket/negative_177.jpg,1,"RUNWAY EMBANKMENT
",negative
negative_178.jpg,/kaggle/input/musait/basket/negative_178.jpg,0,,negative
negative_179.jpg,/kaggle/input/musait/basket/negative_179.jpg,0,,negative
negative_180.jpg,/kaggle/input/musait/basket/negative_180.jpg,1,"It wasn't a mistake.
it wasn’t my fault.

",negative
negative_181.jpg,/kaggle/input/musait/basket/negative_181.jpg,1,"It wasn't a mistake.
it wasn’t my fault.

",negative
negative_182.jpg,/kaggle/input/musait/basket/negative_182.jpg,1,"Cyber-Criminals
Found a Home on
Social Media Sites

Since 2011, cyber-
criminals have found
a haven in social
media, where they
perpetrate fraud.
In the past six
months, their
numbers have
increased 70 percent.

CIO INSIGHT
",negative
negative_183.jpg,/kaggle/input/musait/basket/negative_183.jpg,1,"Cyber-Criminals
Found a Home on
Social Media Sites

Since 2011, cyber-
criminals have found
a haven in social
media, where they
perpetrate fraud.
In the past six
months, their
numbers have
increased 70 percent.

CIO INSIGHT
",negative
negative_184.jpg,/kaggle/input/musait/basket/negative_184.jpg,1,"“Photo Courtesy: AFP
",negative
negative_185.jpg,/kaggle/input/musait/basket/negative_185.jpg,1,"“Photo Courtesy: AFP
",negative
negative_186.jpeg,/kaggle/input/musait/basket/negative_186.jpeg,1,"Ranchester Eomninn Noms GS ES

UNITED CUP XI
‘| CRASH: “28 DIE”
",negative
negative_187.jpeg,/kaggle/input/musait/basket/negative_187.jpeg,1,"Ranchester Eomninn Noms GS ES

UNITED CUP XI
‘| CRASH: “28 DIE”
",negative
negative_188.jpg,/kaggle/input/musait/basket/negative_188.jpg,0,,negative
negative_189.jpg,/kaggle/input/musait/basket/negative_189.jpg,0,,negative
negative_190.jpg,/kaggle/input/musait/basket/negative_190.jpg,1,"NIPPON TV

Fukushima Central TV/Nippon TV
",negative
negative_191.jpg,/kaggle/input/musait/basket/negative_191.jpg,1,"NIPPON TV

Fukushima Central TV/Nippon TV
",negative
negative_192.jpeg,/kaggle/input/musait/basket/negative_192.jpeg,0,,negative
negative_193.jpeg,/kaggle/input/musait/basket/negative_193.jpeg,0,,negative
negative_194.jpeg,/kaggle/input/musait/basket/negative_194.jpeg,0,,negative
negative_195.jpeg,/kaggle/input/musait/basket/negative_195.jpeg,0,,negative
negative_196.jpeg,/kaggle/input/musait/basket/negative_196.jpeg,1,"2, Chicago_Daily_Tribune

ATOMIC.

m Was Developed

",negative
negative_197.jpeg,/kaggle/input/musait/basket/negative_197.jpeg,1,"2, Chicago_Daily_Tribune

ATOMIC.

m Was Developed

",negative
negative_198.jpg,/kaggle/input/musait/basket/negative_198.jpg,1,"ANI

Watch: Massive fire breaks out
at Bagri Market in Kolkata

77

",negative
negative_199.jpg,/kaggle/input/musait/basket/negative_199.jpg,1,"ANI

Watch: Massive fire breaks out
at Bagri Market in Kolkata

77

",negative
negative_200.jpg,/kaggle/input/musait/basket/negative_200.jpg,1,"Daily Enterprise, |
TINS

“REPORTS 50 KILLED IN
__ JERUSALEM BOMB BLAST
Lee

= eee HELP CROPS IN CITY ‘TOTAL OF 60
S| AREA, BUT MORE RAIN SEEN

NEEDED 10 MEET Sano
F st fr

",negative
negative_201.jpg,/kaggle/input/musait/basket/negative_201.jpg,1,"Daily Enterprise, |
TINS

“REPORTS 50 KILLED IN
__ JERUSALEM BOMB BLAST
Lee

= eee HELP CROPS IN CITY ‘TOTAL OF 60
S| AREA, BUT MORE RAIN SEEN

NEEDED 10 MEET Sano
F st fr

",negative
negative_202.jpeg,/kaggle/input/musait/basket/negative_202.jpeg,1,"DEADLY FIRE IN s
MUMBAI HIGH-RISE ¢
",negative
negative_203.jpeg,/kaggle/input/musait/basket/negative_203.jpeg,1,"DEADLY FIRE IN s
MUMBAI HIGH-RISE ¢
",negative
negative_204.jpeg,/kaggle/input/musait/basket/negative_204.jpeg,1,"MUMBAI:
MAJOR
FIRE
KILLS 2
",negative
negative_205.jpeg,/kaggle/input/musait/basket/negative_205.jpeg,1,"MUMBAI:
MAJOR
FIRE
KILLS 2
",negative
negative_206.jpeg,/kaggle/input/musait/basket/negative_206.jpeg,1,"BREAKING [4071 a
MUMBAIFIRE
FIRE AT
KAMALA
BUILDING IN
MUMABI'S

",negative
negative_207.jpeg,/kaggle/input/musait/basket/negative_207.jpeg,1,"BREAKING [4071 a
MUMBAIFIRE
FIRE AT
KAMALA
BUILDING IN
MUMABI'S

",negative
negative_208.jpeg,/kaggle/input/musait/basket/negative_208.jpeg,1,"DAILY EXPRESS r
“THE ATOMIC PLAGUE

‘T write this as @ warning to, the world’ Ts ie

DOCTORS FALL AS p™ = ory
THEY WORK sorte

326,13
",negative
negative_209.jpeg,/kaggle/input/musait/basket/negative_209.jpeg,1,"DAILY EXPRESS r
“THE ATOMIC PLAGUE

‘T write this as @ warning to, the world’ Ts ie

DOCTORS FALL AS p™ = ory
THEY WORK sorte

326,13
",negative
negative_210.jpeg,/kaggle/input/musait/basket/negative_210.jpeg,1,"1 THE BOSTON HERALD 8
ATOM SOMB HITS NAGASAKL SOVET
ENTERS WAR, U.S. BIDS TOKYO Ow

",negative
negative_211.jpeg,/kaggle/input/musait/basket/negative_211.jpeg,1,"1 THE BOSTON HERALD 8
ATOM SOMB HITS NAGASAKL SOVET
ENTERS WAR, U.S. BIDS TOKYO Ow

",negative
negative_212.jpeg,/kaggle/input/musait/basket/negative_212.jpeg,1,"| The New York Times. ===)

MISSILE IS EQUAL TO 20,000 TO)
TRUMAN WARNS FOE OF A RA

",negative
negative_213.jpeg,/kaggle/input/musait/basket/negative_213.jpeg,1,"| The New York Times. ===)

MISSILE IS EQUAL TO 20,000 TO)
TRUMAN WARNS FOE OF A RA

",negative
negative_214.jpg,/kaggle/input/musait/basket/negative_214.jpg,1,"""==="" HYDROGEN EXPLOSION
",negative
negative_215.jpg,/kaggle/input/musait/basket/negative_215.jpg,1,"""==="" HYDROGEN EXPLOSION
",negative
negative_216.jpg,/kaggle/input/musait/basket/negative_216.jpg,1,"MAJOR FIRE IN MUMBAI
HIGH-RISE
",negative
negative_217.jpg,/kaggle/input/musait/basket/negative_217.jpg,1,"MAJOR FIRE IN MUMBAI
HIGH-RISE
",negative
negative_218.jpg,/kaggle/input/musait/basket/negative_218.jpg,1,"FIRE AT MUMBAI HIGH-RISE

PERATION CONTINUES

q

",negative
negative_219.jpg,/kaggle/input/musait/basket/negative_219.jpg,1,"FIRE AT MUMBAI HIGH-RISE

PERATION CONTINUES

q

",negative
negative_220.jpg,/kaggle/input/musait/basket/negative_220.jpg,0,,negative
negative_221.jpg,/kaggle/input/musait/basket/negative_221.jpg,0,,negative
negative_222.jpg,/kaggle/input/musait/basket/negative_222.jpg,0,,negative
negative_223.jpg,/kaggle/input/musait/basket/negative_223.jpg,0,,negative
negative_224.jpg,/kaggle/input/musait/basket/negative_224.jpg,1,"AT LEAST 8 KILLED
",negative
negative_225.jpg,/kaggle/input/musait/basket/negative_225.jpg,1,"AT LEAST 8 KILLED
",negative
negative_226.jpg,/kaggle/input/musait/basket/negative_226.jpg,1,"5
F LATEST NEWS

THE INVADERS
LAUNCHED A
ROCKET ATTACh
VASILKOV

a RUSSIA NEWS
",negative
negative_227.jpg,/kaggle/input/musait/basket/negative_227.jpg,1,"5
F LATEST NEWS

THE INVADERS
LAUNCHED A
ROCKET ATTACh
VASILKOV

a RUSSIA NEWS
",negative
negative_228.jpg,/kaggle/input/musait/basket/negative_228.jpg,1,"BREAKING NEWS INDIA
TODAY

MISSILE ATTACK ON KHARKIV CITY COUNCIL

",negative
negative_229.jpg,/kaggle/input/musait/basket/negative_229.jpg,1,"BREAKING NEWS INDIA
TODAY

MISSILE ATTACK ON KHARKIV CITY COUNCIL

",negative
negative_230.jpg,/kaggle/input/musait/basket/negative_230.jpg,1,"RUSSIA INVADES UKRAINE INDIA

FRESH EXPLOSIONS, MISSILE ATTACK ROCK KYIV

",negative
negative_231.jpg,/kaggle/input/musait/basket/negative_231.jpg,1,"RUSSIA INVADES UKRAINE INDIA

FRESH EXPLOSIONS, MISSILE ATTACK ROCK KYIV

",negative
negative_232.jpg,/kaggle/input/musait/basket/negative_232.jpg,1,"DAY 9 OF PUTIN'S INVASION §iFeK
TODAY

NUCLEAR DISASTER LOOMS

",negative
negative_233.jpg,/kaggle/input/musait/basket/negative_233.jpg,1,"DAY 9 OF PUTIN'S INVASION §iFeK
TODAY

NUCLEAR DISASTER LOOMS

",negative
negative_234.jpg,/kaggle/input/musait/basket/negative_234.jpg,1,"BREAKING NEWS INDIA
TODAY

EXPLOSIONS IN LVIV & KHERSON

",negative
negative_235.jpg,/kaggle/input/musait/basket/negative_235.jpg,1,"BREAKING NEWS INDIA
TODAY

EXPLOSIONS IN LVIV & KHERSON

",negative
negative_236.jpg,/kaggle/input/musait/basket/negative_236.jpg,1,"RUSSIA VS UKRAINE INDIA
TODAY

RUSSIA INTENSIFIES MISSILE ATTACK ON KYIV

",negative
negative_237.jpg,/kaggle/input/musait/basket/negative_237.jpg,1,"RUSSIA VS UKRAINE INDIA
TODAY

RUSSIA INTENSIFIES MISSILE ATTACK ON KYIV

",negative
negative_238.jpg,/kaggle/input/musait/basket/negative_238.jpg,1,"DEVASTATING KHARKIV ATTACK (3s)
SBA

[NUMBING VIDEO CAPTURES MISSILE ATTACK

",negative
negative_239.jpg,/kaggle/input/musait/basket/negative_239.jpg,1,"DEVASTATING KHARKIV ATTACK (3s)
SBA

[NUMBING VIDEO CAPTURES MISSILE ATTACK

",negative
negative_240.jpg,/kaggle/input/musait/basket/negative_240.jpg,1,"Raigad: Thirteen peo-
le have died and sev-
eral are still missing
after a residential build-
ing collapsed in Maha-
rashtra’s Raigad dis-
rict on Monday even-
ing. The rescue opera-
ion has been going on
or more than 24 hours.

Seven bodies were
ound in the last two
hours in the debris, of-
‘icials said. More than
78 people have been res-
cued so far.

Three teams of the
NDRF (National Disaster
Response Force) and 12
teams of the fire brigade
are at the spot. The five-
storey building, which
was about seven years
old, had over 45 flats.
The rescue officials
had a brief moment of
relief when they pulled
out a four-year-old alive
from the debris.
“A case has been reg-
istered against the de-
veloper and architect.
Whoever will be respon-
sible, strict action will
be taken against them. It
would take another sev-
en-eight hours to clear
the debris,” Collector
Nidhi Chaudhary said.
“We have announced an
ex-gratia of Rs 5 lakh
each to the families o
eceased. Financial as-
sistance of up to Rs
50,000 will be provided
to those injured,” said
state Minister Vijay Wa-
lettiwar. —Agencies

=

RAIGAD BUILDING COLLAPSE

13 DEAD, 4 -YR-OLD AMONG 7S RESCUED

Maha govt will give compensation of Rs 5L each to families of deceased

ies \ Roos a

Search and rescue operation underway at the spot, where a building collapsed in Raigad district on Tuesday. A 4-year-old boy was

rescued from under the debris at the site of building collapse in Mahad, Raigad on Tuesday.

—PHOTOS BY ANI

PM MODI EXPRESSES GRIEF

PM Narendra Modi has expressed anguish
over the building collapse in a residen-
tial area of Mahad in

the injured. “Saddened
by the building collapse of
in Mahad, Raigad in Ma- thoughts and prayers are

! 10! with the accident victims. |
are with the families of wish speedy recovery of the

harashtra. My thoughts

—Q—

PRESIDENT OF INDIA

Maharash ta’s Raigad @RASHTRAPATIBHVN
district and prayed for The news of the building
the speedy recovery of collapse at Mahad, Raigad

in Maharashtra and loss

lives is distressing. My

those who lost their dear ones. | pray the injured. Local authorities
injured recover soon. Local authorities and
NDRF teams are at the site of the tragedy, coordinating rescue and
providing all possible assistance” PMO India

said in a tweet.

and NDRF teams are

relief efforts.

Saddened about the Maha incident: Raga

New Delhi: Congress
leader Rahul Gandhi
conveyed condo-
lences to the kin of
the deceased, who
lost their lives in the
building collapse in
the residential area of
Mahad in Raigad dis-
trict. “l am distressed/
saddened about the in-

cident that took place
in Mahad. | offer my
deepest condolences

to the family members
of the deceased,” he
tweeted. He further
appealed to state
government to provide
immediate aid to the
injured and people who
are trapped under the
debris and urged party
workers to assist the
rescue teams. —ANI

FIR against five persons, rescue
operations underway, say cops

Raigad: An FIR was
registered against five
people at Mahad city
police station over
building collapse ina
residential area of
Mahad in Raigad dis-
trict, wherein, 13 peo-
ple lost their lives.

According to police,
the FIR has been reg-
istered under Sections
304 (culpable homi-
cide not amounting to
murder), 304-A (caus-
ing death by negli-
gence), 337 (causing
hurt by act endanger-

ing life), 338 (causing
grievous hurt by act
endangering life) and
34 (acts by several per-
sons in furtherance of
common intention) of
the Indian Penal Code.
So far, no one has been
arrested. —ANI
",negative
negative_241.jpg,/kaggle/input/musait/basket/negative_241.jpg,1,"Raigad: Thirteen peo-
le have died and sev-
eral are still missing
after a residential build-
ing collapsed in Maha-
rashtra’s Raigad dis-
rict on Monday even-
ing. The rescue opera-
ion has been going on
or more than 24 hours.

Seven bodies were
ound in the last two
hours in the debris, of-
‘icials said. More than
78 people have been res-
cued so far.

Three teams of the
NDRF (National Disaster
Response Force) and 12
teams of the fire brigade
are at the spot. The five-
storey building, which
was about seven years
old, had over 45 flats.
The rescue officials
had a brief moment of
relief when they pulled
out a four-year-old alive
from the debris.
“A case has been reg-
istered against the de-
veloper and architect.
Whoever will be respon-
sible, strict action will
be taken against them. It
would take another sev-
en-eight hours to clear
the debris,” Collector
Nidhi Chaudhary said.
“We have announced an
ex-gratia of Rs 5 lakh
each to the families o
eceased. Financial as-
sistance of up to Rs
50,000 will be provided
to those injured,” said
state Minister Vijay Wa-
lettiwar. —Agencies

=

RAIGAD BUILDING COLLAPSE

13 DEAD, 4 -YR-OLD AMONG 7S RESCUED

Maha govt will give compensation of Rs 5L each to families of deceased

ies \ Roos a

Search and rescue operation underway at the spot, where a building collapsed in Raigad district on Tuesday. A 4-year-old boy was

rescued from under the debris at the site of building collapse in Mahad, Raigad on Tuesday.

—PHOTOS BY ANI

PM MODI EXPRESSES GRIEF

PM Narendra Modi has expressed anguish
over the building collapse in a residen-
tial area of Mahad in

the injured. “Saddened
by the building collapse of
in Mahad, Raigad in Ma- thoughts and prayers are

! 10! with the accident victims. |
are with the families of wish speedy recovery of the

harashtra. My thoughts

—Q—

PRESIDENT OF INDIA

Maharash ta’s Raigad @RASHTRAPATIBHVN
district and prayed for The news of the building
the speedy recovery of collapse at Mahad, Raigad

in Maharashtra and loss

lives is distressing. My

those who lost their dear ones. | pray the injured. Local authorities
injured recover soon. Local authorities and
NDRF teams are at the site of the tragedy, coordinating rescue and
providing all possible assistance” PMO India

said in a tweet.

and NDRF teams are

relief efforts.

Saddened about the Maha incident: Raga

New Delhi: Congress
leader Rahul Gandhi
conveyed condo-
lences to the kin of
the deceased, who
lost their lives in the
building collapse in
the residential area of
Mahad in Raigad dis-
trict. “l am distressed/
saddened about the in-

cident that took place
in Mahad. | offer my
deepest condolences

to the family members
of the deceased,” he
tweeted. He further
appealed to state
government to provide
immediate aid to the
injured and people who
are trapped under the
debris and urged party
workers to assist the
rescue teams. —ANI

FIR against five persons, rescue
operations underway, say cops

Raigad: An FIR was
registered against five
people at Mahad city
police station over
building collapse ina
residential area of
Mahad in Raigad dis-
trict, wherein, 13 peo-
ple lost their lives.

According to police,
the FIR has been reg-
istered under Sections
304 (culpable homi-
cide not amounting to
murder), 304-A (caus-
ing death by negli-
gence), 337 (causing
hurt by act endanger-

ing life), 338 (causing
grievous hurt by act
endangering life) and
34 (acts by several per-
sons in furtherance of
common intention) of
the Indian Penal Code.
So far, no one has been
arrested. —ANI
",negative
negative_242.jpg,/kaggle/input/musait/basket/negative_242.jpg,1,"_
—_
es
@
@
=

ie

@

cf
ry
wn
rv)
=}
=]

— J

Killing: Police
Times News Network

Puducherry: Police havear-
rested six people, including
threejuveniles, on charges of
murdering a youth due to
previous enmity here.

Police produced § lyya-
nar alias Thadilyyanar, 24, P
Manikandan alias Katta Ma-
ni, 23, and. M Ajithkumar
alias Chandru, 22, hailing
from Pudhu Nagar at Kanu-
vapet in Villianur before a lo-
cal court which remanded
them in judicial custody. Po-
lice produced the three juve-

BROUGHT TO JUSTIC!

niles in conflict with the law
before a special court, which
sent them to an observation
home. Senior superintend-
ent of police (law and order)
Apoorva Gupta said a gang
armed with long knives way-
laid two men on a motorcycle
on Saturday and brutally
hacked one of them to death.

iat le:
E:Policemen with three of the accused
arrested in connection with the murder

The deceased was identi-
fied as Thamizh alias Nava-
rasan. The Villianur police
have registered a case and
initial inquiries revealed
that previous enmity be-

_tween Thamizh and lyyanar

was the motive behind the
murder. She said Thamizh
had attacked lyyanar andhis

SNES NIE aa ras ae

cred os Os

rival with his friend on a mo-
toreycle at a secluded place, -
the gang members attacked —
him with sharp weapons,
Thamizh died on the spot.
Police arrested six peo-
ple, including three juve-
niles, and seized long knives,
amotorcycle, mobile phones +
and blood-stained clothes -
from their possession after —
the arrested confessed to
committing the crime.
inquiriesalso revealed ;
vementof two others ne
and Pandian alias Arun — in
thecrime. .: ak

sidavetnneene)

i

",negative
negative_243.jpg,/kaggle/input/musait/basket/negative_243.jpg,1,"_
—_
es
@
@
=

ie

@

cf
ry
wn
rv)
=}
=]

— J

Killing: Police
Times News Network

Puducherry: Police havear-
rested six people, including
threejuveniles, on charges of
murdering a youth due to
previous enmity here.

Police produced § lyya-
nar alias Thadilyyanar, 24, P
Manikandan alias Katta Ma-
ni, 23, and. M Ajithkumar
alias Chandru, 22, hailing
from Pudhu Nagar at Kanu-
vapet in Villianur before a lo-
cal court which remanded
them in judicial custody. Po-
lice produced the three juve-

BROUGHT TO JUSTIC!

niles in conflict with the law
before a special court, which
sent them to an observation
home. Senior superintend-
ent of police (law and order)
Apoorva Gupta said a gang
armed with long knives way-
laid two men on a motorcycle
on Saturday and brutally
hacked one of them to death.

iat le:
E:Policemen with three of the accused
arrested in connection with the murder

The deceased was identi-
fied as Thamizh alias Nava-
rasan. The Villianur police
have registered a case and
initial inquiries revealed
that previous enmity be-

_tween Thamizh and lyyanar

was the motive behind the
murder. She said Thamizh
had attacked lyyanar andhis

SNES NIE aa ras ae

cred os Os

rival with his friend on a mo-
toreycle at a secluded place, -
the gang members attacked —
him with sharp weapons,
Thamizh died on the spot.
Police arrested six peo-
ple, including three juve-
niles, and seized long knives,
amotorcycle, mobile phones +
and blood-stained clothes -
from their possession after —
the arrested confessed to
committing the crime.
inquiriesalso revealed ;
vementof two others ne
and Pandian alias Arun — in
thecrime. .: ak

sidavetnneene)

i

",negative
negative_244.jpg,/kaggle/input/musait/basket/negative_244.jpg,0,,negative
negative_245.jpg,/kaggle/input/musait/basket/negative_245.jpg,0,,negative
negative_246.jpg,/kaggle/input/musait/basket/negative_246.jpg,1,"HOSPITAL BUILDING COLLAPSE

BREAKING NEWS
INDIA HOSPITAL CEILING COLLAPSES :
Officials: Ceiling of one floor has fallen in two-story building CIN =

",negative
negative_247.jpg,/kaggle/input/musait/basket/negative_247.jpg,1,"HOSPITAL BUILDING COLLAPSE

BREAKING NEWS
INDIA HOSPITAL CEILING COLLAPSES :
Officials: Ceiling of one floor has fallen in two-story building CIN =

",negative
negative_248.jpg,/kaggle/input/musait/basket/negative_248.jpg,1,"BUILDING COLLAPSE

HORROR IN
CENTRAL
DELHI

",negative
negative_249.jpg,/kaggle/input/musait/basket/negative_249.jpg,1,"BUILDING COLLAPSE

HORROR IN
CENTRAL
DELHI

",negative
negative_250.jpg,/kaggle/input/musait/basket/negative_250.jpg,1,"Police and villagers in allnight search for missing girl |

BODY FOUND IN WOOD

it schoolgirl lived! here lispcinitin
isolated spot

at Penllergaer

""s £516,000 scheme fo
seaside amenities

",negative
negative_251.jpg,/kaggle/input/musait/basket/negative_251.jpg,0,,negative
negative_252.jpg,/kaggle/input/musait/basket/negative_252.jpg,0,,negative
negative_253.jpg,/kaggle/input/musait/basket/negative_253.jpg,0,,negative
negative_254.jpg,/kaggle/input/musait/basket/negative_254.jpg,1,"ae
td

©, BAD
INTENTIONS
",negative
negative_255.jpg,/kaggle/input/musait/basket/negative_255.jpg,1,"ae
td

©, BAD
INTENTIONS
",negative
negative_256.jpg,/kaggle/input/musait/basket/negative_256.jpg,0,,negative
negative_257.jpg,/kaggle/input/musait/basket/negative_257.jpg,0,,negative
negative_258.jpg,/kaggle/input/musait/basket/negative_258.jpg,1,"Building Collapse

",negative
negative_259.jpg,/kaggle/input/musait/basket/negative_259.jpg,1,"Building Collapse

",negative
negative_260.jpg,/kaggle/input/musait/basket/negative_260.jpg,0,,negative
negative_261.jpg,/kaggle/input/musait/basket/negative_261.jpg,0,,negative
negative_262.jpg,/kaggle/input/musait/basket/negative_262.jpg,1,"GOVT: READY TO CREATE PANEL
|TO PROBE PEGASUS ROW. |

",negative
negative_263.jpg,/kaggle/input/musait/basket/negative_263.jpg,1,"GOVT: READY TO CREATE PANEL
|TO PROBE PEGASUS ROW. |

",negative
negative_264.jpg,/kaggle/input/musait/basket/negative_264.jpg,1,"INDIA
TODAY

RAJASTHAN

NEWS

CHILLING
MURDER
CAUGHT
ON CAM

",negative
negative_265.jpg,/kaggle/input/musait/basket/negative_265.jpg,1,"INDIA
TODAY

RAJASTHAN

NEWS

CHILLING
MURDER
CAUGHT
ON CAM

",negative
negative_266.jpg,/kaggle/input/musait/basket/negative_266.jpg,1,"K'TAKA MURDER CASE ry

ACCUSED KASHIF'S WIFE EXCLUSIVE

\ 4 > a
KASHIF ¥
/ ACCUSED 1
",negative
negative_267.jpg,/kaggle/input/musait/basket/negative_267.jpg,1,"K'TAKA MURDER CASE ry

ACCUSED KASHIF'S WIFE EXCLUSIVE

\ 4 > a
KASHIF ¥
/ ACCUSED 1
",negative
negative_268.jpg,/kaggle/input/musait/basket/negative_268.jpg,1,"THANE BUILDING |
COLLAPSE

10 DEAD,
Tl INJURED,
20 RESCUED

",negative
negative_269.jpg,/kaggle/input/musait/basket/negative_269.jpg,1,"THANE BUILDING |
COLLAPSE

10 DEAD,
Tl INJURED,
20 RESCUED

",negative
negative_270.jpg,/kaggle/input/musait/basket/negative_270.jpg,1,"HOUSE OF CARDS’
",negative
negative_271.jpg,/kaggle/input/musait/basket/negative_271.jpg,1,"HOUSE OF CARDS’
",negative
negative_272.jpg,/kaggle/input/musait/basket/negative_272.jpg,1,"MUMBAI BUILDING COLLAPSE
9 KILLED, OVER 20 INJURED
",negative
negative_273.jpg,/kaggle/input/musait/basket/negative_273.jpg,1,"MUMBAI BUILDING COLLAPSE
9 KILLED, OVER 20 INJURED
",negative
negative_274.jpg,/kaggle/input/musait/basket/negative_274.jpg,1,"Tl DEAD IN MUMBAI Fame
BUILDING COLLAPSE |SU) iV,
",negative
negative_275.jpg,/kaggle/input/musait/basket/negative_275.jpg,1,"Tl DEAD IN MUMBAI Fame
BUILDING COLLAPSE |SU) iV,
",negative
negative_276.jpg,/kaggle/input/musait/basket/negative_276.jpg,1,"bai ATTACKED & ASSAULTED

",negative
negative_277.jpg,/kaggle/input/musait/basket/negative_277.jpg,1,"bai ATTACKED & ASSAULTED

",negative
negative_278.jpeg,/kaggle/input/musait/basket/negative_278.jpeg,1,"- ARREST IN RANJITH

7%
SREENIVASAN'S MURDER
",negative
negative_279.jpeg,/kaggle/input/musait/basket/negative_279.jpeg,1,"- ARREST IN RANJITH

7%
SREENIVASAN'S MURDER
",negative
negative_280.jpg,/kaggle/input/musait/basket/negative_280.jpg,1,"INSTA POST
SPARKS
MASS MURDER IN |.
MADHYA PRADESH

nA
La
",negative
negative_281.jpg,/kaggle/input/musait/basket/negative_281.jpg,1,"INSTA POST
SPARKS
MASS MURDER IN |.
MADHYA PRADESH

nA
La
",negative
negative_282.jpg,/kaggle/input/musait/basket/negative_282.jpg,1,"SINGHU | MURD qe Rae

IDETAINED, IS URRENDERS

",negative
negative_283.jpg,/kaggle/input/musait/basket/negative_283.jpg,1,"SINGHU | MURD qe Rae

IDETAINED, IS URRENDERS

",negative
negative_284.jpg,/kaggle/input/musait/basket/negative_284.jpg,1,"idk ee EXPRESS

rewnds, Hyderabad, Bangaiore, Ah

New Delhi: Thurday, Jasin

",negative
negative_285.jpg,/kaggle/input/musait/basket/negative_285.jpg,1,"idk ee EXPRESS

rewnds, Hyderabad, Bangaiore, Ah

New Delhi: Thurday, Jasin

",negative
negative_286.jpeg,/kaggle/input/musait/basket/negative_286.jpeg,1,"LATEST NEWS

LATEST
UPDATES ON
BENGAL
TRAIN
TRAGEDY

",negative
negative_287.jpeg,/kaggle/input/musait/basket/negative_287.jpeg,1,"LATEST NEWS

LATEST
UPDATES ON
BENGAL
TRAIN
TRAGEDY

",negative
negative_288.jpeg,/kaggle/input/musait/basket/negative_288.jpeg,0,,negative
negative_289.jpeg,/kaggle/input/musait/basket/negative_289.jpeg,0,,negative
negative_290.jpeg,/kaggle/input/musait/basket/negative_290.jpeg,0,,negative
negative_291.jpeg,/kaggle/input/musait/basket/negative_291.jpeg,0,,negative
negative_292.jpeg,/kaggle/input/musait/basket/negative_292.jpeg,1,"= —
60 DEAD IN CITY RAIL DISASTER
3 Locals collide

‘ ply
ria

",negative
negative_293.jpeg,/kaggle/input/musait/basket/negative_293.jpeg,1,"= —
60 DEAD IN CITY RAIL DISASTER
3 Locals collide

‘ ply
ria

",negative
negative_294.jpg,/kaggle/input/musait/basket/negative_294.jpg,1,"BIKANER-
GUWAHATI
EXPRESS
DERAILS

INDIA
TODAY

LIVE

",negative
negative_295.jpg,/kaggle/input/musait/basket/negative_295.jpg,1,"BIKANER-
GUWAHATI
EXPRESS
DERAILS

INDIA
TODAY

LIVE

",negative
negative_296.jpg,/kaggle/input/musait/basket/negative_296.jpg,1,"BREAKING NEWS INDIA
TODAY

BENGAL TRAIN ACCIDENT

",negative
negative_297.jpg,/kaggle/input/musait/basket/negative_297.jpg,1,"BREAKING NEWS INDIA
TODAY

BENGAL TRAIN ACCIDENT

",negative
negative_298.jpg,/kaggle/input/musait/basket/negative_298.jpg,0,,negative
negative_299.jpg,/kaggle/input/musait/basket/negative_299.jpg,0,,negative
negative_300.jpg,/kaggle/input/musait/basket/negative_300.jpg,1,"findia.com
",negative
negative_301.jpg,/kaggle/input/musait/basket/negative_301.jpg,1,"findia.com
",negative
negative_302.jpeg,/kaggle/input/musait/basket/negative_302.jpeg,0,,negative
negative_303.jpeg,/kaggle/input/musait/basket/negative_303.jpeg,0,,negative
negative_304.jpeg,/kaggle/input/musait/basket/negative_304.jpeg,0,,negative
negative_305.jpeg,/kaggle/input/musait/basket/negative_305.jpeg,0,,negative
negative_306.jpeg,/kaggle/input/musait/basket/negative_306.jpeg,1,"Manitoba FER Free Press

EIGHTY-FOUR KILLED IN COLLAPSE OF BRIDGE

",negative
negative_307.jpeg,/kaggle/input/musait/basket/negative_307.jpeg,1,"Manitoba FER Free Press

EIGHTY-FOUR KILLED IN COLLAPSE OF BRIDGE

",negative
negative_308.jpg,/kaggle/input/musait/basket/negative_308.jpg,1,"sa flog Anafiiks Times
ATOMIC BOMB HITS JAPAN

Jet Plane Explosion Kills Maj. Bong

Sele tg Se [Death Ends
Over Na

et Flight
prood

",negative
negative_309.jpg,/kaggle/input/musait/basket/negative_309.jpg,1,"sa flog Anafiiks Times
ATOMIC BOMB HITS JAPAN

Jet Plane Explosion Kills Maj. Bong

Sele tg Se [Death Ends
Over Na

et Flight
prood

",negative
negative_310.jpg,/kaggle/input/musait/basket/negative_310.jpg,1,"peaches

Staging Collapses

4 MEN KILLED ON BRIGE

Five Men
y. Injured in
, 70-FootFall

280 Condominiums Urged = :
In Wentworth Hotel Area ===

",negative
negative_311.jpg,/kaggle/input/musait/basket/negative_311.jpg,1,"peaches

Staging Collapses

4 MEN KILLED ON BRIGE

Five Men
y. Injured in
, 70-FootFall

280 Condominiums Urged = :
In Wentworth Hotel Area ===

",negative
negative_312.jpg,/kaggle/input/musait/basket/negative_312.jpg,1,"ae 75 Killed As Team Plane Crashes
Expected Deaths Marshall
Mourned Players

On Board

Nicky Cruz Tells Crowd |.

Miracle Transformed Life | !NSIDE

News

By JUNE

STATE
",negative
negative_313.jpg,/kaggle/input/musait/basket/negative_313.jpg,1,"ae 75 Killed As Team Plane Crashes
Expected Deaths Marshall
Mourned Players

On Board

Nicky Cruz Tells Crowd |.

Miracle Transformed Life | !NSIDE

News

By JUNE

STATE
",negative
negative_314.jpeg,/kaggle/input/musait/basket/negative_314.jpeg,1,"7 KILLED, 74 HURT IN
SCHOOL AIR CRASH

",negative
negative_315.jpeg,/kaggle/input/musait/basket/negative_315.jpeg,1,"7 KILLED, 74 HURT IN
SCHOOL AIR CRASH

",negative
negative_316.jpeg,/kaggle/input/musait/basket/negative_316.jpeg,1,"SILVER BRIDGE TUMBLES,

TOLL, 7 DEAD, 41 MISSING

",negative
negative_317.jpeg,/kaggle/input/musait/basket/negative_317.jpeg,1,"SILVER BRIDGE TUMBLES,

TOLL, 7 DEAD, 41 MISSING

",negative
negative_318.jpeg,/kaggle/input/musait/basket/negative_318.jpeg,0,,negative
negative_319.jpeg,/kaggle/input/musait/basket/negative_319.jpeg,0,,negative
negative_320.jpeg,/kaggle/input/musait/basket/negative_320.jpeg,1,"Charleston Baily Mail

Bridge Disaster Toll May Reach 46;
Shocked Pt. Pleasant Seslaly Dead

",negative
negative_321.jpeg,/kaggle/input/musait/basket/negative_321.jpeg,1,"Charleston Baily Mail

Bridge Disaster Toll May Reach 46;
Shocked Pt. Pleasant Seslaly Dead

",negative
negative_322.jpeg,/kaggle/input/musait/basket/negative_322.jpeg,1,"She New ork Cimes. |

AS 2 AIRLINERS COLLIDE OVER |
ETS BROOKLYN FIRE, KILLING 5 OF
D PLANE CRASHES ON STATEN I

",negative
negative_323.jpeg,/kaggle/input/musait/basket/negative_323.jpeg,1,"She New ork Cimes. |

AS 2 AIRLINERS COLLIDE OVER |
ETS BROOKLYN FIRE, KILLING 5 OF
D PLANE CRASHES ON STATEN I

",negative
negative_324.jpeg,/kaggle/input/musait/basket/negative_324.jpeg,1,"SC notice u suiedes
cides _

",negative
negative_325.jpeg,/kaggle/input/musait/basket/negative_325.jpeg,1,"SC notice u suiedes
cides _

",negative
negative_326.jpeg,/kaggle/input/musait/basket/negative_326.jpeg,1,"M24 New York Mirror [i
Marilyn
Monroe
Kills Self

peo Nude in Bed...Hand

",negative
negative_327.jpeg,/kaggle/input/musait/basket/negative_327.jpeg,1,"M24 New York Mirror [i
Marilyn
Monroe
Kills Self

peo Nude in Bed...Hand

",negative
negative_328.jpeg,/kaggle/input/musait/basket/negative_328.jpeg,1,"Nuclear plant accident
“reported in Soviet Union

‘Signs indicate partial core meltdown

",negative
negative_329.jpeg,/kaggle/input/musait/basket/negative_329.jpeg,1,"Nuclear plant accident
“reported in Soviet Union

‘Signs indicate partial core meltdown

",negative
negative_330.jpeg,/kaggle/input/musait/basket/negative_330.jpeg,1,"Kills

Car Collision

",negative
negative_331.jpeg,/kaggle/input/musait/basket/negative_331.jpeg,1,"Kills

Car Collision

",negative
negative_332.jpg,/kaggle/input/musait/basket/negative_332.jpg,1,"ieee ) star’s plane
A crash tage

",negative
negative_333.jpg,/kaggle/input/musait/basket/negative_333.jpg,1,"ieee ) star’s plane
A crash tage

",negative
negative_334.jpg,/kaggle/input/musait/basket/negative_334.jpg,1,"THREE DEATHS A DAY Agacutre
experts say reasons may be crop failure due
foscanty rainfall, droughts or haisioms corms eonnmees scetatee state

Suez 1570, Se
‘noone of the farmers

(min BET ore
of wheat) hes wereases
jest 1 times, wile the
ane of he government
enplinges has moreases
‘We Bl tes

SESRDER ASIN aprcutrs

ee

wort 2s iabromrars or ine oa
foal iemters we Varo
prosenriee them fir separ =r.

The jeor suamsner. =U
for nerean tecacte saxt

safc ionpruioriemedag

sumption and sell what is lef.
buw.over the pas Gecates the Ev
raamarigrted amd
3 Seficiene ox fale
ss rma So's

ites tar thecurretation ‘
shetwn isnt simpieand invabves

“Whes a farmer grows cash
ich cropand ifthe crop falis be
gets trapped in vicious cycle of

: id “Sa the Samer is
forced take the extreme step”

cost shee wae waste

",negative
negative_335.jpg,/kaggle/input/musait/basket/negative_335.jpg,1,"THREE DEATHS A DAY Agacutre
experts say reasons may be crop failure due
foscanty rainfall, droughts or haisioms corms eonnmees scetatee state

Suez 1570, Se
‘noone of the farmers

(min BET ore
of wheat) hes wereases
jest 1 times, wile the
ane of he government
enplinges has moreases
‘We Bl tes

SESRDER ASIN aprcutrs

ee

wort 2s iabromrars or ine oa
foal iemters we Varo
prosenriee them fir separ =r.

The jeor suamsner. =U
for nerean tecacte saxt

safc ionpruioriemedag

sumption and sell what is lef.
buw.over the pas Gecates the Ev
raamarigrted amd
3 Seficiene ox fale
ss rma So's

ites tar thecurretation ‘
shetwn isnt simpieand invabves

“Whes a farmer grows cash
ich cropand ifthe crop falis be
gets trapped in vicious cycle of

: id “Sa the Samer is
forced take the extreme step”

cost shee wae waste

",negative
negative_336.jpeg,/kaggle/input/musait/basket/negative_336.jpeg,0,,negative
negative_337.jpeg,/kaggle/input/musait/basket/negative_337.jpeg,0,,negative
negative_338.jpeg,/kaggle/input/musait/basket/negative_338.jpeg,1,"18-yr-old
kills self

Child
» takes

",negative
negative_339.jpeg,/kaggle/input/musait/basket/negative_339.jpeg,1,"18-yr-old
kills self

Child
» takes

",negative
negative_340.jpeg,/kaggle/input/musait/basket/negative_340.jpeg,0,,negative
negative_341.jpeg,/kaggle/input/musait/basket/negative_341.jpeg,0,,negative
negative_342.jpeg,/kaggle/input/musait/basket/negative_342.jpeg,1,"‘Girl, 14, Suicide

",negative
negative_343.jpeg,/kaggle/input/musait/basket/negative_343.jpeg,1,"‘Girl, 14, Suicide

",negative
negative_344.jpeg,/kaggle/input/musait/basket/negative_344.jpeg,1,"Heart Breaking News

‘Sushant Singh Rajput Commits
Sucide, RIP &@

",negative
negative_345.jpeg,/kaggle/input/musait/basket/negative_345.jpeg,1,"Heart Breaking News

‘Sushant Singh Rajput Commits
Sucide, RIP &@

",negative
negative_346.jpeg,/kaggle/input/musait/basket/negative_346.jpeg,1,"ANOTHER GIRL
HANGS HERSELF
IN DEATH TOWN

Internet cult linked to §
14th cide in a year 4

",negative
negative_347.jpeg,/kaggle/input/musait/basket/negative_347.jpeg,1,"ANOTHER GIRL
HANGS HERSELF
IN DEATH TOWN

Internet cult linked to §
14th cide in a year 4

",negative
negative_348.jpg,/kaggle/input/musait/basket/negative_348.jpg,1,"THE

SCOTLAND

WEDNESDAY JANUARY 27 21 | THETIMESCO.UK | NO 7339)

Printed in Scotland
£2.20 £110 to subscribers

100,000 deaths

@UK is first in Europe to lose so many to Covid @ Johnson ‘deeply sorry’ @ 30,000 more fatalities predicted within month

iat lay Heath Eater
Michael Keith, Sam Jolner, Tom Calver

Boris Johnson apologised to. the
hatonlagighanbetanbecme the
ist European country to offal
feach the sombre milestone of more
than 100000 coronavirus deaths.

“Theprime ministersadthathetook

Bran India and Mexico, Experts said
thoasinds more deaths were inet
bleswithone estimate of 32000 within
‘2 month, Separate data from Johns
HHopkinsUniverstyshowedthat there
trad been more than 100 million exes
Fecorded around the world

MirJohnson sai Tamdceply sorry
for every he that hasbeen low an of
‘course as prime minster {take fall
fesponsibty for everything thatthe
fovernment has done. We ‘ely di
Everything we could and contin to
‘docierythingthat wecantominimise
lows of ie a suffering in what has
been a very very diet stage and a
‘er, very dificil crisis for our coun”
Tepand we wil contin too that

nether developments
Techie exccutve of Astrazeneca
‘Sid Brain would reach 30 malon
‘accinations by the end of March nd
‘ecused EU counties of beng ""m0
tional about days

‘ould becomea “muchmore treatable
“sense overthenestsixto ISmonths.
@ Parents were promised an updatein
daysabout the prospect of children re:
tumingtoschool but Mrdohnsonsaid
asses would reopen “eautiously""

“There were 7706 deaths registered
inthe week ending January 15 withthe

ius mentioned on the death certifi
‘ate, bringing the total in Britain to
103602. In Scotland the deaths of 87,
people who had tested postive in the
Past 28 days were regiered, taking
thetollt95796.John Swinney. deputy
fist minister, called the igure heart
Dreaking” as he announced it tothe
Scottish patiament.

“The UR government usesa separate
measure of deaths that have occurred
Within 28.days ofa postivetest, which
also passed 100000 yesterday. Aer
1631 hew deaths were recorded.
Stood ‘at 100162. Death certificates

Victims ofthe pandemic Top row. fom left Fayez Ayache, 76 the Right Rev Vincent Logan. 79: Manjee iyat, 52: Lelia
Daye. 47: Khulsan Wal, 46. Second rove Gladys Lews 7 Peter Gough, 56: Bally Mujinga 47 Geralt Daves, Margaret
Tapley, 84. Third row: Nasir Khan, 46; Dominga Davi, 62: Ray Lever, 62; Jule Penfold, 3; Anna Lisa Sayson, age unknown,

Fourth ow Karen Hutton, 56; Kevin Smith age unknown Eyilolam Olaolorun 60; Amged EF Hawa 5; shabnum Sada, 39

made a diagnosis based on clinical
Symptoms even inthe absence of a
postive test. Mr Johnson said it was
hand to compute the sorow” in the
death to and promised his govern
‘ment would ear the lessons:

Si Ket Starr, the Labour iene
sai that it was a “national traged
tnth the igure iwiceas mana ied
inthe Bitzland}theequivalentof the

that-ministers were too slow in re
sponse, such as imposing lockdown,
providing protective equipment ad
testing, ""Theres a strong sense that
‘Our government has been behind the
he said.
Professor: Whitty said. that
death numbers would fll “relatively
Slowly over the next few weeks""
‘adam. Kucharski. of the London

likely within the next month “om
feetions that have already happened
“The vast majontyof the cin
have heen olde people, with 90 pet
Centofthosewhodiedaged5ormore
and percent aged atleast. People
irom back Asan and other ani
Imineity groups have diel in dspro:
Portonately high numbers
renown atest pages 612

Scottish travel
rules may be
tougher than
rest of the UK

‘Kieran Andrews Scottish Poltical Editor
Steven Swinford Deputy Plttcal itor

ngland ater Boris Johnson
rejected callsby PitiPatelforthetem:
porary closure of Britains borders.

""The UK government will announce
today a” himited hotel quarantine
system for arrivals from high-risk
‘countries in a move that is likely t0
frastrateministersat Holyrood fornot
going far enough.

""ohn Swinney the deputy frst min-
ister, said yesterday that the Scottish
‘government baieved a comprehen
sive system of supervised quarantine
was required.

The Times has been told that Ms
Patel thehomesecretary, pushed fora
‘travel ban to stop potentially vaccine-
resistant strains of coronavirus from
Deing imported into the UK. She sug:
gested the move {0 give the govern
ment time to prepare a blanket hotel
‘Quarantine system forall arial

However, Me Johnson rected the
call ands expected to restrict the re-
{quirement for hotel quarantine to
Britons returning fom 30 high-risk
‘countries that are covered by a travel
ban’ for foreigners These’ include
South America, Portugal and Cape
Verde after the discovery of two new
‘coronavirus variants in Braal. I also
Inchides South Attica and neighbour.
ing countries where another variant
cemerged. Non-UK residents from
these countries are already barred
from entering Brita

“Althoughborder contrlis reserved.
to. Westminster, public health “i
devolved to Holyrood, meaning
Scottih ministers have control over
‘Quarantine measures,

‘Mr Swinney told MSPs that any
changes “will work best on a four
halion bass"" but signalled that Seot
tish ministers were willing to bringin
tougher restrictions. He said: ""The
‘Cntnued on page 2, col3

ature more cases because they in- population of towns sch as Bath or  Schoolof Hygiene and'Tropicl Medi- etched espense demands scrutiny,
‘ude those in which doctors have Stevenage or Hastings: He argued cine, said 3,000 more deaths were leading arte, poge 27

IN THE NEWS

*

EUcash wanted —_| Tesco boss payout | Girls’ health warning | Trump summoned _| Frimpong ‘letdown’
University pringpals have | A Tesco supermarket ‘Themental heath of gids | Donald Trump willbe issued | Nei Lennon says he fees
lurged ministers totake | managerwho wassacked | declines sharply at Sand | withasummonsforhis | betrayed by Jeremie
money thatpaidfor EU | aftertackling ashoptiter in| worsens through Secondimpeachment tril, | Primpong the Dutch right

Students fee tuition and | an “intensely scary
fully fund Seottish higher | confrontation has won a

by heavy social media use,

education. Page ££40,000 payout Page 5 study his suggested. Page 25. | the process. Pages 28-29

alolescence, caused in part | although Republicans have | back who is onthe brink of a
challenged the legtimacy of | move tothe German giants

Bayer Leverkusen. Page 66

98055 |

olrrieee
",negative
negative_349.jpg,/kaggle/input/musait/basket/negative_349.jpg,1,"THE

SCOTLAND

WEDNESDAY JANUARY 27 21 | THETIMESCO.UK | NO 7339)

Printed in Scotland
£2.20 £110 to subscribers

100,000 deaths

@UK is first in Europe to lose so many to Covid @ Johnson ‘deeply sorry’ @ 30,000 more fatalities predicted within month

iat lay Heath Eater
Michael Keith, Sam Jolner, Tom Calver

Boris Johnson apologised to. the
hatonlagighanbetanbecme the
ist European country to offal
feach the sombre milestone of more
than 100000 coronavirus deaths.

“Theprime ministersadthathetook

Bran India and Mexico, Experts said
thoasinds more deaths were inet
bleswithone estimate of 32000 within
‘2 month, Separate data from Johns
HHopkinsUniverstyshowedthat there
trad been more than 100 million exes
Fecorded around the world

MirJohnson sai Tamdceply sorry
for every he that hasbeen low an of
‘course as prime minster {take fall
fesponsibty for everything thatthe
fovernment has done. We ‘ely di
Everything we could and contin to
‘docierythingthat wecantominimise
lows of ie a suffering in what has
been a very very diet stage and a
‘er, very dificil crisis for our coun”
Tepand we wil contin too that

nether developments
Techie exccutve of Astrazeneca
‘Sid Brain would reach 30 malon
‘accinations by the end of March nd
‘ecused EU counties of beng ""m0
tional about days

‘ould becomea “muchmore treatable
“sense overthenestsixto ISmonths.
@ Parents were promised an updatein
daysabout the prospect of children re:
tumingtoschool but Mrdohnsonsaid
asses would reopen “eautiously""

“There were 7706 deaths registered
inthe week ending January 15 withthe

ius mentioned on the death certifi
‘ate, bringing the total in Britain to
103602. In Scotland the deaths of 87,
people who had tested postive in the
Past 28 days were regiered, taking
thetollt95796.John Swinney. deputy
fist minister, called the igure heart
Dreaking” as he announced it tothe
Scottish patiament.

“The UR government usesa separate
measure of deaths that have occurred
Within 28.days ofa postivetest, which
also passed 100000 yesterday. Aer
1631 hew deaths were recorded.
Stood ‘at 100162. Death certificates

Victims ofthe pandemic Top row. fom left Fayez Ayache, 76 the Right Rev Vincent Logan. 79: Manjee iyat, 52: Lelia
Daye. 47: Khulsan Wal, 46. Second rove Gladys Lews 7 Peter Gough, 56: Bally Mujinga 47 Geralt Daves, Margaret
Tapley, 84. Third row: Nasir Khan, 46; Dominga Davi, 62: Ray Lever, 62; Jule Penfold, 3; Anna Lisa Sayson, age unknown,

Fourth ow Karen Hutton, 56; Kevin Smith age unknown Eyilolam Olaolorun 60; Amged EF Hawa 5; shabnum Sada, 39

made a diagnosis based on clinical
Symptoms even inthe absence of a
postive test. Mr Johnson said it was
hand to compute the sorow” in the
death to and promised his govern
‘ment would ear the lessons:

Si Ket Starr, the Labour iene
sai that it was a “national traged
tnth the igure iwiceas mana ied
inthe Bitzland}theequivalentof the

that-ministers were too slow in re
sponse, such as imposing lockdown,
providing protective equipment ad
testing, ""Theres a strong sense that
‘Our government has been behind the
he said.
Professor: Whitty said. that
death numbers would fll “relatively
Slowly over the next few weeks""
‘adam. Kucharski. of the London

likely within the next month “om
feetions that have already happened
“The vast majontyof the cin
have heen olde people, with 90 pet
Centofthosewhodiedaged5ormore
and percent aged atleast. People
irom back Asan and other ani
Imineity groups have diel in dspro:
Portonately high numbers
renown atest pages 612

Scottish travel
rules may be
tougher than
rest of the UK

‘Kieran Andrews Scottish Poltical Editor
Steven Swinford Deputy Plttcal itor

ngland ater Boris Johnson
rejected callsby PitiPatelforthetem:
porary closure of Britains borders.

""The UK government will announce
today a” himited hotel quarantine
system for arrivals from high-risk
‘countries in a move that is likely t0
frastrateministersat Holyrood fornot
going far enough.

""ohn Swinney the deputy frst min-
ister, said yesterday that the Scottish
‘government baieved a comprehen
sive system of supervised quarantine
was required.

The Times has been told that Ms
Patel thehomesecretary, pushed fora
‘travel ban to stop potentially vaccine-
resistant strains of coronavirus from
Deing imported into the UK. She sug:
gested the move {0 give the govern
ment time to prepare a blanket hotel
‘Quarantine system forall arial

However, Me Johnson rected the
call ands expected to restrict the re-
{quirement for hotel quarantine to
Britons returning fom 30 high-risk
‘countries that are covered by a travel
ban’ for foreigners These’ include
South America, Portugal and Cape
Verde after the discovery of two new
‘coronavirus variants in Braal. I also
Inchides South Attica and neighbour.
ing countries where another variant
cemerged. Non-UK residents from
these countries are already barred
from entering Brita

“Althoughborder contrlis reserved.
to. Westminster, public health “i
devolved to Holyrood, meaning
Scottih ministers have control over
‘Quarantine measures,

‘Mr Swinney told MSPs that any
changes “will work best on a four
halion bass"" but signalled that Seot
tish ministers were willing to bringin
tougher restrictions. He said: ""The
‘Cntnued on page 2, col3

ature more cases because they in- population of towns sch as Bath or  Schoolof Hygiene and'Tropicl Medi- etched espense demands scrutiny,
‘ude those in which doctors have Stevenage or Hastings: He argued cine, said 3,000 more deaths were leading arte, poge 27

IN THE NEWS

*

EUcash wanted —_| Tesco boss payout | Girls’ health warning | Trump summoned _| Frimpong ‘letdown’
University pringpals have | A Tesco supermarket ‘Themental heath of gids | Donald Trump willbe issued | Nei Lennon says he fees
lurged ministers totake | managerwho wassacked | declines sharply at Sand | withasummonsforhis | betrayed by Jeremie
money thatpaidfor EU | aftertackling ashoptiter in| worsens through Secondimpeachment tril, | Primpong the Dutch right

Students fee tuition and | an “intensely scary
fully fund Seottish higher | confrontation has won a

by heavy social media use,

education. Page ££40,000 payout Page 5 study his suggested. Page 25. | the process. Pages 28-29

alolescence, caused in part | although Republicans have | back who is onthe brink of a
challenged the legtimacy of | move tothe German giants

Bayer Leverkusen. Page 66

98055 |

olrrieee
",negative
negative_350.jpg,/kaggle/input/musait/basket/negative_350.jpg,1,"HOW COVID-19 HAS
AFFECTED INDIA

Union Tertitory

Union Toritory of eftadakn
Jammu and Kashmir 8 sniob
20 ia
40
Beni J Uttar Pradesh
& Haryana 10
m0 my a1
Rajasthan,
a1
42
Mahrashtre
ai
0 Telangana
Karnataka Zo
a4
oe Tamil Nadu
kerala | a
“17 So

20 at 11:00 AM
",negative
negative_351.jpg,/kaggle/input/musait/basket/negative_351.jpg,1,"HOW COVID-19 HAS
AFFECTED INDIA

Union Tertitory

Union Toritory of eftadakn
Jammu and Kashmir 8 sniob
20 ia
40
Beni J Uttar Pradesh
& Haryana 10
m0 my a1
Rajasthan,
a1
42
Mahrashtre
ai
0 Telangana
Karnataka Zo
a4
oe Tamil Nadu
kerala | a
“17 So

20 at 11:00 AM
",negative
negative_352.jpeg,/kaggle/input/musait/basket/negative_352.jpeg,1,"CORONA
BREAKING

FIRST DEATH
DUE TO JAB

",negative
negative_353.jpeg,/kaggle/input/musait/basket/negative_353.jpeg,1,"CORONA
BREAKING

FIRST DEATH
DUE TO JAB

",negative
negative_354.jpeg,/kaggle/input/musait/basket/negative_354.jpeg,1,"| COVID disaster in India
",negative
negative_355.jpeg,/kaggle/input/musait/basket/negative_355.jpeg,1,"| COVID disaster in India
",negative
negative_356.jpeg,/kaggle/input/musait/basket/negative_356.jpeg,0,,negative
negative_357.jpeg,/kaggle/input/musait/basket/negative_357.jpeg,0,,negative
negative_358.jpeg,/kaggle/input/musait/basket/negative_358.jpeg,0,,negative
negative_359.jpeg,/kaggle/input/musait/basket/negative_359.jpeg,0,,negative
negative_360.jpeg,/kaggle/input/musait/basket/negative_360.jpeg,1,"GF CORONAVIRUS DEATH im
TOLL RISES TO 422 se-0M
",negative
negative_361.jpeg,/kaggle/input/musait/basket/negative_361.jpeg,1,"GF CORONAVIRUS DEATH im
TOLL RISES TO 422 se-0M
",negative
negative_362.jpeg,/kaggle/input/musait/basket/negative_362.jpeg,1,"ERALA; DEATH couNT
(CROSSES 30,000.

KERALA BIGGEST CONTRIBUTOR TO
INDIAS COVID MORTALITY
",negative
negative_363.jpeg,/kaggle/input/musait/basket/negative_363.jpeg,1,"ERALA; DEATH couNT
(CROSSES 30,000.

KERALA BIGGEST CONTRIBUTOR TO
INDIAS COVID MORTALITY
",negative
negative_364.jpg,/kaggle/input/musait/basket/negative_364.jpg,1,"WORLD'S NEWS

When will GLOB AL PANDEMIC ALARM! {Coronavirus Cases
‘en

@ coronavirus
Saccine be ready? CO ID- 1 9 =a
==
=

",negative
negative_365.jpg,/kaggle/input/musait/basket/negative_365.jpg,1,"WORLD'S NEWS

When will GLOB AL PANDEMIC ALARM! {Coronavirus Cases
‘en

@ coronavirus
Saccine be ready? CO ID- 1 9 =a
==
=

",negative
negative_366.jpg,/kaggle/input/musait/basket/negative_366.jpg,1,"Fighting for life

Near neighbours injured in
separate head- -on crashes

",negative
negative_367.jpg,/kaggle/input/musait/basket/negative_367.jpg,1,"Fighting for life

Near neighbours injured in
separate head- -on crashes

",negative
negative_368.jpg,/kaggle/input/musait/basket/negative_368.jpg,1,"idk ee EXPRESS

rewnds, Hyderabad, Bangaiore, Ah

New Delhi: Thurday, Jasin

",negative
negative_369.jpg,/kaggle/input/musait/basket/negative_369.jpg,1,"idk ee EXPRESS

rewnds, Hyderabad, Bangaiore, Ah

New Delhi: Thurday, Jasin

",negative
negative_370.jpg,/kaggle/input/musait/basket/negative_370.jpg,1,"38° FRIDAY, “iANUARY ¥o, 1881 '

Seven injured as
cars crash

TEN people escaped se-
rious injury when two
cars collided on a hump-

back bridge late on Sat- Jeavons, of Waterside,

urday night.

Peartree Bridge, and a Volvo,
driven by Maureen Benwell,

But seven of them had to ¢ Welland Close, Newport

go to hospital.

gnell, crashed on the canal

A Datsun, driven by Della: bade, Great Linford.

Ramblers meet tough going

MILTOs Keynes

The ramble assed
Gayhurst House, Tathall End
Eakley Lanes before a

welcome break at the
Wheatsheaf, Ravenstone.

When heavy rain fell dur-
ing lunch some mem!

to take a short cut to

‘cars, but the main group

followed the planned route to

Alcove

Seat ac Walton Sion at
10 am for a short walk by the
canal and river.

Della Jeavons, 19, Mark
Golding, 18, of Penryn Ave-
nue, Fishermead, Glyn
Jeavont, 18; of Waters,

charged at Northampton
General Hospital.
Caroline Tricks, 17, of
Pipard, Great Linford, ‘was
Tope is howptal for say with

head i

J. Hanland, 17, of the
Chequers, Castlethorpe,
Difan Jearons 1 cee

Peartree and
Mark Ward 17, of Cranes
Place, Conniburrow, were
treated by Bucks ambulan-
cemen at the scene of the
crash.

",negative
negative_371.jpg,/kaggle/input/musait/basket/negative_371.jpg,1,"38° FRIDAY, “iANUARY ¥o, 1881 '

Seven injured as
cars crash

TEN people escaped se-
rious injury when two
cars collided on a hump-

back bridge late on Sat- Jeavons, of Waterside,

urday night.

Peartree Bridge, and a Volvo,
driven by Maureen Benwell,

But seven of them had to ¢ Welland Close, Newport

go to hospital.

gnell, crashed on the canal

A Datsun, driven by Della: bade, Great Linford.

Ramblers meet tough going

MILTOs Keynes

The ramble assed
Gayhurst House, Tathall End
Eakley Lanes before a

welcome break at the
Wheatsheaf, Ravenstone.

When heavy rain fell dur-
ing lunch some mem!

to take a short cut to

‘cars, but the main group

followed the planned route to

Alcove

Seat ac Walton Sion at
10 am for a short walk by the
canal and river.

Della Jeavons, 19, Mark
Golding, 18, of Penryn Ave-
nue, Fishermead, Glyn
Jeavont, 18; of Waters,

charged at Northampton
General Hospital.
Caroline Tricks, 17, of
Pipard, Great Linford, ‘was
Tope is howptal for say with

head i

J. Hanland, 17, of the
Chequers, Castlethorpe,
Difan Jearons 1 cee

Peartree and
Mark Ward 17, of Cranes
Place, Conniburrow, were
treated by Bucks ambulan-
cemen at the scene of the
crash.

",negative
negative_372.jpeg,/kaggle/input/musait/basket/negative_372.jpeg,1,"Accit mt claims livesoffive
doctor

",negative
negative_373.jpeg,/kaggle/input/musait/basket/negative_373.jpeg,1,"Accit mt claims livesoffive
doctor

",negative
negative_374.jpeg,/kaggle/input/musait/basket/negative_374.jpeg,1,"THE SALISBURY TIMES

GERMANY INV ADES POLAND

Britain Will Fight, Chamberlain Says
aly I Nae
Fe has

",negative
negative_375.jpeg,/kaggle/input/musait/basket/negative_375.jpeg,1,"THE SALISBURY TIMES

GERMANY INV ADES POLAND

Britain Will Fight, Chamberlain Says
aly I Nae
Fe has

",negative
negative_376.jpeg,/kaggle/input/musait/basket/negative_376.jpeg,0,,negative
negative_377.jpeg,/kaggle/input/musait/basket/negative_377.jpeg,0,,negative
negative_378.jpg,/kaggle/input/musait/basket/negative_378.jpg,1,"IN THE ASSEMBLY ——___

Jadeja: 14,702 suicide cases
registered i in last two years

EXPRESS NEWSSER SERVICE
AHMEDABAD, MARCH 2

DATAON crime tabled by the state
Home ministry in the Assembly
Monday in response to questions
raised by Congress MLAs stated
that a total of 14,702 cases of sui-
cide were registered in Gujarat in
the last two years, suggesting that
on an average nearly 20 persons
took their lives every day.
Congress leader Paresh
Dhanani tried to corner the gov-
ernment alleging that it was
clubbing suicides under ‘unnat-
ural deaths’ in order to show
“control” in the number of sui-
cide cases, and sought details on
whether those who committed
suicide were farmers. Of the
88,081 unnatural death cases
registered in last two years,
14,702 were suicide cases.

GUJARAT
ASSEMBLY

Home minister Pradeepsinh
Jadeja said that Dhanani’s ques-
tion had a ‘tajkiya badboo’ (po-
litical intent) and informed the
House that “if agriculture is
mentioned as the profession in
the FIR registered in cases of sui-
cides, it is not correct to consider
these happened because of agri-
culture related issues. A package
of Rs 3,795 crore has been de-
clared by the state government
for the farmers”.

Jadeja also said that suicide
due to crop failure was negligible
in the state. Giving reasons for

these unnatural deaths, Jadeja
told the House during question
hour on Monday that there are
several reasons, including exam
result-related stress, financial
problems, illness or mental illness,
marriage or family-related issues,
that can drivea person to take the
extreme step.

Responding toa written ques-
tion raised by Kalabhai Dabhi,
Congress MLA from Kapadvanj
constituency in Kheda district
pertaining to suicide cases
recorded in Kheda and Anand,
Jadeja said that not a single case
of agrarian distress or unemploy-
ment-related suicide have been
recorded in these two districts.

“There is not a single case in
Kheda and Anand districts
where a person committed sui-
cide due to agriculture related is-
sues or unemployment.”

The highest number of sui-

cide cases in 2018 and 2019 have
been recorded in Surat (2,153)
followed by Ahmedabad (1,941)
and Rajkot (1,651), as per data
tabled in the House.

Stating that Gujarat is a pros-
perous state which tops the coun-
try in terms of employment,
Jadeja also said that there is nota
single case of suicide due to un-
employment reported.

Further, the data reveals that
2,034 murder cases were
recorded in the last two years in
Gujarat which means onan aver-
age 2-3 cases were reported
everyday. Besides, 2,720 rape
cases were also reported during

lowed by Surat (277), Vadodara
(215) and Bhavnagar (203).
",negative
negative_379.jpg,/kaggle/input/musait/basket/negative_379.jpg,1,"IN THE ASSEMBLY ——___

Jadeja: 14,702 suicide cases
registered i in last two years

EXPRESS NEWSSER SERVICE
AHMEDABAD, MARCH 2

DATAON crime tabled by the state
Home ministry in the Assembly
Monday in response to questions
raised by Congress MLAs stated
that a total of 14,702 cases of sui-
cide were registered in Gujarat in
the last two years, suggesting that
on an average nearly 20 persons
took their lives every day.
Congress leader Paresh
Dhanani tried to corner the gov-
ernment alleging that it was
clubbing suicides under ‘unnat-
ural deaths’ in order to show
“control” in the number of sui-
cide cases, and sought details on
whether those who committed
suicide were farmers. Of the
88,081 unnatural death cases
registered in last two years,
14,702 were suicide cases.

GUJARAT
ASSEMBLY

Home minister Pradeepsinh
Jadeja said that Dhanani’s ques-
tion had a ‘tajkiya badboo’ (po-
litical intent) and informed the
House that “if agriculture is
mentioned as the profession in
the FIR registered in cases of sui-
cides, it is not correct to consider
these happened because of agri-
culture related issues. A package
of Rs 3,795 crore has been de-
clared by the state government
for the farmers”.

Jadeja also said that suicide
due to crop failure was negligible
in the state. Giving reasons for

these unnatural deaths, Jadeja
told the House during question
hour on Monday that there are
several reasons, including exam
result-related stress, financial
problems, illness or mental illness,
marriage or family-related issues,
that can drivea person to take the
extreme step.

Responding toa written ques-
tion raised by Kalabhai Dabhi,
Congress MLA from Kapadvanj
constituency in Kheda district
pertaining to suicide cases
recorded in Kheda and Anand,
Jadeja said that not a single case
of agrarian distress or unemploy-
ment-related suicide have been
recorded in these two districts.

“There is not a single case in
Kheda and Anand districts
where a person committed sui-
cide due to agriculture related is-
sues or unemployment.”

The highest number of sui-

cide cases in 2018 and 2019 have
been recorded in Surat (2,153)
followed by Ahmedabad (1,941)
and Rajkot (1,651), as per data
tabled in the House.

Stating that Gujarat is a pros-
perous state which tops the coun-
try in terms of employment,
Jadeja also said that there is nota
single case of suicide due to un-
employment reported.

Further, the data reveals that
2,034 murder cases were
recorded in the last two years in
Gujarat which means onan aver-
age 2-3 cases were reported
everyday. Besides, 2,720 rape
cases were also reported during

lowed by Surat (277), Vadodara
(215) and Bhavnagar (203).
",negative
negative_380.jpg,/kaggle/input/musait/basket/negative_380.jpg,1,"CAUSE 7,636
OF SUICIDE proemorom
El SHOCKING NUMBERS FROM INDIA F
ra 220: ORE INDIANS DED OF SUICIDE THAN WUMAN VIRUS

",negative
negative_381.jpg,/kaggle/input/musait/basket/negative_381.jpg,1,"CAUSE 7,636
OF SUICIDE proemorom
El SHOCKING NUMBERS FROM INDIA F
ra 220: ORE INDIANS DED OF SUICIDE THAN WUMAN VIRUS

",negative
negative_382.jpeg,/kaggle/input/musait/basket/negative_382.jpeg,1,"M24 New York Mirror [i
Marilyn
Monroe
Kills Self

peo Nude in Bed...Hand

",negative
negative_383.jpeg,/kaggle/input/musait/basket/negative_383.jpeg,1,"M24 New York Mirror [i
Marilyn
Monroe
Kills Self

peo Nude in Bed...Hand

",negative
negative_384.jpeg,/kaggle/input/musait/basket/negative_384.jpeg,1,"30 killed as bus falls off bridge

",negative
negative_385.jpeg,/kaggle/input/musait/basket/negative_385.jpeg,1,"30 killed as bus falls off bridge

",negative
negative_386.jpeg,/kaggle/input/musait/basket/negative_386.jpeg,1,"GoGNews =
",negative
negative_387.jpeg,/kaggle/input/musait/basket/negative_387.jpeg,1,"GoGNews =
",negative
negative_388.jpeg,/kaggle/input/musait/basket/negative_388.jpeg,1,"ca

CYCLONE
YAAS
LANDFALL

EXPECTED
BETWEEEN

",negative
negative_389.jpeg,/kaggle/input/musait/basket/negative_389.jpeg,1,"ca

CYCLONE
YAAS
LANDFALL

EXPECTED
BETWEEEN

",negative
negative_390.jpeg,/kaggle/input/musait/basket/negative_390.jpeg,1,",
4 fe
Cyclone Tauktae

makes landfall in Gujarat

",negative
negative_391.jpeg,/kaggle/input/musait/basket/negative_391.jpeg,1,",
4 fe
Cyclone Tauktae

makes landfall in Gujarat

",negative
negative_392.jpeg,/kaggle/input/musait/basket/negative_392.jpeg,1,"€ as:
""Vayu"" To Make
Landfall In Gujarat
a
",negative
negative_393.jpeg,/kaggle/input/musait/basket/negative_393.jpeg,1,"€ as:
""Vayu"" To Make
Landfall In Gujarat
a
",negative
negative_394.jpeg,/kaggle/input/musait/basket/negative_394.jpeg,1,"—

A strong earthquake of magnitude
7 hos hit Turkey and Greece
",negative
negative_395.jpeg,/kaggle/input/musait/basket/negative_395.jpeg,1,"—

A strong earthquake of magnitude
7 hos hit Turkey and Greece
",negative
negative_396.jpeg,/kaggle/input/musait/basket/negative_396.jpeg,0,,negative
negative_397.jpeg,/kaggle/input/musait/basket/negative_397.jpeg,0,,negative
negative_398.jpeg,/kaggle/input/musait/basket/negative_398.jpeg,0,,negative
negative_399.jpeg,/kaggle/input/musait/basket/negative_399.jpeg,0,,negative
negative_400.jpeg,/kaggle/input/musait/basket/negative_400.jpeg,0,,negative
negative_401.jpeg,/kaggle/input/musait/basket/negative_401.jpeg,0,,negative
negative_402.jpeg,/kaggle/input/musait/basket/negative_402.jpeg,1,"-% a ;, ses
YY pa
ina auake toll tops 1,7
top 15K ~ ahhe Vi

DISASTER } 3
Shute oa

",negative
negative_403.jpeg,/kaggle/input/musait/basket/negative_403.jpeg,1,"-% a ;, ses
YY pa
ina auake toll tops 1,7
top 15K ~ ahhe Vi

DISASTER } 3
Shute oa

",negative
negative_404.jpeg,/kaggle/input/musait/basket/negative_404.jpeg,1,"DISASTER

BREAKING Jews
",negative
negative_405.jpeg,/kaggle/input/musait/basket/negative_405.jpeg,1,"DISASTER

BREAKING Jews
",negative
negative_406.jpeg,/kaggle/input/musait/basket/negative_406.jpeg,0,,negative
negative_407.jpeg,/kaggle/input/musait/basket/negative_407.jpeg,0,,negative
negative_408.jpeg,/kaggle/input/musait/basket/negative_408.jpeg,0,,negative
negative_409.jpeg,/kaggle/input/musait/basket/negative_409.jpeg,0,,negative
negative_410.jpg,/kaggle/input/musait/basket/negative_410.jpg,1,"Cabinet okays death for
sexual attack on minors

Govt set to amend
POCSO Act to
prevent sex abuse
against children

DNA Correspondent
correspondent@dnaindia.net

New Delhi: The Cabinet on
Friday approved death pen-
alty for aggravated sexual as-
sault against children below
the age of 18 years as part of
amendments in the Protec-
tion of Children from Sexual
Offences Act (POCSO Act).
The amendments, amount-
ing to 14 including the intro-
duction of new sections,
aims to make punishments
for crime against children
more stringent, including of-
fences in the digital space.
These include amendments
to Sections 4, 5 and 6 of the
Act to increase punishments
from seven to 10 years, from
10 to 20 years and from 20 to
life imprisonment and death.
Welcoming the amend-
ments, BJP MP Rajeev Chan-
drasekhar said that a lot needs
to be done in prosecution of
such cases. “While these cases
are to be tried within one year,
in reality most cases take a
long time. Witnesses turn hos-
tile and the long period of in-
vestigation and prosecution
means that parents withdraw
these cases. Speedier investi-
gations will ensure justice in

® Death penalty in aggra-

STRINGENT

vated sexual offences against

@™ Protect kids from
sexual offences in

these cases,” said Chan-
drasekhar, who is also a child
rights activist.

Enakshi Ganguly of the
HAQ Centre for Child Rights
said that death penalty will
do very little to secure jus-
tice. “Death penalty is not the
solution. Only rightful con-
viction has ever brought
down such cases. In fact,

children below 18 years under

times of natural

LAWS TO
PROTECT KIDS

POCSO

including death penalty

= Fine for not destroying child

porn material or reporting
pornography

6

evidences

@ Sections 4, 5, 6, 9, 14,

15 and 42 of POCSO to be
amended to provide an op-
tion of stringent punishment

Death penalty will do very little to secure
justice. In fact, these changes will only

end up putting the lives of children in danger, as
perpetrators will end up killing them to smother

Enakshi Ganguly, co-

calamities and
disasters

@ Punishment for
administering
hormone or chemical
substance to minors
to attain early sexual
maturity for the pur-
pose of penetrative
sexual assault

child

founder HAQ

While these cases are to be tried within a

year, in reality most cases take along
time. Witnesses turn hostile and long period of
investigation and prosecution means that

parents withdraw these cases

Rajeev Chandrasekhar,
BJP MP & child right activist

these changes will only end
up putting the lives of chil-
dren in danger, as perpetra-
tors will end up killing them
to smother evidences. This is
a populist move aimed to gar-
ner more praise ahead of the
elections,” said Enakshi.
Amendments in Section 9
aim to provide a cover for
sexual assault of children

during natural calamities and
disasters, in addition to cases
in which they are adminis-
tered with hormones to aid in
penetrative sexual assault.
After the Kathua gan-
grape-murder case, Union
Women and Child Develop-
ment minister Maneka Gan-
dhi had proposed the
amendments. Turn to P4
",negative
negative_411.jpg,/kaggle/input/musait/basket/negative_411.jpg,1,"Cabinet okays death for
sexual attack on minors

Govt set to amend
POCSO Act to
prevent sex abuse
against children

DNA Correspondent
correspondent@dnaindia.net

New Delhi: The Cabinet on
Friday approved death pen-
alty for aggravated sexual as-
sault against children below
the age of 18 years as part of
amendments in the Protec-
tion of Children from Sexual
Offences Act (POCSO Act).
The amendments, amount-
ing to 14 including the intro-
duction of new sections,
aims to make punishments
for crime against children
more stringent, including of-
fences in the digital space.
These include amendments
to Sections 4, 5 and 6 of the
Act to increase punishments
from seven to 10 years, from
10 to 20 years and from 20 to
life imprisonment and death.
Welcoming the amend-
ments, BJP MP Rajeev Chan-
drasekhar said that a lot needs
to be done in prosecution of
such cases. “While these cases
are to be tried within one year,
in reality most cases take a
long time. Witnesses turn hos-
tile and the long period of in-
vestigation and prosecution
means that parents withdraw
these cases. Speedier investi-
gations will ensure justice in

® Death penalty in aggra-

STRINGENT

vated sexual offences against

@™ Protect kids from
sexual offences in

these cases,” said Chan-
drasekhar, who is also a child
rights activist.

Enakshi Ganguly of the
HAQ Centre for Child Rights
said that death penalty will
do very little to secure jus-
tice. “Death penalty is not the
solution. Only rightful con-
viction has ever brought
down such cases. In fact,

children below 18 years under

times of natural

LAWS TO
PROTECT KIDS

POCSO

including death penalty

= Fine for not destroying child

porn material or reporting
pornography

6

evidences

@ Sections 4, 5, 6, 9, 14,

15 and 42 of POCSO to be
amended to provide an op-
tion of stringent punishment

Death penalty will do very little to secure
justice. In fact, these changes will only

end up putting the lives of children in danger, as
perpetrators will end up killing them to smother

Enakshi Ganguly, co-

calamities and
disasters

@ Punishment for
administering
hormone or chemical
substance to minors
to attain early sexual
maturity for the pur-
pose of penetrative
sexual assault

child

founder HAQ

While these cases are to be tried within a

year, in reality most cases take along
time. Witnesses turn hostile and long period of
investigation and prosecution means that

parents withdraw these cases

Rajeev Chandrasekhar,
BJP MP & child right activist

these changes will only end
up putting the lives of chil-
dren in danger, as perpetra-
tors will end up killing them
to smother evidences. This is
a populist move aimed to gar-
ner more praise ahead of the
elections,” said Enakshi.
Amendments in Section 9
aim to provide a cover for
sexual assault of children

during natural calamities and
disasters, in addition to cases
in which they are adminis-
tered with hormones to aid in
penetrative sexual assault.
After the Kathua gan-
grape-murder case, Union
Women and Child Develop-
ment minister Maneka Gan-
dhi had proposed the
amendments. Turn to P4
",negative
negative_412.jpeg,/kaggle/input/musait/basket/negative_412.jpeg,0,,negative
negative_413.jpeg,/kaggle/input/musait/basket/negative_413.jpeg,0,,negative
negative_414.jpeg,/kaggle/input/musait/basket/negative_414.jpeg,1,"THE DAILY NEWS

EXTRA! EXTRA!

CHILD
ABUSE

",negative
negative_415.jpeg,/kaggle/input/musait/basket/negative_415.jpeg,1,"THE DAILY NEWS

EXTRA! EXTRA!

CHILD
ABUSE

",negative
negative_416.jpg,/kaggle/input/musait/basket/negative_416.jpg,0,,negative
negative_417.jpg,/kaggle/input/musait/basket/negative_417.jpg,0,,negative
negative_418.jpeg,/kaggle/input/musait/basket/negative_418.jpeg,1,"fa Ukraine} War Update
",negative
negative_419.jpeg,/kaggle/input/musait/basket/negative_419.jpeg,1,"fa Ukraine} War Update
",negative
negative_420.jpeg,/kaggle/input/musait/basket/negative_420.jpeg,0,,negative
negative_421.jpeg,/kaggle/input/musait/basket/negative_421.jpeg,0,,negative
negative_422.jpeg,/kaggle/input/musait/basket/negative_422.jpeg,1,"pu
re
SEXUAL ABUSE
",negative
negative_423.jpeg,/kaggle/input/musait/basket/negative_423.jpeg,1,"pu
re
SEXUAL ABUSE
",negative
negative_424.jpeg,/kaggle/input/musait/basket/negative_424.jpeg,1,"45-year-old Hyd woman to return after
years of torture by hubby in Pakistan

",negative
negative_425.jpeg,/kaggle/input/musait/basket/negative_425.jpeg,1,"45-year-old Hyd woman to return after
years of torture by hubby in Pakistan

",negative
negative_426.jpeg,/kaggle/input/musait/basket/negative_426.jpeg,0,,negative
negative_427.jpeg,/kaggle/input/musait/basket/negative_427.jpeg,0,,negative
negative_428.jpg,/kaggle/input/musait/basket/negative_428.jpg,1,"—_— tte
a END. VIQLENCE
“<<, AGAINST WoMEN

i ial
Fe tae ba
tf ‘ a
EIEI News c2 . BPs
a
~
",negative
negative_429.jpg,/kaggle/input/musait/basket/negative_429.jpg,1,"—_— tte
a END. VIQLENCE
“<<, AGAINST WoMEN

i ial
Fe tae ba
tf ‘ a
EIEI News c2 . BPs
a
~
",negative
negative_430.jpeg,/kaggle/input/musait/basket/negative_430.jpeg,0,,negative
negative_431.jpeg,/kaggle/input/musait/basket/negative_431.jpeg,0,,negative
negative_432.jpg,/kaggle/input/musait/basket/negative_432.jpg,0,,negative
negative_433.jpg,/kaggle/input/musait/basket/negative_433.jpg,1,"The TOI report on December 11
Torture, abuse & disease: Home for
juveniles itself needs correction

Inspection Of Noida’s Only Correction Home Reveals Chilling State Of Affairs

",negative
negative_434.jpg,/kaggle/input/musait/basket/negative_434.jpg,1,"The TOI report on December 11
Torture, abuse & disease: Home for
juveniles itself needs correction

Inspection Of Noida’s Only Correction Home Reveals Chilling State Of Affairs

",negative
negative_435.jpeg,/kaggle/input/musait/basket/negative_435.jpeg,1,"Kerala crime capital of India,
Kochi most dangerous city
COOnS

",negative
negative_436.jpeg,/kaggle/input/musait/basket/negative_436.jpeg,1,"Kerala crime capital of India,
Kochi most dangerous city
COOnS

",negative
negative_437.jpeg,/kaggle/input/musait/basket/negative_437.jpeg,1,"RINE ene guts
",negative
negative_438.jpeg,/kaggle/input/musait/basket/negative_438.jpeg,1,"RINE ene guts
",negative
negative_439.jpeg,/kaggle/input/musait/basket/negative_439.jpeg,1,"= SHA WORKERS INTHE DOCK. [RMICCETEL LCI
EZEEUUGD [Locals misBeHAVE WITH ASHA WORKERS

ci
",negative
negative_440.jpeg,/kaggle/input/musait/basket/negative_440.jpeg,1,"= SHA WORKERS INTHE DOCK. [RMICCETEL LCI
EZEEUUGD [Locals misBeHAVE WITH ASHA WORKERS

ci
",negative
negative_441.jpg,/kaggle/input/musait/basket/negative_441.jpg,1,"news

Ted TORTURE ROOM

",negative
negative_442.jpg,/kaggle/input/musait/basket/negative_442.jpg,1,"news

Ted TORTURE ROOM

",negative
negative_443.jpeg,/kaggle/input/musait/basket/negative_443.jpeg,1,"Philippines Attacked “ime GOES United Front Is

hy pines Bombers; ir Stown as Congress
280 Casualties Listed Ho

",negative
negative_444.jpeg,/kaggle/input/musait/basket/negative_444.jpeg,1,"Philippines Attacked “ime GOES United Front Is

hy pines Bombers; ir Stown as Congress
280 Casualties Listed Ho

",negative
negative_445.jpg,/kaggle/input/musait/basket/negative_445.jpg,1,"i

OQ
yy, August 12, 1929)

: ON THE HORIZON

DETAILS UNFOLDING ON LEADER’S PLANS TO DEFEND THE NATION ,
ETAILS U LE

{ i,
£ Sgn: Servic: sett S\es “AREA 99” UNDER INVESTIGATION

ii

hy

i
pil

",negative
negative_446.jpg,/kaggle/input/musait/basket/negative_446.jpg,1,"i

OQ
yy, August 12, 1929)

: ON THE HORIZON

DETAILS UNFOLDING ON LEADER’S PLANS TO DEFEND THE NATION ,
ETAILS U LE

{ i,
£ Sgn: Servic: sett S\es “AREA 99” UNDER INVESTIGATION

ii

hy

i
pil

",negative
negative_447.jpeg,/kaggle/input/musait/basket/negative_447.jpeg,1,"Complaints flood cyber crime portal

",negative
negative_448.jpeg,/kaggle/input/musait/basket/negative_448.jpeg,1,"Complaints flood cyber crime portal

",negative
negative_449.jpg,/kaggle/input/musait/basket/negative_449.jpg,1,"cag Sea pr ell on

",negative
negative_450.jpeg,/kaggle/input/musait/basket/negative_450.jpeg,1,"Pittsburgh Post-Gazete

AR IS OVER

",negative
negative_451.jpeg,/kaggle/input/musait/basket/negative_451.jpeg,1,"Pittsburgh Post-Gazete

AR IS OVER

",negative
negative_452.jpeg,/kaggle/input/musait/basket/negative_452.jpeg,1,"WORLD WAR II
",negative
negative_453.jpeg,/kaggle/input/musait/basket/negative_453.jpeg,1,"WORLD WAR II
",negative
negative_454.jpeg,/kaggle/input/musait/basket/negative_454.jpeg,0,,negative
negative_455.jpeg,/kaggle/input/musait/basket/negative_455.jpeg,0,,negative
negative_456.jpeg,/kaggle/input/musait/basket/negative_456.jpeg,0,,negative
negative_457.jpeg,/kaggle/input/musait/basket/negative_457.jpeg,0,,negative
negative_458.jpeg,/kaggle/input/musait/basket/negative_458.jpeg,0,,negative
negative_459.jpeg,/kaggle/input/musait/basket/negative_459.jpeg,0,,negative
negative_460.jpg,/kaggle/input/musait/basket/negative_460.jpg,1,"THE INFORMATION WAR
",negative
negative_461.jpg,/kaggle/input/musait/basket/negative_461.jpg,1,"THE INFORMATION WAR
",negative
negative_462.jpg,/kaggle/input/musait/basket/negative_462.jpg,0,,negative
negative_463.jpg,/kaggle/input/musait/basket/negative_463.jpg,0,,negative
negative_464.jpeg,/kaggle/input/musait/basket/negative_464.jpeg,0,,negative
negative_465.jpeg,/kaggle/input/musait/basket/negative_465.jpeg,0,,negative
negative_466.jpeg,/kaggle/input/musait/basket/negative_466.jpeg,0,,negative
negative_467.jpeg,/kaggle/input/musait/basket/negative_467.jpeg,0,,negative
negative_468.jpeg,/kaggle/input/musait/basket/negative_468.jpeg,1,"0? eam
i WORLD WAR if 7

& Bt
",negative
negative_469.jpeg,/kaggle/input/musait/basket/negative_469.jpeg,1,"0? eam
i WORLD WAR if 7

& Bt
",negative
negative_470.jpeg,/kaggle/input/musait/basket/negative_470.jpeg,0,,negative
negative_471.jpeg,/kaggle/input/musait/basket/negative_471.jpeg,0,,negative
negative_472.jpeg,/kaggle/input/musait/basket/negative_472.jpeg,0,,negative
negative_473.jpeg,/kaggle/input/musait/basket/negative_473.jpeg,0,,negative
negative_474.jpeg,/kaggle/input/musait/basket/negative_474.jpeg,1,"WE ARE LOOKING FOR
EYEWITNESSES SO THAT THE WHOLE

I you are an eyewitness ofa
please, contact us and share your story!
“clmaabeeicreaaivesiclaty cont’

",negative
negative_475.jpeg,/kaggle/input/musait/basket/negative_475.jpeg,1,"WE ARE LOOKING FOR
EYEWITNESSES SO THAT THE WHOLE

I you are an eyewitness ofa
please, contact us and share your story!
“clmaabeeicreaaivesiclaty cont’

",negative
negative_476.jpeg,/kaggle/input/musait/basket/negative_476.jpeg,1,"= >
i

[KERALA FLOOD

fur

ig

",negative
negative_477.jpeg,/kaggle/input/musait/basket/negative_477.jpeg,1,"= >
|

[KERALA FLOOD
Ries

fur

ig

",negative
negative_478.jpg,/kaggle/input/musait/basket/negative_478.jpg,0,,negative
negative_479.jpg,/kaggle/input/musait/basket/negative_479.jpg,0,,negative
negative_480.jpg,/kaggle/input/musait/basket/negative_480.jpg,0,,negative
negative_481.jpg,/kaggle/input/musait/basket/negative_481.jpg,0,,negative
negative_482.jpg,/kaggle/input/musait/basket/negative_482.jpg,0,,negative
negative_483.jpg,/kaggle/input/musait/basket/negative_483.jpg,1,"OnEPAUIMHKA
BOK

",negative
negative_484.jpg,/kaggle/input/musait/basket/negative_484.jpg,0,,negative
negative_485.jpg,/kaggle/input/musait/basket/negative_485.jpg,0,,negative
negative_486.jpg,/kaggle/input/musait/basket/negative_486.jpg,1,"Cea

",negative
negative_487.jpg,/kaggle/input/musait/basket/negative_487.jpg,1,"Cea

",negative
negative_488.jpg,/kaggle/input/musait/basket/negative_488.jpg,1,"20th anniversary of
",negative
negative_489.jpg,/kaggle/input/musait/basket/negative_489.jpg,1,"20th anniversary of
",negative
negative_490.jpg,/kaggle/input/musait/basket/negative_490.jpg,0,,negative
negative_491.jpg,/kaggle/input/musait/basket/negative_491.jpg,0,,negative
negative_492.jpg,/kaggle/input/musait/basket/negative_492.jpg,0,,negative
negative_493.png,/kaggle/input/musait/basket/negative_493.png,1,"@ Facts from Africa.

Yesterday at 4:02 AM: @

The terrifying images of Khartoum city Sudan following the heavy rains that
led to floods.

Let's pray for Sudan.

",negative
negative_494.png,/kaggle/input/musait/basket/negative_494.png,1,"@ Facts from Africa.

Yesterday at 4:02 AM: @

The terrifying images of Khartoum city Sudan following the heavy rains that
led to floods.

Let's pray for Sudan.

",negative
negative_495.jpg,/kaggle/input/musait/basket/negative_495.jpg,0,,negative
negative_496.jpg,/kaggle/input/musait/basket/negative_496.jpg,0,,negative
negative_497.jpg,/kaggle/input/musait/basket/negative_497.jpg,0,,negative
negative_498.jpg,/kaggle/input/musait/basket/negative_498.jpg,0,,negative
negative_499.jpeg,/kaggle/input/musait/basket/negative_499.jpeg,1,"ISRAELI AIR FORCE

",negative
negative_500.jpeg,/kaggle/input/musait/basket/negative_500.jpeg,1,"ISRAELI AIR FORCE

",negative
negative_501.jpg,/kaggle/input/musait/basket/negative_501.jpg,1,"TRAGEDY
NSOUTH LEBANON

The Israeli-Hezbollah War of 2006

:

Oo) BRE ty
",negative
negative_502.jpg,/kaggle/input/musait/basket/negative_502.jpg,1,"TRAGEDY
NSOUTH LEBANON

The Israeli-Hezbollah War of 2006

:

Oo) BRE ty
",negative
negative_503.jpg,/kaggle/input/musait/basket/negative_503.jpg,1,"In World

",negative
negative_504.jpg,/kaggle/input/musait/basket/negative_504.jpg,1,"In World

",negative
negative_505.jpeg,/kaggle/input/musait/basket/negative_505.jpeg,1,"eM
A

suicide bomber =

crack, ©

A

perp’
",negative
negative_506.jpeg,/kaggle/input/musait/basket/negative_506.jpeg,1,"eM
A

suicide bomber =

crack, ©

A

perp’
",negative
negative_507.jpeg,/kaggle/input/musait/basket/negative_507.jpeg,0,,negative
negative_508.jpeg,/kaggle/input/musait/basket/negative_508.jpeg,1,"P&] Tor Oe Cc.

USES ON EASTSIDE WRECKED BYE
RADICALS LAUNGH REIGN OF
ins Dae Hew TAGS MUST PLEADS FOR

GRIME HON, PACE BASE Ov RT iL

""Go

",negative
negative_509.jpeg,/kaggle/input/musait/basket/negative_509.jpeg,1,"P&] Tor Oe Cc.

USES ON EASTSIDE WRECKED BYE
RADICALS LAUNGH REIGN OF
ins Dae Hew TAGS MUST PLEADS FOR

GRIME HON, PACE BASE Ov RT iL

""Go

",negative
negative_510.jpeg,/kaggle/input/musait/basket/negative_510.jpeg,1,"‘4 DEAD, 150 INJURED IN LAG B'OMER STAMPEDE

",negative
negative_511.jpeg,/kaggle/input/musait/basket/negative_511.jpeg,1,"‘4 DEAD, 150 INJURED IN LAG B'OMER STAMPEDE

",negative
negative_512.jpeg,/kaggle/input/musait/basket/negative_512.jpeg,0,,negative
negative_513.jpg,/kaggle/input/musait/basket/negative_513.jpg,0,,negative
negative_514.jpeg,/kaggle/input/musait/basket/negative_514.jpeg,1,"© BOMBING:

@
",negative
negative_515.jpeg,/kaggle/input/musait/basket/negative_515.jpeg,1,"© BOMBING:

@
",negative
negative_516.jpeg,/kaggle/input/musait/basket/negative_516.jpeg,1,"OCS MENS wn

Israel responds to fire balloons from
Gaza Strip with fighter et strikes

",negative
negative_517.jpg,/kaggle/input/musait/basket/negative_517.jpg,1,"ISRAEL BOMBS GAZA
",negative
negative_518.jpg,/kaggle/input/musait/basket/negative_518.jpg,1,"ISRAEL BOMBS GAZA
",negative
negative_519.jpeg,/kaggle/input/musait/basket/negative_519.jpeg,1,"@successpictures

",negative
negative_520.jpeg,/kaggle/input/musait/basket/negative_520.jpeg,1,"@successpictures

",negative
negative_521.jpeg,/kaggle/input/musait/basket/negative_521.jpeg,1,"H =

4am
",negative
negative_522.jpeg,/kaggle/input/musait/basket/negative_522.jpeg,1,"H =

4am
",negative
negative_523.jpg,/kaggle/input/musait/basket/negative_523.jpg,1,"3a cr von aft che Preuana al_ HIND IAW)

",negative
negative_524.jpeg,/kaggle/input/musait/basket/negative_524.jpeg,1,"Idle robbery

",negative
negative_525.jpeg,/kaggle/input/musait/basket/negative_525.jpeg,0,,negative
negative_526.jpeg,/kaggle/input/musait/basket/negative_526.jpeg,1,"‘nth ay. pay tribes and
mage tothe Martian suns
finde sbleoies tors tack I Mumba,

elses il never be forgaten.

",negative
negative_527.jpeg,/kaggle/input/musait/basket/negative_527.jpeg,1,"‘nth ay. pay tribes and
mage tothe Martian suns
finde sbleoies tors tack I Mumba,

elses il never be forgaten.

",negative
negative_528.jpeg,/kaggle/input/musait/basket/negative_528.jpeg,1,"Remembering 26/11 Mumbai Terror
attack. Its the most horrific terror

attack on the soil of India

‘Around 170+ people died & over
300 were wounded.

",negative
negative_529.jpeg,/kaggle/input/musait/basket/negative_529.jpeg,1,"Remembering 26/11 Mumbai Terror
attack. Its the most horrific terror

attack on the soil of India

‘Around 170+ people died & over
300 were wounded.

",negative
negative_530.jpeg,/kaggle/input/musait/basket/negative_530.jpeg,1,"World
War I
",negative
negative_531.jpeg,/kaggle/input/musait/basket/negative_531.jpeg,1,"World
War I
",negative
negative_532.jpeg,/kaggle/input/musait/basket/negative_532.jpeg,1,"pe 2
vel: whe

| ‘
’ ’ i, : :
",negative
negative_533.jpg,/kaggle/input/musait/basket/negative_533.jpg,0,,negative
negative_534.jpeg,/kaggle/input/musait/basket/negative_534.jpeg,1,"eS

Dow shall be
liable.

",negative
negative_535.jpeg,/kaggle/input/musait/basket/negative_535.jpeg,1,"‘THE UNFINISHED STORY OF

",negative
negative_536.jpeg,/kaggle/input/musait/basket/negative_536.jpeg,1,"‘THE UNFINISHED STORY OF

",negative
negative_537.jpeg,/kaggle/input/musait/basket/negative_537.jpeg,1,"We live in a county where everyone knows
‘about Chemobyl, thanks to a Web Series.

flier

But no one knows about he Bhopal Ges
Tragedy, which ook place in our own
‘Gpuniry ond wos echoed liscstioti

",negative
negative_538.jpeg,/kaggle/input/musait/basket/negative_538.jpeg,1,"We live in a county where everyone knows
‘about Chemobyl, thanks to a Web Series.

flier

But no one knows about he Bhopal Ges
Tragedy, which ook place in our own
‘Gpuniry ond wos echoed liscstioti

",negative
negative_539.jpeg,/kaggle/input/musait/basket/negative_539.jpeg,1,".

OWN WITH LONDON DOW

mamta ares

",negative
negative_540.jpeg,/kaggle/input/musait/basket/negative_540.jpeg,1,"HIROSHIMA DAY

",negative
negative_541.jpeg,/kaggle/input/musait/basket/negative_541.jpeg,1,"HIROSHIMA DAY

",negative
negative_542.jpeg,/kaggle/input/musait/basket/negative_542.jpeg,1,"HIROSHIMA DAY - 6 AUGUST
",negative
negative_543.jpeg,/kaggle/input/musait/basket/negative_543.jpeg,1,"HIROSHIMA DAY - 6 AUGUST
",negative
negative_544.jpeg,/kaggle/input/musait/basket/negative_544.jpeg,0,,negative
negative_545.jpeg,/kaggle/input/musait/basket/negative_545.jpeg,0,,negative
negative_546.jpeg,/kaggle/input/musait/basket/negative_546.jpeg,1,"@ https://m.facebook.com/message
€ Kunal Jajodia kja (4)

Kunal Jajodia Kja

Kunal is waving at you!
Tap e back

Do you wanna get bashed up publicly?

Dare you post another post against our
country.

It’s a warning

B

",negative
negative_547.jpeg,/kaggle/input/musait/basket/negative_547.jpeg,0,,negative
negative_548.jpeg,/kaggle/input/musait/basket/negative_548.jpeg,0,,negative
negative_549.jpg,/kaggle/input/musait/basket/negative_549.jpg,0,,negative
negative_550.jpg,/kaggle/input/musait/basket/negative_550.jpg,0,,negative
negative_551.jpg,/kaggle/input/musait/basket/negative_551.jpg,0,,negative
negative_552.jpg,/kaggle/input/musait/basket/negative_552.jpg,0,,negative
negative_553.jpg,/kaggle/input/musait/basket/negative_553.jpg,0,,negative
negative_554.jpeg,/kaggle/input/musait/basket/negative_554.jpeg,0,,negative
negative_555.png,/kaggle/input/musait/basket/negative_555.png,0,,negative
negative_556.jpeg,/kaggle/input/musait/basket/negative_556.jpeg,1,"‘when you'te cleaning your room and
find that one condom you left under
your bed 10 years ago

",negative
negative_557.jpeg,/kaggle/input/musait/basket/negative_557.jpeg,1,"“DEAD BODY is a crowd-pleasing
morder mystery that will keep
fright fans guessing while
providing plenty of bloody

4 goodness along the way.”

",negative
negative_558.jpg,/kaggle/input/musait/basket/negative_558.jpg,1,"Pass it Please

Good news, Wuhan's corona virus can
bbe cured by one bow! of freshly boiled
garlic water.

(Old Chinese doctor has proven it's
efficacy. Many patients has also proven,
this to be effective. Eight (8) cloves of
chopped garlics add seven (7)cups of
water and bring to boil., Eat and drink
the boiled garlic water, overnight
improvement and healing. Glad to share
this.

precaution against c
Bongs much because, si

Bandrami C
Jnogra Cor
Dustumi Coron:
Besi Nachar
and 50 on,

‘So bongs, just chill

",negative
negative_559.jpeg,/kaggle/input/musait/basket/negative_559.jpeg,0,,negative
negative_560.jpeg,/kaggle/input/musait/basket/negative_560.jpeg,0,,negative
negative_561.jpg,/kaggle/input/musait/basket/negative_561.jpg,1,"‘Everyone at the site where clickin'
pictures and making videos and

posting on social media. But not a single y+ ‘
human came to help her. No one.'

",negative
negative_562.jpg,/kaggle/input/musait/basket/negative_562.jpg,1,"‘Everyone at the site where clickin'
pictures and making videos and

posting on social media. But not a single y+ ‘
human came to help her. No one.'

",negative
negative_563.jpeg,/kaggle/input/musait/basket/negative_563.jpeg,0,,negative
negative_564.jpeg,/kaggle/input/musait/basket/negative_564.jpeg,0,,negative
negative_565.jpeg,/kaggle/input/musait/basket/negative_565.jpeg,1,"Oars

AGH CE GTNS SET GS SHS AH SeATY SA
aor nes SABO wea xe OTR @ at

",negative
negative_566.jpeg,/kaggle/input/musait/basket/negative_566.jpeg,1,"Major fire accident in
Pharma city at Parwada

ee.

",negative
negative_567.jpeg,/kaggle/input/musait/basket/negative_567.jpeg,1,"Major fire accident in
Pharma city at Parwada

ee.

",negative
negative_568.jpg,/kaggle/input/musait/basket/negative_568.jpg,0,,negative
negative_569.jpeg,/kaggle/input/musait/basket/negative_569.jpeg,0,,negative
negative_570.jpeg,/kaggle/input/musait/basket/negative_570.jpeg,1,"oft Dhawal Dudhaiya
@dhawaldudhaiya
#MamataBanarjee @MamataOfficial

she was murdered and raped by rohingya's
and bangladeshi jihadi's. She had a fault to support
@BJP4india . Its a Alarming situation for hindus.Never
depend on any Bajrang Dal or any other only.Act how to
save our women's
Be weaponised

20 years old from Paschim
Medinipur, West Bengal

i a 5, P PPpaelt |
She was brutly Raped & Murdered by 6 Mans
& Hanged Near her House Bcoz of her BJP

Connection ~~ RIP. Culprits Must Be Hanged
#JusticeFor

11:34 AM - May 5, 2021 - Twitter for Android
",negative
negative_571.jpeg,/kaggle/input/musait/basket/negative_571.jpeg,1,"IF YOU KEEP THEM BUSY

WITH BASIC NEEDS, THEY

WILL FORGET ABOUT THE
FREEDOM THEY LOST.

",negative
negative_572.jpeg,/kaggle/input/musait/basket/negative_572.jpeg,1,"IF YOU KEEP THEM BUSY

WITH BASIC NEEDS, THEY

WILL FORGET ABOUT THE
FREEDOM THEY LOST.

",negative
negative_573.jpeg,/kaggle/input/musait/basket/negative_573.jpeg,1,"4 a ;

CR

>, o<
to save
cer. b

~

a
",negative
negative_574.jpeg,/kaggle/input/musait/basket/negative_574.jpeg,1,"Gloomy#®zsr
@livingdarknsad

Me trying to cover the whole syllabus
one night before exam

",negative
negative_575.jpg,/kaggle/input/musait/basket/negative_575.jpg,1,"when you accidentally open a
message and now you have to reply

",negative
negative_576.jpg,/kaggle/input/musait/basket/negative_576.jpg,1,"Me listening to strangers conversation
thinking how f**kin’ dumb they are.

",negative
negative_577.jpg,/kaggle/input/musait/basket/negative_577.jpg,1,"SAD TRUTH

1820 2020

",negative
negative_578.jpg,/kaggle/input/musait/basket/negative_578.jpg,1,"SAD TRUTH

1820 2020

",negative
negative_579.jpg,/kaggle/input/musait/basket/negative_579.jpg,1,": Eesting = 1,249
single row from
a production records
database. affected.

",negative
negative_580.jpg,/kaggle/input/musait/basket/negative_580.jpg,1,"Everyone Wants to Park in
Shade, but No One Wants to
Plant a Tree.
",negative
negative_581.jpg,/kaggle/input/musait/basket/negative_581.jpg,1,"bs ¥
OXYGEN STATION) =
RYGEN STATION
i,
:

‘\
",negative
negative_582.jpg,/kaggle/input/musait/basket/negative_582.jpg,0,,negative
negative_583.jpg,/kaggle/input/musait/basket/negative_583.jpg,0,,negative
negative_584.jpg,/kaggle/input/musait/basket/negative_584.jpg,1,"I'M NOT CROSSING THE
ROAD. THE ROAD IS
CROSSING MY FOREST.
",negative
negative_585.jpg,/kaggle/input/musait/basket/negative_585.jpg,1,"I'M NOT CROSSING THE
ROAD. THE ROAD IS
CROSSING MY FOREST.
",negative
negative_586.jpg,/kaggle/input/musait/basket/negative_586.jpg,1,"Some people
just act like
they are
ona to

spices

",negative
negative_587.jpg,/kaggle/input/musait/basket/negative_587.jpg,1,"Some people
just act like
they are
ona to

spices

",negative
negative_588.jpg,/kaggle/input/musait/basket/negative_588.jpg,0,,negative
negative_589.jpeg,/kaggle/input/musait/basket/negative_589.jpeg,1,"ILIKE OFFENDING PEOPLE
(ere
te

BECAUSE I THINK BEOPLE WHO GET
OFFENDED SHOULD BE OFFENDED
",negative
negative_590.jpeg,/kaggle/input/musait/basket/negative_590.jpeg,1,"U/Say “Community Standards” again

L¢ Motherfucker !

",negative
negative_591.jpeg,/kaggle/input/musait/basket/negative_591.jpeg,1,"BETTER, BE\EOLLOW ING MY
COMMUNI
",negative
negative_592.jpg,/kaggle/input/musait/basket/negative_592.jpg,1,"ery RE we

Vi"" Pe]

A tae eR ~
sete Sees

IMIN ak JAIL FOR 30 DAY BECAUSE °° >)

OF AN OFFENSIVE MUSLIM MEME THAT I POSTED IN %

AGROUP CALLED THE US DEPARTMENT OF OFFENSIVE MEMES ©

— a
",negative
negative_593.jpeg,/kaggle/input/musait/basket/negative_593.jpeg,1,"When you ask your husband if he's cheating
(on you but he just hits you in the face

",negative
negative_594.jpg,/kaggle/input/musait/basket/negative_594.jpg,0,,negative
negative_595.jpg,/kaggle/input/musait/basket/negative_595.jpg,1,"ace YOU BLOCK YOUR

cn ‘“ mn)
",negative
negative_596.jpg,/kaggle/input/musait/basket/negative_596.jpg,1,"Oh Engineering Ki Hai = n

yi fF.
",negative
negative_597.jpeg,/kaggle/input/musait/basket/negative_597.jpeg,0,,negative
negative_598.jpeg,/kaggle/input/musait/basket/negative_598.jpeg,1,"1 NEEDALL STOLEN se

",negative
negative_599.jpeg,/kaggle/input/musait/basket/negative_599.jpeg,0,,negative
negative_600.jpeg,/kaggle/input/musait/basket/negative_600.jpeg,0,,negative
negative_601.jpeg,/kaggle/input/musait/basket/negative_601.jpeg,0,,negative
negative_602.jpeg,/kaggle/input/musait/basket/negative_602.jpeg,1,"EARTHQUAKE
SS gan
",negative
negative_603.jpeg,/kaggle/input/musait/basket/negative_603.jpeg,1,"EARTHQUAKE
SS gan
",negative
negative_604.jpg,/kaggle/input/musait/basket/negative_604.jpg,0,,negative
negative_605.jpg,/kaggle/input/musait/basket/negative_605.jpg,0,,negative
negative_606.jpg,/kaggle/input/musait/basket/negative_606.jpg,1,"Image ID: 2DWJEMR

www.alamy.com
",negative
negative_607.jpg,/kaggle/input/musait/basket/negative_607.jpg,1,"Image ID: 2DWJEMR

www.alamy.com
",negative
negative_608.jpg,/kaggle/input/musait/basket/negative_608.jpg,1,"New Yor! kK Post

STALY
AT WAR

Tuuly today declared war on France and Britain.
Hitler’s Htalian jackal jumped at the throats of
ricken Allies at a moment when 1,800,000 Germans:

tere diving forvard ony 25 sto 30.miles, trom. Baris

",negative
negative_609.jpg,/kaggle/input/musait/basket/negative_609.jpg,1,"New Yor! kK Post

STALY
AT WAR

Tuuly today declared war on France and Britain.
Hitler’s Htalian jackal jumped at the throats of
ricken Allies at a moment when 1,800,000 Germans:

tere diving forvard ony 25 sto 30.miles, trom. Baris

",negative
negative_610.jpg,/kaggle/input/musait/basket/negative_610.jpg,1,"S| | ey oe
= a) ’

",negative
negative_611.jpg,/kaggle/input/musait/basket/negative_611.jpg,1,"S| | ey oe
= a) ’

",negative
negative_612.jpg,/kaggle/input/musait/basket/negative_612.jpg,1,"IR. FIR AGAINST CONG MP

FIR AGAINST CONG
MP & 6 LUTYENS'
REPORTERS

a RERORT FAKE NEWS CRACKDOWN

",negative
negative_613.jpg,/kaggle/input/musait/basket/negative_613.jpg,1,"(6) dreamstime.com ID 180004529 © Onuchcha
",negative
negative_614.jpg,/kaggle/input/musait/basket/negative_614.jpg,1,"(6) dreamstime.com ID 180004529 © Onuchcha
",negative
negative_615.jpg,/kaggle/input/musait/basket/negative_615.jpg,1,"on dies in bomb blast

Former Indian prime minister assassinated whi
7

",negative
negative_616.jpg,/kaggle/input/musait/basket/negative_616.jpg,1,"on dies in bomb blast

Former Indian prime minister assassinated whi
7

",negative
negative_617.jpg,/kaggle/input/musait/basket/negative_617.jpg,0,,negative
negative_618.jpg,/kaggle/input/musait/basket/negative_618.jpg,0,,negative
negative_619.jpeg,/kaggle/input/musait/basket/negative_619.jpeg,1,"atoll INDIA BOWS TOTTALIAN PRESSURE News %

=
, es

india a] to Italy in the fishermen
murder case
BREAKING NEWS
INDIA SURRENDERS TO ITALY

MEA HAD OPPOSED THE DEATH PENALTY CITING
TREATY WITH ITALY
",negative
negative_620.jpeg,/kaggle/input/musait/basket/negative_620.jpeg,1,"ae oall INDIA BOWS TOTTALIAN PRESSURE News %

|
. cs

india a] to Italy in the fishermen
murder case
BREAKING NEWS
INDIA SURRENDERS TO ITALY

MEA HAD OPPOSED THE DEATH PENALTY CITING
TREATY WITH ITALY
",negative
negative_621.jpeg,/kaggle/input/musait/basket/negative_621.jpeg,1,"1. +
‘al

",negative
negative_622.jpeg,/kaggle/input/musait/basket/negative_622.jpeg,1,"i “a *
N +

",negative
negative_623.jpg,/kaggle/input/musait/basket/negative_623.jpg,1,"((
a -Evening*sStandard

LONDON, TI

LONDON

@ Many dead and injured
@ Blasts on Tubes and bus
@ Al Qaeda prime suspect =
@ Soldiers patrol the streets | ~~~ _— |.
@ Entire city in gridlock |

NIGHTMARE IN THE RUSH-HOUR — REPORTS AND PICTURES: PAGES 2, 3, 4, 5, 6, 7, 8, 9, 10 & 11

",negative
negative_624.jpg,/kaggle/input/musait/basket/negative_624.jpg,1,"((
a -Evening*sStandard

LONDON, TI

LONDON

@ Many dead and injured
@ Blasts on Tubes and bus
@ Al Qaeda prime suspect =
@ Soldiers patrol the streets | ~~~ _— |.
@ Entire city in gridlock |

NIGHTMARE IN THE RUSH-HOUR — REPORTS AND PICTURES: PAGES 2, 3, 4, 5, 6, 7, 8, 9, 10 & 11

",negative
negative_625.jpg,/kaggle/input/musait/basket/negative_625.jpg,1,"— =—.

“ NYC BOMBING SUSPECT FACES FEDERAL TERROR CHARGES -
7 >. 8 >

_
",negative
negative_626.jpg,/kaggle/input/musait/basket/negative_626.jpg,1,"— =—.

“ NYC BOMBING SUSPECT FACES FEDERAL TERROR CHARGES -
7 >. 8 >

_
",negative
negative_627.jpg,/kaggle/input/musait/basket/negative_627.jpg,1,"~ DANGER .
TSUNAMI

4]

F
",negative
negative_628.jpg,/kaggle/input/musait/basket/negative_628.jpg,1,"~ DANGER .
TSUNAMI

4]

F
",negative
negative_629.jpeg,/kaggle/input/musait/basket/negative_629.jpeg,1,"Cyclone Amphan

causes widespread
destruction i in West Bengal

",negative
negative_630.jpeg,/kaggle/input/musait/basket/negative_630.jpeg,1,"Cyclone Amphan

causes widespread
destruction i in West Bengal

",negative
negative_631.jpeg,/kaggle/input/musait/basket/negative_631.jpeg,1,"CYCLONE YAAS ——
zm, LIVE UPDATES j5

' =

_
",negative
negative_632.jpeg,/kaggle/input/musait/basket/negative_632.jpeg,1,"CYCLONE YAAS ——
zm, LIVE UPDATES j5

' =

_
",negative
negative_633.jpg,/kaggle/input/musait/basket/negative_633.jpg,1,"You're
lal FIRED! a)
we -

lp sg

i
",negative
negative_634.jpg,/kaggle/input/musait/basket/negative_634.jpg,1,"No matter how hard
I try to
make you happy
in the end
It’s never good enough
because
| always end up

Broken.

",negative
negative_635.jpg,/kaggle/input/musait/basket/negative_635.jpg,1,"| WISH | COULD
JUST DISAPPEAR.

",negative
negative_636.jpg,/kaggle/input/musait/basket/negative_636.jpg,1,"Tts amazing how someone
can break yourr heart and you can

olil love them wilh al the litle pieces.
",negative
negative_637.jpg,/kaggle/input/musait/basket/negative_637.jpg,1,"~~
We need to ta.

It’s not you.

You deserve better

",negative
negative_638.jpg,/kaggle/input/musait/basket/negative_638.jpg,1,"rN

My silence is
another word

for my pain. 4

4
",negative
negative_639.jpg,/kaggle/input/musait/basket/negative_639.jpg,1,"When I realized atl
we will not be together,
the pain and sorrow
flooded my heart

and I am drowning still.

LoveMessagesFromHeart.com
",negative
negative_640.jpg,/kaggle/input/musait/basket/negative_640.jpg,1,"It’s never the tear that
measures the pain; sometimes,
it’s the smile we fake.

www.Funkylife.in
",negative
negative_641.jpg,/kaggle/input/musait/basket/negative_641.jpg,0,,negative
negative_642.jpg,/kaggle/input/musait/basket/negative_642.jpg,1,"I hate those days
> don' t

",negative
negative_643.jpg,/kaggle/input/musait/basket/negative_643.jpg,1,"PAIN CHANGES PEOPLE,
SOME BECOME RUDE AND
SOME BECOME SILENT.

",negative
negative_644.jpg,/kaggle/input/musait/basket/negative_644.jpg,1,"People keep telling
me that life goes on,
but to me that's the
saddest part.

scrolldroll.com
",negative
negative_645.jpg,/kaggle/input/musait/basket/negative_645.jpg,1,"Sad people love the rain
because they are
no longer crying along.

",negative
negative_646.JPG,/kaggle/input/musait/basket/negative_646.JPG,0,,negative
negative_647.jpg,/kaggle/input/musait/basket/negative_647.jpg,1,"The saddest part in life is saying
goodbye to someone you wish
to spend your lifetime with.
",negative
negative_648.jpg,/kaggle/input/musait/basket/negative_648.jpg,1,"You don't alwa'

",negative
negative_649.jpg,/kaggle/input/musait/basket/negative_649.jpg,1,"Where
there is
LOVE,
there is
PAIN

SPADEQUOTES.COM
",negative
negative_650.jpg,/kaggle/input/musait/basket/negative_650.jpg,1,"Things change. And
friends leave. Life
doesn't stop for
anybody.

",negative
negative_651.jpg,/kaggle/input/musait/basket/negative_651.jpg,1,"Hurt

Some peose Mit by.words
some by attions and
some by silence
But'the biggest hurt is
that soméOne ignoring us when
pe a t.

* (heart Broken Words)
",negative
negative_652.jpg,/kaggle/input/musait/basket/negative_652.jpg,1,"Instagram|Brokenquotes.in

",negative
negative_653.jpg,/kaggle/input/musait/basket/negative_653.jpg,1,"“
Apart of
me has
departed
with you.
",negative
negative_654.jpg,/kaggle/input/musait/basket/negative_654.jpg,1,"vd % ty

Lost myself trying

to please everyone,
now I’m losing
everyone else
trying to find
myself.

www.LUVZE.com

",negative
negative_655.jpg,/kaggle/input/musait/basket/negative_655.jpg,1,"| REALLY WANT
TO BE HAPPY,
BUT THERE’S SOMETHING
INSIDE ME
THAT SCREMS
“YOU DONT DESERVE IT”
i),

|

,
",negative
negative_656.jpg,/kaggle/input/musait/basket/negative_656.jpg,1,"Sometimes

it's better to be —

~

alone nebo =

can hurt you.
",negative
negative_657.jpg,/kaggle/input/musait/basket/negative_657.jpg,1,"DON’T LET YOUR HAPPINESS
DEPEND ON SOMETHING
YOU MAY LOSE.

",negative
negative_658.jpg,/kaggle/input/musait/basket/negative_658.jpg,1,"UniGqgeeFeom

Trust me,
| will never come into your life,

If you feel better without me.
",negative
negative_659.jpg,/kaggle/input/musait/basket/negative_659.jpg,1,"soméone about my thoughts
and feelings but I can't.

> y

@QUOTESINCOM
",negative
negative_660.jpg,/kaggle/input/musait/basket/negative_660.jpg,1,"24 PEOPLE
DIED OF
SPURIOUS
",negative
negative_661.jpg,/kaggle/input/musait/basket/negative_661.jpg,1,"11 DIED OF HEATSTROKE AT A
MAHARASHTRA STATE EVENT

",negative
negative_662.jpg,/kaggle/input/musait/basket/negative_662.jpg,1,"WALL COLLAPSED,
9 PEOPLE DIED IN LUCKNOW

Oneindia English

",negative
negative_663.jpg,/kaggle/input/musait/basket/negative_663.jpg,1,"’ NEPAL . CRASH: DOZENS KILLED AS PLANE
CRASHES NEAR POKHARA AIRPORT
",negative
negative_664.jpg,/kaggle/input/musait/basket/negative_664.jpg,1,"a ia Ke Pap? 4 iW a
i vs
12 PEOPLE DIED IN THE ,
INDORE TEMPLE INCIDENT \.~

, oe ————— > 7 ee

",negative
negative_665.jpg,/kaggle/input/musait/basket/negative_665.jpg,1,"UTTARAKHAND: 26 PILGRIMS
DEAD IN TRAGEDY

",negative
negative_666.jpg,/kaggle/input/musait/basket/negative_666.jpg,1,"PAKISTAN: BLAST IN PESHAWAR;
25 KILLED, 150 INJURED

a

",negative
negative_667.jpg,/kaggle/input/musait/basket/negative_667.jpg,1,"1 dead, 1 injured in two-vehicle
collision on Ta’awen Road

",negative
negative_668.jpg,/kaggle/input/musait/basket/negative_668.jpg,1,"PATIENT LOSES LIFE
",negative
negative_669.jpg,/kaggle/input/musait/basket/negative_669.jpg,1,"35 PEOPLE DEAD INMORBI __
CABLE BRIDGE COLLAPSE
",negative
negative_670.jpg,/kaggle/input/musait/basket/negative_670.jpg,1,"EoiLnFSE

",negative
negative_671.jpg,/kaggle/input/musait/basket/negative_671.jpg,1,"INDIA BRIDGE COLLAPSE
",negative
negative_672.jpg,/kaggle/input/musait/basket/negative_672.jpg,1,"_ HURRICANE FIONA ane. U. =:

",negative
negative_673.jpg,/kaggle/input/musait/basket/negative_673.jpg,1,"WORLD BANK $1 7B
EARTHQUAKE AID ..

",negative
negative_674.jpg,/kaggle/input/musait/basket/negative_674.jpg,0,,negative
negative_675.jpg,/kaggle/input/musait/basket/negative_675.jpg,1,"ne

ta Ue “
",negative
negative_676.jpg,/kaggle/input/musait/basket/negative_676.jpg,1,"STARE ATe= ""es
DEATH elle mapas es
TOLL
",negative
negative_677.jpg,/kaggle/input/musait/basket/negative_677.jpg,0,,negative
negative_678.jpeg,/kaggle/input/musait/basket/negative_678.jpeg,1,"ta yr 2
Mince Y & SY!

EARTHQUAK
~~ EMERGENCY

<> (outneey

",negative
negative_679.jpg,/kaggle/input/musait/basket/negative_679.jpg,1,"SAD REALITY
GOVERNMENT | TODAY’S CURRENCY

",negative
negative_680.jpg,/kaggle/input/musait/basket/negative_680.jpg,1,"MINDJOURNAL

""What is Pain?”

The moment when you realize that
you were nothing to those,
who you valued the most.

",negative
negative_681.jpg,/kaggle/input/musait/basket/negative_681.jpg,1,"4 AM NOT FEELING ANYTHING,
a | AM COMPLETELY
EMPTY RIGHT NOW

IT 1S MAKING ME
. DEPRESSED.

& QuotesLifetimecom
( .
",negative
negative_682.jpg,/kaggle/input/musait/basket/negative_682.jpg,1,"HEART FORGET ALL THE PAIN.

www.Funylife.in
",negative
negative_683.jpg,/kaggle/input/musait/basket/negative_683.jpg,1,"When it hasn't been your day, your
week, your month or even your year.

*:

",negative
negative_684.jpg,/kaggle/input/musait/basket/negative_684.jpg,1,"oss WWHATAREYOUR PLANS =
AFTER THE WAR?

GOT A JOB WITH THE AMERICANS
__ -DEPARTMENT-OF EDUCATION
",negative
negative_685.jpg,/kaggle/input/musait/basket/negative_685.jpg,0,,negative
negative_686.jpg,/kaggle/input/musait/basket/negative_686.jpg,1,"I'M NOT RACIST

SOME OF MY BEST.SLAVES ARE
BROWN
",negative
negative_687.jpg,/kaggle/input/musait/basket/negative_687.jpg,1,"Mood swings do not
respect status:
individuals from all
walks of life and
social backgrounds
are equally likely to
be affected.

— JAN SCOTT

",negative
negative_688.jpg,/kaggle/input/musait/basket/negative_688.jpg,1,"“The key to
emotional
enlightenment is the
knowledge that
only your thoughts
can affect your
moods.”

—DAVID D. BURNS
",negative
negative_689.jpg,/kaggle/input/musait/basket/negative_689.jpg,0,,negative
negative_690.jpg,/kaggle/input/musait/basket/negative_690.jpg,1,"Accepted it already,
but it still makes me sad,

www.bigenter.info
",negative
negative_691.jpg,/kaggle/input/musait/basket/negative_691.jpg,0,,negative
negative_692.jpg,/kaggle/input/musait/basket/negative_692.jpg,1,"Sometimes, Cry ying .

is the only way your
",negative
negative_693.jpg,/kaggle/input/musait/basket/negative_693.jpg,1,"t

Sometimes it's hard to smile
when you fee! like crying inside.

www.Attitudecaption.com

[ =u
",negative
negative_694.jpg,/kaggle/input/musait/basket/negative_694.jpg,1,"You promised not
1e drown. |

http://captionsgram.cor
",negative
negative_695.jpg,/kaggle/input/musait/basket/negative_695.jpg,1,"Fear is the path to the dark
side. Fear leads to anger.
Anger leads to hate. Hate

leads to suffering.

- Yoda

",negative
negative_696.jpg,/kaggle/input/musait/basket/negative_696.jpg,1,"LIVE UPDATES
Ye |

",negative
negative_697.jpg,/kaggle/input/musait/basket/negative_697.jpg,1,"WHO'S THE ACCUSED
IN DELHI MURDER CASE?
",negative
negative_698.jpg,/kaggle/input/musait/basket/negative_698.jpg,1,"WHO WAS THE AVDERABAD i
WOMAN KILLED IN LONDON?

",negative
negative_699.jpg,/kaggle/input/musait/basket/negative_699.jpg,1,"JURY SELECTION FOR ©
MURDER CASE 4
",negative
negative_700.jpg,/kaggle/input/musait/basket/negative_700.jpg,1,"DELHI TEEN MURDER: COPS
RECOVER MURDER WEAPON

",negative
negative_701.jpg,/kaggle/input/musait/basket/negative_701.jpg,1,"NEWS

a poe = ae

ag
h KILLED, CHOPPED, DUMPED
7 aaa BONE-CHILLING

be DELHI MURDER PLOT
",negative
negative_702.jpg,/kaggle/input/musait/basket/negative_702.jpg,1,"BUTCHERED & BETRAYED
LIVE FROM THE
KILLER’S DEN

",negative
negative_703.jpg,/kaggle/input/musait/basket/negative_703.jpg,0,,negative
negative_704.jpg,/kaggle/input/musait/basket/negative_704.jpg,1,"ROBERT H. JORDAN JR.

Anchor/Reporter, WGN Television, Chicago
",negative
negative_705.jpg,/kaggle/input/musait/basket/negative_705.jpg,1,"PROBE DEEPENS IN
SHAHABAD MURDER

",negative
negative_706.jpg,/kaggle/input/musait/basket/negative_706.jpg,1,"BJP LEADER'S SON ARRESTED FOR
MURDER, RESORT Hagel

Oneindia English
",negative
negative_707.jpg,/kaggle/input/musait/basket/negative_707.jpg,1,"‘ Sw
'OLICE RECOVERS MORE
HAN 13 BODY PARTS
",negative
negative_708.jpg,/kaggle/input/musait/basket/negative_708.jpg,1,"PAL

jim:
TF
=
=
ie
a
=

TAY)

",negative
negative_709.jpg,/kaggle/input/musait/basket/negative_709.jpg,1,"news 8

co “
WHO KILLED

4 .
SONALI PHOG 7

",negative
negative_710.jpg,/kaggle/input/musait/basket/negative_710.jpg,1,"WATCH: Social media
influencer criticised for video
reenacting true murder case

",negative
negative_711.jpg,/kaggle/input/musait/basket/negative_711.jpg,1,"INDIA’
indiatvnews.com

= NATURAL DISASTERS
j THAT SHOOK WORLD IN

",negative
negative_712.jpg,/kaggle/input/musait/basket/negative_712.jpg,1,"Fe. se

NATURAL DISASTERS:
EARTHQUAKES

",negative
negative_713.jpg,/kaggle/input/musait/basket/negative_713.jpg,1,"NATURAL DISASTERS OF THIS YEAR

",negative
negative_714.jpg,/kaggle/input/musait/basket/negative_714.jpg,1,"NATURAL
DISASTERS IN
2022: INDIA
LOST 1,098 LIVES
",negative
negative_715.jpg,/kaggle/input/musait/basket/negative_715.jpg,1,"WHAT HAPPENED IN THE WORLD? |

01-07 MAY 2022

",negative
negative_716.jpg,/kaggle/input/musait/basket/negative_716.jpg,1,": ME iD ar YZ
Natural disasters in 2021
one of costliest years on record
",negative
negative_717.jpg,/kaggle/input/musait/basket/negative_717.jpg,1,"Australia
‘once in a century event

",negative
negative_718.jpg,/kaggle/input/musait/basket/negative_718.jpg,0,,negative
negative_719.jpg,/kaggle/input/musait/basket/negative_719.jpg,0,,negative
negative_720.jpg,/kaggle/input/musait/basket/negative_720.jpg,1,"[BREAKING |
—/NEWS*

ASSAM'S

[minRoR]
sc wi

DAMAGED AFTER

",negative
negative_721.jpg,/kaggle/input/musait/basket/negative_721.jpg,1,"NATURAL
DISASTERS THAT
SHOOK INDIA
AND REST OF THE

WORLDTHIS |f

",negative
negative_722.jpg,/kaggle/input/musait/basket/negative_722.jpg,1,"BEYOND que | MIRROR
HEADLINE Jw oe ST

WITH TAMANNA INAMDAR

USA STARING AT FINANCIAL
DISASTER?

",negative
negative_723.jpg,/kaggle/input/musait/basket/negative_723.jpg,1,"Oneindia English

MYANMAR DECLARES RAKHINE
A NATIONAL DISASTER AREA

",negative
negative_724.jpg,/kaggle/input/musait/basket/negative_724.jpg,1,"2

CYCLONE TAUKTAE
IMD ISSUES Sat FOR

MAKERS EY
TO INTENSIFY BY

\ ae MONDAY EVENING:
",negative
negative_725.jpg,/kaggle/input/musait/basket/negative_725.jpg,0,,negative
negative_726.jpg,/kaggle/input/musait/basket/negative_726.jpg,1,"fOVoin _ — :

tmaq \
= a

INDIA | Maharashtra Braces for Fury of Cyclone

03:55PM | BREAKING NEWS

",negative
negative_727.jpg,/kaggle/input/musait/basket/negative_727.jpg,1,"earthquake of magni
7 hos hit Turkey and Gr

",negative
negative_728.jpg,/kaggle/input/musait/basket/negative_728.jpg,1,"j

Wii
ee At \ a f:
,. %& NEWS!) SPECIAL REPORT""
i) TWO BOMB EXPLOSIONS AT ee
| THE BOSTON MARATHON i
a = §6Oidas

",negative
negative_729.jpg,/kaggle/input/musait/basket/negative_729.jpg,1,"GOVT DEPLOYS FORCES
AHEAD OF LANDFALL

",negative
negative_730.jpg,/kaggle/input/musait/basket/negative_730.jpg,1,"COASTAL GUJARAT
RAVAGED BY Lode

—
",negative
negative_731.jpg,/kaggle/input/musait/basket/negative_731.jpg,1,"BIPARJOY HITS
WEST COAST

——-

i:
",negative
negative_732.jpg,/kaggle/input/musait/basket/negative_732.jpg,1,"DWARKA BRACES FOR
CYCLONE LANDFALL

- ag an
J Ne,
",negative
negative_733.jpg,/kaggle/input/musait/basket/negative_733.jpg,1,"Prviia Lost Over 1.3 Lakh Lives In Disasters Linked To
Extreme Weather, Climate Change
In a felt UN Agency

",negative
negative_734.jpg,/kaggle/input/musait/basket/negative_734.jpg,1,"BY NAXALS IN DANTEWADA
",negative
negative_735.jpg,/kaggle/input/musait/basket/negative_735.jpg,1,"10 SOLDIERS, 1
DRIVER KILLED

IN DANTEWADA|!

",negative
negative_736.jpg,/kaggle/input/musait/basket/negative_736.jpg,1,"Hindustan Times

MORNING AFTER CHRISTMAS...

Tsunam| ismashes Asia

",negative
negative_737.jpg,/kaggle/input/musait/basket/negative_737.jpg,1,"Hindustan Times
Prayers, tears and fear

Gt

Tsunami toll 25,000; 7,000 in India 7

",negative
negative_738.jpg,/kaggle/input/musait/basket/negative_738.jpg,0,,negative
negative_739.jpg,/kaggle/input/musait/basket/negative_739.jpg,0,,negative
negative_740.jpg,/kaggle/input/musait/basket/negative_740.jpg,1,"ag ae) |
",negative
negative_741.jpg,/kaggle/input/musait/basket/negative_741.jpg,1,"zs 7
a .
4. LE SD (ae

TRUMP: WORLD WAR III _
A POSSIBILITY

",negative
negative_742.jpg,/kaggle/input/musait/basket/negative_742.jpg,1,"WEST'S MOZART PROVOCATION
FOR PUTIN AMID BOMBARDMENT
",negative
negative_743.jpg,/kaggle/input/musait/basket/negative_743.jpg,0,,negative
negative_744.jpg,/kaggle/input/musait/basket/negative_744.jpg,1,"BREAKING NEWS ND,

SMES 3RD WORLD oe ee BE UE

",negative
negative_745.jpg,/kaggle/input/musait/basket/negative_745.jpg,0,,negative
negative_746.jpg,/kaggle/input/musait/basket/negative_746.jpg,1,"RUSSIA'S DEADLIEST
WEAPONS IN ACTION

",negative
negative_747.jpg,/kaggle/input/musait/basket/negative_747.jpg,0,,negative
negative_748.jpg,/kaggle/input/musait/basket/negative_748.jpg,1,"_ .
; ; mati a
fa |
 S. .
N¢@ i Pec: PO es ee *
“> ¢ {LIVE F x

se fe -
’ fin

—- ~ PUTIN'S * 4
- END STRIKE ''

ON
‘UKRAINE?

",negative
negative_749.jpg,/kaggle/input/musait/basket/negative_749.jpg,1,"VE _ News'®

OL!

¢ om
SY,

",negative
negative_750.jpg,/kaggle/input/musait/basket/negative_750.jpg,1,"WHERE IS THE RUSSIA-UKRAINE
WAR HEADED IN 2023?
",negative
negative_751.jpg,/kaggle/input/musait/basket/negative_751.jpg,1,"PUTIN DARES THE
",negative
negative_752.jpg,/kaggle/input/musait/basket/negative_752.jpg,0,,negative
negative_753.jpg,/kaggle/input/musait/basket/negative_753.jpg,1,"Patiantic councy

@ atiantic Counc
Patiantic councn

@asiantic counci
@atiantic counct

@atianr
@ atiantic Council j U : j

mr NAL RELATIONS THE
ERNATIONAL RELAT ORY

Pan SUGGESTS GREAT-POWER WAR IS COM 7""
swith i wh

",negative
negative_754.jpg,/kaggle/input/musait/basket/negative_754.jpg,1,"SOVIET PLANT SPEWS ATOMIC CLOUD

NUCLEAR
DISASTER

Western officials fear high death toll

Forma, Sweden, ck ain ve of pol cape ale on
cna incest at Soret seeene ae Rict peadngs Oona om
",negative
negative_755.jpg,/kaggle/input/musait/basket/negative_755.jpg,0,,negative
negative_756.jpg,/kaggle/input/musait/basket/negative_756.jpg,1,"Massueville,
Quebec, Canada

[T
. 1 Ki
BUILDING FIRE IN MASSUEVILLE
-EREST RATES BY 1% » GOVERNMENT TO DELAY VOTE ON ENVIRONME

",negative
negative_757.jpg,/kaggle/input/musait/basket/negative_757.jpg,1,"The Times AP Bispateh
TITANIC’S DEATH LIST, 1,6
ONLY 739 LIVES ARE SAVED

",negative
negative_758.jpg,/kaggle/input/musait/basket/negative_758.jpg,1,"WILDFIRE RAVAGE} ERS

wey PARTS OF SPAIN
",negative
negative_759.jpg,/kaggle/input/musait/basket/negative_759.jpg,1,"Maharashtra: Fire
breaks out in 5-storey

Mumbai's
Jhaveri Bazar area

",negative
negative_760.jpg,/kaggle/input/musait/basket/negative_760.jpg,1,"Oneindia English

di

MASSIVE FIRE AT PVC MARKET
IN DELHI, WATCH VIDEO

ane

",negative
negative_761.jpg,/kaggle/input/musait/basket/negative_761.jpg,1,". FIRE AT TIKRI BORDERS,

",negative
negative_762.jpg,/kaggle/input/musait/basket/negative_762.jpg,1,"A ae ‘out at a pack

iiBharuch GIDC of Gujarat on March 22""
ie

",negative
negative_763.jpg,/kaggle/input/musait/basket/negative_763.jpg,1,"Gujarat: Massive fire breaks out at
packaging company in Bharuch GIDC a |
",negative
negative_764.jpg,/kaggle/input/musait/basket/negative_764.jpg,0,,negative
negative_765.jpg,/kaggle/input/musait/basket/negative_765.jpg,0,,negative
negative_766.jpg,/kaggle/input/musait/basket/negative_766.jpg,1,"COURTESY: LORRY YEDNAK |

|

™ a
—S_>-~;

Agll

OAK ISLAND FIRE DEPARTMENT BATTLING WHERE |
LARGE HOUSE FIRE NEWS

AS NaWihpsdents, visitors to sign up for new emergency alert system

a
STEVENS
| Pine Homes |

CONTINUING COVERAGE

",negative
negative_767.jpg,/kaggle/input/musait/basket/negative_767.jpg,1,"FIRE AT ROHINGYA REFUGEE CAMP

12000 PEOPLE HOMELESS

",negative
negative_768.jpg,/kaggle/input/musait/basket/negative_768.jpg,0,,negative
negative_769.jpg,/kaggle/input/musait/basket/negative_769.jpg,1,"BEYOND tie
HEADLINE §

WITH TAMANNA INAMDAR

fh

| NX ; j
MAN MADE DISASTER OR
CLIMATE CHANGE IN GOA?

SS tiitt_—_———— ~
",negative
negative_770.jpg,/kaggle/input/musait/basket/negative_770.jpg,1,"‘ J&K: FOREST FIRE INUDHAMPUR ..

AREA CONTINUES TO RAGE

Pw EEE ALS WBS BEC Ts Ve ee
ac i teh
f |

> ~
; iv-s
is

* = Oneindia English
",negative
negative_771.jpg,/kaggle/input/musait/basket/negative_771.jpg,1,"BELG

Forest Fire in Mizoram
",negative
negative_772.jpg,/kaggle/input/musait/basket/negative_772.jpg,1,"“ b, '
*
7 ny 7 A

“ae {
Uttarakhand: Fire breaks out in
forest area of Tehri Garhwal
",negative
negative_773.jpg,/kaggle/input/musait/basket/negative_773.jpg,1,"| alia?

CALIFORNIA WILDFIRE TRIPLES IN SIZE

THOUSANDS FORCED TO EVACUATE

",negative
negative_774.jpg,/kaggle/input/musait/basket/negative_774.jpg,1,"INDIA
TODAY

",negative
negative_775.jpg,/kaggle/input/musait/basket/negative_775.jpg,0,,negative
negative_776.jpg,/kaggle/input/musait/basket/negative_776.jpg,1,"Youtube/Mnoxwe HOBOCTH Anarei vasuyev / TASS

HOBOCTH

——
News!) =
Russian
Eco-Disasters 2020
",negative
negative_777.jpg,/kaggle/input/musait/basket/negative_777.jpg,1,"Operatidt iitierway to
douse forest fire in Uttarakhand

",negative
negative_778.jpg,/kaggle/input/musait/basket/negative_778.jpg,1,"WILDFIRES
RAGE

ACROSS . « |
GREECE

",negative
negative_779.jpg,/kaggle/input/musait/basket/negative_779.jpg,0,,negative
negative_780.jpg,/kaggle/input/musait/basket/negative_780.jpg,1,"if
This Uttarakhand minister tried to

put out a forest fire with a bush

",negative
negative_781.jpg,/kaggle/input/musait/basket/negative_781.jpg,1,"4 ,

y 4 | J
© www.5DariyaNews.com
",negative
negative_782.jpg,/kaggle/input/musait/basket/negative_782.jpg,1,"SEOUL ‘SHANTY
TOWN FIRE

",negative
negative_783.jpg,/kaggle/input/musait/basket/negative_783.jpg,1,"IN MUMBAI SHOP = ———
a : _ iy

",negative
negative_784.jpg,/kaggle/input/musait/basket/negative_784.jpg,0,,negative
negative_785.jpg,/kaggle/input/musait/basket/negative_785.jpg,1,"Invasion of Normandy
in World War Il
",negative
negative_786.jpg,/kaggle/input/musait/basket/negative_786.jpg,1,"WHY. CHINESE~~
MILITARYIS ~~
MPREPPING ~ |)
FOR WAI J

",negative
negative_787.jpg,/kaggle/input/musait/basket/negative_787.jpg,1,"sky GS)

",negative
negative_788.jpg,/kaggle/input/musait/basket/negative_788.jpg,1,"‘A YEAR OF WAR IN UKRAINE
LIVES LOST AND DISRUPTED
",negative
negative_789.jpg,/kaggle/input/musait/basket/negative_789.jpg,1,"“1am crying for more and more
disasters, for bigger calamities, for
grander failures. | want the whole world
to be out of whack, | want everyone

to scratch himself to death.”

Henry Miller “Tropic of Cancer” (1994)

",negative
negative_790.jpg,/kaggle/input/musait/basket/negative_790.jpg,1,"""WAR IS
DELIGHTFUL TO
‘THOSE WHO HAVE
HAD NO
EXPERIENCE
OF IT.""
",negative
negative_791.jpg,/kaggle/input/musait/basket/negative_791.jpg,1,"Only the dead
have seen the

Plato via Geckot&SFly
",negative
negative_792.jpg,/kaggle/input/musait/basket/negative_792.jpg,1,"6D
ISTHE £ &
NERVE OF

THE WAR. ee

ee,
“i
",negative
negative_793.jpg,/kaggle/input/musait/basket/negative_793.jpg,1,"fe TWO MILLION FLEE PUTIN'S BRUT

ITAL INVASIC

",negative
negative_794.jpg,/kaggle/input/musait/basket/negative_794.jpg,1,"WAR HERO OR CRIMINAL?
FORMER GREEN BERET CHARGED WITH MURDER
PENA iG 9 HAPPENED TO... fg

",negative
negative_795.jpg,/kaggle/input/musait/basket/negative_795.jpg,1,"DDEEP-DRILLING BRAZIL LEARNS FROM BP 12
HIGH STAKES IN MIDTERM ELECTIONS 16
STATES EMBRACE ONE SCHOOL STANDARD 19

ASPECIAL REPORT
",negative
negative_796.jpg,/kaggle/input/musait/basket/negative_796.jpg,1,"> KYIV, UKRAINE
|_LEIVE | 8:25PM |

EMBARRASSING RETREAT FOR RUSSIAN TROOPS IN UKRAIN

WAR ON UKRAINE
",negative
negative_797.jpg,/kaggle/input/musait/basket/negative_797.jpg,0,,negative
negative_798.jpg,/kaggle/input/musait/basket/negative_798.jpg,1,"War is evil, but it
is often the lesser
evil.
",negative
negative_799.jpg,/kaggle/input/musait/basket/negative_799.jpg,1,"JAPAN PREPARES FOR WAR

Se Pi sa

a Se
< ae
! =z

Y “LE
va LN TAGE

= if!

4 Y
;, re)

~ frie S Ss
+ 0 , ed

3 a a ee a
aghs 4
é

x Firstpost.— .

TAKE ON THE WORL
",negative
negative_800.jpg,/kaggle/input/musait/basket/negative_800.jpg,1,"In war there is no
PRIZE
for runner-up

General Omar Bradley via GeckoSFly
",negative
negative_801.jpg,/kaggle/input/musait/basket/negative_801.jpg,1,"PUTIN DUMPS™ ___
N- TREATY, WEST IRKED

",negative
negative_802.jpg,/kaggle/input/musait/basket/negative_802.jpg,0,,negative
negative_803.jpg,/kaggle/input/musait/basket/negative_803.jpg,1,"0 Listen

",negative
negative_804.jpg,/kaggle/input/musait/basket/negative_804.jpg,0,,negative
negative_805.jpg,/kaggle/input/musait/basket/negative_805.jpg,1,"USN

att
TENSIONS RISE BETWEEN CHINA AND US

",negative
negative_806.jpg,/kaggle/input/musait/basket/negative_806.jpg,1,"ANOTHER COVID WAVE SOON?

",negative
negative_807.jpg,/kaggle/input/musait/basket/negative_807.jpg,1,"sky news

TINA TURNER a
DEATH:
‘INCREDIBLY SAD NEWS

aL nme
",negative
negative_808.jpg,/kaggle/input/musait/basket/negative_808.jpg,1,"Via Skype

Los Angeles

Me 3:51 PM PT
wa)

_ NEW TONIGHT

§ MUSIC LEGEND TINA TURNER DIES AT 83

3:51 PM PT

TIN RUSSIAN NATIONALS ARE ALIGNED WITH UKRAINIAN ARMY, THOUGH Uk SITUATION ROom
",negative
negative_809.jpg,/kaggle/input/musait/basket/negative_809.jpg,1,"‘3 WEAPONS USED TO
MUDER MOOSE WALA’

",negative
negative_810.jpg,/kaggle/input/musait/basket/negative_810.jpg,1,"bile: ox SS

Oe we ae

MOOSEWALA'S CAR

MOMENTS BEFORE GETTING SHOT

INA
‘TODAY
",negative
negative_811.jpg,/kaggle/input/musait/basket/negative_811.jpg,1,"17-1 iic] NEWS [ns

WHITE COLOURED ALTO SNATCHED AT
GUN POINT

",negative
negative_812.jpg,/kaggle/input/musait/basket/negative_812.jpg,1,"BREAKINGDIa;g Ol ™

INDIA TODAY ACCESSES CCTV IMAGES
220258 MURDER

aH i \
NEW DELHI ~ =
CGHIV ADOOD FYECLITIVE ENITOD

",negative
negative_813.jpg,/kaggle/input/musait/basket/negative_813.jpg,0,,negative
negative_814.jpg,/kaggle/input/musait/basket/negative_814.jpg,1,"de] NEWS fas

AK47 RIFLES REPORTEDLY USED FOR
MURDER

",negative
negative_815.jpg,/kaggle/input/musait/basket/negative_815.jpg,1,"Bengaluru Mass Molestation
fe an

",negative
negative_816.jpg,/kaggle/input/musait/basket/negative_816.jpg,1,"THE BIG
dee CRASH

fig a ee

_ iii vi
¥ if
",negative
negative_817.jpg,/kaggle/input/musait/basket/negative_817.jpg,1,"Uri Rape Horror

",negative
negative_818.jpg,/kaggle/input/musait/basket/negative_818.jpg,1,"| Migrant poet dieaster
Hog
",negative
negative_819.jpg,/kaggle/input/musait/basket/negative_819.jpg,0,,negative
negative_820.jpg,/kaggle/input/musait/basket/negative_820.jpg,1,"FLOODS & VOLCANIC
FIRE IN ITALY

TAKE ON THE WORLD
",negative
negative_821.jpg,/kaggle/input/musait/basket/negative_821.jpg,1,"a WION
“? 1,
a | 7 is
Ace A
: t ~~
~ Keay GX

GREEK BOAT TRAGEDY:
HUNDREDS MISSING AT SEA
",negative
negative_822.jpg,/kaggle/input/musait/basket/negative_822.jpg,1,"Keenan Anderson, stun gunned i in Venice, died of cocaine use, enlarged h| 68° 6:14P

4
we
",negative
negative_823.jpg,/kaggle/input/musait/basket/negative_823.jpg,1,"GUJARAT ON HIGH ALERT

",negative
negative_824.jpg,/kaggle/input/musait/basket/negative_824.jpg,1,"Titanic Tragedy
of 2023 Socks

Heartbreaking

Disaster

",negative
negative_825.jpg,/kaggle/input/musait/basket/negative_825.jpg,1,"DEADLY

",negative
negative_826.jpg,/kaggle/input/musait/basket/negative_826.jpg,1,"STAGE 5 ROLLING BLACKOUTS

@SABCFullView
SABC =>~
NEW:

ASSESSING FLOOD DAMAGE IN WESTERN CAPE

",negative
negative_827.jpg,/kaggle/input/musait/basket/negative_827.jpg,1,"Eg news| WW Vv
POWER PLANT
WORKERS FEAR
‘DEVASTATION’

WAR IN UKRAINE

",negative
negative_828.jpg,/kaggle/input/musait/basket/negative_828.jpg,0,,negative
negative_829.jpg,/kaggle/input/musait/basket/negative_829.jpg,1,"BIPARJOY NOW SEVE
CYCLONIC STORM
",negative
negative_830.jpg,/kaggle/input/musait/basket/negative_830.jpg,0,,negative
negative_831.jpg,/kaggle/input/musait/basket/negative_831.jpg,1,"EARTHQUAKES BRING ON YET ANOTHER DISASTER
",negative
negative_832.jpg,/kaggle/input/musait/basket/negative_832.jpg,1,"TRUMP, DESTROYED
IN FRONT OF.MILLIONS! «
",negative
negative_833.jpg,/kaggle/input/musait/basket/negative_833.jpg,1,"INDIA SENDS
RELIEF TO
QUAKE-HIT
TURKEY, SYRIA
",negative
negative_834.jpg,/kaggle/input/musait/basket/negative_834.jpg,1,"CALIFORNIA memes
",negative
negative_835.jpg,/kaggle/input/musait/basket/negative_835.jpg,0,,negative
negative_836.jpg,/kaggle/input/musait/basket/negative_836.jpg,0,,negative
negative_837.jpg,/kaggle/input/musait/basket/negative_837.jpg,1,"1 2) years
after disaster:

Still Struggling

",negative
negative_838.jpg,/kaggle/input/musait/basket/negative_838.jpg,1,"Pakistan: Will
Imran Khan be
arrested again?

",negative
negative_839.jpg,/kaggle/input/musait/basket/negative_839.jpg,0,,negative
negative_840.jpg,/kaggle/input/musait/basket/negative_840.jpg,1,"THE

CHAMOLI
DISASTER

",negative
negative_841.jpg,/kaggle/input/musait/basket/negative_841.jpg,0,,negative
negative_842.jpg,/kaggle/input/musait/basket/negative_842.jpg,1,"wien | ENVIRONMENTAL PROBLEM
",negative
negative_843.jpg,/kaggle/input/musait/basket/negative_843.jpg,1,"OCEANGATE EXPEDITIONS

LIVE

iY (0)4f SUBMARINE FOR TITANIC
_——i TOURS GOES MISSING AT SEA
",negative
negative_844.jpg,/kaggle/input/musait/basket/negative_844.jpg,1,"FAMILY TRAPPED
FOR FORTNIGHT
",negative
negative_845.jpg,/kaggle/input/musait/basket/negative_845.jpg,1,"Uy NEWS

aA 3 na

EARTHQUAKE VICTIMS
IN THE FREEZING COLD
",negative
negative_846.jpg,/kaggle/input/musait/basket/negative_846.jpg,1,"(

[1999 Hon

Or
",negative
negative_847.jpg,/kaggle/input/musait/basket/negative_847.jpg,0,,negative
negative_848.jpg,/kaggle/input/musait/basket/negative_848.jpg,1,"Life After pr
Nuclear. a“
Meltdown. ©
in FURDE DERE

VICES World a

- a * \

|
a *_s
[a
",negative
negative_849.jpg,/kaggle/input/musait/basket/negative_849.jpg,1,"OOoONEWS

‘FLOODING
- gua_-. EMERGENCY
WA DOWNPOUR

",negative
negative_850.jpg,/kaggle/input/musait/basket/negative_850.jpg,1,"NUCLEAR ~

",negative
negative_851.jpg,/kaggle/input/musait/basket/negative_851.jpg,1,"In Freak Accident

",negative
negative_852.jpg,/kaggle/input/musait/basket/negative_852.jpg,1,"| en ral $
fev YEARS OF FUKUSHIMA -
TRAGEDY Ape
",negative
negative_853.jpg,/kaggle/input/musait/basket/negative_853.jpg,0,,negative
negative_854.jpg,/kaggle/input/musait/basket/negative_854.jpg,1,"“7.7 MAGNITUDE
",negative
negative_855.jpg,/kaggle/input/musait/basket/negative_855.jpg,0,,negative
negative_856.jpg,/kaggle/input/musait/basket/negative_856.jpg,1,"@SUPERCYCLONE KILLED!

as 10, ie IN Se

",negative
negative_857.jpg,/kaggle/input/musait/basket/negative_857.jpg,0,,negative
negative_858.jpg,/kaggle/input/musait/basket/negative_858.jpg,1,":
~ 33,500 People Affected, '

Lakhimpur Worst Hit

",negative
negative_859.jpg,/kaggle/input/musait/basket/negative_859.jpg,0,,negative
negative_860.jpg,/kaggle/input/musait/basket/negative_860.jpg,1,"' death toll rises to 10
",negative
negative_861.jpg,/kaggle/input/musait/basket/negative_861.jpg,1,"=¢) a

DU STUDENT STABBED
TO DEATH

",negative
negative_862.jpg,/kaggle/input/musait/basket/negative_862.jpg,1,"All About The Madhya Pradesh
Honor Killing Case
",negative
negative_863.jpg,/kaggle/input/musait/basket/negative_863.jpg,1,"YNW MELLY I= TA
DOUBLE .--
MURDER TRIAL <>

FL v. JAMELL DEMONS

| dine

",negative
negative_864.jpg,/kaggle/input/musait/basket/negative_864.jpg,1,"MAN BEHIND ATTACK ON INDIAN
. EMBASSY IN LONDON DEAD
",negative
negative_865.jpg,/kaggle/input/musait/basket/negative_865.jpg,1,"MIRROR
(iNOW

KILLED FOR DEFAULTING LOAN PAYMENT, [it ©
KEJRIWAL QUESTIONS LAW & ORDER

",negative
negative_866.jpg,/kaggle/input/musait/basket/negative_866.jpg,1,"BODY PARTS FED TO
STRAY DOGS
",negative
negative_867.jpg,/kaggle/input/musait/basket/negative_867.jpg,0,,negative
negative_868.jpg,/kaggle/input/musait/basket/negative_868.jpg,1,"TRICKS eee
UY
",negative
negative_869.jpg,/kaggle/input/musait/basket/negative_869.jpg,1,"antnearnna
DU STUDENT STABBED TO DEATH,
POLICE NABS TWO ACCUSED

",negative
negative_870.jpg,/kaggle/input/musait/basket/negative_870.jpg,0,,negative
negative_871.jpg,/kaggle/input/musait/basket/negative_871.jpg,1,"BODY PARTS BOILED
AFTER MURDER
",negative
negative_872.jpg,/kaggle/input/musait/basket/negative_872.jpg,1,"Nu,

PANNUN NEXT AFTER KHALISTAN
RADICAL NIJJAR SHOT DEAD?

",negative
negative_873.jpg,/kaggle/input/musait/basket/negative_873.jpg,1,"&
Gruesome Murde
In Mumbai
",negative
negative_874.jpg,/kaggle/input/musait/basket/negative_874.jpg,1,"UNIMAGINABLE
DELHI BRUTALITY
",negative
negative_875.jpg,/kaggle/input/musait/basket/negative_875.jpg,1,"INDIAN-ORIGIN GANGS OF CANADA: .
DRUGS, MURDERS & POLITICS '

",negative
negative_876.jpg,/kaggle/input/musait/basket/negative_876.jpg,1,"cetera eteteeenee

SUSPECT IN DEADLY BELLTOWN |
| SHOOTING CHARGED
",negative
negative_877.jpg,/kaggle/input/musait/basket/negative_877.jpg,1,"YOUNG DOLPH’S

",negative
negative_878.jpg,/kaggle/input/musait/basket/negative_878.jpg,1,"WHO WAS THE HYDERABAD i
WOMAN KILLED I LUIUDIE om

",negative
negative_879.jpg,/kaggle/input/musait/basket/negative_879.jpg,1,"‘MONSTER MANOJ NOT
COOPERATING'
",negative
negative_880.jpg,/kaggle/input/musait/basket/negative_880.jpg,1,"yt a

\\
z FLORIDA U RORIN SHOCK
FOX B RAPPER ACCUSED OF MURDER AFTER DOUBLE HOMICIDE ACQUITTAL

",negative
negative_881.jpg,/kaggle/input/musait/basket/negative_881.jpg,1,"fe BREAKIN

iG NEWS

",negative
negative_882.jpg,/kaggle/input/musait/basket/negative_882.jpg,1,"MURDER WEAPON
RECOVERED

",negative
negative_883.jpg,/kaggle/input/musait/basket/negative_883.jpg,0,,negative
negative_884.jpg,/kaggle/input/musait/basket/negative_884.jpg,1,"TWO KHALISTA
DEAD INA WEEK

",negative
negative_885.jpg,/kaggle/input/musait/basket/negative_885.jpg,0,,negative
negative_886.jpg,/kaggle/input/musait/basket/negative_886.jpg,1,"7 | \ a S y po Me 3
MAN MURDERED, BODY
CHOPPED INTO PIECES

",negative
negative_887.jpg,/kaggle/input/musait/basket/negative_887.jpg,1,"ANGER OVER GRUESOME
HIMACHAL KILLING

",negative
negative_888.jpg,/kaggle/input/musait/basket/negative_888.jpg,1,"HOMICIDE ARREST

KEITH
PHILLIPS

PREVIOUS CONVICTION
ON WEAPONS CHARGE

FOX

59

SON eres
LE vcurnow = 7 _———
",negative
negative_889.jpg,/kaggle/input/musait/basket/negative_889.jpg,1,"NEWS

un
Delhi Fridge Murder

CCTV Footage Shows Nikki Yadav

Hours Before Death
",negative
negative_890.jpg,/kaggle/input/musait/basket/negative_890.jpg,1,"ARYABHATTA COLLEGE]
co . it

DELHI UNIVERSITY STUDEN
STABBED TO DEATH

",negative
negative_891.jpg,/kaggle/input/musait/basket/negative_891.jpg,1,"SCHOOL ATTACK
",negative
negative_892.jpg,/kaggle/input/musait/basket/negative_892.jpg,1,"hs Bd a \
THREE YOUNG BOYS KILLED IN SHOOTING

FATHER CHARGED WITH THREE COUNTS OF AGGRAVATED MURDER

",negative
negative_893.jpg,/kaggle/input/musait/basket/negative_893.jpg,1,"TEREST IN YOUNG DOLPH
ID DEAD IN ORANGE MOU:

KILLING

",negative
negative_894.jpg,/kaggle/input/musait/basket/negative_894.jpg,1,"DECEASED WOMAN WEARING TRIBAL CLOTHES,
APPEARS ut) BE IN MID-40S: LOCALS

",negative
negative_895.jpg,/kaggle/input/musait/basket/negative_895.jpg,1,"DELHI DOUBLE MURDER
HORROR
",negative
negative_896.jpg,/kaggle/input/musait/basket/negative_896.jpg,0,,negative
negative_897.jpg,/kaggle/input/musait/basket/negative_897.jpg,1,".

We

es
e

CHAMBA MURDER; >
LOCALS WENT VIOLENT

",negative
negative_898.jpg,/kaggle/input/musait/basket/negative_898.jpg,0,,negative
negative_899.jpg,/kaggle/input/musait/basket/negative_899.jpg,1,"ublic murd
ofa 16-yeat-old
girlin
",negative
negative_900.jpg,/kaggle/input/musait/basket/negative_900.jpg,1,"sie WA DO og Res ls be

REPRINT srovent ro you sy M-c ASSOCIATES

WAR EXTRA

4
‘7
— i
§
ee Evening Circulation in the Entire South
VOL. CXL—NO. 28 ~ MONDAY, DECEMBER 8, 1941 cE 3 CENTS
i :
ey
a
oA Te oe
ie : eed |
+ |) LS oe
| jp 1 —- - + ‘eae: &:
;
| j | | | | | : \
——-—_—_+—__j}__{ {| a Reso ae nts i |
:

",negative
negative_901.jpg,/kaggle/input/musait/basket/negative_901.jpg,1,"j

Wii
ee At \ a f:
,. %& NEWS!) SPECIAL REPORT""
i) TWO BOMB EXPLOSIONS AT ee
| THE BOSTON MARATHON i
a = §6Oidas

",negative
negative_902.jpeg,/kaggle/input/musait/basket/negative_902.jpeg,0,,negative
negative_903.jpeg,/kaggle/input/musait/basket/negative_903.jpeg,1,"| don't need your love

oy.
I ha

""

\\

cause | already cried enough
",negative
negative_904.jpeg,/kaggle/input/musait/basket/negative_904.jpeg,0,,negative
negative_905.png,/kaggle/input/musait/basket/negative_905.png,1,"_

negative’ ¥ Se
{pro
",negative
negative_906.jpg,/kaggle/input/musait/basket/negative_906.jpg,1,"DAY 9 OF PUTIN'S INVASION §iFeK
TODAY

NUCLEAR DISASTER LOOMS

",negative
negative_907.jpg,/kaggle/input/musait/basket/negative_907.jpg,0,,negative
neutral_001.jpeg,/kaggle/input/musait/basket/neutral_001.jpeg,1,"Good you have scrolled for so
long
you have reached the
sanctum of the CONED CATS.

They wish you a nice life.

",neutral
neutral_002.jpg,/kaggle/input/musait/basket/neutral_002.jpg,1,"A developer's
first setup

A developer's
setup after 1
year

MFINDPRO
",neutral
neutral_003.jpg,/kaggle/input/musait/basket/neutral_003.jpg,0,,neutral
neutral_004.jpg,/kaggle/input/musait/basket/neutral_004.jpg,0,,neutral
neutral_005.jpg,/kaggle/input/musait/basket/neutral_005.jpg,1,"A developer's
first setup

A developer's
setup after 1
year

MFINDPRO
",neutral
neutral_006.jpeg,/kaggle/input/musait/basket/neutral_006.jpeg,1,"What is needed fora
good relationship?

",neutral
neutral_007.jpg,/kaggle/input/musait/basket/neutral_007.jpg,1,"1. Palindrome

#By using indexing / using for loop

return False
return True

@By Using whi
def pa
n= len(s)

first = 0
) last = n-1
‘Comps 't-Joingreve while(first<last):
pelea if s[first]==s[last]:
cise: first
return False last -= 1

else:
return False

MANGOTRA return True

#By using while loop
def palindrome6(n):
Using Split Method temp =n #1456
palindrome rev_n =0
while (temp>0):
digit = temp % 10
rev_n = rev_n #10 + digit
temp = temp // 10
if n == rev_n:
else: return True
return False else:
return False

Case of Numbers

return True

",neutral
neutral_008.jpg,/kaggle/input/musait/basket/neutral_008.jpg,0,,neutral
neutral_009.jpg,/kaggle/input/musait/basket/neutral_009.jpg,0,,neutral
neutral_010.jpg,/kaggle/input/musait/basket/neutral_010.jpg,1,"1. Palindrome

#By using indexing / using for loop

return False
return True

@By Using whi
def pa
n= len(s)

first = 0
) last = n-1
‘Comps 't-Joingreve while(first<last):
pelea if s[first]==s[last]:
cise: first
return False last -= 1

else:
return False

MANGOTRA return True

#By using while loop
def palindrome6(n):
Using Split Method temp =n #1456
palindrome rev_n =0
while (temp>0):
digit = temp % 10
rev_n = rev_n #10 + digit
temp = temp // 10
if n == rev_n:
else: return True
return False else:
return False

Case of Numbers

return True

",neutral
neutral_011.jpg,/kaggle/input/musait/basket/neutral_011.jpg,1,"y

Coabed Abisd. \Aruat-

| On es Pence, Apruacls, o7 prackes

£7 bee on -yecce.
Apter dic wa. Ca¥) chevee! go (ren
",neutral
neutral_012.jpg,/kaggle/input/musait/basket/neutral_012.jpg,1,"nh404@Desktop:~$ python3.10
Python 3.10.4 (main, Mar 24 2022, 16:12:56) [GCC 9.4.0] on linux
Type ""help"", ""copyright"", ""credits"" or ""license"" for more information
>>> import turtle
Traceback (most recent call last):
File ""<stdin>"", line 1, in <module>
File ""/usr/lib/python3.10/turtle.py"", line 107, in <module>
import tkinter
ModuleNotFoundError: No module named 'tkinter'
>>> import Turtle
Traceback (most recent call last):
File ""<stdin>"", line 1, in <module>
ModuleNotFoundError: No module named ‘Turtle’
>>> import tkinter
Traceback (most recent call last):
File ""<stdin>"", line 1, in <module>
peautototreuertar: No module named 'tkinter
",neutral
neutral_013.jpg,/kaggle/input/musait/basket/neutral_013.jpg,0,,neutral
neutral_014.jpg,/kaggle/input/musait/basket/neutral_014.jpg,0,,neutral
neutral_015.jpg,/kaggle/input/musait/basket/neutral_015.jpg,1,"nh404@Desktop:~$ python3.10
Python 3.10.4 (main, Mar 24 2022, 16:12:56) [GCC 9.4.0] on linux
Type ""help"", ""copyright"", ""credits"" or ""license"" for more information
>>> import turtle
Traceback (most recent call last):
File ""<stdin>"", line 1, in <module>
File ""/usr/lib/python3.10/turtle.py"", line 107, in <module>
import tkinter
ModuleNotFoundError: No module named 'tkinter'
>>> import Turtle
Traceback (most recent call last):
File ""<stdin>"", line 1, in <module>
ModuleNotFoundError: No module named ‘Turtle’
>>> import tkinter
Traceback (most recent call last):
File ""<stdin>"", line 1, in <module>
peautototreuertar: No module named 'tkinter
",neutral
neutral_016.jpeg,/kaggle/input/musait/basket/neutral_016.jpeg,1,"First date

",neutral
neutral_017.jpg,/kaggle/input/musait/basket/neutral_017.jpg,1,"FS

<import yoruba from %Nigeria//>
<!YORUBATYPE html>
<ori>
<oruko>%>ede programming titun ti yoruba
</oruko%>
</ori>
<ara%>
<ori alakoko>0mo yoruba atata ni mi</ori>
</ara%\\>
<es0%>]
ori alakoko {
titobi: 50px;
sisanra: 10px;
2
</eso\\%>
<lati owo @ronniepaul ni ede programming yi
ti seyo%//>
// ese pupo \\
",neutral
neutral_018.jpg,/kaggle/input/musait/basket/neutral_018.jpg,0,,neutral
neutral_019.jpg,/kaggle/input/musait/basket/neutral_019.jpg,0,,neutral
neutral_020.jpg,/kaggle/input/musait/basket/neutral_020.jpg,1,"FS

<import yoruba from %Nigeria//>
<!YORUBATYPE html>
<ori>
<oruko>%>ede programming titun ti yoruba
</oruko%>
</ori>
<ara%>
<ori alakoko>0mo yoruba atata ni mi</ori>
</ara%\\>
<es0%>]
ori alakoko {
titobi: 50px;
sisanra: 10px;
2
</eso\\%>
<lati owo @ronniepaul ni ede programming yi
ti seyo%//>
// ese pupo \\
",neutral
neutral_021.jpeg,/kaggle/input/musait/basket/neutral_021.jpeg,0,,neutral
neutral_022.jpg,/kaggle/input/musait/basket/neutral_022.jpg,1,"My cat learned he could scoop up food with his
cone and stole my damn taco when | wasn't
looking

seas 10,004 6ST em OB A
",neutral
neutral_023.jpg,/kaggle/input/musait/basket/neutral_023.jpg,0,,neutral
neutral_024.jpg,/kaggle/input/musait/basket/neutral_024.jpg,0,,neutral
neutral_025.jpg,/kaggle/input/musait/basket/neutral_025.jpg,1,"My cat learned he could scoop up food with his
cone and stole my damn taco when | wasn't
looking

seas 10,004 6ST em OB A
",neutral
neutral_026.jpeg,/kaggle/input/musait/basket/neutral_026.jpeg,1,"@fancy_starwars

*

cm
""WI
",neutral
neutral_027.jpg,/kaggle/input/musait/basket/neutral_027.jpg,1,"it could all be so simple

",neutral
neutral_028.jpg,/kaggle/input/musait/basket/neutral_028.jpg,0,,neutral
neutral_029.jpg,/kaggle/input/musait/basket/neutral_029.jpg,0,,neutral
neutral_030.jpg,/kaggle/input/musait/basket/neutral_030.jpg,1,"it could all be so simple

",neutral
neutral_031.jpeg,/kaggle/input/musait/basket/neutral_031.jpeg,1,"""How to pick up chicks""

",neutral
neutral_032.jpg,/kaggle/input/musait/basket/neutral_032.jpg,1,"135.A tradesman gives 4% dis-
count on the marked price
and gives 1 article free for
buying every 15 articles and
thus gains 35%. The marked
price is increased above the
cost price by
(1) 40% (2). 39%

(3) 50% (4) 20%

5 Ue Y aay, Vee [eet eet A) Le ek OLS Vat
",neutral
neutral_033.jpg,/kaggle/input/musait/basket/neutral_033.jpg,0,,neutral
neutral_034.jpg,/kaggle/input/musait/basket/neutral_034.jpg,0,,neutral
neutral_035.jpg,/kaggle/input/musait/basket/neutral_035.jpg,1,"135.A tradesman gives 4% dis-
count on the marked price
and gives 1 article free for
buying every 15 articles and
thus gains 35%. The marked
price is increased above the
cost price by
(1) 40% (2). 39%

(3) 50% (4) 20%

5 Ue Y aay, Vee [eet eet A) Le ek OLS Vat
",neutral
neutral_036.jpeg,/kaggle/input/musait/basket/neutral_036.jpeg,0,,neutral
neutral_037.jpg,/kaggle/input/musait/basket/neutral_037.jpg,1,"Question

t main()

CSE 102

printf(“1\n"");
69, Write a programme to print the pattern printf(""4 6\n"")5
printf(""9 11 13\n"")3

F(""47 149 21 23\n"");

¥
",neutral
neutral_038.jpg,/kaggle/input/musait/basket/neutral_038.jpg,0,,neutral
neutral_039.jpg,/kaggle/input/musait/basket/neutral_039.jpg,0,,neutral
neutral_040.jpg,/kaggle/input/musait/basket/neutral_040.jpg,1,"Question

t main()

CSE 102

printf(“1\n"");
69, Write a programme to print the pattern printf(""4 6\n"")5
printf(""9 11 13\n"")3

F(""47 149 21 23\n"");

¥
",neutral
neutral_041.jpeg,/kaggle/input/musait/basket/neutral_041.jpeg,0,,neutral
neutral_042.jpg,/kaggle/input/musait/basket/neutral_042.jpg,1,"Working with Java as a Python
programmer

e ArrayList can not be used for primitive types, like int, char, etc. We needa
vrapper class for such cases.

ee aVVhhy’are you the way, thatjyou are?
",neutral
neutral_043.jpg,/kaggle/input/musait/basket/neutral_043.jpg,0,,neutral
neutral_044.jpg,/kaggle/input/musait/basket/neutral_044.jpg,0,,neutral
neutral_045.jpg,/kaggle/input/musait/basket/neutral_045.jpg,1,"Working with Java as a Python
programmer

e ArrayList can not be used for primitive types, like int, char, etc. We needa
vrapper class for such cases.

ee aVVhhy’are you the way, thatjyou are?
",neutral
neutral_046.jpg,/kaggle/input/musait/basket/neutral_046.jpg,1,"If oil can float on water, put
oil on your feet and walk in
the ocean. Simple.

calm down
calm down

",neutral
neutral_047.png,/kaggle/input/musait/basket/neutral_047.png,0,,neutral
neutral_048.jpg,/kaggle/input/musait/basket/neutral_048.jpg,0,,neutral
neutral_049.jpg,/kaggle/input/musait/basket/neutral_049.jpg,0,,neutral
neutral_050.jpg,/kaggle/input/musait/basket/neutral_050.jpg,1,"If oil can float on water, put
oil on your feet and walk in
the ocean. Simple.

calm down
calm down

",neutral
neutral_051.jpeg,/kaggle/input/musait/basket/neutral_051.jpeg,1,"cat yawning step by step

",neutral
neutral_052.jpg,/kaggle/input/musait/basket/neutral_052.jpg,0,,neutral
neutral_053.jpeg,/kaggle/input/musait/basket/neutral_053.jpeg,0,,neutral
neutral_054.jpg,/kaggle/input/musait/basket/neutral_054.jpg,0,,neutral
neutral_055.jpeg,/kaggle/input/musait/basket/neutral_055.jpeg,1,"Bees AL
@ Public + + Album + © Off +

Stop acting like broken
When you're chilling in real life
",neutral
neutral_056.jpg,/kaggle/input/musait/basket/neutral_056.jpg,1,"When you flush the toilet

and the water starts rising

",neutral
neutral_057.jpg,/kaggle/input/musait/basket/neutral_057.jpg,0,,neutral
neutral_058.jpg,/kaggle/input/musait/basket/neutral_058.jpg,0,,neutral
neutral_059.jpg,/kaggle/input/musait/basket/neutral_059.jpg,1,"When you flush the toilet

and the water starts rising

",neutral
neutral_060.jpeg,/kaggle/input/musait/basket/neutral_060.jpeg,0,,neutral
neutral_061.jpg,/kaggle/input/musait/basket/neutral_061.jpg,0,,neutral
neutral_062.png,/kaggle/input/musait/basket/neutral_062.png,0,,neutral
neutral_063.jpg,/kaggle/input/musait/basket/neutral_063.jpg,0,,neutral
neutral_064.png,/kaggle/input/musait/basket/neutral_064.png,0,,neutral
neutral_065.jpeg,/kaggle/input/musait/basket/neutral_065.jpeg,1,"They mixed up parts at the cat
factory

",neutral
neutral_066.jpg,/kaggle/input/musait/basket/neutral_066.jpg,0,,neutral
neutral_067.jpeg,/kaggle/input/musait/basket/neutral_067.jpeg,0,,neutral
neutral_068.jpg,/kaggle/input/musait/basket/neutral_068.jpg,0,,neutral
neutral_069.jpeg,/kaggle/input/musait/basket/neutral_069.jpeg,0,,neutral
neutral_070.jpg,/kaggle/input/musait/basket/neutral_070.jpg,1,"NOT SURE IF ACTUALLY HAVE
FREE)TIME

OR JUST FORGETTING EVERYTHING
",neutral
neutral_071.png,/kaggle/input/musait/basket/neutral_071.png,0,,neutral
neutral_072.jpg,/kaggle/input/musait/basket/neutral_072.jpg,0,,neutral
neutral_073.jpg,/kaggle/input/musait/basket/neutral_073.jpg,0,,neutral
neutral_074.jpg,/kaggle/input/musait/basket/neutral_074.jpg,1,"NOT SURE IF ACTUALLY HAVE
FREE)TIME

OR JUST FORGETTING EVERYTHING
",neutral
neutral_075.jpeg,/kaggle/input/musait/basket/neutral_075.jpeg,1,"All that | need for Valentine's Day is you

Poorly Made
Cat Memes

",neutral
neutral_076.jpg,/kaggle/input/musait/basket/neutral_076.jpg,0,,neutral
neutral_077.png,/kaggle/input/musait/basket/neutral_077.png,1,"fs.
fs, |ox2142

ae NETWORKING NONSENSE
",neutral
neutral_078.png,/kaggle/input/musait/basket/neutral_078.png,1,"fs.
fs, |ox2142

ae NETWORKING NONSENSE
",neutral
neutral_079.jpeg,/kaggle/input/musait/basket/neutral_079.jpeg,1,"Why scientists had
long hairs

y at
q if if: a ?

",neutral
neutral_080.jpg,/kaggle/input/musait/basket/neutral_080.jpg,0,,neutral
neutral_081.jpeg,/kaggle/input/musait/basket/neutral_081.jpeg,0,,neutral
neutral_082.jpeg,/kaggle/input/musait/basket/neutral_082.jpeg,0,,neutral
neutral_083.jpeg,/kaggle/input/musait/basket/neutral_083.jpeg,1,"When you are surrounded by
1000’s years of history, but
there is a cat

",neutral
neutral_084.jpg,/kaggle/input/musait/basket/neutral_084.jpg,1,"me: opens sunroof

everyone else on the submarine:

~~  @

e_@
eo ®

",neutral
neutral_085.jpg,/kaggle/input/musait/basket/neutral_085.jpg,0,,neutral
neutral_086.jpg,/kaggle/input/musait/basket/neutral_086.jpg,1,"me: opens sunroof

everyone else on the submarine:

~~  @

e_@
eo ®

",neutral
neutral_087.jpeg,/kaggle/input/musait/basket/neutral_087.jpeg,1,"8 boys 2 girls

8 males
2 females

8XY 2XX

2x(4y+x)

",neutral
neutral_088.jpg,/kaggle/input/musait/basket/neutral_088.jpg,0,,neutral
neutral_089.png,/kaggle/input/musait/basket/neutral_089.png,0,,neutral
neutral_090.png,/kaggle/input/musait/basket/neutral_090.png,0,,neutral
neutral_091.jpeg,/kaggle/input/musait/basket/neutral_091.jpeg,1,"What people tt think:

- a7 aw
Sy

ea Gis

",neutral
neutral_092.jpg,/kaggle/input/musait/basket/neutral_092.jpg,0,,neutral
neutral_093.jpeg,/kaggle/input/musait/basket/neutral_093.jpeg,0,,neutral
neutral_094.jpeg,/kaggle/input/musait/basket/neutral_094.jpeg,0,,neutral
neutral_095.jpeg,/kaggle/input/musait/basket/neutral_095.jpeg,1,"3 weeks
Ge""
a

52 weeks

",neutral
neutral_096.jpg,/kaggle/input/musait/basket/neutral_096.jpg,0,,neutral
neutral_097.jpeg,/kaggle/input/musait/basket/neutral_097.jpeg,0,,neutral
neutral_098.jpg,/kaggle/input/musait/basket/neutral_098.jpg,0,,neutral
neutral_099.jpeg,/kaggle/input/musait/basket/neutral_099.jpeg,0,,neutral
neutral_100.png,/kaggle/input/musait/basket/neutral_100.png,0,,neutral
neutral_101.jpeg,/kaggle/input/musait/basket/neutral_101.jpeg,0,,neutral
neutral_102.png,/kaggle/input/musait/basket/neutral_102.png,0,,neutral
neutral_103.jpeg,/kaggle/input/musait/basket/neutral_103.jpeg,0,,neutral
neutral_104.jpeg,/kaggle/input/musait/basket/neutral_104.jpeg,0,,neutral
neutral_105.jpeg,/kaggle/input/musait/basket/neutral_105.jpeg,0,,neutral
neutral_106.jpeg,/kaggle/input/musait/basket/neutral_106.jpeg,0,,neutral
neutral_107.jpeg,/kaggle/input/musait/basket/neutral_107.jpeg,1,"We found him

",neutral
neutral_108.jpg,/kaggle/input/musait/basket/neutral_108.jpg,1,"f lan Kidder is ® feeling jealous.
Yesterday at 10:42 AM

Waiting for that optional pass / fail like

",neutral
neutral_109.jpeg,/kaggle/input/musait/basket/neutral_109.jpeg,0,,neutral
neutral_110.jpg,/kaggle/input/musait/basket/neutral_110.jpg,1,"f lan Kidder is ® feeling jealous.
Yesterday at 10:42 AM

Waiting for that optional pass / fail like

",neutral
neutral_111.jpeg,/kaggle/input/musait/basket/neutral_111.jpeg,1,"Tf [AR Conual Pun » Speonenasecy” SE

omputer

28 Windows8

View basic information about your ©?

",neutral
neutral_112.png,/kaggle/input/musait/basket/neutral_112.png,1,"Leaflet

Media Space
",neutral
neutral_113.jpeg,/kaggle/input/musait/basket/neutral_113.jpeg,1,"W

meaningless
",neutral
neutral_114.png,/kaggle/input/musait/basket/neutral_114.png,1,"Leaflet

Media Space
",neutral
neutral_115.jpeg,/kaggle/input/musait/basket/neutral_115.jpeg,1,"The Rehearsa

",neutral
neutral_116.jpeg,/kaggle/input/musait/basket/neutral_116.jpeg,1,"Facetui
",neutral
neutral_117.jpeg,/kaggle/input/musait/basket/neutral_117.jpeg,0,,neutral
neutral_118.jpeg,/kaggle/input/musait/basket/neutral_118.jpeg,1,"Facetui
",neutral
neutral_119.jpeg,/kaggle/input/musait/basket/neutral_119.jpeg,1,"Bodybuilder

Programmer

",neutral
neutral_120.jpg,/kaggle/input/musait/basket/neutral_120.jpg,1,"COMPANY NAME G4)

Aquitani. Lorem ipsum
dolor sit amet

50 % OFF

ON YOUR FIRST DELIVERY

CONTACT US

www.website.com
",neutral
neutral_121.jpeg,/kaggle/input/musait/basket/neutral_121.jpeg,0,,neutral
neutral_122.jpg,/kaggle/input/musait/basket/neutral_122.jpg,1,"COMPANY NAME G4)

Aquitani. Lorem ipsum
dolor sit amet

50 % OFF

ON YOUR FIRST DELIVERY

CONTACT US

www.website.com
",neutral
neutral_123.jpeg,/kaggle/input/musait/basket/neutral_123.jpeg,0,,neutral
neutral_124.png,/kaggle/input/musait/basket/neutral_124.png,1,"Leaflet

Media Space
",neutral
neutral_125.jpeg,/kaggle/input/musait/basket/neutral_125.jpeg,0,,neutral
neutral_126.png,/kaggle/input/musait/basket/neutral_126.png,1,"Leaflet

Media Space
",neutral
neutral_127.jpeg,/kaggle/input/musait/basket/neutral_127.jpeg,1,"My cat after bringing me
the pen | lost months ago

. mi

Purrrrlock Holmes

",neutral
neutral_128.jpeg,/kaggle/input/musait/basket/neutral_128.jpeg,1,"Business Post
",neutral
neutral_129.jpeg,/kaggle/input/musait/basket/neutral_129.jpeg,1,"——
",neutral
neutral_130.jpeg,/kaggle/input/musait/basket/neutral_130.jpeg,1,"Business Post
",neutral
neutral_131.jpeg,/kaggle/input/musait/basket/neutral_131.jpeg,0,,neutral
neutral_132.jpg,/kaggle/input/musait/basket/neutral_132.jpg,1,"shutterst=sck:
",neutral
neutral_133.jpg,/kaggle/input/musait/basket/neutral_133.jpg,1,"1 WILE FIND YOU

AND | WILL DESCRIBE YOU
",neutral
neutral_134.jpg,/kaggle/input/musait/basket/neutral_134.jpg,1,"1 WILE FIND YOU

AND | WILL DESCRIBE YOU
",neutral
neutral_135.jpg,/kaggle/input/musait/basket/neutral_135.jpg,0,,neutral
neutral_136.png,/kaggle/input/musait/basket/neutral_136.png,1,"less than
",neutral
neutral_137.png,/kaggle/input/musait/basket/neutral_137.png,1,"less than
",neutral
neutral_138.jpeg,/kaggle/input/musait/basket/neutral_138.jpeg,1,"Your/Ad|Here
",neutral
neutral_139.jpg,/kaggle/input/musait/basket/neutral_139.jpg,0,,neutral
neutral_140.jpeg,/kaggle/input/musait/basket/neutral_140.jpeg,1,"Your/Ad|Here
",neutral
neutral_141.jpg,/kaggle/input/musait/basket/neutral_141.jpg,0,,neutral
neutral_142.jpg,/kaggle/input/musait/basket/neutral_142.jpg,0,,neutral
neutral_143.jpg,/kaggle/input/musait/basket/neutral_143.jpg,0,,neutral
neutral_144.jpg,/kaggle/input/musait/basket/neutral_144.jpg,0,,neutral
neutral_145.png,/kaggle/input/musait/basket/neutral_145.png,1,"LESSOR @ LESSEE

‘lease agreement

rangement between two partis ~lessorvs
lessee

LESSOR LESSEE
The one who gives his place on rent MINEsn: ERE)

ESET place may tbe a bungalow an

‘apartment, on rent.
",neutral
neutral_146.png,/kaggle/input/musait/basket/neutral_146.png,1,"LESSOR @ LESSEE

‘lease agreement

rangement between two partis ~lessorvs
lessee

LESSOR LESSEE
The one who gives his place on rent MINEsn: ERE)

ESET place may tbe a bungalow an

‘apartment, on rent.
",neutral
neutral_147.jpeg,/kaggle/input/musait/basket/neutral_147.jpeg,0,,neutral
neutral_148.jpg,/kaggle/input/musait/basket/neutral_148.jpg,0,,neutral
neutral_149.jpeg,/kaggle/input/musait/basket/neutral_149.jpeg,0,,neutral
neutral_150.jpg,/kaggle/input/musait/basket/neutral_150.jpg,1,"Nee

—
1 —

ANY OF. THESE QUOTES PEOPLE CREDIT;
MEFORON'FACER BOOKS ~WILLSMITH
",neutral
neutral_151.jpg,/kaggle/input/musait/basket/neutral_151.jpg,0,,neutral
neutral_152.jpg,/kaggle/input/musait/basket/neutral_152.jpg,1,"Nee

—
1 —

ANY OF. THESE QUOTES PEOPLE CREDIT;
MEFORON'FACER BOOKS ~WILLSMITH
",neutral
neutral_153.jpeg,/kaggle/input/musait/basket/neutral_153.jpeg,0,,neutral
neutral_154.png,/kaggle/input/musait/basket/neutral_154.png,1,"O00 Terminal
Geeks :~5 Wl

Programming
",neutral
neutral_155.png,/kaggle/input/musait/basket/neutral_155.png,1,"O00 Terminal
Geeks :~5 Wl

Programming
",neutral
neutral_156.jpeg,/kaggle/input/musait/basket/neutral_156.jpeg,1,"OH/ABI BAND.YOU LIKE
BECAME Famous?

",neutral
neutral_157.jpeg,/kaggle/input/musait/basket/neutral_157.jpeg,1,"i
",neutral
neutral_158.jpeg,/kaggle/input/musait/basket/neutral_158.jpeg,1,"OH/ABI BAND.YOU LIKE
BECAME Famous?

",neutral
neutral_159.jpeg,/kaggle/input/musait/basket/neutral_159.jpeg,0,,neutral
neutral_160.jpg,/kaggle/input/musait/basket/neutral_160.jpg,1,"RIGHT AFTER | POST uy ING MY FACEBOOK AND | HANG AROU!
OUT, e
",neutral
neutral_161.jpg,/kaggle/input/musait/basket/neutral_161.jpg,1,"RIGHT AFTER | POST uy ING MY FACEBOOK AND | HANG AROU!
OUT, e
",neutral
neutral_162.jpeg,/kaggle/input/musait/basket/neutral_162.jpeg,0,,neutral
neutral_163.png,/kaggle/input/musait/basket/neutral_163.png,0,,neutral
neutral_164.png,/kaggle/input/musait/basket/neutral_164.png,0,,neutral
neutral_165.jpeg,/kaggle/input/musait/basket/neutral_165.jpeg,0,,neutral
neutral_166.jpeg,/kaggle/input/musait/basket/neutral_166.jpeg,0,,neutral
neutral_167.jpg,/kaggle/input/musait/basket/neutral_167.jpg,0,,neutral
neutral_168.jpg,/kaggle/input/musait/basket/neutral_168.jpg,0,,neutral
neutral_169.png,/kaggle/input/musait/basket/neutral_169.png,0,,neutral
neutral_170.png,/kaggle/input/musait/basket/neutral_170.png,0,,neutral
neutral_171.jpeg,/kaggle/input/musait/basket/neutral_171.jpeg,1,")
",neutral
neutral_172.jpeg,/kaggle/input/musait/basket/neutral_172.jpeg,1,")
",neutral
neutral_173.jpg,/kaggle/input/musait/basket/neutral_173.jpg,1,"FOLLOW US

ON OUR SOCIAL NETWORKS

nt vo

@YOURSOCIALNETWORK

Double click to edit this design template from the graphic editor EDIT.org
",neutral
neutral_174.jpg,/kaggle/input/musait/basket/neutral_174.jpg,1,"FOLLOW US

ON OUR SOCIAL NETWORKS

nt vo

@YOURSOCIALNETWORK

Double click to edit this design template from the graphic editor EDIT.org
",neutral
neutral_175.png,/kaggle/input/musait/basket/neutral_175.png,1,"Did You Know

The longest I've gone
without sleep is...

mE ©.

",neutral
neutral_176.png,/kaggle/input/musait/basket/neutral_176.png,1,"Did You Know

The longest I've gone
without sleep is...

mE ©.

",neutral
neutral_177.jpeg,/kaggle/input/musait/basket/neutral_177.jpeg,1,"THAT, MOMENT WHEN YOU
EALIZE

",neutral
neutral_178.jpg,/kaggle/input/musait/basket/neutral_178.jpg,1,"CREATING A
FACEBOOK
POST

",neutral
neutral_179.jpg,/kaggle/input/musait/basket/neutral_179.jpg,1,"CREATING A
FACEBOOK
POST

",neutral
neutral_180.png,/kaggle/input/musait/basket/neutral_180.png,0,,neutral
neutral_181.png,/kaggle/input/musait/basket/neutral_181.png,0,,neutral
neutral_182.jpeg,/kaggle/input/musait/basket/neutral_182.jpeg,1,"when you see someone suffering from
depression.

",neutral
neutral_183.jpg,/kaggle/input/musait/basket/neutral_183.jpg,1,"hamii «
@apkapio

Everyone Right Now \w

8:00 PM - 07 May 19 - Twitter for Android
",neutral
neutral_184.jpg,/kaggle/input/musait/basket/neutral_184.jpg,1,"hamii »
@apkapio

Everyone Right Now \«

8:00 PM - 07 May 19 - Twitter for Android
",neutral
neutral_185.png,/kaggle/input/musait/basket/neutral_185.png,0,,neutral
neutral_186.png,/kaggle/input/musait/basket/neutral_186.png,0,,neutral
neutral_187.jpeg,/kaggle/input/musait/basket/neutral_187.jpeg,0,,neutral
neutral_188.jpg,/kaggle/input/musait/basket/neutral_188.jpg,1,"Me when the 30
day snooze expires

",neutral
neutral_189.jpg,/kaggle/input/musait/basket/neutral_189.jpg,1,"Me when the 30
day snooze expires

",neutral
neutral_190.png,/kaggle/input/musait/basket/neutral_190.png,1,"NA Buffer

wes Sponsored -

Buffer makes it super easy to share to social

Buffer For Agencies
9 Learn More
buffer.com
",neutral
neutral_191.png,/kaggle/input/musait/basket/neutral_191.png,1,"NA Buffer

wes Sponsored -

Buffer makes it super easy to share to social

Buffer For Agencies
9 Learn More
buffer.com
",neutral
neutral_192.jpeg,/kaggle/input/musait/basket/neutral_192.jpeg,1,"THISIS: ee

FOR THE BRIViCeGES OF
BEING WHITE
",neutral
neutral_193.jpg,/kaggle/input/musait/basket/neutral_193.jpg,1,"When my sister cooked for the first
time.

",neutral
neutral_194.png,/kaggle/input/musait/basket/neutral_194.png,0,,neutral
neutral_195.png,/kaggle/input/musait/basket/neutral_195.png,0,,neutral
neutral_196.jpeg,/kaggle/input/musait/basket/neutral_196.jpeg,1,"VAGUE FACEBOOK POSTS

",neutral
neutral_197.jpeg,/kaggle/input/musait/basket/neutral_197.jpeg,1,"VAGUE FACEBOOK POSTS

",neutral
neutral_198.jpg,/kaggle/input/musait/basket/neutral_198.jpg,0,,neutral
neutral_199.jpg,/kaggle/input/musait/basket/neutral_199.jpg,0,,neutral
neutral_200.png,/kaggle/input/musait/basket/neutral_200.png,1,"WHENIPOST SOMETHING
CONTROVERSIAL’ ON FEB...

",neutral
neutral_201.jpeg,/kaggle/input/musait/basket/neutral_201.jpeg,1,"12. ""used to have a job at a calendar
factory but | got the sack because |

took a couple of

Weare laughing
",neutral
neutral_202.jpg,/kaggle/input/musait/basket/neutral_202.jpg,1,"“> Nakshtra Tiwari
Ye @sab_par_bhari

She:hum dono M kya rista hh..
He:rista to do logo M hota hh,
hum dono to ek hh..

15 y/o nibbi:

Translate Tweet

",neutral
neutral_203.png,/kaggle/input/musait/basket/neutral_203.png,1,"power thesaurus

Synonyms for Academic
position

ideal position academic status formal position
",neutral
neutral_204.png,/kaggle/input/musait/basket/neutral_204.png,1,"power thesaurus

Synonyms for Academic
position

ideal position academic status formal position
",neutral
neutral_205.jpeg,/kaggle/input/musait/basket/neutral_205.jpeg,0,,neutral
neutral_206.jpg,/kaggle/input/musait/basket/neutral_206.jpg,1,"FOLLOW US

ON OUR SOCIAL NETWORKS

nt vo

@YOURSOCIALNETWORK

Double click to edit this design template from the graphic editor EDIT.org
",neutral
neutral_207.jpg,/kaggle/input/musait/basket/neutral_207.jpg,1,"FOLLOW US

ON OUR SOCIAL NETWORKS

nt vo

@YOURSOCIALNETWORK

Double click to edit this design template from the graphic editor EDIT.org
",neutral
neutral_208.png,/kaggle/input/musait/basket/neutral_208.png,1,"g OJ
a Ea
be aa 7

ADVERTISING

A GUIDE FOR BEGINNERS
",neutral
neutral_209.png,/kaggle/input/musait/basket/neutral_209.png,1,"g OJ
a Ea
be aa 7

ADVERTISING

A GUIDE FOR BEGINNERS
",neutral
neutral_210.jpeg,/kaggle/input/musait/basket/neutral_210.jpeg,0,,neutral
neutral_211.jpeg,/kaggle/input/musait/basket/neutral_211.jpeg,0,,neutral
neutral_212.jpg,/kaggle/input/musait/basket/neutral_212.jpg,1,"CREATING A
FACEBOOK
POST

",neutral
neutral_213.jpg,/kaggle/input/musait/basket/neutral_213.jpg,1,"CREATING A
FACEBOOK
POST

",neutral
neutral_214.png,/kaggle/input/musait/basket/neutral_214.png,1,"MENTES

MONKEY
",neutral
neutral_215.png,/kaggle/input/musait/basket/neutral_215.png,1,"MENTES

MONKEY
",neutral
neutral_216.jpeg,/kaggle/input/musait/basket/neutral_216.jpeg,1,"People: | don't watch WWE
because it's fake.

~ So you watch
» movies because
they are real?

",neutral
neutral_217.jpeg,/kaggle/input/musait/basket/neutral_217.jpeg,1,"People: | don't watch WWE
because it's fake.

~ So you watch
» movies because
they are real?

",neutral
neutral_218.jpg,/kaggle/input/musait/basket/neutral_218.jpg,1,"One day you will
tell your story of how
you've overcome what
you are going through
now, and it will become
part of someone else’s
survival guide.

FE
",neutral
neutral_219.jpg,/kaggle/input/musait/basket/neutral_219.jpg,1,"One day you will
tell your story of how
you've overcome what
you are going through
now, and it will become
part of someone else’s
survival guide.

FE
",neutral
neutral_220.png,/kaggle/input/musait/basket/neutral_220.png,1,"FOOD INGREDIENTS
AND ADDITIVES

D) ae

",neutral
neutral_221.png,/kaggle/input/musait/basket/neutral_221.png,1,"FOOD INGREDIENTS
AND ADDITIVES

D) ae

",neutral
neutral_222.jpeg,/kaggle/input/musait/basket/neutral_222.jpeg,1,"Computer Science Students
Year 1
printf(""Hello World"")

Year 2

Data structures ,
DBMS , Operating
System

Year 3

Year 4
Welcome to my
YouTube channel !

",neutral
neutral_223.jpeg,/kaggle/input/musait/basket/neutral_223.jpeg,1,"Computer Science Students
Year 1
printf(""Hello World"")

Year 2

Data structures ,
DBMS , Operating
System

Year 3

Year 4
Welcome to my
YouTube channel !

",neutral
neutral_224.jpg,/kaggle/input/musait/basket/neutral_224.jpg,1,"MILEENIAL MINDSET

IF YOU GENUINELY WANT
SOMETHING, DON'T WAIT FOR IT--
TEACH YOURSELF 10 BE IMPATIENT.
",neutral
neutral_225.jpg,/kaggle/input/musait/basket/neutral_225.jpg,1,"MILEENIAL MINDSET

IF YOU GENUINELY WANT
SOMETHING, DON'T WAIT FOR IT--
TEACH YOURSELF 10 BE IMPATIENT.
",neutral
neutral_226.png,/kaggle/input/musait/basket/neutral_226.png,0,,neutral
neutral_227.png,/kaggle/input/musait/basket/neutral_227.png,0,,neutral
neutral_228.jpeg,/kaggle/input/musait/basket/neutral_228.jpeg,1,"LEARN C++ ©.
IN ONE VIDEO “~

‘\
Nae ACC
“es
v
ey
~
n J
‘

Pm pi i) 2:52/35040:04
",neutral
neutral_229.jpeg,/kaggle/input/musait/basket/neutral_229.jpeg,1,"LEARN C++ ©.
IN ONE VIDEO “~

‘\
Nae ACC
“es
v
ey
~
n J
‘

Pm pi i) 2:52/35040:04
",neutral
neutral_230.jpg,/kaggle/input/musait/basket/neutral_230.jpg,1,"A SHORT COURSE IN COPYWRITING
",neutral
neutral_231.jpg,/kaggle/input/musait/basket/neutral_231.jpg,1,"A SHORT COURSE IN COPYWRITING
",neutral
neutral_232.png,/kaggle/input/musait/basket/neutral_232.png,1,"Academic
Positions

",neutral
neutral_233.png,/kaggle/input/musait/basket/neutral_233.png,1,"Academic
Positions

",neutral
neutral_234.jpeg,/kaggle/input/musait/basket/neutral_234.jpeg,1,"That moment when you're in
exam and all you know is
date and name

",neutral
neutral_235.jpg,/kaggle/input/musait/basket/neutral_235.jpg,0,,neutral
neutral_236.jpg,/kaggle/input/musait/basket/neutral_236.jpg,0,,neutral
neutral_237.png,/kaggle/input/musait/basket/neutral_237.png,1,"Academic Position

Frequency Percentage

1 Senior professor 24 5.9
2 Professor 65 15.9
3 Associate professor 08 2.0
4 Senior lecturer grade I &II 258 63.2
5 Lecturer/ Lecturer (Probationary) 53 13.0

Total 408 100
",neutral
neutral_238.png,/kaggle/input/musait/basket/neutral_238.png,1,"Academic Position

Frequency Percentage

1 Senior professor 24 5.9
2 Professor 65 15.9
3 Associate professor 08 2.0
4 Senior lecturer grade I &II 258 63.2
5 Lecturer/ Lecturer (Probationary) 53 13.0

Total 408 100
",neutral
neutral_239.jpeg,/kaggle/input/musait/basket/neutral_239.jpeg,1,"el i iii mn ERMI
ii wl i, s ij HW ibiliat
| a
Peeeia Tn oe |
make: *** No rule to make target ‘mario’. Stop.
$ 1s

hello/ mario-more/

$ Make mario-more
mario-more is a directory
$ make mario
make: *** No rule
$ ./mario

bash: ./mario: No
$ make mario
make: *** No ru
$ make mario
make, 7°"" (No rule|t
$ make mario
Did you mean
sll

i

",neutral
neutral_240.jpeg,/kaggle/input/musait/basket/neutral_240.jpeg,1,"el i iii mn ERMI
ii wl i, s ij HW ibiliat
| a
Peeeia Tn oe |
make: *** No rule to make target ‘mario’. Stop.
$ 1s

hello/ mario-more/

$ Make mario-more
mario-more is a directory
$ make mario
make: *** No rule
$ ./mario

bash: ./mario: No
$ make mario
make: *** No ru
$ make mario
make, 7°"" (No rule|t
$ make mario
Did you mean
sll

i

",neutral
neutral_241.jpg,/kaggle/input/musait/basket/neutral_241.jpg,1,"my gf is at the vet and she sent me this

ea
a 4

7
‘=

ol derinthescarletpescatarian

Your gf is beautiful
",neutral
neutral_242.jpg,/kaggle/input/musait/basket/neutral_242.jpg,1,"my gf is at the vet and she sent me this

ea
a 4

7
‘=

ol derinthescarletpescatarian

Your gf is beautiful
",neutral
neutral_243.png,/kaggle/input/musait/basket/neutral_243.png,1,"aos

Conversation

A JZ
",neutral
neutral_244.png,/kaggle/input/musait/basket/neutral_244.png,1,"aos

Conversation

A JZ
",neutral
neutral_245.jpeg,/kaggle/input/musait/basket/neutral_245.jpeg,1,"ORVOURIGATIST
VOURIBRIGF ARELOW=

",neutral
neutral_246.jpeg,/kaggle/input/musait/basket/neutral_246.jpeg,1,"ORVOURIGATIST
VOURIBRIGF ARELOW=

",neutral
neutral_247.jpg,/kaggle/input/musait/basket/neutral_247.jpg,0,,neutral
neutral_248.jpg,/kaggle/input/musait/basket/neutral_248.jpg,0,,neutral
neutral_249.jpeg,/kaggle/input/musait/basket/neutral_249.jpeg,1,"Interviewer: Please make yourself
comfortable

Me:

So why should you hire me?
",neutral
neutral_250.jpg,/kaggle/input/musait/basket/neutral_250.jpg,1,"""Re;

hat if we’ use 0% of our brain?

7 one
Ny

",neutral
neutral_251.jpg,/kaggle/input/musait/basket/neutral_251.jpg,1,"""Re;

hat if we’ use 0% of our brain?

7 one
Ny

",neutral
neutral_252.jpeg,/kaggle/input/musait/basket/neutral_252.jpeg,1,"This property protected by Ol’ Stink Eye

",neutral
neutral_253.jpeg,/kaggle/input/musait/basket/neutral_253.jpeg,1,"This property protected by Ol’ Stink Eye

",neutral
neutral_254.jpg,/kaggle/input/musait/basket/neutral_254.jpg,1,"senior Javelin developer

",neutral
neutral_255.jpg,/kaggle/input/musait/basket/neutral_255.jpg,1,"senior Javelin developer

",neutral
neutral_256.jpeg,/kaggle/input/musait/basket/neutral_256.jpeg,1,"spiders are
the only web
developers in

>
the world that ha

caoy ince aaa 4
",neutral
neutral_257.jpeg,/kaggle/input/musait/basket/neutral_257.jpeg,1,"spiders are
the only web
developers in

>
the world that ha

caoy ince aaa 4
",neutral
neutral_258.jpg,/kaggle/input/musait/basket/neutral_258.jpg,1,"My cat Is afraid of baths
so in order to get him into
one | have to fill it with
rubber ducks

-

",neutral
neutral_259.jpeg,/kaggle/input/musait/basket/neutral_259.jpeg,0,,neutral
neutral_260.jpeg,/kaggle/input/musait/basket/neutral_260.jpeg,0,,neutral
neutral_261.jpg,/kaggle/input/musait/basket/neutral_261.jpg,1,"Google when |
enter my account
with a different
device

@alohisssssshek_

Google when |
actually get
hacked
",neutral
neutral_262.jpeg,/kaggle/input/musait/basket/neutral_262.jpeg,0,,neutral
neutral_263.jpeg,/kaggle/input/musait/basket/neutral_263.jpeg,0,,neutral
neutral_264.jpg,/kaggle/input/musait/basket/neutral_264.jpg,1,"Hackers in movies after
smashing their keyboard for
0.0001 secontis

| any a
(So S
",neutral
neutral_265.jpg,/kaggle/input/musait/basket/neutral_265.jpg,1,"Hackers in movies after
smashing their keyboard for
0.0001 secontis

| any a
(So S
",neutral
neutral_266.jpeg,/kaggle/input/musait/basket/neutral_266.jpeg,1,"Jaspers Recipe Generator

Dowrioad our app and got dalicious recipes
{oedaspors Marts atest proce!

",neutral
neutral_267.jpeg,/kaggle/input/musait/basket/neutral_267.jpeg,1,"Jaspers Recipe Generator

Dowrioad our app and got dalicious recipes
{oedaspors Marts atest proce!

",neutral
neutral_268.jpg,/kaggle/input/musait/basket/neutral_268.jpg,1,"Me safely crossing the road with
my little brothe

",neutral
neutral_269.jpg,/kaggle/input/musait/basket/neutral_269.jpg,1,"Me safely crossing the road with
my little brothe

",neutral
neutral_270.jpeg,/kaggle/input/musait/basket/neutral_270.jpeg,0,,neutral
neutral_271.jpeg,/kaggle/input/musait/basket/neutral_271.jpeg,0,,neutral
neutral_272.jpg,/kaggle/input/musait/basket/neutral_272.jpg,1,"hen, can you hac
a Facebook account for,
?

",neutral
neutral_273.jpeg,/kaggle/input/musait/basket/neutral_273.jpeg,0,,neutral
neutral_274.jpeg,/kaggle/input/musait/basket/neutral_274.jpeg,0,,neutral
neutral_275.jpg,/kaggle/input/musait/basket/neutral_275.jpg,1,"| Heard he doesn't use ""i""
in a for-loop

",neutral
neutral_276.jpg,/kaggle/input/musait/basket/neutral_276.jpg,1,"| Heard he doesn't use ""i""
in a for-loop

",neutral
neutral_277.jpeg,/kaggle/input/musait/basket/neutral_277.jpeg,0,,neutral
neutral_278.jpeg,/kaggle/input/musait/basket/neutral_278.jpeg,0,,neutral
neutral_279.jpg,/kaggle/input/musait/basket/neutral_279.jpg,1,"2203 44> all al

Complete Lab 7: Songs. Complete: Movies,
Fiftyville

Lab 7: Songs - 0%
Movies - 0%

Fiftyville - 0%

ts } Week 8

Complete Lab 8: Trivia. Complete Homepage

Lab 8: Trivia - 100%

Homepage - 100%

Complete Lab 9: Birthdays. Complete Finance

Lab 9: Birthdays - 0%

Finance - 0%

Final Project - 0%

BACK TO ALL COURSES

",neutral
neutral_280.jpg,/kaggle/input/musait/basket/neutral_280.jpg,1,"2203 44> all al

Complete Lab 7: Songs. Complete: Movies,
Fiftyville

Lab 7: Songs - 0%
Movies - 0%

Fiftyville - 0%

ts } Week 8

Complete Lab 8: Trivia. Complete Homepage

Lab 8: Trivia - 100%

Homepage - 100%

Complete Lab 9: Birthdays. Complete Finance

Lab 9: Birthdays - 0%

Finance - 0%

Final Project - 0%

BACK TO ALL COURSES

",neutral
neutral_281.jpeg,/kaggle/input/musait/basket/neutral_281.jpeg,1,"So you let all my y fiend
have access to wy privates 7 2

",neutral
neutral_282.jpeg,/kaggle/input/musait/basket/neutral_282.jpeg,1,"So you let all my y fiend
have access to wy privates 7 2

",neutral
neutral_283.jpg,/kaggle/input/musait/basket/neutral_283.jpg,1,"Fao - @ © (li) 51% 8 12:41

€ QEdit-pip_conso..

1 #import os,os.path,sys,readline
2 |) num1 = ( (""enter your number:"")
3 | num2 = ( (""enter your number:"")
4 num3 = ( (""enter your number:"")
5 num4 = ( (""enter your number:"")
6
7
8 | if(num1>num2):
9 f1 = num1
10 | else:
11 f1= num2
i2 | if(num3>num4) :
13 f2 = num3
14 | else:
15 f2 = num4
16 | if(f1>f2):
17 print( (f1) + ""is greatest "")
18 | else:
19 print( (f2) + ""is greatest "")
20
2
22
23
= a
LJ [SS _ com
{.S AAP SST = }
",neutral
neutral_284.jpg,/kaggle/input/musait/basket/neutral_284.jpg,1,"Fao - @ © (li) 51% 8 12:41

€ QEdit-pip_conso..

1 #import os,os.path,sys,readline
2 |) num1 = ( (""enter your number:"")
3 | num2 = ( (""enter your number:"")
4 num3 = ( (""enter your number:"")
5 num4 = ( (""enter your number:"")
6
7
8 | if(num1>num2):
9 f1 = num1
10 | else:
11 f1= num2
i2 | if(num3>num4) :
13 f2 = num3
14 | else:
15 f2 = num4
16 | if(f1>f2):
17 print( (f1) + ""is greatest "")
18 | else:
19 print( (f2) + ""is greatest "")
20
2
22
23
= a
LJ [SS _ com
{.S AAP SST = }
",neutral
neutral_285.jpeg,/kaggle/input/musait/basket/neutral_285.jpeg,1,"); , eS
; \ ctl and Calculus dont ni
| (Don't Drink and Derive)

| f ae
 - f Pe Nien 4
",neutral
neutral_286.jpeg,/kaggle/input/musait/basket/neutral_286.jpeg,1,"); , eS
; \ ctl and Calculus dont ni
| (Don't Drink and Derive)

| f ae
 - f Pe Nien 4
",neutral
neutral_287.jpg,/kaggle/input/musait/basket/neutral_287.jpg,1,"Mom: Don't touch your |
computer and mobile until
your exams are over.

Me studying software
engineering:

",neutral
neutral_288.jpg,/kaggle/input/musait/basket/neutral_288.jpg,1,"Mom: Don't touch your |
computer and mobile until
your exams are over.

Me studying software
engineering:

",neutral
neutral_289.jpeg,/kaggle/input/musait/basket/neutral_289.jpeg,1,"Open door

Closed door Ge
",neutral
neutral_290.jpeg,/kaggle/input/musait/basket/neutral_290.jpeg,1,"Open door

Closed door Ge
",neutral
neutral_291.jpg,/kaggle/input/musait/basket/neutral_291.jpg,1,"collaborate

we
when

performance

team's

Our

",neutral
neutral_292.jpg,/kaggle/input/musait/basket/neutral_292.jpg,1,"collaborate

we
when

performance

team's

Our

",neutral
neutral_293.jpeg,/kaggle/input/musait/basket/neutral_293.jpeg,1,"When you are angry with each other
but still do video call =

",neutral
neutral_294.jpeg,/kaggle/input/musait/basket/neutral_294.jpeg,1,"When you are angry with each other
but still do video call =

",neutral
neutral_295.jpg,/kaggle/input/musait/basket/neutral_295.jpg,1,"Types of Cat Loaf

cinnamon pumpernickel moldy

“| Ee
aS

marble rye extra fluffy gluten-free

choco-swirl

cheesy garlic
",neutral
neutral_296.jpg,/kaggle/input/musait/basket/neutral_296.jpg,1,"Types of Cat Loaf

cinnamon pumpernickel moldy

“| Ee
aS

marble rye extra fluffy gluten-free

choco-swirl

cheesy garlic
",neutral
neutral_297.jpeg,/kaggle/input/musait/basket/neutral_297.jpeg,1,"The perfect T-shirt doesn’t

introverted

but willing
10 discuss
» cats.

",neutral
neutral_298.jpeg,/kaggle/input/musait/basket/neutral_298.jpeg,1,"The perfect T-shirt doesn’t

introverted

but willing
10 discuss
» cats.

",neutral
neutral_299.jpg,/kaggle/input/musait/basket/neutral_299.jpg,0,,neutral
neutral_300.jpg,/kaggle/input/musait/basket/neutral_300.jpg,0,,neutral
neutral_301.jpeg,/kaggle/input/musait/basket/neutral_301.jpeg,0,,neutral
neutral_302.jpeg,/kaggle/input/musait/basket/neutral_302.jpeg,0,,neutral
neutral_303.jpg,/kaggle/input/musait/basket/neutral_303.jpg,1,"THIS WEBPAGE !S
TAKING FoREVER
TO LOAD!

",neutral
neutral_304.jpg,/kaggle/input/musait/basket/neutral_304.jpg,1,"THIS WEBPAGE !S
TAKING FoREVER
TO LOAD!

",neutral
neutral_305.jpeg,/kaggle/input/musait/basket/neutral_305.jpeg,1,"& Ahmed Abdirahim Abdullahi
ae)
=

Tell me something | don't
know.

xaviergazm
You can't buy a new mirror because all

mirrors have been used technically.

",neutral
neutral_306.jpeg,/kaggle/input/musait/basket/neutral_306.jpeg,1,"& Ahmed Abdirahim Abdullahi
ae)
=

Tell me something | don't
know.

xaviergazm
You can't buy a new mirror because all

mirrors have been used technically.

",neutral
neutral_307.jpg,/kaggle/input/musait/basket/neutral_307.jpg,1,"I have hired this cat
to stare at you
",neutral
neutral_308.jpg,/kaggle/input/musait/basket/neutral_308.jpg,1,"I have hired this cat
to stare at you
",neutral
neutral_309.jpeg,/kaggle/input/musait/basket/neutral_309.jpeg,1,"Tell Cersei. | want
her to know it was

me
",neutral
neutral_310.jpeg,/kaggle/input/musait/basket/neutral_310.jpeg,1,"Tell Cersei. | want
her to know it was

me
",neutral
neutral_311.jpg,/kaggle/input/musait/basket/neutral_311.jpg,1,"My cat decided to arrive at precisely the
right moment during story time with my
daughter.

",neutral
neutral_312.jpg,/kaggle/input/musait/basket/neutral_312.jpg,1,"My cat decided to arrive at precisely the
right moment during story time with my
daughter.

",neutral
neutral_313.jpeg,/kaggle/input/musait/basket/neutral_313.jpeg,1,"Don't work hard, work with intelligence.

",neutral
neutral_314.jpeg,/kaggle/input/musait/basket/neutral_314.jpeg,1,"Don't work hard, work with intelligence.

",neutral
neutral_315.jpg,/kaggle/input/musait/basket/neutral_315.jpg,1,"Finding a Linux Finding
Process a cat

ps ps ps ps
",neutral
neutral_316.jpg,/kaggle/input/musait/basket/neutral_316.jpg,1,"Finding a Linux Finding
Process a cat

ps ps ps ps
",neutral
neutral_317.jpeg,/kaggle/input/musait/basket/neutral_317.jpeg,1,"Imagine becoming a Billionaire
at the age of your battery
percentage right now?
Mine: 35 years

",neutral
neutral_318.jpeg,/kaggle/input/musait/basket/neutral_318.jpeg,1,"Imagine becoming a Billionaire
at the age of your battery
percentage right now?
Mine: 35 years

",neutral
neutral_319.jpg,/kaggle/input/musait/basket/neutral_319.jpg,1,"i iA FEMALES

bt COMPUTER
ap) NEEDED

ic e Seo307 SOR IB i

",neutral
neutral_320.jpg,/kaggle/input/musait/basket/neutral_320.jpg,1,"i iA FEMALES

bt COMPUTER
ap) NEEDED

ic e Seo307 SOR IB i

",neutral
neutral_321.jpeg,/kaggle/input/musait/basket/neutral_321.jpeg,0,,neutral
neutral_322.jpeg,/kaggle/input/musait/basket/neutral_322.jpeg,0,,neutral
neutral_323.jpg,/kaggle/input/musait/basket/neutral_323.jpg,1,"ly
eping and now
has to deal with

Pr) my bullshit
F ;
7 El

",neutral
neutral_324.jpg,/kaggle/input/musait/basket/neutral_324.jpg,1,"ly
eping and now
has to deal with

Pr) my bullshit
F ;
7 El

",neutral
neutral_325.jpeg,/kaggle/input/musait/basket/neutral_325.jpeg,1,"10 errors

Fix All

Now you have
20 errors

",neutral
neutral_326.jpg,/kaggle/input/musait/basket/neutral_326.jpg,1,"Bul: fade |

burrs F

",neutral
neutral_327.jpg,/kaggle/input/musait/basket/neutral_327.jpg,1,"Bul: fade |

burrs F

",neutral
neutral_328.jpeg,/kaggle/input/musait/basket/neutral_328.jpeg,0,,neutral
neutral_329.jpeg,/kaggle/input/musait/basket/neutral_329.jpeg,0,,neutral
neutral_330.jpg,/kaggle/input/musait/basket/neutral_330.jpg,1,"Today's 3 year olds
can switch on laptops and
open their favorite apps

Me? When | was 3,
| ate mud

",neutral
neutral_331.jpg,/kaggle/input/musait/basket/neutral_331.jpg,1,"Today's 3 year olds
can switch on laptops and
open their favorite apps

Me? When | was 3,
| ate mud

",neutral
neutral_332.jpeg,/kaggle/input/musait/basket/neutral_332.jpeg,1,"Interviewer: Please make yourself
comfortable

Me:

So why should you hire me?
",neutral
neutral_333.jpg,/kaggle/input/musait/basket/neutral_333.jpg,1,"4a serge

When your birthday is in Ramadan

",neutral
neutral_334.jpg,/kaggle/input/musait/basket/neutral_334.jpg,1,"4a serge

When your birthday is in Ramadan

",neutral
neutral_335.jpeg,/kaggle/input/musait/basket/neutral_335.jpeg,1,"Peter | Told You

ae relepetoumig isteasy
",neutral
neutral_336.jpeg,/kaggle/input/musait/basket/neutral_336.jpeg,1,"Peter | Told You

ae relepetoumig isteasy
",neutral
neutral_337.jpg,/kaggle/input/musait/basket/neutral_337.jpg,1,"Your next task is to fix bug in
your friend's Java code.

",neutral
neutral_338.jpg,/kaggle/input/musait/basket/neutral_338.jpg,1,"Your next task is to fix bug in
your friend's Java code.

",neutral
neutral_339.jpeg,/kaggle/input/musait/basket/neutral_339.jpeg,1,"My boyfriend is taking care of my cat for
me. | asked how it was going and he sent
me this.

",neutral
neutral_340.jpeg,/kaggle/input/musait/basket/neutral_340.jpeg,1,"My boyfriend is taking care of my cat for
me. | asked how it was going and he sent
me this.

",neutral
neutral_341.jpg,/kaggle/input/musait/basket/neutral_341.jpg,1,"My projects status

",neutral
neutral_342.jpg,/kaggle/input/musait/basket/neutral_342.jpg,1,"My projects status

",neutral
neutral_343.jpeg,/kaggle/input/musait/basket/neutral_343.jpeg,1,"When you keep singing love songs.

Mom:

",neutral
neutral_344.jpeg,/kaggle/input/musait/basket/neutral_344.jpeg,1,"When you keep singing love songs.

Mom:

",neutral
neutral_345.jpg,/kaggle/input/musait/basket/neutral_345.jpg,1,"RARE PIC OF A CAT-EGORY 3
PURRICANE!!!

",neutral
neutral_346.jpg,/kaggle/input/musait/basket/neutral_346.jpg,1,"RARE PIC OF A CAT-EGORY 3
PURRICANE!!!

",neutral
neutral_347.jpeg,/kaggle/input/musait/basket/neutral_347.jpeg,1,"| | f Rjemoji @
i] &

What is needed fora
good relationship?

",neutral
neutral_348.jpeg,/kaggle/input/musait/basket/neutral_348.jpeg,1,"| | f Rjemoji @
i] &

What is needed fora
good relationship?

",neutral
neutral_349.jpg,/kaggle/input/musait/basket/neutral_349.jpg,1,"begineers learning c

Now You Will Feel The Real Pain
",neutral
neutral_350.jpg,/kaggle/input/musait/basket/neutral_350.jpg,1,"begineers learning c

Now You Will Feel The Real Pain
",neutral
neutral_351.jpeg,/kaggle/input/musait/basket/neutral_351.jpeg,1,"a

15

WHAT DOES SPIDER-MAN DO FOR A LIVING?

gs a

. “ \ '
» _,
7. L .

x
yo ow

&
Sh.

a. %
a oe

» What? . wba venycyone

",neutral
neutral_352.jpeg,/kaggle/input/musait/basket/neutral_352.jpeg,1,"a

15

WHAT DOES SPIDER-MAN DO FOR A LIVING?

gs a

. “ \ '
» _,
7. L .

x
yo ow

&
Sh.

a. %
a oe

» What? . wba venycyone

",neutral
neutral_353.jpg,/kaggle/input/musait/basket/neutral_353.jpg,1,"you fighting your demons i'm chilling
with mine

",neutral
neutral_354.jpg,/kaggle/input/musait/basket/neutral_354.jpg,1,"you fighting your demons i'm chilling
with mine

",neutral
neutral_355.jpeg,/kaggle/input/musait/basket/neutral_355.jpeg,1,"..is it morning
yet,mommd?..

",neutral
neutral_356.jpeg,/kaggle/input/musait/basket/neutral_356.jpeg,1,"..is it morning
yet,mommd?..

",neutral
neutral_357.jpg,/kaggle/input/musait/basket/neutral_357.jpg,1,"When you finally
understand something
in math

",neutral
neutral_358.jpg,/kaggle/input/musait/basket/neutral_358.jpg,1,"When you finally
understand something
in math

",neutral
neutral_359.jpeg,/kaggle/input/musait/basket/neutral_359.jpeg,1,"MERGE SORT IN
PYTHON

By - @pythoncodess

12|35|87| 26| Ha
a IS
es a iE a lal
[12] [35] [87] [26] [9 faa Xo
Yaa, Pao * 4 via
7 9
_ nA | 7
[12]26|35|87 AOL
~ 4
7[ 9 h12|26]28|35]87

",neutral
neutral_360.jpeg,/kaggle/input/musait/basket/neutral_360.jpeg,1,"MERGE SORT IN
PYTHON

By - @pythoncodess

12|35|87| 26| Ha
a IS
es a iE a lal
[12] [35] [87] [26] [9 faa Xo
Yaa, Pao * 4 via
7 9
_ nA | 7
[12]26|35|87 AOL
~ 4
7[ 9 h12|26]28|35]87

",neutral
neutral_361.jpg,/kaggle/input/musait/basket/neutral_361.jpg,1,"Nobody:

Girls at beach taking pictures

men D E ABcHuBH

",neutral
neutral_362.jpg,/kaggle/input/musait/basket/neutral_362.jpg,1,"Nobody:

Girls at beach taking pictures

men D E ABcHuBH

",neutral
neutral_363.jpeg,/kaggle/input/musait/basket/neutral_363.jpeg,1,"""Money can't buy you

time""
SSDs:

BE secwsesse0 oan or ines cane cameo a .
m 860 EVC z
i? = 131 y
ih A
i J
4
Al
J t a
",neutral
neutral_364.jpeg,/kaggle/input/musait/basket/neutral_364.jpeg,1,"""Money can't buy you

time""
SSDs:

BE secwsesse0 oan or ines cane cameo a .
m 860 EVC z
i? = 131 y
ih A
i J
4
Al
J t a
",neutral
neutral_365.jpg,/kaggle/input/musait/basket/neutral_365.jpg,1,"h1 heading

h2 heading
h3 heading
h4 heading

h5 heading
h6 heading
",neutral
neutral_366.jpg,/kaggle/input/musait/basket/neutral_366.jpg,1,"h1 heading

h2 heading
h3 heading
h4 heading

h5 heading
h6 heading
",neutral
neutral_367.jpeg,/kaggle/input/musait/basket/neutral_367.jpeg,1,"&)@ doodlelotl
elo @Doodlelot

There are 2 kinds of cats in this world

See AY
",neutral
neutral_368.jpeg,/kaggle/input/musait/basket/neutral_368.jpeg,1,"&)@ doodlelotl
elo @Doodlelot

There are 2 kinds of cats in this world

See AY
",neutral
neutral_369.jpg,/kaggle/input/musait/basket/neutral_369.jpg,0,,neutral
neutral_370.jpg,/kaggle/input/musait/basket/neutral_370.jpg,0,,neutral
neutral_371.jpeg,/kaggle/input/musait/basket/neutral_371.jpeg,1,"Girls after masturbation:
OMG that was so fun

Boys after masturbation:

,
=
4
|

gh }

Coosa
Looking back, my life hd’
beeninothing buttaljures.
",neutral
neutral_372.jpg,/kaggle/input/musait/basket/neutral_372.jpg,1,"No, I will not fix
your computer again.

USE LINUX
",neutral
neutral_373.jpg,/kaggle/input/musait/basket/neutral_373.jpg,1,"No, I will not fix
your computer again.

USE LINUX
",neutral
neutral_374.jpeg,/kaggle/input/musait/basket/neutral_374.jpeg,1,"This is how the letter 'b' and ‘d' face
each other in the word ‘abdomen’

",neutral
neutral_375.jpeg,/kaggle/input/musait/basket/neutral_375.jpeg,1,"This is how the letter 'b' and ‘d' face
each other in the word ‘abdomen’

",neutral
neutral_376.jpg,/kaggle/input/musait/basket/neutral_376.jpg,1,"Someone: So, tell me

more about you?

Me trying to
remember who i am:

MZ

7s
",neutral
neutral_377.jpg,/kaggle/input/musait/basket/neutral_377.jpg,1,"Someone: So, tell me

more about you?

Me trying to
remember who i am:

MZ

7s
",neutral
neutral_378.jpeg,/kaggle/input/musait/basket/neutral_378.jpeg,0,,neutral
neutral_379.jpeg,/kaggle/input/musait/basket/neutral_379.jpeg,0,,neutral
neutral_380.jpg,/kaggle/input/musait/basket/neutral_380.jpg,1,"Solution {

long long maxMatrixSum(vector<vector<int>>& matrix) {
int n=matrix.size();
long long res=0;
int neg=9;
int smaliNe;
Gnt

ns itt){

5 5<n55++){

(matrix[i][51<0){
negt+;

3
smal 1Neg=min(smallNeg, abs(matrix[i][j]));
rest=abs(matrix[i][j]);

res-smallNeg-smallNeg;

4
",neutral
neutral_381.jpg,/kaggle/input/musait/basket/neutral_381.jpg,1,"Solution {

long long maxMatrixSum(vector<vector<int>>& matrix) {
int n=matrix.size();
long long res=0;
int neg=9;
int smaliNe;
Gnt

ns itt){

5 5<n55++){

(matrix[i][51<0){
negt+;

3
smal 1Neg=min(smallNeg, abs(matrix[i][j]));
rest=abs(matrix[i][j]);

res-smallNeg-smallNeg;

4
",neutral
neutral_382.jpeg,/kaggle/input/musait/basket/neutral_382.jpeg,1,"When the doctor takes an x-ray of my heart

",neutral
neutral_383.jpeg,/kaggle/input/musait/basket/neutral_383.jpeg,1,"When the doctor takes an x-ray of my heart

",neutral
neutral_384.jpg,/kaggle/input/musait/basket/neutral_384.jpg,0,,neutral
neutral_385.jpg,/kaggle/input/musait/basket/neutral_385.jpg,0,,neutral
neutral_386.jpeg,/kaggle/input/musait/basket/neutral_386.jpeg,1,"DEVELOPERS LIFESTYLE

Linux
in
VirtualBox

@developers_lifestyle
",neutral
neutral_387.jpeg,/kaggle/input/musait/basket/neutral_387.jpeg,1,"DEVELOPERS LIFESTYLE

Linux
in
VirtualBox

@developers_lifestyle
",neutral
neutral_388.jpg,/kaggle/input/musait/basket/neutral_388.jpg,0,,neutral
neutral_389.jpg,/kaggle/input/musait/basket/neutral_389.jpg,0,,neutral
neutral_390.jpeg,/kaggle/input/musait/basket/neutral_390.jpeg,1,"An Introduction to
Semantics
",neutral
neutral_391.jpeg,/kaggle/input/musait/basket/neutral_391.jpeg,1,"An Introduction to
Semantics
",neutral
neutral_392.jpg,/kaggle/input/musait/basket/neutral_392.jpg,1,"This world is funny,if the government finds
diamonds in your backyard it is government
property but if they find drugs it's yours.

",neutral
neutral_393.jpg,/kaggle/input/musait/basket/neutral_393.jpg,1,"This world is funny,if the government finds
diamonds in your backyard it is government
property but if they find drugs it's yours.

",neutral
neutral_394.jpeg,/kaggle/input/musait/basket/neutral_394.jpeg,1,"BAH...
BAe
BAL...
",neutral
neutral_395.jpeg,/kaggle/input/musait/basket/neutral_395.jpeg,1,"BAH...
BAe
BAL...
",neutral
neutral_396.jpg,/kaggle/input/musait/basket/neutral_396.jpg,1,"bod

Electric charge

",neutral
neutral_397.jpg,/kaggle/input/musait/basket/neutral_397.jpg,1,"bod

Electric charge

",neutral
neutral_398.jpeg,/kaggle/input/musait/basket/neutral_398.jpeg,0,,neutral
neutral_399.jpeg,/kaggle/input/musait/basket/neutral_399.jpeg,0,,neutral
neutral_400.jpg,/kaggle/input/musait/basket/neutral_400.jpg,1,"22:48

Hi

Im looking for free web host
for my websites any
suggestions

@ 2

2: OG 8a

",neutral
neutral_401.jpg,/kaggle/input/musait/basket/neutral_401.jpg,1,"22:48

Hi

Im looking for free web host
for my websites any
suggestions

@ 2

2: OG 8a

",neutral
neutral_402.jpeg,/kaggle/input/musait/basket/neutral_402.jpeg,0,,neutral
neutral_403.jpeg,/kaggle/input/musait/basket/neutral_403.jpeg,0,,neutral
neutral_404.jpg,/kaggle/input/musait/basket/neutral_404.jpg,1,"How people fixed
lightbulbs before Isaac
Newton invented gravity

",neutral
neutral_405.jpg,/kaggle/input/musait/basket/neutral_405.jpg,1,"How people fixed
lightbulbs before Isaac
Newton invented gravity

",neutral
neutral_406.jpeg,/kaggle/input/musait/basket/neutral_406.jpeg,0,,neutral
neutral_407.jpeg,/kaggle/input/musait/basket/neutral_407.jpeg,0,,neutral
neutral_408.jpg,/kaggle/input/musait/basket/neutral_408.jpg,1,"As akitten he fell in a taffy-pulling machine

~

",neutral
neutral_409.jpg,/kaggle/input/musait/basket/neutral_409.jpg,1,"As akitten he fell in a taffy-pulling machine

~

",neutral
neutral_410.jpeg,/kaggle/input/musait/basket/neutral_410.jpeg,0,,neutral
neutral_411.jpeg,/kaggle/input/musait/basket/neutral_411.jpeg,0,,neutral
neutral_412.jpg,/kaggle/input/musait/basket/neutral_412.jpg,1,"""so are youa
particle or wave?""

Light:

",neutral
neutral_413.jpg,/kaggle/input/musait/basket/neutral_413.jpg,1,"""so are youa
particle or wave?""

Light:

",neutral
neutral_414.jpeg,/kaggle/input/musait/basket/neutral_414.jpeg,1,"This guy knows all
our secrets

",neutral
neutral_415.jpeg,/kaggle/input/musait/basket/neutral_415.jpeg,1,"This guy knows all
our secrets

",neutral
neutral_416.jpg,/kaggle/input/musait/basket/neutral_416.jpg,1,"Suddenly my PC
started working
faster.

ff St

LOL

IR

Then i realized
that Antivirus
has expired.
",neutral
neutral_417.jpg,/kaggle/input/musait/basket/neutral_417.jpg,1,"Suddenly my PC
started working
faster.

ff St

LOL

IR

Then i realized
that Antivirus
has expired.
",neutral
neutral_418.jpeg,/kaggle/input/musait/basket/neutral_418.jpeg,1,"EY

Position: Graduate Trainee

Salary: INR 3 LPA to 4 LPA (Expected)
Degree: BBA/Bcom/BSC (CS)

Branch: All

Batch: 2022

Location: Pan India

Company: EY

Apply Link: in my profile @jobdrives

Follow us for more Job Updates

g @Jobdrives
",neutral
neutral_419.jpeg,/kaggle/input/musait/basket/neutral_419.jpeg,1,"EY

Position: Graduate Trainee

Salary: INR 3 LPA to 4 LPA (Expected)
Degree: BBA/Bcom/BSC (CS)

Branch: All

Batch: 2022

Location: Pan India

Company: EY

Apply Link: in my profile @jobdrives

Follow us for more Job Updates

g @Jobdrives
",neutral
neutral_420.jpg,/kaggle/input/musait/basket/neutral_420.jpg,1,"Finally, an anime | can relate to

",neutral
neutral_421.jpg,/kaggle/input/musait/basket/neutral_421.jpg,1,"Finally, an anime | can relate to

",neutral
neutral_422.jpeg,/kaggle/input/musait/basket/neutral_422.jpeg,0,,neutral
neutral_423.jpeg,/kaggle/input/musait/basket/neutral_423.jpeg,0,,neutral
neutral_424.jpg,/kaggle/input/musait/basket/neutral_424.jpg,1,"cide
NORMAL
PEOPLE VS PROGRAMMERS

& ‘@PURE.PYTHON
- Empty ¢ Null
- Problems - Bugs
+ Fixing - Debugging
« And so on... + Loops
- Every single... ¢ For-Each
« Human, Computer, ¢ Object
Tree
- Fake ID « tid
“1 -0
« English, German, « Python, C, C++

Spanish
",neutral
neutral_425.jpg,/kaggle/input/musait/basket/neutral_425.jpg,1,"cide
NORMAL
PEOPLE VS PROGRAMMERS

& ‘@PURE.PYTHON
- Empty ¢ Null
- Problems - Bugs
+ Fixing - Debugging
« And so on... + Loops
- Every single... ¢ For-Each
« Human, Computer, ¢ Object
Tree
- Fake ID « tid
“1 -0
« English, German, « Python, C, C++

Spanish
",neutral
neutral_426.jpeg,/kaggle/input/musait/basket/neutral_426.jpeg,1,"' /pitaji agr aapko bheem
’

",neutral
neutral_427.jpg,/kaggle/input/musait/basket/neutral_427.jpg,1,"~
n
e)
oS.
~
(av)
oO
=
(od)
pos
—
fe)
Cc
fav]
~
no
a
5

",neutral
neutral_428.jpg,/kaggle/input/musait/basket/neutral_428.jpg,1,"~
n
e)
oS.
~
(av)
oO
=
(od)
pos
—
fe)
Cc
fav]
~
no
a
5

",neutral
neutral_429.jpeg,/kaggle/input/musait/basket/neutral_429.jpeg,1,"My next relationship will

be private

cause it's my ex again
",neutral
neutral_430.jpeg,/kaggle/input/musait/basket/neutral_430.jpeg,1,"My next relationship will

be private

cause it's my ex again
",neutral
neutral_431.jpg,/kaggle/input/musait/basket/neutral_431.jpg,1,"How | feel after | watch a 15
min youtube video about
blackholes & dark matter

",neutral
neutral_432.jpg,/kaggle/input/musait/basket/neutral_432.jpg,1,"How | feel after | watch a 15
min youtube video about
blackholes & dark matter

",neutral
neutral_433.jpeg,/kaggle/input/musait/basket/neutral_433.jpeg,0,,neutral
neutral_434.jpeg,/kaggle/input/musait/basket/neutral_434.jpeg,0,,neutral
neutral_435.jpg,/kaggle/input/musait/basket/neutral_435.jpg,1,"BEG ss19m9599599 BP vwilovestorein _Ecare@ilovestorein A
Follow Us: @O®@ OO
",neutral
neutral_436.jpg,/kaggle/input/musait/basket/neutral_436.jpg,1,"BEG ss19m9599599 BP vwilovestorein _Ecare@ilovestorein A
Follow Us: @O®@ OO
",neutral
neutral_437.jpeg,/kaggle/input/musait/basket/neutral_437.jpeg,1,"My girl mad at me
for something

Me thinking about
how cute she looks
when angry
",neutral
neutral_438.jpg,/kaggle/input/musait/basket/neutral_438.jpg,0,,neutral
neutral_439.jpg,/kaggle/input/musait/basket/neutral_439.jpg,0,,neutral
neutral_440.jpeg,/kaggle/input/musait/basket/neutral_440.jpeg,1,"Only people with cat(s)
will understand

",neutral
neutral_441.jpeg,/kaggle/input/musait/basket/neutral_441.jpeg,1,"Only people with cat(s)
will understand

",neutral
neutral_442.jpg,/kaggle/input/musait/basket/neutral_442.jpg,1,"MEANING
",neutral
neutral_443.jpg,/kaggle/input/musait/basket/neutral_443.jpg,1,"MEANING
",neutral
neutral_444.jpeg,/kaggle/input/musait/basket/neutral_444.jpeg,1,"Vz Download
Files:

www.aluth.com f VW © Gin /oluthmedia

",neutral
neutral_445.jpeg,/kaggle/input/musait/basket/neutral_445.jpeg,1,"Vz Download
Files:

www.aluth.com f VW © Gin /oluthmedia

",neutral
neutral_446.jpg,/kaggle/input/musait/basket/neutral_446.jpg,0,,neutral
neutral_447.jpg,/kaggle/input/musait/basket/neutral_447.jpg,0,,neutral
neutral_448.jpeg,/kaggle/input/musait/basket/neutral_448.jpeg,1,"I no bad luck \
#1 good kitty. am
i)

",neutral
neutral_449.jpg,/kaggle/input/musait/basket/neutral_449.jpg,1,"f ive

STAY TUNED

",neutral
neutral_450.jpg,/kaggle/input/musait/basket/neutral_450.jpg,1,"f ive

STAY TUNED

",neutral
neutral_451.jpeg,/kaggle/input/musait/basket/neutral_451.jpeg,1,"When the DNA test isn't needed...
. iM t VF
= =

",neutral
neutral_452.jpeg,/kaggle/input/musait/basket/neutral_452.jpeg,1,"When the DNA test isn't needed...
. iM t VF
= =

",neutral
neutral_453.jpg,/kaggle/input/musait/basket/neutral_453.jpg,0,,neutral
neutral_454.jpg,/kaggle/input/musait/basket/neutral_454.jpg,0,,neutral
neutral_455.jpeg,/kaggle/input/musait/basket/neutral_455.jpeg,1,"when | was a kid :

a,
lam a scientist hen!

",neutral
neutral_456.jpeg,/kaggle/input/musait/basket/neutral_456.jpeg,1,"when | was a kid :

a,
lam a scientist hen!

",neutral
neutral_457.jpg,/kaggle/input/musait/basket/neutral_457.jpg,0,,neutral
neutral_458.jpeg,/kaggle/input/musait/basket/neutral_458.jpeg,1,"void Merge(vector<pair<int, int>> v)

{
sort(v.begin(), v.end());

stack<pair<int, int>> s; z
s.push({v[0].first, v[0].second});
for (int i = 1; i < v.size(); i++)
fi
int start1 = s.top().first;
int end1 = s.top().second;
int start2 = v[i].first;
int end2 = v[i].second;
if (endi < start2)
{ TC:-O(nlogn)+O(m)
s.push({start2, end2}); SC:-O(n)

}
else
{
s.pop();
endi = max(end1, end2);
s.push({start1, end1});
}

fy
",neutral
neutral_459.jpeg,/kaggle/input/musait/basket/neutral_459.jpeg,1,"void Merge(vector<pair<int, int>> v)

{
sort(v.begin(), v.end());

stack<pair<int, int>> s; z
s.push({v[0].first, v[0].second});
for (int i = 1; i < v.size(); i++)
fi
int start1 = s.top().first;
int end1 = s.top().second;
int start2 = v[i].first;
int end2 = v[i].second;
if (endi < start2)
{ TC:-O(nlogn)+O(m)
s.push({start2, end2}); SC:-O(n)

}
else
{
s.pop();
endi = max(end1, end2);
s.push({start1, end1});
}

fy
",neutral
neutral_460.jpg,/kaggle/input/musait/basket/neutral_460.jpg,0,,neutral
neutral_461.jpeg,/kaggle/input/musait/basket/neutral_461.jpeg,0,,neutral
neutral_462.jpeg,/kaggle/input/musait/basket/neutral_462.jpeg,0,,neutral
neutral_463.jpg,/kaggle/input/musait/basket/neutral_463.jpg,1,"iam 25 andi already
have millions of Fans.

oh Please,
i have Billions of Fans
and i don't even Exist.

",neutral
neutral_464.jpg,/kaggle/input/musait/basket/neutral_464.jpg,1,"iam 25 andi already
have millions of Fans.

oh Please,
i have Billions of Fans
and i don't even Exist.

",neutral
neutral_465.jpeg,/kaggle/input/musait/basket/neutral_465.jpeg,1,"Nvidia GTX 1080

AMD Radeon RX
Vega 64

Intergrated
graphics card

how to download graphics card

How to download a graphic
card?
",neutral
neutral_466.jpeg,/kaggle/input/musait/basket/neutral_466.jpeg,1,"Nvidia GTX 1080

AMD Radeon RX
Vega 64

Intergrated
graphics card

how to download graphics card

How to download a graphic
card?
",neutral
neutral_467.jpg,/kaggle/input/musait/basket/neutral_467.jpg,1,"11.7 Million
8.2 Million
7.6 Million
6.3 Million
2.1 Million
1.8 Million
",neutral
neutral_468.jpg,/kaggle/input/musait/basket/neutral_468.jpg,1,"11.7 Million
8.2 Million
7.6 Million
6.3 Million
2.1 Million
1.8 Million
",neutral
neutral_469.jpeg,/kaggle/input/musait/basket/neutral_469.jpeg,0,,neutral
neutral_470.jpeg,/kaggle/input/musait/basket/neutral_470.jpeg,0,,neutral
neutral_471.jpg,/kaggle/input/musait/basket/neutral_471.jpg,1,"WHY | UPDATE THE SOFTWARE

Want to use the
a latest version

The notification
a is annoying

",neutral
neutral_472.jpg,/kaggle/input/musait/basket/neutral_472.jpg,1,"WHY | UPDATE THE SOFTWARE

Want to use the
a latest version

The notification
a is annoying

",neutral
neutral_473.jpeg,/kaggle/input/musait/basket/neutral_473.jpeg,1,"', ' 7
ap
",neutral
neutral_474.jpeg,/kaggle/input/musait/basket/neutral_474.jpeg,1,"', ' 7
ap
",neutral
neutral_475.jpg,/kaggle/input/musait/basket/neutral_475.jpg,0,,neutral
neutral_476.jpg,/kaggle/input/musait/basket/neutral_476.jpg,0,,neutral
neutral_477.jpeg,/kaggle/input/musait/basket/neutral_477.jpeg,1,"Get IP Address Using C++

we
ttinclude<conio.h> ¢.
Htinclude<stdlib.h>

int main() {
system(""C:\\Windows\\System32\\ipconfig"");
getch();

3

Get IP Address Using Python

import socket

hostname = socket.gethostname()
IPAddr = socket.gethostbyname(hostname)
print (IPAddr)
",neutral
neutral_478.jpeg,/kaggle/input/musait/basket/neutral_478.jpeg,1,"Get IP Address Using C++

we
ttinclude<conio.h> ¢.
Htinclude<stdlib.h>

int main() {
system(""C:\\Windows\\System32\\ipconfig"");
getch();

3

Get IP Address Using Python

import socket

hostname = socket.gethostname()
IPAddr = socket.gethostbyname(hostname)
print (IPAddr)
",neutral
neutral_479.jpg,/kaggle/input/musait/basket/neutral_479.jpg,1,"“ONE DAY” OR ” DAY ONE”

@successpictures

",neutral
neutral_480.jpg,/kaggle/input/musait/basket/neutral_480.jpg,1,"“ONE DAY” OR ” DAY ONE”

@successpictures

",neutral
neutral_481.jpeg,/kaggle/input/musait/basket/neutral_481.jpeg,0,,neutral
neutral_482.jpeg,/kaggle/input/musait/basket/neutral_482.jpeg,0,,neutral
neutral_483.jpg,/kaggle/input/musait/basket/neutral_483.jpg,1,"Teacher: Write ""sorry"" 100 times
Me: for(int i=0;i<100;i++)
print('sorry')

Teacher: Hmm you over smart guy
now write the output as well
Me*

",neutral
neutral_484.jpg,/kaggle/input/musait/basket/neutral_484.jpg,1,"Teacher: Write ""sorry"" 100 times
Me: for(int i=0;i<100;i++)
print('sorry')

Teacher: Hmm you over smart guy
now write the output as well
Me*

",neutral
neutral_485.jpeg,/kaggle/input/musait/basket/neutral_485.jpeg,1,"2

| ran out of treats.
He is inconsolable.

",neutral
neutral_486.jpeg,/kaggle/input/musait/basket/neutral_486.jpeg,1,"2

| ran out of treats.
He is inconsolable.

",neutral
neutral_487.jpg,/kaggle/input/musait/basket/neutral_487.jpg,1,"WHY A NEW YORK CITY FAMILY
CAST OFF CONVENTION FOR A

ERIK ORTON & EMILY ORTON

",neutral
neutral_488.jpg,/kaggle/input/musait/basket/neutral_488.jpg,1,"WHY A NEW YORK CITY FAMILY
CAST OFF CONVENTION FOR A

ERIK ORTON & EMILY ORTON

",neutral
neutral_489.jpeg,/kaggle/input/musait/basket/neutral_489.jpeg,1,"You got a very funny ‘ee
meme on programming &
And you want to share it.

",neutral
neutral_490.jpeg,/kaggle/input/musait/basket/neutral_490.jpeg,1,"You got a very funny ‘ee
meme on programming &
And you want to share it.

",neutral
neutral_491.jpg,/kaggle/input/musait/basket/neutral_491.jpg,1,"What do you take
the most photos of?
A Yourself
B Your kids

C Your partner
D Your food
_E Your pet

",neutral
neutral_492.jpg,/kaggle/input/musait/basket/neutral_492.jpg,1,"What do you take
the most photos of?
A Yourself
B Your kids

C Your partner
D Your food
_E Your pet

",neutral
neutral_493.jpeg,/kaggle/input/musait/basket/neutral_493.jpeg,1,"00039

Incoming Valentine's
Day messages

Single people
",neutral
neutral_494.jpeg,/kaggle/input/musait/basket/neutral_494.jpeg,1,"00039

Incoming Valentine's
Day messages

Single people
",neutral
neutral_495.jpg,/kaggle/input/musait/basket/neutral_495.jpg,1,"Bina Jee Nhi

Sakty...??

‘Answer Intresting hona chahiye,,, 3

",neutral
neutral_496.jpeg,/kaggle/input/musait/basket/neutral_496.jpeg,1,"11:40PM A Bi eee

Example: Sum of Natural
Numbers

The positive numbers ], 2, 3... are
known as natural numbers. The
program below calculates the sum
1+2+3+...+n, where nis a positive

integer.

n= 10
# initialize sum and counter
sum = 0
i=1
while i <= n:
sum = sumti

i = i+1 # update counter

print(""The sum is"", sum)

Try It Yourself

Output

The sum is 55

a
",neutral
neutral_497.jpeg,/kaggle/input/musait/basket/neutral_497.jpeg,1,"11:40PM A Bi eee

Example: Sum of Natural
Numbers

The positive numbers ], 2, 3... are
known as natural numbers. The
program below calculates the sum
1+2+3+...+n, where nis a positive

integer.

n= 10
# initialize sum and counter
sum = 0
i=1
while i <= n:
sum = sumti

i = i+1 # update counter

print(""The sum is"", sum)

Try It Yourself

Output

The sum is 55

a
",neutral
neutral_498.jpg,/kaggle/input/musait/basket/neutral_498.jpg,1,"100 Favorite
Social Media
Conversation
Starters for

“Better —
Engagement
",neutral
neutral_499.jpg,/kaggle/input/musait/basket/neutral_499.jpg,1,"100 Favorite
Social Media
Conversation
Starters for

“Better —
Engagement
",neutral
neutral_500.jpeg,/kaggle/input/musait/basket/neutral_500.jpeg,1,"log(a + b) = loga + logb

log(a + b) = loga + loe(1 + *)
a

",neutral
neutral_501.jpeg,/kaggle/input/musait/basket/neutral_501.jpeg,1,"log(a + b) = loga + logb

log(a + b) = loga + loe(1 + *)
a

",neutral
neutral_502.jpg,/kaggle/input/musait/basket/neutral_502.jpg,1,"ai»

| What does, 4
| it mean?

|
RY
",neutral
neutral_503.jpg,/kaggle/input/musait/basket/neutral_503.jpg,1,"ai»

| What does, 4
| it mean?

|
RY
",neutral
neutral_504.jpeg,/kaggle/input/musait/basket/neutral_504.jpeg,1,"you having your busy time:

me patiently waiting:

",neutral
neutral_505.jpeg,/kaggle/input/musait/basket/neutral_505.jpeg,1,"you having your busy time:

me patiently waiting:

",neutral
neutral_506.jpg,/kaggle/input/musait/basket/neutral_506.jpg,1,"actions
speak
\oyger

than
words

",neutral
neutral_507.jpg,/kaggle/input/musait/basket/neutral_507.jpg,1,"actions
speak
\oyger

than
words

",neutral
neutral_508.jpeg,/kaggle/input/musait/basket/neutral_508.jpeg,1,"C++ programmer J data bundles

1 Daily/Weekly Bundles

2 Weekly Bundles

3 Monthly Bundles

4 Datat+

5 Mega Bu
6 Binge Plans

7 Big Data Plans

11 Next

22 Back

0 Menu

CANCEL SEND

~Emeremgini
",neutral
neutral_509.jpeg,/kaggle/input/musait/basket/neutral_509.jpeg,1,"C++ programmer J data bundles

1 Daily/Weekly Bundles

2 Weekly Bundles

3 Monthly Bundles

4 Datat+

5 Mega Bu
6 Binge Plans

7 Big Data Plans

11 Next

22 Back

0 Menu

CANCEL SEND

~Emeremgini
",neutral
neutral_510.jpg,/kaggle/input/musait/basket/neutral_510.jpg,0,,neutral
neutral_511.jpg,/kaggle/input/musait/basket/neutral_511.jpg,0,,neutral
neutral_512.jpeg,/kaggle/input/musait/basket/neutral_512.jpeg,0,,neutral
neutral_513.jpeg,/kaggle/input/musait/basket/neutral_513.jpeg,0,,neutral
neutral_514.jpg,/kaggle/input/musait/basket/neutral_514.jpg,0,,neutral
neutral_515.jpg,/kaggle/input/musait/basket/neutral_515.jpg,0,,neutral
neutral_516.jpeg,/kaggle/input/musait/basket/neutral_516.jpeg,1,"What's the output ?

A aaa ackage Com. smartprogrammer ;

public class JavaQuiz {

tatic void main(String[] args) {

yr (int x = 0; x <5; xt);
System.out.print(""a"");

C. Error D. None
",neutral
neutral_517.jpeg,/kaggle/input/musait/basket/neutral_517.jpeg,1,"What's the output ?

A aaa ackage Com. smartprogrammer ;

public class JavaQuiz {

tatic void main(String[] args) {

yr (int x = 0; x <5; xt);
System.out.print(""a"");

C. Error D. None
",neutral
neutral_518.jpg,/kaggle/input/musait/basket/neutral_518.jpg,1,"s
MEANING

",neutral
neutral_519.jpg,/kaggle/input/musait/basket/neutral_519.jpg,1,"s
MEANING

",neutral
neutral_520.jpeg,/kaggle/input/musait/basket/neutral_520.jpeg,0,,neutral
neutral_521.jpeg,/kaggle/input/musait/basket/neutral_521.jpeg,0,,neutral
neutral_522.jpg,/kaggle/input/musait/basket/neutral_522.jpg,0,,neutral
neutral_523.jpg,/kaggle/input/musait/basket/neutral_523.jpg,0,,neutral
neutral_524.jpeg,/kaggle/input/musait/basket/neutral_524.jpeg,1,"YY
",neutral
neutral_525.jpeg,/kaggle/input/musait/basket/neutral_525.jpeg,1,"YY
",neutral
neutral_526.jpg,/kaggle/input/musait/basket/neutral_526.jpg,0,,neutral
neutral_527.jpg,/kaggle/input/musait/basket/neutral_527.jpg,0,,neutral
neutral_528.jpeg,/kaggle/input/musait/basket/neutral_528.jpeg,0,,neutral
neutral_529.jpeg,/kaggle/input/musait/basket/neutral_529.jpeg,0,,neutral
neutral_530.jpg,/kaggle/input/musait/basket/neutral_530.jpg,1,"Lorem Ipsum Dolor

Nothing

© CanStockPhoto.com - csp44718140
",neutral
neutral_531.jpg,/kaggle/input/musait/basket/neutral_531.jpg,1,"Lorem Ipsum Dolor

Nothing

© CanStockPhoto.com - csp44718140
",neutral
neutral_532.jpeg,/kaggle/input/musait/basket/neutral_532.jpeg,0,,neutral
neutral_533.jpeg,/kaggle/input/musait/basket/neutral_533.jpeg,0,,neutral
neutral_534.jpg,/kaggle/input/musait/basket/neutral_534.jpg,1,"Annotation Sources

",neutral
neutral_535.jpg,/kaggle/input/musait/basket/neutral_535.jpg,1,"Annotation Sources

",neutral
neutral_536.jpeg,/kaggle/input/musait/basket/neutral_536.jpeg,0,,neutral
neutral_537.jpeg,/kaggle/input/musait/basket/neutral_537.jpeg,0,,neutral
neutral_538.jpg,/kaggle/input/musait/basket/neutral_538.jpg,1,"MATH IS A GAMES==

CERTAIN SIMPLE
RULES WITH=

== MARKS ON PAPER

MATH IS A GAME ===

CERTAIN SIMPLE
RUL

$=

=== MARKS ON PAPER

",neutral
neutral_539.jpg,/kaggle/input/musait/basket/neutral_539.jpg,1,"MATH IS A GAMES==

CERTAIN SIMPLE
RULES WITH=

== MARKS ON PAPER

MATH IS A GAME ===

CERTAIN SIMPLE
RUL

$=

=== MARKS ON PAPER

",neutral
neutral_540.jpeg,/kaggle/input/musait/basket/neutral_540.jpeg,1,"Sarcasm

y,

Impossible
",neutral
neutral_541.jpeg,/kaggle/input/musait/basket/neutral_541.jpeg,1,"Sarcasm

y,

Impossible
",neutral
neutral_542.jpg,/kaggle/input/musait/basket/neutral_542.jpg,0,,neutral
neutral_543.jpg,/kaggle/input/musait/basket/neutral_543.jpg,0,,neutral
neutral_544.jpeg,/kaggle/input/musait/basket/neutral_544.jpeg,1,"When your cat msgs your boss
trying to get you fired

",neutral
neutral_545.jpeg,/kaggle/input/musait/basket/neutral_545.jpeg,1,"When your cat msgs your boss
trying to get you fired

",neutral
neutral_546.jpg,/kaggle/input/musait/basket/neutral_546.jpg,1,"55*

24%

21%

Healio®
",neutral
neutral_547.jpg,/kaggle/input/musait/basket/neutral_547.jpg,1,"55*

24%

21%

Healio®
",neutral
neutral_548.jpeg,/kaggle/input/musait/basket/neutral_548.jpeg,1,"Other girls My
happiness: happiness:

AS

We aren’t same sis! <3
",neutral
neutral_549.jpeg,/kaggle/input/musait/basket/neutral_549.jpeg,1,"Other girls My
happiness: happiness:

AS

We aren’t same sis! <3
",neutral
neutral_550.jpg,/kaggle/input/musait/basket/neutral_550.jpg,1,"your account has

been locked

we detected suspicious

activity on your account ALERT!

ALERT!

",neutral
neutral_551.jpg,/kaggle/input/musait/basket/neutral_551.jpg,1,"your account has

been locked

we detected suspicious

activity on your account ALERT!

——— y ALERT!
",neutral
neutral_552.jpeg,/kaggle/input/musait/basket/neutral_552.jpeg,1,"Programers who

write dating apps

I guide others to a treasure that I cannot possess
",neutral
neutral_553.jpeg,/kaggle/input/musait/basket/neutral_553.jpeg,1,"Programers who

write dating apps

I guide others to a treasure that I cannot possess
",neutral
neutral_554.jpg,/kaggle/input/musait/basket/neutral_554.jpg,0,,neutral
neutral_555.jpeg,/kaggle/input/musait/basket/neutral_555.jpeg,1,"| see the problem. Your
guitar is out of tuna.

",neutral
neutral_556.jpeg,/kaggle/input/musait/basket/neutral_556.jpeg,1,"| see the problem. Your
guitar is out of tuna.

",neutral
neutral_557.jpg,/kaggle/input/musait/basket/neutral_557.jpg,1,"al

|

) DIDN'T, EVEN

It Feels Like Victory
",neutral
neutral_558.jpg,/kaggle/input/musait/basket/neutral_558.jpg,1,"al

|

) DIDN'T, EVEN

It Feels Like Victory
",neutral
neutral_559.jpeg,/kaggle/input/musait/basket/neutral_559.jpeg,1,"\ , ;
tatt CELgart

7.22""

",neutral
neutral_560.jpeg,/kaggle/input/musait/basket/neutral_560.jpeg,1,"\ , ;
tatt CELgart

7.22""

",neutral
neutral_561.jpg,/kaggle/input/musait/basket/neutral_561.jpg,0,,neutral
neutral_562.jpg,/kaggle/input/musait/basket/neutral_562.jpg,0,,neutral
neutral_563.jpeg,/kaggle/input/musait/basket/neutral_563.jpeg,1,"FEBRUARY 15

ERS WALLET

PROGRAMMERS

",neutral
neutral_564.jpeg,/kaggle/input/musait/basket/neutral_564.jpeg,1,"FEBRUARY 15

ERS WALLET

PROGRAMMERS

",neutral
neutral_565.jpg,/kaggle/input/musait/basket/neutral_565.jpg,1,"DOES COMMON EVERDAY;
ACTIVITY,

DOSENT|POSTITON —
FACEBOOK:
",neutral
neutral_566.jpg,/kaggle/input/musait/basket/neutral_566.jpg,1,"DOES COMMON EVERDAY;
ACTIVITY,

DOSENT|POSTITON —
FACEBOOK:
",neutral
neutral_567.jpeg,/kaggle/input/musait/basket/neutral_567.jpeg,0,,neutral
neutral_568.jpeg,/kaggle/input/musait/basket/neutral_568.jpeg,0,,neutral
neutral_569.jpg,/kaggle/input/musait/basket/neutral_569.jpg,1,"TOFFICER'ASKS\YOU IF YOUR
HIGH

",neutral
neutral_570.jpg,/kaggle/input/musait/basket/neutral_570.jpg,1,"TOFFICER'ASKS\YOU IF YOUR
HIGH

",neutral
neutral_571.jpeg,/kaggle/input/musait/basket/neutral_571.jpeg,1,"When you give someone a fake
number and they start dialing it in
front of you

",neutral
neutral_572.jpeg,/kaggle/input/musait/basket/neutral_572.jpeg,1,"When you give someone a fake
number and they start dialing it in
front of you

",neutral
neutral_573.jpg,/kaggle/input/musait/basket/neutral_573.jpg,1,"A developer's
first setup

A developer's
setup after 1
year

MFINDPRO
",neutral
neutral_574.jpg,/kaggle/input/musait/basket/neutral_574.jpg,1,"A developer's
first setup

A developer's
setup after 1
year

MFINDPRO
",neutral
neutral_575.jpeg,/kaggle/input/musait/basket/neutral_575.jpeg,1,"| was born cute
& rich. You?
",neutral
neutral_576.jpeg,/kaggle/input/musait/basket/neutral_576.jpeg,1,"| was born cute
& rich. You?
",neutral
neutral_577.jpg,/kaggle/input/musait/basket/neutral_577.jpg,1,"1. Palindrome

#By using indexing / using for loop

return False
return True

@By Using whi
def pa
n= len(s)

first = 0
) last = n-1
‘Comps 't-Joingreve while(first<last):
pelea if s[first]==s[last]:
cise: first
return False last -= 1

else:
return False

MANGOTRA return True

#By using while loop
def palindrome6(n):
Using Split Method temp =n #1456
palindrome rev_n =0
while (temp>0):
digit = temp % 10
rev_n = rev_n #10 + digit
temp = temp // 10
if n == rev_n:
else: return True
return False else:
return False

Case of Numbers

return True

",neutral
neutral_578.jpg,/kaggle/input/musait/basket/neutral_578.jpg,1,"1. Palindrome

#By using indexing / using for loop

return False
return True

@By Using whi
def pa
n= len(s)

first = 0
) last = n-1
‘Comps 't-Joingreve while(first<last):
pelea if s[first]==s[last]:
cise: first
return False last -= 1

else:
return False

MANGOTRA return True

#By using while loop
def palindrome6(n):
Using Split Method temp =n #1456
palindrome rev_n =0
while (temp>0):
digit = temp % 10
rev_n = rev_n #10 + digit
temp = temp // 10
if n == rev_n:
else: return True
return False else:
return False

Case of Numbers

return True

",neutral
neutral_579.jpeg,/kaggle/input/musait/basket/neutral_579.jpeg,1,"int Paths(int m, int n)
{
int NumberOfSteps = (m+n) - 23;
int c =m- 1;
double ans = 1.9;
for (int i = 1; i <= ¢; i++)
{
ans = ans * (NumberOfSteps - c + i) / i;

}

return (int)ans;
",neutral
neutral_580.jpeg,/kaggle/input/musait/basket/neutral_580.jpeg,1,"int Paths(int m, int n)
{
int NumberOfSteps = (m+n) - 23;
int c =m- 1;
double ans = 1.9;
for (int i = 1; i <= ¢; i++)
{
ans = ans * (NumberOfSteps - c + i) / i;

}

return (int)ans;
",neutral
neutral_581.jpg,/kaggle/input/musait/basket/neutral_581.jpg,1,"nh404@Desktop:~$ python3.10
Python 3.10.4 (main, Mar 24 2022, 16:12:56) [GCC 9.4.0] on linux
Type ""help"", ""copyright"", ""credits"" or ""license"" for more information
>>> import turtle
Traceback (most recent call last):
File ""<stdin>"", line 1, in <module>
File ""/usr/lib/python3.10/turtle.py"", line 107, in <module>
import tkinter
ModuleNotFoundError: No module named 'tkinter'
>>> import Turtle
Traceback (most recent call last):
File ""<stdin>"", line 1, in <module>
ModuleNotFoundError: No module named ‘Turtle’
>>> import tkinter
Traceback (most recent call last):
File ""<stdin>"", line 1, in <module>
peautototreuertar: No module named 'tkinter
",neutral
neutral_582.jpg,/kaggle/input/musait/basket/neutral_582.jpg,1,"nh404@Desktop:~$ python3.10
Python 3.10.4 (main, Mar 24 2022, 16:12:56) [GCC 9.4.0] on linux
Type ""help"", ""copyright"", ""credits"" or ""license"" for more information
>>> import turtle
Traceback (most recent call last):
File ""<stdin>"", line 1, in <module>
File ""/usr/lib/python3.10/turtle.py"", line 107, in <module>
import tkinter
ModuleNotFoundError: No module named 'tkinter'
>>> import Turtle
Traceback (most recent call last):
File ""<stdin>"", line 1, in <module>
ModuleNotFoundError: No module named ‘Turtle’
>>> import tkinter
Traceback (most recent call last):
File ""<stdin>"", line 1, in <module>
peautototreuertar: No module named 'tkinter
",neutral
neutral_583.jpeg,/kaggle/input/musait/basket/neutral_583.jpeg,0,,neutral
neutral_584.jpeg,/kaggle/input/musait/basket/neutral_584.jpeg,0,,neutral
neutral_585.jpg,/kaggle/input/musait/basket/neutral_585.jpg,1,"FS

<import yoruba from %Nigeria//>
<!YORUBATYPE html>
<ori>
<oruko>%>ede programming titun ti yoruba
</oruko%>
</ori>
<ara%>
<ori alakoko>0mo yoruba atata ni mi</ori>
</ara%\\>
<es0%>]
ori alakoko {
titobi: 50px;
sisanra: 10px;
2
</eso\\%>
<lati owo @ronniepaul ni ede programming yi
ti seyo%//>
// ese pupo \\
",neutral
neutral_586.jpg,/kaggle/input/musait/basket/neutral_586.jpg,1,"FS

<import yoruba from %Nigeria//>
<!YORUBATYPE html>
<ori>
<oruko>%>ede programming titun ti yoruba
</oruko%>
</ori>
<ara%>
<ori alakoko>0mo yoruba atata ni mi</ori>
</ara%\\>
<es0%>]
ori alakoko {
titobi: 50px;
sisanra: 10px;
2
</eso\\%>
<lati owo @ronniepaul ni ede programming yi
ti seyo%//>
// ese pupo \\
",neutral
neutral_587.jpeg,/kaggle/input/musait/basket/neutral_587.jpeg,1,"Using your PC

",neutral
neutral_588.jpeg,/kaggle/input/musait/basket/neutral_588.jpeg,1,"Using your PC

",neutral
neutral_589.jpg,/kaggle/input/musait/basket/neutral_589.jpg,1,"My cat learned he could scoop up food with his
cone and stole my damn taco when | wasn't
looking

seas 10,004 6ST em OB A
",neutral
neutral_590.jpg,/kaggle/input/musait/basket/neutral_590.jpg,1,"My cat learned he could scoop up food with his
cone and stole my damn taco when | wasn't
looking

seas 10,004 6ST em OB A
",neutral
neutral_591.jpeg,/kaggle/input/musait/basket/neutral_591.jpeg,1,"Stress ball is good but b**bs are
better.

",neutral
neutral_592.jpg,/kaggle/input/musait/basket/neutral_592.jpg,1,"When life starts treating me good

",neutral
neutral_593.jpeg,/kaggle/input/musait/basket/neutral_593.jpeg,1,"1st rule of Programming:

if it works....don't touch it!..

",neutral
neutral_594.jpeg,/kaggle/input/musait/basket/neutral_594.jpeg,1,"1st rule of Programming:

if it works....don't touch it!..

",neutral
neutral_595.jpg,/kaggle/input/musait/basket/neutral_595.jpg,1,"it could all be so simple

",neutral
neutral_596.jpeg,/kaggle/input/musait/basket/neutral_596.jpeg,1,"Teacher: there is no electrical device
that has 100% efficiency. The other
energy is converted to heat

Me: What about a heater?

The teacher:

",neutral
neutral_597.jpeg,/kaggle/input/musait/basket/neutral_597.jpeg,1,"Teacher: there is no electrical device
that has 100% efficiency. The other
energy is converted to heat

Me: What about a heater?

The teacher:

",neutral
neutral_598.jpg,/kaggle/input/musait/basket/neutral_598.jpg,1,"When you go to Japan and
they don't speak in subtitles.

",neutral
neutral_599.jpg,/kaggle/input/musait/basket/neutral_599.jpg,1,"When you go to Japan and
they don't speak in subtitles.

",neutral
neutral_600.jpeg,/kaggle/input/musait/basket/neutral_600.jpeg,1,"W

meaningless
",neutral
neutral_601.jpeg,/kaggle/input/musait/basket/neutral_601.jpeg,1,"W

meaningless
",neutral
neutral_602.jpg,/kaggle/input/musait/basket/neutral_602.jpg,0,,neutral
neutral_603.jpg,/kaggle/input/musait/basket/neutral_603.jpg,0,,neutral
neutral_604.jpeg,/kaggle/input/musait/basket/neutral_604.jpeg,0,,neutral
neutral_605.jpeg,/kaggle/input/musait/basket/neutral_605.jpeg,0,,neutral
neutral_606.jpg,/kaggle/input/musait/basket/neutral_606.jpg,1,"135.A tradesman gives 4% dis-
count on the marked price
and gives 1 article free for
buying every 15 articles and
thus gains 35%. The marked
price is increased above the
cost price by
(1) 40% (2). 39%

(3) 50% (4) 20%

5 Ue Y aay, Vee [eet eet A) Le ek OLS Vat
",neutral
neutral_607.jpg,/kaggle/input/musait/basket/neutral_607.jpg,1,"135.A tradesman gives 4% dis-
count on the marked price
and gives 1 article free for
buying every 15 articles and
thus gains 35%. The marked
price is increased above the
cost price by
(1) 40% (2). 39%

(3) 50% (4) 20%

5 Ue Y aay, Vee [eet eet A) Le ek OLS Vat
",neutral
neutral_608.jpeg,/kaggle/input/musait/basket/neutral_608.jpeg,0,,neutral
neutral_609.jpg,/kaggle/input/musait/basket/neutral_609.jpg,0,,neutral
neutral_610.jpg,/kaggle/input/musait/basket/neutral_610.jpg,0,,neutral
neutral_611.jpeg,/kaggle/input/musait/basket/neutral_611.jpeg,0,,neutral
neutral_612.jpg,/kaggle/input/musait/basket/neutral_612.jpg,0,,neutral
neutral_613.jpg,/kaggle/input/musait/basket/neutral_613.jpg,0,,neutral
neutral_614.jpeg,/kaggle/input/musait/basket/neutral_614.jpeg,0,,neutral
neutral_615.jpeg,/kaggle/input/musait/basket/neutral_615.jpeg,0,,neutral
neutral_616.jpg,/kaggle/input/musait/basket/neutral_616.jpg,1,"BRAND
MARKETING
ADVERTISING

LOGO
DESIGN

IDENTITY
TRUST
VALUE
“STRATEGY

",neutral
neutral_617.jpg,/kaggle/input/musait/basket/neutral_617.jpg,1,"BRAND
MARKETING
ADVERTISING

LOGO
DESIGN

IDENTITY
TRUST
VALUE
“STRATEGY

",neutral
neutral_618.jpeg,/kaggle/input/musait/basket/neutral_618.jpeg,0,,neutral
neutral_619.jpg,/kaggle/input/musait/basket/neutral_619.jpg,1,"oe"" ed ME
©

",neutral
neutral_620.jpg,/kaggle/input/musait/basket/neutral_620.jpg,1,"oe"" ed ME
©

",neutral
neutral_621.jpeg,/kaggle/input/musait/basket/neutral_621.jpeg,1,"=Sale-

SPEND = nowt, = SAVE

co tame Se
$200 ir’ $50
$300 fit $75

$400 srs $100

",neutral
neutral_622.jpeg,/kaggle/input/musait/basket/neutral_622.jpeg,1,"=Sale-

SPEND = nowt, = SAVE

co tame Se
$200 ir’ $50
$300 fit $75

$400 srs $100

",neutral
neutral_623.jpg,/kaggle/input/musait/basket/neutral_623.jpg,0,,neutral
neutral_624.jpg,/kaggle/input/musait/basket/neutral_624.jpg,0,,neutral
neutral_625.jpeg,/kaggle/input/musait/basket/neutral_625.jpeg,1,"Gah

Serre

Be
",neutral
neutral_626.jpeg,/kaggle/input/musait/basket/neutral_626.jpeg,1,"Gah

Serre

Be
",neutral
neutral_627.jpg,/kaggle/input/musait/basket/neutral_627.jpg,1,"12:35 VV

(@) grammarly

",neutral
neutral_628.jpg,/kaggle/input/musait/basket/neutral_628.jpg,1,"12:35 VV

(@) grammarly

",neutral
neutral_629.jpeg,/kaggle/input/musait/basket/neutral_629.jpeg,1,"RAP nn SR oor
NOTHING MATTERS

",neutral
neutral_630.jpeg,/kaggle/input/musait/basket/neutral_630.jpeg,1,"RAP nn SR oor
NOTHING MATTERS

",neutral
neutral_631.jpg,/kaggle/input/musait/basket/neutral_631.jpg,1,"ce Cream

Strawberry mix

VectorStock.com/21520349
",neutral
neutral_632.jpg,/kaggle/input/musait/basket/neutral_632.jpg,1,"ce Cream

Strawberry mix

VectorStock.com/21520349
",neutral
neutral_633.jpeg,/kaggle/input/musait/basket/neutral_633.jpeg,0,,neutral
neutral_634.jpeg,/kaggle/input/musait/basket/neutral_634.jpeg,0,,neutral
neutral_635.jpg,/kaggle/input/musait/basket/neutral_635.jpg,1,"THE CONVERSATION
",neutral
neutral_636.jpg,/kaggle/input/musait/basket/neutral_636.jpg,1,"THE CONVERSATION
",neutral
neutral_637.jpeg,/kaggle/input/musait/basket/neutral_637.jpeg,1,"QUESTION

If you were to let
someone in your
house right now,
what would they
find on TOP of
your refrigerator?

Guu >.
",neutral
neutral_638.jpeg,/kaggle/input/musait/basket/neutral_638.jpeg,1,"QUESTION

If you were to let
someone in your
house right now,
what would they
find on TOP of
your refrigerator?

Guu >.
",neutral
neutral_639.jpg,/kaggle/input/musait/basket/neutral_639.jpg,1,"Types of

Advertisement

",neutral
neutral_640.jpg,/kaggle/input/musait/basket/neutral_640.jpg,1,"Types of

Advertisement

",neutral
neutral_641.jpeg,/kaggle/input/musait/basket/neutral_641.jpeg,1,"‘Add your answer

",neutral
neutral_642.jpeg,/kaggle/input/musait/basket/neutral_642.jpeg,1,"‘Add your answer

",neutral
neutral_643.jpeg,/kaggle/input/musait/basket/neutral_643.jpeg,1,"Did You Know

If | had to be locked for a week
in a room that was completely
dark or completely bright, I'd
rather...

() New Question + Add Answer
",neutral
neutral_644.jpeg,/kaggle/input/musait/basket/neutral_644.jpeg,1,"Did You Know

If | had to be locked for a week
in a room that was completely
dark or completely bright, I'd
rather...

() New Question + Add Answer
",neutral
neutral_645.jpeg,/kaggle/input/musait/basket/neutral_645.jpeg,1,"Aur phir kuch youn huva ky
",neutral
neutral_646.jpeg,/kaggle/input/musait/basket/neutral_646.jpeg,1,"Write the Correct
Answer!!

9+8-4x2=??
A: 26
B:9
C:17
",neutral
neutral_647.jpeg,/kaggle/input/musait/basket/neutral_647.jpeg,1,"Write the Correct
Answer!!

9+8-4x2=??
A: 26
B:9
C:17
",neutral
neutral_648.jpeg,/kaggle/input/musait/basket/neutral_648.jpeg,0,,neutral
neutral_649.jpeg,/kaggle/input/musait/basket/neutral_649.jpeg,1,"How to Write an Academic Blog Post

Proofed.
",neutral
neutral_650.jpeg,/kaggle/input/musait/basket/neutral_650.jpeg,1,"How to Write an Academic Blog Post

Proofed.
",neutral
neutral_651.jpeg,/kaggle/input/musait/basket/neutral_651.jpeg,1,"Conversations
",neutral
neutral_652.jpeg,/kaggle/input/musait/basket/neutral_652.jpeg,1,"Conversations
",neutral
neutral_653.jpg,/kaggle/input/musait/basket/neutral_653.jpg,1,"THE GOURMET

Non-Burning Saucepan

————————————————_
possesses advantages obvious to every woman ; it fills a long-felt household want, a
saucepan that can cook. unattended and will not let its contents burn

What the Gourmet Non-Burning Saucepan is and does.
It is a deep, green enamelled saucepan, white inside and complete with flat enamelled cover, and
with a spue-on copper bottom enclosing a repro lining, “The polished copper bottom matches and
sets off admirably the green enamel, and the whole eflect of the article is distinctly pleasing and
xhinn cid tuptes thio s ta pone of meek oad ber sore
For Cooking Sauces,Custards, Milk, Porridge, etc., etc.,
it is unsurpassed. IT WILL NOT let

contents BURN,

The copper bottom and, fire-
proof lining protect what is the
most vulnerable part. in an
enamel saicepan—the bottom,
so that a Gourmet Non-Burn-
ing Saucepan lasts three times
as long as an ordinar i
saucepan, and
danger of chipping
ing is eliminated,

THE TEST.—Boil milk
in it down to a thick
cream and it will not
burn

No. 12 1 pt.1/9
y » 14 2pt. 2/-
No.16 - 3 pint 2/6
» 18 - 4 pint 2/9
The number denotes inside
diameter in centimetres.
hy ENAMEL SAUCEPAN BOTTOM
LINING

COPPER BOTTOM

QUEEN'S PUDDING BOILERS.

No Cloth or String used. Earthenware

Bowl. Tinned Steel Cover, Keep Water

Out, and Goodness in. Make puddings
as light as sponge cake.

Prices—
Vpint, 9d. 14 pint, 1/2 pint, 1/6
3 pint, 2/- 43 pint, 2/6 6 pint, 3/-

THE GOURMET DUPLEX FORK.

‘This is a stamped steel utensil, heavily coated with pure tin, Saves burning and scalding your
hands when turning Chops and Steaks on the Grill, Roasts in the oven, Sausages, Bacon, etc., in the
frying pan. Hold: Rissoles, Fishcakes, Baked Potatogs, and Chestnuts, Does not pierce or tear the
meat, » point strongly in its favour as a cooking utensil for Steaksy ete, Handle shaped to the hand,
always cool. Has a spring grip that automatically releases whatever you are holding immediately
pressure is released on the handles, and forks remain wide open ready for the next hot thing to be

picked up.
Price .. 7hd. each.

Write for list of‘ GOURMETWARE,” sent post free on receipt of a postcard to,

GOURMET & CO., (5:i:) Mount Pleasant, London, W.C.

Image ID: AA8

www.alamy.com

",neutral
neutral_654.jpg,/kaggle/input/musait/basket/neutral_654.jpg,1,"NNN

AK \
Noon

",neutral
neutral_655.jpg,/kaggle/input/musait/basket/neutral_655.jpg,0,,neutral
neutral_656.jpg,/kaggle/input/musait/basket/neutral_656.jpg,0,,neutral
neutral_657.jpg,/kaggle/input/musait/basket/neutral_657.jpg,1,"a
DICTIONARY
",neutral
neutral_658.jpg,/kaggle/input/musait/basket/neutral_658.jpg,1,"Kitchen Utility Gifts

Non-Stick

4 Flat Griddle (Tawa) (250mm)
+ 1Fry Pan (240mm)

+ Kadhai (240mm) with Glass
(for Fry Pan & Kadhai)

ith 3 Layers
aigmgifts@gmail.com High Coating

aigmpune@gmail.com

www.corporates
",neutral
neutral_659.jpg,/kaggle/input/musait/basket/neutral_659.jpg,1,"Quality Vale Reliability
Macclite Nonstick Gift set
Trio Pack Set of 3pc

1. Superior Non-Stick Coating Which will last longer
and stays

2. Extra Tiek Base to Avoid Warping

3. Strong and Study Handle

4, (HTR) High Temperature Resistant

Gift Set Of 3pc

",neutral
neutral_660.jpg,/kaggle/input/musait/basket/neutral_660.jpg,1,"oa oa ~ BLACK MATTE COOKWARE

",neutral
neutral_661.jpg,/kaggle/input/musait/basket/neutral_661.jpg,1,"KITCHEN UTENSILS

READ MORE

KITCHEN SUPPLIES:
Smoueaamenoatiopnrec™

REI

COOKING TOOLS

",neutral
neutral_662.jpg,/kaggle/input/musait/basket/neutral_662.jpg,1,"5 .
containers

. = bowl Zz)

i ©, & BD ackiyy | a eo ? if > = =
om pki P rolling pin
te ° svi git 7 gi

strainer colander. — -, paw feat 5) K)

l¢

spatula ladle

=

whisk knife fork spoon
",neutral
neutral_663.jpg,/kaggle/input/musait/basket/neutral_663.jpg,1,"MONDAY
& TUESDAY

fh ia)
re %

—/4 ;
WITH THIS COUPON

BUY 1, CET 1

ALL SHOES

Buy one and get one of equal
or lesser value FREE

Have a Smartphone?
Save this coupon to your phone
by using the NeoReader App
on your iPhone, Blackberry,
or Android to scan the QR
code at the right

Download Free - Waleadets

",neutral
neutral_664.jpg,/kaggle/input/musait/basket/neutral_664.jpg,1,"10 NEW PSYCHOLOGICAL FACTS

If you wear

BLACK colour
more, it means
your brain is

",neutral
neutral_665.jpg,/kaggle/input/musait/basket/neutral_665.jpg,0,,neutral
neutral_666.jpg,/kaggle/input/musait/basket/neutral_666.jpg,1,"(e)

DID YOU
KNOW ?

ww

N74
aN
",neutral
neutral_667.jpg,/kaggle/input/musait/basket/neutral_667.jpg,1,"BEST CAR
} Fh RENT

",neutral
neutral_668.jpg,/kaggle/input/musait/basket/neutral_668.jpg,1,"PYTHON
RANDOM
MODULE

YoungWonks
",neutral
neutral_669.jpg,/kaggle/input/musait/basket/neutral_669.jpg,0,,neutral
neutral_670.jpg,/kaggle/input/musait/basket/neutral_670.jpg,0,,neutral
neutral_671.jpg,/kaggle/input/musait/basket/neutral_671.jpg,1,"? | Where's Waldo?

",neutral
neutral_672.jpg,/kaggle/input/musait/basket/neutral_672.jpg,0,,neutral
neutral_673.jpg,/kaggle/input/musait/basket/neutral_673.jpg,1,"¥ Spelling help
vy Grammar check

vy Synonym suggestions

vy And more Write Smarter With
Grammar Coach!

Sign Up Now
",neutral
neutral_674.jpg,/kaggle/input/musait/basket/neutral_674.jpg,1,"AUDIENCE
ANALYSIS

BB QuestionPro

",neutral
neutral_675.jpg,/kaggle/input/musait/basket/neutral_675.jpg,1,". consectetuer’adipiscing elit,
sed diam.nonummy nibh
euismod tincidunt ut laoreet

designed by @ freepik
",neutral
neutral_676.jpg,/kaggle/input/musait/basket/neutral_676.jpg,1,"Curiously
Interesting
Facts

A(t
|
",neutral
neutral_677.jpg,/kaggle/input/musait/basket/neutral_677.jpg,1,"j How

| often do

{you lose
(1) power?

",neutral
neutral_678.jpg,/kaggle/input/musait/basket/neutral_678.jpg,0,,neutral
neutral_679.jpg,/kaggle/input/musait/basket/neutral_679.jpg,1,"TELEVISION DAY

Abrief history of
televisions
",neutral
neutral_680.jpg,/kaggle/input/musait/basket/neutral_680.jpg,1,"OU NEED TO KNOW

tionship between
=nsitivity & Modern
scaler
",neutral
neutral_681.jpg,/kaggle/input/musait/basket/neutral_681.jpg,1,"ELECTRONICS

Ae

",neutral
neutral_682.jpg,/kaggle/input/musait/basket/neutral_682.jpg,1,"Electronic Signature

",neutral
neutral_683.jpg,/kaggle/input/musait/basket/neutral_683.jpg,1,"= Interior and Exterior Windows —
= Commercial Building Cleaning —
‘ = Mirror Clean & Polishing —

ror More Info Contre:

skyhighoclean.com
0800 982 7832
",neutral
neutral_684.jpg,/kaggle/input/musait/basket/neutral_684.jpg,1,"? airtel

SWITCH TO
INDIA’S WIDEST
4G NETWORK

",neutral
neutral_685.jpg,/kaggle/input/musait/basket/neutral_685.jpg,1,"OF THE
PEOPLE

IN FRANCE AGED 18 TO 65 YEARS OLD

+ will regrettably
* keep on thinking that
+ this is an ad for a new

COMPUTE

HELP US MAKE ILLITERACY THE NATIONAL CAUSE OF 2013
Sign the petition of the National Agency for the Fight Against Illiteracy in France on illettrisme2013.fr
",neutral
neutral_686.jpg,/kaggle/input/musait/basket/neutral_686.jpg,1,"Endless ection

Newegg.com - Your Note ebook Headquarters

NEWEGG om

",neutral
neutral_687.jpg,/kaggle/input/musait/basket/neutral_687.jpg,1,"LAPTOP
MOCKUP

",neutral
neutral_688.jpg,/kaggle/input/musait/basket/neutral_688.jpg,1,"Netflix launched a streaming media service,
introducing video on demand via the Internet
in Jan 2007.
",neutral
neutral_689.jpg,/kaggle/input/musait/basket/neutral_689.jpg,1,"Ww

a :
DONT MISS OUT ©

© Gaming Laptop. Pe

-< AXUS,P50-X69
Pay

r
USE CODE: SALE5O
AT CHECKOUT

",neutral
neutral_690.jpg,/kaggle/input/musait/basket/neutral_690.jpg,1,"Interpretation Facts:
5 Things Everyone A
4 Needs to Know

",neutral
neutral_691.jpg,/kaggle/input/musait/basket/neutral_691.jpg,0,,neutral
neutral_692.jpg,/kaggle/input/musait/basket/neutral_692.jpg,1,"Used Laptop Sale

at affordable price

We SALE IN :=
9873247325 Delhi, -Ghaziabad

@www.oldlaptopsale.com “\cig, ars

Faridabad —- Greater Noida

",neutral
neutral_693.jpg,/kaggle/input/musait/basket/neutral_693.jpg,1,"Poster

Cyber Monday

cyberg
",neutral
neutral_694.jpg,/kaggle/input/musait/basket/neutral_694.jpg,1,"Logo

Buy A New Laptop
Or Exchange Your Old Laptop For New One

WIDE RANGE OF LAPTOPS

",neutral
neutral_695.jpg,/kaggle/input/musait/basket/neutral_695.jpg,1,"FLASH
SALE

Laptops
starting at

FREE SHIPPING &
ACCESSORIES

",neutral
neutral_696.jpg,/kaggle/input/musait/basket/neutral_696.jpg,1,"Laptop
Mockup

+ High Quality
+ 100% Vector | EPS10 /4
+ Realistic Design Y

",neutral
neutral_697.jpg,/kaggle/input/musait/basket/neutral_697.jpg,1,"5 WAYS
ADVERTISEMENTS

Help You Connect To A Product
",neutral
neutral_698.jpg,/kaggle/input/musait/basket/neutral_698.jpg,0,,neutral
neutral_699.jpg,/kaggle/input/musait/basket/neutral_699.jpg,1,"Which electronics should you unplug
when not in use?

Laptops and computers —&-
TVs and gaming systems ——-
Small kitchen appliances ———@-
Phone chargers ——E
Lamps/lighting fixtures ——-

= Constellation

fn Bln Comps
",neutral
neutral_700.jpg,/kaggle/input/musait/basket/neutral_700.jpg,1,"_— WELCOME

This is a sample text that you can edit. You can change
font (size, color, name), or apply any desired formatting.

",neutral
neutral_701.jpg,/kaggle/input/musait/basket/neutral_701.jpg,1,"ag: &
fo] we 5
Microsoft
PowerPoint LE

[cc] class central d) ee
",neutral
neutral_702.jpg,/kaggle/input/musait/basket/neutral_702.jpg,1,"20 Best
PowerPoint PPT
Templates

nulivo market

",neutral
neutral_703.jpg,/kaggle/input/musait/basket/neutral_703.jpg,1,"Here goes your
presentation title.

O)

‘And here your subtitle

",neutral
neutral_704.jpg,/kaggle/input/musait/basket/neutral_704.jpg,1,"LOGO

Free PPT templates

Insert the Subtitle of Your Presentation

",neutral
neutral_705.jpg,/kaggle/input/musait/basket/neutral_705.jpg,1,"FREE ICONS FOR

POWERPOINT
& © oe

blame 7 &

@

leapt

",neutral
neutral_706.jpg,/kaggle/input/musait/basket/neutral_706.jpg,1,"Management
Consultant

Corporate
Executives

Logistics
Solution
Provider

e Creative
Groups

Industrial
‘Manufacturers,

Medical
Professionals

",neutral
neutral_707.jpg,/kaggle/input/musait/basket/neutral_707.jpg,0,,neutral
neutral_708.jpg,/kaggle/input/musait/basket/neutral_708.jpg,1,"OM ds
PowerPoint Presentation

Premium Quality Presentations will be
delivered in time
Ppt and Pdf format
",neutral
neutral_709.jpg,/kaggle/input/musait/basket/neutral_709.jpg,1,"PowerPoint

Beginners

RAMGOPAL

(Ea Process.com

",neutral
neutral_710.jpg,/kaggle/input/musait/basket/neutral_710.jpg,1,"Office of Government-wide Policy

Creating PowerPoint
Templates

> rl Ld
",neutral
neutral_711.jpg,/kaggle/input/musait/basket/neutral_711.jpg,1,">_>

FREE PPT TEMPLATES

Insert the Subtitle of Your Presentation

",neutral
neutral_712.jpg,/kaggle/input/musait/basket/neutral_712.jpg,1,"only 1 person
gepoula lift

",neutral
neutral_713.jpg,/kaggle/input/musait/basket/neutral_713.jpg,1,"PPT
",neutral
neutral_714.jpg,/kaggle/input/musait/basket/neutral_714.jpg,0,,neutral
neutral_715.jpg,/kaggle/input/musait/basket/neutral_715.jpg,1,"IMPORT :
POWERPOINT
SLIDES
",neutral
neutral_716.jpg,/kaggle/input/musait/basket/neutral_716.jpg,0,,neutral
neutral_717.jpg,/kaggle/input/musait/basket/neutral_717.jpg,1,"ar SHAPES mana

CABO YS BE

ircle iangle rectangle heart sq

ev

octagon parallelogram right triangle

",neutral
neutral_718.jpg,/kaggle/input/musait/basket/neutral_718.jpg,1,"SQUARE CIRCLE TRIANGLE

ou yv

OVAL RECTANGLE HEART
",neutral
neutral_719.jpg,/kaggle/input/musait/basket/neutral_719.jpg,1,"Shapes Name

Circle Triangle Square Rectangle Right Angle
Rombus Star Hexagon Cube

” WC Dae
",neutral
neutral_720.jpg,/kaggle/input/musait/basket/neutral_720.jpg,1,"SS
Ss HEADLINE
= | SS commer

Header

",neutral
neutral_721.jpg,/kaggle/input/musait/basket/neutral_721.jpg,0,,neutral
neutral_722.jpg,/kaggle/input/musait/basket/neutral_722.jpg,1,"AVOCADO
",neutral
neutral_723.jpg,/kaggle/input/musait/basket/neutral_723.jpg,1,"Shawn Garcia
Graphic Designer

",neutral
neutral_724.jpg,/kaggle/input/musait/basket/neutral_724.jpg,1,"S-D-B
Blockchain
— Simply explained —
",neutral
neutral_725.jpg,/kaggle/input/musait/basket/neutral_725.jpg,0,,neutral
neutral_726.jpg,/kaggle/input/musait/basket/neutral_726.jpg,0,,neutral
neutral_727.jpg,/kaggle/input/musait/basket/neutral_727.jpg,0,,neutral
neutral_728.jpg,/kaggle/input/musait/basket/neutral_728.jpg,1,"<OULD  e™
you f/,

RESIST =
THE RING? WAH
",neutral
neutral_729.jpg,/kaggle/input/musait/basket/neutral_729.jpg,0,,neutral
neutral_730.jpg,/kaggle/input/musait/basket/neutral_730.jpg,0,,neutral
neutral_731.jpg,/kaggle/input/musait/basket/neutral_731.jpg,1,"CIVILIZATION.
IN ANTARCTICA?
",neutral
neutral_732.jpg,/kaggle/input/musait/basket/neutral_732.jpg,1,"‘ rowTe

2 mmuTes suwores 0 nures

an
",neutral
neutral_733.jpg,/kaggle/input/musait/basket/neutral_733.jpg,1,"v

a 4 UTER
",neutral
neutral_734.jpg,/kaggle/input/musait/basket/neutral_734.jpg,0,,neutral
neutral_735.jpg,/kaggle/input/musait/basket/neutral_735.jpg,1,"DON'T EAT!

",neutral
neutral_736.jpg,/kaggle/input/musait/basket/neutral_736.jpg,0,,neutral
neutral_737.jpg,/kaggle/input/musait/basket/neutral_737.jpg,0,,neutral
neutral_738.jpg,/kaggle/input/musait/basket/neutral_738.jpg,1,"2018 2023

wo

",neutral
neutral_739.jpg,/kaggle/input/musait/basket/neutral_739.jpg,1,"Which wand should you choose?

What stratedy should you enploy to have
‘the steatest chance of winnind the duel?
",neutral
neutral_740.jpg,/kaggle/input/musait/basket/neutral_740.jpg,1,"| PAUSE THE VIDEO
ON THE FOLLOWING SCREEN.
TO EXAMINE YOUR CLUES
AND SOLVE THE RIDDLE

",neutral
neutral_741.jpg,/kaggle/input/musait/basket/neutral_741.jpg,0,,neutral
neutral_742.jpg,/kaggle/input/musait/basket/neutral_742.jpg,0,,neutral
neutral_743.jpg,/kaggle/input/musait/basket/neutral_743.jpg,0,,neutral
neutral_744.jpg,/kaggle/input/musait/basket/neutral_744.jpg,0,,neutral
neutral_745.jpg,/kaggle/input/musait/basket/neutral_745.jpg,0,,neutral
neutral_746.jpg,/kaggle/input/musait/basket/neutral_746.jpg,1,"BEFORE | AFTER

",neutral
neutral_747.jpg,/kaggle/input/musait/basket/neutral_747.jpg,1,"BINARY, PERMUTATION
AND COMMUNICATION
MATRICES

Year 12 General Maths
PREVIEW VIDEO

#,

es.

maffsguru.com
",neutral
neutral_748.jpg,/kaggle/input/musait/basket/neutral_748.jpg,1,"“== NORWAY
",neutral
neutral_749.jpg,/kaggle/input/musait/basket/neutral_749.jpg,1,"¥

&

THE ENTIRE
HISTORY

f
SPIDER-MAN
",neutral
neutral_750.jpg,/kaggle/input/musait/basket/neutral_750.jpg,1,"yg. TAROT
} » ay oy?
oS QwDle

",neutral
neutral_751.jpg,/kaggle/input/musait/basket/neutral_751.jpg,0,,neutral
neutral_752.jpg,/kaggle/input/musait/basket/neutral_752.jpg,1,"CAN YOU
SOLVE sx
PRISONER

E
",neutral
neutral_753.jpg,/kaggle/input/musait/basket/neutral_753.jpg,1,"QUESTIONS
NO ONE KNOWS

mers
",neutral
neutral_754.jpg,/kaggle/input/musait/basket/neutral_754.jpg,0,,neutral
neutral_755.jpg,/kaggle/input/musait/basket/neutral_755.jpg,1,"DEd

WELCOME TO

CNX

aVaVa 1 + - »y

 Neeesssegsveseiay
fas iiddaaddsaaas..s/ &
TAAL a

",neutral
neutral_756.jpg,/kaggle/input/musait/basket/neutral_756.jpg,1,"BLOAT H hfe
‘ al

IN YOUR BYE
",neutral
neutral_757.jpg,/kaggle/input/musait/basket/neutral_757.jpg,1,"WHAT eon
iJ «

~~ anew
ey a

CE

Dra
",neutral
neutral_758.jpg,/kaggle/input/musait/basket/neutral_758.jpg,1,"WHAT WOULD 2833
HAPPEN IF YOU | A
DIDNT DRINK WAVER?
",neutral
neutral_759.jpg,/kaggle/input/musait/basket/neutral_759.jpg,1,"« HOW THE FOOD YOU EAT | ™

= © @ 2 © 6.
moc ® a)

e AFFECTS YOUR BRAIN |
",neutral
neutral_760.jpg,/kaggle/input/musait/basket/neutral_760.jpg,0,,neutral
neutral_761.jpg,/kaggle/input/musait/basket/neutral_761.jpg,1,"(ie
HES

T
NES!

Res

Ss
ORK

0

yy
“=

",neutral
neutral_762.jpg,/kaggle/input/musait/basket/neutral_762.jpg,0,,neutral
neutral_763.jpg,/kaggle/input/musait/basket/neutral_763.jpg,1,"A BRIE(F) HISTORY OF

",neutral
neutral_764.jpg,/kaggle/input/musait/basket/neutral_764.jpg,1,"CAN YOU SOLVE THs
LOGIC PUZZLE?

",neutral
neutral_765.jpg,/kaggle/input/musait/basket/neutral_765.jpg,0,,neutral
neutral_766.jpg,/kaggle/input/musait/basket/neutral_766.jpg,1,"%

the benefits of
a bilingual brain
",neutral
neutral_767.jpg,/kaggle/input/musait/basket/neutral_767.jpg,1,"THE wo
BIRTHDAY | $1 ¢¢s 644""
CAKE |
RIDDLE

",neutral
neutral_768.jpg,/kaggle/input/musait/basket/neutral_768.jpg,1,"WHICH FAMILY IS FAKE?

",neutral
neutral_769.jpg,/kaggle/input/musait/basket/neutral_769.jpg,1,"Bounce Ball

Homemade Crazy Ball

‘ -__

‘PLUSt

Any ""Nee

",neutral
neutral_770.jpg,/kaggle/input/musait/basket/neutral_770.jpg,0,,neutral
neutral_771.jpg,/kaggle/input/musait/basket/neutral_771.jpg,1,"the art of the ad.

HUSTLE ~
",neutral
neutral_772.jpg,/kaggle/input/musait/basket/neutral_772.jpg,0,,neutral
neutral_773.jpg,/kaggle/input/musait/basket/neutral_773.jpg,1,"FROM THIS

| GLOWING

EYESQ

",neutral
neutral_774.jpg,/kaggle/input/musait/basket/neutral_774.jpg,0,,neutral
neutral_775.jpg,/kaggle/input/musait/basket/neutral_775.jpg,1,"How | Bind
a Text Block
",neutral
neutral_776.jpg,/kaggle/input/musait/basket/neutral_776.jpg,0,,neutral
neutral_777.jpg,/kaggle/input/musait/basket/neutral_777.jpg,1,"Boost Your Home's W orth!

RY) TOP a ee

: ; OVE .
J pact chnlor pete e

",neutral
neutral_778.jpg,/kaggle/input/musait/basket/neutral_778.jpg,0,,neutral
neutral_779.jpg,/kaggle/input/musait/basket/neutral_779.jpg,1,"“| ie a
DOWNSIZE <<
YOUR JEANS |
",neutral
neutral_780.jpg,/kaggle/input/musait/basket/neutral_780.jpg,0,,neutral
neutral_781.jpg,/kaggle/input/musait/basket/neutral_781.jpg,1,"How to Start

Best Path
FOr Beginnens:
",neutral
neutral_782.jpg,/kaggle/input/musait/basket/neutral_782.jpg,1,"e (4)

Python in 4 hours

Full Course
",neutral
neutral_783.jpg,/kaggle/input/musait/basket/neutral_783.jpg,1,"TUTORIAL

yeu uwille

GSI Ts

",neutral
neutral_784.jpg,/kaggle/input/musait/basket/neutral_784.jpg,1,"a ee

26 def check_db():

if not os. path. isfile(pre ames,
cr y

(""Sete

ite(""/edit"", methodse{""GET"",""*

if request.method == “POST s
book_id = request.forw{ i)
book_to_update = Book.query
book_to_update. rating = ""HOH
db. session. comelt()

return ect(

",neutral
neutral_785.jpg,/kaggle/input/musait/basket/neutral_785.jpg,1,"SHADER
ART CODING

void maintmage( out vec fragColor, in vec? fragCoord ) {
vec2 uv = (FragCoord * 2.0 - iResolution.xy) / iResol

Float d = Length(wv);

4 = sin(a);
4 = abs(d);

4 = smoothstep(0.0, 0.4, 4); o
fragcolor = vecs(d, 4, d, 1.9)

",neutral
neutral_786.jpg,/kaggle/input/musait/basket/neutral_786.jpg,0,,neutral
neutral_787.jpg,/kaggle/input/musait/basket/neutral_787.jpg,1,"K- Means.
; Clustering gs

fF,  Adiixas

Experience
",neutral
neutral_788.jpg,/kaggle/input/musait/basket/neutral_788.jpg,0,,neutral
neutral_789.jpg,/kaggle/input/musait/basket/neutral_789.jpg,1,"THE FUTURE OF
Artificial
Intelligence

",neutral
neutral_790.jpg,/kaggle/input/musait/basket/neutral_790.jpg,1,"edureka!

K MEANS
CLUSTERING
ALGORITHM

",neutral
neutral_791.jpg,/kaggle/input/musait/basket/neutral_791.jpg,1,"Dynamic Programming
Solve coding challenges!

i) :

",neutral
neutral_792.jpg,/kaggle/input/musait/basket/neutral_792.jpg,1,"veesse=*s"" HowTo Run
Pytorch Code
| In GPU Using
CUDA

",neutral
neutral_793.jpg,/kaggle/input/musait/basket/neutral_793.jpg,1,"; ED. .
y, ME OD
y NY
we a ¥

7

Haiard CS50

Full University Course

",neutral
neutral_794.jpg,/kaggle/input/musait/basket/neutral_794.jpg,0,,neutral
neutral_795.jpg,/kaggle/input/musait/basket/neutral_795.jpg,0,,neutral
neutral_796.jpg,/kaggle/input/musait/basket/neutral_796.jpg,0,,neutral
neutral_797.jpg,/kaggle/input/musait/basket/neutral_797.jpg,1,"LEARN
—yoPYTHON

IN1HOUR

",neutral
neutral_798.jpg,/kaggle/input/musait/basket/neutral_798.jpg,1,"‘SHOULD YOU

",neutral
neutral_799.jpg,/kaggle/input/musait/basket/neutral_799.jpg,0,,neutral
neutral_800.jpg,/kaggle/input/musait/basket/neutral_800.jpg,1,": seiner, TECH STREETS
A close up TALK WITH EPZ

THE PROGRAMMER |

",neutral
neutral_801.jpg,/kaggle/input/musait/basket/neutral_801.jpg,1,"©& PYTHON
@e

FULL COURSE
",neutral
neutral_802.jpg,/kaggle/input/musait/basket/neutral_802.jpg,1,"CODING
MUSIC

HACKER CHILLSTEP
",neutral
neutral_803.jpg,/kaggle/input/musait/basket/neutral_803.jpg,1,"FF ( % ‘

| [THERE MAY BEA

SOLUTION COMING
tS

lox
?
",neutral
neutral_804.jpg,/kaggle/input/musait/basket/neutral_804.jpg,0,,neutral
neutral_805.jpg,/kaggle/input/musait/basket/neutral_805.jpg,1,"he

WEEKS 2WEEKS 4 WEEKS
2
",neutral
neutral_806.jpg,/kaggle/input/musait/basket/neutral_806.jpg,1,"Chris
Lattner
#381
Lex
Fridman

",neutral
neutral_807.jpg,/kaggle/input/musait/basket/neutral_807.jpg,1,"Disa 0i

Noah’s Ark |
located?? ;
",neutral
neutral_808.jpg,/kaggle/input/musait/basket/neutral_808.jpg,1,"AS 1

20008sc 248
",neutral
neutral_809.jpg,/kaggle/input/musait/basket/neutral_809.jpg,0,,neutral
neutral_810.jpg,/kaggle/input/musait/basket/neutral_810.jpg,1,"THE ANCIENT
WORLD

in
",neutral
neutral_811.jpg,/kaggle/input/musait/basket/neutral_811.jpg,0,,neutral
neutral_812.jpg,/kaggle/input/musait/basket/neutral_812.jpg,1,"| | s x

Ii &p sal
_THE HISTORY OF

© MATHEMATICS -
",neutral
neutral_813.jpg,/kaggle/input/musait/basket/neutral_813.jpg,1,"Pe aS OF 7 a 2

e | N

MYTHOLOGY
",neutral
neutral_814.jpg,/kaggle/input/musait/basket/neutral_814.jpg,1,"Sleepiest. ar
Voice

Ever... gy

",neutral
neutral_815.jpg,/kaggle/input/musait/basket/neutral_815.jpg,0,,neutral
neutral_816.jpg,/kaggle/input/musait/basket/neutral_816.jpg,1,". HELICOPTER
Cs ROPE
RIDDLE

",neutral
neutral_817.jpg,/kaggle/input/musait/basket/neutral_817.jpg,1,"THESE MICE ARE TWINS

",neutral
neutral_818.jpg,/kaggle/input/musait/basket/neutral_818.jpg,0,,neutral
neutral_819.jpg,/kaggle/input/musait/basket/neutral_819.jpg,0,,neutral
neutral_820.jpg,/kaggle/input/musait/basket/neutral_820.jpg,1,"ALIENS
IN TI
OCEAT

is Tt Ss

HISTORY.
",neutral
neutral_821.jpg,/kaggle/input/musait/basket/neutral_821.jpg,0,,neutral
neutral_822.jpg,/kaggle/input/musait/basket/neutral_822.jpg,1,"“THE PERSIANS & GREEKS
",neutral
neutral_823.jpg,/kaggle/input/musait/basket/neutral_823.jpg,1,"The History of the Kei Car
",neutral
neutral_824.jpg,/kaggle/input/musait/basket/neutral_824.jpg,1,"VIKING BRIG

HOW ENGLANI
WAS MADE. eee
",neutral
neutral_825.jpg,/kaggle/input/musait/basket/neutral_825.jpg,0,,neutral
neutral_826.jpg,/kaggle/input/musait/basket/neutral_826.jpg,1,"HISTORY MARATHO
1857 TO 1947 ,

LUCENT + SPECTURM + NCERTS
: =i
",neutral
neutral_827.jpg,/kaggle/input/musait/basket/neutral_827.jpg,0,,neutral
neutral_828.jpg,/kaggle/input/musait/basket/neutral_828.jpg,1,"History of

",neutral
neutral_829.jpg,/kaggle/input/musait/basket/neutral_829.jpg,0,,neutral
neutral_830.jpg,/kaggle/input/musait/basket/neutral_830.jpg,1,"Which is stronger: @
> GLUE

cee

",neutral
neutral_831.jpg,/kaggle/input/musait/basket/neutral_831.jpg,1,"OMe Soo”
Oo EFFECTS = re

~ SLEEP DEPRIVATION

v
",neutral
neutral_832.jpg,/kaggle/input/musait/basket/neutral_832.jpg,1,"HOW ©

VA THOR
GOT HIS
HAMMER

SS
Ee

—

=

",neutral
neutral_833.jpg,/kaggle/input/musait/basket/neutral_833.jpg,0,,neutral
neutral_834.jpg,/kaggle/input/musait/basket/neutral_834.jpg,1,"CAN YOU SOLVE THE res]

WIZARD
STANDOFF
RIDDLE?

",neutral
neutral_835.jpg,/kaggle/input/musait/basket/neutral_835.jpg,0,,neutral
neutral_836.jpg,/kaggle/input/musait/basket/neutral_836.jpg,1,"=
THE THREE GODS ft RIDDLE?

",neutral
neutral_837.jpg,/kaggle/input/musait/basket/neutral_837.jpg,1,"DANA D Ue ==)

SNe pile
kop * VIRUS
a RIDDLE?

",neutral
neutral_838.jpg,/kaggle/input/musait/basket/neutral_838.jpg,1,"TEDEd

",neutral
neutral_839.jpg,/kaggle/input/musait/basket/neutral_839.jpg,1,"HOW PLAYING AN INSTRUMENT res
BENEFITS YOUR {3/2 /\(\

Fi.

",neutral
neutral_840.jpg,/kaggle/input/musait/basket/neutral_840.jpg,1,"DANDRUERZ a
",neutral
neutral_841.jpg,/kaggle/input/musait/basket/neutral_841.jpg,1,"ITPRLPeTTUL IEEE ReCLULMreCReR LILIA

SCAN YOU SOLVE THE LOCKER RIDDLE?

",neutral
neutral_842.jpg,/kaggle/input/musait/basket/neutral_842.jpg,0,,neutral
neutral_843.jpg,/kaggle/input/musait/basket/neutral_843.jpg,1,"ROMAN ee ea
SOLDIER =)

",neutral
neutral_844.jpg,/kaggle/input/musait/basket/neutral_844.jpg,1,"5
ean you solves

Wee HE Rat

",neutral
neutral_845.jpg,/kaggle/input/musait/basket/neutral_845.jpg,0,,neutral
neutral_846.jpg,/kaggle/input/musait/basket/neutral_846.jpg,0,,neutral
neutral_847.jpg,/kaggle/input/musait/basket/neutral_847.jpg,0,,neutral
neutral_848.jpg,/kaggle/input/musait/basket/neutral_848.jpg,0,,neutral
neutral_849.jpg,/kaggle/input/musait/basket/neutral_849.jpg,1,"SOLVE THE
PP PASSCODE RIDDLE?
",neutral
neutral_850.jpg,/kaggle/input/musait/basket/neutral_850.jpg,1,"/ HOW D0 rae
TORNADOES

FORM?

",neutral
neutral_851.jpg,/kaggle/input/musait/basket/neutral_851.jpg,0,,neutral
neutral_852.jpg,/kaggle/input/musait/basket/neutral_852.jpg,1,"History
Chocolate
",neutral
neutral_853.jpg,/kaggle/input/musait/basket/neutral_853.jpg,1,"WHY CAN'T YOU =

DIVIDE BY ZERO?

",neutral
neutral_854.jpg,/kaggle/input/musait/basket/neutral_854.jpg,1,"THE MYTH OF

",neutral
neutral_855.jpg,/kaggle/input/musait/basket/neutral_855.jpg,1,"WX G0) Uy

HET ANU GWE DEE
",neutral
neutral_856.jpg,/kaggle/input/musait/basket/neutral_856.jpg,0,,neutral
neutral_857.jpg,/kaggle/input/musait/basket/neutral_857.jpg,0,,neutral
neutral_858.jpg,/kaggle/input/musait/basket/neutral_858.jpg,0,,neutral
neutral_859.jpg,/kaggle/input/musait/basket/neutral_859.jpg,1,"TEDEd

",neutral
neutral_860.jpg,/kaggle/input/musait/basket/neutral_860.jpg,0,,neutral
neutral_861.jpg,/kaggle/input/musait/basket/neutral_861.jpg,1,"Schridinger's Lat S
",neutral
neutral_862.jpg,/kaggle/input/musait/basket/neutral_862.jpg,0,,neutral
neutral_863.jpg,/kaggle/input/musait/basket/neutral_863.jpg,1,"THE HISTORY OF THE WORLD
AGCORDING TO
",neutral
neutral_864.jpg,/kaggle/input/musait/basket/neutral_864.jpg,0,,neutral
neutral_865.jpg,/kaggle/input/musait/basket/neutral_865.jpg,1,"JUST HOW |
SMALL
IS AN ATOM?

",neutral
neutral_866.jpg,/kaggle/input/musait/basket/neutral_866.jpg,1,"©

<P

ys
ULES TENT EXIST?
",neutral
neutral_867.jpg,/kaggle/input/musait/basket/neutral_867.jpg,1,"8 TRAITS OF

SUCCESSFUL
PEOPLE

",neutral
neutral_868.jpg,/kaggle/input/musait/basket/neutral_868.jpg,1,"COVE THE =.
RIVER -ROSSING a
",neutral
neutral_869.jpg,/kaggle/input/musait/basket/neutral_869.jpg,0,,neutral
neutral_870.jpg,/kaggle/input/musait/basket/neutral_870.jpg,1,"ae or oi te

HOW TO NAVIGATE THE

“oir

",neutral
neutral_871.jpg,/kaggle/input/musait/basket/neutral_871.jpg,1,"CAN YOU SOLE m=
THE AIRPLANE RIDDLE?

",neutral
neutral_872.jpg,/kaggle/input/musait/basket/neutral_872.jpg,1,"956%
Ss

© MSO PRESSURE
f ose
",neutral
neutral_873.jpg,/kaggle/input/musait/basket/neutral_873.jpg,1,"HOW DOES
LASER EYE

SURGERY @7 a
WORK? : |

",neutral
neutral_874.jpg,/kaggle/input/musait/basket/neutral_874.jpg,1,"SOLAR PANELS =

",neutral
neutral_875.jpg,/kaggle/input/musait/basket/neutral_875.jpg,1,"«

an M Ee
",neutral
neutral_876.jpg,/kaggle/input/musait/basket/neutral_876.jpg,0,,neutral
neutral_877.jpg,/kaggle/input/musait/basket/neutral_877.jpg,1,"A DAY IN THE LIFE OF AN

ANCIENT
EGYPTIAN
DOCTOR .
",neutral
neutral_878.jpg,/kaggle/input/musait/basket/neutral_878.jpg,1,"SLEEP TO REMEMBER ©

REMEMBER TO SLEEP
",neutral
neutral_879.jpg,/kaggle/input/musait/basket/neutral_879.jpg,0,,neutral
neutral_880.jpg,/kaggle/input/musait/basket/neutral_880.jpg,0,,neutral
neutral_881.jpg,/kaggle/input/musait/basket/neutral_881.jpg,1,"CAN YOU SOLVE

THE FISH RIDDLE?

",neutral
neutral_882.jpg,/kaggle/input/musait/basket/neutral_882.jpg,1,"wa ane <>
> CARBIMPORAT.!

a)
aa /

a YG 3 y

Y
",neutral
neutral_883.jpg,/kaggle/input/musait/basket/neutral_883.jpg,1,"HOW FOLDING PAPER: »
CAN GET YOU TO 3
THE MOON
",neutral
neutral_884.jpg,/kaggle/input/musait/basket/neutral_884.jpg,1,"THE GREATEST

TED TALK

EVER SOLD

",neutral
neutral_885.jpg,/kaggle/input/musait/basket/neutral_885.jpg,1,"“x ©

=

TAMINS

V
",neutral
neutral_886.jpg,/kaggle/input/musait/basket/neutral_886.jpg,0,,neutral
neutral_887.jpg,/kaggle/input/musait/basket/neutral_887.jpg,1,"%

%

CAN YOU SOLV
THE CONTROE: RM, RIDOLE?
",neutral
neutral_888.jpg,/kaggle/input/musait/basket/neutral_888.jpg,0,,neutral
neutral_889.jpg,/kaggle/input/musait/basket/neutral_889.jpg,0,,neutral
neutral_890.jpg,/kaggle/input/musait/basket/neutral_890.jpg,1,"=

—* WHY DO ANIMALS
De AVE DIFFERENT

peg IF ESPANS?

=

",neutral
neutral_891.jpg,/kaggle/input/musait/basket/neutral_891.jpg,1,"Tati
",neutral
neutral_892.jpg,/kaggle/input/musait/basket/neutral_892.jpg,1,"WHAT CAUSES @ oS =
INSOMNIA?

aN

@
oC
",neutral
neutral_893.jpg,/kaggle/input/musait/basket/neutral_893.jpg,0,,neutral
neutral_894.jpg,/kaggle/input/musait/basket/neutral_894.jpg,0,,neutral
neutral_895.jpg,/kaggle/input/musait/basket/neutral_895.jpg,1,"EINSTEIN'S

TWIN

PARADOX
EXPLAINED

",neutral
neutral_896.jpg,/kaggle/input/musait/basket/neutral_896.jpg,1,"IMPROVE YOUR ss A

",neutral
neutral_897.jpg,/kaggle/input/musait/basket/neutral_897.jpg,1,"THE SURPRISING REASON re

OUR MUSCLES GET TIRED

",neutral
neutral_898.jpg,/kaggle/input/musait/basket/neutral_898.jpg,0,,neutral
neutral_899.jpg,/kaggle/input/musait/basket/neutral_899.jpg,0,,neutral
neutral_900.jpg,/kaggle/input/musait/basket/neutral_900.jpg,1,"BREAKING ©

Rou So
ARRIE
WOLF

— ttt
",neutral
neutral_901.jpg,/kaggle/input/musait/basket/neutral_901.jpg,1,"CAN YOU SOLVE THE

RAGNAROK ~

bua dle

",neutral
neutral_902.jpg,/kaggle/input/musait/basket/neutral_902.jpg,1,"WHAT |S THE
ah le
NCERTAINTY
“DO PRINCIPLE?
",neutral
neutral_903.jpg,/kaggle/input/musait/basket/neutral_903.jpg,1,"MAGNUS
EFFECT

",neutral
neutral_904.jpg,/kaggle/input/musait/basket/neutral_904.jpg,0,,neutral
neutral_905.jpg,/kaggle/input/musait/basket/neutral_905.jpg,1,"Se ee
wv | aah ba

",neutral
neutral_906.jpg,/kaggle/input/musait/basket/neutral_906.jpg,1,"SORRY, WE'RE FULL
",neutral
neutral_907.jpg,/kaggle/input/musait/basket/neutral_907.jpg,1,"Y)
Y)
Lu
=<
Lil
b=
Lu
ol
0.
5
UO
<

",neutral
neutral_908.jpg,/kaggle/input/musait/basket/neutral_908.jpg,0,,neutral
neutral_909.jpg,/kaggle/input/musait/basket/neutral_909.jpg,1,"oly DOES THIS HAPPEN?
",neutral
neutral_910.jpg,/kaggle/input/musait/basket/neutral_910.jpg,1,"THIS BIKE
PROVES IT.

",neutral
neutral_911.jpg,/kaggle/input/musait/basket/neutral_911.jpg,0,,neutral
neutral_912.jpg,/kaggle/input/musait/basket/neutral_912.jpg,1,"c=

FELOW IN WIRES ,
———
“ = =F = _\ =
",neutral
neutral_913.jpg,/kaggle/input/musait/basket/neutral_913.jpg,0,,neutral
neutral_914.jpg,/kaggle/input/musait/basket/neutral_914.jpg,0,,neutral
neutral_915.jpg,/kaggle/input/musait/basket/neutral_915.jpg,1,"—_

WHO'S RIGHT?

",neutral
neutral_916.jpg,/kaggle/input/musait/basket/neutral_916.jpg,0,,neutral
neutral_917.jpg,/kaggle/input/musait/basket/neutral_917.jpg,1,"HOW

ES THIS WOR

",neutral
neutral_918.jpg,/kaggle/input/musait/basket/neutral_918.jpg,0,,neutral
neutral_919.jpg,/kaggle/input/musait/basket/neutral_919.jpg,1,"PRINTED 4 Ae
",neutral
neutral_920.jpg,/kaggle/input/musait/basket/neutral_920.jpg,0,,neutral
neutral_921.jpg,/kaggle/input/musait/basket/neutral_921.jpg,0,,neutral
neutral_922.jpg,/kaggle/input/musait/basket/neutral_922.jpg,1,"THEY'RE MAKING A COMEBACK

",neutral
neutral_923.jpg,/kaggle/input/musait/basket/neutral_923.jpg,1,"WHAT IS
HAPPENING?
",neutral
neutral_924.jpg,/kaggle/input/musait/basket/neutral_924.jpg,0,,neutral
neutral_925.jpg,/kaggle/input/musait/basket/neutral_925.jpg,0,,neutral
neutral_926.jpg,/kaggle/input/musait/basket/neutral_926.jpg,0,,neutral
neutral_927.jpg,/kaggle/input/musait/basket/neutral_927.jpg,1,"STANDARD REFERENCE

2387

Peanut Butter
Nisr

National Institute of
Standards and Tech""

nooo

",neutral
neutral_928.jpg,/kaggle/input/musait/basket/neutral_928.jpg,1,"HOW IS THIS POSSIBLE?

ay
A)

",neutral
neutral_929.jpg,/kaggle/input/musait/basket/neutral_929.jpg,1,"After 5 Ads

Bee Skip Ad >I

>:

",neutral
neutral_930.jpg,/kaggle/input/musait/basket/neutral_930.jpg,0,,neutral
neutral_931.jpg,/kaggle/input/musait/basket/neutral_931.jpg,1,"HERE'S THE PROOF

",neutral
neutral_932.jpg,/kaggle/input/musait/basket/neutral_932.jpg,1,"74,500 GENERATIONS

Sa ees
y |

AL pe —_ '
_f£- ae he” &. . ‘

“

_ =
",neutral
neutral_933.jpg,/kaggle/input/musait/basket/neutral_933.jpg,1,"mans only emit a tiny
",neutral
neutral_934.jpg,/kaggle/input/musait/basket/neutral_934.jpg,0,,neutral
neutral_935.jpg,/kaggle/input/musait/basket/neutral_935.jpg,0,,neutral
neutral_936.jpg,/kaggle/input/musait/basket/neutral_936.jpg,0,,neutral
neutral_937.jpg,/kaggle/input/musait/basket/neutral_937.jpg,0,,neutral
neutral_938.jpg,/kaggle/input/musait/basket/neutral_938.jpg,0,,neutral
neutral_939.jpg,/kaggle/input/musait/basket/neutral_939.jpg,1,"Top 10 Interesting Facts}
FEES

",neutral
neutral_940.jpg,/kaggle/input/musait/basket/neutral_940.jpg,1,"30 MINUTES OF

USELE
INFORMATION

",neutral
neutral_941.png,/kaggle/input/musait/basket/neutral_941.png,1,"Facebook photo nooo
",neutral
neutral_942.jpg,/kaggle/input/musait/basket/neutral_942.jpg,1,"Template courtesy of

Facebook Link Post Image
",neutral
neutral_943.jpeg,/kaggle/input/musait/basket/neutral_943.jpeg,1,"NORMAL
",neutral
neutral_944.png,/kaggle/input/musait/basket/neutral_944.png,1,"‘w Normal

",neutral
neutral_945.jpeg,/kaggle/input/musait/basket/neutral_945.jpeg,1,"Messaging is the New Normal

",neutral
neutral_946.png,/kaggle/input/musait/basket/neutral_946.png,1,"celio

be normal:
",neutral
neutral_947.png,/kaggle/input/musait/basket/neutral_947.png,0,,neutral
positive_001.jpeg,/kaggle/input/musait/basket/positive_001.jpeg,1,"Listen to your
soul. It always
knows when it's
time to start a
new chapter in

your life.

- Via (Dark Secrets)
",positive
positive_002.jpg,/kaggle/input/musait/basket/positive_002.jpg,0,,positive
positive_003.jpg,/kaggle/input/musait/basket/positive_003.jpg,1,"Without rain
nothing grows,
Learn to embrace
the storms of “

-

",positive
positive_004.jpeg,/kaggle/input/musait/basket/positive_004.jpeg,1,"Just because one
thing does not go
right, does not
mean your life is
ruined. @Motivational Life 4

Stay positive.

>»
~ ;

ra
",positive
positive_005.jpeg,/kaggle/input/musait/basket/positive_005.jpeg,0,,positive
positive_006.jpeg,/kaggle/input/musait/basket/positive_006.jpeg,1,"Just because one
thing does not go
right, does not
mean your life is
ruined. @Motivational Life 4

Stay positive.

>»
~ ;

ra
",positive
positive_007.jpeg,/kaggle/input/musait/basket/positive_007.jpeg,1,"BOOK OF PROSPERITY

~’ OnE DAY EVERYTHING WILL BE OKAY.

",positive
positive_008.jpg,/kaggle/input/musait/basket/positive_008.jpg,0,,positive
positive_009.jpg,/kaggle/input/musait/basket/positive_009.jpg,1,"Don't just be good
to others. Be good to
yourself too

(Wonders Diary)

www.wondersdiary.com
",positive
positive_010.jpeg,/kaggle/input/musait/basket/positive_010.jpeg,1,"Don't just be good
to others. Be good to
yourself too

(Wonders Diary)

www.wondersdiary.com
",positive
positive_011.jpeg,/kaggle/input/musait/basket/positive_011.jpeg,0,,positive
positive_012.jpeg,/kaggle/input/musait/basket/positive_012.jpeg,1,"Don't just be good
to others. Be good to
yourself too

(Wonders Diary)

www.wondersdiary.com
",positive
positive_013.jpeg,/kaggle/input/musait/basket/positive_013.jpeg,1,"The best views come from
the hardest climbs. a
",positive
positive_014.jpg,/kaggle/input/musait/basket/positive_014.jpg,0,,positive
positive_015.jpg,/kaggle/input/musait/basket/positive_015.jpg,1,"When life knocks you
down, roll over and

look at the stars.

- Via (Dark Secrets)
",positive
positive_016.jpeg,/kaggle/input/musait/basket/positive_016.jpeg,1,"Without rain
nothing grows,
Learn to embrace
the storms of “

-

",positive
positive_017.jpeg,/kaggle/input/musait/basket/positive_017.jpeg,0,,positive
positive_018.jpeg,/kaggle/input/musait/basket/positive_018.jpeg,1,"Without rain
nothing grows,
Learn to embrace
the storms of “

-

",positive
positive_019.jpeg,/kaggle/input/musait/basket/positive_019.jpeg,1,"Be private. Not
everyone wants what
is best for you.

(Thoughts Wonder)

Thoughts Wonder
",positive
positive_020.jpg,/kaggle/input/musait/basket/positive_020.jpg,0,,positive
positive_021.jpg,/kaggle/input/musait/basket/positive_021.jpg,1,"Never expect, never assume,
never ask, and never demand.
Just let it be. Because if it's
meant to be, it will happen.

@InspirationalQuotes720
",positive
positive_022.jpeg,/kaggle/input/musait/basket/positive_022.jpeg,1,"it

You are entering a
state where everything

works in your favor.

- Via (Dark Secrets)
",positive
positive_023.jpeg,/kaggle/input/musait/basket/positive_023.jpeg,0,,positive
positive_024.jpeg,/kaggle/input/musait/basket/positive_024.jpeg,1,"it

You are entering a
state where everything

works in your favor.

- Via (Dark Secrets)
",positive
positive_025.jpeg,/kaggle/input/musait/basket/positive_025.jpeg,1,"You define your own life.
Don't let other people

write your script.

- Via (Dark Secrets)
",positive
positive_026.jpg,/kaggle/input/musait/basket/positive_026.jpg,0,,positive
positive_027.jpg,/kaggle/input/musait/basket/positive_027.jpg,1,"No matter how badly someone

treats you, never drop down to
their level. Remain calm, stay
—- -&

strong, and

- Via (
",positive
positive_028.jpeg,/kaggle/input/musait/basket/positive_028.jpeg,1,"When life knocks you
down, roll over and

look at the stars.

- Via (Dark Secrets)
",positive
positive_029.jpeg,/kaggle/input/musait/basket/positive_029.jpeg,0,,positive
positive_030.jpeg,/kaggle/input/musait/basket/positive_030.jpeg,1,"When life knocks you
down, roll over and

look at the stars.

- Via (Dark Secrets)
",positive
positive_031.jpeg,/kaggle/input/musait/basket/positive_031.jpeg,1,"You have suffered
enough, now is time to
live a life that really

brings you joy.

- Via (Dark Secrets)
",positive
positive_032.jpg,/kaggle/input/musait/basket/positive_032.jpg,0,,positive
positive_033.jpg,/kaggle/input/musait/basket/positive_033.jpg,1,"If you have the power
to make someone happy,
do it. The world needs
more of that.

(Thoughts Wonder)
",positive
positive_034.jpeg,/kaggle/input/musait/basket/positive_034.jpeg,1,"Never expect, never assume,
never ask, and never demand.
Just let it be. Because if it's
meant to be, it will happen.

@InspirationalQuotes720
",positive
positive_035.jpeg,/kaggle/input/musait/basket/positive_035.jpeg,0,,positive
positive_036.jpeg,/kaggle/input/musait/basket/positive_036.jpeg,0,,positive
positive_037.jpg,/kaggle/input/musait/basket/positive_037.jpg,1,"110]

J

",positive
positive_038.jpg,/kaggle/input/musait/basket/positive_038.jpg,1,"Don't lose hope, you never know

what tomorrow will bring.

- Via (Dark Secrets) 9
",positive
positive_039.jpeg,/kaggle/input/musait/basket/positive_039.jpeg,1,"wh You eaninot teach a man

anything; you can only

help him find it within
himself.
",positive
positive_040.jpeg,/kaggle/input/musait/basket/positive_040.jpeg,0,,positive
positive_041.jpeg,/kaggle/input/musait/basket/positive_041.jpeg,1,"wh You eaninot teach a man

anything; you can only

help him find it within
himself.
",positive
positive_042.jpeg,/kaggle/input/musait/basket/positive_042.jpeg,1,"Don't compare your life
to others. Th@fe is no
comparison between

ry Ce dt

they snine w

their time.
",positive
positive_043.jpg,/kaggle/input/musait/basket/positive_043.jpg,1,"If | love myself despite
my infinite faults,
how can! hate anyone at
the glimpse of a few faultss

SWAMI VIVEKANANDA

The IndianEXPRESS
",positive
positive_044.jpg,/kaggle/input/musait/basket/positive_044.jpg,1,"You are more
powerful than
anything you're
going through
right now.

- Via (Dark Secrets)
",positive
positive_045.jpeg,/kaggle/input/musait/basket/positive_045.jpeg,1,"\ -
",positive
positive_046.jpg,/kaggle/input/musait/basket/positive_046.jpg,0,,positive
positive_047.jpg,/kaggle/input/musait/basket/positive_047.jpg,1,"If | love myself despite
my infinite faults,
how can! hate anyone at
the glimpse of a few faultss

SWAMI VIVEKANANDA

The IndianEXPRESS
",positive
positive_048.jpeg,/kaggle/input/musait/basket/positive_048.jpeg,0,,positive
positive_049.jpg,/kaggle/input/musait/basket/positive_049.jpg,1,"""If you want
to live

a happy
life,

tie it to

or objects.""
-Albert Einstein
",positive
positive_050.jpg,/kaggle/input/musait/basket/positive_050.jpg,1,"MOTHER GIVES WINGS
TO YOUR DREAMS.
",positive
positive_051.jpeg,/kaggle/input/musait/basket/positive_051.jpeg,0,,positive
positive_052.jpg,/kaggle/input/musait/basket/positive_052.jpg,0,,positive
positive_053.jpg,/kaggle/input/musait/basket/positive_053.jpg,1,"""If you want
to live

a happy
life,

tie it to

or objects.""
-Albert Einstein
",positive
positive_054.jpeg,/kaggle/input/musait/basket/positive_054.jpeg,1,"4
4 e €
» oe
e° ¢ .
+
You know you are on
the right track when you
become uninterested

in looking back.

- Via (Dark Secrets)
",positive
positive_055.jpg,/kaggle/input/musait/basket/positive_055.jpg,1,"oe ee
Pd

Mathematics | is the
language wi with which God
ates written the Wvetse.

<<
Galileo Galilei

(@) quotefanc
",positive
positive_056.jpg,/kaggle/input/musait/basket/positive_056.jpg,1,"Stop giving people
the power to control
your smile, your worth,
your attitude and

your day.

(Thoughts Wonder)

|

Thoughts W onder
",positive
positive_057.jpg,/kaggle/input/musait/basket/positive_057.jpg,0,,positive
positive_058.jpg,/kaggle/input/musait/basket/positive_058.jpg,0,,positive
positive_059.jpeg,/kaggle/input/musait/basket/positive_059.jpeg,1,"NEWS
",positive
positive_060.jpg,/kaggle/input/musait/basket/positive_060.jpg,1,"""That man has
reached
immortality who
is disturbed by
nothing
material.""

",positive
positive_061.jpg,/kaggle/input/musait/basket/positive_061.jpg,0,,positive
positive_062.jpg,/kaggle/input/musait/basket/positive_062.jpg,0,,positive
positive_063.jpg,/kaggle/input/musait/basket/positive_063.jpg,1,"""That man has
reached
immortality who
is disturbed by
nothing
material.""

",positive
positive_064.jpeg,/kaggle/input/musait/basket/positive_064.jpeg,1,"| Good News!

aS) ie
iF

",positive
positive_065.jpg,/kaggle/input/musait/basket/positive_065.jpg,1,"Nothing truly valuable can be
achieved except by the unselfish
cooperation of many individuals,

Albert Einstein
",positive
positive_066.jpg,/kaggle/input/musait/basket/positive_066.jpg,0,,positive
positive_067.jpg,/kaggle/input/musait/basket/positive_067.jpg,0,,positive
positive_068.jpg,/kaggle/input/musait/basket/positive_068.jpg,1,"Nothing truly valuable can be
achieved except by the unselfish
cooperation of many individuals,

Albert Einstein
",positive
positive_069.jpg,/kaggle/input/musait/basket/positive_069.jpg,1,"Learn from yesterday,
live for today,

hope for tomorrow.
The important thing
is not to stop questioning.

",positive
positive_070.png,/kaggle/input/musait/basket/positive_070.png,1,"The Ministry of Good News

",positive
positive_071.jpg,/kaggle/input/musait/basket/positive_071.jpg,0,,positive
positive_072.jpg,/kaggle/input/musait/basket/positive_072.jpg,1,"70-yr-old ‘tunnel man' from Karnataka, who
turned barren land fertile, awarded Padma Shri.

Amai Mahalinga Naik single- handedly converted a
piece of barren hilltop land into a flourishing farm.

also known as Surunga, one-man army and
a water warrior. Congratulations to him. A.%

",positive
positive_073.jpeg,/kaggle/input/musait/basket/positive_073.jpeg,1,"WE COAG TO LOVE NOT BY
FINDING A PERFECT PERSON. GUT
®Y ICARNNG TO. SCC)
UAPCRFECT Pi
+s

",positive
positive_074.jpg,/kaggle/input/musait/basket/positive_074.jpg,0,,positive
positive_075.jpeg,/kaggle/input/musait/basket/positive_075.jpeg,1,"everything.
",positive
positive_076.jpg,/kaggle/input/musait/basket/positive_076.jpg,0,,positive
positive_077.jpeg,/kaggle/input/musait/basket/positive_077.jpeg,1,"everything.
",positive
positive_078.jpeg,/kaggle/input/musait/basket/positive_078.jpeg,1,"Never make
permanent
decisions on
temporary
feelings.

- Via (Dark Secrets)
",positive
positive_079.jpg,/kaggle/input/musait/basket/positive_079.jpg,0,,positive
positive_080.jpeg,/kaggle/input/musait/basket/positive_080.jpeg,1,"You never fail until
you stop. trying.
",positive
positive_081.jpg,/kaggle/input/musait/basket/positive_081.jpg,0,,positive
positive_082.jpeg,/kaggle/input/musait/basket/positive_082.jpeg,1,"You never fail until
you stop. trying.
",positive
positive_083.jpeg,/kaggle/input/musait/basket/positive_083.jpeg,0,,positive
positive_084.jpg,/kaggle/input/musait/basket/positive_084.jpg,1,"""Insanity is doing the
same thing over and

over again and expecting
different results""

Albert Einstein

",positive
positive_085.jpg,/kaggle/input/musait/basket/positive_085.jpg,0,,positive
positive_086.jpeg,/kaggle/input/musait/basket/positive_086.jpeg,1,"Sometimes re” to
blame yourself because

ou knew better.

",positive
positive_087.jpg,/kaggle/input/musait/basket/positive_087.jpg,1,"Measure What Is Measurable,
And Make Measurable What Is
Not So.

~ GALILEO GALILEI ~
",positive
positive_088.jpg,/kaggle/input/musait/basket/positive_088.jpg,0,,positive
positive_089.jpeg,/kaggle/input/musait/basket/positive_089.jpeg,1,"laturi

Someone hurts you and
You try to understand
their situation and
Don't hurt them back.
",positive
positive_090.jpg,/kaggle/input/musait/basket/positive_090.jpg,0,,positive
positive_091.jpg,/kaggle/input/musait/basket/positive_091.jpg,0,,positive
positive_092.jpeg,/kaggle/input/musait/basket/positive_092.jpeg,1,"Step by step. Day by
day. It all comes to

you in due time.

- Via (Dark Secrets)
",positive
positive_093.jpg,/kaggle/input/musait/basket/positive_093.jpg,0,,positive
positive_094.jpeg,/kaggle/input/musait/basket/positive_094.jpeg,1,"NEVER COMPARE YOURSELF WITH
ANYONE. YOU ARE UNIQUE, COMPLETE
AND BEAUTIFUL.

-ADEEP
",positive
positive_095.jpeg,/kaggle/input/musait/basket/positive_095.jpeg,1,"NEVER COMPARE YOURSELF WITH
ANYONE. YOU ARE UNIQUE, COMPLETE
AND BEAUTIFUL.

-ADEEP
",positive
positive_096.jpeg,/kaggle/input/musait/basket/positive_096.jpeg,1,"@successpictures

A KING ISN'T BORN. HE IS MADE.
",positive
positive_097.jpg,/kaggle/input/musait/basket/positive_097.jpg,0,,positive
positive_098.jpeg,/kaggle/input/musait/basket/positive_098.jpeg,1,"No amount of
physical beauty will
ever be as valuable
as a beautiful
heart.

(Thoughts Wonder)
",positive
positive_099.jpeg,/kaggle/input/musait/basket/positive_099.jpeg,1,"No amount of
physical beauty will
ever be as valuable
as a beautiful
heart.

(Thoughts Wonder)
",positive
positive_100.jpeg,/kaggle/input/musait/basket/positive_100.jpeg,1,"Balance is Key in Life

",positive
positive_1000.jpg,/kaggle/input/musait/basket/positive_1000.jpg,1,"PY oy
ii you can dreamiit, =
you can do it.7:
—WALF DISNEY

",positive
positive_1001.jpg,/kaggle/input/musait/basket/positive_1001.jpg,1,"“A GOOD IDEA
BECOMES
A GREAT IDEA
WHEN
YOU LET IT
OUT.""

quoteslife143 .online
",positive
positive_1002.jpg,/kaggle/input/musait/basket/positive_1002.jpg,1,"InspiredVibes

Eventually you'll end up where
you need to be, with who you're
meant to be with, and doing

",positive
positive_1003.jpg,/kaggle/input/musait/basket/positive_1003.jpg,1,".

It takes a lot
of courage
to push through
hard times.

Never give up.
Good things

are coming
your way.

",positive
positive_1004.jpg,/kaggle/input/musait/basket/positive_1004.jpg,0,,positive
positive_1005.jpg,/kaggle/input/musait/basket/positive_1005.jpg,1,"]
et ed ne
Sropen

than your

fear

",positive
positive_1006.jpg,/kaggle/input/musait/basket/positive_1006.jpg,1,"ANYONE'S
IGNORANCE, HATE,
NEGATIVITY STOP

YOU FROM BEING
THE BEST PERSON
YOU CAN BE.

KUSHANDWIZDOM
",positive
positive_1007.jpg,/kaggle/input/musait/basket/positive_1007.jpg,1,")!
“ACTION IS THE
FOUNDATIONAL

",positive
positive_1008.jpg,/kaggle/input/musait/basket/positive_1008.jpg,0,,positive
positive_1009.jpg,/kaggle/input/musait/basket/positive_1009.jpg,1,"Be with someone

who Is good for
your mental health.

",positive
positive_101.jpg,/kaggle/input/musait/basket/positive_101.jpg,1,"Success is not always
what you see.

",positive
positive_1010.jpg,/kaggle/input/musait/basket/positive_1010.jpg,1,"LIFE 1S SHORT

_ Alwa i; thooye pa,

",positive
positive_1011.jpg,/kaggle/input/musait/basket/positive_1011.jpg,0,,positive
positive_1012.jpg,/kaggle/input/musait/basket/positive_1012.jpg,0,,positive
positive_1013.jpg,/kaggle/input/musait/basket/positive_1013.jpg,1,"~THINKOFALLTHEBEAUTY
STILL LEFT AROUND YOU
AND BEHAPPY

y- Anne Frank

¢ailyuoiesbanicom :
",positive
positive_1014.jpg,/kaggle/input/musait/basket/positive_1014.jpg,1,"will no longer

www_InspiringQuotes. in
",positive
positive_1015.jpg,/kaggle/input/musait/basket/positive_1015.jpg,1,"THE HAPPINESS OF
YOUR LIFE
DEPENDS UPTO
THE QUALITY OF
YOUR THOUGHTS
SO THINK HAPPY
AND POSITIVE. _
",positive
positive_1016.jpg,/kaggle/input/musait/basket/positive_1016.jpg,1,"A positive attitude brings
much gratitude. Think positive,
be positive, speak positive.
Do it every day, make it
a HABIT.

",positive
positive_1017.jpg,/kaggle/input/musait/basket/positive_1017.jpg,1,"Today

| choose to be
Happy.

ee

The Power of Quotes.
",positive
positive_1018.jpg,/kaggle/input/musait/basket/positive_1018.jpg,1,"“atl, =

a ee a i
“Be happy. Be who you wanna be.
_ Lf others doesn't like it, then let them be.

Happiness is a choice. ©
",positive
positive_1019.jpg,/kaggle/input/musait/basket/positive_1019.jpg,0,,positive
positive_102.jpeg,/kaggle/input/musait/basket/positive_102.jpeg,1,"~ As long as you are alive, you
~~~~<have it in you. Never give up.
= = Via (Dark Secrets)

",positive
positive_1020.jpg,/kaggle/input/musait/basket/positive_1020.jpg,0,,positive
positive_1021.jpg,/kaggle/input/musait/basket/positive_1021.jpg,0,,positive
positive_103.jpeg,/kaggle/input/musait/basket/positive_103.jpeg,1,"~ As long as you are alive, you
~~~~<have it in you. Never give up.
= = Via (Dark Secrets)

",positive
positive_104.jpeg,/kaggle/input/musait/basket/positive_104.jpeg,0,,positive
positive_105.jpg,/kaggle/input/musait/basket/positive_105.jpg,0,,positive
positive_106.jpeg,/kaggle/input/musait/basket/positive_106.jpeg,1,"Remember,

anyone can love you
when the sun is shining.
In the storms is where
you learn who truly

cares for you.
(Wonders Diary)

www.wondersdiary.com
",positive
positive_107.jpeg,/kaggle/input/musait/basket/positive_107.jpeg,1,"Remember,

anyone can love you
when the sun is shining.
In the storms is where
you learn who truly

cares for you.
(Wonders Diary)

www.wondersdiary.com
",positive
positive_108.jpeg,/kaggle/input/musait/basket/positive_108.jpeg,0,,positive
positive_109.jpg,/kaggle/input/musait/basket/positive_109.jpg,1,"Good or bad, what you put
ack to you!

out comes back to
",positive
positive_110.jpeg,/kaggle/input/musait/basket/positive_110.jpeg,1,"Thoughts Wonder

",positive
positive_111.jpeg,/kaggle/input/musait/basket/positive_111.jpeg,1,"Thoughts Wonder

",positive
positive_112.jpeg,/kaggle/input/musait/basket/positive_112.jpeg,1,"Be grateful for what you have.

@successpictures

",positive
positive_113.jpg,/kaggle/input/musait/basket/positive_113.jpg,0,,positive
positive_114.jpeg,/kaggle/input/musait/basket/positive_114.jpeg,1,"if it keeps you happy, keep it quiet.

- Via (Dark Secrets)
",positive
positive_115.jpeg,/kaggle/input/musait/basket/positive_115.jpeg,1,"if it keeps you happy, keep it quiet.

- Via (Dark Secrets)
",positive
positive_116.jpeg,/kaggle/input/musait/basket/positive_116.jpeg,0,,positive
positive_117.jpg,/kaggle/input/musait/basket/positive_117.jpg,1,"Being late doesn’t mean
failure. Maybe it means getting
ready for a great launch.

@successpictures

",positive
positive_118.jpeg,/kaggle/input/musait/basket/positive_118.jpeg,1,"The secret of being
happy is accepting
where you are in life
and making the
most out of
every day.

(Wonders Diary)

www.wondersdiary.com
",positive
positive_119.jpeg,/kaggle/input/musait/basket/positive_119.jpeg,1,"The secret of being
happy is accepting
where you are in life
and making the
most out of
every day.

(Wonders Diary)

www.wondersdiary.com
",positive
positive_120.jpeg,/kaggle/input/musait/basket/positive_120.jpeg,1,"LIFE IS TOO SHORT TO HIDE
THINGS. DON'T BE eee TO
SAY WHAT YOU F

YOU FEEL es

",positive
positive_121.jpg,/kaggle/input/musait/basket/positive_121.jpg,0,,positive
positive_122.jpeg,/kaggle/input/musait/basket/positive_122.jpeg,1,"Rediate good cheer and
goodwill towards everyone. It
works like amagnet. You

attract what you rediate.

- Via (Dark Secrets)
",positive
positive_123.jpeg,/kaggle/input/musait/basket/positive_123.jpeg,1,"Rediate good cheer and
goodwill towards everyone. It
works like amagnet. You

attract what you rediate.

- Via (Dark Secrets)
",positive
positive_124.jpeg,/kaggle/input/musait/basket/positive_124.jpeg,1,"NEVER JUDGE SOMEONE WITHOUT
KNOWING THE WHOLE STORY

@successpictures

Yes, he is weird
Let's not talk to him

GROWING UP
WITHOUT
FAMILY

",positive
positive_125.jpg,/kaggle/input/musait/basket/positive_125.jpg,1,"“Do everything with a
good heart and expect
nothing in return, and
you will never be
disappointed.”

-Barbara Lowe

",positive
positive_126.jpeg,/kaggle/input/musait/basket/positive_126.jpeg,1,"AA

wy!

A satisfied life is better
than a successful life,
because our success is
measured by others, but
our satisfaction is
measured by our own
soul, mind and heart.
",positive
positive_127.jpeg,/kaggle/input/musait/basket/positive_127.jpeg,1,"AA

wy!

A satisfied life is better
than a successful life,
because our success is
measured by others, but
our satisfaction is
measured by our own
soul, mind and heart.
",positive
positive_128.jpeg,/kaggle/input/musait/basket/positive_128.jpeg,1,"WHY IS JUPITER THE MOST BADASS
PLANET IN THE SOLAR SYSTEM?

¢ = & WRAY

IT IS THE LARGEST AND €

THE OLDEST PLANET.
ia .
¥: HAS 79 MOONS,
SOME OF WHICH
ARE LARGER THAN
4 € MERCURY.

""S COVERED WITH LARGE | @ “

SOME OF WHICH AR e
BEveN cancer THAN Exar
: : IT's GRAVITY PROTECTS
: EARTH FROM ASTEROIDS &

| : COMETS AND STABILIZES THE

| SOLAR SYSTEM.

IT's CALLED A 'FAILED STAR’.

IF IT HAS ENOUGH MASS, IT'S

CORE COULD'VE SUSTAINED
NUCLEAR FUSION LIKE THE SUN.

",positive
positive_129.jpg,/kaggle/input/musait/basket/positive_129.jpg,0,,positive
positive_130.jpeg,/kaggle/input/musait/basket/positive_130.jpeg,1,"Conceive. Believe. Achieve.

If your mind can conceive and
your heart believes it then you

can achieve it.

- Via (Dark Secrets)
",positive
positive_131.jpeg,/kaggle/input/musait/basket/positive_131.jpeg,1,"Conceive. Believe. Achieve.

If your mind can conceive and
your heart believes it then you

can achieve it.

- Via (Dark Secrets)
",positive
positive_132.jpeg,/kaggle/input/musait/basket/positive_132.jpeg,1,"You glow differently
when you have good
people with good
intentions in
your life.

(Thoughts Wonder)
",positive
positive_133.jpg,/kaggle/input/musait/basket/positive_133.jpg,1,"réturnis that

“you let me lve""

",positive
positive_134.jpeg,/kaggle/input/musait/basket/positive_134.jpeg,1,"» not hesitate to say no.

~ Via (Dark Secrets)
.
i
",positive
positive_135.jpeg,/kaggle/input/musait/basket/positive_135.jpeg,1,"Every situation in,life
is temporary.
So, when life is good,

make sure you enjoy and
receive it fully.

And when life is not good,
remember that it will not
last forever and better
days are on the way.
",positive
positive_136.jpg,/kaggle/input/musait/basket/positive_136.jpg,0,,positive
positive_137.jpeg,/kaggle/input/musait/basket/positive_137.jpeg,1,"Don’t let

people know
too much
about you.
",positive
positive_138.jpeg,/kaggle/input/musait/basket/positive_138.jpeg,0,,positive
positive_139.jpg,/kaggle/input/musait/basket/positive_139.jpg,0,,positive
positive_140.jpeg,/kaggle/input/musait/basket/positive_140.jpeg,0,,positive
positive_141.jpeg,/kaggle/input/musait/basket/positive_141.jpeg,1,"ee

",positive
positive_142.jpg,/kaggle/input/musait/basket/positive_142.jpg,0,,positive
positive_143.jpeg,/kaggle/input/musait/basket/positive_143.jpeg,1,"Don't cry over the past,
it's gone, don't stress
about the future, it has
not arrived yet. Live in
the e present ce

",positive
positive_144.jpg,/kaggle/input/musait/basket/positive_144.jpg,0,,positive
positive_145.jpeg,/kaggle/input/musait/basket/positive_145.jpeg,1,"Don't cry over the past,
it's gone, don't stress
about the future, it has
not arrived yet. Live in
the e present ce

",positive
positive_146.jpeg,/kaggle/input/musait/basket/positive_146.jpeg,0,,positive
positive_147.jpg,/kaggle/input/musait/basket/positive_147.jpg,0,,positive
positive_148.jpeg,/kaggle/input/musait/basket/positive_148.jpeg,0,,positive
positive_149.jpeg,/kaggle/input/musait/basket/positive_149.jpeg,1,"Happy moments come with a happy heart.
",positive
positive_150.jpg,/kaggle/input/musait/basket/positive_150.jpg,0,,positive
positive_151.jpeg,/kaggle/input/musait/basket/positive_151.jpeg,1,"Happy moments come with a happy heart.
",positive
positive_152.jpeg,/kaggle/input/musait/basket/positive_152.jpeg,1,"SUCCESS IS NOT
THE KEY TO HAPPINESS.
HAPPINESS IS THE KEY TO
SUCCESS.
",positive
positive_153.jpg,/kaggle/input/musait/basket/positive_153.jpg,1,"a/ ys

~ 2
= X
",positive
positive_154.jpeg,/kaggle/input/musait/basket/positive_154.jpeg,1,"SUCCESS IS NOT
THE KEY TO HAPPINESS.
HAPPINESS IS THE KEY TO
SUCCESS.
",positive
positive_155.jpeg,/kaggle/input/musait/basket/positive_155.jpeg,1,"Never give up.
Great things

take time.
Be patient.

",positive
positive_156.jpg,/kaggle/input/musait/basket/positive_156.jpg,0,,positive
positive_157.jpeg,/kaggle/input/musait/basket/positive_157.jpeg,1,"Never give up.
Great things

take time.
Be patient.

",positive
positive_158.jpeg,/kaggle/input/musait/basket/positive_158.jpeg,1,"Tagor
Best Birthday Wishes .

",positive
positive_159.jpg,/kaggle/input/musait/basket/positive_159.jpg,0,,positive
positive_160.jpg,/kaggle/input/musait/basket/positive_160.jpg,1,"You have
to dream
before your
dreams can
come true.
",positive
positive_161.jpg,/kaggle/input/musait/basket/positive_161.jpg,0,,positive
positive_162.jpg,/kaggle/input/musait/basket/positive_162.jpg,1,"You have
to dream
before your
dreams can
come true.
",positive
positive_163.jpg,/kaggle/input/musait/basket/positive_163.jpg,1,"LIFE and TIME
are the world’s
best Teachers.
Life teaches

us to make
good use of
TIME and TIME
teaches us the
value of LIFE.

- A.P.J. Abdul Kalam

a quoteoflovelifeandbollywood.com
",positive
positive_164.jpg,/kaggle/input/musait/basket/positive_164.jpg,0,,positive
positive_165.jpg,/kaggle/input/musait/basket/positive_165.jpg,1,"LIFE and TIME
are the world’s
best Teachers.
Life teaches

us to make
good use of
TIME and TIME
teaches us the
value of LIFE.

- A.P.J. Abdul Kalam

a quoteoflovelifeandbollywood.com
",positive
positive_166.jpg,/kaggle/input/musait/basket/positive_166.jpg,1,"You Cannot Change Your Future, But
You Can Change Your Habits, And
Surely Your Habits Will Change Your

Future.

~ APJ ABDUL KALAM ~
",positive
positive_167.jpg,/kaggle/input/musait/basket/positive_167.jpg,1,"You Cannot Change Your Future, But
You Can Change Your Habits, And
Surely Your Habits Will Change Your

Future.

~ APJ ABDUL KALAM ~
",positive
positive_168.jpg,/kaggle/input/musait/basket/positive_168.jpg,1,"Dream, dream, dream. :
Dreams transform into”
thoughts and thoughts _

",positive
positive_169.jpg,/kaggle/input/musait/basket/positive_169.jpg,1,"Dream, dream, dream. :
Dreams transform into”
thoughts and thoughts _

",positive
positive_170.jpeg,/kaggle/input/musait/basket/positive_170.jpeg,1,"IF [had to choose between
» loving you and breathing

I would use my last breath
to say | love you.

",positive
positive_171.jpeg,/kaggle/input/musait/basket/positive_171.jpeg,1,"IF [had to choose between
» loving you and breathing

I would use my last breath
to say | love you.

",positive
positive_172.jpeg,/kaggle/input/musait/basket/positive_172.jpeg,0,,positive
positive_173.jpeg,/kaggle/input/musait/basket/positive_173.jpeg,0,,positive
positive_174.jpeg,/kaggle/input/musait/basket/positive_174.jpeg,1,"Hegpy Children's Day

",positive
positive_175.jpeg,/kaggle/input/musait/basket/positive_175.jpeg,1,"Hegpy Children's Day

",positive
positive_176.jpeg,/kaggle/input/musait/basket/positive_176.jpeg,1,"Children are the gifts of God,
let than fy with their thoughts

Happy Children's Day
",positive
positive_177.jpeg,/kaggle/input/musait/basket/positive_177.jpeg,1,"Children are the gifts of God,
let than fy with their thoughts

Happy Children's Day
",positive
positive_178.jpeg,/kaggle/input/musait/basket/positive_178.jpeg,1,"I'm late for school, but there's
a cat on my lap

¢ ae = }
- }

",positive
positive_179.jpeg,/kaggle/input/musait/basket/positive_179.jpeg,1,"MY LIFE
WITHOUT.
YOU NOT
POSSIBLE
",positive
positive_180.jpeg,/kaggle/input/musait/basket/positive_180.jpeg,1,"MY LIFE
WITHOUT.
YOU NOT
POSSIBLE
",positive
positive_181.jpeg,/kaggle/input/musait/basket/positive_181.jpeg,1,"Me
Gil Child Day
A world without girl is as
impossible as a world
without water.
",positive
positive_182.jpeg,/kaggle/input/musait/basket/positive_182.jpeg,1,"Me
Gil Child Day
A world without girl is as
impossible as a world
without water.
",positive
positive_183.jpg,/kaggle/input/musait/basket/positive_183.jpg,1,"P.A.LN.S

Positive
Attitude
In
Negative
Situation

",positive
positive_184.jpg,/kaggle/input/musait/basket/positive_184.jpg,1,"P.A.LN.S

Positive
Attitude
In
Negative
Situation

",positive
positive_185.jpg,/kaggle/input/musait/basket/positive_185.jpg,1,"Happy Holi 2021 wishes

oss Saat

",positive
positive_186.jpg,/kaggle/input/musait/basket/positive_186.jpg,1,"Happy Holi 2021 wishes

oss Saat

",positive
positive_187.jpg,/kaggle/input/musait/basket/positive_187.jpg,1,"inte.’ Bee

May Goddess Durga
shower her

‘B choicest blessings
‘Ron you today
and forever.

f Subho Shasthi!

",positive
positive_188.jpg,/kaggle/input/musait/basket/positive_188.jpg,1,"inte.’ Bee

May Goddess Durga
shower her

‘B choicest blessings
‘Ron you today
and forever.

f Subho Shasthi!

",positive
positive_189.jpg,/kaggle/input/musait/basket/positive_189.jpg,1,"L wish a Happy Holi
to everyone.
Let the colors of holi

fill vour heart with

peace and love.
",positive
positive_190.jpg,/kaggle/input/musait/basket/positive_190.jpg,1,"L wish a Happy Holi
to everyone.
Let the colors of holi

fill vour heart with

peace and love.
",positive
positive_191.jpg,/kaggle/input/musait/basket/positive_191.jpg,0,,positive
positive_192.jpg,/kaggle/input/musait/basket/positive_192.jpg,0,,positive
positive_193.jpg,/kaggle/input/musait/basket/positive_193.jpg,1,"May your Christmas
be filled with love.

Merry
",positive
positive_194.jpg,/kaggle/input/musait/basket/positive_194.jpg,1,"May your Christmas
be filled with love.

Merry
",positive
positive_195.jpeg,/kaggle/input/musait/basket/positive_195.jpeg,0,,positive
positive_196.jpeg,/kaggle/input/musait/basket/positive_196.jpeg,0,,positive
positive_197.png,/kaggle/input/musait/basket/positive_197.png,1,"* we *
- x?
* *
Merry Christmas
Party,

ys
B- ne

ae
",positive
positive_198.png,/kaggle/input/musait/basket/positive_198.png,1,"* we *
- x?
* *
Merry Christmas
Party,

ys
B- ne

ae
",positive
positive_199.jpeg,/kaggle/input/musait/basket/positive_199.jpeg,1,"ANNIVERSARY

",positive
positive_200.jpeg,/kaggle/input/musait/basket/positive_200.jpeg,1,"ANNIVERSARY

",positive
positive_201.jpeg,/kaggle/input/musait/basket/positive_201.jpeg,1,"Happy

Saraswati Pooja

Simrik Air
",positive
positive_202.jpeg,/kaggle/input/musait/basket/positive_202.jpeg,1,"Happy

Saraswati Pooja

Simrik Air
",positive
positive_203.jpeg,/kaggle/input/musait/basket/positive_203.jpeg,0,,positive
positive_204.jpeg,/kaggle/input/musait/basket/positive_204.jpeg,0,,positive
positive_205.jpeg,/kaggle/input/musait/basket/positive_205.jpeg,1,"MERRY
CHRISTMAS

",positive
positive_206.jpeg,/kaggle/input/musait/basket/positive_206.jpeg,1,"MERRY
CHRISTMAS

",positive
positive_207.jpeg,/kaggle/input/musait/basket/positive_207.jpeg,1,"celebrates Du
ike Kolkata @

",positive
positive_208.jpeg,/kaggle/input/musait/basket/positive_208.jpeg,1,"celebrates Du
ike Kolkata @

",positive
positive_209.jpg,/kaggle/input/musait/basket/positive_209.jpg,0,,positive
positive_210.jpg,/kaggle/input/musait/basket/positive_210.jpg,0,,positive
positive_211.jpg,/kaggle/input/musait/basket/positive_211.jpg,0,,positive
positive_212.jpg,/kaggle/input/musait/basket/positive_212.jpg,0,,positive
positive_213.jpeg,/kaggle/input/musait/basket/positive_213.jpeg,0,,positive
positive_214.jpeg,/kaggle/input/musait/basket/positive_214.jpeg,0,,positive
positive_215.jpeg,/kaggle/input/musait/basket/positive_215.jpeg,0,,positive
positive_216.jpeg,/kaggle/input/musait/basket/positive_216.jpeg,0,,positive
positive_217.jpeg,/kaggle/input/musait/basket/positive_217.jpeg,1,"@
ten)
HRISTMAS
ay the war peace of
es
nae
",positive
positive_218.jpeg,/kaggle/input/musait/basket/positive_218.jpeg,1,"@
ten)
HRISTMAS
ay the war peace of
es
nae
",positive
positive_219.jpeg,/kaggle/input/musait/basket/positive_219.jpeg,1,"Ce a ee
> MERRY
CHRISTMAS!

",positive
positive_220.jpeg,/kaggle/input/musait/basket/positive_220.jpeg,1,"Ce a ee
> MERRY
CHRISTMAS!

",positive
positive_221.jpeg,/kaggle/input/musait/basket/positive_221.jpeg,1,"Once you forget what you're worth,
you forget what you deserve.

-Unknown

@InspirationalQuotes720
",positive
positive_222.jpeg,/kaggle/input/musait/basket/positive_222.jpeg,1,"When
you wish good for
others, good things
come back to you.
This is the law
of nature.

(Wonders Dairy)
",positive
positive_223.jpeg,/kaggle/input/musait/basket/positive_223.jpeg,1,"When
you wish good for
others, good things
come back to you.
This is the law
of nature.

(Wonders Dairy)
",positive
positive_224.jpeg,/kaggle/input/musait/basket/positive_224.jpeg,1,"You are capable of
amazing things

wo

EM THE ELEPHANT
",positive
positive_225.jpeg,/kaggle/input/musait/basket/positive_225.jpeg,1,"You are capable of
amazing things

wo

EM THE ELEPHANT
",positive
positive_226.jpeg,/kaggle/input/musait/basket/positive_226.jpeg,1,"DON’T WASTE
FOOD

T CAN'T IT WILL
EAT EAT
EVERYTHING ANYTHING

DON'T WASTE FOOD!
",positive
positive_227.jpeg,/kaggle/input/musait/basket/positive_227.jpeg,1,"Don't let a little negativity stop you
from seeing all the good that’s around.

-Unknown

@InspirationalQuotes720
",positive
positive_228.jpeg,/kaggle/input/musait/basket/positive_228.jpeg,1,"Don't let a little negativity stop you
from seeing all the good that’s around.

-Unknown

@InspirationalQuotes720
",positive
positive_229.jpeg,/kaggle/input/musait/basket/positive_229.jpeg,1,"i Life begins twice
One is in Mind
Other one is in Reality ‘

",positive
positive_230.jpeg,/kaggle/input/musait/basket/positive_230.jpeg,1,"i Life begins twice
One is in Mind
Other one is in Reality ‘

",positive
positive_231.jpeg,/kaggle/input/musait/basket/positive_231.jpeg,1,"a

\

WARNING

BE GOOD, DO GOOD, THINK GOOD
AND DON'T FORGET TO SMILE
BECAUSE YOU ARE UNDER

24 HOUR KARMA SURVEILLANCE

ee
ANGELO NIVETH ; ’

",positive
positive_232.jpeg,/kaggle/input/musait/basket/positive_232.jpeg,1,"a

\

WARNING

BE GOOD, DO GOOD, THINK GOOD
AND DON'T FORGET TO SMILE
BECAUSE YOU ARE UNDER

24 HOUR KARMA SURVEILLANCE

ee
ANGELO NIVETH ; ’

",positive
positive_233.jpeg,/kaggle/input/musait/basket/positive_233.jpeg,1,": \E
Be THE TYPe OF PERSON THEY
WILL REGRET LOSING

4the_different
",positive
positive_234.jpeg,/kaggle/input/musait/basket/positive_234.jpeg,1,": \E
Be THE TYPe OF PERSON THEY
WILL REGRET LOSING

4the_different
",positive
positive_235.jpeg,/kaggle/input/musait/basket/positive_235.jpeg,1,"You will find your home. You will
find your place. You will find your
people. Give it a little bit of
time. It will happen.

- Via (Dark Secrets)
",positive
positive_236.jpeg,/kaggle/input/musait/basket/positive_236.jpeg,1,"You will find your home. You will
find your place. You will find your
people. Give it a little bit of
time. It will happen.

- Via (Dark Secrets)
",positive
positive_237.jpeg,/kaggle/input/musait/basket/positive_237.jpeg,1,"""LIFE is the C between
the B and the D.

The B is BIRTH.

The D is DEATH
and so the Cis CHOICE.”
",positive
positive_238.jpeg,/kaggle/input/musait/basket/positive_238.jpeg,1,"Jokermotivationofficial
CRY AS HARD AS YOU
WANT, BUT MAKE SURE
WHEN YOU STOP CRYING
DON'T CRY FOR THE
SAME REASON AGAIN.
",positive
positive_239.jpg,/kaggle/input/musait/basket/positive_239.jpg,1,"If you can’t change the
circumstances, change
your perspective.

-Unknown

",positive
positive_240.jpg,/kaggle/input/musait/basket/positive_240.jpg,1,"If you can’t change the
circumstances, change
your perspective.

-Unknown

",positive
positive_241.jpg,/kaggle/input/musait/basket/positive_241.jpg,1,"—

You must teach your
heart to accept what

cannot be changed.

- Via (Dark Secrets)
",positive
positive_242.jpg,/kaggle/input/musait/basket/positive_242.jpg,1,"66

To be calm is the
highest achievement
of the self.
",positive
positive_243.jpg,/kaggle/input/musait/basket/positive_243.jpg,1,"66

To be calm is the
highest achievement
of the self.
",positive
positive_244.jpg,/kaggle/input/musait/basket/positive_244.jpg,1,"You can hit the restart
button any time you
want in life. Your age

doesn't matter.

- Via (Dark Secrets)
",positive
positive_245.jpg,/kaggle/input/musait/basket/positive_245.jpg,1,"You can hit the restart
button any time you
want in life. Your age

doesn't matter.

- Via (Dark Secrets)
",positive
positive_246.jpg,/kaggle/input/musait/basket/positive_246.jpg,1,"if it keeps you happy, keep it quiet.

- Via (Dark Secrets)
",positive
positive_247.jpg,/kaggle/input/musait/basket/positive_247.jpg,1,"if it keeps you happy, keep it quiet.

- Via (Dark Secrets)
",positive
positive_248.jpg,/kaggle/input/musait/basket/positive_248.jpg,1,"Sometimes you need to
learn to. be quiet even when
you have.a lot to say.

&

- Via (Dark Secrets)
",positive
positive_249.jpg,/kaggle/input/musait/basket/positive_249.jpg,1,"Risking is better
than regretting.

- Via (Dark Secrets)
",positive
positive_250.jpg,/kaggle/input/musait/basket/positive_250.jpg,1,"Risking is better
than regretting.

- Via (Dark Secrets)
",positive
positive_251.jpg,/kaggle/input/musait/basket/positive_251.jpg,1,"Sometimes it takes

e worst pain to bring
",positive
positive_252.jpg,/kaggle/input/musait/basket/positive_252.jpg,1,"Sometimes it takes

e worst pain to bring
",positive
positive_253.jpg,/kaggle/input/musait/basket/positive_253.jpg,1,"Some of us matured early
because life showed us the
worst side of the world
at a early age.

Pypholrgeat este
",positive
positive_254.jpg,/kaggle/input/musait/basket/positive_254.jpg,1,"Happiness comes more
easily when you feel good
about yourself without
feeling the need for
anyone else's approval.
",positive
positive_255.jpg,/kaggle/input/musait/basket/positive_255.jpg,1,"Happiness comes more
easily when you feel good
about yourself without
feeling the need for
anyone else's approval.
",positive
positive_256.jpg,/kaggle/input/musait/basket/positive_256.jpg,1,"Believe in yourself. You are braver
than you think, more talented than
you know, and capable of more
than you imagine.

- Via (Dark Secrets)
",positive
positive_257.jpg,/kaggle/input/musait/basket/positive_257.jpg,1,"Believe in yourself. You are braver
than you think, more talented than
you know, and capable of more
than you imagine.

- Via (Dark Secrets)
",positive
positive_258.jpg,/kaggle/input/musait/basket/positive_258.jpg,1,"Nobody can make you happy
until youtre happy with
yourself first.

-Unknown

@InspirationalQuotes720 |
",positive
positive_259.jpg,/kaggle/input/musait/basket/positive_259.jpg,1,"Nobody can make you happy
until youtre happy with
yourself first.

-Unknown

@InspirationalQuotes720 |
",positive
positive_260.jpg,/kaggle/input/musait/basket/positive_260.jpg,1,"Don't expect from others to make
you feel happy. Discover your own
source of happiness.

~Adeep

",positive
positive_261.jpg,/kaggle/input/musait/basket/positive_261.jpg,1,"Don't expect from others to make
you feel happy. Discover your own
source of happiness.

~Adeep

",positive
positive_262.jpg,/kaggle/input/musait/basket/positive_262.jpg,1,"Don't kill your

spirit just to keep a
connection alive.

- Via (Dark Secrets)
",positive
positive_263.jpg,/kaggle/input/musait/basket/positive_263.jpg,1,"2%

Not caring what people
think and growing at your
own pace is self-care.

- Via (Dark Secrets)
",positive
positive_264.jpg,/kaggle/input/musait/basket/positive_264.jpg,1,"2%

Not caring what people
think and growing at your
own pace is self-care.

- Via (Dark Secrets)
",positive
positive_265.jpg,/kaggle/input/musait/basket/positive_265.jpg,1,"Life has no
remote. Get up
and change it
yourself.

(Wonders Diary)
",positive
positive_266.jpg,/kaggle/input/musait/basket/positive_266.jpg,1,"Life has no
remote. Get up
and change it
yourself.

(Wonders Diary)
",positive
positive_267.jpg,/kaggle/input/musait/basket/positive_267.jpg,0,,positive
positive_268.jpg,/kaggle/input/musait/basket/positive_268.jpg,0,,positive
positive_269.jpg,/kaggle/input/musait/basket/positive_269.jpg,1,"us le past b M2 4 . :
P © sau
7 + + on the utur

- Via (Dark Secrets)

F \ we

e
",positive
positive_270.jpg,/kaggle/input/musait/basket/positive_270.jpg,1,"us le past b M2 4 . :
P © sau
7 + + on the utur

- Via (Dark Secrets)

F \ we

e
",positive
positive_271.jpg,/kaggle/input/musait/basket/positive_271.jpg,1,"Believe in your current self,
to create your future self.

-Unknown

",positive
positive_272.jpg,/kaggle/input/musait/basket/positive_272.jpg,1,"Believe in your current self,
to create your future self.

-Unknown

",positive
positive_273.jpg,/kaggle/input/musait/basket/positive_273.jpg,0,,positive
positive_274.jpg,/kaggle/input/musait/basket/positive_274.jpg,0,,positive
positive_275.jpg,/kaggle/input/musait/basket/positive_275.jpg,1,"JOKERS QUOTES
DEAR SUCCESS,

I'M COMING FOR YOU.
| WILL NEVER GO
BACK UNTIL | GET

YOU.
",positive
positive_276.jpg,/kaggle/input/musait/basket/positive_276.jpg,1,"JOKERS QUOTES
DEAR SUCCESS,

I'M COMING FOR YOU.
| WILL NEVER GO
BACK UNTIL | GET

YOU.
",positive
positive_277.jpg,/kaggle/input/musait/basket/positive_277.jpg,1,"than proving my point. |

- Via (Dark Secrets)

",positive
positive_278.jpg,/kaggle/input/musait/basket/positive_278.jpg,1,"than proving my point. |

- Via (Dark Secrets)

",positive
positive_279.jpg,/kaggle/input/musait/basket/positive_279.jpg,1,"Every situation is temporary
and will pass away. Stay calm

~Adeep

",positive
positive_280.jpg,/kaggle/input/musait/basket/positive_280.jpg,1,"Every situation is temporary
and will pass away. Stay calm

~Adeep

",positive
positive_281.jpg,/kaggle/input/musait/basket/positive_281.jpg,1,"Your discipline determines

the quality of your life.

-Unknown

",positive
positive_282.jpg,/kaggle/input/musait/basket/positive_282.jpg,1,"Your discipline determines

the quality of your life.

-Unknown

",positive
positive_283.jpg,/kaggle/input/musait/basket/positive_283.jpg,1,"There is no greater wealth in
this world than peace of mind.

",positive
positive_284.jpg,/kaggle/input/musait/basket/positive_284.jpg,1,"There is no greater wealth in
this world than peace of mind.

",positive
positive_285.jpg,/kaggle/input/musait/basket/positive_285.jpg,1,"Go confidently in the direction of
your dreams! Live the life you've
imagined.

- Henry David Thoreau

an @inspirationalQuotes: ""ie tat sr ut
ti mt
wn
",positive
positive_286.jpg,/kaggle/input/musait/basket/positive_286.jpg,1,"Go confidently in the direction of
your dreams! Live the life you've
imagined.

- Henry David Thoreau

an @inspirationalQuotes: ""ie tat sr ut
ti mt
wn
",positive
positive_287.jpg,/kaggle/input/musait/basket/positive_287.jpg,1,"Your life does not
get better by
chance.

It gets better by

@Motivational Life

change.
",positive
positive_288.jpg,/kaggle/input/musait/basket/positive_288.jpg,1,"Your life does not
get better by
chance.

It gets better by

@Motivational Life

change.
",positive
positive_289.jpeg,/kaggle/input/musait/basket/positive_289.jpeg,1,"Respect yourself
and others will

respect you.

- Via (Dark Secrets)
",positive
positive_290.jpeg,/kaggle/input/musait/basket/positive_290.jpeg,1,"Respect yourself
and others will

respect you.

- Via (Dark Secrets)
",positive
positive_291.jpeg,/kaggle/input/musait/basket/positive_291.jpeg,1,"To be peaceful, sometimes
losing connection with people
and things are fine.

~Adeep

",positive
positive_292.jpeg,/kaggle/input/musait/basket/positive_292.jpeg,1,"To be peaceful, sometimes
losing connection with people
and things are fine.

~Adeep

",positive
positive_293.jpeg,/kaggle/input/musait/basket/positive_293.jpeg,1,"Everyday is a new
beginning, a new chance
to make today better
than yesterday.

- Via (Dark Secrets)
",positive
positive_294.jpeg,/kaggle/input/musait/basket/positive_294.jpeg,1,"Everyday is a new
beginning, a new chance
to make today better
than yesterday.

- Via (Dark Secrets)
",positive
positive_295.jpeg,/kaggle/input/musait/basket/positive_295.jpeg,1,"When you speak alot,
you miss the beauty of silence

-Adeep

",positive
positive_296.jpeg,/kaggle/input/musait/basket/positive_296.jpeg,1,"When you speak alot,
you miss the beauty of silence

-Adeep

",positive
positive_297.jpeg,/kaggle/input/musait/basket/positive_297.jpeg,1,"Don't pretend to be a good person
Just be who you are.

~Adeep

",positive
positive_298.jpeg,/kaggle/input/musait/basket/positive_298.jpeg,1,"Don't pretend to be a good person
Just be who you are.

~Adeep

",positive
positive_299.jpeg,/kaggle/input/musait/basket/positive_299.jpeg,0,,positive
positive_300.jpeg,/kaggle/input/musait/basket/positive_300.jpeg,0,,positive
positive_301.jpeg,/kaggle/input/musait/basket/positive_301.jpeg,1,"Do not worry about anything because
there is nothing that belongs to you.
Everything is temporary.

~Adeep
",positive
positive_302.jpeg,/kaggle/input/musait/basket/positive_302.jpeg,1,"Do not worry about anything because
there is nothing that belongs to you.
Everything is temporary.

~Adeep
",positive
positive_303.jpeg,/kaggle/input/musait/basket/positive_303.jpeg,1,"Get back to who you were

before the heart break.

* -Via (Dark Secrets)
",positive
positive_304.jpeg,/kaggle/input/musait/basket/positive_304.jpeg,1,"Get back to who you were

before the heart break.

* -Via (Dark Secrets)
",positive
positive_305.jpeg,/kaggle/input/musait/basket/positive_305.jpeg,1,"Life is a one time
offer, live it well...

(Thoughts Wonder)

Thoughts Wonder
",positive
positive_306.jpeg,/kaggle/input/musait/basket/positive_306.jpeg,1,"Life is a one time
offer, live it well...

(Thoughts Wonder)

Thoughts Wonder
",positive
positive_307.jpeg,/kaggle/input/musait/basket/positive_307.jpeg,1,"Some
stranger somewhere
still remembers you

because you were kind
to them when no
one else was.

(Thoughts Wonder)

Thoughts Wonder
",positive
positive_308.jpeg,/kaggle/input/musait/basket/positive_308.jpeg,1,"Some
stranger somewhere
still remembers you

because you were kind
to them when no
one else was.

(Thoughts Wonder)

Thoughts Wonder
",positive
positive_309.jpeg,/kaggle/input/musait/basket/positive_309.jpeg,1,"For your peace of mind,
do not try to understand
everything.
",positive
positive_310.jpeg,/kaggle/input/musait/basket/positive_310.jpeg,1,"For your peace of mind,
do not try to understand
everything.
",positive
positive_311.jpg,/kaggle/input/musait/basket/positive_311.jpg,1,"INCIO.com

MAY YOUR PLATE OF LIFE

BE ALWAYS FULL OF JUICY
KABABS & TIKAS, TOPPED WITH
THE CHUTNEY OF HAPPINESS.
WITH BEST EID WISHES,

HAPPY EID!

 Gid Nubarak

",positive
positive_312.jpg,/kaggle/input/musait/basket/positive_312.jpg,1,"INCIO.com

MAY YOUR PLATE OF LIFE

BE ALWAYS FULL OF JUICY
KABABS & TIKAS, TOPPED WITH
THE CHUTNEY OF HAPPINESS.
WITH BEST EID WISHES,

HAPPY EID!

 Gid Nubarak

",positive
positive_313.jpeg,/kaggle/input/musait/basket/positive_313.jpeg,1,"Take a moment to
realize how blessed
you are.

(Thoughts Wender)
",positive
positive_314.jpeg,/kaggle/input/musait/basket/positive_314.jpeg,1,"Take a moment to
realize how blessed
you are.

(Thoughts Wender)
",positive
positive_315.png,/kaggle/input/musait/basket/positive_315.png,1,"“Ramadhan Kareem”
",positive
positive_316.png,/kaggle/input/musait/basket/positive_316.png,1,"“Ramadhan Kareem”
",positive
positive_317.jpeg,/kaggle/input/musait/basket/positive_317.jpeg,1,"i May Lord Jagannath:
A, bless you and fami

Happy'Jagannath' Yatra

",positive
positive_318.jpeg,/kaggle/input/musait/basket/positive_318.jpeg,1,"i May Lord Jagannath:
A, bless you and fami

Happy'Jagannath' Yatra

",positive
positive_319.jpeg,/kaggle/input/musait/basket/positive_319.jpeg,0,,positive
positive_320.jpeg,/kaggle/input/musait/basket/positive_320.jpeg,0,,positive
positive_321.jpg,/kaggle/input/musait/basket/positive_321.jpg,1,"Eid Mubarak, Eid Mubarak,
happy Eid, happy Eid,

Eid’s a time for sharing, Eid’s a time for sharing,
happy Eid, happy Eid

",positive
positive_322.jpg,/kaggle/input/musait/basket/positive_322.jpg,1,"Eid Mubarak, Eid Mubarak,
happy Eid, happy Eid,

Eid’s a time for sharing, Eid’s a time for sharing,
happy Eid, happy Eid

",positive
positive_323.jpeg,/kaggle/input/musait/basket/positive_323.jpeg,0,,positive
positive_324.jpeg,/kaggle/input/musait/basket/positive_324.jpeg,0,,positive
positive_325.jpeg,/kaggle/input/musait/basket/positive_325.jpeg,1,"oe :

Success hits different when

nobody believed in yo

- Via (Dark Secrets)

o>) aa
",positive
positive_326.jpeg,/kaggle/input/musait/basket/positive_326.jpeg,1,"oe :

Success hits different when

nobody believed in yo

- Via (Dark Secrets)

o>) aa
",positive
positive_327.jpg,/kaggle/input/musait/basket/positive_327.jpg,0,,positive
positive_328.jpg,/kaggle/input/musait/basket/positive_328.jpg,0,,positive
positive_329.jpg,/kaggle/input/musait/basket/positive_329.jpg,1,"May Lord Jagannath
Bring In the Best Colours of
Success, Prosperity and
Happiness to Your Life.

Wishing
te You and Your Family
Blessed Rath Yatra!

",positive
positive_330.jpg,/kaggle/input/musait/basket/positive_330.jpg,1,"May Lord Jagannath
Bring In the Best Colours of
Success, Prosperity and
Happiness to Your Life.

Wishing
te You and Your Family
Blessed Rath Yatra!

",positive
positive_331.jpg,/kaggle/input/musait/basket/positive_331.jpg,1,"May this festival of Lohri_ bring joy and Happiness

Happy Lohri 9 dt aat

to you and family.
",positive
positive_332.jpg,/kaggle/input/musait/basket/positive_332.jpg,1,"May this festival of Lohri_ bring joy and Happiness

Happy Lohri 9 dt aat

to you and family.
",positive
positive_333.jpeg,/kaggle/input/musait/basket/positive_333.jpeg,0,,positive
positive_334.jpeg,/kaggle/input/musait/basket/positive_334.jpeg,0,,positive
positive_335.jpeg,/kaggle/input/musait/basket/positive_335.jpeg,0,,positive
positive_336.jpeg,/kaggle/input/musait/basket/positive_336.jpeg,0,,positive
positive_337.jpeg,/kaggle/input/musait/basket/positive_337.jpeg,0,,positive
positive_338.jpeg,/kaggle/input/musait/basket/positive_338.jpeg,0,,positive
positive_339.jpeg,/kaggle/input/musait/basket/positive_339.jpeg,1,"Happy Holi

",positive
positive_340.jpeg,/kaggle/input/musait/basket/positive_340.jpeg,1,"Happy Holi

",positive
positive_341.jpeg,/kaggle/input/musait/basket/positive_341.jpeg,0,,positive
positive_342.jpeg,/kaggle/input/musait/basket/positive_342.jpeg,0,,positive
positive_343.jpeg,/kaggle/input/musait/basket/positive_343.jpeg,1,"My only wish is
to paint your face with colors
0 that your life also be filled
with the vibrant colors of love,

happiness and joy

Heyay Yiol

",positive
positive_344.jpeg,/kaggle/input/musait/basket/positive_344.jpeg,1,"My only wish is
to paint your face with colors
0 that your life also be filled
with the vibrant colors of love,

happiness and joy

Heyay Yiol

",positive
positive_345.jpeg,/kaggle/input/musait/basket/positive_345.jpeg,1,"4 Happy Eid Mubarak J,
Cherish every moment of this
beautiful festival, and ray all

your dreams come true so

",positive
positive_346.jpeg,/kaggle/input/musait/basket/positive_346.jpeg,1,"4 Happy Eid Mubarak J,
Cherish every moment of this
beautiful festival, and ray all

your dreams come true so

",positive
positive_347.jpeg,/kaggle/input/musait/basket/positive_347.jpeg,1,": May this beautiful
* \ecasion of eid gives you
: all the reasons to make
yyour life even more
beautiful. Wishing you
‘happy Eid day!

Cid Malarak?

",positive
positive_348.jpeg,/kaggle/input/musait/basket/positive_348.jpeg,1,": May this beautiful
* \ecasion of eid gives you
: all the reasons to make
yyour life even more
beautiful. Wishing you
‘happy Eid day!

Cid Malarak?

",positive
positive_349.jpg,/kaggle/input/musait/basket/positive_349.jpg,1,"_KHARAGPUR
a pier ah os,

",positive
positive_350.jpg,/kaggle/input/musait/basket/positive_350.jpg,1,"_KHARAGPUR
a pier ah os,

",positive
positive_351.jpeg,/kaggle/input/musait/basket/positive_351.jpeg,0,,positive
positive_352.jpeg,/kaggle/input/musait/basket/positive_352.jpeg,0,,positive
positive_353.jpeg,/kaggle/input/musait/basket/positive_353.jpeg,1,"siterrecys

tae

fib

i _ Become a master a
er es not caging )
:> r iT

e

A

about things you

nnot control.
- Via (Dark Secrets)

",positive
positive_354.jpeg,/kaggle/input/musait/basket/positive_354.jpeg,1,"siterrecys

tae

fib

i _ Become a master a
er es not caging )
:> r iT

e

A

about things you

nnot control.
- Via (Dark Secrets)

",positive
positive_355.jpeg,/kaggle/input/musait/basket/positive_355.jpeg,1,"Believe that
tomorrow will be

eltblo

better than today.
",positive
positive_356.jpeg,/kaggle/input/musait/basket/positive_356.jpeg,1,"Believe that
tomorrow will be

eltblo

better than today.
",positive
positive_357.jpeg,/kaggle/input/musait/basket/positive_357.jpeg,1,"officialjoker

#@ETHE JOKER
‘QUOTES

Never let your
feelings get too deep,
people can change
anytime.
",positive
positive_358.jpeg,/kaggle/input/musait/basket/positive_358.jpeg,1,"— —

When you don't expect
anything from anybody,
you experience true
peace.

SANGEETA RANA

",positive
positive_359.jpeg,/kaggle/input/musait/basket/positive_359.jpeg,1,"— —

When you don't expect
anything from anybody,
you experience true
peace.

SANGEETA RANA

",positive
positive_360.jpeg,/kaggle/input/musait/basket/positive_360.jpeg,1,"e

4

IF LYING WAS
A JOB, |-KNOW
SOME PEOPLE WHO
WOULD BE
BILLIONAIRES.
",positive
positive_361.jpeg,/kaggle/input/musait/basket/positive_361.jpeg,1,"Don't think about what can
happen in a month.

Don't think about what can

happen ina year.

Just focus on the 2) hours
in front of you and
do what you can to

get closer to where you
want to be.
",positive
positive_362.jpeg,/kaggle/input/musait/basket/positive_362.jpeg,1,"Don't think about what can
happen in a month.

Don't think about what can

happen ina year.

Just focus on the 2) hours
in front of you and
do what you can to

get closer to where you
want to be.
",positive
positive_363.jpeg,/kaggle/input/musait/basket/positive_363.jpeg,1,"Perfect bands don’t exi--

",positive
positive_364.jpeg,/kaggle/input/musait/basket/positive_364.jpeg,1,"Perfect bands don’t exi--

",positive
positive_365.jpeg,/kaggle/input/musait/basket/positive_365.jpeg,1,"LIFEMELLO

IF YOU TRY AND FAIL,
CONGRATULATIONS.
",positive
positive_366.jpeg,/kaggle/input/musait/basket/positive_366.jpeg,1,"LIFEMELLO

IF YOU TRY AND FAIL,
CONGRATULATIONS.
",positive
positive_367.jpeg,/kaggle/input/musait/basket/positive_367.jpeg,1,"Staying positive
makes a big
@Motivational Life

difference in life.
",positive
positive_368.jpeg,/kaggle/input/musait/basket/positive_368.jpeg,1,"Staying positive
makes a big
@Motivational Life

difference in life.
",positive
positive_369.jpeg,/kaggle/input/musait/basket/positive_369.jpeg,1,"MY GOALS NOT TO BE
BETTER THAN ANYONE ELSE,
BUT TO BE BETTER THAN
| USED TO BE.
",positive
positive_370.jpeg,/kaggle/input/musait/basket/positive_370.jpeg,1,"MY GOALS NOT TO BE
BETTER THAN ANYONE ELSE,
BUT TO BE BETTER THAN
| USED TO BE.
",positive
positive_371.png,/kaggle/input/musait/basket/positive_371.png,1,"hi
",positive
positive_372.png,/kaggle/input/musait/basket/positive_372.png,1,"hi
",positive
positive_373.jpeg,/kaggle/input/musait/basket/positive_373.jpeg,1,"2S A

py Anniversary
ee sete iful Couple
",positive
positive_374.jpeg,/kaggle/input/musait/basket/positive_374.jpeg,1,"2S A

py Anniversary
ee sete iful Couple
",positive
positive_375.jpeg,/kaggle/input/musait/basket/positive_375.jpeg,0,,positive
positive_376.jpeg,/kaggle/input/musait/basket/positive_376.jpeg,0,,positive
positive_377.jpeg,/kaggle/input/musait/basket/positive_377.jpeg,1,"Happy Mothers Nay
‘Thank You for Everything
‘You've Done for Us.

It’s More Than We Can Ever
Repay You!

",positive
positive_378.jpeg,/kaggle/input/musait/basket/positive_378.jpeg,1,"Happy Mothers Nay
‘Thank You for Everything
‘You've Done for Us.

It’s More Than We Can Ever
Repay You!

",positive
positive_379.jpeg,/kaggle/input/musait/basket/positive_379.jpeg,1,"You have
suffered enough,
now is the time

to live a life that
really brings
you joy.

www. YourPositiveQasis. com
",positive
positive_380.jpeg,/kaggle/input/musait/basket/positive_380.jpeg,1,"You have
suffered enough,
now is the time

to live a life that
really brings
you joy.

www. YourPositiveQasis. com
",positive
positive_381.jpeg,/kaggle/input/musait/basket/positive_381.jpeg,1,"Self-care is working

on yourself over and

over again until you
get it right.

(Thoughts Wonder)
",positive
positive_382.jpeg,/kaggle/input/musait/basket/positive_382.jpeg,1,"Self-care is working

on yourself over and

over again until you
get it right.

(Thoughts Wonder)
",positive
positive_383.jpeg,/kaggle/input/musait/basket/positive_383.jpeg,0,,positive
positive_384.jpeg,/kaggle/input/musait/basket/positive_384.jpeg,0,,positive
positive_385.jpeg,/kaggle/input/musait/basket/positive_385.jpeg,1,"Have patience and some hope. Life will be better.

",positive
positive_386.jpeg,/kaggle/input/musait/basket/positive_386.jpeg,1,"Have patience and some hope. Life will be better.

",positive
positive_387.jpeg,/kaggle/input/musait/basket/positive_387.jpeg,1,"It's more peaceful when
everything is private.

- Via (Dark Secrets)
",positive
positive_388.jpeg,/kaggle/input/musait/basket/positive_388.jpeg,1,"It's more peaceful when
everything is private.

- Via (Dark Secrets)
",positive
positive_389.jpeg,/kaggle/input/musait/basket/positive_389.jpeg,1,"2 DIFFERENT MINDSETS

",positive
positive_390.jpeg,/kaggle/input/musait/basket/positive_390.jpeg,1,"It may be stormy
now but it can't

rain forever.

- Via (Dark Secrets)
",positive
positive_391.jpeg,/kaggle/input/musait/basket/positive_391.jpeg,1,"It may be stormy
now but it can't

rain forever.

- Via (Dark Secrets)
",positive
positive_392.jpeg,/kaggle/input/musait/basket/positive_392.jpeg,0,,positive
positive_393.jpeg,/kaggle/input/musait/basket/positive_393.jpeg,0,,positive
positive_394.jpeg,/kaggle/input/musait/basket/positive_394.jpeg,1,"Trust yourself,
you've survived a lot
and you'll survive
whatever is
coming.

(Wonders Dairy)

Wonders Dairy

www.wondersdairy.com
",positive
positive_395.jpeg,/kaggle/input/musait/basket/positive_395.jpeg,1,"Trust yourself,
you've survived a lot
and you'll survive
whatever is
coming.

(Wonders Dairy)

Wonders Dairy

www.wondersdairy.com
",positive
positive_396.jpeg,/kaggle/input/musait/basket/positive_396.jpeg,0,,positive
positive_397.jpeg,/kaggle/input/musait/basket/positive_397.jpeg,1,"Today might not be perfect, but
it’s a perfect day to be happy.

-Lori Deschene

",positive
positive_398.jpeg,/kaggle/input/musait/basket/positive_398.jpeg,1,"Today might not be perfect, but
it’s a perfect day to be happy.

-Lori Deschene

",positive
positive_399.jpeg,/kaggle/input/musait/basket/positive_399.jpeg,1,"UNSUCCESSFUL | SUCCESSFUL

PEOPLE PEOPLE
a, =
PRAIES
[FAIES) vil r
HEADY -
Ch .

ed

",positive
positive_400.jpeg,/kaggle/input/musait/basket/positive_400.jpeg,1,"UNSUCCESSFUL | SUCCESSFUL

PEOPLE PEOPLE
a, =
PRAIES
[FAIES) vil r
HEADY -
Ch .

ed

",positive
positive_401.jpeg,/kaggle/input/musait/basket/positive_401.jpeg,1,"Some people just act like
they’re trying to help you.

",positive
positive_402.jpeg,/kaggle/input/musait/basket/positive_402.jpeg,1,"@
oe

Whe person coming
® |

. to save you is a

healed self.

+
eRe \
WIE

° —

ie
4

",positive
positive_403.jpeg,/kaggle/input/musait/basket/positive_403.jpeg,1,"@
oe

Whe person coming
® |

. to save you is a

healed self.

+
eRe \
WIE

° —

ie
4

",positive
positive_404.jpeg,/kaggle/input/musait/basket/positive_404.jpeg,1,"Don't be jealous of
anyone.

Don't compete with
anyone

Just focus on becoming
the best version of
yourself.
",positive
positive_405.jpeg,/kaggle/input/musait/basket/positive_405.jpeg,1,"Don't be jealous of
anyone.

Don't compete with
anyone

Just focus on becoming
the best version of
yourself.
",positive
positive_406.jpeg,/kaggle/input/musait/basket/positive_406.jpeg,1,"oe, = wey yee Durga
Te : Neg Sto fight agcinst

all corruption
",positive
positive_407.jpeg,/kaggle/input/musait/basket/positive_407.jpeg,1,"oe, = wey yee Durga
Te : Neg Sto fight agcinst

all corruption
",positive
positive_408.jpg,/kaggle/input/musait/basket/positive_408.jpg,1,"Durga Puja!
Sarva Mangala
Mangalye,

Shive Sarvartha
Saadhike,
Sharanye Triambake
Gauri,
Narayani Namostute.

ShortStattsQuotes.cain
",positive
positive_409.jpg,/kaggle/input/musait/basket/positive_409.jpg,1,"Durga Puja!
Sarva Mangala
Mangalye,

Shive Sarvartha
Saadhike,
Sharanye Triambake
Gauri,
Narayani Namostute.

ShortStattsQuotes.cain
",positive
positive_410.png,/kaggle/input/musait/basket/positive_410.png,0,,positive
positive_411.png,/kaggle/input/musait/basket/positive_411.png,0,,positive
positive_412.jpeg,/kaggle/input/musait/basket/positive_412.jpeg,1,"We always work for a better
tomorrow. But when tomorrow
comes, instead of enjoying, we again
think of a better tomorrow!

Let's have a better today.

@successpictures

",positive
positive_413.jpeg,/kaggle/input/musait/basket/positive_413.jpeg,1,"We always work for a better
tomorrow. But when tomorrow
comes, instead of enjoying, we again
think of a better tomorrow!

Let's have a better today.

@successpictures

",positive
positive_414.jpg,/kaggle/input/musait/basket/positive_414.jpg,1,"greetingseveryday.com
",positive
positive_415.jpg,/kaggle/input/musait/basket/positive_415.jpg,1,"greetingseveryday.com
",positive
positive_416.png,/kaggle/input/musait/basket/positive_416.png,1,"e@ fi
e
We hope you had a great birthday, Pietro!

Here's a video we made for you with some
birthday posts from your friends.

",positive
positive_417.png,/kaggle/input/musait/basket/positive_417.png,1,"e@ fi
e
We hope you had a great birthday, Pietro!

Here's a video we made for you with some
birthday posts from your friends.

",positive
positive_418.jpeg,/kaggle/input/musait/basket/positive_418.jpeg,1,"‘No one else would understand our relationship,
and.no one else in this world
would understand me the way you do.
Happy Anniversary!
UivaUpatescom

=
",positive
positive_419.jpeg,/kaggle/input/musait/basket/positive_419.jpeg,1,"‘No one else would understand our relationship,
and.no one else in this world
would understand me the way you do.
Happy Anniversary!
UivaUpatescom

=
",positive
positive_420.jpg,/kaggle/input/musait/basket/positive_420.jpg,1,"Happy

INDEPENDENCE DAY
Z — 15TH AvsusT —— x
",positive
positive_421.jpg,/kaggle/input/musait/basket/positive_421.jpg,1,"Happy

INDEPENDENCE DAY
Z — 15TH AvsusT —— x
",positive
positive_422.png,/kaggle/input/musait/basket/positive_422.png,1,"Shaadi Colebrations
",positive
positive_423.png,/kaggle/input/musait/basket/positive_423.png,1,"Shaadi Colebrations
",positive
positive_424.jpeg,/kaggle/input/musait/basket/positive_424.jpeg,0,,positive
positive_425.jpeg,/kaggle/input/musait/basket/positive_425.jpeg,0,,positive
positive_426.jpg,/kaggle/input/musait/basket/positive_426.jpg,0,,positive
positive_427.jpg,/kaggle/input/musait/basket/positive_427.jpg,0,,positive
positive_428.jpeg,/kaggle/input/musait/basket/positive_428.jpeg,1,"@Acutire
HAPPY INDEPENDENCE DAY

EC)

Salute to Corona ‘Warriors
“Thyare at wor that yon can be safe atom

:

",positive
positive_429.jpeg,/kaggle/input/musait/basket/positive_429.jpeg,1,"@Acutire
HAPPY INDEPENDENCE DAY

EC)

Salute to Corona ‘Warriors
“Thyare at wor that yon can be safe atom

:

",positive
positive_430.jpg,/kaggle/input/musait/basket/positive_430.jpg,0,,positive
positive_431.jpeg,/kaggle/input/musait/basket/positive_431.jpeg,0,,positive
positive_432.jpg,/kaggle/input/musait/basket/positive_432.jpg,0,,positive
positive_433.jpg,/kaggle/input/musait/basket/positive_433.jpg,0,,positive
positive_434.jpeg,/kaggle/input/musait/basket/positive_434.jpeg,0,,positive
positive_435.jpg,/kaggle/input/musait/basket/positive_435.jpg,1,"110]

J

",positive
positive_436.jpg,/kaggle/input/musait/basket/positive_436.jpg,1,"110]

J

",positive
positive_437.jpeg,/kaggle/input/musait/basket/positive_437.jpeg,0,,positive
positive_438.jpeg,/kaggle/input/musait/basket/positive_438.jpeg,0,,positive
positive_439.jpg,/kaggle/input/musait/basket/positive_439.jpg,0,,positive
positive_440.jpg,/kaggle/input/musait/basket/positive_440.jpg,0,,positive
positive_441.jpeg,/kaggle/input/musait/basket/positive_441.jpeg,0,,positive
positive_442.jpeg,/kaggle/input/musait/basket/positive_442.jpeg,0,,positive
positive_443.jpg,/kaggle/input/musait/basket/positive_443.jpg,0,,positive
positive_444.jpg,/kaggle/input/musait/basket/positive_444.jpg,0,,positive
positive_445.jpeg,/kaggle/input/musait/basket/positive_445.jpeg,0,,positive
positive_446.jpeg,/kaggle/input/musait/basket/positive_446.jpeg,0,,positive
positive_447.jpg,/kaggle/input/musait/basket/positive_447.jpg,1,"70-yr-old ‘tunnel man' from Karnataka, who
turned barren land fertile, awarded Padma Shri.

Amai Mahalinga Naik single- handedly converted a
piece of barren hilltop land into a flourishing farm.

also known as Surunga, one-man army and
a water warrior. Congratulations to him. A.%

",positive
positive_448.jpg,/kaggle/input/musait/basket/positive_448.jpg,1,"70-yr-old ‘tunnel man' from Karnataka, who
turned barren land fertile, awarded Padma Shri.

Amai Mahalinga Naik single- handedly converted a
piece of barren hilltop land into a flourishing farm.

also known as Surunga, one-man army and
a water warrior. Congratulations to him. A.%

",positive
positive_449.jpeg,/kaggle/input/musait/basket/positive_449.jpeg,1,"The world round you is
only beautiful when you
are at peace with the

world within you.

- Via (Dark Secrets)
",positive
positive_450.jpeg,/kaggle/input/musait/basket/positive_450.jpeg,1,"The world round you is
only beautiful when you
are at peace with the

world within you.

- Via (Dark Secrets)
",positive
positive_451.jpg,/kaggle/input/musait/basket/positive_451.jpg,1,"Success is not always
what you see.

",positive
positive_452.jpg,/kaggle/input/musait/basket/positive_452.jpg,1,"Success is not always
what you see.

",positive
positive_453.jpeg,/kaggle/input/musait/basket/positive_453.jpeg,1,"We always work for a better
tomorrow. But when tomorrow
comes, instead of enjoying, we again
think of a better tomorrow!

Let's have a better today.

@successpictures

",positive
positive_454.jpeg,/kaggle/input/musait/basket/positive_454.jpeg,1,"We always work for a better
tomorrow. But when tomorrow
comes, instead of enjoying, we again
think of a better tomorrow!

Let's have a better today.

@successpictures

",positive
positive_455.jpg,/kaggle/input/musait/basket/positive_455.jpg,0,,positive
positive_456.jpeg,/kaggle/input/musait/basket/positive_456.jpeg,1,"You and only you
have the power to
change your life.

- Via (Dark Secrets)
",positive
positive_457.jpeg,/kaggle/input/musait/basket/positive_457.jpeg,1,"You and only you
have the power to
change your life.

- Via (Dark Secrets)
",positive
positive_458.jpg,/kaggle/input/musait/basket/positive_458.jpg,1,"Good or bad, what you put
ack to you!

out comes back to
",positive
positive_459.jpeg,/kaggle/input/musait/basket/positive_459.jpeg,0,,positive
positive_460.jpeg,/kaggle/input/musait/basket/positive_460.jpeg,0,,positive
positive_461.jpg,/kaggle/input/musait/basket/positive_461.jpg,1,"Being late doesn’t mean
failure. Maybe it means getting
ready for a great launch.

@successpictures

",positive
positive_462.jpg,/kaggle/input/musait/basket/positive_462.jpg,1,"Being late doesn’t mean
failure. Maybe it means getting
ready for a great launch.

@successpictures

",positive
positive_463.jpeg,/kaggle/input/musait/basket/positive_463.jpeg,1,"Don’t lose hope,
you never know what
tomorrow will bring.

-Unknown

",positive
positive_464.jpeg,/kaggle/input/musait/basket/positive_464.jpeg,1,"Don’t lose hope,
you never know what
tomorrow will bring.

-Unknown

",positive
positive_465.jpg,/kaggle/input/musait/basket/positive_465.jpg,0,,positive
positive_466.jpeg,/kaggle/input/musait/basket/positive_466.jpeg,1,"Thoughts Wonder

",positive
positive_467.jpeg,/kaggle/input/musait/basket/positive_467.jpeg,1,"Thoughts Wonder

",positive
positive_468.jpg,/kaggle/input/musait/basket/positive_468.jpg,1,"“Do everything with a
good heart and expect
nothing in return, and
you will never be
disappointed.”

-Barbara Lowe

",positive
positive_469.jpg,/kaggle/input/musait/basket/positive_469.jpg,1,"“Do everything with a
good heart and expect
nothing in return, and
you will never be
disappointed.”

-Barbara Lowe

",positive
positive_470.jpeg,/kaggle/input/musait/basket/positive_470.jpeg,1,"Life starts when you stop
waiting for someone to
come and save you.

- Via (Dark Secrets)
",positive
positive_471.jpeg,/kaggle/input/musait/basket/positive_471.jpeg,1,"Life starts when you stop
waiting for someone to
come and save you.

- Via (Dark Secrets)
",positive
positive_472.jpg,/kaggle/input/musait/basket/positive_472.jpg,0,,positive
positive_473.jpg,/kaggle/input/musait/basket/positive_473.jpg,0,,positive
positive_474.jpeg,/kaggle/input/musait/basket/positive_474.jpeg,1,"live your life at your own term

- Via (Dark Secrets)
",positive
positive_475.jpeg,/kaggle/input/musait/basket/positive_475.jpeg,1,"live your life at your own term

- Via (Dark Secrets)
",positive
positive_476.jpg,/kaggle/input/musait/basket/positive_476.jpg,1,"réturnis that

“you let me lve""

",positive
positive_477.jpeg,/kaggle/input/musait/basket/positive_477.jpeg,0,,positive
positive_478.jpeg,/kaggle/input/musait/basket/positive_478.jpeg,0,,positive
positive_479.jpg,/kaggle/input/musait/basket/positive_479.jpg,0,,positive
positive_480.jpg,/kaggle/input/musait/basket/positive_480.jpg,0,,positive
positive_481.jpeg,/kaggle/input/musait/basket/positive_481.jpeg,1,"| fall, | rise, | make mistakes.
| live, | learn, I've been hurt but
I'm alive. I'm human, I'm not
perfect but I'm thankful.

-Unknown

",positive
positive_482.jpeg,/kaggle/input/musait/basket/positive_482.jpeg,1,"| fall, | rise, | make mistakes.
| live, | learn, I've been hurt but
I'm alive. I'm human, I'm not
perfect but I'm thankful.

-Unknown

",positive
positive_483.jpg,/kaggle/input/musait/basket/positive_483.jpg,1,"MATH LOVE STORIES

PARALLEL

Soulmates who are never
meant to meet each other

ASYMPTOTE

Always getting closer,
but will never be together

TANGENT & CIRCLE

To be together once,
then drift apart forever

SINE & COSINE

INN

Keep falling in and out of
love, forever out of step

Seharoundpande
",positive
positive_484.jpeg,/kaggle/input/musait/basket/positive_484.jpeg,1,"Believe you can
and you will.

-Unknown

",positive
positive_485.jpeg,/kaggle/input/musait/basket/positive_485.jpeg,1,"Believe you can
and you will.

-Unknown

",positive
positive_486.jpg,/kaggle/input/musait/basket/positive_486.jpg,1,"AU Humans Ave Vet the Same.
",positive
positive_487.jpeg,/kaggle/input/musait/basket/positive_487.jpeg,1,"when you write 10
lines of code without
searching on Google

",positive
positive_488.jpeg,/kaggle/input/musait/basket/positive_488.jpeg,1,"when you write 10
lines of code without
searching on Google

",positive
positive_489.jpg,/kaggle/input/musait/basket/positive_489.jpg,1,"Grace Hopper
The Mother of Software

Hopper was the first to propose a computer
programming language based on English, and
in 1952 finished work on her compiler for the
A-0 System. In 1959, she guided the CODASYL
consortium in the creation of the COBOL
programming language.

",positive
positive_490.jpeg,/kaggle/input/musait/basket/positive_490.jpeg,1,"Direction is much more
important than speed.

-Unknown

@lnspiratiog™|Quotes720. ——

",positive
positive_491.jpg,/kaggle/input/musait/basket/positive_491.jpg,1,"f “Every sthooF: |
~ Should have an -~
. organic garden that

“is maintained by a.
gardening class, ~
-<-. While the food
em grown is used to
. feed the mudents:

Sy and sxe

",positive
positive_492.jpg,/kaggle/input/musait/basket/positive_492.jpg,1,"f “Every sthooF: |
~ Should have an -~
. organic garden that

“is maintained by a.
gardening class, ~
-<-. While the food
em grown is used to
. feed the mudents:

Sy and sxe

",positive
positive_493.jpeg,/kaggle/input/musait/basket/positive_493.jpeg,1,"Sarcasm

dinner, if he pays for ro Movie tickets,
| will buy snacks. If he's having a rough
day, I'll help him out.. 50/50.
Stop expecting to be treated like a
queen while you are not
treating him like a king.
",positive
positive_494.jpeg,/kaggle/input/musait/basket/positive_494.jpeg,1,"Sarcasm

dinner, if he pays for ro Movie tickets,
| will buy snacks. If he's having a rough
day, I'll help him out.. 50/50.
Stop expecting to be treated like a
queen while you are not
treating him like a king.
",positive
positive_495.jpg,/kaggle/input/musait/basket/positive_495.jpg,1,"“Llove you""
“| love you more”
“No, | love you moreeee”

",positive
positive_496.jpg,/kaggle/input/musait/basket/positive_496.jpg,1,"“Llove you""
“| love you more”
“No, | love you moreeee”

",positive
positive_497.jpeg,/kaggle/input/musait/basket/positive_497.jpeg,1,"BEFORE HELPING OTHERS
FIRST HELP YOURSELF

@successpictures

",positive
positive_498.jpg,/kaggle/input/musait/basket/positive_498.jpg,1,"I searched for my dog for 20 minutes

",positive
positive_499.jpeg,/kaggle/input/musait/basket/positive_499.jpeg,1,"Trust that whatever
is meant for you is

on its way.

- Via (Wark Secrets)
",positive
positive_500.jpeg,/kaggle/input/musait/basket/positive_500.jpeg,1,"Trust that whatever
is meant for you is

on its way.

- Via (Wark Secrets)
",positive
positive_501.jpg,/kaggle/input/musait/basket/positive_501.jpg,1,"slate
@PleaseBeGneiss

the geometry is too complicated to
explain here but cutting a sandwich
diagonally gives you more sandwich

",positive
positive_502.jpeg,/kaggle/input/musait/basket/positive_502.jpeg,1,"Be humble

and never think
that you are better than
anyone else...
For dust you are; and unto
dust you shall return.
",positive
positive_503.jpeg,/kaggle/input/musait/basket/positive_503.jpeg,1,"Be humble

and never think
that you are better than
anyone else...
For dust you are; and unto
dust you shall return.
",positive
positive_504.jpg,/kaggle/input/musait/basket/positive_504.jpg,1,"Dan Regan
@Social_Mime

When I'm behind a slow car | steer my
car a little to the right so the people
behind me can see it isn't my fault.
",positive
positive_505.jpeg,/kaggle/input/musait/basket/positive_505.jpeg,1,"The distance between dreams
and reality is called discipline.

-Unknown

@lInspirationalQuotes720
",positive
positive_506.jpeg,/kaggle/input/musait/basket/positive_506.jpeg,1,"The distance between dreams
and reality is called discipline.

-Unknown

@lInspirationalQuotes720
",positive
positive_507.jpg,/kaggle/input/musait/basket/positive_507.jpg,0,,positive
positive_508.jpg,/kaggle/input/musait/basket/positive_508.jpg,0,,positive
positive_509.jpeg,/kaggle/input/musait/basket/positive_509.jpeg,1,"66

If the plan doesn't work, change
the plan but never the goal.
",positive
positive_510.jpeg,/kaggle/input/musait/basket/positive_510.jpeg,1,"66

If the plan doesn't work, change
the plan but never the goal.
",positive
positive_511.jpeg,/kaggle/input/musait/basket/positive_511.jpeg,1,"they calli you quiere
",positive
positive_512.jpeg,/kaggle/input/musait/basket/positive_512.jpeg,1,"(a) Ivcjinsta @
od

ee _
lke

20-YEAR OLD PRIYANJALI GUPTA
FROM DELHI CREATES AN Al MODEL THAT
CAN UNDERSTAND SIGN LANGUAGE

“THE MODEL TRANSLATES A FEW ASL SIGNS TO
ENGLISH USING TRANSFER LEARNING FROM
PRETRAINED ssd_mobilenet MODEL,"" SHE SAID

IT ANALYSES MOTIONS TO CONVERT SIGN
LANGUAGE TO ENGLISH. WONDERFUL @

FOOSS® we media
",positive
positive_513.jpeg,/kaggle/input/musait/basket/positive_513.jpeg,1,"(a) Ivcjinsta @
od

ee _
lke

20-YEAR OLD PRIYANJALI GUPTA
FROM DELHI CREATES AN Al MODEL THAT
CAN UNDERSTAND SIGN LANGUAGE

“THE MODEL TRANSLATES A FEW ASL SIGNS TO
ENGLISH USING TRANSFER LEARNING FROM
PRETRAINED ssd_mobilenet MODEL,"" SHE SAID

IT ANALYSES MOTIONS TO CONVERT SIGN
LANGUAGE TO ENGLISH. WONDERFUL @

FOOSS® we media
",positive
positive_514.jpeg,/kaggle/input/musait/basket/positive_514.jpeg,1,"What is the single biggest thing you can do
to help you towards professional success?

People do not have to follow up,
when you commit to doing something.

That’s it.

",positive
positive_515.jpeg,/kaggle/input/musait/basket/positive_515.jpeg,1,"What is the single biggest thing you can do
to help you towards professional success?

People do not have to follow up,
when you commit to doing something.

That’s it.

",positive
positive_516.jpeg,/kaggle/input/musait/basket/positive_516.jpeg,1,"is not a dustbin to
keep anger hatred
and jealousy.
But it's a treasure box
to keep love happiness
and sweet memories.

- Swami Vivekananda
",positive
positive_517.jpeg,/kaggle/input/musait/basket/positive_517.jpeg,1,"is not a dustbin to
keep anger hatred
and jealousy.
But it's a treasure box
to keep love happiness
and sweet memories.

- Swami Vivekananda
",positive
positive_518.jpeg,/kaggle/input/musait/basket/positive_518.jpeg,1,"istency

Cons

ive.

is attract
",positive
positive_519.jpeg,/kaggle/input/musait/basket/positive_519.jpeg,1,"istency

Cons

ive.

is attract
",positive
positive_520.jpeg,/kaggle/input/musait/basket/positive_520.jpeg,1,"Md)
Start making your own >-
happiness a priority!

ry
Ee,

",positive
positive_521.jpeg,/kaggle/input/musait/basket/positive_521.jpeg,1,"Md)
Start making your own >-
happiness a priority!

ry
Ee,

",positive
positive_522.jpeg,/kaggle/input/musait/basket/positive_522.jpeg,1,"fe Dealing with it alone is
“powerful.

= _-SANGEETA RANA
3 :

",positive
positive_523.jpeg,/kaggle/input/musait/basket/positive_523.jpeg,1,"fe Dealing with it alone is
“powerful.

= _-SANGEETA RANA
3 :

",positive
positive_524.jpeg,/kaggle/input/musait/basket/positive_524.jpeg,1,"She er him aia
he had nothing

3
i""?

Now she is with him when
he has everything

This is how you define the
loyalty of awoman @

",positive
positive_525.jpeg,/kaggle/input/musait/basket/positive_525.jpeg,1,"She er him aia
he had nothing

3
i""?

Now she is with him when
he has everything

This is how you define the
loyalty of awoman @

",positive
positive_526.jpeg,/kaggle/input/musait/basket/positive_526.jpeg,0,,positive
positive_527.jpeg,/kaggle/input/musait/basket/positive_527.jpeg,0,,positive
positive_528.jpeg,/kaggle/input/musait/basket/positive_528.jpeg,1,"Love all, trust few.
Not everything
is) real & not everyone
is true.
",positive
positive_529.jpeg,/kaggle/input/musait/basket/positive_529.jpeg,1,"Karma says,

Never loose your
self respect for someone
who don't care about your
feelings and
emotions.

SPIRIT OF LIFE
",positive
positive_530.jpeg,/kaggle/input/musait/basket/positive_530.jpeg,1,"Karma says,

Never loose your
self respect for someone
who don't care about your
feelings and
emotions.

SPIRIT OF LIFE
",positive
positive_531.jpeg,/kaggle/input/musait/basket/positive_531.jpeg,1,"Jokermotivationofficial
IF THEY ARE FINE
WITHOUT YOU, THEN
BE FINE WITHOUT
THEM TOO.
",positive
positive_532.jpeg,/kaggle/input/musait/basket/positive_532.jpeg,1,"Unemployed Graduate

| think our best memories always
remain unphotographed, no?

(O)Unemployed_Graduate_7 U G
",positive
positive_533.jpeg,/kaggle/input/musait/basket/positive_533.jpeg,1,"a]

Understand more,
Judge less.

",positive
positive_534.jpeg,/kaggle/input/musait/basket/positive_534.jpeg,1,"a]

Understand more,
Judge less.

",positive
positive_535.jpeg,/kaggle/input/musait/basket/positive_535.jpeg,1,"and
have respect for others.

don’t judge,

Ui

Be kind

ec NN

. =

E . eo ZA)
",positive
positive_536.jpeg,/kaggle/input/musait/basket/positive_536.jpeg,1,"and
have respect for others.

don’t judge,

Ui

Be kind

ec NN

. =

E . eo ZA)
",positive
positive_537.jpeg,/kaggle/input/musait/basket/positive_537.jpeg,1,"DON’T ALLOW SOMEONE ELSE
TO KILL YOUR DREAMS.

",positive
positive_538.jpeg,/kaggle/input/musait/basket/positive_538.jpeg,1,"DIFFERENT DEPICTIONS OF HALLUCIGENIA

BY LINARYTHISMS
: : | . : (Conway Morris, 1997)
: : : | (Ramskéld, 1992)
(\{

YA (Smith & Caron, 2015)

(sayama, 2020)

",positive
positive_539.jpeg,/kaggle/input/musait/basket/positive_539.jpeg,1,"You must teach
your heart to accept
what cannot be
changed.

(Thoughts Wonder)

Thoughts Wonder
",positive
positive_540.jpeg,/kaggle/input/musait/basket/positive_540.jpeg,1,"You must teach
your heart to accept
what cannot be
changed.

(Thoughts Wonder)

Thoughts Wonder
",positive
positive_541.jpeg,/kaggle/input/musait/basket/positive_541.jpeg,1,"flo/Doraemon memes
ig/doraemon_meme |

( Hemant Dwivedi

Stop thinking about youf past because the
more you think, the more it will hurt.
",positive
positive_542.jpeg,/kaggle/input/musait/basket/positive_542.jpeg,1,"You only
fail when

@Meltblogs

you stop
trying.

|

4

",positive
positive_543.jpeg,/kaggle/input/musait/basket/positive_543.jpeg,1,"You only
fail when

@Meltblogs

you stop
trying.

|

4

",positive
positive_544.jpeg,/kaggle/input/musait/basket/positive_544.jpeg,1,"2
DIFFERENT
BSS MINDSETS

",positive
positive_545.jpeg,/kaggle/input/musait/basket/positive_545.jpeg,1,"2
DIFFERENT
BSS MINDSETS

",positive
positive_546.jpeg,/kaggle/input/musait/basket/positive_546.jpeg,1,"_f6/Doraemon memes
ig/doraemon_memes90

! l
<< ~
= e A 4 te f r
— Fe sou feeling lonely?

Zi

“a

y,

Never mind, Bucemnotthe only Ark like.
",positive
positive_547.jpeg,/kaggle/input/musait/basket/positive_547.jpeg,1,"Practice positive
self-talk. Your mind is
‘always listening.

- Via (Dark Secrets)
",positive
positive_548.jpeg,/kaggle/input/musait/basket/positive_548.jpeg,1,"Practice positive
self-talk. Your mind is
‘always listening.

- Via (Dark Secrets)
",positive
positive_549.jpeg,/kaggle/input/musait/basket/positive_549.jpeg,1,"Go out in nature,

ground ae
™ and relax.

- Via (Dark Secrets)
",positive
positive_550.jpeg,/kaggle/input/musait/basket/positive_550.jpeg,1,"Go out in nature,

ground ae
™ and relax.

- Via (Dark Secrets)
",positive
positive_551.jpeg,/kaggle/input/musait/basket/positive_551.jpeg,1,"Win your mind and you will win the world.

~Adeep

",positive
positive_552.jpeg,/kaggle/input/musait/basket/positive_552.jpeg,1,"Win your mind and you will win the world.

~Adeep

",positive
positive_553.jpeg,/kaggle/input/musait/basket/positive_553.jpeg,1,"Wow ! WHAT A
BeauTIEUL DAY/

theAwkwardYeticom
",positive
positive_554.jpeg,/kaggle/input/musait/basket/positive_554.jpeg,1,"WE FALL, WE FAIL, WE BREAK
THEN WE RISE, WE HEAL
AND WE OVERCOME.

",positive
positive_555.jpeg,/kaggle/input/musait/basket/positive_555.jpeg,1,"WE FALL, WE FAIL, WE BREAK
THEN WE RISE, WE HEAL
AND WE OVERCOME.

",positive
positive_556.jpeg,/kaggle/input/musait/basket/positive_556.jpeg,1,". AS LONG AS YOU BELIEVE IN YOURSELF .
THERE WILL ALWAYS BE A WAY FOR YOU |

@successpictures

",positive
positive_557.jpeg,/kaggle/input/musait/basket/positive_557.jpeg,1,". AS LONG AS YOU BELIEVE IN YOURSELF .
THERE WILL ALWAYS BE A WAY FOR YOU |

@successpictures

",positive
positive_558.jpeg,/kaggle/input/musait/basket/positive_558.jpeg,1,"Don’t make up
problems if there are

",positive
positive_559.jpeg,/kaggle/input/musait/basket/positive_559.jpeg,1,"Don’t make up
problems if there are

",positive
positive_560.jpeg,/kaggle/input/musait/basket/positive_560.jpeg,1,"Failure is not the
opposite of success;

it's part of success.

- Via (Dark Secrets)
",positive
positive_561.jpeg,/kaggle/input/musait/basket/positive_561.jpeg,1,"Failure is not the
opposite of success;

it's part of success.

- Via (Dark Secrets)
",positive
positive_562.jpeg,/kaggle/input/musait/basket/positive_562.jpeg,1,"Stay out, let them

fix their own karma.

- Via (Dark Secrets)
",positive
positive_563.jpeg,/kaggle/input/musait/basket/positive_563.jpeg,1,"DIRECTION IS MORE IMPORTANT
THAN SPEED. MANY ARE GOING
FAST BUT IN A WRONG DIRECTION.

@successpictures

Cee

IN

",positive
positive_564.jpeg,/kaggle/input/musait/basket/positive_564.jpeg,1,"a 8

You don't need to be liked
by everyone, not everyone
has a good taste.
",positive
positive_565.jpeg,/kaggle/input/musait/basket/positive_565.jpeg,1,"a 8

You don't need to be liked
by everyone, not everyone
has a good taste.
",positive
positive_566.jpeg,/kaggle/input/musait/basket/positive_566.jpeg,1,"ALL GREAT ACHIEVEMENTS
REGUIBE Te

@succtesspictures

",positive
positive_567.jpeg,/kaggle/input/musait/basket/positive_567.jpeg,1,"ALL GREAT ACHIEVEMENTS
REGUIBE Te

@succtesspictures

",positive
positive_568.jpeg,/kaggle/input/musait/basket/positive_568.jpeg,0,,positive
positive_569.jpeg,/kaggle/input/musait/basket/positive_569.jpeg,1,"Stay out, let them

fix their own karma.

- Via (Dark Secrets)
",positive
positive_570.jpeg,/kaggle/input/musait/basket/positive_570.jpeg,0,,positive
positive_571.jpeg,/kaggle/input/musait/basket/positive_571.jpeg,0,,positive
positive_572.jpeg,/kaggle/input/musait/basket/positive_572.jpeg,0,,positive
positive_573.jpeg,/kaggle/input/musait/basket/positive_573.jpeg,0,,positive
positive_574.jpeg,/kaggle/input/musait/basket/positive_574.jpeg,0,,positive
positive_575.jpeg,/kaggle/input/musait/basket/positive_575.jpeg,0,,positive
positive_576.jpeg,/kaggle/input/musait/basket/positive_576.jpeg,1,"The. Best.

",positive
positive_577.jpeg,/kaggle/input/musait/basket/positive_577.jpeg,1,"The. Best.

",positive
positive_578.jpeg,/kaggle/input/musait/basket/positive_578.jpeg,0,,positive
positive_579.jpeg,/kaggle/input/musait/basket/positive_579.jpeg,0,,positive
positive_580.jpeg,/kaggle/input/musait/basket/positive_580.jpeg,0,,positive
positive_581.jpeg,/kaggle/input/musait/basket/positive_581.jpeg,0,,positive
positive_582.jpeg,/kaggle/input/musait/basket/positive_582.jpeg,0,,positive
positive_583.jpeg,/kaggle/input/musait/basket/positive_583.jpeg,1,"Fight against corraption, ®
Spurl the flag of On NATION

Mates

",positive
positive_584.jpeg,/kaggle/input/musait/basket/positive_584.jpeg,1,"Fight against corraption, ®
Spurl the flag of On NATION

Mates

",positive
positive_585.jpeg,/kaggle/input/musait/basket/positive_585.jpeg,1,"INDIE DAY

",positive
positive_586.jpeg,/kaggle/input/musait/basket/positive_586.jpeg,1,"INDIE DAY

",positive
positive_587.jpeg,/kaggle/input/musait/basket/positive_587.jpeg,0,,positive
positive_588.jpeg,/kaggle/input/musait/basket/positive_588.jpeg,0,,positive
positive_589.jpeg,/kaggle/input/musait/basket/positive_589.jpeg,1,"Wi
65 **
",positive
positive_590.jpeg,/kaggle/input/musait/basket/positive_590.jpeg,1,"Wi
65 **
",positive
positive_591.jpeg,/kaggle/input/musait/basket/positive_591.jpeg,1,"Happy
Valentine's
“Day

",positive
positive_592.jpeg,/kaggle/input/musait/basket/positive_592.jpeg,1,"Happy
Valentine's
“Day

",positive
positive_593.jpeg,/kaggle/input/musait/basket/positive_593.jpeg,1,"Happy
Valentine's

@ Day
",positive
positive_594.jpeg,/kaggle/input/musait/basket/positive_594.jpeg,1,"Happy
Valentine's

@ Day
",positive
positive_595.jpeg,/kaggle/input/musait/basket/positive_595.jpeg,1,"Everyone says you only
fall in love once but

that's not true

Decale

every time

e 2 when Isee you,
Hall in love

all over again.
",positive
positive_596.jpeg,/kaggle/input/musait/basket/positive_596.jpeg,1,"Everyone says you only
fall in love once but

that's not true

Decale

every time

e 2 when Isee you,
Hall in love

all over again.
",positive
positive_597.jpg,/kaggle/input/musait/basket/positive_597.jpg,1,"Happy
Ratha Yatra

: Me 2
www.allimagegreetings.com
",positive
positive_598.jpeg,/kaggle/input/musait/basket/positive_598.jpeg,1,"When
you wish good for
others, good things
come back to you.
This is the law
of nature.

(Wonders Dairy)

Wonders Dairy

www.wondersdairy.com
",positive
positive_599.jpeg,/kaggle/input/musait/basket/positive_599.jpeg,1,"When
you wish good for
others, good things
come back to you.
This is the law
of nature.

(Wonders Dairy)

Wonders Dairy

www.wondersdairy.com
",positive
positive_600.jpeg,/kaggle/input/musait/basket/positive_600.jpeg,1,"The more you_ he , the more

Oe ke » from anything

",positive
positive_601.jpeg,/kaggle/input/musait/basket/positive_601.jpeg,1,"The more you_ he , the more

Oe ke » from anything

",positive
positive_602.jpeg,/kaggle/input/musait/basket/positive_602.jpeg,1,"@.@

é
Listen closely to yourself when
you're feeling uncomfortable.
Honor your needs.

- Via (Dark Secrets)
",positive
positive_603.jpeg,/kaggle/input/musait/basket/positive_603.jpeg,1,"@.@

é
Listen closely to yourself when
you're feeling uncomfortable.
Honor your needs.

- Via (Dark Secrets)
",positive
positive_604.jpeg,/kaggle/input/musait/basket/positive_604.jpeg,0,,positive
positive_605.jpeg,/kaggle/input/musait/basket/positive_605.jpeg,0,,positive
positive_606.jpeg,/kaggle/input/musait/basket/positive_606.jpeg,1,"Distance is my new

answer, I no longer

react, I no longer
argue, I simply withdraw

- Joker Theory
",positive
positive_607.jpg,/kaggle/input/musait/basket/positive_607.jpg,1,"oot

",positive
positive_608.jpg,/kaggle/input/musait/basket/positive_608.jpg,1,"I have found that if you love life, ‘
*
life will love you back. +

- Arthur Rubinstein
",positive
positive_609.jpg,/kaggle/input/musait/basket/positive_609.jpg,1,"I have found that if you love life, ‘
*
life will love you back. +

- Arthur Rubinstein
",positive
positive_610.jpg,/kaggle/input/musait/basket/positive_610.jpg,1,"Not taking» 6
things personally “A
is.a very important

life skill. Me

- Via Wark Secrets)
",positive
positive_611.jpg,/kaggle/input/musait/basket/positive_611.jpg,1,"Not taking» 6
things personally “A
is.a very important

life skill. Me

- Via Wark Secrets)
",positive
positive_612.jpg,/kaggle/input/musait/basket/positive_612.jpg,1,"Never regret focusing your

energy on building a better

life a ype

",positive
positive_613.jpg,/kaggle/input/musait/basket/positive_613.jpg,1,"Never regret focusing your

energy on building a better

life a ype

",positive
positive_614.jpeg,/kaggle/input/musait/basket/positive_614.jpeg,1,"you need sleep more than people.
",positive
positive_615.jpeg,/kaggle/input/musait/basket/positive_615.jpeg,1,"you need sleep more than people.
",positive
positive_616.jpeg,/kaggle/input/musait/basket/positive_616.jpeg,1,"Not everyone deserves
an invite to your next
chapter, doesn't matter

who they are.

- Via (Dark Secrets)
",positive
positive_617.jpeg,/kaggle/input/musait/basket/positive_617.jpeg,1,"Conceive. Believe. Achieve.

If your mind can conceive and
your heart believes it then you

can achieve it.

- Via (Dark Secrets)
",positive
positive_618.jpeg,/kaggle/input/musait/basket/positive_618.jpeg,1,"Conceive. Believe. Achieve.

If your mind can conceive and
your heart believes it then you

can achieve it.

- Via (Dark Secrets)
",positive
positive_619.jpeg,/kaggle/input/musait/basket/positive_619.jpeg,1,"Be a good person
in real life, not in
social media.

(Thoughts Wonder)

Thoughts Wonder
",positive
positive_620.jpeg,/kaggle/input/musait/basket/positive_620.jpeg,1,"Be a good person
in real life, not in
social media.

(Thoughts Wonder)

Thoughts Wonder
",positive
positive_621.jpeg,/kaggle/input/musait/basket/positive_621.jpeg,1,"When life knocks you
down, roll over and

look at the stars.

- Via (Dark Secrets)
",positive
positive_622.jpeg,/kaggle/input/musait/basket/positive_622.jpeg,1,"When life knocks you
down, roll over and

look at the stars.

- Via (Dark Secrets)
",positive
positive_623.jpeg,/kaggle/input/musait/basket/positive_623.jpeg,1,"The struggle you
are in today is
developing the

strength you need

@Motivational Life

for tomorrow.

nN
",positive
positive_624.jpeg,/kaggle/input/musait/basket/positive_624.jpeg,1,"The struggle you
are in today is
developing the

strength you need

@Motivational Life

for tomorrow.

nN
",positive
positive_625.jpg,/kaggle/input/musait/basket/positive_625.jpg,1,"All truths are easy to understand
once they are discovered;
the point is to discover them.

— Galileo Galilei

AZ QUOTES
",positive
positive_626.jpg,/kaggle/input/musait/basket/positive_626.jpg,1,"All truths are easy to understand
once they are discovered;
the point is to discover them.

— Galileo Galilei

AZ QUOTES
",positive
positive_627.png,/kaggle/input/musait/basket/positive_627.png,0,,positive
positive_628.jpg,/kaggle/input/musait/basket/positive_628.jpg,1,"Dependence Is Misery.

Independence Is Happiness.

~ SWAMI VIVEKANANDA ~

",positive
positive_629.jpg,/kaggle/input/musait/basket/positive_629.jpg,1,"Dependence Is Misery.

Independence Is Happiness.

~ SWAMI VIVEKANANDA ~

",positive
positive_630.jpg,/kaggle/input/musait/basket/positive_630.jpg,1,"One ounce of practice is worth
a thousand pounds of theory.

—_———
",positive
positive_631.jpg,/kaggle/input/musait/basket/positive_631.jpg,1,"One ounce of practice is worth
a thousand pounds of theory.

—_———
",positive
positive_632.jpg,/kaggle/input/musait/basket/positive_632.jpg,1,"fal og?

» i
e 5 ne e
e
“Whatever you think
that you will be. /
* ou think yourself weak, ~
weak you will be; !
if you eunie yourself strong,
you will be.""

= Swami Vivekananda
",positive
positive_633.jpg,/kaggle/input/musait/basket/positive_633.jpg,1,"fal og?

» i
e 5 ne e
e
“Whatever you think
that you will be. /
* ou think yourself weak, ~
weak you will be; !
if you eunie yourself strong,
you will be.""

= Swami Vivekananda
",positive
positive_634.jpg,/kaggle/input/musait/basket/positive_634.jpg,1,"“Arise, awake,
stop not until
your goal is
achieved.""

- Swami Vivekananda
",positive
positive_635.jpg,/kaggle/input/musait/basket/positive_635.jpg,1,"“Arise, awake,
stop not until
your goal is
achieved.""

- Swami Vivekananda
",positive
positive_636.jpg,/kaggle/input/musait/basket/positive_636.jpg,1,"“Arise, awake,
stop not until
your goal is
achieved.""

- Swami Vivekananda
",positive
positive_637.jpg,/kaggle/input/musait/basket/positive_637.jpg,0,,positive
positive_638.jpg,/kaggle/input/musait/basket/positive_638.jpg,1,"wr ¥

The happme

",positive
positive_639.jpg,/kaggle/input/musait/basket/positive_639.jpg,0,,positive
positive_640.jpg,/kaggle/input/musait/basket/positive_640.jpg,1,"QUOTEMENT.COM

""Very little is needed to
make a happy life; it is
all within yourself, in
your way of thinking.""
- Marcus Aurelius

Antoninus

",positive
positive_641.jpg,/kaggle/input/musait/basket/positive_641.jpg,1,"Some people think they need
=a more to be happy. But the truly
happy people are those who learn
to enjoy life with exactly what they
have at each moment.

Lifehayat.com.®,
",positive
positive_642.jpg,/kaggle/input/musait/basket/positive_642.jpg,0,,positive
positive_643.jpg,/kaggle/input/musait/basket/positive_643.jpg,1,"AA

as,

’ {
\ |
| y |
|
wy a
i , |
d 1 \ |
e , YW
As ; \

INTERNATIONAL DAY OF HAPPINESS

MARCH 20
",positive
positive_644.jpg,/kaggle/input/musait/basket/positive_644.jpg,1,"Make someone happy,
Make just one someone happy,
‘And you will be happy, too.

Jin Ourorce

mzouorts
",positive
positive_645.jpg,/kaggle/input/musait/basket/positive_645.jpg,1,"Start smiling from the |
heart it will make
your life more
beautiful and happy.
",positive
positive_646.jpg,/kaggle/input/musait/basket/positive_646.jpg,1,"You can’t go back and
change the beginning, but
you can start where you are
and change the ending.

",positive
positive_647.jpg,/kaggle/input/musait/basket/positive_647.jpg,1,"TOeONTO SUN NEWS onan, uA 2006

Grade 5 student James Valitchka’s new book, I'm Not Brown I'm Human, details how
children can learn to overcome racism. This Is the 11-year-old Toronto boy's sixth book.

A sood heart
is colour-blind

11-year-old author teaches how to overcome racism

MICHELE HENRY
Toronto Sun

James Valitchka is no
stranger tothe soul plereing
sting of racist remarks,

‘One of only two black kids
attending an affluent cle-
mentary school ina predom:
inantly white Ottawa neigh-
bourhood, the }1-year-old
was often teased, beaten up
and belitiled because of his
skin colour.

“Thad to Jeave that school,”
‘said the pre-teen, who moved
to Toronto with his mother
last year, “It made me feel
really bad about myself""

Sensing there were other
kids grappling with the same
stresses, the Grade 5 student
fi pen to Paper and wrote

is sixth book, which istitled
I'm Not Brown 'm Human

‘and details how children can
eam to overcome racism. Re-
leased in a limited number
oflocal bookstores this week,
the young author waved it
proudly about the Dominion

allroom at the Sheraton
Cemire yesterday during the
Toronto kickoff of Black itis-
tory Month in Canada,

“Just bullying’

“Racism is just bullying be-
cause of skin colour,” hesaid.

Rosemary Sadlier, presi-
dent of the Ontario Black His-
tory Society, addressed the
crowd yesterday and told lo-
al politicians and commti-
nity members alike that cele-
brating black history and
jure is paramount to de-
feating hatred.

“Where we see so much
tivity we lose sight of the

ne

contribution that people of
African origin have made
since the very beginning of
this country” she sald. To
have Black History Mom
‘Toronto right now is of ri
cal importance because it's
oneofthepro-active things ta
address some of the issues
at affect us all right now,
such as gun violence.”

‘Among the books by black
authors and illustrations by
blackartists that filled the en-
tranceto theballtoom, wasa
demonstration of the Black
History Canada website,

Developed by Histostca,
blackhistorycanada.ca was
launched at the eventandis a
resource for teachers seck-
ing information about black
history in Canada

‘nichele esrygtorsanpab com
",positive
positive_648.jpg,/kaggle/input/musait/basket/positive_648.jpg,1,"=] Takea paws to help \.
de dog charity |

",positive
positive_649.jpg,/kaggle/input/musait/basket/positive_649.jpg,1,"== Che New York Cimes

“tng ne Sonery [IRAQ WAR ENDS

‘rap en

",positive
positive_650.jpg,/kaggle/input/musait/basket/positive_650.jpg,0,,positive
positive_651.jpg,/kaggle/input/musait/basket/positive_651.jpg,1,"""Be true. Be wild

Be Happy.”

FunZumo.Com
",positive
positive_652.jpg,/kaggle/input/musait/basket/positive_652.jpg,0,,positive
positive_653.jpg,/kaggle/input/musait/basket/positive_653.jpg,1,"& = “Nothing willwork. |

—~.. unless you do.”

oe — Maya Angelou

",positive
positive_654.jpg,/kaggle/input/musait/basket/positive_654.jpg,1,"BELIEVE YOU'RE BORN
TO ACHIEVE GREAT THINGS

€® THEGOALCHASER.COM
",positive
positive_655.jpg,/kaggle/input/musait/basket/positive_655.jpg,1,"YOUR LOGO

ESS

ITN
ITS A WAY _OF
",positive
positive_656.jpg,/kaggle/input/musait/basket/positive_656.jpg,1,"HAPPINESS
QUOTES
",positive
positive_657.jpg,/kaggle/input/musait/basket/positive_657.jpg,1,"PUSH

YOURSELF

NO ONE IS GOING To Do IT FOR YOU

",positive
positive_658.jpg,/kaggle/input/musait/basket/positive_658.jpg,0,,positive
positive_659.jpg,/kaggle/input/musait/basket/positive_659.jpg,1,"‘Willpower is IS

the more
frequently
you train it,
the stronger
it gets.”

-Unknown

",positive
positive_660.jpg,/kaggle/input/musait/basket/positive_660.jpg,1,"— Sagoo),
: WORKOUT ;

vOUR Na ‘

_www-THoU TSGURU,

",positive
positive_661.jpg,/kaggle/input/musait/basket/positive_661.jpg,0,,positive
positive_662.jpg,/kaggle/input/musait/basket/positive_662.jpg,0,,positive
positive_663.jpg,/kaggle/input/musait/basket/positive_663.jpg,0,,positive
positive_664.jpg,/kaggle/input/musait/basket/positive_664.jpg,1,"“EVERYONE WANTS T0
LIVE ON TOP OF THE MOUNTAIN,
BUT ALL THE HAPPINESS
AND GROWTH OCCURS
WHILE YOU'RE CLIMBING i ""

",positive
positive_665.jpg,/kaggle/input/musait/basket/positive_665.jpg,1,"“THE HARDEST MOUNTAIN
TO CLIMB
IS THE ONE WITHIN.”

WALK MY WoRLD
",positive
positive_666.jpg,/kaggle/input/musait/basket/positive_666.jpg,1,"The
Wyr
comes after
the hardest

climb

THEWANDERLUSTWITHIN.COM
",positive
positive_667.jpg,/kaggle/input/musait/basket/positive_667.jpg,1,"| Ico
INTO THE
MOUNTAINS.

- Michael Kennedy

TAL
ibs ¢

EiOke2 BACKPACKERS
Se oe

",positive
positive_668.jpg,/kaggle/input/musait/basket/positive_668.jpg,0,,positive
positive_669.jpg,/kaggle/input/musait/basket/positive_669.jpg,1,"That's what

me feel good. all
‘Laetitia Casta

Brainy Quote
",positive
positive_670.jpg,/kaggle/input/musait/basket/positive_670.jpg,1,"ee TT |
The orgies! healing. soy is

Hubert H Humphrey
",positive
positive_671.jpg,/kaggle/input/musait/basket/positive_671.jpg,1,". ital , if
oR
ww

*Do ees fe

—— A ee . oe ———_——- = a |

pee
<9 a
a
~ =

~% ae
=ay
- x
~ =
= »
-
se ati ie sy So pa, D. SOE ete AA
s ;
a bs
-
-
oo
a
>
7 a“
ar.’ ¢
“>
. - =
",positive
positive_672.jpg,/kaggle/input/musait/basket/positive_672.jpg,1,"The shoreline at sunset
is simply...beautiful.

",positive
positive_673.jpg,/kaggle/input/musait/basket/positive_673.jpg,0,,positive
positive_674.jpg,/kaggle/input/musait/basket/positive_674.jpg,1,"—

* acasserole, only those ,/
responsible for it really ""i
know what goes in It.’ |

‘%. womans day

",positive
positive_675.jpg,/kaggle/input/musait/basket/positive_675.jpg,0,,positive
positive_676.jpg,/kaggle/input/musait/basket/positive_676.jpg,1,"66

One year down,
forever to go.

womans day
",positive
positive_677.jpg,/kaggle/input/musait/basket/positive_677.jpg,1,"Life Ges t
> comewitha
manual—it
comes witha .

mother. |

‘

",positive
positive_678.jpg,/kaggle/input/musait/basket/positive_678.jpg,1,"NEVER WASTED TIME

- KATRINA MAYER

——

SY a A ar ar LO RR a
Sat a

URE SAMAR sme

TOMY

og

",positive
positive_679.jpg,/kaggle/input/musait/basket/positive_679.jpg,0,,positive
positive_680.jpg,/kaggle/input/musait/basket/positive_680.jpg,1,"QUOTEMENT.COM

A clear blue sky puts
everyone in a good
mood.

",positive
positive_681.jpg,/kaggle/input/musait/basket/positive_681.jpg,0,,positive
positive_682.jpg,/kaggle/input/musait/basket/positive_682.jpg,1,"“thought and a
gra teful heart.

Roy T. Benn att.
See apes

<a:

",positive
positive_683.jpg,/kaggle/input/musait/basket/positive_683.jpg,0,,positive
positive_684.jpg,/kaggle/input/musait/basket/positive_684.jpg,1,"=
|

SFall in. Jove with 4
taking care “of | my body.
",positive
positive_685.jpg,/kaggle/input/musait/basket/positive_685.jpg,1,"BURNLAB

#readytosweat
",positive
positive_686.jpg,/kaggle/input/musait/basket/positive_686.jpg,0,,positive
positive_687.jpg,/kaggle/input/musait/basket/positive_687.jpg,0,,positive
positive_688.jpg,/kaggle/input/musait/basket/positive_688.jpg,1,"Happiness depends not on material

things but our view on the things.

P SHAYARI777.com
",positive
positive_689.jpg,/kaggle/input/musait/basket/positive_689.jpg,1,"allpoetrylife.com
",positive
positive_690.jpg,/kaggle/input/musait/basket/positive_690.jpg,1,"LIFE 1S 100 SHORT,
SO NEVER REGRET SOMETHING
THAT MAKES YOU HAPPY.

QuotesL ifetimecom

",positive
positive_691.jpg,/kaggle/input/musait/basket/positive_691.jpg,1,"Just smile and be the reason
for someone to smile

sana_wr8s12
@ @

wi
",positive
positive_692.jpg,/kaggle/input/musait/basket/positive_692.jpg,0,,positive
positive_693.jpg,/kaggle/input/musait/basket/positive_693.jpg,0,,positive
positive_694.jpg,/kaggle/input/musait/basket/positive_694.jpg,0,,positive
positive_695.jpg,/kaggle/input/musait/basket/positive_695.jpg,0,,positive
positive_696.jpg,/kaggle/input/musait/basket/positive_696.jpg,1,"a

(ts

DON'T CRY BECAUSE
IT'S OVER, SMILE BECAUSE
IT HAPPENED.

Dr Seuse

",positive
positive_697.jpg,/kaggle/input/musait/basket/positive_697.jpg,1,"——
YOU DO NOT FIND THE HE HAPPY
LIFE. YOU MAKE IT.
",positive
positive_698.jpg,/kaggle/input/musait/basket/positive_698.jpg,1,"HAPPINESS IS A CHOICE, NOT A
RESULT. NOTHING WILL MAKE
YOU HAPPY UNTIL YOU
CHOOSE TO BE HAPPY.

",positive
positive_699.jpg,/kaggle/input/musait/basket/positive_699.jpg,0,,positive
positive_700.jpg,/kaggle/input/musait/basket/positive_700.jpg,1,"e .
May the Divine light of Diwali bring
happiness, and prosperity to

thebestshayari.in

o~
",positive
positive_701.jpg,/kaggle/input/musait/basket/positive_701.jpg,1,"@|e) @)
. ROPE 4 ¥ |
NnternavionaL Childrens

ve
“There is nothing as pure, as adorable as
the innocence of a child...
Keep it alive to keep this world alive.”
",positive
positive_702.jpg,/kaggle/input/musait/basket/positive_702.jpg,1,"abi
FRIENDSHIP DAY

le 9 Quotes
",positive
positive_703.jpg,/kaggle/input/musait/basket/positive_703.jpg,0,,positive
positive_704.jpg,/kaggle/input/musait/basket/positive_704.jpg,0,,positive
positive_705.jpg,/kaggle/input/musait/basket/positive_705.jpg,1,"NAP YT
FATHER'S

DAY

is unmatched.

",positive
positive_706.jpg,/kaggle/input/musait/basket/positive_706.jpg,1,"has Wishes:com
",positive
positive_707.jpg,/kaggle/input/musait/basket/positive_707.jpg,1,"66—Cti
HAPPY?
FATHER’S
~ DAY

",positive
positive_708.jpg,/kaggle/input/musait/basket/positive_708.jpg,1,"aa
SD x
y 4)
Bp

""| have chosen
to be HAPPY
because its
good for my
HEALTH""

For more Quotes; WWW.lnspiringQuotes.in 29 |
",positive
positive_709.jpg,/kaggle/input/musait/basket/positive_709.jpg,0,,positive
positive_710.jpg,/kaggle/input/musait/basket/positive_710.jpg,0,,positive
positive_711.jpg,/kaggle/input/musait/basket/positive_711.jpg,1,"BE HAPPY

Enjoy Every Moment of
Your Life, Life is Too Short
to Weaste on Grudges.
Laugh when You Can,

Je igze When you shroulds:

",positive
positive_712.jpg,/kaggle/input/musait/basket/positive_712.jpg,1,"A dad is someone who
wants to catch you
before you fall but

instead picks you up,
brushes you off and lets
you try again.

",positive
positive_713.jpg,/kaggle/input/musait/basket/positive_713.jpg,1,"Yout
00s ey

Share Best Wishes and Quotes

",positive
positive_714.jpg,/kaggle/input/musait/basket/positive_714.jpg,1,"ee.

THES NPLE MANTRA 10 BE fans
1S TO MAKE OTHERS HAPPY.

QuotesLifetimecom
",positive
positive_715.jpg,/kaggle/input/musait/basket/positive_715.jpg,1,"Ale

Have a@reat ibay ; ss
A A

v4

@ www. AliQuotesicon.com

",positive
positive_716.jpg,/kaggle/input/musait/basket/positive_716.jpg,1,"U9, aS,

my first and forever best friend.

www.bigenter.info
",positive
positive_717.jpg,/kaggle/input/musait/basket/positive_717.jpg,1,"Every Child Is A Different Kind Of
Fower And All Together,
Make This World.

A Beautiful Garden
",positive
positive_718.jpg,/kaggle/input/musait/basket/positive_718.jpg,0,,positive
positive_719.jpg,/kaggle/input/musait/basket/positive_719.jpg,1,"EAT DAY!

HAVEAGR

@

N

",positive
positive_720.jpg,/kaggle/input/musait/basket/positive_720.jpg,0,,positive
positive_721.jpg,/kaggle/input/musait/basket/positive_721.jpg,1,"CHALLENGING RISKS WILL
\ MAKE YOU CRAVE
FOR»MORE SUCCESS...

ap ge "" ‘2
QuotesLifetime.com a
< —— a, © | el
| a
7
2
+
wy > ~
\~ ‘Te
\ f 7
\ —

",positive
positive_722.jpg,/kaggle/input/musait/basket/positive_722.jpg,1,"GOOD
MORNING!
Wishing you a day
full of sunny smiles

and happy thoughts!

Have a Jie c Day!

",positive
positive_723.jpg,/kaggle/input/musait/basket/positive_723.jpg,0,,positive
positive_724.jpg,/kaggle/input/musait/basket/positive_724.jpg,1,"THEY SAY A PERSON
NEEDS JUST THREE THINGS
TO BE TRULY HAPPY IN THIS
WORLD: SOMEONE TO
LOVE, SOMETHING TO DO,
AND SOMETHING
TO HOPE FOR.”

Jam Bodelt

",positive
positive_725.jpg,/kaggle/input/musait/basket/positive_725.jpg,1,"“Be happy for this
moment.

This moment is your

life.”

- Omar Khayyam

Routinely Nomadic
",positive
positive_726.jpg,/kaggle/input/musait/basket/positive_726.jpg,0,,positive
positive_727.jpg,/kaggle/input/musait/basket/positive_727.jpg,1,"A POSITIVE DAY —
BEGINS WITH —_
A POSITIVE —<

=
MINDSET. “
i

WWW.GIRLBOSSVIBES.COM 3 4
",positive
positive_728.jpg,/kaggle/input/musait/basket/positive_728.jpg,1,"The art of

being happy is

to be satisfied

with what you
have.
",positive
positive_729.jpg,/kaggle/input/musait/basket/positive_729.jpg,0,,positive
positive_730.jpg,/kaggle/input/musait/basket/positive_730.jpg,1,"You attract the
energy that you give off.
Spread good vibes. Think
positively. Enjoy life.

",positive
positive_731.jpg,/kaggle/input/musait/basket/positive_731.jpg,0,,positive
positive_732.jpg,/kaggle/input/musait/basket/positive_732.jpg,1,"Good Morwing,

Start
your day
with
positive

thoughts.

",positive
positive_733.jpg,/kaggle/input/musait/basket/positive_733.jpg,1,"“Being Hl a
Neven Goes
Out of Style”

Tilly Puliigen ~*~
",positive
positive_734.jpg,/kaggle/input/musait/basket/positive_734.jpg,1,"—WILLIAM JAMES
",positive
positive_735.jpg,/kaggle/input/musait/basket/positive_735.jpg,0,,positive
positive_736.jpg,/kaggle/input/musait/basket/positive_736.jpg,1,"Gf you stay positive
in a negative situation
you win.

HAPPY SUNDAY

HappySundayimages,com
",positive
positive_737.jpg,/kaggle/input/musait/basket/positive_737.jpg,0,,positive
positive_738.jpg,/kaggle/input/musait/basket/positive_738.jpg,1,"eas

me: MORSE EARL

7~

™e

HealthyPlace.com
",positive
positive_739.jpg,/kaggle/input/musait/basket/positive_739.jpg,1,"THAN YOU

THINK
",positive
positive_740.jpg,/kaggle/input/musait/basket/positive_740.jpg,0,,positive
positive_741.jpg,/kaggle/input/musait/basket/positive_741.jpg,0,,positive
positive_742.jpg,/kaggle/input/musait/basket/positive_742.jpg,1,"“The best way to
make your

dreams come t
is to wake up.”

— Paul Valery, Frenc’

",positive
positive_743.jpg,/kaggle/input/musait/basket/positive_743.jpg,1,"Every day is a fresh start,
wake up with a thankful heart.

",positive
positive_744.jpg,/kaggle/input/musait/basket/positive_744.jpg,1,"A LITTLE
PROGRESS
EACH DAY
ADDS UP TO

BIG

RESU LTS»

",positive
positive_745.jpg,/kaggle/input/musait/basket/positive_745.jpg,0,,positive
positive_746.jpg,/kaggle/input/musait/basket/positive_746.jpg,1,"THINK POSITIVELY
YOU WILL NEVER LOSE
BECAUSE POSITIVITY. ~
ALMA WS. e

",positive
positive_747.jpg,/kaggle/input/musait/basket/positive_747.jpg,1,"A POSITIVE VIBE
CAN SORT ALL OF
YOUR PROBLEMS.

QuotesLifetimecom
",positive
positive_748.jpg,/kaggle/input/musait/basket/positive_748.jpg,1,"“Believe you
can and you're
halfway there.”
",positive
positive_749.jpg,/kaggle/input/musait/basket/positive_749.jpg,1,"7]

EVERYDAY POWER

",positive
positive_750.jpg,/kaggle/input/musait/basket/positive_750.jpg,1,"ener een:

Thomas Fuller

I

sag AEE Rea
mie

",positive
positive_751.jpg,/kaggle/input/musait/basket/positive_751.jpg,1,"“Think positive,
be positive and positive
things will happen. ,, .

",positive
positive_752.jpg,/kaggle/input/musait/basket/positive_752.jpg,1,"A positive mindset
brings positive things.

",positive
positive_753.jpg,/kaggle/input/musait/basket/positive_753.jpg,1,"AN ULTIMATE COLLECTION

POSITIVE
THOUGHTS

To Change Your Negative Mindset

SWAN OLIGHT
EDITED BY: S. B. KHANDARE

",positive
positive_754.jpg,/kaggle/input/musait/basket/positive_754.jpg,1,"“Ths pieiandad comes from
. within yourself, One has""
a to be positive. When
you're positive, good
things happen.”

— Deep Roy

Routinely Nomadic
",positive
positive_755.jpg,/kaggle/input/musait/basket/positive_755.jpg,1,"“Because of your
Smile, you make life

more beautiful.”
=— = Thich Nhat Hanh
",positive
positive_756.jpg,/kaggle/input/musait/basket/positive_756.jpg,1,"oe Mere
\ eBestlifeh ee
ao Reletl oer! '

",positive
positive_757.jpg,/kaggle/input/musait/basket/positive_757.jpg,0,,positive
positive_758.jpg,/kaggle/input/musait/basket/positive_758.jpg,0,,positive
positive_759.jpg,/kaggle/input/musait/basket/positive_759.jpg,1,"A positive attitude fal

© Moses Chikot Dr Moses

-
",positive
positive_760.jpg,/kaggle/input/musait/basket/positive_760.jpg,1,"AD 5

|GHTS CAR

AA

int ih
fe fe

r)
rs
' -

QUOTESPEDIA.ORG
",positive
positive_761.jpg,/kaggle/input/musait/basket/positive_761.jpg,0,,positive
positive_762.jpg,/kaggle/input/musait/basket/positive_762.jpg,1,"We're in each othe

life for a reason.
Thanks for
showing up

",positive
positive_763.jpg,/kaggle/input/musait/basket/positive_763.jpg,1,"GOOD THINGS WILL
HAPPEN IN YOUR LIFE,
BUT FIRST YOU HAVE

TO BELIEVE SO. BE
POSITIVE. |

Routinely Nomadic i in
",positive
positive_764.jpg,/kaggle/input/musait/basket/positive_764.jpg,1,"y THOUGYTS |
",positive
positive_765.jpg,/kaggle/input/musait/basket/positive_765.jpg,0,,positive
positive_766.jpg,/kaggle/input/musait/basket/positive_766.jpg,1,"It is never too late to be
who you might have been.
ot George Elliot

",positive
positive_767.jpg,/kaggle/input/musait/basket/positive_767.jpg,1,"The more you feed
your mind with positive
thoughts, the more you
attract great things into

your life.
w~

+

Lifehayat. com}
",positive
positive_768.jpg,/kaggle/input/musait/basket/positive_768.jpg,1,"3 Today's GOAL:
DON'T FORGETTO =

BE AWESOME!

EAVES
",positive
positive_769.jpg,/kaggle/input/musait/basket/positive_769.jpg,0,,positive
positive_770.jpg,/kaggle/input/musait/basket/positive_770.jpg,0,,positive
positive_771.jpg,/kaggle/input/musait/basket/positive_771.jpg,1,"i
— motivation.kamkibat.com
gi fe.
",positive
positive_772.jpg,/kaggle/input/musait/basket/positive_772.jpg,1,"Every day is a fresh start,
wake up with a thankful heart.

",positive
positive_773.jpg,/kaggle/input/musait/basket/positive_773.jpg,0,,positive
positive_774.jpg,/kaggle/input/musait/basket/positive_774.jpg,0,,positive
positive_775.jpg,/kaggle/input/musait/basket/positive_775.jpg,1,"PROGRESS HAS LITTLE
TODO WITH SPEED,
BUT MUCH TO DO
WITR:DIRECTION.

Unkn
",positive
positive_776.jpg,/kaggle/input/musait/basket/positive_776.jpg,1,"THE BEST
VIEW
COMES
AFTER
THE
HARDEST
CLIMB

BIGSTOCK

bigstock.com
",positive
positive_777.jpg,/kaggle/input/musait/basket/positive_777.jpg,1,"THINGS MAY COME TO
HO
",positive
positive_778.jpg,/kaggle/input/musait/basket/positive_778.jpg,1,"The trick is to enjoy life.
Don't wish away your days,
waiting for better ones ahead.

MARJORIE PAY HINCKLEY
",positive
positive_779.jpg,/kaggle/input/musait/basket/positive_779.jpg,1,"“VOU NEVER
FAIL UNTIL YOU
(OP. TRYING.”

",positive
positive_780.jpg,/kaggle/input/musait/basket/positive_780.jpg,1,"“It's failure that gives you
the proper perspective on
success.”

—— Ellen DeGeneres

",positive
positive_781.jpg,/kaggle/input/musait/basket/positive_781.jpg,1,"the life

YOU'VE ALWAYS.) 2

Bhs

",positive
positive_782.jpg,/kaggle/input/musait/basket/positive_782.jpg,0,,positive
positive_783.jpg,/kaggle/input/musait/basket/positive_783.jpg,1,"“NEVER LEAVE THAT
TILL TOMORROW
WHICH YOU CAN

DO TODAY.”
- BENJAMIN FRANKLIN

",positive
positive_784.jpg,/kaggle/input/musait/basket/positive_784.jpg,1,"~ ~~

h

NEVER GIVE UP

.—
",positive
positive_785.jpg,/kaggle/input/musait/basket/positive_785.jpg,1,"NOTHING

worth
HAVING COMES

EASY

",positive
positive_786.jpg,/kaggle/input/musait/basket/positive_786.jpg,1,"| will win,
strive and

conquer.”

TECHWEK.COM*
",positive
positive_787.jpg,/kaggle/input/musait/basket/positive_787.jpg,0,,positive
positive_788.jpg,/kaggle/input/musait/basket/positive_788.jpg,1,"“I'd rather
regret the
things I’ve done
than regret
the things |
haven't done”
— Lucille Ball

",positive
positive_789.jpg,/kaggle/input/musait/basket/positive_789.jpg,0,,positive
positive_790.jpg,/kaggle/input/musait/basket/positive_790.jpg,1,"New Monday i

New Week

—

| New Start

New Goals
",positive
positive_791.jpg,/kaggle/input/musait/basket/positive_791.jpg,1,"©: BrightDrops
le IS ma
photography.
You use the
negatives to
evelop.
",positive
positive_792.jpg,/kaggle/input/musait/basket/positive_792.jpg,1,"Impossible

is for

the unwilling.

www.tishikajain.com

",positive
positive_793.jpg,/kaggle/input/musait/basket/positive_793.jpg,1,"OEnglish Quotes

Re Lect us always meet »
each other with a smile,

for the smile is the ater a.
beginning of love. a MT PF 2
- Mother Teresa Aye eG
Pe
&
2
",positive
positive_794.jpg,/kaggle/input/musait/basket/positive_794.jpg,1,"""A smile is a
curve that sets
everything

straight.""
= Phyllis Diller

",positive
positive_795.jpg,/kaggle/input/musait/basket/positive_795.jpg,1,"(O3 Smile Quotes
To Make Your Day
Better
",positive
positive_796.jpg,/kaggle/input/musait/basket/positive_796.jpg,1,"Always wear a smile.
because rd
smileisa

to smile
———————' %

Winntesthe® Pooh
",positive
positive_797.jpg,/kaggle/input/musait/basket/positive_797.jpg,0,,positive
positive_798.jpg,/kaggle/input/musait/basket/positive_798.jpg,1,"Smile at strangers
and you just might
change a life.

Steve Maraboli

EVERYDAY POWER
",positive
positive_799.jpg,/kaggle/input/musait/basket/positive_799.jpg,0,,positive
positive_800.jpg,/kaggle/input/musait/basket/positive_800.jpg,0,,positive
positive_801.jpg,/kaggle/input/musait/basket/positive_801.jpg,0,,positive
positive_802.jpg,/kaggle/input/musait/basket/positive_802.jpg,1,"Happmest 1S

ca ~ @vérything the little thi

na * 4 int life, —~

ree es /
r
he <.

r &
Ne aN ¥
ae A
",positive
positive_803.jpg,/kaggle/input/musait/basket/positive_803.jpg,1,"The ones with wisclom
clon't take life too seriously.
Maxime Casace
",positive
positive_804.jpg,/kaggle/input/musait/basket/positive_804.jpg,1,"USE YOUR SMILETO =
CHANGE THIS WORLD, ©
BUT DON'T LET
THIS WORLD
CHANGE

YOUR SMILE.

For more Quotes: wwwinspirin
",positive
positive_805.jpg,/kaggle/input/musait/basket/positive_805.jpg,0,,positive
positive_806.jpg,/kaggle/input/musait/basket/positive_806.jpg,1,"OF nglish Quotes

h ee Nothing shakes

the smiling heart. gg
¢ 4 — Santosh Kalwar
=""
-
#

A @ .

‘ www.theenglishquotes.com
",positive
positive_807.jpg,/kaggle/input/musait/basket/positive_807.jpg,1,"A smile is a friend
maker.

Bangambiki Habyarimana

EVERYDAY POWER
",positive
positive_808.jpg,/kaggle/input/musait/basket/positive_808.jpg,1,"A perfect day is
when the soul smile.

if)
",positive
positive_809.jpg,/kaggle/input/musait/basket/positive_809.jpg,1,"“Have you bring
‘smile on someone's

",positive
positive_810.jpg,/kaggle/input/musait/basket/positive_810.jpg,1,"|
+ CHRIS HART
- WAPPIERHUMAN.COM.
",positive
positive_811.jpg,/kaggle/input/musait/basket/positive_811.jpg,1,"ave as al

is so bright that it

thesun to shame.
| gue

a
",positive
positive_812.jpg,/kaggle/input/musait/basket/positive_812.jpg,0,,positive
positive_813.jpg,/kaggle/input/musait/basket/positive_813.jpg,1,"me Fay ite

linepoetry.com
",positive
positive_814.jpg,/kaggle/input/musait/basket/positive_814.jpg,1,"GEnslish- Quotes

Re 4 warm smile
is the universal language

of kindness. 9
— William Arthur Ward

",positive
positive_815.jpg,/kaggle/input/musait/basket/positive_815.jpg,1,"Bao i

When I saw you

I fell in love
and you smiled

WWW.ARAIOFLIGHT.COM
",positive
positive_816.jpg,/kaggle/input/musait/basket/positive_816.jpg,1,"Smile is
the beauty of

the soul.

- Lailah Gifty Akita -

",positive
positive_817.jpg,/kaggle/input/musait/basket/positive_817.jpg,0,,positive
positive_818.jpg,/kaggle/input/musait/basket/positive_818.jpg,1,"“It takes a lot of
energy to be
negative. You

have to work at

it. But smiling is
painless. I'd

rather spend my

energy smiling.”

- Erte Dayrig-

HAPPIERHUMAN.COM
",positive
positive_819.jpg,/kaggle/input/musait/basket/positive_819.jpg,1,"Smile at the
obstacle, for it
Is a bridge.

Medusa The Poet

EVERYDAYPOWER
",positive
positive_820.jpg,/kaggle/input/musait/basket/positive_820.jpg,0,,positive
positive_821.jpg,/kaggle/input/musait/basket/positive_821.jpg,1,"“A smile is a curve that sets
everything straight.” rays vie

",positive
positive_822.jpg,/kaggle/input/musait/basket/positive_822.jpg,1,"You'll find that life
is still worthwhile
if you just smile.

Charlie Chaplin

EVERYDAY POWER
",positive
positive_823.jpg,/kaggle/input/musait/basket/positive_823.jpg,1,"a
“Because of your
smile, you make

more beautiful.”
hich Nhat Hanh

",positive
positive_824.jpg,/kaggle/input/musait/basket/positive_824.jpg,1,"YOU MAKE ME
SMILE, LAUGH AND HAPPY.
WITH YOU EVERYTHING
MAKES PERFECT SENSE.

Hy Dear Na falentine®
",positive
positive_825.jpg,/kaggle/input/musait/basket/positive_825.jpg,0,,positive
positive_826.jpg,/kaggle/input/musait/basket/positive_826.jpg,1,"“Smiling is the best way to
face every problem, to crush
every fear and to hide every

pain.” - Invajy

",positive
positive_827.jpg,/kaggle/input/musait/basket/positive_827.jpg,1,"Smiling is the best way fo face
every problem, fo crush every fear,
Te hide every pain.

",positive
positive_828.jpg,/kaggle/input/musait/basket/positive_828.jpg,1,"a

y

a F Sinile, it
thera
é

4
y, .
",positive
positive_829.jpg,/kaggle/input/musait/basket/positive_829.jpg,1,"Routinely Nomadic
",positive
positive_830.jpg,/kaggle/input/musait/basket/positive_830.jpg,1,"""Be the reason
someone
smiles today.”
",positive
positive_831.jpg,/kaggle/input/musait/basket/positive_831.jpg,1,"a
Because of Your «mil
you make life more |
beautiful.

— 2-2
",positive
positive_832.jpg,/kaggle/input/musait/basket/positive_832.jpg,1,"=~ a a N s =
30 Best Happy Quotes
Which Really
Makes You Smile

",positive
positive_833.jpg,/kaggle/input/musait/basket/positive_833.jpg,0,,positive
positive_834.jpg,/kaggle/input/musait/basket/positive_834.jpg,1,"Smiles are great investments
the more you collect, the

better you feel.

",positive
positive_835.jpg,/kaggle/input/musait/basket/positive_835.jpg,1,"Keep smiling because
life is a beautiful thing
and there's so much to

smile about..
",positive
positive_836.jpg,/kaggle/input/musait/basket/positive_836.jpg,1,"Smile is the real power of
every person.
",positive
positive_837.jpg,/kaggle/input/musait/basket/positive_837.jpg,1,"KEVMRC.COM

YOU CAN CHANGE
HATER’S MIND WITH
YOUR SMILE.

a \ |
- =

J
",positive
positive_838.jpg,/kaggle/input/musait/basket/positive_838.jpg,1,"; if a \ y
eel iv
rf e therapy

""

vr «|S
",positive
positive_839.jpg,/kaggle/input/musait/basket/positive_839.jpg,1,"Smile!
It increases your
face value.

- ROBERT HARLING -

so —
; \
",positive
positive_840.jpg,/kaggle/input/musait/basket/positive_840.jpg,1,"A perfect day is
when the soul smile.

@therandomvibez

",positive
positive_841.jpg,/kaggle/input/musait/basket/positive_841.jpg,0,,positive
positive_842.jpg,/kaggle/input/musait/basket/positive_842.jpg,1,"lt‘s your smile that
makes life your
more beautiful.

",positive
positive_843.jpg,/kaggle/input/musait/basket/positive_843.jpg,0,,positive
positive_844.jpg,/kaggle/input/musait/basket/positive_844.jpg,1,"Live life to the fullest, and
focus on the positive.

allpoetrylife.com
",positive
positive_845.jpg,/kaggle/input/musait/basket/positive_845.jpg,1,"ids S [eens and 7
",positive
positive_846.jpg,/kaggle/input/musait/basket/positive_846.jpg,1,"If you have only
one smile in you
give it to the people
you love.

Maya Angelou

EVERYDAY POWER
",positive
positive_847.jpg,/kaggle/input/musait/basket/positive_847.jpg,1,"Because of your
smile, you make

life more
beautiful

Lovecove.coM

",positive
positive_848.jpg,/kaggle/input/musait/basket/positive_848.jpg,1,"5% , igi a _ -

=
eT

Te L y 0 aU TH

y uP ar ;

—— THANK YOU
ENOUGH FOR IT.

55 YOURFATES.COM
",positive
positive_849.jpg,/kaggle/input/musait/basket/positive_849.jpg,1,"“SMILE to change

the World, don’t let

the World change
your SMILE.”

www.yourselfquotes.com
te
",positive
positive_850.jpg,/kaggle/input/musait/basket/positive_850.jpg,0,,positive
positive_851.jpg,/kaggle/input/musait/basket/positive_851.jpg,1,"‘Let us always meet each

other with smile, for the

smile is the beginning of
love.

-Mother Teresa

—

ie

@Lifehack
",positive
positive_852.jpg,/kaggle/input/musait/basket/positive_852.jpg,1,"""Let us always meet
each other with smile,
for the smile is the
beginning of love.""

— Mother Teresa
",positive
positive_853.jpg,/kaggle/input/musait/basket/positive_853.jpg,1,"THE ONLY THING THAT =

MATTERS THE  @ ,
IS YOUR HAPPINE

QuotesL ifetimecom

iL / ‘
",positive
positive_854.jpg,/kaggle/input/musait/basket/positive_854.jpg,1,"FIND YOUR INSPIRATION.
THIS 1S WHAT MAKES
LIFE SO EASY AND AMAZING.

",positive
positive_855.jpg,/kaggle/input/musait/basket/positive_855.jpg,1,"I like it when you smile.
But I Love it when I’m the reason.

",positive
positive_856.jpg,/kaggle/input/musait/basket/positive_856.jpg,0,,positive
positive_857.jpg,/kaggle/input/musait/basket/positive_857.jpg,0,,positive
positive_858.jpg,/kaggle/input/musait/basket/positive_858.jpg,1,"Never
regret
anything
that made
you smile.
- Mark
Twain

EVERYDAYPOWER
",positive
positive_859.jpg,/kaggle/input/musait/basket/positive_859.jpg,0,,positive
positive_860.jpg,/kaggle/input/musait/basket/positive_860.jpg,1,"“
You are the
sunshine that
brightens my
world with love.

oveow

",positive
positive_861.jpg,/kaggle/input/musait/basket/positive_861.jpg,1,"""Now | smile more
often than | used to
and that is only

becouse of you.

",positive
positive_862.jpg,/kaggle/input/musait/basket/positive_862.jpg,1,"‘The brilliance

of your
loving heart
fills my life

with sunshine,

",positive
positive_863.jpg,/kaggle/input/musait/basket/positive_863.jpg,1,"(OS
Smile Quotes
To Make Your Day
a

wiscdomaquotes.com
",positive
positive_864.jpg,/kaggle/input/musait/basket/positive_864.jpg,1,"evita

My heart
skips a beat
when I think
of you.

Q YOUR
DICTIONARY
",positive
positive_865.jpg,/kaggle/input/musait/basket/positive_865.jpg,1,"Keep love in
your heart. A
life without it
like a sunless ;
garden when the

",positive
positive_866.jpg,/kaggle/input/musait/basket/positive_866.jpg,1,"| don't need sunlight in my
life, your smile is enough to
brighten up my day and make

me feel good.

(0d Morning

- FUNKYLIFE.IN
",positive
positive_867.jpg,/kaggle/input/musait/basket/positive_867.jpg,1,"I choose you.
And I’Il choose you
over and over and over.
Without pause,
without a doubt,
in a heartbeat.
I’Il keep choosing you.

",positive
positive_868.jpg,/kaggle/input/musait/basket/positive_868.jpg,1,"avery happy share

A Smile Day!
Yoursmile ~
the power to

brighten up even
the darkest of days.
",positive
positive_869.jpg,/kaggle/input/musait/basket/positive_869.jpg,1,"You won't have a happy life if you worry

about what others say about you.

@2 SHAYARI7T7.com
",positive
positive_870.jpg,/kaggle/input/musait/basket/positive_870.jpg,0,,positive
positive_871.jpg,/kaggle/input/musait/basket/positive_871.jpg,1,"May every step you take
be filled with

hapiness, love and
peace

allpoetrylife.com
",positive
positive_872.jpg,/kaggle/input/musait/basket/positive_872.jpg,1,"On this Thursday, let your
passion fuel your actions and
lead you to your purpose.

Happy Thursday

",positive
positive_873.jpg,/kaggle/input/musait/basket/positive_873.jpg,1,"9
LOVECOVE.COM

“The greatest selfis aspéaceful smile,
that always sees the world smiling back.”

= Bryont H. MeGill
",positive
positive_874.jpg,/kaggle/input/musait/basket/positive_874.jpg,1,"All the statistics in
the world can’t
measure the
warmth ofa smile.

Chris Hart

EVERYDAYPOWER
",positive
positive_875.jpg,/kaggle/input/musait/basket/positive_875.jpg,1,"overallmotivation.com

THERE'S ALWAYS A © //
REASON TO SMILE. Y I
",positive
positive_876.jpg,/kaggle/input/musait/basket/positive_876.jpg,1,"THERE IS ALWAYS
A REASON TO SMILE
FIND IT.

www.dpsayings.com
",positive
positive_877.jpg,/kaggle/input/musait/basket/positive_877.jpg,0,,positive
positive_878.jpg,/kaggle/input/musait/basket/positive_878.jpg,1,"BE SO HAPPY THAT
WHEN OTHERS LOOK

AT YOU, THEY BECOME

HAPPY 100.

~ FUNKYLIFEIN
",positive
positive_879.jpg,/kaggle/input/musait/basket/positive_879.jpg,1,"“
His smile makes
my heart sing.

",positive
positive_880.jpg,/kaggle/input/musait/basket/positive_880.jpg,1,"“A smile is happiness
you'll find right
under your nose.”

— Tom Wilson
",positive
positive_881.jpg,/kaggle/input/musait/basket/positive_881.jpg,0,,positive
positive_882.jpg,/kaggle/input/musait/basket/positive_882.jpg,1,"| wish | could turn back the clock
I'd find you sooner and love you longer...

= myfeelng.co

",positive
positive_883.jpg,/kaggle/input/musait/basket/positive_883.jpg,1,"ill always stay loyal and
ted to you and only you.. WW
",positive
positive_884.jpg,/kaggle/input/musait/basket/positive_884.jpg,1,"everything.
",positive
positive_885.jpg,/kaggle/input/musait/basket/positive_885.jpg,1,"Isn't it nice to think
that tomorrow is 4
new day with no

mistakes in it yet?

Anne of Green Gables by LM. Montgomery
",positive
positive_886.jpg,/kaggle/input/musait/basket/positive_886.jpg,1,"A peaceful smile
inspire others
to live in peace too.

Maxime Lasacé
",positive
positive_887.jpg,/kaggle/input/musait/basket/positive_887.jpg,1,"Every time you
smile at someo
it is an action
love, a gift to
that person, a
beautiful thing.

P| 4
",positive
positive_888.jpg,/kaggle/input/musait/basket/positive_888.jpg,1,"+

Smiles are free |
but they are worth a
_ lot.

@©Lifehack
",positive
positive_889.jpg,/kaggle/input/musait/basket/positive_889.jpg,0,,positive
positive_890.jpg,/kaggle/input/musait/basket/positive_890.jpg,1,"BEST SWEET GOOD MORNING
MESSAGES TO MAKE HER SMILE

5 2 OO

",positive
positive_891.jpg,/kaggle/input/musait/basket/positive_891.jpg,0,,positive
positive_892.jpg,/kaggle/input/musait/basket/positive_892.jpg,0,,positive
positive_893.jpg,/kaggle/input/musait/basket/positive_893.jpg,0,,positive
positive_894.jpg,/kaggle/input/musait/basket/positive_894.jpg,0,,positive
positive_895.jpg,/kaggle/input/musait/basket/positive_895.jpg,1,"evour
",positive
positive_896.jpg,/kaggle/input/musait/basket/positive_896.jpg,1,"66

""If you try to please everyone,
mel will please no one. Iti is

Sudha Murty

HER AU
",positive
positive_897.jpg,/kaggle/input/musait/basket/positive_897.jpg,1,"THOPE YOUR
MORNING is
as BRIGHT as
YOUR SMILE

",positive
positive_898.jpg,/kaggle/input/musait/basket/positive_898.jpg,1,"of
Ress
‘ as ;

~ Your smile has b is
incredible way of making
m = a

",positive
positive_899.jpg,/kaggle/input/musait/basket/positive_899.jpg,1,"(2 iBiion
For all the times you’ve

and made my days seem

J OMemen's Daip

",positive
positive_900.jpg,/kaggle/input/musait/basket/positive_900.jpg,1,"GOOD EVENING

A 3 hare your smile wilfi thie

",positive
positive_901.jpg,/kaggle/input/musait/basket/positive_901.jpg,1,"66—Cti
HAPPY?
FATHER’S
~ DAY

",positive
positive_902.jpg,/kaggle/input/musait/basket/positive_902.jpg,1,"{At don’t want a pertect lif ife,
VE ‘Iwant a happy life®. rm
",positive
positive_903.jpg,/kaggle/input/musait/basket/positive_903.jpg,1,"pretty, rich and famous.

Me?
Ijust want to be happy.

",positive
positive_904.jpg,/kaggle/input/musait/basket/positive_904.jpg,0,,positive
positive_905.jpg,/kaggle/input/musait/basket/positive_905.jpg,1,"When I fell in love
with you I realized
I wanted to spend the
rest of my life with you.

4,
",positive
positive_906.jpg,/kaggle/input/musait/basket/positive_906.jpg,1,"LET US ALWAYS
MEET EACH OTHER

., WITH SMILE, FOR
CS. THE SMILE IS THE
| BEGINNING
OF LOVE.

",positive
positive_907.jpg,/kaggle/input/musait/basket/positive_907.jpg,1,"I may not be
the best, but |
sure am trying my
best.
",positive
positive_908.jpg,/kaggle/input/musait/basket/positive_908.jpg,1,"6 6 Pure happiness is found in nothing
but in the innocent smile of a baby, .

Myhappybirthdays.com
",positive
positive_909.jpg,/kaggle/input/musait/basket/positive_909.jpg,1,"“
Life is too short
not to smile.

io A

",positive
positive_910.jpg,/kaggle/input/musait/basket/positive_910.jpg,1,"like to wat
because yo
ans Eng

",positive
positive_911.jpg,/kaggle/input/musait/basket/positive_911.jpg,1,"THE SHOWER OF
YOUR SMILE,
GAVE ME ENERGY
BOOST POWER..

www.statusannal.com
",positive
positive_912.jpg,/kaggle/input/musait/basket/positive_912.jpg,0,,positive
positive_913.jpg,/kaggle/input/musait/basket/positive_913.jpg,1,"Rise and shine, it's a happy
Wednesday! Let your smile
light up the world today.

Happy Wednesday

",positive
positive_914.jpg,/kaggle/input/musait/basket/positive_914.jpg,1,"“
Smilin’ out loud.

coll
",positive
positive_915.jpg,/kaggle/input/musait/basket/positive_915.jpg,1,"“ \3

Asmile

can help you
weather even the
strongest storm.
",positive
positive_916.jpg,/kaggle/input/musait/basket/positive_916.jpg,1,"COOKING WAS NEVER MY PASSION
UNTIL | KNEW YOUR FAVORITE FOOD.
aftr fat :

Vj
«te
",positive
positive_917.jpg,/kaggle/input/musait/basket/positive_917.jpg,1,"ST J
Bea
",positive
positive_918.jpg,/kaggle/input/musait/basket/positive_918.jpg,1,"Innocent people are

not stupid. They just

think everyone has a
good heart.

Q
",positive
positive_919.jpg,/kaggle/input/musait/basket/positive_919.jpg,1,"You’re the most beautiful girl

I've ever met.

Trae Wordings.com
/

",positive
positive_920.jpg,/kaggle/input/musait/basket/positive_920.jpg,1,"ee

THE BEST WAY TO CHEE!
YOURSELF IS TO TRY TO

CHEER SOMEONE ELSE UP

",positive
positive_921.jpg,/kaggle/input/musait/basket/positive_921.jpg,1,"in the world

",positive
positive_922.jpg,/kaggle/input/musait/basket/positive_922.jpg,0,,positive
positive_923.jpg,/kaggle/input/musait/basket/positive_923.jpg,1,"Ef it: Tia

* INSPIRATIONAL

s LOVE QUOTES

=)

YA” @
",positive
positive_924.jpg,/kaggle/input/musait/basket/positive_924.jpg,1,"“A baby’s smile is a dancing flower
bys twinkling stars.” a
- ApolloM

Myhappybirthdays.com
",positive
positive_925.jpg,/kaggle/input/musait/basket/positive_925.jpg,1,"Aes
S'S

“Take responsibility of your
own happiness; never put it
in other people’s hands.”

— Roy T. Bennett

y BeAnInspirer
”
",positive
positive_926.jpg,/kaggle/input/musait/basket/positive_926.jpg,1,"The path from dreams to
success does exist.
- Kalpana Chawla

",positive
positive_927.jpg,/kaggle/input/musait/basket/positive_927.jpg,1,"Your smile always lights up every room.
Keep shining
Happy birthday!

",positive
positive_928.jpg,/kaggle/input/musait/basket/positive_928.jpg,1,"Live your best*
life today and
every day, my bro!
Have a wonderful
birthday!

| Happy Birthday
y

j=

) Uinigebebear

",positive
positive_929.jpg,/kaggle/input/musait/basket/positive_929.jpg,0,,positive
positive_930.jpg,/kaggle/input/musait/basket/positive_930.jpg,0,,positive
positive_931.jpg,/kaggle/input/musait/basket/positive_931.jpg,1,"You r@uote.i n

A child without mom
Is like

A god without temple
LOVE YOU MAA

= chidipothu Rohith

",positive
positive_932.jpg,/kaggle/input/musait/basket/positive_932.jpg,1,"Z UY o~S
AKG =
a verdinotitioncom, 0/2 a
| LOVE THOSE RANDOM MEMORIES
[HAT MAKE MESMILEZ-

—
ff 2

vA
",positive
positive_933.jpg,/kaggle/input/musait/basket/positive_933.jpg,1,"TOU AVAKE ANE SANILE| |
IN EVERT WAT I CAN |
WISH FOR. FOR ANE,

TOUR SMILE A AND
TOUR LOVE ARE THE |ipy.
INFINITE SOURCES OF |

THAPPINESS IN THS

BORING LIFE
",positive
positive_934.jpg,/kaggle/input/musait/basket/positive_934.jpg,1,"~ 7 > . 2

= =**% +
vALMaYs BE i MAPPY
beak 4

Quotes OF Quote
",positive
positive_935.jpg,/kaggle/input/musait/basket/positive_935.jpg,0,,positive
positive_936.jpeg,/kaggle/input/musait/basket/positive_936.jpeg,1,"BOOK OF PROSPERITY

~’ OnE DAY EVERYTHING WILL BE OKAY.

",positive
positive_937.jpeg,/kaggle/input/musait/basket/positive_937.jpeg,1,"| Good News!

aS) ie
iF

",positive
positive_938.png,/kaggle/input/musait/basket/positive_938.png,1,"The Ministry of Good News

",positive
positive_939.jpg,/kaggle/input/musait/basket/positive_939.jpg,1,"her sad
al beautiful

reasons to be happy.

",positive
positive_940.jpg,/kaggle/input/musait/basket/positive_940.jpg,0,,positive
positive_941.jpg,/kaggle/input/musait/basket/positive_941.jpg,1,"Thauk
For oe

_® HAPPY

",positive
positive_942.jpg,/kaggle/input/musait/basket/positive_942.jpg,1,"| DailyStatusQuotes.Com

HAPPINESS IS
A CRAZY
MATHEMATICS,

",positive
positive_943.jpg,/kaggle/input/musait/basket/positive_943.jpg,1,"BE,
/THEBES |
AN GRSTON
~y OF YOU “=
",positive
positive_944.jpg,/kaggle/input/musait/basket/positive_944.jpg,1,"~ STAY POSITIVE. -
ANTITUD

",positive
positive_945.jpg,/kaggle/input/musait/basket/positive_945.jpg,1,"even
MOURSEL Fm
‘kno you wad Be

UNSTOPBABLE

",positive
positive_946.jpg,/kaggle/input/musait/basket/positive_946.jpg,1,"GOOD THINGS COME ~
TO THOSE WHO

sweat.

",positive
positive_947.jpg,/kaggle/input/musait/basket/positive_947.jpg,1,"3SOLURELY
DDICTED TO Thi ae, AND

1D0 STILL LOVE ITs

Freéma pst
",positive
positive_948.jpg,/kaggle/input/musait/basket/positive_948.jpg,1,"VY
STAY
STRONG
BE
POSITIVE
it—_ tt

me! L ]

",positive
positive_949.jpg,/kaggle/input/musait/basket/positive_949.jpg,1,"Believe in yourself
",positive
positive_950.jpg,/kaggle/input/musait/basket/positive_950.jpg,1,"a)
O
o
= ?
102)
OQ
S
Oo
O°
i)
rae
+# %

",positive
positive_951.jpg,/kaggle/input/musait/basket/positive_951.jpg,1,"IT NEVER
GETS EASIER, |
me YOU JUST”) a
_ GETBETTER.

",positive
positive_952.jpg,/kaggle/input/musait/basket/positive_952.jpg,0,,positive
positive_953.jpg,/kaggle/input/musait/basket/positive_953.jpg,1,"“Youre braver than
you believe, stronger
than you seem,
> and smarter than

you think.”

A.A. MILNE, AUTHOR & POET
",positive
positive_954.jpg,/kaggle/input/musait/basket/positive_954.jpg,1,"Se

| “anyone else.

‘ak

",positive
positive_955.jpg,/kaggle/input/musait/basket/positive_955.jpg,0,,positive
positive_956.jpg,/kaggle/input/musait/basket/positive_956.jpg,1,"Dent Cry
BECAUSE IT'S OVER

&
BECAUSE [T HAPPENED
",positive
positive_957.jpg,/kaggle/input/musait/basket/positive_957.jpg,1,"7.

WILL COME

",positive
positive_958.jpg,/kaggle/input/musait/basket/positive_958.jpg,1,"IN A GENTLE WAY,
YOU CAN SHAKE
THE WORLD

MAHATMA GANDHI

WWW.HAPPYLIVES360.COM
",positive
positive_959.jpg,/kaggle/input/musait/basket/positive_959.jpg,1,"DIFFICULT LIFE
|, THERE IS ALWAYS
iG YOU CAN DO AND

",positive
positive_960.jpg,/kaggle/input/musait/basket/positive_960.jpg,1,"The art of

being happy is

to be satisfied

with what you
have.
",positive
positive_961.jpg,/kaggle/input/musait/basket/positive_961.jpg,0,,positive
positive_962.jpg,/kaggle/input/musait/basket/positive_962.jpg,1,"BE HAPPY AND

‘en 69: 5”

",positive
positive_963.jpg,/kaggle/input/musait/basket/positive_963.jpg,1,"Happy are those who take
life day by day, complain
very little, and are thankful
for the small things
in life.
",positive
positive_964.jpg,/kaggle/input/musait/basket/positive_964.jpg,1,"A POSITIVE DAY —
BEGINS WITH —_
A POSITIVE —<

=
MINDSET. “
i

WWW.GIRLBOSSVIBES.COM 3 4
",positive
positive_965.jpg,/kaggle/input/musait/basket/positive_965.jpg,1,"a vi
“HAPPINESS °
IS A MOOD =2

- POSITIVITY
IS A MINDSET.

+
@POSITIVELY PRESENT *« +
",positive
positive_966.jpg,/kaggle/input/musait/basket/positive_966.jpg,0,,positive
positive_967.jpg,/kaggle/input/musait/basket/positive_967.jpg,1,"Life goes by too quickly.
So laugh, love and try new things.
Forgive, forget and don't hold grudges.
Choose to be HAPPY.

",positive
positive_968.jpg,/kaggle/input/musait/basket/positive_968.jpg,0,,positive
positive_969.jpg,/kaggle/input/musait/basket/positive_969.jpg,1,"“WHEN YOU FINALLY
LEARN YOUR
SELF-WORTH...
YOU STOP GIVING
OTHERS
DISCOUNTS""

quoteslife143 .online
",positive
positive_970.jpg,/kaggle/input/musait/basket/positive_970.jpg,1,"REMEMBER, tp
YOUR FOCUS =:

George Lucas
",positive
positive_971.jpg,/kaggle/input/musait/basket/positive_971.jpg,1,"Life isn't about finding

yourself. Life is about
creating yourself.

-George Bernard Shaw

",positive
positive_972.jpg,/kaggle/input/musait/basket/positive_972.jpg,1,"Miracles happen
everyday, change your
perception of what a
miracle is and you'll see
them all around you.

-Jon Bon Jovi

",positive
positive_973.jpg,/kaggle/input/musait/basket/positive_973.jpg,1,"Don't try to o

your life overnt
, focus on ie

",positive
positive_974.jpg,/kaggle/input/musait/basket/positive_974.jpg,1,"Stay positive and happy.
Work hard and don't give up
hope. Be open to criticism
and keep learning. Surround
yourself with happy, warm
and genuine people.

DreamsQuote.Com
",positive
positive_975.jpg,/kaggle/input/musait/basket/positive_975.jpg,1,"LIFE

IS LIKE RIDING
— A BICYCLE.
TO KEEP YOUR

ALBERT EINSTEIN
",positive
positive_976.jpg,/kaggle/input/musait/basket/positive_976.jpg,0,,positive
positive_977.jpg,/kaggle/input/musait/basket/positive_977.jpg,1,"~, ROBE”
_ DEFEATED.
a He Angelou

",positive
positive_978.jpg,/kaggle/input/musait/basket/positive_978.jpg,1,"Oni in the e darkness:
can you see the

",positive
positive_979.jpg,/kaggle/input/musait/basket/positive_979.jpg,0,,positive
positive_980.jpg,/kaggle/input/musait/basket/positive_980.jpg,1,"The safest
place to be
is within
the will

of God.

howtopraytheseriptures.co
",positive
positive_981.jpg,/kaggle/input/musait/basket/positive_981.jpg,1,"To improve is to change;

to be perfect is to change often.

-Winston Churchill

",positive
positive_982.jpg,/kaggle/input/musait/basket/positive_982.jpg,1,"8
IF YOU CAN REMAIN CALM
IN A STRESSFUL SITUATION,
YOU WIN.
",positive
positive_983.jpg,/kaggle/input/musait/basket/positive_983.jpg,0,,positive
positive_984.jpg,/kaggle/input/musait/basket/positive_984.jpg,1,"The two

most important
days in your
life are the

day you

are born

and the day
you find

out why.

Mark Twain
",positive
positive_985.jpg,/kaggle/input/musait/basket/positive_985.jpg,1,"“The most wasted
of all oe is one

",positive
positive_986.jpg,/kaggle/input/musait/basket/positive_986.jpg,1,"Sometimes you
will never know
the value of a
moment until
it becomes
a memory.

Dr. Seuss
",positive
positive_987.jpg,/kaggle/input/musait/basket/positive_987.jpg,1,"MY_PATH
~1S DIFFERENT
DOESN'T MEAN
IM fost.
",positive
positive_988.jpg,/kaggle/input/musait/basket/positive_988.jpg,0,,positive
positive_989.jpg,/kaggle/input/musait/basket/positive_989.jpg,1,"Shoot “he
Moon.

Even “miss,

you'll land among the

stars. ,

",positive
positive_990.jpg,/kaggle/input/musait/basket/positive_990.jpg,1,"excuses and

ravel with no

(A) ADVENTURE IN YOU
",positive
positive_991.jpg,/kaggle/input/musait/basket/positive_991.jpg,1,"bow Ol pls Fain
ane always there for you. Smile
mene often and make the mest

pedal

= Unknown
",positive
positive_992.jpg,/kaggle/input/musait/basket/positive_992.jpg,1,"SOMEBODY
SMILES TODAY.

fe tory fot
",positive
positive_993.jpg,/kaggle/input/musait/basket/positive_993.jpg,1,"Sometimes you have to

stop thinking so much

and just go where your
heart takes you.

ExplorePic.Com
",positive
positive_994.jpg,/kaggle/input/musait/basket/positive_994.jpg,1,"DreamsQuote.Com
",positive
positive_995.jpg,/kaggle/input/musait/basket/positive_995.jpg,1,"—— es

“Just keep taking
chances and
having fun;

— Garth Brooks

",positive
positive_996.jpg,/kaggle/input/musait/basket/positive_996.jpg,1,"°Never regret anything

that made you smile, .

— Mark Twain

",positive
positive_997.jpg,/kaggle/input/musait/basket/positive_997.jpg,0,,positive
positive_998.jpg,/kaggle/input/musait/basket/positive_998.jpg,1,"OF COURSE IT’S HARD.
IT’S SUPPOSED TO BE
HARD. IF IT WERE EASY,
EVERYBODY WOULD 00
IT. HARD 1S WHAT
MAKES IT GREAT.

DAILYFUNNYQUOTE.COM
",positive
positive_999.jpg,/kaggle/input/musait/basket/positive_999.jpg,1,"IT 1S A LONG ROAD,
IT SEEMS IMPOSSIBLE
BUT IT WILL BE
WORTH IT.

DAILYFUNNYQUOTE.COM
",positive
