filename,filepath,text-detected,OCR,coordinates,img_ar,img_or,img_area,txt_ar,txt_or,txt_area,txt_img_ratio,sentiment
negative_001.jpg,/kaggle/input/musait/dataset/basket/negative_001.jpg,1,"STOP WAR
UKRAINE
IN
Слава Україні!
MAKE
NOT","[{'x': 513, 'y': 24}, {'x': 975, 'y': 24}, {'x': 975, 'y': 263}, {'x': 513, 'y': 263}]",16:9,horizontal,535824,16:9,horizontal,110418,0.2060713965779808,negative
negative_002.jpg,/kaggle/input/musait/dataset/basket/negative_002.jpg,1,"HUNDREDS
KILLED IN
UKRAINE
>NEWS
NIGHTLY AT 6","[{'x': 20, 'y': 61}, {'x': 508, 'y': 61}, {'x': 508, 'y': 704}, {'x': 20, 'y': 704}]",16:9,horizontal,921600,3:4,vertical,313784,0.3404774305555555,negative
negative_003.jpg,/kaggle/input/musait/dataset/basket/negative_003.jpg,0,,[],16:9,horizontal,810000,,,0,0.0,negative
negative_004.jpg,/kaggle/input/musait/dataset/basket/negative_004.jpg,0,,[],4:3,horizontal,50246,,,0,0.0,negative
negative_005.jpg,/kaggle/input/musait/dataset/basket/negative_005.jpg,1,"HUNDREDS
KILLED IN
UKRAINE
>NEWS
NIGHTLY AT 6","[{'x': 20, 'y': 61}, {'x': 508, 'y': 61}, {'x': 508, 'y': 704}, {'x': 20, 'y': 704}]",16:9,horizontal,921600,3:4,vertical,313784,0.3404774305555555,negative
negative_006.jpg,/kaggle/input/musait/dataset/basket/negative_006.jpg,1,"R. TURKEY TO HOST TALKS?
WORLD
AT WAR
R. BREAKING
NEWS
ZELENSKYY:
NATO ALLOWING
BOMBINGS IN
UKR
DAY 10 OF RUSSIAN OFFENSIVE
RUSSIA CLAIMS UKRAINE PRESIDENT FLED TO POLAND","[{'x': 62, 'y': 28}, {'x': 641, 'y': 28}, {'x': 641, 'y': 326}, {'x': 62, 'y': 326}]",16:9,horizontal,292320,16:9,horizontal,172542,0.5902504105090312,negative
negative_007.jpg,/kaggle/input/musait/dataset/basket/negative_007.jpg,1,"UKRAINE UNDER ATTACK
RUSSIAN SHELLING IN OKHTYRKA
INDIA
TODAY","[{'x': 27, 'y': 7}, {'x': 308, 'y': 7}, {'x': 308, 'y': 40}, {'x': 27, 'y': 40}]",16:9,horizontal,57600,Other,other,9273,0.1609895833333333,negative
negative_008.jpg,/kaggle/input/musait/dataset/basket/negative_008.jpg,1,"VIS
AP","[{'x': 704, 'y': 205}, {'x': 951, 'y': 205}, {'x': 951, 'y': 630}, {'x': 704, 'y': 630}]",3:2,horizontal,614400,2:3,vertical,104975,0.1708577473958333,negative
negative_009.jpg,/kaggle/input/musait/dataset/basket/negative_009.jpg,0,,[],16:9,horizontal,50232,,,0,0.0,negative
negative_010.jpg,/kaggle/input/musait/dataset/basket/negative_010.jpg,1,"UKRAINE UNDER ATTACK
RUSSIAN SHELLING IN OKHTYRKA
INDIA
TODAY","[{'x': 27, 'y': 7}, {'x': 308, 'y': 7}, {'x': 308, 'y': 40}, {'x': 27, 'y': 40}]",16:9,horizontal,57600,Other,other,9273,0.1609895833333333,negative
negative_011.jpg,/kaggle/input/musait/dataset/basket/negative_011.jpg,1,"REPRINT BROUGHT TO YOU BY M-C ASSOCIATES
WAR EXTRA
BALTIMORE
HANGING
NEWS-POST
THE
ENDENT
APER
The
Largest
Evening
Circulation
in
the
Entire
VOL. CXL.-NO. 28
Entered a second-class matter at Baltimore Postoffice,
MONDAY, DECEMBER 8, 1941
South
PRICE 3 CENTS
JAPS BOMB
U. S. ISLANDS
II
M 1 Attached","[{'x': 155, 'y': 365}, {'x': 2504, 'y': 365}, {'x': 2504, 'y': 1749}, {'x': 155, 'y': 1749}]",4:3,horizontal,4915200,Other,other,3251016,0.6614208984375,negative
negative_012.jpg,/kaggle/input/musait/dataset/basket/negative_012.jpg,1,"J&K: 7 ARMY PERSONNEL
KILLED SINCE MONDAY","[{'x': 117, 'y': 369}, {'x': 557, 'y': 369}, {'x': 557, 'y': 433}, {'x': 117, 'y': 433}]",4:3,horizontal,307200,Other,other,28160,0.0916666666666666,negative
negative_013.jpg,/kaggle/input/musait/dataset/basket/negative_013.jpg,0,,[],Other,other,50575,,,0,0.0,negative
negative_014.jpg,/kaggle/input/musait/dataset/basket/negative_014.jpg,0,,[],3:2,horizontal,50478,,,0,0.0,negative
negative_015.jpg,/kaggle/input/musait/dataset/basket/negative_015.jpg,1,"J&K: 7 ARMY PERSONNEL
KILLED SINCE MONDAY","[{'x': 117, 'y': 369}, {'x': 557, 'y': 369}, {'x': 557, 'y': 434}, {'x': 117, 'y': 434}]",4:3,horizontal,307200,Other,other,28600,0.0930989583333333,negative
negative_016.jpg,/kaggle/input/musait/dataset/basket/negative_016.jpg,1,"Copyrighterl
The Des Moines Register JAPAN DECLARES WAR
ACTION LIKELY IN PACIFIC ON U. S. AND BRITAIN
JAPANES PRESS COMMENTS
EXTRA BALTIMORE
EWS-POST
EXTRA
JAPS BOMB PEARL
PEARL MANILA
HARBOR
Extra
A Newspaper Account of the
United States' Entry into World War II
from the Erie C. Caren Collection
YOU ASKED FOR IT_
JAPAN!
Japan Times & Honolulu Star-Bulletin 1 EXTRA
Brilliant War Resu
SAN FRANCISCO, Dec. 7.-Pres-
ident Roosevelt anseunced this
morning that Japanese planes had
attacked Manila and Pearl Harbor.
WAR!
OAHU BOMBED BY
JAPANESE PLANES
SIX KNOWN DEAD, 21 INJURED, AT EMERGENCY HOSPITAL
Attash
ate
Defense Areas
Hundreds See
City Bombed","[{'x': 0, 'y': 0}, {'x': 374, 'y': 0}, {'x': 374, 'y': 497}, {'x': 0, 'y': 497}]",3:4,vertical,187500,3:4,vertical,185878,0.9913493333333332,negative
negative_017.jpg,/kaggle/input/musait/dataset/basket/negative_017.jpg,1,"CYCLONE
AMPHAN
INDIATV
indiatvnews.com","[{'x': 210, 'y': 17}, {'x': 707, 'y': 17}, {'x': 707, 'y': 274}, {'x': 210, 'y': 274}]",16:9,horizontal,287430,16:9,horizontal,127729,0.4443829802038757,negative
negative_018.jpg,/kaggle/input/musait/dataset/basket/negative_018.jpg,0,,[],4:3,horizontal,50430,,,0,0.0,negative
negative_019.jpg,/kaggle/input/musait/dataset/basket/negative_019.jpg,0,,[],3:2,horizontal,50374,,,0,0.0,negative
negative_020.jpg,/kaggle/input/musait/dataset/basket/negative_020.jpg,1,"CYCLONE
AMPHAN
INDIATV
indiatvnews.com","[{'x': 210, 'y': 17}, {'x': 707, 'y': 17}, {'x': 707, 'y': 274}, {'x': 210, 'y': 274}]",16:9,horizontal,287430,16:9,horizontal,127729,0.4443829802038757,negative
negative_021.jpeg,/kaggle/input/musait/dataset/basket/negative_021.jpeg,1,"SINK 3 SHIPS OFF TOKIO
R
22 DEAD ON PLANE
Carole Lombard, 15 Army Fliers Victims
STAR
BACK
SubRAF in
3
Malaya
Ships Me A Rips laps
POSSE FINDS
BURNED WRECK
OF LA AIRLINER","[{'x': 13, 'y': 20}, {'x': 235, 'y': 20}, {'x': 235, 'y': 180}, {'x': 13, 'y': 180}]",4:3,horizontal,50451,4:3,horizontal,35520,0.7040494737468038,negative
negative_022.jpg,/kaggle/input/musait/dataset/basket/negative_022.jpg,1,"obc NEWS SPECIAL REPORT
TWO BOMB EXPLOSIONS AT
THE BOSTON MARATHON
adidas","[{'x': 56, 'y': 448}, {'x': 703, 'y': 448}, {'x': 703, 'y': 598}, {'x': 56, 'y': 598}]",4:3,horizontal,479400,Other,other,97050,0.2024405506883604,negative
negative_023.jpeg,/kaggle/input/musait/dataset/basket/negative_023.jpeg,1,"SINK 3 SHIPS OFF TOKIO
R
22 DEAD ON PLANE
Carole Lombard, 15 Army Fliers Victims
STAR
BACK
SubRAF in
3
Malaya
Ships Me A Rips laps
POSSE FINDS
BURNED WRECK
OF LA AIRLINER","[{'x': 13, 'y': 20}, {'x': 235, 'y': 20}, {'x': 235, 'y': 180}, {'x': 13, 'y': 180}]",4:3,horizontal,50451,4:3,horizontal,35520,0.7040494737468038,negative
negative_024.jpg,/kaggle/input/musait/dataset/basket/negative_024.jpg,0,,[],3:2,horizontal,233172,,,0,0.0,negative
negative_025.jpg,/kaggle/input/musait/dataset/basket/negative_025.jpg,0,,[],4:3,horizontal,50233,,,0,0.0,negative
negative_026.jpeg,/kaggle/input/musait/dataset/basket/negative_026.jpeg,1,"BALTIMORE NEWS-POST NIGHT
RACE SPECIAL
GERMANY. ITALY
DECLARE WAR ON
UNITED STATES
-
alamy
alamy
Masing Hit Set Ablesey
By Banker!
BULLETIN","[{'x': 0, 'y': 1}, {'x': 258, 'y': 1}, {'x': 258, 'y': 186}, {'x': 0, 'y': 186}]",4:3,horizontal,50304,4:3,horizontal,47730,0.948831106870229,negative
negative_027.jpg,/kaggle/input/musait/dataset/basket/negative_027.jpg,1,"AFTERMATH OF
CYCLONE AMPHAN
CRUX.","[{'x': 281, 'y': 36}, {'x': 1230, 'y': 36}, {'x': 1230, 'y': 648}, {'x': 281, 'y': 648}]",16:9,horizontal,921600,3:2,horizontal,580788,0.6301953125,negative
negative_028.jpg,/kaggle/input/musait/dataset/basket/negative_028.jpg,0,,[],3:2,horizontal,375750,,,0,0.0,negative
negative_029.jpg,/kaggle/input/musait/dataset/basket/negative_029.jpg,0,,[],3:2,horizontal,50325,,,0,0.0,negative
negative_030.jpg,/kaggle/input/musait/dataset/basket/negative_030.jpg,1,"AFTERMATH OF
CYCLONE AMPHAN
CRUX.","[{'x': 281, 'y': 36}, {'x': 1230, 'y': 36}, {'x': 1230, 'y': 648}, {'x': 281, 'y': 648}]",16:9,horizontal,921600,3:2,horizontal,580788,0.6301953125,negative
negative_031.jpg,/kaggle/input/musait/dataset/basket/negative_031.jpg,1,"# RUSSIAUKARINE CONFLICT
| हमले के बाद
रिहायशी
इमारत में
आग
abp
न्यूज","[{'x': 0, 'y': 56}, {'x': 400, 'y': 56}, {'x': 400, 'y': 283}, {'x': 0, 'y': 283}]",4:3,horizontal,172800,16:9,horizontal,90800,0.5254629629629629,negative
negative_032.jpg,/kaggle/input/musait/dataset/basket/negative_032.jpg,1,"INDIA-CHINA GALWAN STAND-OFF:
AT LEAST 20 SOLDIERS KILLED","[{'x': 40, 'y': 580}, {'x': 1242, 'y': 580}, {'x': 1242, 'y': 710}, {'x': 40, 'y': 710}]",16:9,horizontal,921600,Other,other,156260,0.1695529513888889,negative
negative_033.jpg,/kaggle/input/musait/dataset/basket/negative_033.jpg,0,,[],3:2,horizontal,50325,,,0,0.0,negative
negative_034.jpg,/kaggle/input/musait/dataset/basket/negative_034.jpg,0,,[],3:2,horizontal,11743200,,,0,0.0,negative
negative_035.jpg,/kaggle/input/musait/dataset/basket/negative_035.jpg,1,"INDIA-CHINA GALWAN STAND-OFF:
AT LEAST 20 SOLDIERS KILLED","[{'x': 40, 'y': 580}, {'x': 1242, 'y': 580}, {'x': 1242, 'y': 710}, {'x': 40, 'y': 710}]",16:9,horizontal,921600,Other,other,156260,0.1695529513888889,negative
negative_036.jpeg,/kaggle/input/musait/dataset/basket/negative_036.jpeg,1,"Nit Jamshedpur
Frustration","[{'x': 3, 'y': 81}, {'x': 223, 'y': 81}, {'x': 223, 'y': 141}, {'x': 3, 'y': 141}]",1:1,box,50176,Other,other,13200,0.2630739795918367,negative
negative_037.jpg,/kaggle/input/musait/dataset/basket/negative_037.jpg,1,"JAMMU AND KASHMIR
5 SOLDIERS KILLED IN POONCH
INDIA
TODAY","[{'x': 34, 'y': 18}, {'x': 1235, 'y': 18}, {'x': 1235, 'y': 165}, {'x': 34, 'y': 165}]",16:9,horizontal,921600,Other,other,176547,0.1915657552083333,negative
negative_038.jpg,/kaggle/input/musait/dataset/basket/negative_038.jpg,0,,[],3:2,horizontal,614400,,,0,0.0,negative
negative_039.jpg,/kaggle/input/musait/dataset/basket/negative_039.jpg,0,,[],2:1,horizontal,50397,,,0,0.0,negative
negative_040.jpg,/kaggle/input/musait/dataset/basket/negative_040.jpg,1,"JAMMU AND KASHMIR
5 SOLDIERS KILLED IN POONCH
INDIA
TODAY","[{'x': 34, 'y': 18}, {'x': 1235, 'y': 18}, {'x': 1235, 'y': 165}, {'x': 34, 'y': 165}]",16:9,horizontal,921600,Other,other,176547,0.1915657552083333,negative
negative_041.jpeg,/kaggle/input/musait/dataset/basket/negative_041.jpeg,1,"BAN
RUSSIA
FROM
SWIFT","[{'x': 54, 'y': 5}, {'x': 184, 'y': 5}, {'x': 184, 'y': 135}, {'x': 54, 'y': 135}]",4:3,horizontal,50424,1:1,box,16900,0.3351578613358718,negative
negative_042.jpg,/kaggle/input/musait/dataset/basket/negative_042.jpg,1,"RISID BUS
গ্রীন হইতে হাওড়া (
TATA
RIS-110
BBC NEWS
Amphan: Kolkata
devastated as cyclone
leaves scores dead
MAY 21, 2020.4 MIN READ","[{'x': 13, 'y': 33}, {'x': 763, 'y': 33}, {'x': 763, 'y': 1004}, {'x': 13, 'y': 1004}]",1:1,box,912384,3:4,vertical,728250,0.7981836595117845,negative
negative_043.jpg,/kaggle/input/musait/dataset/basket/negative_043.jpg,0,,[],2:1,horizontal,50397,,,0,0.0,negative
negative_044.jpg,/kaggle/input/musait/dataset/basket/negative_044.jpg,0,,[],16:9,horizontal,50240,,,0,0.0,negative
negative_045.jpg,/kaggle/input/musait/dataset/basket/negative_045.jpg,1,"RISID BUS
গ্রীন হইতে হাওড়া (
TATA
RIS-110
BBC NEWS
Amphan: Kolkata
devastated as cyclone
leaves scores dead
MAY 21, 2020.4 MIN READ","[{'x': 13, 'y': 33}, {'x': 763, 'y': 33}, {'x': 763, 'y': 1004}, {'x': 13, 'y': 1004}]",1:1,box,912384,3:4,vertical,728250,0.7981836595117845,negative
negative_046.jpeg,/kaggle/input/musait/dataset/basket/negative_046.jpeg,1,"DAILY PAPER
Mason City Globe-Gazette
U.S. DECLARES WAR
Hawaiian Casualties Total 3,000
Philippines Attacked
by Japanese Bombers
290 Casualties Listed
ENLAND GE United Front Is
TO MARCALS Shown as Congress
WPS Orders Hostilities
Japs Claim
Supremacy
in Pacific","[{'x': 1, 'y': 7}, {'x': 265, 'y': 7}, {'x': 265, 'y': 184}, {'x': 1, 'y': 184}]",4:3,horizontal,50274,3:2,horizontal,46728,0.9294665234514858,negative
negative_047.jpg,/kaggle/input/musait/dataset/basket/negative_047.jpg,1,"CYCLONE TAUKTAE
R. NEWS","[{'x': 49, 'y': 47}, {'x': 1009, 'y': 47}, {'x': 1009, 'y': 691}, {'x': 49, 'y': 691}]",16:9,horizontal,921600,3:2,horizontal,618240,0.6708333333333333,negative
negative_048.jpg,/kaggle/input/musait/dataset/basket/negative_048.jpg,0,,[],4:3,horizontal,50384,,,0,0.0,negative
negative_049.jpg,/kaggle/input/musait/dataset/basket/negative_049.jpg,1,"Thank you
for driving
carefully
Cars","[{'x': 193, 'y': 127}, {'x': 514, 'y': 127}, {'x': 514, 'y': 531}, {'x': 193, 'y': 531}]",1:1,box,279180,3:4,vertical,129684,0.4645175155813453,negative
negative_050.jpg,/kaggle/input/musait/dataset/basket/negative_050.jpg,1,"CYCLONE TAUKTAE
R. NEWS","[{'x': 49, 'y': 47}, {'x': 1009, 'y': 47}, {'x': 1009, 'y': 691}, {'x': 49, 'y': 691}]",16:9,horizontal,921600,3:2,horizontal,618240,0.6708333333333333,negative
negative_051.jpeg,/kaggle/input/musait/dataset/basket/negative_051.jpeg,1,"DUNE DO NOT C
MURDER","[{'x': 74, 'y': 0}, {'x': 283, 'y': 0}, {'x': 283, 'y': 135}, {'x': 74, 'y': 135}]",16:9,horizontal,50400,3:2,horizontal,28215,0.5598214285714286,negative
negative_052.jpg,/kaggle/input/musait/dataset/basket/negative_052.jpg,1,"SUPER CYCLONE,AMPHAN INTENSIFIES
520 KM FROM SOUTH ODISHA
INDIA
TODAY","[{'x': 36, 'y': 49}, {'x': 1255, 'y': 49}, {'x': 1255, 'y': 690}, {'x': 36, 'y': 690}]",16:9,horizontal,921600,16:9,horizontal,781379,0.8478504774305555,negative
negative_053.jpg,/kaggle/input/musait/dataset/basket/negative_053.jpg,0,,[],4:3,horizontal,786432,,,0,0.0,negative
negative_054.jpg,/kaggle/input/musait/dataset/basket/negative_054.jpg,0,,[],4:3,horizontal,50246,,,0,0.0,negative
negative_055.jpg,/kaggle/input/musait/dataset/basket/negative_055.jpg,1,"SUPER CYCLONE,AMPHAN INTENSIFIES
520 KM FROM SOUTH ODISHA
INDIA
TODAY","[{'x': 36, 'y': 49}, {'x': 1255, 'y': 49}, {'x': 1255, 'y': 690}, {'x': 36, 'y': 690}]",16:9,horizontal,921600,16:9,horizontal,781379,0.8478504774305555,negative
negative_056.jpeg,/kaggle/input/musait/dataset/basket/negative_056.jpeg,1,"NOT CUTE
JUST
PSYCHO","[{'x': 30, 'y': 42}, {'x': 193, 'y': 42}, {'x': 193, 'y': 144}, {'x': 30, 'y': 144}]",1:1,box,50400,3:2,horizontal,16626,0.3298809523809524,negative
negative_057.jpg,/kaggle/input/musait/dataset/basket/negative_057.jpg,1,"CYCLONE AMPHAN HITS INDIA
4 DEAD IN WEST BENGAL
INDIA
TODAY","[{'x': 14, 'y': 45}, {'x': 1255, 'y': 45}, {'x': 1255, 'y': 691}, {'x': 14, 'y': 691}]",16:9,horizontal,921600,16:9,horizontal,801686,0.8698849826388889,negative
negative_058.jpeg,/kaggle/input/musait/dataset/basket/negative_058.jpeg,0,,[],16:9,horizontal,50400,,,0,0.0,negative
negative_059.jpg,/kaggle/input/musait/dataset/basket/negative_059.jpg,0,,[],4:3,horizontal,50246,,,0,0.0,negative
negative_060.jpg,/kaggle/input/musait/dataset/basket/negative_060.jpg,1,"CYCLONE AMPHAN HITS INDIA
4 DEAD IN WEST BENGAL
INDIA
TODAY","[{'x': 14, 'y': 45}, {'x': 1255, 'y': 45}, {'x': 1255, 'y': 691}, {'x': 14, 'y': 691}]",16:9,horizontal,921600,16:9,horizontal,801686,0.8698849826388889,negative
negative_061.jpeg,/kaggle/input/musait/dataset/basket/negative_061.jpeg,1,"WE ALL
GO LITTLE
MAD
SOMETIMES","[{'x': 211, 'y': 99}, {'x': 276, 'y': 99}, {'x': 276, 'y': 157}, {'x': 211, 'y': 157}]",3:2,horizontal,50268,1:1,box,3770,0.0749980106628471,negative
negative_062.jpg,/kaggle/input/musait/dataset/basket/negative_062.jpg,1,"AMPHAN: SUPER CYCLONIC STORM
DURING COVID PANDEMIC
INDIA
TODAY","[{'x': 36, 'y': 48}, {'x': 1254, 'y': 48}, {'x': 1254, 'y': 688}, {'x': 36, 'y': 688}]",16:9,horizontal,921600,16:9,horizontal,779520,0.8458333333333333,negative
negative_063.jpeg,/kaggle/input/musait/dataset/basket/negative_063.jpeg,0,,[],4:3,horizontal,50246,,,0,0.0,negative
negative_064.jpg,/kaggle/input/musait/dataset/basket/negative_064.jpg,0,,[],3:2,horizontal,50325,,,0,0.0,negative
negative_065.jpg,/kaggle/input/musait/dataset/basket/negative_065.jpg,1,"AMPHAN: SUPER CYCLONIC STORM
DURING COVID PANDEMIC
INDIA
TODAY","[{'x': 36, 'y': 48}, {'x': 1254, 'y': 48}, {'x': 1254, 'y': 688}, {'x': 36, 'y': 688}]",16:9,horizontal,921600,16:9,horizontal,779520,0.8458333333333333,negative
negative_066.jpeg,/kaggle/input/musait/dataset/basket/negative_066.jpeg,1,"HORROR
All the horror news
at one gravesite.
POST
www.HorrorPost.com","[{'x': 17, 'y': 0}, {'x': 359, 'y': 0}, {'x': 359, 'y': 131}, {'x': 17, 'y': 131}]",Other,other,50184,Other,other,44802,0.892754662840746,negative
negative_067.jpg,/kaggle/input/musait/dataset/basket/negative_067.jpg,1,"CRUX.
CYCLONE AMPHAN RAVAGES
BENGAL & ODISHA","[{'x': 87, 'y': 38}, {'x': 1230, 'y': 38}, {'x': 1230, 'y': 647}, {'x': 87, 'y': 647}]",16:9,horizontal,921600,16:9,horizontal,696087,0.755302734375,negative
negative_068.jpeg,/kaggle/input/musait/dataset/basket/negative_068.jpeg,0,,[],3:2,horizontal,50325,,,0,0.0,negative
negative_069.jpg,/kaggle/input/musait/dataset/basket/negative_069.jpg,0,,[],3:2,horizontal,50325,,,0,0.0,negative
negative_070.jpg,/kaggle/input/musait/dataset/basket/negative_070.jpg,1,"CRUX.
CYCLONE AMPHAN RAVAGES
BENGAL & ODISHA","[{'x': 87, 'y': 38}, {'x': 1230, 'y': 38}, {'x': 1230, 'y': 647}, {'x': 87, 'y': 647}]",16:9,horizontal,921600,16:9,horizontal,696087,0.755302734375,negative
negative_071.jpeg,/kaggle/input/musait/dataset/basket/negative_071.jpeg,0,,[],3:2,horizontal,50318,,,0,0.0,negative
negative_072.jpg,/kaggle/input/musait/dataset/basket/negative_072.jpg,0,,[],3:4,vertical,50246,,,0,0.0,negative
negative_073.png,/kaggle/input/musait/dataset/basket/negative_073.png,1,"Branty
HORROR","[{'x': 43, 'y': 20}, {'x': 175, 'y': 20}, {'x': 175, 'y': 189}, {'x': 43, 'y': 189}]",1:1,box,50398,3:4,vertical,22308,0.4426366125639906,negative
negative_074.png,/kaggle/input/musait/dataset/basket/negative_074.png,1,EARTHQUAKE ALERT,"[{'x': 54, 'y': 217}, {'x': 913, 'y': 217}, {'x': 913, 'y': 324}, {'x': 54, 'y': 324}]",16:9,horizontal,518400,Other,other,91913,0.177301311728395,negative
negative_075.png,/kaggle/input/musait/dataset/basket/negative_075.png,1,EARTHQUAKE ALERT,"[{'x': 54, 'y': 217}, {'x': 913, 'y': 217}, {'x': 913, 'y': 324}, {'x': 54, 'y': 324}]",16:9,horizontal,518400,Other,other,91913,0.177301311728395,negative
negative_076.jpeg,/kaggle/input/musait/dataset/basket/negative_076.jpeg,1,"STORM ALEX
FLOODING IN FRANCE","[{'x': 11, 'y': 108}, {'x': 129, 'y': 108}, {'x': 129, 'y': 156}, {'x': 11, 'y': 156}]",16:9,horizontal,50400,21:9,horizontal,5664,0.1123809523809523,negative
negative_077.jpg,/kaggle/input/musait/dataset/basket/negative_077.jpg,0,,[],16:9,horizontal,119658,,,0,0.0,negative
negative_078.jpeg,/kaggle/input/musait/dataset/basket/negative_078.jpeg,1,"The Call-Chronicle-Examiner
EARTHQUAKE AND FIRE:
SAN FRANCISCO IN RUINS","[{'x': 3, 'y': 6}, {'x': 253, 'y': 6}, {'x': 253, 'y': 83}, {'x': 3, 'y': 83}]",4:3,horizontal,50310,Other,other,19250,0.3826277082091036,negative
negative_079.jpeg,/kaggle/input/musait/dataset/basket/negative_079.jpeg,1,"The Call-Chronicle-Examiner
EARTHQUAKE AND FIRE:
SAN FRANCISCO IN RUINS","[{'x': 3, 'y': 6}, {'x': 253, 'y': 6}, {'x': 253, 'y': 83}, {'x': 3, 'y': 83}]",4:3,horizontal,50310,Other,other,19250,0.3826277082091036,negative
negative_080.jpeg,/kaggle/input/musait/dataset/basket/negative_080.jpeg,1,"CORONA UPDATE
SUN
NEWS
உலக சுகாதார அமைப்பு கருத்து!
""கொரோனா வைரஸ் பேரழிவை
உண்டாக்கும் என்பதற்கு
இந்தியாவே சான்று; இந்தியாவின்
நிலை கவலை அளிக்கிறது!”","[{'x': 20, 'y': 9}, {'x': 216, 'y': 9}, {'x': 216, 'y': 214}, {'x': 20, 'y': 214}]",1:1,box,50625,1:1,box,40180,0.7936790123456791,negative
negative_081.jpg,/kaggle/input/musait/dataset/basket/negative_081.jpg,1,EARTHQUAKE,"[{'x': 104, 'y': 241}, {'x': 670, 'y': 241}, {'x': 670, 'y': 353}, {'x': 104, 'y': 353}]",16:9,horizontal,358400,Other,other,63392,0.176875,negative
negative_082.jpg,/kaggle/input/musait/dataset/basket/negative_082.jpg,0,,[],4:3,horizontal,50246,,,0,0.0,negative
negative_083.jpg,/kaggle/input/musait/dataset/basket/negative_083.jpg,1,EARTHQUAKE,"[{'x': 104, 'y': 241}, {'x': 670, 'y': 241}, {'x': 670, 'y': 353}, {'x': 104, 'y': 353}]",16:9,horizontal,358400,Other,other,63392,0.176875,negative
negative_084.jpeg,/kaggle/input/musait/dataset/basket/negative_084.jpeg,1,"Murali_rout
I don't need your love
cause I already cried enough","[{'x': 63, 'y': 328}, {'x': 551, 'y': 328}, {'x': 551, 'y': 717}, {'x': 63, 'y': 717}]",1:1,box,518400,4:3,horizontal,189832,0.3661882716049383,negative
negative_085.jpg,/kaggle/input/musait/dataset/basket/negative_085.jpg,1,"3883899676 25895
1145445508
gettyimages
Hindustan Times","[{'x': 0, 'y': 124}, {'x': 467, 'y': 124}, {'x': 467, 'y': 386}, {'x': 0, 'y': 386}]",3:2,horizontal,235224,16:9,horizontal,122354,0.5201595075332449,negative
negative_086.jpeg,/kaggle/input/musait/dataset/basket/negative_086.jpeg,1,EARTHQUAKE,"[{'x': 56, 'y': 72}, {'x': 249, 'y': 72}, {'x': 249, 'y': 98}, {'x': 56, 'y': 98}]",16:9,horizontal,50400,Other,other,5018,0.099563492063492,negative
negative_087.jpeg,/kaggle/input/musait/dataset/basket/negative_087.jpeg,1,EARTHQUAKE,"[{'x': 56, 'y': 72}, {'x': 249, 'y': 72}, {'x': 249, 'y': 98}, {'x': 56, 'y': 98}]",16:9,horizontal,50400,Other,other,5018,0.099563492063492,negative
negative_088.jpeg,/kaggle/input/musait/dataset/basket/negative_088.jpeg,1,"BAD
NEWS!","[{'x': 22, 'y': 6}, {'x': 138, 'y': 6}, {'x': 138, 'y': 110}, {'x': 22, 'y': 110}]",3:2,horizontal,50325,1:1,box,12064,0.2397218082463984,negative
negative_089.jpg,/kaggle/input/musait/dataset/basket/negative_089.jpg,1,"W
KÁ 05 AG 9842
TRUCK
EVERY NEE
nd the app
Ap Store
empo new
4410","[{'x': 38, 'y': 40}, {'x': 614, 'y': 40}, {'x': 614, 'y': 465}, {'x': 38, 'y': 465}]",4:3,horizontal,286590,4:3,horizontal,244800,0.8541819323772637,negative
negative_090.jpeg,/kaggle/input/musait/dataset/basket/negative_090.jpeg,1,"August 23rd, 2011
Virginia earthquake","[{'x': 0, 'y': 1}, {'x': 159, 'y': 1}, {'x': 159, 'y': 43}, {'x': 0, 'y': 43}]",Other,other,50184,Other,other,6678,0.1330703012912482,negative
negative_091.jpeg,/kaggle/input/musait/dataset/basket/negative_091.jpeg,1,"August 23rd, 2011
Virginia earthquake","[{'x': 0, 'y': 1}, {'x': 159, 'y': 1}, {'x': 159, 'y': 43}, {'x': 0, 'y': 43}]",Other,other,50184,Other,other,6678,0.1330703012912482,negative
negative_092.jpeg,/kaggle/input/musait/dataset/basket/negative_092.jpeg,1,OH NO... NO!,"[{'x': 25, 'y': 17}, {'x': 211, 'y': 17}, {'x': 211, 'y': 56}, {'x': 25, 'y': 56}]",1:1,box,50244,Other,other,7254,0.1443754478146644,negative
negative_093.jpg,/kaggle/input/musait/dataset/basket/negative_093.jpg,1,"WION
6.2 MAGNITUDE EARTHQUAKE
HITS INDONESIA","[{'x': 0, 'y': 469}, {'x': 891, 'y': 469}, {'x': 891, 'y': 682}, {'x': 0, 'y': 682}]",16:9,horizontal,921600,Other,other,189783,0.205927734375,negative
negative_094.jpg,/kaggle/input/musait/dataset/basket/negative_094.jpg,0,,[],16:9,horizontal,50232,,,0,0.0,negative
negative_095.jpg,/kaggle/input/musait/dataset/basket/negative_095.jpg,1,"WION
6.2 MAGNITUDE EARTHQUAKE
HITS INDONESIA","[{'x': 0, 'y': 469}, {'x': 891, 'y': 469}, {'x': 891, 'y': 682}, {'x': 0, 'y': 682}]",16:9,horizontal,921600,Other,other,189783,0.205927734375,negative
negative_096.jpeg,/kaggle/input/musait/dataset/basket/negative_096.jpeg,1,"ani t
London convicts bon
el strikes
Iran expands Mu
uranium
enrichment
wa
argets
Iran's president
blames U.S. for
terror in regio
WAR
dead
Five U.S. men
tack
in Pakistan
sought had
aks jus
Iran embraces nuclear
o Attacks kill
at least 127 Blast","[{'x': 0, 'y': 0}, {'x': 274, 'y': 0}, {'x': 274, 'y': 182}, {'x': 0, 'y': 182}]",3:2,horizontal,50325,3:2,horizontal,49868,0.9909190263288624,negative
negative_097.jpg,/kaggle/input/musait/dataset/basket/negative_097.jpg,1,"000 NEWS
TSUNAMI
WARNING
RISING WATER","[{'x': 167, 'y': 34}, {'x': 267, 'y': 34}, {'x': 267, 'y': 112}, {'x': 167, 'y': 112}]",16:9,horizontal,57600,4:3,horizontal,7800,0.1354166666666666,negative
negative_098.jpg,/kaggle/input/musait/dataset/basket/negative_098.jpg,1,depositphoto,"[{'x': 63, 'y': 3}, {'x': 100, 'y': 3}, {'x': 100, 'y': 38}, {'x': 63, 'y': 38}]",3:2,horizontal,50325,1:1,box,1295,0.025732737208147,negative
negative_099.jpg,/kaggle/input/musait/dataset/basket/negative_099.jpg,1,"000 NEWS
TSUNAMI
WARNING
RISING WATER","[{'x': 167, 'y': 34}, {'x': 267, 'y': 34}, {'x': 267, 'y': 112}, {'x': 167, 'y': 112}]",16:9,horizontal,57600,4:3,horizontal,7800,0.1354166666666666,negative
negative_100.jpg,/kaggle/input/musait/dataset/basket/negative_100.jpg,1,"PULWAMA ATTACK:
FATHER-DAUGHTER HELD
Photo Courtesy: Reuters","[{'x': 122, 'y': 369}, {'x': 631, 'y': 369}, {'x': 631, 'y': 474}, {'x': 122, 'y': 474}]",4:3,horizontal,307200,Other,other,53445,0.173974609375,negative
negative_101.png,/kaggle/input/musait/dataset/basket/negative_101.png,1,"NEW
Negative
Picxy","[{'x': 15, 'y': 0}, {'x': 304, 'y': 0}, {'x': 304, 'y': 141}, {'x': 15, 'y': 141}]",16:9,horizontal,50367,2:1,horizontal,40749,0.8090416344034784,negative
negative_102.jpg,/kaggle/input/musait/dataset/basket/negative_102.jpg,1,"THAC
COLLEG","[{'x': 66, 'y': 144}, {'x': 149, 'y': 144}, {'x': 149, 'y': 204}, {'x': 66, 'y': 204}]",3:4,vertical,50325,4:3,horizontal,4980,0.098956780923994,negative
negative_103.jpg,/kaggle/input/musait/dataset/basket/negative_103.jpg,1,"PULWAMA ATTACK:
FATHER-DAUGHTER HELD
Photo Courtesy: Reuters","[{'x': 122, 'y': 369}, {'x': 631, 'y': 369}, {'x': 631, 'y': 474}, {'x': 122, 'y': 474}]",4:3,horizontal,307200,Other,other,53445,0.173974609375,negative
negative_104.jpeg,/kaggle/input/musait/dataset/basket/negative_104.jpeg,1,"Me explaining to
my model that it
needs to work or
else I'll lose my job:
My model:
horse
MB","[{'x': 34, 'y': 37}, {'x': 612, 'y': 37}, {'x': 612, 'y': 510}, {'x': 34, 'y': 510}]",1:1,box,459360,4:3,horizontal,273394,0.5951628352490421,negative
negative_105.jpg,/kaggle/input/musait/dataset/basket/negative_105.jpg,1,"ESSEN
MA
サワケン
LIVE
NHK WORLD
s estimated at 7.9.
BREAKING NEWS
POWERFUL QUAKE ROCKS JAPAN
INEWSLINE
BREAKING NEWS: A powerful quake hit","[{'x': 0, 'y': 70}, {'x': 896, 'y': 70}, {'x': 896, 'y': 597}, {'x': 0, 'y': 597}]",3:2,horizontal,540000,Other,other,472192,0.8744296296296297,negative
negative_106.jpg,/kaggle/input/musait/dataset/basket/negative_106.jpg,0,,[],1:1,box,50625,,,0,0.0,negative
negative_107.jpg,/kaggle/input/musait/dataset/basket/negative_107.jpg,1,"ESSEN
MA
サワケン
LIVE
NHK WORLD
s estimated at 7.9.
BREAKING NEWS
POWERFUL QUAKE ROCKS JAPAN
INEWSLINE
BREAKING NEWS: A powerful quake hit","[{'x': 0, 'y': 70}, {'x': 896, 'y': 70}, {'x': 896, 'y': 597}, {'x': 0, 'y': 597}]",3:2,horizontal,540000,Other,other,472192,0.8744296296296297,negative
negative_108.jpeg,/kaggle/input/musait/dataset/basket/negative_108.jpeg,1,"Me when my client says
they've seen a project very
similar on Github
PYCODERS","[{'x': 4, 'y': 21}, {'x': 717, 'y': 21}, {'x': 717, 'y': 789}, {'x': 4, 'y': 789}]",1:1,box,581040,1:1,box,547584,0.9424204874019,negative
negative_109.jpg,/kaggle/input/musait/dataset/basket/negative_109.jpg,1,"N
BREAKING NEWS
LIVE
AT LEAST 126 DEAD IN SCHOOL TERROR ATTACK CAN
HSI
-357.35
GCMBRK TALIBAN SPOKESMAN SAYS SIX SUICIDE BOMBERS ENTERED SCHOOL COMPOUND","[{'x': 31, 'y': 137}, {'x': 612, 'y': 137}, {'x': 612, 'y': 349}, {'x': 31, 'y': 349}]",16:9,horizontal,230400,Other,other,123172,0.5346006944444445,negative
negative_110.jpg,/kaggle/input/musait/dataset/basket/negative_110.jpg,0,,[],3:2,horizontal,50325,,,0,0.0,negative
negative_111.jpg,/kaggle/input/musait/dataset/basket/negative_111.jpg,1,"N
BREAKING NEWS
LIVE
AT LEAST 126 DEAD IN SCHOOL TERROR ATTACK CAN
HSI
-357.35
GCMBRK TALIBAN SPOKESMAN SAYS SIX SUICIDE BOMBERS ENTERED SCHOOL COMPOUND","[{'x': 31, 'y': 137}, {'x': 612, 'y': 137}, {'x': 612, 'y': 349}, {'x': 31, 'y': 349}]",16:9,horizontal,230400,Other,other,123172,0.5346006944444445,negative
negative_112.jpeg,/kaggle/input/musait/dataset/basket/negative_112.jpeg,1,"Haters will say
it is Photoshop.
Respect your
parents.
They passed
school
without
google..","[{'x': 44, 'y': 5}, {'x': 231, 'y': 5}, {'x': 231, 'y': 159}, {'x': 44, 'y': 159}]",16:9,horizontal,50400,4:3,horizontal,28798,0.5713888888888888,negative
negative_113.jpg,/kaggle/input/musait/dataset/basket/negative_113.jpg,1,"BHOPAL GAS TRAGEDY
2-3 DECEMBER, 1984","[{'x': 37, 'y': 189}, {'x': 603, 'y': 189}, {'x': 603, 'y': 319}, {'x': 37, 'y': 319}]",4:3,horizontal,307200,Other,other,73580,0.2395182291666666,negative
negative_114.jpg,/kaggle/input/musait/dataset/basket/negative_114.jpg,1,"दो बेटों की मौत पर
बिलखती महिला
ABP
न्यूज़","[{'x': 12, 'y': 25}, {'x': 284, 'y': 25}, {'x': 284, 'y': 163}, {'x': 12, 'y': 163}]",16:9,horizontal,50400,16:9,horizontal,37536,0.7447619047619047,negative
negative_115.jpg,/kaggle/input/musait/dataset/basket/negative_115.jpg,1,"BHOPAL GAS TRAGEDY
2-3 DECEMBER, 1984","[{'x': 37, 'y': 189}, {'x': 603, 'y': 189}, {'x': 603, 'y': 319}, {'x': 37, 'y': 319}]",4:3,horizontal,307200,Other,other,73580,0.2395182291666666,negative
negative_116.jpeg,/kaggle/input/musait/dataset/basket/negative_116.jpeg,1,"Coming home wasted at 6am and
seeing people jogging
Look at these assholes.","[{'x': 3, 'y': 14}, {'x': 255, 'y': 14}, {'x': 255, 'y': 165}, {'x': 3, 'y': 165}]",3:2,horizontal,50416,Other,other,38052,0.7547603935258648,negative
negative_117.jpg,/kaggle/input/musait/dataset/basket/negative_117.jpg,1,"Bhopal Gas Tragedy
Dec 2 1984
NEWS CLICK","[{'x': 171, 'y': 11}, {'x': 1262, 'y': 11}, {'x': 1262, 'y': 452}, {'x': 171, 'y': 452}]",16:9,horizontal,921600,21:9,horizontal,481131,0.522060546875,negative
negative_118.jpg,/kaggle/input/musait/dataset/basket/negative_118.jpg,0,,[],16:9,horizontal,50267,,,0,0.0,negative
negative_119.jpg,/kaggle/input/musait/dataset/basket/negative_119.jpg,1,"Bhopal Gas Tragedy
Dec 2 1984
NEWS CLICK","[{'x': 171, 'y': 11}, {'x': 1262, 'y': 11}, {'x': 1262, 'y': 452}, {'x': 171, 'y': 452}]",16:9,horizontal,921600,21:9,horizontal,481131,0.522060546875,negative
negative_120.jpeg,/kaggle/input/musait/dataset/basket/negative_120.jpeg,1,"ON FACEBOOK
HAVEN'T SEEN ANY BAD
MEMES","[{'x': 7, 'y': 12}, {'x': 218, 'y': 12}, {'x': 218, 'y': 218}, {'x': 7, 'y': 218}]",1:1,box,50625,1:1,box,43466,0.8585876543209876,negative
negative_121.jpg,/kaggle/input/musait/dataset/basket/negative_121.jpg,1,CRIME,"[{'x': 127, 'y': 198}, {'x': 717, 'y': 198}, {'x': 717, 'y': 363}, {'x': 127, 'y': 363}]",3:2,horizontal,456745,Other,other,97350,0.2131386222071396,negative
negative_122.jpg,/kaggle/input/musait/dataset/basket/negative_122.jpg,0,,[],4:3,horizontal,50440,,,0,0.0,negative
negative_123.jpg,/kaggle/input/musait/dataset/basket/negative_123.jpg,1,CRIME,"[{'x': 127, 'y': 198}, {'x': 717, 'y': 198}, {'x': 717, 'y': 363}, {'x': 127, 'y': 363}]",3:2,horizontal,456745,Other,other,97350,0.2131386222071396,negative
negative_124.jpeg,/kaggle/input/musait/dataset/basket/negative_124.jpeg,1,"амс
EL CAMINO
What the hell is this?
What?
This is my product","[{'x': 72, 'y': 3}, {'x': 177, 'y': 3}, {'x': 177, 'y': 224}, {'x': 72, 'y': 224}]",1:1,box,50625,9:16,vertical,23205,0.4583703703703704,negative
negative_125.jpg,/kaggle/input/musait/dataset/basket/negative_125.jpg,0,,[],Other,other,50274,,,0,0.0,negative
negative_126.jpeg,/kaggle/input/musait/dataset/basket/negative_126.jpeg,1,"SAYFULLO SAIPOV
29 YEARS OLD
FROM
TAMPA, FL
BREAKING NEWS
DEADLY TRUCK TERROR
SOURCES: SUSPECT REPORTEDLY YELLED ALLAHU AKBAR
бос","[{'x': 47, 'y': 13}, {'x': 265, 'y': 13}, {'x': 265, 'y': 155}, {'x': 47, 'y': 155}]",16:9,horizontal,50400,3:2,horizontal,30956,0.6142063492063492,negative
negative_127.jpeg,/kaggle/input/musait/dataset/basket/negative_127.jpeg,1,"SAYFULLO SAIPOV
29 YEARS OLD
FROM
TAMPA, FL
BREAKING NEWS
DEADLY TRUCK TERROR
SOURCES: SUSPECT REPORTEDLY YELLED ALLAHU AKBAR
бос","[{'x': 47, 'y': 13}, {'x': 265, 'y': 13}, {'x': 265, 'y': 155}, {'x': 47, 'y': 155}]",16:9,horizontal,50400,3:2,horizontal,30956,0.6142063492063492,negative
negative_128.jpeg,/kaggle/input/musait/dataset/basket/negative_128.jpeg,1,"GREAT FALLS
TRIBUNE
SPECIAL E
Bloody terror
Thousands feared dead in word terorist attack ever
M","[{'x': 19, 'y': 11}, {'x': 156, 'y': 11}, {'x': 156, 'y': 206}, {'x': 19, 'y': 206}]",3:4,vertical,50336,3:4,vertical,26715,0.5307334710743802,negative
negative_129.jpg,/kaggle/input/musait/dataset/basket/negative_129.jpg,1,Share this picture!,"[{'x': 44, 'y': 489}, {'x': 616, 'y': 489}, {'x': 616, 'y': 548}, {'x': 44, 'y': 548}]",1:1,box,346875,Other,other,33748,0.0972915315315315,negative
negative_130.jpeg,/kaggle/input/musait/dataset/basket/negative_130.jpeg,1,"GREAT FALLS
TRIBUNE
SPECIAL E
Bloody terror
Thousands feared dead in word terorist attack ever
M","[{'x': 19, 'y': 11}, {'x': 156, 'y': 11}, {'x': 156, 'y': 206}, {'x': 19, 'y': 206}]",3:4,vertical,50336,3:4,vertical,26715,0.5307334710743802,negative
negative_131.jpg,/kaggle/input/musait/dataset/basket/negative_131.jpg,0,,[],16:9,horizontal,50530,,,0,0.0,negative
negative_132.jpeg,/kaggle/input/musait/dataset/basket/negative_132.jpeg,1,"18-yr-old
kills self
RAJIV SHARMA
nxiety about the up-
Child
takes
coming HSC exams
seems to the reason be-
hind the suicide of an","[{'x': 0, 'y': 30}, {'x': 258, 'y': 30}, {'x': 258, 'y': 192}, {'x': 0, 'y': 192}]",4:3,horizontal,50246,3:2,horizontal,41796,0.8318274091469968,negative
negative_133.jpg,/kaggle/input/musait/dataset/basket/negative_133.jpg,0,,[],16:9,horizontal,50232,,,0,0.0,negative
negative_134.png,/kaggle/input/musait/dataset/basket/negative_134.png,1,"FACEBOOK ISN'T
SO BAD
ONCE YOU BLOCK YOUR
FAMILY AND FRIENDS.","[{'x': 16, 'y': 4}, {'x': 636, 'y': 4}, {'x': 636, 'y': 959}, {'x': 16, 'y': 959}]",3:4,vertical,616320,3:4,vertical,592100,0.9607022326064382,negative
negative_135.jpeg,/kaggle/input/musait/dataset/basket/negative_135.jpeg,1,"18-yr-old
kills self
RAJIV SHARMA
nxiety about the up-
Child
takes
coming HSC exams
seems to the reason be-
hind the suicide of an","[{'x': 0, 'y': 30}, {'x': 258, 'y': 30}, {'x': 258, 'y': 192}, {'x': 0, 'y': 192}]",4:3,horizontal,50246,3:2,horizontal,41796,0.8318274091469968,negative
negative_136.jpg,/kaggle/input/musait/dataset/basket/negative_136.jpg,1,"FAKE NEWS
SEH
LADAY
G","[{'x': 169, 'y': 104}, {'x': 637, 'y': 104}, {'x': 637, 'y': 392}, {'x': 169, 'y': 392}]",16:9,horizontal,328000,3:2,horizontal,134784,0.4109268292682926,negative
negative_137.jpg,/kaggle/input/musait/dataset/basket/negative_137.jpg,0,,[],3:2,horizontal,50325,,,0,0.0,negative
negative_138.jpg,/kaggle/input/musait/dataset/basket/negative_138.jpg,1,"FAKE NEWS
SEH
LADAY
G","[{'x': 169, 'y': 104}, {'x': 637, 'y': 104}, {'x': 637, 'y': 392}, {'x': 169, 'y': 392}]",16:9,horizontal,328000,3:2,horizontal,134784,0.4109268292682926,negative
negative_139.jpg,/kaggle/input/musait/dataset/basket/negative_139.jpg,1,"33 YEARS OF
BHOPAL GAS TRAGEDY:
VICTIMS AWAIT JUSTICE
ANI","[{'x': 1, 'y': 42}, {'x': 478, 'y': 42}, {'x': 478, 'y': 258}, {'x': 1, 'y': 258}]",4:3,horizontal,172800,21:9,horizontal,103032,0.59625,negative
negative_140.jpg,/kaggle/input/musait/dataset/basket/negative_140.jpg,0,,[],16:9,horizontal,50400,,,0,0.0,negative
negative_141.jpg,/kaggle/input/musait/dataset/basket/negative_141.jpg,1,"33 YEARS OF
BHOPAL GAS TRAGEDY:
VICTIMS AWAIT JUSTICE
ANI","[{'x': 1, 'y': 42}, {'x': 478, 'y': 42}, {'x': 478, 'y': 258}, {'x': 1, 'y': 258}]",4:3,horizontal,172800,21:9,horizontal,103032,0.59625,negative
negative_142.jpg,/kaggle/input/musait/dataset/basket/negative_142.jpg,1,"18 DEAD INCLUDING
BOTH PILOTS
NDTV","[{'x': 24, 'y': 65}, {'x': 459, 'y': 65}, {'x': 459, 'y': 260}, {'x': 24, 'y': 260}]",4:3,horizontal,172800,21:9,horizontal,84825,0.4908854166666667,negative
negative_143.jpg,/kaggle/input/musait/dataset/basket/negative_143.jpg,0,,[],3:2,horizontal,50325,,,0,0.0,negative
negative_144.jpg,/kaggle/input/musait/dataset/basket/negative_144.jpg,1,"18 DEAD INCLUDING
BOTH PILOTS
NDTV","[{'x': 24, 'y': 65}, {'x': 459, 'y': 65}, {'x': 459, 'y': 260}, {'x': 24, 'y': 260}]",4:3,horizontal,172800,21:9,horizontal,84825,0.4908854166666667,negative
negative_145.jpg,/kaggle/input/musait/dataset/basket/negative_145.jpg,1,"40 killed, 30 injured in
suicide bomb attack
ANI","[{'x': 40, 'y': 41}, {'x': 471, 'y': 41}, {'x': 471, 'y': 302}, {'x': 40, 'y': 302}]",4:3,horizontal,172800,Other,other,112491,0.6509895833333333,negative
negative_146.jpg,/kaggle/input/musait/dataset/basket/negative_146.jpg,0,,[],4:3,horizontal,50274,,,0,0.0,negative
negative_147.jpg,/kaggle/input/musait/dataset/basket/negative_147.jpg,1,"40 killed, 30 injured in
suicide bomb attack
ANI","[{'x': 40, 'y': 41}, {'x': 471, 'y': 41}, {'x': 471, 'y': 302}, {'x': 40, 'y': 302}]",4:3,horizontal,172800,Other,other,112491,0.6509895833333333,negative
negative_148.jpg,/kaggle/input/musait/dataset/basket/negative_148.jpg,1,"REUTERS
LIVE
NHK WORLD
BREAKING NEWS
TSUNAMI HITS
NEWSLINE
and immediately. In Miyagi Prefecture, northeastern Japan, quake intensity","[{'x': 0, 'y': 55}, {'x': 479, 'y': 55}, {'x': 479, 'y': 310}, {'x': 0, 'y': 310}]",4:3,horizontal,172800,16:9,horizontal,122145,0.7068576388888889,negative
negative_149.jpg,/kaggle/input/musait/dataset/basket/negative_149.jpg,0,,[],3:2,horizontal,50325,,,0,0.0,negative
negative_150.jpg,/kaggle/input/musait/dataset/basket/negative_150.jpg,1,"REUTERS
LIVE
NHK WORLD
BREAKING NEWS
TSUNAMI HITS
NEWSLINE
and immediately. In Miyagi Prefecture, northeastern Japan, quake intensity","[{'x': 0, 'y': 55}, {'x': 479, 'y': 55}, {'x': 479, 'y': 310}, {'x': 0, 'y': 310}]",4:3,horizontal,172800,16:9,horizontal,122145,0.7068576388888889,negative
negative_151.jpeg,/kaggle/input/musait/dataset/basket/negative_151.jpeg,1,"DECEMBER 3,1984
HE NIGHT OF TRAGEDY","[{'x': 31, 'y': 6}, {'x': 283, 'y': 6}, {'x': 283, 'y': 122}, {'x': 31, 'y': 122}]",16:9,horizontal,50562,Other,other,29232,0.5781416874332502,negative
negative_152.jpg,/kaggle/input/musait/dataset/basket/negative_152.jpg,0,,[],4:3,horizontal,50440,,,0,0.0,negative
negative_153.jpeg,/kaggle/input/musait/dataset/basket/negative_153.jpeg,1,"DECEMBER 3,1984
HE NIGHT OF TRAGEDY","[{'x': 31, 'y': 6}, {'x': 283, 'y': 6}, {'x': 283, 'y': 122}, {'x': 31, 'y': 122}]",16:9,horizontal,50562,Other,other,29232,0.5781416874332502,negative
negative_154.jpeg,/kaggle/input/musait/dataset/basket/negative_154.jpeg,1,"DECEMBER 3,1984
STRUGGLE FOR JUSTICE CONTINUES
BHOPAL GAS TRAGEDY","[{'x': 0, 'y': 7}, {'x': 291, 'y': 7}, {'x': 291, 'y': 158}, {'x': 0, 'y': 158}]",16:9,horizontal,50400,16:9,horizontal,43941,0.8718452380952381,negative
negative_155.jpg,/kaggle/input/musait/dataset/basket/negative_155.jpg,1,"BEAR PATROL
Igl@being limitless.
I'M NOT CROSSING THE
ROAD. THE ROAD IS
CROSSING MY FOREST.","[{'x': 96, 'y': 203}, {'x': 445, 'y': 203}, {'x': 445, 'y': 512}, {'x': 96, 'y': 512}]",1:1,box,276676,1:1,box,107841,0.3897735979991036,negative
negative_156.jpeg,/kaggle/input/musait/dataset/basket/negative_156.jpeg,1,"DECEMBER 3,1984
STRUGGLE FOR JUSTICE CONTINUES
BHOPAL GAS TRAGEDY","[{'x': 0, 'y': 7}, {'x': 291, 'y': 7}, {'x': 291, 'y': 158}, {'x': 0, 'y': 158}]",16:9,horizontal,50400,16:9,horizontal,43941,0.8718452380952381,negative
negative_157.jpeg,/kaggle/input/musait/dataset/basket/negative_157.jpeg,1,"BREAKING NEWS
TERRORIST ATTACK IN
MANIPUR
3 OTHER PERSONNEL ALSO KILLED
BREAKING NEWS TERRORISTS AMBUSH SECURITY FORCES IN MANIPUR
AHE D
01:58 PM
INDIA AHEAD","[{'x': 13, 'y': 13}, {'x': 284, 'y': 13}, {'x': 284, 'y': 160}, {'x': 13, 'y': 160}]",16:9,horizontal,50400,16:9,horizontal,39837,0.7904166666666667,negative
negative_158.jpg,/kaggle/input/musait/dataset/basket/negative_158.jpg,1,"successpictures
@successpictures
Some people
just act like
they are
trying to
help you...
@successpictures","[{'x': 180, 'y': 124}, {'x': 523, 'y': 124}, {'x': 523, 'y': 457}, {'x': 180, 'y': 457}]",1:1,box,276676,1:1,box,114219,0.4128258323815582,negative
negative_159.jpeg,/kaggle/input/musait/dataset/basket/negative_159.jpeg,1,"BREAKING NEWS
TERRORIST ATTACK IN
MANIPUR
3 OTHER PERSONNEL ALSO KILLED
BREAKING NEWS TERRORISTS AMBUSH SECURITY FORCES IN MANIPUR
AHE D
01:58 PM
INDIA AHEAD","[{'x': 13, 'y': 13}, {'x': 284, 'y': 13}, {'x': 284, 'y': 160}, {'x': 13, 'y': 160}]",16:9,horizontal,50400,16:9,horizontal,39837,0.7904166666666667,negative
negative_160.jpg,/kaggle/input/musait/dataset/basket/negative_160.jpg,1,"Bhopal Gas Disaster
An Enduring Tragedy","[{'x': 374, 'y': 404}, {'x': 1239, 'y': 404}, {'x': 1239, 'y': 626}, {'x': 374, 'y': 626}]",16:9,horizontal,921600,Other,other,192030,0.2083658854166666,negative
negative_161.jpg,/kaggle/input/musait/dataset/basket/negative_161.jpg,1,"00
Sir main gareeb hu..
Bsdk Galat set pe Aya hai tu","[{'x': 35, 'y': 194}, {'x': 543, 'y': 194}, {'x': 543, 'y': 508}, {'x': 35, 'y': 508}]",1:1,box,316200,3:2,horizontal,159512,0.5044655281467426,negative
negative_162.jpg,/kaggle/input/musait/dataset/basket/negative_162.jpg,1,"Bhopal Gas Disaster
An Enduring Tragedy","[{'x': 374, 'y': 404}, {'x': 1239, 'y': 404}, {'x': 1239, 'y': 626}, {'x': 374, 'y': 626}]",16:9,horizontal,921600,Other,other,192030,0.2083658854166666,negative
negative_163.jpeg,/kaggle/input/musait/dataset/basket/negative_163.jpeg,0,,[],1:1,box,50625,,,0,0.0,negative
negative_164.jpg,/kaggle/input/musait/dataset/basket/negative_164.jpg,1,"sky NEWS Special Report
Suicide bomb attack
in Manchester","[{'x': 56, 'y': 49}, {'x': 1128, 'y': 49}, {'x': 1128, 'y': 471}, {'x': 56, 'y': 471}]",16:9,horizontal,921600,Other,other,452384,0.4908680555555555,negative
negative_165.jpg,/kaggle/input/musait/dataset/basket/negative_165.jpg,1,"sky NEWS Special Report
Suicide bomb attack
in Manchester","[{'x': 56, 'y': 49}, {'x': 1128, 'y': 49}, {'x': 1128, 'y': 471}, {'x': 56, 'y': 471}]",16:9,horizontal,921600,Other,other,452384,0.4908680555555555,negative
negative_166.jpg,/kaggle/input/musait/dataset/basket/negative_166.jpg,1,"ALJAZEERA
POLI
OLIZEI
BREAKING
VIENNA SHOOTING
apparent terror attack'","[{'x': 30, 'y': 219}, {'x': 1095, 'y': 219}, {'x': 1095, 'y': 689}, {'x': 30, 'y': 689}]",16:9,horizontal,921600,21:9,horizontal,500550,0.5431315104166666,negative
negative_167.jpg,/kaggle/input/musait/dataset/basket/negative_167.jpg,1,"ALJAZEERA
POLI
OLIZEI
BREAKING
VIENNA SHOOTING
apparent terror attack'","[{'x': 30, 'y': 219}, {'x': 1095, 'y': 219}, {'x': 1095, 'y': 689}, {'x': 30, 'y': 689}]",16:9,horizontal,921600,21:9,horizontal,500550,0.5431315104166666,negative
negative_168.jpg,/kaggle/input/musait/dataset/basket/negative_168.jpg,1,"AUSTRALIAN BUREAU ISSUES
TSUNAMI WARNING
newsx
NEWS. NOT NOISE","[{'x': 30, 'y': 48}, {'x': 1226, 'y': 48}, {'x': 1226, 'y': 688}, {'x': 30, 'y': 688}]",16:9,horizontal,921600,16:9,horizontal,765440,0.8305555555555556,negative
negative_169.jpg,/kaggle/input/musait/dataset/basket/negative_169.jpg,1,"AUSTRALIAN BUREAU ISSUES
TSUNAMI WARNING
newsx
NEWS. NOT NOISE","[{'x': 30, 'y': 48}, {'x': 1226, 'y': 48}, {'x': 1226, 'y': 688}, {'x': 30, 'y': 688}]",16:9,horizontal,921600,16:9,horizontal,765440,0.8305555555555556,negative
negative_170.jpg,/kaggle/input/musait/dataset/basket/negative_170.jpg,1,"NEW ZEALAND
TSUNAMI
NEWS","[{'x': 42, 'y': 48}, {'x': 1192, 'y': 48}, {'x': 1192, 'y': 648}, {'x': 42, 'y': 648}]",16:9,horizontal,921600,16:9,horizontal,690000,0.7486979166666666,negative
negative_171.jpg,/kaggle/input/musait/dataset/basket/negative_171.jpg,1,"NEW ZEALAND
TSUNAMI
NEWS","[{'x': 42, 'y': 48}, {'x': 1192, 'y': 48}, {'x': 1192, 'y': 648}, {'x': 42, 'y': 648}]",16:9,horizontal,921600,16:9,horizontal,690000,0.7486979166666666,negative
negative_172.jpg,/kaggle/input/musait/dataset/basket/negative_172.jpg,1,"CALICUT PLANE TRAGEDY
R. NEWS","[{'x': 9, 'y': 10}, {'x': 311, 'y': 10}, {'x': 311, 'y': 173}, {'x': 9, 'y': 173}]",16:9,horizontal,57600,16:9,horizontal,49226,0.8546180555555556,negative
negative_173.jpg,/kaggle/input/musait/dataset/basket/negative_173.jpg,1,"CALICUT PLANE TRAGEDY
R. NEWS","[{'x': 9, 'y': 10}, {'x': 311, 'y': 10}, {'x': 311, 'y': 173}, {'x': 9, 'y': 173}]",16:9,horizontal,57600,16:9,horizontal,49226,0.8546180555555556,negative
negative_174.jpg,/kaggle/input/musait/dataset/basket/negative_174.jpg,1,"The Des Moines Register
11 SWEPT TO DEATH IN FLOOD
Others Lost; Audubon, Exira Homes Float Away
TERROR YOU
25","[{'x': 0, 'y': 4}, {'x': 499, 'y': 4}, {'x': 499, 'y': 465}, {'x': 0, 'y': 465}]",1:1,box,250000,1:1,box,230039,0.920156,negative
negative_175.jpg,/kaggle/input/musait/dataset/basket/negative_175.jpg,1,"The Des Moines Register
11 SWEPT TO DEATH IN FLOOD
Others Lost; Audubon, Exira Homes Float Away
TERROR YOU
25","[{'x': 0, 'y': 4}, {'x': 499, 'y': 4}, {'x': 499, 'y': 465}, {'x': 0, 'y': 465}]",1:1,box,250000,1:1,box,230039,0.920156,negative
negative_176.jpg,/kaggle/input/musait/dataset/basket/negative_176.jpg,1,"RUNWAY EMBANKMENT
want get","[{'x': 299, 'y': 176}, {'x': 827, 'y': 176}, {'x': 827, 'y': 375}, {'x': 299, 'y': 375}]",16:9,horizontal,414240,Other,other,105072,0.2536500579374275,negative
negative_177.jpg,/kaggle/input/musait/dataset/basket/negative_177.jpg,1,"RUNWAY EMBANKMENT
want get","[{'x': 299, 'y': 176}, {'x': 827, 'y': 176}, {'x': 827, 'y': 375}, {'x': 299, 'y': 375}]",16:9,horizontal,414240,Other,other,105072,0.2536500579374275,negative
negative_178.jpg,/kaggle/input/musait/dataset/basket/negative_178.jpg,1,RAPE,"[{'x': 348, 'y': 113}, {'x': 644, 'y': 113}, {'x': 644, 'y': 243}, {'x': 348, 'y': 243}]",16:9,horizontal,336000,21:9,horizontal,38480,0.1145238095238095,negative
negative_179.jpg,/kaggle/input/musait/dataset/basket/negative_179.jpg,1,RAPE,"[{'x': 348, 'y': 113}, {'x': 644, 'y': 113}, {'x': 644, 'y': 243}, {'x': 348, 'y': 243}]",16:9,horizontal,336000,21:9,horizontal,38480,0.1145238095238095,negative
negative_180.jpg,/kaggle/input/musait/dataset/basket/negative_180.jpg,1,"It wasn't bad sex.
It wasn't a mistake.
It wasn't my fault.
ltwas
rape.
THIS
It wasn't bad sex.
It wasn't a mistake.
It wasn't my fault.
It was
rape
picture-alliance/dp.","[{'x': 81, 'y': 79}, {'x': 690, 'y': 79}, {'x': 690, 'y': 393}, {'x': 81, 'y': 393}]",16:9,horizontal,275800,16:9,horizontal,191226,0.6933502538071066,negative
negative_181.jpg,/kaggle/input/musait/dataset/basket/negative_181.jpg,1,"It wasn't bad sex.
It wasn't a mistake.
It wasn't my fault.
ltwas
rape.
THIS
It wasn't bad sex.
It wasn't a mistake.
It wasn't my fault.
It was
rape
picture-alliance/dp.","[{'x': 81, 'y': 79}, {'x': 690, 'y': 79}, {'x': 690, 'y': 393}, {'x': 81, 'y': 393}]",16:9,horizontal,275800,16:9,horizontal,191226,0.6933502538071066,negative
negative_182.jpg,/kaggle/input/musait/dataset/basket/negative_182.jpg,1,"You
Tube
P
Cyber-Criminals
Found a Home on
Social Media Sites
CIO INSIGHT
Since 2011, cyber-
criminals have found
a haven in social
media, where they
perpetrate fraud.
In the past six
months, their
numbers have
increased 70 percent.","[{'x': 71, 'y': 34}, {'x': 618, 'y': 34}, {'x': 618, 'y': 470}, {'x': 71, 'y': 470}]",4:3,horizontal,307200,4:3,horizontal,238492,0.7763411458333334,negative
negative_183.jpg,/kaggle/input/musait/dataset/basket/negative_183.jpg,1,"You
Tube
P
Cyber-Criminals
Found a Home on
Social Media Sites
CIO INSIGHT
Since 2011, cyber-
criminals have found
a haven in social
media, where they
perpetrate fraud.
In the past six
months, their
numbers have
increased 70 percent.","[{'x': 71, 'y': 34}, {'x': 618, 'y': 34}, {'x': 618, 'y': 470}, {'x': 71, 'y': 470}]",4:3,horizontal,307200,4:3,horizontal,238492,0.7763411458333334,negative
negative_184.jpg,/kaggle/input/musait/dataset/basket/negative_184.jpg,1,"TRAGIC HOMECOMING FOR
REPATRIATION FLIGHT
Photo Courtesy: AFP","[{'x': 123, 'y': 368}, {'x': 629, 'y': 368}, {'x': 629, 'y': 475}, {'x': 123, 'y': 475}]",4:3,horizontal,307200,Other,other,54142,0.1762434895833333,negative
negative_185.jpg,/kaggle/input/musait/dataset/basket/negative_185.jpg,1,"TRAGIC HOMECOMING FOR
REPATRIATION FLIGHT
Photo Courtesy: AFP","[{'x': 123, 'y': 368}, {'x': 629, 'y': 368}, {'x': 629, 'y': 475}, {'x': 123, 'y': 475}]",4:3,horizontal,307200,Other,other,54142,0.1762434895833333,negative
negative_186.jpeg,/kaggle/input/musait/dataset/basket/negative_186.jpeg,1,"SAFES
Manchester Evening News
LATE
UNITED CUP XI
CRASH: ""28 DIE""
Plunged into houses at Munich, exploded
SURVIVORS SAVED in
BLAZING WRECKAGE
PEOPLE
KILLED","[{'x': 15, 'y': 12}, {'x': 292, 'y': 12}, {'x': 292, 'y': 145}, {'x': 15, 'y': 145}]",16:9,horizontal,50530,2:1,horizontal,36841,0.7290916287354047,negative
negative_187.jpeg,/kaggle/input/musait/dataset/basket/negative_187.jpeg,1,"SAFES
Manchester Evening News
LATE
UNITED CUP XI
CRASH: ""28 DIE""
Plunged into houses at Munich, exploded
SURVIVORS SAVED in
BLAZING WRECKAGE
PEOPLE
KILLED","[{'x': 15, 'y': 12}, {'x': 292, 'y': 12}, {'x': 292, 'y': 145}, {'x': 15, 'y': 145}]",16:9,horizontal,50530,2:1,horizontal,36841,0.7290916287354047,negative
negative_188.jpg,/kaggle/input/musait/dataset/basket/negative_188.jpg,1,"R. FIRE IN MUMBAI HIGH RISE
R. ALISHA LIVE FROM TARDEO, MUMBAI
REPUBLIC.","[{'x': 49, 'y': 28}, {'x': 573, 'y': 28}, {'x': 573, 'y': 327}, {'x': 49, 'y': 327}]",16:9,horizontal,292320,16:9,horizontal,156676,0.5359742747673782,negative
negative_189.jpg,/kaggle/input/musait/dataset/basket/negative_189.jpg,1,"R. FIRE IN MUMBAI HIGH RISE
R. ALISHA LIVE FROM TARDEO, MUMBAI
REPUBLIC.","[{'x': 49, 'y': 28}, {'x': 573, 'y': 28}, {'x': 573, 'y': 327}, {'x': 49, 'y': 327}]",16:9,horizontal,292320,16:9,horizontal,156676,0.5359742747673782,negative
negative_190.jpg,/kaggle/input/musait/dataset/basket/negative_190.jpg,1,"NIPPON TV
NEWS 24
JAPAN
0テレ
Technology leads
to new findings
on Fukushima disaster
Fukushima Central TV/Nippon TV","[{'x': 62, 'y': 56}, {'x': 1224, 'y': 56}, {'x': 1224, 'y': 688}, {'x': 62, 'y': 688}]",16:9,horizontal,921600,16:9,horizontal,734384,0.7968576388888889,negative
negative_191.jpg,/kaggle/input/musait/dataset/basket/negative_191.jpg,1,"NIPPON TV
NEWS 24
JAPAN
0テレ
Technology leads
to new findings
on Fukushima disaster
Fukushima Central TV/Nippon TV","[{'x': 62, 'y': 56}, {'x': 1224, 'y': 56}, {'x': 1224, 'y': 688}, {'x': 62, 'y': 688}]",16:9,horizontal,921600,16:9,horizontal,734384,0.7968576388888889,negative
negative_192.jpeg,/kaggle/input/musait/dataset/basket/negative_192.jpeg,1,"IN
TERROR STRIKES
PINK CITY
The Indian EXPRESS
7 blasts in 20 minutes kill 60, injure over 100 NSG team on its way
Death and fear in Jaipur","[{'x': 1, 'y': 4}, {'x': 194, 'y': 4}, {'x': 194, 'y': 167}, {'x': 1, 'y': 167}]",3:4,vertical,50505,4:3,horizontal,31459,0.6228888228888229,negative
negative_193.jpeg,/kaggle/input/musait/dataset/basket/negative_193.jpeg,1,"IN
TERROR STRIKES
PINK CITY
The Indian EXPRESS
7 blasts in 20 minutes kill 60, injure over 100 NSG team on its way
Death and fear in Jaipur","[{'x': 1, 'y': 4}, {'x': 194, 'y': 4}, {'x': 194, 'y': 167}, {'x': 1, 'y': 167}]",3:4,vertical,50505,4:3,horizontal,31459,0.6228888228888229,negative
negative_194.jpeg,/kaggle/input/musait/dataset/basket/negative_194.jpeg,1,"SHILTON
THE HINDUSTAN TIMES
ADVERTHE
an
BOMB BLASTS ROCK BOMBAY","[{'x': 0, 'y': 0}, {'x': 358, 'y': 0}, {'x': 358, 'y': 69}, {'x': 0, 'y': 69}]",Other,other,50457,Other,other,24702,0.4895653724953921,negative
negative_195.jpeg,/kaggle/input/musait/dataset/basket/negative_195.jpeg,1,"SHILTON
THE HINDUSTAN TIMES
ADVERTHE
an
BOMB BLASTS ROCK BOMBAY","[{'x': 0, 'y': 0}, {'x': 358, 'y': 0}, {'x': 358, 'y': 69}, {'x': 0, 'y': 69}]",Other,other,50457,Other,other,24702,0.4895653724953921,negative
negative_196.jpeg,/kaggle/input/musait/dataset/basket/negative_196.jpeg,1,"Chicago Daily Tribune
FINAL
ATOMIC BOMB STORY!
Tell How Deadly Weapon Was Developed
RONG SLE
AS IET PLANE
FALLS IN TEST
APS HALT TRAINS TO SMASHED CITY:
TRUMAN NEWS RAIN OF DESTRUCTION
TEKSE TRUMAN C","[{'x': 3, 'y': 3}, {'x': 242, 'y': 3}, {'x': 242, 'y': 179}, {'x': 3, 'y': 179}]",4:3,horizontal,50430,4:3,horizontal,42064,0.8341066825302399,negative
negative_197.jpeg,/kaggle/input/musait/dataset/basket/negative_197.jpeg,1,"Chicago Daily Tribune
FINAL
ATOMIC BOMB STORY!
Tell How Deadly Weapon Was Developed
RONG SLE
AS IET PLANE
FALLS IN TEST
APS HALT TRAINS TO SMASHED CITY:
TRUMAN NEWS RAIN OF DESTRUCTION
TEKSE TRUMAN C","[{'x': 3, 'y': 3}, {'x': 242, 'y': 3}, {'x': 242, 'y': 179}, {'x': 3, 'y': 179}]",4:3,horizontal,50430,4:3,horizontal,42064,0.8341066825302399,negative
negative_198.jpg,/kaggle/input/musait/dataset/basket/negative_198.jpg,1,"ANI
Watch: Massive fire breaks out
at Bagri Market in Kolkata","[{'x': 8, 'y': 42}, {'x': 469, 'y': 42}, {'x': 469, 'y': 326}, {'x': 8, 'y': 326}]",4:3,horizontal,172800,3:2,horizontal,130924,0.757662037037037,negative
negative_199.jpg,/kaggle/input/musait/dataset/basket/negative_199.jpg,1,"ANI
Watch: Massive fire breaks out
at Bagri Market in Kolkata","[{'x': 8, 'y': 42}, {'x': 469, 'y': 42}, {'x': 469, 'y': 326}, {'x': 8, 'y': 326}]",4:3,horizontal,172800,3:2,horizontal,130924,0.757662037037037,negative
negative_200.jpg,/kaggle/input/musait/dataset/basket/negative_200.jpg,1,"Daily Enterprise.
MASS, MONDAY, JULY 22, 1946
ETINS
MCKINLEY
abad Fi
347
day
Weather
THREE CENTS
IN
REPORTS 50 KILLED
JERUSALEM BOMB BLAST
SHOWERS HELP CROPS IN CITY
AREA, BUT MORE RAIN SEEN
NEEDED TO MEET SITUATION
Farmlands, Long Dry, Get Boost from
Rain. But Two-Day Fall
they
ps
sit
Is Needed
was the
ng esprit by Le
day, the
ring the ght and
fast in the sity since July 2
eyed be add that what the
sally need is a bay two day
A yet, the best the water an
Sy kurow but the
wit the shows bs d
the fad but the
TOTAL OF 60
ARE SAID TO
Headquarters of
British Army, Sec-
retariat Is Scene
BE INJURED
By CARTER DAVIDSON
WALEM 302-AP
Tits Nebot and shattered
part of the hit King David nie
head of the Army
and the metariat of the Patie
Overment og at
tetying bid that
dick the mooves part it th
chet este
The stack este 21 days after the","[{'x': 0, 'y': 51}, {'x': 554, 'y': 51}, {'x': 554, 'y': 511}, {'x': 0, 'y': 511}]",4:3,horizontal,327680,4:3,horizontal,254840,0.7777099609375,negative
negative_201.jpg,/kaggle/input/musait/dataset/basket/negative_201.jpg,1,"Daily Enterprise.
MASS, MONDAY, JULY 22, 1946
ETINS
MCKINLEY
abad Fi
347
day
Weather
THREE CENTS
IN
REPORTS 50 KILLED
JERUSALEM BOMB BLAST
SHOWERS HELP CROPS IN CITY
AREA, BUT MORE RAIN SEEN
NEEDED TO MEET SITUATION
Farmlands, Long Dry, Get Boost from
Rain. But Two-Day Fall
they
ps
sit
Is Needed
was the
ng esprit by Le
day, the
ring the ght and
fast in the sity since July 2
eyed be add that what the
sally need is a bay two day
A yet, the best the water an
Sy kurow but the
wit the shows bs d
the fad but the
TOTAL OF 60
ARE SAID TO
Headquarters of
British Army, Sec-
retariat Is Scene
BE INJURED
By CARTER DAVIDSON
WALEM 302-AP
Tits Nebot and shattered
part of the hit King David nie
head of the Army
and the metariat of the Patie
Overment og at
tetying bid that
dick the mooves part it th
chet este
The stack este 21 days after the","[{'x': 0, 'y': 51}, {'x': 554, 'y': 51}, {'x': 554, 'y': 511}, {'x': 0, 'y': 511}]",4:3,horizontal,327680,4:3,horizontal,254840,0.7777099609375,negative
negative_202.jpeg,/kaggle/input/musait/dataset/basket/negative_202.jpeg,1,"DEADLY FIRE IN
MUMBAI HIGH-RISE","[{'x': 13, 'y': 108}, {'x': 173, 'y': 108}, {'x': 173, 'y': 145}, {'x': 13, 'y': 145}]",16:9,horizontal,50400,Other,other,5920,0.1174603174603174,negative
negative_203.jpeg,/kaggle/input/musait/dataset/basket/negative_203.jpeg,1,"DEADLY FIRE IN
MUMBAI HIGH-RISE","[{'x': 13, 'y': 108}, {'x': 173, 'y': 108}, {'x': 173, 'y': 145}, {'x': 13, 'y': 145}]",16:9,horizontal,50400,Other,other,5920,0.1174603174603174,negative
negative_204.jpeg,/kaggle/input/musait/dataset/basket/negative_204.jpeg,1,"MUMBAI:
MAJOR
FIRE
KILLS 2","[{'x': 5, 'y': 25}, {'x': 115, 'y': 25}, {'x': 115, 'y': 141}, {'x': 5, 'y': 141}]",16:9,horizontal,50400,1:1,box,12760,0.2531746031746031,negative
negative_205.jpeg,/kaggle/input/musait/dataset/basket/negative_205.jpeg,1,"MUMBAI:
MAJOR
FIRE
KILLS 2","[{'x': 5, 'y': 25}, {'x': 115, 'y': 25}, {'x': 115, 'y': 141}, {'x': 5, 'y': 141}]",16:9,horizontal,50400,1:1,box,12760,0.2531746031746031,negative
negative_206.jpeg,/kaggle/input/musait/dataset/basket/negative_206.jpeg,1,"BREAKING NEWS
MUMBAI FIRE
FIRE AT
KAMALA
BUILDING IN
MUMABI'S
TARDEO
TARDEO, MUMBAI
TODAY","[{'x': 16, 'y': 8}, {'x': 291, 'y': 8}, {'x': 291, 'y': 134}, {'x': 16, 'y': 134}]",16:9,horizontal,50400,Other,other,34650,0.6875,negative
negative_207.jpeg,/kaggle/input/musait/dataset/basket/negative_207.jpeg,1,"BREAKING NEWS
MUMBAI FIRE
FIRE AT
KAMALA
BUILDING IN
MUMABI'S
TARDEO
TARDEO, MUMBAI
TODAY","[{'x': 16, 'y': 8}, {'x': 291, 'y': 8}, {'x': 291, 'y': 134}, {'x': 16, 'y': 134}]",16:9,horizontal,50400,Other,other,34650,0.6875,negative
negative_208.jpeg,/kaggle/input/musait/dataset/basket/negative_208.jpeg,1,"DAILY EXPRESS
30th DAY in Hiroshima: Those who escaped begin to die, victims of
THE ATOMIC PLAGUE
'I write this as a warning to the world' The big
DOCTORS FALL AS THE PICTURE THAT DOES NOT TELL THE WHOLE STORY Switch:
'Over by
THEY WORK
Poison gas fear: All wear masks
spring'
3.320,173
AMAZES
4.30 LATEST","[{'x': 2, 'y': 3}, {'x': 294, 'y': 3}, {'x': 294, 'y': 167}, {'x': 2, 'y': 167}]",16:9,horizontal,50232,16:9,horizontal,47888,0.95333651855391,negative
negative_209.jpeg,/kaggle/input/musait/dataset/basket/negative_209.jpeg,1,"DAILY EXPRESS
30th DAY in Hiroshima: Those who escaped begin to die, victims of
THE ATOMIC PLAGUE
'I write this as a warning to the world' The big
DOCTORS FALL AS THE PICTURE THAT DOES NOT TELL THE WHOLE STORY Switch:
'Over by
THEY WORK
Poison gas fear: All wear masks
spring'
3.320,173
AMAZES
4.30 LATEST","[{'x': 2, 'y': 3}, {'x': 294, 'y': 3}, {'x': 294, 'y': 167}, {'x': 2, 'y': 167}]",16:9,horizontal,50232,16:9,horizontal,47888,0.95333651855391,negative
negative_210.jpeg,/kaggle/input/musait/dataset/basket/negative_210.jpeg,1,"THE BOSTON HERALD
LATE CITY
SDITION
ATOMIC BOMB HITS NAGASAKI. SOVIET
ENTERS WAR. U.S. BIDS TOKYO QUIT
Vital Kyushu
City Is Second
Atom Target
HOM TRUMAN
PRODDED RES
The","[{'x': 1, 'y': 13}, {'x': 253, 'y': 13}, {'x': 253, 'y': 135}, {'x': 1, 'y': 135}]",4:3,horizontal,50233,2:1,horizontal,30744,0.6120279497541457,negative
negative_211.jpeg,/kaggle/input/musait/dataset/basket/negative_211.jpeg,1,"THE BOSTON HERALD
LATE CITY
SDITION
ATOMIC BOMB HITS NAGASAKI. SOVIET
ENTERS WAR. U.S. BIDS TOKYO QUIT
Vital Kyushu
City Is Second
Atom Target
HOM TRUMAN
PRODDED RES
The","[{'x': 1, 'y': 13}, {'x': 253, 'y': 13}, {'x': 253, 'y': 135}, {'x': 1, 'y': 135}]",4:3,horizontal,50233,2:1,horizontal,30744,0.6120279497541457,negative
negative_212.jpeg,/kaggle/input/musait/dataset/basket/negative_212.jpeg,1,"The New York Times.
LATE CITY CRITE
FIRST ATOMIC BOMB DROPPED ON JAPAN;
MISSILE IS EQUAL TO 20,000
TRUMAN WARNS FOE OF A
Jet Plane Explain Kill
PLEAS DEAS Majer Bong, Top U.S. Ace
TONS OF TNT;
RAIN OF RUIN'
Steel Tower Vapor NEW
In Trial of Mighty Bank","[{'x': 8, 'y': 10}, {'x': 289, 'y': 10}, {'x': 289, 'y': 103}, {'x': 8, 'y': 103}]",16:9,horizontal,50400,Other,other,26133,0.5185119047619048,negative
negative_213.jpeg,/kaggle/input/musait/dataset/basket/negative_213.jpeg,1,"The New York Times.
LATE CITY CRITE
FIRST ATOMIC BOMB DROPPED ON JAPAN;
MISSILE IS EQUAL TO 20,000
TRUMAN WARNS FOE OF A
Jet Plane Explain Kill
PLEAS DEAS Majer Bong, Top U.S. Ace
TONS OF TNT;
RAIN OF RUIN'
Steel Tower Vapor NEW
In Trial of Mighty Bank","[{'x': 8, 'y': 10}, {'x': 289, 'y': 10}, {'x': 289, 'y': 103}, {'x': 8, 'y': 103}]",16:9,horizontal,50400,Other,other,26133,0.5185119047619048,negative
negative_214.jpg,/kaggle/input/musait/dataset/basket/negative_214.jpg,1,"NHK WORLD
BREAKING NEWS
HYDROGEN EXPLOSION
van le","[{'x': 32, 'y': 222}, {'x': 459, 'y': 222}, {'x': 459, 'y': 275}, {'x': 32, 'y': 275}]",Other,other,126960,Other,other,22631,0.178252993068683,negative
negative_215.jpg,/kaggle/input/musait/dataset/basket/negative_215.jpg,1,"NHK WORLD
BREAKING NEWS
HYDROGEN EXPLOSION
van le","[{'x': 32, 'y': 222}, {'x': 459, 'y': 222}, {'x': 459, 'y': 275}, {'x': 32, 'y': 275}]",Other,other,126960,Other,other,22631,0.178252993068683,negative
negative_216.jpg,/kaggle/input/musait/dataset/basket/negative_216.jpg,1,"MAJOR FIRE IN MUMBAI
HIGH-RISE
mid-day
.com","[{'x': 59, 'y': 51}, {'x': 1202, 'y': 51}, {'x': 1202, 'y': 617}, {'x': 59, 'y': 617}]",16:9,horizontal,921600,16:9,horizontal,646938,0.70197265625,negative
negative_217.jpg,/kaggle/input/musait/dataset/basket/negative_217.jpg,1,"MAJOR FIRE IN MUMBAI
HIGH-RISE
mid-day
.com","[{'x': 59, 'y': 51}, {'x': 1202, 'y': 51}, {'x': 1202, 'y': 617}, {'x': 59, 'y': 617}]",16:9,horizontal,921600,16:9,horizontal,646938,0.70197265625,negative
negative_218.jpg,/kaggle/input/musait/dataset/basket/negative_218.jpg,1,"FIRE AT MUMBAI HIGH-RISE
RESCUE OPERATION CONTINUES
INDIA
TODAY
KAMALR","[{'x': 125, 'y': 27}, {'x': 1236, 'y': 27}, {'x': 1236, 'y': 257}, {'x': 125, 'y': 257}]",16:9,horizontal,921600,Other,other,255530,0.2772677951388889,negative
negative_219.jpg,/kaggle/input/musait/dataset/basket/negative_219.jpg,1,"FIRE AT MUMBAI HIGH-RISE
RESCUE OPERATION CONTINUES
INDIA
TODAY
KAMALR","[{'x': 125, 'y': 27}, {'x': 1236, 'y': 27}, {'x': 1236, 'y': 257}, {'x': 125, 'y': 257}]",16:9,horizontal,921600,Other,other,255530,0.2772677951388889,negative
negative_220.jpg,/kaggle/input/musait/dataset/basket/negative_220.jpg,1,"Massive fire breaks in
Kolkata's Bagri market
900
M.M.CROCKERY","[{'x': 170, 'y': 445}, {'x': 967, 'y': 445}, {'x': 967, 'y': 624}, {'x': 170, 'y': 624}]",16:9,horizontal,921600,Other,other,142663,0.1547992621527777,negative
negative_221.jpg,/kaggle/input/musait/dataset/basket/negative_221.jpg,1,"Massive fire breaks in
Kolkata's Bagri market
900
M.M.CROCKERY","[{'x': 170, 'y': 445}, {'x': 967, 'y': 445}, {'x': 967, 'y': 624}, {'x': 170, 'y': 624}]",16:9,horizontal,921600,Other,other,142663,0.1547992621527777,negative
negative_222.jpg,/kaggle/input/musait/dataset/basket/negative_222.jpg,1,"R. RISE NEWSBREAK
TARDEO, MUMBAI
FIRE AT TARDEO'S 20 STOREY BUILDING","[{'x': 67, 'y': 21}, {'x': 660, 'y': 21}, {'x': 660, 'y': 321}, {'x': 67, 'y': 321}]",16:9,horizontal,292320,16:9,horizontal,177900,0.6085796387520526,negative
negative_223.jpg,/kaggle/input/musait/dataset/basket/negative_223.jpg,1,"R. RISE NEWSBREAK
TARDEO, MUMBAI
FIRE AT TARDEO'S 20 STOREY BUILDING","[{'x': 67, 'y': 21}, {'x': 660, 'y': 21}, {'x': 660, 'y': 321}, {'x': 67, 'y': 321}]",16:9,horizontal,292320,16:9,horizontal,177900,0.6085796387520526,negative
negative_224.jpg,/kaggle/input/musait/dataset/basket/negative_224.jpg,1,"RUSSIAN MISSILES STRIKE KYIV SHOPPING CENTRE
AT LEAST 8 KILLED","[{'x': 18, 'y': 155}, {'x': 263, 'y': 155}, {'x': 263, 'y': 194}, {'x': 18, 'y': 194}]",16:9,horizontal,81320,Other,other,9555,0.1174987702902115,negative
negative_225.jpg,/kaggle/input/musait/dataset/basket/negative_225.jpg,1,"RUSSIAN MISSILES STRIKE KYIV SHOPPING CENTRE
AT LEAST 8 KILLED","[{'x': 18, 'y': 155}, {'x': 263, 'y': 155}, {'x': 263, 'y': 194}, {'x': 18, 'y': 194}]",16:9,horizontal,81320,Other,other,9555,0.1174987702902115,negative
negative_226.jpg,/kaggle/input/musait/dataset/basket/negative_226.jpg,1,"LATEST NEWS
THE INVADERS
LAUNCHED A
ROCKET ATTACK ON
VASILKOV
- UKRAINE RUSSIA NEWS
Medico topics","[{'x': 67, 'y': 122}, {'x': 1173, 'y': 122}, {'x': 1173, 'y': 666}, {'x': 67, 'y': 666}]",16:9,horizontal,921600,16:9,horizontal,601664,0.6528472222222222,negative
negative_227.jpg,/kaggle/input/musait/dataset/basket/negative_227.jpg,1,"LATEST NEWS
THE INVADERS
LAUNCHED A
ROCKET ATTACK ON
VASILKOV
- UKRAINE RUSSIA NEWS
Medico topics","[{'x': 67, 'y': 122}, {'x': 1173, 'y': 122}, {'x': 1173, 'y': 666}, {'x': 67, 'y': 666}]",16:9,horizontal,921600,16:9,horizontal,601664,0.6528472222222222,negative
negative_228.jpg,/kaggle/input/musait/dataset/basket/negative_228.jpg,1,"BREAKING NEWS
MISSILE ATTACK ON KHARKIV CITY COUNCIL
INDIA
TODAY","[{'x': 56, 'y': 28}, {'x': 1235, 'y': 28}, {'x': 1235, 'y': 153}, {'x': 56, 'y': 153}]",16:9,horizontal,921600,Other,other,147375,0.159912109375,negative
negative_229.jpg,/kaggle/input/musait/dataset/basket/negative_229.jpg,1,"BREAKING NEWS
MISSILE ATTACK ON KHARKIV CITY COUNCIL
INDIA
TODAY","[{'x': 56, 'y': 28}, {'x': 1235, 'y': 28}, {'x': 1235, 'y': 153}, {'x': 56, 'y': 153}]",16:9,horizontal,921600,Other,other,147375,0.159912109375,negative
negative_230.jpg,/kaggle/input/musait/dataset/basket/negative_230.jpg,1,"RUSSIA INVADES UKRAINE
FRESH EXPLOSIONS, MISSILE ATTACK ROCK KYIV
INDIA
TODAY","[{'x': 27, 'y': 30}, {'x': 1235, 'y': 30}, {'x': 1235, 'y': 158}, {'x': 27, 'y': 158}]",16:9,horizontal,921600,Other,other,154624,0.1677777777777777,negative
negative_231.jpg,/kaggle/input/musait/dataset/basket/negative_231.jpg,1,"RUSSIA INVADES UKRAINE
FRESH EXPLOSIONS, MISSILE ATTACK ROCK KYIV
INDIA
TODAY","[{'x': 27, 'y': 30}, {'x': 1235, 'y': 30}, {'x': 1235, 'y': 158}, {'x': 27, 'y': 158}]",16:9,horizontal,921600,Other,other,154624,0.1677777777777777,negative
negative_232.jpg,/kaggle/input/musait/dataset/basket/negative_232.jpg,1,"DAY 9 OF PUTIN'S INVASION
NUCLEAR DISASTER LOOMS
INDIA
TODAY","[{'x': 58, 'y': 28}, {'x': 1236, 'y': 28}, {'x': 1236, 'y': 162}, {'x': 58, 'y': 162}]",16:9,horizontal,921600,Other,other,157852,0.1712803819444444,negative
negative_233.jpg,/kaggle/input/musait/dataset/basket/negative_233.jpg,1,"DAY 9 OF PUTIN'S INVASION
NUCLEAR DISASTER LOOMS
INDIA
TODAY","[{'x': 58, 'y': 28}, {'x': 1236, 'y': 28}, {'x': 1236, 'y': 162}, {'x': 58, 'y': 162}]",16:9,horizontal,921600,Other,other,157852,0.1712803819444444,negative
negative_234.jpg,/kaggle/input/musait/dataset/basket/negative_234.jpg,1,"BREAKING NEWS
EXPLOSIONS IN LVIV & KHERSON
INDIA
TODAY","[{'x': 172, 'y': 24}, {'x': 1235, 'y': 24}, {'x': 1235, 'y': 154}, {'x': 172, 'y': 154}]",16:9,horizontal,921600,Other,other,138190,0.1499457465277777,negative
negative_235.jpg,/kaggle/input/musait/dataset/basket/negative_235.jpg,1,"BREAKING NEWS
EXPLOSIONS IN LVIV & KHERSON
INDIA
TODAY","[{'x': 172, 'y': 24}, {'x': 1235, 'y': 24}, {'x': 1235, 'y': 154}, {'x': 172, 'y': 154}]",16:9,horizontal,921600,Other,other,138190,0.1499457465277777,negative
negative_236.jpg,/kaggle/input/musait/dataset/basket/negative_236.jpg,1,"RUSSIA VS UKRAINE
RUSSIA INTENSIFIES MISSILE ATTACK ON KYIV
INDIA
TODAY
REW","[{'x': 52, 'y': 29}, {'x': 1234, 'y': 29}, {'x': 1234, 'y': 673}, {'x': 52, 'y': 673}]",16:9,horizontal,921600,16:9,horizontal,761208,0.8259635416666666,negative
negative_237.jpg,/kaggle/input/musait/dataset/basket/negative_237.jpg,1,"RUSSIA VS UKRAINE
RUSSIA INTENSIFIES MISSILE ATTACK ON KYIV
INDIA
TODAY
REW","[{'x': 52, 'y': 29}, {'x': 1234, 'y': 29}, {'x': 1234, 'y': 673}, {'x': 52, 'y': 673}]",16:9,horizontal,921600,16:9,horizontal,761208,0.8259635416666666,negative
negative_238.jpg,/kaggle/input/musait/dataset/basket/negative_238.jpg,1,"DEVASTATING KHARKIV ATTACK
NUMBING VIDEO CAPTURES MISSILE ATTACK
INDIA
TODAY","[{'x': 21, 'y': 7}, {'x': 308, 'y': 7}, {'x': 308, 'y': 39}, {'x': 21, 'y': 39}]",16:9,horizontal,57600,Other,other,9184,0.1594444444444444,negative
negative_239.jpg,/kaggle/input/musait/dataset/basket/negative_239.jpg,1,"DEVASTATING KHARKIV ATTACK
NUMBING VIDEO CAPTURES MISSILE ATTACK
INDIA
TODAY","[{'x': 21, 'y': 7}, {'x': 308, 'y': 7}, {'x': 308, 'y': 39}, {'x': 21, 'y': 39}]",16:9,horizontal,57600,Other,other,9184,0.1594444444444444,negative
negative_240.jpg,/kaggle/input/musait/dataset/basket/negative_240.jpg,1,"RAIGAD BUILDING COLLAPSE
13 DEAD, 4-YR-OLD AMONG 78 RESCUED
Maha govt will give compensation of Rs 5L each to families of deceased
Raigad: Thirteen peo-
ple have died and sev-
eral are still missing
after a residential build-
ing collapsed in Maha-
rashtra's Raigad dis-
trict on Monday even-
ing. The rescue opera-
tion has been going on
for more than 24 hours.
Seven bodies were
found in the last two
hours in the debris, of-
ficials said. More than
78 people have been res-
cued so far.
Three teams of the
NDRF (National Disaster
Response Force) and 12
teams of the fire brigade
are at the spot. The five-
storey building, which
was about seven years
old, had over 45 flats.
The rescue officials
had a brief moment of
relief when they pulled
out a four-year-old alive
from the debris.
""A case has been reg-
istered against the de-
veloper and architect.
Whoever will be respon-
sible, strict action will
be taken against them. It
would take another sev-
en-eight hours to clear
the debris,"" Collector
Nidhi Chaudhary said.
""We have announced an
ex-gratia of Rs 5 lakh
each to the families of
deceased. Financial as-
sistance of up to Rs
50,000 will be provided
to those injured,"" said
state Minister Vijay Wa-
dettiwar-Agencies
IDC
DRE
DA
ZO.R.F.
RESCUL
FORCE
-PHOTOS BY ANI
Search and rescue operation underway at the spot, where a building collapsed in Raigad district on Tuesday. A 4-year-old boy was
rescued from under the debris at the site of building collapse in Mahad, Raigad on Tuesday.
PM MODI EXPRESSES GRIEF
PM Narendra Modi has expressed anguish
over the building collapse in a residen-
tial area of Mahad in
Maharashtra's Raigad
district and prayed for
the speedy recovery of
the injured. ""Saddened
by the building collapse
in Mahad, Raigad in Ma-
harashtra. My thoughts
are with the families of
those who lost their dear ones. I pray the
injured recover soon. Local authorities and
NDRF teams are at the site of the tragedy,
providing all possible assistance"" PMO India
said in a tweet.
PRESIDENT OF INDIA
@RASHTRAPATIBHVN
The news of the building
collapse at Mahad, Raigad
in Maharashtra and loss
of lives is distressing. My
thoughts and prayers are
with the accident victims. I
wish speedy recovery of the
injured. Local authorities
and NDRF teams are
coordinating rescue and
relief efforts.
Saddened about the Maha incident: Raga
New Delhi: Congress
leader Rahul Gandhi
conveyed condo-
lences to the kin of
the deceased, who
lost their lives in the
building collapse in
the residential area of
Mahad in Raigad dis-
trict. ""I am distressed/
saddened about the in-
cident that took place
in Mahad. I offer my
deepest condolences
to the family members
of the deceased,"" he
tweeted. He further
appealed to state
government to provide
immediate aid to the
injured and people who
are trapped under the
debris and urged party
workers to assist the
rescue teams. —ANI
FIR against five persons, rescue
operations underway, say cops
Raigad: An FIR was
registered against five
people at Mahad city
police station over
building collapse in a
residential area of
Mahad in Raigad dis-
trict, wherein, 13 peo-
ple lost their lives.
According to police,
the FIR has been reg-
istered under Sections
304 (culpable homi-
cide not amounting to
murder), 304-A (caus-
ing death by negli
gence), 337 (causing
hurt by act endanger-
ing life), 338 (causing
grievous hurt by act
endangering life) and
34 (acts by several per-
sons in furtherance of
common intention) of
the Indian Penal Code.
So far, no one has been
arrested. —ANI","[{'x': 9, 'y': 6}, {'x': 2337, 'y': 6}, {'x': 2337, 'y': 1717}, {'x': 9, 'y': 1717}]",4:3,horizontal,4085424,4:3,horizontal,3983208,0.9749803202800982,negative
negative_241.jpg,/kaggle/input/musait/dataset/basket/negative_241.jpg,1,"RAIGAD BUILDING COLLAPSE
13 DEAD, 4-YR-OLD AMONG 78 RESCUED
Maha govt will give compensation of Rs 5L each to families of deceased
Raigad: Thirteen peo-
ple have died and sev-
eral are still missing
after a residential build-
ing collapsed in Maha-
rashtra's Raigad dis-
trict on Monday even-
ing. The rescue opera-
tion has been going on
for more than 24 hours.
Seven bodies were
found in the last two
hours in the debris, of-
ficials said. More than
78 people have been res-
cued so far.
Three teams of the
NDRF (National Disaster
Response Force) and 12
teams of the fire brigade
are at the spot. The five-
storey building, which
was about seven years
old, had over 45 flats.
The rescue officials
had a brief moment of
relief when they pulled
out a four-year-old alive
from the debris.
""A case has been reg-
istered against the de-
veloper and architect.
Whoever will be respon-
sible, strict action will
be taken against them. It
would take another sev-
en-eight hours to clear
the debris,"" Collector
Nidhi Chaudhary said.
""We have announced an
ex-gratia of Rs 5 lakh
each to the families of
deceased. Financial as-
sistance of up to Rs
50,000 will be provided
to those injured,"" said
state Minister Vijay Wa-
dettiwar-Agencies
IDC
DRE
DA
ZO.R.F.
RESCUL
FORCE
-PHOTOS BY ANI
Search and rescue operation underway at the spot, where a building collapsed in Raigad district on Tuesday. A 4-year-old boy was
rescued from under the debris at the site of building collapse in Mahad, Raigad on Tuesday.
PM MODI EXPRESSES GRIEF
PM Narendra Modi has expressed anguish
over the building collapse in a residen-
tial area of Mahad in
Maharashtra's Raigad
district and prayed for
the speedy recovery of
the injured. ""Saddened
by the building collapse
in Mahad, Raigad in Ma-
harashtra. My thoughts
are with the families of
those who lost their dear ones. I pray the
injured recover soon. Local authorities and
NDRF teams are at the site of the tragedy,
providing all possible assistance"" PMO India
said in a tweet.
PRESIDENT OF INDIA
@RASHTRAPATIBHVN
The news of the building
collapse at Mahad, Raigad
in Maharashtra and loss
of lives is distressing. My
thoughts and prayers are
with the accident victims. I
wish speedy recovery of the
injured. Local authorities
and NDRF teams are
coordinating rescue and
relief efforts.
Saddened about the Maha incident: Raga
New Delhi: Congress
leader Rahul Gandhi
conveyed condo-
lences to the kin of
the deceased, who
lost their lives in the
building collapse in
the residential area of
Mahad in Raigad dis-
trict. ""I am distressed/
saddened about the in-
cident that took place
in Mahad. I offer my
deepest condolences
to the family members
of the deceased,"" he
tweeted. He further
appealed to state
government to provide
immediate aid to the
injured and people who
are trapped under the
debris and urged party
workers to assist the
rescue teams. —ANI
FIR against five persons, rescue
operations underway, say cops
Raigad: An FIR was
registered against five
people at Mahad city
police station over
building collapse in a
residential area of
Mahad in Raigad dis-
trict, wherein, 13 peo-
ple lost their lives.
According to police,
the FIR has been reg-
istered under Sections
304 (culpable homi-
cide not amounting to
murder), 304-A (caus-
ing death by negli
gence), 337 (causing
hurt by act endanger-
ing life), 338 (causing
grievous hurt by act
endangering life) and
34 (acts by several per-
sons in furtherance of
common intention) of
the Indian Penal Code.
So far, no one has been
arrested. —ANI","[{'x': 9, 'y': 6}, {'x': 2337, 'y': 6}, {'x': 2337, 'y': 1717}, {'x': 9, 'y': 1717}]",4:3,horizontal,4085424,4:3,horizontal,3983208,0.9749803202800982,negative
negative_242.jpg,/kaggle/input/musait/dataset/basket/negative_242.jpg,1,"TIMES
OF INDIA
Three juveniles among six
held for murder of youth
Old Enmity
Motive Behind
Killing: Police
TIMES NEWS NETWORK
Puducherry: Police have ar-
rested six people, including
three juveniles, on charges of
murdering a youth due to
previous enmity here.
Police produced S Iyya-
nar alias Thadi Iyyanar, 24, P
Manikandan alias Katta Ma-
ni, 23, and M Ajithkumar
alias Chandru, 22, hailing
from Pudhu Nagar at Kanu-
vapet in Villianur before a lo-
cal court which remanded
them in judicial custody. Po-
lice produced the three juve-
BROUGHT TO JUSTICE:Policemen with three of the accused
arrested in connection with the murder
niles in conflict with the law
before a special court, which
sent them to an observation
home. Senior superintend-
ent of police (law and order)
Apoorva Gupta said a gang
armed with long knives way-
laid two men on a motorcycle
on Saturday and brutally
hacked one of them to death.
TOI
The deceased was identi-
fied as Thamizh alias Ilava-
rasan. The Villianur police
have registered a case and
initial inquiries revealed
that previous enmity be-
tween Thamizh and Iyyanar
was the motive behind the
murder. She said Thamizh
had attacked Iyyanar and his
friends and forced him to
kneel down during one of
their quarrels. Infuriated by
the incident, Iyyanar and his
friends decided to eliminate
Thamizh and hatched a plot
to kill him. On noticing their
rival with his friend on a mo-
torcycle at a secluded place,
the gang members attacked
him with sharp weapons.
Thamizh died on the spot.
Police arrested six peo-
ple, including three juve-
niles, and seized long knives,
a motorcycle, mobile phones
and blood-stained clothes
from their possession after
the arrested confessed to
committing the crime. Police
inquiries also revealed invol-
vement of two others- Arjun
and Pandian alias Arun-in
the crime.","[{'x': 51, 'y': 41}, {'x': 1670, 'y': 41}, {'x': 1670, 'y': 1177}, {'x': 51, 'y': 1177}]",4:3,horizontal,2024330,4:3,horizontal,1839184,0.9085396155765116,negative
negative_243.jpg,/kaggle/input/musait/dataset/basket/negative_243.jpg,1,"TIMES
OF INDIA
Three juveniles among six
held for murder of youth
Old Enmity
Motive Behind
Killing: Police
TIMES NEWS NETWORK
Puducherry: Police have ar-
rested six people, including
three juveniles, on charges of
murdering a youth due to
previous enmity here.
Police produced S Iyya-
nar alias Thadi Iyyanar, 24, P
Manikandan alias Katta Ma-
ni, 23, and M Ajithkumar
alias Chandru, 22, hailing
from Pudhu Nagar at Kanu-
vapet in Villianur before a lo-
cal court which remanded
them in judicial custody. Po-
lice produced the three juve-
BROUGHT TO JUSTICE:Policemen with three of the accused
arrested in connection with the murder
niles in conflict with the law
before a special court, which
sent them to an observation
home. Senior superintend-
ent of police (law and order)
Apoorva Gupta said a gang
armed with long knives way-
laid two men on a motorcycle
on Saturday and brutally
hacked one of them to death.
TOI
The deceased was identi-
fied as Thamizh alias Ilava-
rasan. The Villianur police
have registered a case and
initial inquiries revealed
that previous enmity be-
tween Thamizh and Iyyanar
was the motive behind the
murder. She said Thamizh
had attacked Iyyanar and his
friends and forced him to
kneel down during one of
their quarrels. Infuriated by
the incident, Iyyanar and his
friends decided to eliminate
Thamizh and hatched a plot
to kill him. On noticing their
rival with his friend on a mo-
torcycle at a secluded place,
the gang members attacked
him with sharp weapons.
Thamizh died on the spot.
Police arrested six peo-
ple, including three juve-
niles, and seized long knives,
a motorcycle, mobile phones
and blood-stained clothes
from their possession after
the arrested confessed to
committing the crime. Police
inquiries also revealed invol-
vement of two others- Arjun
and Pandian alias Arun-in
the crime.","[{'x': 51, 'y': 41}, {'x': 1670, 'y': 41}, {'x': 1670, 'y': 1177}, {'x': 51, 'y': 1177}]",4:3,horizontal,2024330,4:3,horizontal,1839184,0.9085396155765116,negative
negative_244.jpg,/kaggle/input/musait/dataset/basket/negative_244.jpg,1,GRIME SCENE,"[{'x': 0, 'y': 157}, {'x': 969, 'y': 157}, {'x': 969, 'y': 359}, {'x': 0, 'y': 359}]",16:9,horizontal,528650,Other,other,195738,0.370260096472146,negative
negative_245.jpg,/kaggle/input/musait/dataset/basket/negative_245.jpg,1,GRIME SCENE,"[{'x': 0, 'y': 157}, {'x': 969, 'y': 157}, {'x': 969, 'y': 359}, {'x': 0, 'y': 359}]",16:9,horizontal,528650,Other,other,195738,0.370260096472146,negative
negative_246.jpg,/kaggle/input/musait/dataset/basket/negative_246.jpg,1,"HOSPITAL BUILDING COLLAPSE
Voice of Upendra Jain, IGP Bhopal
OCAN
Bhop: CNN-IBN
LIVE
BREAKING NEWS
ALTIES
AS
VET
INDIA HOSPITAL CEILING COLLAPSES CAN
Officials: Ceiling of one floor has fallen in two-story building
DAX
-8.43","[{'x': 64, 'y': 29}, {'x': 1216, 'y': 29}, {'x': 1216, 'y': 675}, {'x': 64, 'y': 675}]",16:9,horizontal,921600,16:9,horizontal,744192,0.8075,negative
negative_247.jpg,/kaggle/input/musait/dataset/basket/negative_247.jpg,1,"HOSPITAL BUILDING COLLAPSE
Voice of Upendra Jain, IGP Bhopal
OCAN
Bhop: CNN-IBN
LIVE
BREAKING NEWS
ALTIES
AS
VET
INDIA HOSPITAL CEILING COLLAPSES CAN
Officials: Ceiling of one floor has fallen in two-story building
DAX
-8.43","[{'x': 64, 'y': 29}, {'x': 1216, 'y': 29}, {'x': 1216, 'y': 675}, {'x': 64, 'y': 675}]",16:9,horizontal,921600,16:9,horizontal,744192,0.8075,negative
negative_248.jpg,/kaggle/input/musait/dataset/basket/negative_248.jpg,1,"BUILDING COLLAPSE
HORROR IN
CENTRAL
DELHI
CAN NEWS 18","[{'x': 30, 'y': 16}, {'x': 1183, 'y': 16}, {'x': 1183, 'y': 395}, {'x': 30, 'y': 395}]",16:9,horizontal,756000,Other,other,436987,0.5780251322751323,negative
negative_249.jpg,/kaggle/input/musait/dataset/basket/negative_249.jpg,1,"BUILDING COLLAPSE
HORROR IN
CENTRAL
DELHI
CAN NEWS 18","[{'x': 30, 'y': 16}, {'x': 1183, 'y': 16}, {'x': 1183, 'y': 395}, {'x': 30, 'y': 395}]",16:9,horizontal,756000,Other,other,436987,0.5780251322751323,negative
negative_250.jpg,/kaggle/input/musait/dataset/basket/negative_250.jpg,1,"Police and villagers in all-night search for missing girl
BODY FOUND IN
Missing schoolgirl lived here Tragedy in
isolated spot
at Penllergaer
WOOD
Search in woodland area
LONDON FLOUR RUSH
Master Bakers
LOVED HOME
Cargo ship
hit rock
ppose rationing off 'Smalls
A
Local reactions
Rival applicants for
Mondays
Weather Forecast
Germans
unaware of
SWANSEA AS A FUTURE
HOLIDAY RESORT
mass murders £516,000 scheme for
seaside amenities
Hated mystery
LABOURER IN
COURT ON
MURDER CHARGE
WOMAN'S BODY
ON WASTE
GROUND
LIBERAL CAL
TO DEFEAT
GOVERNMENT
LONDON SEARCH
FOR HEATH
M
C
Travelled lonely road:
PRINCESS TO
CORSEDD BA","[{'x': 0, 'y': 0}, {'x': 467, 'y': 0}, {'x': 467, 'y': 372}, {'x': 0, 'y': 372}]",4:3,horizontal,176436,4:3,horizontal,173724,0.9846289872815072,negative
negative_251.jpg,/kaggle/input/musait/dataset/basket/negative_251.jpg,1,"Police and villagers in all-night search for missing girl
BODY FOUND IN
Missing schoolgirl lived here Tragedy in
isolated spot
at Penllergaer
WOOD
Search in woodland area
LONDON FLOUR RUSH
Master Bakers
Cargo ship
hit rock
ppose rationing off 'Smalls
A
Local reactions
Rival applicants for
Mondays
Weather Forecast
Germans
unaware of
SWANSEA AS A FUTURE
HOLIDAY RESORT
mass murders £516,000 scheme for
seaside amenities
Hotel mystery
LABOURER IN
COURT ON
MURDER CHARGE
WOMAN'S BODY
ON WASTE
GROUND
LIBERAL CAL
TO DEFEAT
GOVERNMENT
LONDON SEARCH
FOR HEATH
M
C
Travelled lonely road:
PRINCESS TO SE
CORSEDD BA","[{'x': 0, 'y': 0}, {'x': 467, 'y': 0}, {'x': 467, 'y': 372}, {'x': 0, 'y': 372}]",4:3,horizontal,176436,4:3,horizontal,173724,0.9846289872815072,negative
negative_252.jpg,/kaggle/input/musait/dataset/basket/negative_252.jpg,1,CRIME,"[{'x': 154, 'y': 180}, {'x': 500, 'y': 180}, {'x': 500, 'y': 271}, {'x': 154, 'y': 271}]",4:3,horizontal,269550,Other,other,31486,0.116809497310332,negative
negative_253.jpg,/kaggle/input/musait/dataset/basket/negative_253.jpg,1,CRIME,"[{'x': 154, 'y': 180}, {'x': 500, 'y': 180}, {'x': 500, 'y': 271}, {'x': 154, 'y': 271}]",4:3,horizontal,269550,Other,other,31486,0.116809497310332,negative
negative_254.jpg,/kaggle/input/musait/dataset/basket/negative_254.jpg,1,"BAD
INTENTIONS","[{'x': 30, 'y': 129}, {'x': 210, 'y': 129}, {'x': 210, 'y': 197}, {'x': 30, 'y': 197}]",1:1,box,50400,Other,other,12240,0.2428571428571428,negative
negative_255.jpg,/kaggle/input/musait/dataset/basket/negative_255.jpg,1,"BAD
INTENTIONS","[{'x': 30, 'y': 129}, {'x': 210, 'y': 129}, {'x': 210, 'y': 197}, {'x': 30, 'y': 197}]",1:1,box,50400,Other,other,12240,0.2428571428571428,negative
negative_256.jpg,/kaggle/input/musait/dataset/basket/negative_256.jpg,1,"NDTV
Two Buildings Collapse In
Malad & Fort Area","[{'x': 7, 'y': 63}, {'x': 465, 'y': 63}, {'x': 465, 'y': 303}, {'x': 7, 'y': 303}]",4:3,horizontal,172800,16:9,horizontal,109920,0.6361111111111111,negative
negative_257.jpg,/kaggle/input/musait/dataset/basket/negative_257.jpg,1,"NDTV
Two Buildings Collapse In
Malad & Fort Area","[{'x': 6, 'y': 63}, {'x': 465, 'y': 63}, {'x': 465, 'y': 303}, {'x': 6, 'y': 303}]",4:3,horizontal,172800,16:9,horizontal,110160,0.6375,negative
negative_258.jpg,/kaggle/input/musait/dataset/basket/negative_258.jpg,1,"10 Dead In Bhiwandi
Building Collapse
NDTV","[{'x': 12, 'y': 60}, {'x': 459, 'y': 60}, {'x': 459, 'y': 308}, {'x': 12, 'y': 308}]",4:3,horizontal,172800,16:9,horizontal,110856,0.6415277777777778,negative
negative_259.jpg,/kaggle/input/musait/dataset/basket/negative_259.jpg,1,"10 Dead In Bhiwandi
Building Collapse
NDTV","[{'x': 12, 'y': 60}, {'x': 459, 'y': 60}, {'x': 459, 'y': 308}, {'x': 12, 'y': 308}]",4:3,horizontal,172800,16:9,horizontal,110856,0.6415277777777778,negative
negative_260.jpg,/kaggle/input/musait/dataset/basket/negative_260.jpg,1,"POLICE
TEEN, 15
STABBED
IN BACK
umbramek,
А репро
be low back
bpl who h
De
and on the
FULL STORY TAGES","[{'x': 2, 'y': 23}, {'x': 296, 'y': 23}, {'x': 296, 'y': 163}, {'x': 2, 'y': 163}]",16:9,horizontal,50400,2:1,horizontal,41160,0.8166666666666667,negative
negative_261.jpg,/kaggle/input/musait/dataset/basket/negative_261.jpg,1,"POLICE
TEEN, 15
STABBED
IN BACK
umbramek,
А репро
be low back
bpl who h
De
and on the
FULL STORY TAGES","[{'x': 2, 'y': 23}, {'x': 296, 'y': 23}, {'x': 296, 'y': 163}, {'x': 2, 'y': 163}]",16:9,horizontal,50400,2:1,horizontal,41160,0.8166666666666667,negative
negative_262.jpg,/kaggle/input/musait/dataset/basket/negative_262.jpg,1,"BREAKING NEWS
TODAY
DELHI BUILDING COLLAPSE
4-STOREY COLLAPSES IN NORTH DELHI
2
GOVT: READY TO CREATE PANEL
TO PROBE PEGASUS ROW","[{'x': 11, 'y': 8}, {'x': 287, 'y': 8}, {'x': 287, 'y': 161}, {'x': 11, 'y': 161}]",16:9,horizontal,50400,16:9,horizontal,42228,0.8378571428571429,negative
negative_263.jpg,/kaggle/input/musait/dataset/basket/negative_263.jpg,1,"BREAKING NEWS
TODAY
DELHI BUILDING COLLAPSE
4-STOREY COLLAPSES IN NORTH DELHI
2
GOVT: READY TO CREATE PANEL
TO PROBE PEGASUS ROW","[{'x': 11, 'y': 8}, {'x': 287, 'y': 8}, {'x': 287, 'y': 161}, {'x': 11, 'y': 161}]",16:9,horizontal,50400,16:9,horizontal,42228,0.8378571428571429,negative
negative_264.jpg,/kaggle/input/musait/dataset/basket/negative_264.jpg,1,"INDIA
TODAY
RAJASTHAN
NEWS
CHILLING
MURDER
CAUGHT
ON CAM","[{'x': 44, 'y': 62}, {'x': 585, 'y': 62}, {'x': 585, 'y': 691}, {'x': 44, 'y': 691}]",16:9,horizontal,921600,1:1,box,340289,0.3692371961805555,negative
negative_265.jpg,/kaggle/input/musait/dataset/basket/negative_265.jpg,1,"INDIA
TODAY
RAJASTHAN
NEWS
CHILLING
MURDER
CAUGHT
ON CAM","[{'x': 44, 'y': 62}, {'x': 585, 'y': 62}, {'x': 585, 'y': 691}, {'x': 44, 'y': 691}]",16:9,horizontal,921600,1:1,box,340289,0.3692371961805555,negative
negative_266.jpg,/kaggle/input/musait/dataset/basket/negative_266.jpg,1,"K'TAKA MURDER CASE
ACCUSED KASHIF'S WIFE EXCLUSIVE
INDIA
TODAY
INDIA
TODAY
EXCLUSIVE
KASHIF
ACCUSED 1","[{'x': 104, 'y': 26}, {'x': 1235, 'y': 26}, {'x': 1235, 'y': 706}, {'x': 104, 'y': 706}]",16:9,horizontal,921600,Other,other,769080,0.8345052083333333,negative
negative_267.jpg,/kaggle/input/musait/dataset/basket/negative_267.jpg,1,"K'TAKA MURDER CASE
ACCUSED KASHIF'S WIFE EXCLUSIVE
INDIA
TODAY
INDIA
TODAY
EXCLUSIVE
KASHIF
ACCUSED 1","[{'x': 104, 'y': 26}, {'x': 1235, 'y': 26}, {'x': 1235, 'y': 706}, {'x': 104, 'y': 706}]",16:9,horizontal,921600,Other,other,769080,0.8345052083333333,negative
negative_268.jpg,/kaggle/input/musait/dataset/basket/negative_268.jpg,1,"INDIA
TODAY
THANE BUILDING
COLLAPSE
10 DEAD,
11 INJURED,
20 RESCUED","[{'x': 23, 'y': 64}, {'x': 605, 'y': 64}, {'x': 605, 'y': 614}, {'x': 23, 'y': 614}]",16:9,horizontal,921600,1:1,box,320100,0.3473307291666667,negative
negative_269.jpg,/kaggle/input/musait/dataset/basket/negative_269.jpg,1,"INDIA
TODAY
THANE BUILDING
COLLAPSE
10 DEAD,
11 INJURED,
20 RESCUED","[{'x': 23, 'y': 64}, {'x': 605, 'y': 64}, {'x': 605, 'y': 614}, {'x': 23, 'y': 614}]",16:9,horizontal,921600,1:1,box,320100,0.3473307291666667,negative
negative_270.jpg,/kaggle/input/musait/dataset/basket/negative_270.jpg,1,"INDIA BUILDING 'FELL LIKE
HOUSE OF CARDS'","[{'x': 117, 'y': 516}, {'x': 1162, 'y': 516}, {'x': 1162, 'y': 659}, {'x': 117, 'y': 659}]",16:9,horizontal,921600,Other,other,149435,0.1621473524305555,negative
negative_271.jpg,/kaggle/input/musait/dataset/basket/negative_271.jpg,1,"INDIA BUILDING 'FELL LIKE
HOUSE OF CARDS'","[{'x': 117, 'y': 516}, {'x': 1162, 'y': 516}, {'x': 1162, 'y': 659}, {'x': 117, 'y': 659}]",16:9,horizontal,921600,Other,other,149435,0.1621473524305555,negative
negative_272.jpg,/kaggle/input/musait/dataset/basket/negative_272.jpg,1,"MUMBAI BUILDING COLLAPSE
9 KILLED, OVER 20 INJURED
INDIA
TODAY","[{'x': 15, 'y': 77}, {'x': 1236, 'y': 77}, {'x': 1236, 'y': 705}, {'x': 15, 'y': 705}]",16:9,horizontal,921600,16:9,horizontal,766788,0.8320182291666667,negative
negative_273.jpg,/kaggle/input/musait/dataset/basket/negative_273.jpg,1,"MUMBAI BUILDING COLLAPSE
9 KILLED, OVER 20 INJURED
INDIA
TODAY","[{'x': 15, 'y': 77}, {'x': 1236, 'y': 77}, {'x': 1236, 'y': 705}, {'x': 15, 'y': 705}]",16:9,horizontal,921600,16:9,horizontal,766788,0.8320182291666667,negative
negative_274.jpg,/kaggle/input/musait/dataset/basket/negative_274.jpg,1,"INDIA
TODAY
BREAKING NEWS
11 DEAD IN MUMBAI
BUILDING COLLAPSE","[{'x': 21, 'y': 64}, {'x': 621, 'y': 64}, {'x': 621, 'y': 608}, {'x': 21, 'y': 608}]",16:9,horizontal,921600,1:1,box,326400,0.3541666666666667,negative
negative_275.jpg,/kaggle/input/musait/dataset/basket/negative_275.jpg,1,"INDIA
TODAY
BREAKING NEWS
11 DEAD IN MUMBAI
BUILDING COLLAPSE","[{'x': 21, 'y': 64}, {'x': 621, 'y': 64}, {'x': 621, 'y': 608}, {'x': 21, 'y': 608}]",16:9,horizontal,921600,1:1,box,326400,0.3541666666666667,negative
negative_276.jpg,/kaggle/input/musait/dataset/basket/negative_276.jpg,1,"JOURNALIST ATTACKED & ASSAULTED
R. NEWS","[{'x': 20, 'y': 61}, {'x': 454, 'y': 61}, {'x': 454, 'y': 304}, {'x': 20, 'y': 304}]",4:3,horizontal,172800,16:9,horizontal,105462,0.6103125,negative
negative_277.jpg,/kaggle/input/musait/dataset/basket/negative_277.jpg,1,"JOURNALIST ATTACKED & ASSAULTED
R. NEWS","[{'x': 20, 'y': 61}, {'x': 454, 'y': 61}, {'x': 454, 'y': 304}, {'x': 20, 'y': 304}]",4:3,horizontal,172800,16:9,horizontal,105462,0.6103125,negative
negative_278.jpeg,/kaggle/input/musait/dataset/basket/negative_278.jpeg,1,"ARREST IN RANJITH
SREENIVASAN'S MURDER","[{'x': 13, 'y': 114}, {'x': 291, 'y': 114}, {'x': 291, 'y': 160}, {'x': 13, 'y': 160}]",16:9,horizontal,50400,Other,other,12788,0.2537301587301587,negative
negative_279.jpeg,/kaggle/input/musait/dataset/basket/negative_279.jpeg,1,"ARREST IN RANJITH
SREENIVASAN'S MURDER","[{'x': 13, 'y': 114}, {'x': 291, 'y': 114}, {'x': 291, 'y': 160}, {'x': 13, 'y': 160}]",16:9,horizontal,50400,Other,other,12788,0.2537301587301587,negative
negative_280.jpg,/kaggle/input/musait/dataset/basket/negative_280.jpg,1,"INDIA
TODAY
CRIME NEWS
INSTA POST
SPARKS
MASS MURDER IN
MADHYA PRADESH","[{'x': 7, 'y': 64}, {'x': 630, 'y': 64}, {'x': 630, 'y': 691}, {'x': 7, 'y': 691}]",16:9,horizontal,921600,1:1,box,390621,0.4238509114583333,negative
negative_281.jpg,/kaggle/input/musait/dataset/basket/negative_281.jpg,1,"INDIA
TODAY
CRIME NEWS
INSTA POST
SPARKS
MASS MURDER IN
MADHYA PRADESH","[{'x': 7, 'y': 64}, {'x': 630, 'y': 64}, {'x': 630, 'y': 691}, {'x': 7, 'y': 691}]",16:9,horizontal,921600,1:1,box,390621,0.4238509114583333,negative
negative_282.jpg,/kaggle/input/musait/dataset/basket/negative_282.jpg,1,"SINGHU MURDER:
IDETAINED, ISURRENDERS","[{'x': 32, 'y': 480}, {'x': 1228, 'y': 480}, {'x': 1228, 'y': 678}, {'x': 32, 'y': 678}]",16:9,horizontal,921600,Other,other,236808,0.256953125,negative
negative_283.jpg,/kaggle/input/musait/dataset/basket/negative_283.jpg,1,"SINGHU MURDER:
IDETAINED, ISURRENDERS","[{'x': 32, 'y': 480}, {'x': 1228, 'y': 480}, {'x': 1228, 'y': 678}, {'x': 32, 'y': 678}]",16:9,horizontal,921600,Other,other,236808,0.256953125,negative
negative_284.jpg,/kaggle/input/musait/dataset/basket/negative_284.jpg,1,"City Edition
10-(0)21
Swees
P
Karol Bagh
Saree House
INDIAN EXPRESS
Largest combined net sales among all daily newspapers in India
Published from New Delhi, Chandigarh, Bombay, Madras, Madurai, Vijayawada, Hyderabad, Bangalore, Ahmedabad and Cochin
Vol. L. No. BE
New Delhi: Thursday, January 28, 1982
60 P
ON EASY INSTALMENTS
Texla TV
The right Choice
angad ELECTRONICS
Seventy killed in Agra train accident
Delhi-bound Dakshin Express
collides with goods train
By Seema Mustaf
Express News Service
Sixty-one persons died in a
crew of the
whe
Did Dakshin Express acted to
jat nude As cantatutest jng tracks Mage Mastal was
sation
Wedday mor
wenty-three persons
e injured, fively.
Driver blames fog
Expres News d
AGMAJ 2
Cranes were simp
The ined ved
decalimi. Tie
ope of the
The b
AM
of
Punt to were room
Used to
Kanbere sand
Joning of the perf
Chrmals The The the small 110 die in train
smash in Algeria","[{'x': 11, 'y': 1}, {'x': 1178, 'y': 1}, {'x': 1178, 'y': 659}, {'x': 11, 'y': 659}]",16:9,horizontal,800400,16:9,horizontal,767886,0.9593778110944527,negative
negative_285.jpg,/kaggle/input/musait/dataset/basket/negative_285.jpg,1,"City Edition
10-(0)21
Swees
P
Karol Bagh
Saree House
INDIAN EXPRESS
Largest combined net sales among all daily newspapers in India
Published from New Delhi, Chandigarh, Bombay, Madras, Madurai, Vijayawada, Hyderabad, Bangalore, Ahmedabad and Cochin
Vol. L. No. BE
New Delhi: Thursday, January 28, 1982
60 P
ON EASY INSTALMENTS
Texla TV
The right Choice
angad ELECTRONICS
Seventy killed in Agra train accident
Delhi-bound Dakshin Express
collides with goods train
By Seema Mustaf
Express News Service
Sixty-one persons died in a
crew of the
whe
Did Dakshin Express acted to
jat nude As cantatutest jng tracks Mage Mastal was
sation
Wedday mor
wenty-three persons
e injured, fively.
Driver blames fog
Expres News d
AGMAJ 2
Cranes were simp
The ined ved
decalimi. Tie
ope of the
The b
AM
of
Punt to were room
Used to
Kanbere sand
Joning of the perf
Chrmals The The the small 110 die in train
smash in Algeria","[{'x': 11, 'y': 1}, {'x': 1178, 'y': 1}, {'x': 1178, 'y': 659}, {'x': 11, 'y': 659}]",16:9,horizontal,800400,16:9,horizontal,767886,0.9593778110944527,negative
negative_286.jpeg,/kaggle/input/musait/dataset/basket/negative_286.jpeg,1,"CAN NEWS 18
LATEST NEWS
LATEST
UPDATES ON
BENGAL
N35222
TRAIN
TRAGEDY","[{'x': 38, 'y': 32}, {'x': 1174, 'y': 32}, {'x': 1174, 'y': 491}, {'x': 38, 'y': 491}]",16:9,horizontal,756000,21:9,horizontal,521424,0.6897142857142857,negative
negative_287.jpeg,/kaggle/input/musait/dataset/basket/negative_287.jpeg,1,"CAN NEWS 18
LATEST NEWS
LATEST
UPDATES ON
BENGAL
N35222
TRAIN
TRAGEDY","[{'x': 38, 'y': 32}, {'x': 1174, 'y': 32}, {'x': 1174, 'y': 491}, {'x': 38, 'y': 491}]",16:9,horizontal,756000,21:9,horizontal,521424,0.6897142857142857,negative
negative_288.jpeg,/kaggle/input/musait/dataset/basket/negative_288.jpeg,1,"GOA BUILDING COLLAPSE TRAGEDY
IBN Live
JBN","[{'x': 1, 'y': 150}, {'x': 220, 'y': 150}, {'x': 220, 'y': 186}, {'x': 1, 'y': 186}]",1:1,box,50625,Other,other,7884,0.1557333333333333,negative
negative_289.jpeg,/kaggle/input/musait/dataset/basket/negative_289.jpeg,1,"GOA BUILDING COLLAPSE TRAGEDY
IBN Live
JBN","[{'x': 1, 'y': 150}, {'x': 220, 'y': 150}, {'x': 220, 'y': 186}, {'x': 1, 'y': 186}]",1:1,box,50625,Other,other,7884,0.1557333333333333,negative
negative_290.jpeg,/kaggle/input/musait/dataset/basket/negative_290.jpeg,1,"DAILY
OBSERVER
MARKSMAN
RC 5 injured in hotel building MAN
collapse; minister places
stop order on construction 930-SAFE
Negril tragedy","[{'x': 3, 'y': 0}, {'x': 213, 'y': 0}, {'x': 213, 'y': 230}, {'x': 3, 'y': 230}]",1:1,box,50328,1:1,box,48300,0.9597043395326658,negative
negative_291.jpeg,/kaggle/input/musait/dataset/basket/negative_291.jpeg,1,"DAILY
OBSERVER
MARKSMAN
RC 5 injured in hotel building MAN
collapse; minister places
stop order on construction 930-SAFE
Negril tragedy","[{'x': 3, 'y': 0}, {'x': 213, 'y': 0}, {'x': 213, 'y': 230}, {'x': 3, 'y': 230}]",1:1,box,50328,1:1,box,48300,0.9597043395326658,negative
negative_292.jpeg,/kaggle/input/musait/dataset/basket/negative_292.jpeg,1,"FREE PRESS JOURNAL
AROMA
60 DEAD IN CITY RAIL DISASTER
Locals collide
Civil Supply
Commissioner
to peg prices
Board authoris
Govt to set
near Matunga
Over 250 injured in
worst-ever smash
is har d","[{'x': 0, 'y': 11}, {'x': 213, 'y': 11}, {'x': 213, 'y': 215}, {'x': 0, 'y': 215}]",1:1,box,50400,1:1,box,43452,0.8621428571428571,negative
negative_293.jpeg,/kaggle/input/musait/dataset/basket/negative_293.jpeg,1,"FREE PRESS JOURNAL
AROMA
60 DEAD IN CITY RAIL DISASTER
Locals collide
Civil Supply
Commissioner
to peg prices
Board authoris
Govt to set
near Matunga
Over 250 injured in
worst-ever smash
is har d","[{'x': 0, 'y': 11}, {'x': 213, 'y': 11}, {'x': 213, 'y': 215}, {'x': 0, 'y': 215}]",1:1,box,50400,1:1,box,43452,0.8621428571428571,negative
negative_294.jpg,/kaggle/input/musait/dataset/basket/negative_294.jpg,1,"BIKANER-
GUWAHATI
EXPRESS
DERAILS
INDIA
TODAY
LIVE","[{'x': 102, 'y': 58}, {'x': 553, 'y': 58}, {'x': 553, 'y': 686}, {'x': 102, 'y': 686}]",16:9,horizontal,921600,3:4,vertical,283228,0.3073220486111111,negative
negative_295.jpg,/kaggle/input/musait/dataset/basket/negative_295.jpg,1,"BIKANER-
GUWAHATI
EXPRESS
DERAILS
INDIA
TODAY
LIVE","[{'x': 102, 'y': 58}, {'x': 553, 'y': 58}, {'x': 553, 'y': 686}, {'x': 102, 'y': 686}]",16:9,horizontal,921600,3:4,vertical,283228,0.3073220486111111,negative
negative_296.jpg,/kaggle/input/musait/dataset/basket/negative_296.jpg,1,"BREAKING NEWS
BENGAL TRAIN ACCIDENT
INDIA
TODAY","[{'x': 147, 'y': 30}, {'x': 1235, 'y': 30}, {'x': 1235, 'y': 159}, {'x': 147, 'y': 159}]",16:9,horizontal,921600,Other,other,140352,0.1522916666666666,negative
negative_297.jpg,/kaggle/input/musait/dataset/basket/negative_297.jpg,1,"BREAKING NEWS
BENGAL TRAIN ACCIDENT
INDIA
TODAY","[{'x': 147, 'y': 30}, {'x': 1235, 'y': 30}, {'x': 1235, 'y': 159}, {'x': 147, 'y': 159}]",16:9,horizontal,921600,Other,other,140352,0.1522916666666666,negative
negative_298.jpg,/kaggle/input/musait/dataset/basket/negative_298.jpg,1,"Bihar Train Tragedy
INDIA
TODAY","[{'x': 30, 'y': 59}, {'x': 1226, 'y': 59}, {'x': 1226, 'y': 615}, {'x': 30, 'y': 615}]",16:9,horizontal,921600,Other,other,664976,0.7215451388888889,negative
negative_299.jpg,/kaggle/input/musait/dataset/basket/negative_299.jpg,1,"Bihar Train Tragedy
INDIA
TODAY","[{'x': 30, 'y': 59}, {'x': 1226, 'y': 59}, {'x': 1226, 'y': 615}, {'x': 30, 'y': 615}]",16:9,horizontal,921600,Other,other,664976,0.7215451388888889,negative
negative_300.jpg,/kaggle/input/musait/dataset/basket/negative_300.jpg,1,"BRIDGE COLLAPSE
Latest Tragedy on India's Roads
m mapsofindia.com","[{'x': 181, 'y': 47}, {'x': 660, 'y': 47}, {'x': 660, 'y': 344}, {'x': 181, 'y': 344}]",16:9,horizontal,234150,3:2,horizontal,142263,0.6075720691864189,negative
negative_301.jpg,/kaggle/input/musait/dataset/basket/negative_301.jpg,1,"BRIDGE COLLAPSE
Latest Tragedy on India's Roads
m mapsofindia.com","[{'x': 181, 'y': 47}, {'x': 660, 'y': 47}, {'x': 660, 'y': 344}, {'x': 181, 'y': 344}]",16:9,horizontal,234150,3:2,horizontal,142263,0.6075720691864189,negative
negative_302.jpeg,/kaggle/input/musait/dataset/basket/negative_302.jpeg,1,"THE HINDUSTAN TIMES
BOMB BLASTS ROCK BOMBAY
Over 200 killed Select targets hit Army put on alert.","[{'x': 0, 'y': 5}, {'x': 257, 'y': 5}, {'x': 257, 'y': 148}, {'x': 0, 'y': 148}]",4:3,horizontal,50246,16:9,horizontal,36751,0.7314214066791387,negative
negative_303.jpeg,/kaggle/input/musait/dataset/basket/negative_303.jpeg,1,"THE HINDUSTAN TIMES
BOMB BLASTS ROCK BOMBAY
Over 200 killed Select targets hit Army put on alert.","[{'x': 0, 'y': 5}, {'x': 257, 'y': 5}, {'x': 257, 'y': 148}, {'x': 0, 'y': 148}]",4:3,horizontal,50246,16:9,horizontal,36751,0.7314214066791387,negative
negative_304.jpeg,/kaggle/input/musait/dataset/basket/negative_304.jpeg,1,"OF
NEWS
WORLD
HOLE IN
HEART OF
THE CITY
alamy
PICTURE EXCLUSIVE
ARACE
HORSES
MORE TO COME
WARN IRA
alamy","[{'x': 9, 'y': 16}, {'x': 180, 'y': 16}, {'x': 180, 'y': 257}, {'x': 9, 'y': 257}]",3:4,vertical,50304,3:4,vertical,41211,0.8192390267175572,negative
negative_305.jpeg,/kaggle/input/musait/dataset/basket/negative_305.jpeg,1,"OF
NEWS
WORLD
HOLE IN
HEART OF
THE CITY
alamy
PICTURE EXCLUSIVE
ARACE
HORSES
MORE TO COME
WARN IRA
alamy","[{'x': 9, 'y': 16}, {'x': 180, 'y': 16}, {'x': 180, 'y': 257}, {'x': 9, 'y': 257}]",3:4,vertical,50304,3:4,vertical,41211,0.8192390267175572,negative
negative_306.jpeg,/kaggle/input/musait/dataset/basket/negative_306.jpeg,1,"Manitoba
Free Press
EIGHTY-FOUR KILLED IN COLLAPSE OF BRIDGE
SOUTH SPAN FALLS
INTO ST. LAWRENCE
CAUSE OF ACCIDENT & MISTERY","[{'x': 1, 'y': 5}, {'x': 329, 'y': 5}, {'x': 329, 'y': 127}, {'x': 1, 'y': 127}]",Other,other,50490,Other,other,40016,0.7925529807882749,negative
negative_307.jpeg,/kaggle/input/musait/dataset/basket/negative_307.jpeg,1,"Manitoba
Free Press
EIGHTY-FOUR KILLED IN COLLAPSE OF BRIDGE
SOUTH SPAN FALLS
INTO ST. LAWRENCE
CAUSE OF ACCIDENT & MISTERY","[{'x': 1, 'y': 5}, {'x': 329, 'y': 5}, {'x': 329, 'y': 127}, {'x': 1, 'y': 127}]",Other,other,50490,Other,other,40016,0.7925529807882749,negative
negative_308.jpg,/kaggle/input/musait/dataset/basket/negative_308.jpg,1,"Los Angles Times
IN TWO PARTS
DALY, FIVE CO
ATOMIC BOMB HITS JAPAN
Jet Plane Explosion Kills Maj. Bong
Death Ends
Ace's 'Shooting Star
Blows Up in Test Flight Career of
Over North Hollywood
Sen. Johnson
C
B-29's Pound Man's Most Destructive
Navy Arsenal Force, One Equal to 2000
on Honshu B-29 Loads, Blasts Nips
Wing Out of
Mystery T
CAM
WASHINGTON, AE & UP-The most terrible destructive force ever
FEATURES INDEX
Tanks Give G
New Pining
G.M.C. Plans
Major Plant
Extension Here
Heat Down to 82;
Further Drop Due
Recent Quakes
Now Revealed
as Bomb Blasts
INVENTORS CLAIM
GADGET WILL FEEL
FREEZE AND WASH
Four Bandits Beat
and Rob Acter
Atom-Splitting
Test by Science
Group Disclosed
Destroyer Blest
Claims 21 Lives
JAP BROADCAST NOTES
TRUMAN ANNOUNCEMENT
United Sta","[{'x': 8, 'y': 20}, {'x': 445, 'y': 20}, {'x': 445, 'y': 569}, {'x': 8, 'y': 569}]",3:4,vertical,292480,3:4,vertical,239913,0.8202714715536105,negative
negative_309.jpg,/kaggle/input/musait/dataset/basket/negative_309.jpg,1,"Los Angles Times
IN TWO PARTS
DALY, FIVE CO
ATOMIC BOMB HITS JAPAN
Jet Plane Explosion Kills Maj. Bong
Death Ends
Ace's 'Shooting Star
Blows Up in Test Flight Career of
Over North Hollywood
Sen. Johnson
C
B-29's Pound Man's Most Destructive
Navy Arsenal Force, One Equal to 2000
on Honshu B-29 Loads, Blasts Nips
Wing Out of
Mystery T
CAM
WASHINGTON, AE & UP-The most terrible destructive force ever
FEATURES INDEX
Tanks Give G
New Pining
G.M.C. Plans
Major Plant
Extension Here
Heat Down to 82;
Further Drop Due
Recent Quakes
Now Revealed
as Bomb Blasts
INVENTORS CLAIM
GADGET WILL FEEL
FREEZE AND WASH
Four Bandits Beat
and Rob Acter
Atom-Splitting
Test by Science
Group Disclosed
Destroyer Blest
Claims 21 Lives
JAP BROADCAST NOTES
TRUMAN ANNOUNCEMENT
United Sta","[{'x': 8, 'y': 20}, {'x': 445, 'y': 20}, {'x': 445, 'y': 569}, {'x': 8, 'y': 569}]",3:4,vertical,292480,3:4,vertical,239913,0.8202714715536105,negative
negative_310.jpg,/kaggle/input/musait/dataset/basket/negative_310.jpg,1,"The Portsmouth Herald
Staging Collapses
4 MEN KILLED ON BRIDGE
Five Men
Injured in
70-FootFall
280 Condominiums Urged
In Wentworth Hotel Area","[{'x': 14, 'y': 0}, {'x': 611, 'y': 0}, {'x': 611, 'y': 439}, {'x': 14, 'y': 439}]",4:3,horizontal,307200,4:3,horizontal,262083,0.853134765625,negative
negative_311.jpg,/kaggle/input/musait/dataset/basket/negative_311.jpg,1,"The Portsmouth Herald
Staging Collapses
4 MEN KILLED ON BRIDGE
Five Men
Injured in
70-FootFall
280 Condominiums Urged
In Wentworth Hotel Area","[{'x': 14, 'y': 0}, {'x': 611, 'y': 0}, {'x': 611, 'y': 439}, {'x': 14, 'y': 439}]",4:3,horizontal,307200,4:3,horizontal,262083,0.853134765625,negative
negative_312.jpg,/kaggle/input/musait/dataset/basket/negative_312.jpg,1,"Sub Base
Accord
75 Killed As Team Plane Crashes
Expected Deaths
New York Times News Service
WASHINGTON- For seven
weeks, the United States has
been engaged in secret
diplomacy to prevent the
Soviet Union from basing
nuclear-missile submarines or
installing nuclear weapons in
the Western Hemisphere. Now
American officials believe an
understanding has been reach-
ed.
Officials said they would
regard the departure of a
Soviet submarine tender from
the Cuban port of Cienfuegos
in the coming days as proof
the Russians accept the
understanding. The vessel
normally carries spare
nuclear weapons and facilities
such as high-powered cranes
for handling submarine
nuclear arms.
The officials disputed a
report from another highly
credible source that the
tender's departure would be
within the next two or three
days.
Current discussions between
Washington and Moscow over
this issue are in such a
delicate state, officials warn-
ed, that the national interest
might be impaired by
anything Moscow might
misinterpret as an ultimatum
-even press reports.
Soviets Warned
They did confirm that the
United States has warned the
Soviet Union that anything
resembling a permanent
nuclear facility in Cuban or
other hemisphere waters
would seriously jeopardize
Mourned
At ECU
By GENE CHERRY
Staff Writer
Victory on the field came
hard for East Carolina
University Saturday as the
Pirates defeated Marshall
University 17-14 in the
season's final home game at
Greenville.
It was even harder for the
ECU team and its officials
to accept the tragic news
Saturday night that their op-
ponents plane had crashed
near Huntington, W. Va.
a
The Marshall plane,
chartered DC-9 jet, crashed
two miles west of the Hunt-
ington airport. There were no
survivors.
""Words cannot express the
sorrow we feel,"" said a shaken
ECU head coach Mike McGee.
""Our hearts and prayers go
out to their families.""
Didn't Respond
""When I first heard it, I
didn't respond. I couldn't
believe it,"" said East Carolina
University Athletic Director
Clarence Stasavich. ""I had
just talked to their athletic
director (Charles E. Kautz).
and football coach (Rick
Tolley) before they left Green-
ville around five o'clock to
board their plane in Kinston.""
""As I left the stadium after
the game. I went over and
Rick Tolley
Marshall coach
I'd be in touch about further
scheduling.""
McGee and Stasavich were
interviewed by telephone late
Saturday night.
""It makes victory a very
small thing,"" said Pirate
sports information director
John Montague.
University spokesmen said
38 players were supposed to
be aboard the plane when it
took off. The victims were
not immediately identified.
According to a traveling
roster, two members of the
Marshall team were from
North Carolina and a third
played junior college football
at Chowan College
Murfreesboro.
in
terson was a junior from
Starting tight end Bob Pat-
Louisburg. Linebacker Art
Shannon listed Greensboro as
his hometown.
Marshall
Players
On Board
From News Dispatches
KENOVA, W. Va. A
twin engine jetliner carrying
Marshall University's football
team, boosters and crew
crashed in flames into a mud-
dy hillside near here Saturday
night, killing all 75 persons
aboard, authorities reported.
The Southern Airways DC9
crashed in a ball of fire
midway up a hillside the
last hurdle for planes on ap-
proach to the nearby Tri-State
Airport.
The tragedy was ""the worst
domestic air crash this year,""
a Federal Aviation Agency
spokesman in Washington
said, and it was described
as one of the worst in history
involving an athletic team.
The crash also was the
worst in West Virginia air
travel history.
Positive identifications of
those aboard were not made,
pending transport of the
bodies from the rural scene
to a National Guard Armory
at the airport, where a
makeshift morgue was set
up.
A spokesman for Southern
Airways in Atlanta, Ga., said
the $3.5 million craft was car-
rying 70 passengers and a
crew of five. They said it
was the only plane Marshall
had chartered.
The team was returning
from Greenville, N.C., where
Hulk of airliner carrying 75 people, including Marshall football team, lies near airport
Nicky Cruz Tells Crowd
Miracle Transformed Life
By JUNE ORR
Staff Writer
Puerto Rican-born Nicky
Cruz told a packed audience
at Reynolds Coliseum here
Cruz spoke from a stage
at one end of the Coliseum
floor. The audience before him
was estimated at 7,500
persons.
Cruz said he might become
The
INSIDE
News
STATE","[{'x': 32, 'y': 30}, {'x': 1240, 'y': 30}, {'x': 1240, 'y': 719}, {'x': 32, 'y': 719}]",16:9,horizontal,921600,16:9,horizontal,832312,0.9031163194444444,negative
negative_313.jpg,/kaggle/input/musait/dataset/basket/negative_313.jpg,1,"Sub Base
Accord
75 Killed As Team Plane Crashes
Expected Deaths
New York Times News Service
WASHINGTON- For seven
weeks, the United States has
been engaged in secret
diplomacy to prevent the
Soviet Union from basing
nuclear-missile submarines or
installing nuclear weapons in
the Western Hemisphere. Now
American officials believe an
understanding has been reach-
ed.
Officials said they would
regard the departure of a
Soviet submarine tender from
the Cuban port of Cienfuegos
in the coming days as proof
the Russians accept the
understanding. The vessel
normally carries spare
nuclear weapons and facilities
such as high-powered cranes
for handling submarine
nuclear arms.
The officials disputed a
report from another highly
credible source that the
tender's departure would be
within the next two or three
days.
Current discussions between
Washington and Moscow over
this issue are in such a
delicate state, officials warn-
ed, that the national interest
might be impaired by
anything Moscow might
misinterpret as an ultimatum
-even press reports.
Soviets Warned
They did confirm that the
United States has warned the
Soviet Union that anything
resembling a permanent
nuclear facility in Cuban or
other hemisphere waters
would seriously jeopardize
Mourned
At ECU
By GENE CHERRY
Staff Writer
Victory on the field came
hard for East Carolina
University Saturday as the
Pirates defeated Marshall
University 17-14 in the
season's final home game at
Greenville.
It was even harder for the
ECU team and its officials
to accept the tragic news
Saturday night that their op-
ponents plane had crashed
near Huntington, W. Va.
a
The Marshall plane,
chartered DC-9 jet, crashed
two miles west of the Hunt-
ington airport. There were no
survivors.
""Words cannot express the
sorrow we feel,"" said a shaken
ECU head coach Mike McGee.
""Our hearts and prayers go
out to their families.""
Didn't Respond
""When I first heard it, I
didn't respond. I couldn't
believe it,"" said East Carolina
University Athletic Director
Clarence Stasavich. ""I had
just talked to their athletic
director (Charles E. Kautz).
and football coach (Rick
Tolley) before they left Green-
ville around five o'clock to
board their plane in Kinston.""
""As I left the stadium after
the game. I went over and
Rick Tolley
Marshall coach
I'd be in touch about further
scheduling.""
McGee and Stasavich were
interviewed by telephone late
Saturday night.
""It makes victory a very
small thing,"" said Pirate
sports information director
John Montague.
University spokesmen said
38 players were supposed to
be aboard the plane when it
took off. The victims were
not immediately identified.
According to a traveling
roster, two members of the
Marshall team were from
North Carolina and a third
played junior college football
at Chowan College
Murfreesboro.
in
terson was a junior from
Starting tight end Bob Pat-
Louisburg. Linebacker Art
Shannon listed Greensboro as
his hometown.
Marshall
Players
On Board
From News Dispatches
KENOVA, W. Va. A
twin engine jetliner carrying
Marshall University's football
team, boosters and crew
crashed in flames into a mud-
dy hillside near here Saturday
night, killing all 75 persons
aboard, authorities reported.
The Southern Airways DC9
crashed in a ball of fire
midway up a hillside the
last hurdle for planes on ap-
proach to the nearby Tri-State
Airport.
The tragedy was ""the worst
domestic air crash this year,""
a Federal Aviation Agency
spokesman in Washington
said, and it was described
as one of the worst in history
involving an athletic team.
The crash also was the
worst in West Virginia air
travel history.
Positive identifications of
those aboard were not made,
pending transport of the
bodies from the rural scene
to a National Guard Armory
at the airport, where a
makeshift morgue was set
up.
A spokesman for Southern
Airways in Atlanta, Ga., said
the $3.5 million craft was car-
rying 70 passengers and a
crew of five. They said it
was the only plane Marshall
had chartered.
The team was returning
from Greenville, N.C., where
Hulk of airliner carrying 75 people, including Marshall football team, lies near airport
Nicky Cruz Tells Crowd
Miracle Transformed Life
By JUNE ORR
Staff Writer
Puerto Rican-born Nicky
Cruz told a packed audience
at Reynolds Coliseum here
Cruz spoke from a stage
at one end of the Coliseum
floor. The audience before him
was estimated at 7,500
persons.
Cruz said he might become
The
INSIDE
News
STATE","[{'x': 32, 'y': 30}, {'x': 1240, 'y': 30}, {'x': 1240, 'y': 719}, {'x': 32, 'y': 719}]",16:9,horizontal,921600,16:9,horizontal,832312,0.9031163194444444,negative
negative_314.jpeg,/kaggle/input/musait/dataset/basket/negative_314.jpeg,1,"7 KILLED, 74 HURT IN
SCHOOL AIR CRASH
Jet, Trap
Collid
High in Sky, Pieces
Slash Into Playground","[{'x': 6, 'y': 4}, {'x': 233, 'y': 4}, {'x': 233, 'y': 94}, {'x': 6, 'y': 94}]",1:1,box,50268,Other,other,20430,0.4064215803294342,negative
negative_315.jpeg,/kaggle/input/musait/dataset/basket/negative_315.jpeg,1,"7 KILLED, 74 HURT IN
SCHOOL AIR CRASH
Jet, Trap
Collid
High in Sky, Pieces
Slash Into Playground","[{'x': 6, 'y': 4}, {'x': 233, 'y': 4}, {'x': 233, 'y': 94}, {'x': 6, 'y': 94}]",1:1,box,50268,Other,other,20430,0.4064215803294342,negative
negative_316.jpeg,/kaggle/input/musait/dataset/basket/negative_316.jpeg,1,"FONT
ROMPTANT P
BAY H
SILVER BRIDGE TUMBLES,
TOLL, 7 DEAD, 41 MISSING
Point Pleasant Register
I Couldn't Understand Why I Made It'
Five Survivors
Give Accounts
Divers Begin
Search For
Untold Loss","[{'x': 11, 'y': 1}, {'x': 241, 'y': 1}, {'x': 241, 'y': 146}, {'x': 11, 'y': 146}]",4:3,horizontal,50246,3:2,horizontal,33350,0.6637344266210246,negative
negative_317.jpeg,/kaggle/input/musait/dataset/basket/negative_317.jpeg,1,"FONT
ROMPTANT P
BAY H
SILVER BRIDGE TUMBLES,
TOLL, 7 DEAD, 41 MISSING
Point Pleasant Register
I Couldn't Understand Why I Made It'
Five Survivors
Give Accounts
Divers Begin
Search For
Untold Loss","[{'x': 11, 'y': 1}, {'x': 241, 'y': 1}, {'x': 241, 'y': 146}, {'x': 11, 'y': 146}]",4:3,horizontal,50246,3:2,horizontal,33350,0.6637344266210246,negative
negative_318.jpeg,/kaggle/input/musait/dataset/basket/negative_318.jpeg,1,"DISASTER
33 DEAD
STILL
MISSING
Moment of impact
The Sun","[{'x': 0, 'y': 4}, {'x': 187, 'y': 4}, {'x': 187, 'y': 86}, {'x': 0, 'y': 86}]",3:4,vertical,50274,21:9,horizontal,15334,0.3050085531288539,negative
negative_319.jpeg,/kaggle/input/musait/dataset/basket/negative_319.jpeg,1,"DISASTER
33 DEAD
STILL
MISSING
Moment of impact
The Sun","[{'x': 0, 'y': 4}, {'x': 187, 'y': 4}, {'x': 187, 'y': 86}, {'x': 0, 'y': 86}]",3:4,vertical,50274,21:9,horizontal,15334,0.3050085531288539,negative
negative_320.jpeg,/kaggle/input/musait/dataset/basket/negative_320.jpeg,1,"Charleston Daily Mail
FINAL
EDITION
Bridge Disaster Toll May Reach 46;
Shocked Pt. Pleasant Seeking Dead
Loaded With Cars,
Big Span To Ohio
Collapses In River
Of Wook Spa","[{'x': 2, 'y': 6}, {'x': 252, 'y': 6}, {'x': 252, 'y': 165}, {'x': 2, 'y': 165}]",4:3,horizontal,50546,3:2,horizontal,39750,0.7864123768448542,negative
negative_321.jpeg,/kaggle/input/musait/dataset/basket/negative_321.jpeg,1,"Charleston Daily Mail
FINAL
EDITION
Bridge Disaster Toll May Reach 46;
Shocked Pt. Pleasant Seeking Dead
Loaded With Cars,
Big Span To Ohio
Collapses In River
Of Wook Spa","[{'x': 2, 'y': 6}, {'x': 252, 'y': 6}, {'x': 252, 'y': 165}, {'x': 2, 'y': 165}]",4:3,horizontal,50546,3:2,horizontal,39750,0.7864123768448542,negative
negative_322.jpeg,/kaggle/input/musait/dataset/basket/negative_322.jpeg,1,"The New York Times.
E AS 2 AIRLINERS COLLIDE OVER
ETS BROOKLYN FIRE, KILLING 5 OT
ND PLANE CRASHES ON STATEN IS
Dillon Appointed Secretory of Treasury, A PLOT OFFROUTE 10 Brooklyn Houses Bur
Kennedy's Brother Is Attorney General FOST After Plane Hits a Chur","[{'x': 0, 'y': 1}, {'x': 224, 'y': 1}, {'x': 224, 'y': 205}, {'x': 0, 'y': 205}]",1:1,box,50625,1:1,box,45696,0.902637037037037,negative
negative_323.jpeg,/kaggle/input/musait/dataset/basket/negative_323.jpeg,1,"The New York Times.
E AS 2 AIRLINERS COLLIDE OVER
ETS BROOKLYN FIRE, KILLING 5 OT
ND PLANE CRASHES ON STATEN IS
Dillon Appointed Secretory of Treasury, A PLOT OFFROUTE 10 Brooklyn Houses Bur
Kennedy's Brother Is Attorney General FOST After Plane Hits a Chur","[{'x': 0, 'y': 1}, {'x': 224, 'y': 1}, {'x': 224, 'y': 205}, {'x': 0, 'y': 205}]",1:1,box,50625,1:1,box,45696,0.902637037037037,negative
negative_324.jpeg,/kaggle/input/musait/dataset/basket/negative_324.jpeg,1,"SC notice to Gujarat
on farmers' suicides
New Delhi The Supreme
Court on Priday sought
sponse of the Giant govern
ment on an NGO's allegation
regarding the suicide of 600
farmers in the state between
2000 and 2012, when
Narendra Modi
was the etief min
Ister due
drought and del
A bend of Jas
toes Dipak Misra
and Las issued
notice to the Anan
diben Patel govern
ment on a petition
led to Mallka So
nial-founded
NGO Citizens Resource and
Action Initiative which chal
lenged the Gujarat high
wastale polscy matter
The NGO through RT
queries, learnt that from 2003
2007 many as fermes
committed suicide lit
eto another RTI qu
the state informed that be
tween 2006 and 2012, another
121 farmers com
mitted
suicide
taking the nam
ber of officially
acknowledged
farmers suicides
As per the
NGO the reso
behind the farm-
ers' suicides we
""Increasing
mount of loan,
cotton crop failure due to no
ruin and drought, bad econom
lesituation Inability to pay in
court's verdict not to interstallments for loans taken for
whe on the ground that farm
tractor seeds and other agri
it's relief and rehabilitation cultural Implements""","[{'x': 0, 'y': 0}, {'x': 195, 'y': 0}, {'x': 195, 'y': 250}, {'x': 0, 'y': 250}]",3:4,vertical,50372,3:4,vertical,48750,0.967799571190344,negative
negative_325.jpeg,/kaggle/input/musait/dataset/basket/negative_325.jpeg,1,"SC notice to Gujarat
on farmers' suicides
New Delhi The Supreme
Court on Priday sought
sponse of the Giant govern
ment on an NGO's allegation
regarding the suicide of 600
farmers in the state between
2000 and 2012, when
Narendra Modi
was the etief min
Ister due
drought and del
A bend of Jas
toes Dipak Misra
and Las issued
notice to the Anan
diben Patel govern
ment on a petition
led to Mallka So
nial-founded
NGO Citizens Resource and
Action Initiative which chal
lenged the Gujarat high
wastale polscy matter
The NGO through RT
queries, learnt that from 2003
2007 many as fermes
committed suicide lit
eto another RTI qu
the state informed that be
tween 2006 and 2012, another
121 farmers com
mitted
suicide
taking the nam
ber of officially
acknowledged
farmers suicides
As per the
NGO the reso
behind the farm-
ers' suicides we
""Increasing
mount of loan,
cotton crop failure due to no
ruin and drought, bad econom
lesituation Inability to pay in
court's verdict not to interstallments for loans taken for
whe on the ground that farm
tractor seeds and other agri
it's relief and rehabilitation cultural Implements""","[{'x': 0, 'y': 0}, {'x': 195, 'y': 0}, {'x': 195, 'y': 250}, {'x': 0, 'y': 250}]",3:4,vertical,50372,3:4,vertical,48750,0.967799571190344,negative
negative_326.jpeg,/kaggle/input/musait/dataset/basket/negative_326.jpeg,1,"FINAL 5 New York Mirror
Marilyn
Monroe
Kills Self
Found Nude in Bed...Hand
On Phone... Took 40 Pills
Begin Her Life Story - Page 3","[{'x': 12, 'y': 8}, {'x': 185, 'y': 8}, {'x': 185, 'y': 240}, {'x': 12, 'y': 240}]",3:4,vertical,50235,3:4,vertical,40136,0.7989648651338708,negative
negative_327.jpeg,/kaggle/input/musait/dataset/basket/negative_327.jpeg,1,"FINAL 5 New York Mirror
Marilyn
Monroe
Kills Self
Found Nude in Bed...Hand
On Phone... Took 40 Pills
Begin Her Life Story - Page 3","[{'x': 12, 'y': 8}, {'x': 185, 'y': 8}, {'x': 185, 'y': 240}, {'x': 12, 'y': 240}]",3:4,vertical,50235,3:4,vertical,40136,0.7989648651338708,negative
negative_328.jpeg,/kaggle/input/musait/dataset/basket/negative_328.jpeg,1,"Nuclear plant accident
reported in Soviet Union
Signs indicate partial core meltdown","[{'x': 11, 'y': 8}, {'x': 211, 'y': 8}, {'x': 211, 'y': 183}, {'x': 11, 'y': 183}]",1:1,box,50398,1:1,box,35000,0.6944720028572562,negative
negative_329.jpeg,/kaggle/input/musait/dataset/basket/negative_329.jpeg,1,"Nuclear plant accident
reported in Soviet Union
Signs indicate partial core meltdown","[{'x': 11, 'y': 8}, {'x': 211, 'y': 8}, {'x': 211, 'y': 183}, {'x': 11, 'y': 183}]",1:1,box,50398,1:1,box,35000,0.6944720028572562,negative
negative_330.jpeg,/kaggle/input/musait/dataset/basket/negative_330.jpeg,1,"Car Collision Kills
Actor James Dean
here.
Turnipseed received minor in
juries
PASO ROBLES, Calif. (UP)
James Dean, 24-year-old film star
was killed early Friday night in A hospital doctor said Dean died
head-on collision of his German
sports car some 30 miles east of instantly and put the time of death
at about 5:40 pm. He said the
Dean, who shot to prominence actor's body was terribly bat
in the film version of John Stein- tered"", by the impact and that be
back's East of Eden, died instand-affered a broken neck, numerous
ly when his Porsche racing cur broken bones, and cuts and
crashed into a sedan at a highway
intersection near the small Central The collision threw Dean's sports
California community of Chlame car 130 feet down the highway, the
The highway patrol said the CHP said
bruises.
driver of the second car. Donald Sanford Roth, Warner Brothers
Turnipseed, 2, of Tulare, Calif. still photographer, said he was fol
attempted to turn left in front of wing Dean's car a few miles be
Dean and the vehicles crashed hind. He said neither be nor his
head-en, some 150 miles north of passenger, Bill Hickman, of Metro-","[{'x': 0, 'y': 4}, {'x': 224, 'y': 4}, {'x': 224, 'y': 223}, {'x': 0, 'y': 223}]",1:1,box,50400,1:1,box,49056,0.9733333333333334,negative
negative_331.jpeg,/kaggle/input/musait/dataset/basket/negative_331.jpeg,1,"Car Collision Kills
Actor James Dean
Turnipseed received minor in
juries
PASO ROBLES, Calif. (UP)
James Dean, 24-year-old film star
was killed early Friday night in A hospital doctor said Dean died
head-on collision of his German
sports car some 30 miles east of instantly and put the time of death
here.
at about 5:40 pm. He said the
Dean, who shot to prominence actor's body was terribly bat
in the film version of John Stein- tered"", by the impact and that be
back's East of Eden, died instand-affered a broken neck, numerous
ly when his Porsche racing cur broken bones, and cuts and
crashed into a sedan at a highway
intersection near the small Central The collision threw Dean's sports
California community of Chlame car 130 feet down the highway, the
The highway patrol said the CHP said
bruises.
driver of the second car. Donald Sanford Roth, Warner Brothers
Turnipseed, 2, of Tulare, Calif. still photographer, said he was fol
attempted to turn left in front of wing Dean's car a few miles be
Dean and the vehicles crashed hind. He said neither be nor his
head-en, some 150 miles north of passenger, Bill Hickman, of Metro-","[{'x': 0, 'y': 4}, {'x': 224, 'y': 4}, {'x': 224, 'y': 223}, {'x': 0, 'y': 223}]",1:1,box,50400,1:1,box,49056,0.9733333333333334,negative
negative_332.jpg,/kaggle/input/musait/dataset/basket/negative_332.jpg,1,"YEARS
ILATE CITY FINAL
Pop star's plane
crash tragedy
PILOT'S
WARNING
IGNORED
EXCLUS","[{'x': 187, 'y': 0}, {'x': 1057, 'y': 0}, {'x': 1057, 'y': 643}, {'x': 187, 'y': 643}]",16:9,horizontal,921600,4:3,horizontal,559410,0.6069986979166667,negative
negative_333.jpg,/kaggle/input/musait/dataset/basket/negative_333.jpg,1,"YEARS
ILATE CITY FINAL
Pop star's plane
crash tragedy
PILOT'S
WARNING
IGNORED
EXCLUS","[{'x': 187, 'y': 0}, {'x': 1057, 'y': 0}, {'x': 1057, 'y': 643}, {'x': 187, 'y': 643}]",16:9,horizontal,921600,4:3,horizontal,559410,0.6069986979166667,negative
negative_334.jpg,/kaggle/input/musait/dataset/basket/negative_334.jpg,1,"02 hindustantimes
htbhopal
23MAY 2016
Over 18,000 farmers committed
suicide in MP in the past 15 years
THREE DEATHS A DAY Agriculture
experts say reasons may be crop failure due
to scanty rainfall, droughts or hailstorms
Neeraj Santosh
BROPAL: More um 300 farm
ers committed suicide in the
gast one-and-a-half decades in
Madhya Pradesh that has an
agrariaenomg the latest date
of the Madhya Pradesh Crime
Recounts Bureau Ras revealed
more than diree farmers
mit
ted suicide for past 1 gears in
the state Between 2005 and 2
in the state the data renesle
Agrimiture experts say that
themasons for the farmerdiness
in the state were any filium de
to scanry rainfall, diughts or
haditoms that damage caps
This badly hits the village
economy thing many farmers
either as stro
work as labours or take
from local lenders, who later
presarise them for payment
The poor monsoon in a my
for monedhan decade and a hal
has been a cause for worry as
neadly 70% of cultivated area in
the state is rain-irrigated and
when rain is deficient or faili
it his farmers Sadly
in the last decade and a half
Madhya Pradesh has been rain
deficient almost every year
received above average rainfalli
Every gear Madhya Prades
>
Since 1970, the
income of the farmers
(minimum support price
of wheat) has increased
just 19 times, while the
income of the government
employees has increased
120 to 150 times
DEWINDER SHARMA, agriculture
expet
1.212 m most of in from the
September and June
A recent agriculture eco-
mamic survey released by the
state government, states that
Sellow average rainfall for the
past decade and a half affected
agriculture in the wate
Experts say linking farmer
sticides to deficient fail or
amp failure was a very simple
way to analyse farmer anticides
Devinder Suanma anagrin
being diribem commit suicide
as they have been deliberatelly
kept impoverished ""Farmers
don't here any incomesecuritY
Webuy food from them at cheap
test ences inflation remains
ader deck he said
But the gap between their
AGRARIAN CRISIS
Latest data states that between 2001 and 2015, 18,627
farmers committed suicide in the state
Number of suicides
income and that of the govern
ment employees is increasing
Since 1970, the income of the
farmers (minimum support
price of wheat) has increased
times while the income of
the government employees has
increased 220 to 150 times and
that of professors has increased
150 to 170 times"" said Sharma,
who heads the Delhi-based
Forum for Biotechnology and
Food Security
PER YEAR DEATHS
The government should shift
its focus from profit-oriented agri-
culture to food security-oriented
agriculture at the village level.
said Sachin Jain, another ana
Jst ""Clipuate change or deficient
rainfall was a factor in farmer su
cides, but the correlation between
the two is not simple and involves
complex issues ""he said
The main factor that drives a
farmer to suicide is his income
insecurity: Small and marginal
2000
1372
2002
1340
2003
1445
2004
1638
2005
1248
2006
1375
2003
1263
2008
1378
2009
1395
2010
1237
2011
1326
2012
1172
2013
1090
2014
826
581
farmers in the state primarily
grow crops for their own con-
sumption and sell what is left.
but over the past decades the gov
ernment has pushed a policy of
agriculture for profit, encourag
ing farmers to grow cash-rich
crops,"" Jain added.
""When a farmer grows cash-
rich crop and if the crop fails be
gets trapped in vicious cycle of
debt,"" he said. ""So the famer is
forced take the extreme step""","[{'x': 19, 'y': 2}, {'x': 959, 'y': 2}, {'x': 959, 'y': 1004}, {'x': 19, 'y': 1004}]",1:1,box,991232,1:1,box,941880,0.9502114540289256,negative
negative_335.jpg,/kaggle/input/musait/dataset/basket/negative_335.jpg,1,"02 hindustantimes
htbhopal
23MAY 2016
Over 18,000 farmers committed
suicide in MP in the past 15 years
THREE DEATHS A DAY Agriculture
experts say reasons may be crop failure due
to scanty rainfall, droughts or hailstorms
Neeraj Santosh
BROPAL: More um 300 farm
ers committed suicide in the
gast one-and-a-half decades in
Madhya Pradesh that has an
agrariaenomg the latest date
of the Madhya Pradesh Crime
Recounts Bureau Ras revealed
more than diree farmers
mit
ted suicide for past 1 gears in
the state Between 2005 and 2
in the state the data renesle
Agrimiture experts say that
themasons for the farmerdiness
in the state were any filium de
to scanry rainfall, diughts or
haditoms that damage caps
This badly hits the village
economy thing many farmers
either as stro
work as labours or take
from local lenders, who later
presarise them for payment
The poor monsoon in a my
for monedhan decade and a hal
has been a cause for worry as
neadly 70% of cultivated area in
the state is rain-irrigated and
when rain is deficient or faili
it his farmers Sadly
in the last decade and a half
Madhya Pradesh has been rain
deficient almost every year
received above average rainfalli
Every gear Madhya Prades
>
Since 1970, the
income of the farmers
(minimum support price
of wheat) has increased
just 19 times, while the
income of the government
employees has increased
120 to 150 times
DEWINDER SHARMA, agriculture
expet
1.212 m most of in from the
September and June
A recent agriculture eco-
mamic survey released by the
state government, states that
Sellow average rainfall for the
past decade and a half affected
agriculture in the wate
Experts say linking farmer
sticides to deficient fail or
amp failure was a very simple
way to analyse farmer anticides
Devinder Suanma anagrin
being diribem commit suicide
as they have been deliberatelly
kept impoverished ""Farmers
don't here any incomesecuritY
Webuy food from them at cheap
test ences inflation remains
ader deck he said
But the gap between their
AGRARIAN CRISIS
Latest data states that between 2001 and 2015, 18,627
farmers committed suicide in the state
Number of suicides
income and that of the govern
ment employees is increasing
Since 1970, the income of the
farmers (minimum support
price of wheat) has increased
times while the income of
the government employees has
increased 220 to 150 times and
that of professors has increased
150 to 170 times"" said Sharma,
who heads the Delhi-based
Forum for Biotechnology and
Food Security
PER YEAR DEATHS
The government should shift
its focus from profit-oriented agri-
culture to food security-oriented
agriculture at the village level.
said Sachin Jain, another ana
Jst ""Clipuate change or deficient
rainfall was a factor in farmer su
cides, but the correlation between
the two is not simple and involves
complex issues ""he said
The main factor that drives a
farmer to suicide is his income
insecurity: Small and marginal
2000
1372
2002
1340
2003
1445
2004
1638
2005
1248
2006
1375
2003
1263
2008
1378
2009
1395
2010
1237
2011
1326
2012
1172
2013
1090
2014
826
581
farmers in the state primarily
grow crops for their own con-
sumption and sell what is left.
but over the past decades the gov
ernment has pushed a policy of
agriculture for profit, encourag
ing farmers to grow cash-rich
crops,"" Jain added.
""When a farmer grows cash-
rich crop and if the crop fails be
gets trapped in vicious cycle of
debt,"" he said. ""So the famer is
forced take the extreme step""","[{'x': 19, 'y': 2}, {'x': 959, 'y': 2}, {'x': 959, 'y': 1004}, {'x': 19, 'y': 1004}]",1:1,box,991232,1:1,box,941880,0.9502114540289256,negative
negative_336.jpeg,/kaggle/input/musait/dataset/basket/negative_336.jpeg,1,"for
OXFORD
STUNNED BY
TEEN'S DEATH","[{'x': 4, 'y': 45}, {'x': 266, 'y': 45}, {'x': 266, 'y': 107}, {'x': 4, 'y': 107}]",3:2,horizontal,50325,Other,other,16244,0.3227819175360158,negative
negative_337.jpeg,/kaggle/input/musait/dataset/basket/negative_337.jpeg,1,"for
OXFORD
STUNNED BY
TEEN'S DEATH","[{'x': 4, 'y': 45}, {'x': 266, 'y': 45}, {'x': 266, 'y': 107}, {'x': 4, 'y': 107}]",3:2,horizontal,50325,Other,other,16244,0.3227819175360158,negative
negative_338.jpeg,/kaggle/input/musait/dataset/basket/negative_338.jpeg,1,"18-yr-old
kills self
RAJIV SHARMA
nxiety about the up-
Child
takes
coming HSC exams
seems to the reason be-
hind the suicide of an","[{'x': 0, 'y': 30}, {'x': 258, 'y': 30}, {'x': 258, 'y': 192}, {'x': 0, 'y': 192}]",4:3,horizontal,50246,3:2,horizontal,41796,0.8318274091469968,negative
negative_339.jpeg,/kaggle/input/musait/dataset/basket/negative_339.jpeg,1,"18-yr-old
kills self
RAJIV SHARMA
nxiety about the up-
Child
takes
coming HSC exams
seems to the reason be-
hind the suicide of an","[{'x': 0, 'y': 30}, {'x': 258, 'y': 30}, {'x': 258, 'y': 192}, {'x': 0, 'y': 192}]",4:3,horizontal,50246,3:2,horizontal,41796,0.8318274091469968,negative
negative_340.jpeg,/kaggle/input/musait/dataset/basket/negative_340.jpeg,1,"THE TIMES OF IN
दहे आप
www
cast how Mass suicide? 11 of family 48 de
Morcodes &
have
PM
found dead in city home
Diary Recovered
with Notes On
Mass Salvation
falls in
When Driver
MIN LASE BUSSIAN BATTL","[{'x': 9, 'y': 0}, {'x': 247, 'y': 0}, {'x': 247, 'y': 202}, {'x': 9, 'y': 202}]",4:3,horizontal,50344,5:4,horizontal,48076,0.9549499443826474,negative
negative_341.jpeg,/kaggle/input/musait/dataset/basket/negative_341.jpeg,1,"THE TIMES OF IN
दहे आप
www
cast how Mass suicide? 11 of family 48 de
Morcodes &
have
PM
found dead in city home
Diary Recovered
with Notes On
Mass Salvation
falls in
When Driver
MIN LASE BUSSIAN BATTL","[{'x': 9, 'y': 0}, {'x': 247, 'y': 0}, {'x': 247, 'y': 202}, {'x': 9, 'y': 202}]",4:3,horizontal,50344,5:4,horizontal,48076,0.9549499443826474,negative
negative_342.jpeg,/kaggle/input/musait/dataset/basket/negative_342.jpeg,1,"Girl, 14, Suicide
By Gas in Home
The death of Ann Coady,
14,
whe body was found Monday
night in the gas filled living room
of her home at 27 Commerce St,
was recorded as a suicide by police
yesterday, though no motive could
be learned for her action
Cas was pouring from four Jets
of a range and Ann's body lay on
the floor, when her brother, Robert.
15. returned to the apartment they
shared with their mother, Cather-
ine, a widow. A police emergency
squad tried vainly to revive the
girl with way.
No nutes were found.
Almost 100 cartoons in the
hook of The Neighbors."" On sale
mall ar at The Sews Information
Bareas for the
WANTED
BLOOD DONORS
P.M..
P. M.
Cash Purchase
o SHARP & DOHME
326 East 39th St. Sad As","[{'x': 12, 'y': 0}, {'x': 306, 'y': 0}, {'x': 306, 'y': 161}, {'x': 12, 'y': 161}]",16:9,horizontal,50367,16:9,horizontal,47334,0.9397820001191256,negative
negative_343.jpeg,/kaggle/input/musait/dataset/basket/negative_343.jpeg,1,"Girl, 14, Suicide
By Gas in Home
The death of Ann Coady,
14,
whe body was found Monday
night in the gas filled living room
of her home at 27 Commerce St,
was recorded as a suicide by police
yesterday, though no motive could
be learned for her action
Cas was pouring from four Jets
of a range and Ann's body lay on
the floor, when her brother, Robert.
15. returned to the apartment they
shared with their mother, Cather-
ine, a widow. A police emergency
squad tried vainly to revive the
girl with way.
No nutes were found.
Almost 100 cartoons in the
hook of The Neighbors."" On sale
mall ar at The Sews Information
Bareas for the
WANTED
BLOOD DONORS
P.M..
P. M.
Cash Purchase
o SHARP & DOHME
326 East 39th St. Sad As","[{'x': 12, 'y': 0}, {'x': 306, 'y': 0}, {'x': 306, 'y': 161}, {'x': 12, 'y': 161}]",16:9,horizontal,50367,16:9,horizontal,47334,0.9397820001191256,negative
negative_344.jpeg,/kaggle/input/musait/dataset/basket/negative_344.jpeg,1,"Heart Breaking News
Sushant Singh Rajput Commits
Sucide, RIP","[{'x': 16, 'y': 14}, {'x': 208, 'y': 14}, {'x': 208, 'y': 71}, {'x': 16, 'y': 71}]",1:1,box,50625,Other,other,10944,0.2161777777777777,negative
negative_345.jpeg,/kaggle/input/musait/dataset/basket/negative_345.jpeg,1,"Heart Breaking News
Sushant Singh Rajput Commits
Sucide, RIP","[{'x': 16, 'y': 14}, {'x': 208, 'y': 14}, {'x': 208, 'y': 71}, {'x': 16, 'y': 71}]",1:1,box,50625,Other,other,10944,0.2161777777777777,negative
negative_346.jpeg,/kaggle/input/musait/dataset/basket/negative_346.jpeg,1,"ANOTHER GIRL
HANGS HERSELF
IN DEATH TOWN
Internet cult linked to
14th suicide in a year","[{'x': 4, 'y': 4}, {'x': 240, 'y': 4}, {'x': 240, 'y': 145}, {'x': 4, 'y': 145}]",5:4,horizontal,50544,Other,other,33276,0.6583570750237417,negative
negative_347.jpeg,/kaggle/input/musait/dataset/basket/negative_347.jpeg,1,"ANOTHER GIRL
HANGS HERSELF
IN DEATH TOWN
Internet cult linked to
14th suicide in a year","[{'x': 4, 'y': 4}, {'x': 240, 'y': 4}, {'x': 240, 'y': 145}, {'x': 4, 'y': 145}]",5:4,horizontal,50544,Other,other,33276,0.6583570750237417,negative
negative_348.jpg,/kaggle/input/musait/dataset/basket/negative_348.jpg,1,"THE TIMES
DIEURET
NODRO
SCOTLAND
WEDNESDAY JANUARY 27 2021 | THETIMES.CO.UK | NO 73379
Printed in Scotland
£2.20 £1.10 to subscribers
(based on 7 Day Print Pack)
100,000 deaths
UK is first in Europe to lose so many to Covid Johnson 'deeply sorry' 30,000 more fatalities predicted within month
Kat Lay Health Editor
Michael Keith, Sam Joiner, Tom Calver
Boris Johnson apologised to the
nation last night as Britain became the
first European country to officially
reach the sombre milestone of more
than 100,000 coronavirus deaths.
The prime minister said that he took
full responsibility and insisted: ""We
did everything we could.""
Britain is the fifth nation to reach a
six-figure death toll after the US,
Brazil, India and Mexico. Experts said
thousands more deaths were inevita-
ble, with one estimate of 30,000 within
a month. Separate data from Johns
Hopkins University showed that there
had been more than 100 million cases
recorded around the world.
Mr Johnson said: ""I am deeply sorry
for every life that has been lost and of
course as prime minister I take full
responsibility for everything that the
government has done. We truly did
everything we could and continue to
do everything that we can to minimise
loss of life and suffering in what has
been a very, very difficult stage and a
very, very difficult crisis for our coun-
try, and we will continue to do that.""
In other developments:
The chief executive of Astrazeneca
said Britain would reach 30 million
vaccinations by the end of March and
accused EU countries of being ""emo-
tional about delays.
Chris Whitty, the chief medical offi-
cer for England, said that Britain had
reached the peak of the second wave.
The head of the NHS said the virus
could become a ""much more treatable
disease"" over the next six to 18 months..
●Parents were promised an update in
days about the prospect of children re-
turning to school, but Mr Johnson said
classes would reopen ""cautiously"".
There were 7,766 deaths registered
in the week ending January 15 with the
virus mentioned on the death certifi-
cate, bringing the total in Britain to
103,602. In Scotland the deaths of 87
people who had tested positive in the
past 28 days were registered, taking
the toll to 5,796. John Swinney, deputy
first minister, called the figure ""heart-
breaking"" as he announced it to the
Scottish parliament.
The UK government uses a separate
measure of deaths that have occurred
within 28 days of a positive test, which
also passed 100,000 yesterday. After
1,631 new deaths were recorded it
stood at 100,162. Death certificates
capture more cases because they in-
clude those in which doctors have
EU cash wanted
University principals have
urged ministers to take
money that paid for EU
students' free tuition and
fully fund Scottish higher
education. Page 4
Victims of the pandemic Top row, from left: Fayez Ayache, 76; the Right Rev Vincent Logan, 79; Manjeet Riyat, 52; Leilani
Dayrit, 47: Khulisani Nkala, 46. Second row: Gladys Lewis, 74; Peter Gough, 56; Belly Mujinga, 47; Gerallt Davies, 51; Margaret
Tapley, 84. Third row: Nasir Khan, 46; Dominga David, 62; Ray Lever, 62; Julie Penfold, 53; Anna Lisa Sayson, age unknown.
Fourth row: Karen Hutton, 58; Kevin Smith, age unknown; Eyitolami Olaolorun, 60; Amged El-Hawrani, 55; Shabnum Sadiq, 39
made a diagnosis based on clinical
symptoms even in the absence of a
positive test. Mr Johnson said it was
""hard to compute the sorrow"" in the
death toll and promised his govern-
ment would ""learn the lessons"".
Sir Keir Starmer, the Labour leader,
said that it was a ""national tragedy""
with the figure ""twice as many as died
in the Blitz [and] the equivalent of the
population of towns such as Bath or
Stevenage or Hastings"". He argued
Tesco boss payout
A Tesco supermarket
manager who was sacked
after tackling a shoplifter in
an ""intensely scary
confrontation has won a
£40,000 payout. Page 5
that ministers were too slow in re-
sponse, such as imposing lockdowns,
providing protective equipment and
testing. ""There's a strong sense that
our government has been behind the
curve at every stage,"" he said.
Professor Whitty said that daily
death numbers would fall ""relatively
slowly over the next few weeks"".
Adam Kucharski, of the London
School of Hygiene and Tropical Medi-
cine, said 30,000 more deaths were
IN THE NEWS
likely within the next month ""from in
fections that have already happened"".
The vast majority of the victims
have been older people, with 90 per
cent of those who died aged 65 or more
and 75 per cent aged at least 75. People
from black, Asian and other ethnic
minority groups have died in dispro-
portionately high numbers.
Coronavirus latest, pages 6-12
Botched response demands scrutiny,
leading artide, page 27
Girls' health warning | Trump summoned
The mental health of girls
declines sharply at 14 and
worsens through
adolescence, caused in part
by heavy social media use, a
study has suggested. Page 15
Donald Trump will be issued
with a summons for his
second impeachment trial,
although Republicans have
challenged the legitimacy of
the process. Pages 28-29
Frimpong 'letdown'
Neil Lennon says he feels
betrayed by Jeremie
Frimpong, the Dutch right
back who is on the brink of a
move to the German giants
Bayer Leverkusen. Page 66
Scottish travel
rules may be
tougher than
rest of the UK
Kieran Andrews Scottish Political Editor
Steven Swinford Deputy Political Editor
Graeme Paton Transport Correspondent
Scotland is poised to bring in tougher
quarantine rules for overseas travel-
lers than England after Boris Johnson
rejected calls by Priti Patel for the tem-
porary closure of Britain's borders.
The UK government will announce
today a limited hotel quarantine
system for arrivals from high-risk
countries in a move that is likely to
frustrate ministers at Holyrood for not
going far enough.
John Swinney, the deputy first min-
ister, said yesterday that the Scottish
government believed a comprehen-
sive system of supervised quarantine
was required.
The Times has been told that Ms
Patel, the home secretary, pushed for a
travel ban to stop potentially vaccine-
resistant strains of coronavirus from
being imported into the UK. She sug-
gested the move to give the govern-
ment time to prepare a blanket hotel
quarantine system for all arrivals.
However, Mr Johnson rejected the
call and is expected to restrict the re-
quirement for hotel quarantine to
Britons returning from 30 high-risk
countries that are covered by a travel
ban for foreigners. These include
South America, Portugal and Cape
Verde after the discovery of two new
coronavirus variants in Brazil. It also
includes South Africa and neighbour-
ing countries where another variant
emerged. Non-UK residents from
these countries are already barred
from entering Britain.
Although border control is reserved.
to Westminster, public health is
devolved to Holyrood, meaning
Scottish ministers have control over
quarantine measures.
Mr Swinney told MSPs that any
changes ""will work best on a four-
nation basis"" but signalled that Scot-
tish ministers were willing to bring in
tougher restrictions. He said: ""The
Continued on page 2, col 3
9771742 498035","[{'x': 42, 'y': 41}, {'x': 941, 'y': 41}, {'x': 941, 'y': 1200}, {'x': 42, 'y': 1200}]",3:4,vertical,1212192,3:4,vertical,1041941,0.8595511272141707,negative
negative_349.jpg,/kaggle/input/musait/dataset/basket/negative_349.jpg,1,"THE TIMES
DIEURET
NODRO
SCOTLAND
WEDNESDAY JANUARY 27 2021 | THETIMES.CO.UK | NO 73379
Printed in Scotland
£2.20 £1.10 to subscribers
(based on 7 Day Print Pack)
100,000 deaths
UK is first in Europe to lose so many to Covid Johnson 'deeply sorry' 30,000 more fatalities predicted within month
Kat Lay Health Editor
Michael Keith, Sam Joiner, Tom Calver
Boris Johnson apologised to the
nation last night as Britain became the
first European country to officially
reach the sombre milestone of more
than 100,000 coronavirus deaths.
The prime minister said that he took
full responsibility and insisted: ""We
did everything we could.""
Britain is the fifth nation to reach a
six-figure death toll after the US,
Brazil, India and Mexico. Experts said
thousands more deaths were inevita-
ble, with one estimate of 30,000 within
a month. Separate data from Johns
Hopkins University showed that there
had been more than 100 million cases
recorded around the world.
Mr Johnson said: ""I am deeply sorry
for every life that has been lost and of
course as prime minister I take full
responsibility for everything that the
government has done. We truly did
everything we could and continue to
do everything that we can to minimise
loss of life and suffering in what has
been a very, very difficult stage and a
very, very difficult crisis for our coun-
try, and we will continue to do that.""
In other developments:
The chief executive of Astrazeneca
said Britain would reach 30 million
vaccinations by the end of March and
accused EU countries of being ""emo-
tional about delays.
Chris Whitty, the chief medical offi-
cer for England, said that Britain had
reached the peak of the second wave.
The head of the NHS said the virus
could become a ""much more treatable
disease"" over the next six to 18 months..
●Parents were promised an update in
days about the prospect of children re-
turning to school, but Mr Johnson said
classes would reopen ""cautiously"".
There were 7,766 deaths registered
in the week ending January 15 with the
virus mentioned on the death certifi-
cate, bringing the total in Britain to
103,602. In Scotland the deaths of 87
people who had tested positive in the
past 28 days were registered, taking
the toll to 5,796. John Swinney, deputy
first minister, called the figure ""heart-
breaking"" as he announced it to the
Scottish parliament.
The UK government uses a separate
measure of deaths that have occurred
within 28 days of a positive test, which
also passed 100,000 yesterday. After
1,631 new deaths were recorded it
stood at 100,162. Death certificates
capture more cases because they in-
clude those in which doctors have
EU cash wanted
University principals have
urged ministers to take
money that paid for EU
students' free tuition and
fully fund Scottish higher
education. Page 4
Victims of the pandemic Top row, from left: Fayez Ayache, 76; the Right Rev Vincent Logan, 79; Manjeet Riyat, 52; Leilani
Dayrit, 47: Khulisani Nkala, 46. Second row: Gladys Lewis, 74; Peter Gough, 56; Belly Mujinga, 47; Gerallt Davies, 51; Margaret
Tapley, 84. Third row: Nasir Khan, 46; Dominga David, 62; Ray Lever, 62; Julie Penfold, 53; Anna Lisa Sayson, age unknown.
Fourth row: Karen Hutton, 58; Kevin Smith, age unknown; Eyitolami Olaolorun, 60; Amged El-Hawrani, 55; Shabnum Sadiq, 39
made a diagnosis based on clinical
symptoms even in the absence of a
positive test. Mr Johnson said it was
""hard to compute the sorrow"" in the
death toll and promised his govern-
ment would ""learn the lessons"".
Sir Keir Starmer, the Labour leader,
said that it was a ""national tragedy""
with the figure ""twice as many as died
in the Blitz [and] the equivalent of the
population of towns such as Bath or
Stevenage or Hastings"". He argued
Tesco boss payout
A Tesco supermarket
manager who was sacked
after tackling a shoplifter in
an ""intensely scary
confrontation has won a
£40,000 payout. Page 5
that ministers were too slow in re-
sponse, such as imposing lockdowns,
providing protective equipment and
testing. ""There's a strong sense that
our government has been behind the
curve at every stage,"" he said.
Professor Whitty said that daily
death numbers would fall ""relatively
slowly over the next few weeks"".
Adam Kucharski, of the London
School of Hygiene and Tropical Medi-
cine, said 30,000 more deaths were
IN THE NEWS
likely within the next month ""from in
fections that have already happened"".
The vast majority of the victims
have been older people, with 90 per
cent of those who died aged 65 or more
and 75 per cent aged at least 75. People
from black, Asian and other ethnic
minority groups have died in dispro-
portionately high numbers.
Coronavirus latest, pages 6-12
Botched response demands scrutiny,
leading artide, page 27
Girls' health warning | Trump summoned
The mental health of girls
declines sharply at 14 and
worsens through
adolescence, caused in part
by heavy social media use, a
study has suggested. Page 15
Donald Trump will be issued
with a summons for his
second impeachment trial,
although Republicans have
challenged the legitimacy of
the process. Pages 28-29
Frimpong 'letdown'
Neil Lennon says he feels
betrayed by Jeremie
Frimpong, the Dutch right
back who is on the brink of a
move to the German giants
Bayer Leverkusen. Page 66
Scottish travel
rules may be
tougher than
rest of the UK
Kieran Andrews Scottish Political Editor
Steven Swinford Deputy Political Editor
Graeme Paton Transport Correspondent
Scotland is poised to bring in tougher
quarantine rules for overseas travel-
lers than England after Boris Johnson
rejected calls by Priti Patel for the tem-
porary closure of Britain's borders.
The UK government will announce
today a limited hotel quarantine
system for arrivals from high-risk
countries in a move that is likely to
frustrate ministers at Holyrood for not
going far enough.
John Swinney, the deputy first min-
ister, said yesterday that the Scottish
government believed a comprehen-
sive system of supervised quarantine
was required.
The Times has been told that Ms
Patel, the home secretary, pushed for a
travel ban to stop potentially vaccine-
resistant strains of coronavirus from
being imported into the UK. She sug-
gested the move to give the govern-
ment time to prepare a blanket hotel
quarantine system for all arrivals.
However, Mr Johnson rejected the
call and is expected to restrict the re-
quirement for hotel quarantine to
Britons returning from 30 high-risk
countries that are covered by a travel
ban for foreigners. These include
South America, Portugal and Cape
Verde after the discovery of two new
coronavirus variants in Brazil. It also
includes South Africa and neighbour-
ing countries where another variant
emerged. Non-UK residents from
these countries are already barred
from entering Britain.
Although border control is reserved.
to Westminster, public health is
devolved to Holyrood, meaning
Scottish ministers have control over
quarantine measures.
Mr Swinney told MSPs that any
changes ""will work best on a four-
nation basis"" but signalled that Scot-
tish ministers were willing to bring in
tougher restrictions. He said: ""The
Continued on page 2, col 3
9771742 498035","[{'x': 42, 'y': 41}, {'x': 941, 'y': 41}, {'x': 941, 'y': 1200}, {'x': 42, 'y': 1200}]",3:4,vertical,1212192,3:4,vertical,1041941,0.8595511272141707,negative
negative_350.jpg,/kaggle/input/musait/dataset/basket/negative_350.jpg,1,"HOW COVID-19 HAS
AFFECTED INDIA
Union Territory of
Jammu and Kashmir
Union Territory
of Ladakh
3
Punjab
Rajasthan
1
2
Uttar Pradesh
Delhi
6
Haryana
10
20
1
14
Mahrashtra
11
O
Karnataka
Telangana
21
Kerala
17
Tamil Nadu
1
Total Confirmed cases
(Indian National)
Tolol Contimed cases
(Foreign National)
56
17
As on 12-3-2020 at 11:00 AM","[{'x': 41, 'y': 78}, {'x': 431, 'y': 78}, {'x': 431, 'y': 655}, {'x': 41, 'y': 655}]",3:4,vertical,357000,3:4,vertical,225030,0.6303361344537816,negative
negative_351.jpg,/kaggle/input/musait/dataset/basket/negative_351.jpg,1,"HOW COVID-19 HAS
AFFECTED INDIA
Union Territory of
Jammu and Kashmir
Union Territory
of Ladakh
3
Punjab
Rajasthan
1
2
Uttar Pradesh
Delhi
6
Haryana
10
20
1
14
Mahrashtra
11
O
Karnataka
Telangana
21
Kerala
17
Tamil Nadu
1
Total Confirmed cases
(Indian National)
Tolol Contimed cases
(Foreign National)
56
17
As on 12-3-2020 at 11:00 AM","[{'x': 41, 'y': 78}, {'x': 431, 'y': 78}, {'x': 431, 'y': 655}, {'x': 41, 'y': 655}]",3:4,vertical,357000,3:4,vertical,225030,0.6303361344537816,negative
negative_352.jpeg,/kaggle/input/musait/dataset/basket/negative_352.jpeg,1,"INDIA
TODAY
CORONA
BREAKING
FIRST DEATH
DUE TO JAB","[{'x': 19, 'y': 14}, {'x': 125, 'y': 14}, {'x': 125, 'y': 144}, {'x': 19, 'y': 144}]",16:9,horizontal,50400,3:4,vertical,13780,0.2734126984126984,negative
negative_353.jpeg,/kaggle/input/musait/dataset/basket/negative_353.jpeg,1,"INDIA
TODAY
CORONA
BREAKING
FIRST DEATH
DUE TO JAB","[{'x': 19, 'y': 14}, {'x': 125, 'y': 14}, {'x': 125, 'y': 144}, {'x': 19, 'y': 144}]",16:9,horizontal,50400,3:4,vertical,13780,0.2734126984126984,negative
negative_354.jpeg,/kaggle/input/musait/dataset/basket/negative_354.jpeg,1,"Dw
COVID disaster in India","[{'x': 14, 'y': 16}, {'x': 286, 'y': 16}, {'x': 286, 'y': 144}, {'x': 14, 'y': 144}]",16:9,horizontal,50400,2:1,horizontal,34816,0.6907936507936508,negative
negative_355.jpeg,/kaggle/input/musait/dataset/basket/negative_355.jpeg,1,"Dw
COVID disaster in India","[{'x': 14, 'y': 16}, {'x': 286, 'y': 16}, {'x': 286, 'y': 144}, {'x': 14, 'y': 144}]",16:9,horizontal,50400,2:1,horizontal,34816,0.6907936507936508,negative
negative_356.jpeg,/kaggle/input/musait/dataset/basket/negative_356.jpeg,1,"WION
COVID-19 CASES IN
INDIA","[{'x': 2, 'y': 113}, {'x': 200, 'y': 113}, {'x': 200, 'y': 161}, {'x': 2, 'y': 161}]",16:9,horizontal,50400,Other,other,9504,0.1885714285714285,negative
negative_357.jpeg,/kaggle/input/musait/dataset/basket/negative_357.jpeg,1,"WION
COVID-19 CASES IN
INDIA","[{'x': 2, 'y': 113}, {'x': 200, 'y': 113}, {'x': 200, 'y': 161}, {'x': 2, 'y': 161}]",16:9,horizontal,50400,Other,other,9504,0.1885714285714285,negative
negative_358.jpeg,/kaggle/input/musait/dataset/basket/negative_358.jpeg,1,DEATH TOLL CROSSES 1 LAKH MARK,"[{'x': 46, 'y': 135}, {'x': 258, 'y': 135}, {'x': 258, 'y': 153}, {'x': 46, 'y': 153}]",16:9,horizontal,50490,Other,other,3816,0.0755793226381461,negative
negative_359.jpeg,/kaggle/input/musait/dataset/basket/negative_359.jpeg,1,DEATH TOLL CROSSES 1 LAKH MARK,"[{'x': 46, 'y': 135}, {'x': 258, 'y': 135}, {'x': 258, 'y': 153}, {'x': 46, 'y': 153}]",16:9,horizontal,50490,Other,other,3816,0.0755793226381461,negative
negative_360.jpeg,/kaggle/input/musait/dataset/basket/negative_360.jpeg,1,"CORONAVIRUS DEATH
TOLL RISES TO
400
NAGPURTODAY.IN","[{'x': 44, 'y': 122}, {'x': 296, 'y': 122}, {'x': 296, 'y': 167}, {'x': 44, 'y': 167}]",16:9,horizontal,50490,Other,other,11340,0.2245989304812834,negative
negative_361.jpeg,/kaggle/input/musait/dataset/basket/negative_361.jpeg,1,"CORONAVIRUS DEATH
TOLL RISES TO
400
NAGPURTODAY.IN","[{'x': 44, 'y': 122}, {'x': 296, 'y': 122}, {'x': 296, 'y': 167}, {'x': 44, 'y': 167}]",16:9,horizontal,50490,Other,other,11340,0.2245989304812834,negative
negative_362.jpeg,/kaggle/input/musait/dataset/basket/negative_362.jpeg,1,"NDTV
KERALA: DEATH COUNT
CROSSES 30,000
BCOINSWITCH
KERALA BIGGEST CONTRIBUTOR TO
INDIA'S COVID MORTALITY","[{'x': 7, 'y': 34}, {'x': 241, 'y': 34}, {'x': 241, 'y': 157}, {'x': 7, 'y': 157}]",4:3,horizontal,50246,16:9,horizontal,28782,0.572821717151614,negative
negative_363.jpeg,/kaggle/input/musait/dataset/basket/negative_363.jpeg,1,"NDTV
KERALA: DEATH COUNT
CROSSES 30,000
BCOINSWITCH
KERALA BIGGEST CONTRIBUTOR TO
INDIA'S COVID MORTALITY","[{'x': 7, 'y': 34}, {'x': 241, 'y': 34}, {'x': 241, 'y': 157}, {'x': 7, 'y': 157}]",4:3,horizontal,50246,16:9,horizontal,28782,0.572821717151614,negative
negative_364.jpg,/kaggle/input/musait/dataset/basket/negative_364.jpg,1,"WORLD'S NEWS
When will
пс
NEW DELHI
a coronavirus
vaccine be ready?
Even at their most effective and
draconian-containment strategies
have only slowed the spread of the
respiratory disease Covid-19. With
the World Health Organization
finally declaring a pandemic, all eyes
have turned to the prospect of a
vaccine, because only a vaccine can
prevent people from getting sick.
About 35 companies and academic
titutions are racing to create such
at least four of which
they have
BELING
с
AMSTERDAM
GLOBAL PANDEMIC ALARM! Coronavirus Cases:
COVID-19
The disease was first identified in December 2019 in Wuhan, the capital of China's
Hubei province, and has since spread globally, resulting in the ongoing 2019-20
coronavirus pandemic. In the days and weeks ahead, we expect to see the number of
cases, the number of deaths, and the number of affected countries climb even higher
Active Cases
1001615
Closed Cases
610577
1554R7
Total Death
Hecovered
Total Cases
More Bad Information
There are rapidly growing numbers
of cases in many countries, and many
countries in Europe have already
reported nation-wide community","[{'x': 7, 'y': 14}, {'x': 634, 'y': 14}, {'x': 634, 'y': 359}, {'x': 7, 'y': 359}]",16:9,horizontal,230400,16:9,horizontal,216315,0.9388671875,negative
negative_365.jpg,/kaggle/input/musait/dataset/basket/negative_365.jpg,1,"WORLD'S NEWS
When will
пс
NEW DELHI
a coronavirus
vaccine be ready?
Even at their most effective and
draconian-containment strategies
have only slowed the spread of the
respiratory disease Covid-19. With
the World Health Organization
finally declaring a pandemic, all eyes
have turned to the prospect of a
vaccine, because only a vaccine can
prevent people from getting sick.
About 35 companies and academic
titutions are racing to create such
at least four of which
they have
BELING
с
AMSTERDAM
GLOBAL PANDEMIC ALARM! Coronavirus Cases:
COVID-19
The disease was first identified in December 2019 in Wuhan, the capital of China's
Hubei province, and has since spread globally, resulting in the ongoing 2019-20
coronavirus pandemic. In the days and weeks ahead, we expect to see the number of
cases, the number of deaths, and the number of affected countries climb even higher
Active Cases
1001615
Closed Cases
610577
1554R7
Total Death
Hecovered
Total Cases
More Bad Information
There are rapidly growing numbers
of cases in many countries, and many
countries in Europe have already
reported nation-wide community","[{'x': 7, 'y': 14}, {'x': 634, 'y': 14}, {'x': 634, 'y': 359}, {'x': 7, 'y': 359}]",16:9,horizontal,230400,16:9,horizontal,216315,0.9388671875,negative
negative_366.jpg,/kaggle/input/musait/dataset/basket/negative_366.jpg,1,"Pictures: Colin McPherson
Fighting for life
FIVE neighbours from a
quiet Edinburgh suburb are
in hospital today after two
road smashes.
The families, from Saughton Mains,
had to be cut free from the wreckage
of their cars after horrifying head-on
collisons which happened just hours
apart.
Both families were travelling in
Ford Sierra cars when the accidents
happened
CRASH ONE: In the centre of Edin-
burgh, left 49-year-old Linda Monroe
fighting for her life in the Western
General Hospital with serious head
injuries.
She was a passenger in the car with
her husband and teenage son when it
was involved in a four-car crash on
the West Approach Road at 2.15pm
yesterday.
Alive
Mrs Monroe was unconscious as
firemen spent more than 30 minutes
cutting her free from the wreckage.
She was today in a ""critical"" condi-
tion in the Western General Hospital
Her husband John (65) was also
trapped but remained conscious dur-
ing most of his ordeal despite agonis-
ing leg injuries.
He helplessly watched efforts to
keep his wife alive.
The couple's 13-year-old son, also
John, was a passenger in the back of
the car and was taken to hospital.
Both father and son were today
""satisfactory"" in Edinburgh Royal
Infirmary.
RESCUERS:
The
e emergency
services staged
a combined
operation as to
free the
trapped crash
victims from
the wreckage
after
yesterday's first
accident.
Near neighbours injured in
separate head-on crashes
AFTERMATH: The remains of the Monroes' dar. Fire crews used specialised cutting equipment to help free them.
by SCOTT DOUGLAS
The family, from Saughton Mains
Place, were travelling towards the
city centre when the accident hap-
pened
Jayne Beck (28), from Tranent, the
driver of a Red Star delivery van was
taken to hospital and later released,
as were Hung Cheung Ng (36), of
Laichpark, in Chesser, and James
Park (41) of Ashley Grove, whose
vehicles were also involved in the
accident.
CRASH TWO: Came a few hours
later, at around 7pm, when husband
and wife William and Elizabeth
Russell of nearby Saughton Mains
Gardens, were involved in a head on
collision with another car at Ber-
wick-upon-Tweed.
Again firefighters had to use cutting
gear in a delicate operation to free
the victims from the mangled
remains of their and the couple were
taken to Edinburgh Royal Infirmary.
Mr Russell suffered leg, chest and
facial injuries. His wife suffered arm
injuries. Today both were ""stable""
The driver of the other car Brian
Short (33). of Mansfield Road,
Tweedmouth, Berwick, suffered
multiple injuries and was today
""serious"" in Edinburgh Royal Infirm
ary.","[{'x': 0, 'y': 7}, {'x': 589, 'y': 7}, {'x': 589, 'y': 794}, {'x': 0, 'y': 794}]",3:4,vertical,478800,3:4,vertical,463543,0.9681349206349208,negative
negative_367.jpg,/kaggle/input/musait/dataset/basket/negative_367.jpg,1,"Pictures: Colin McPherson
Fighting for life
FIVE neighbours from a
quiet Edinburgh suburb are
in hospital today after two
road smashes.
The families, from Saughton Mains,
had to be cut free from the wreckage
of their cars after horrifying head-on
collisons which happened just hours
apart.
Both families were travelling in
Ford Sierra cars when the accidents
happened
CRASH ONE: In the centre of Edin-
burgh, left 49-year-old Linda Monroe
fighting for her life in the Western
General Hospital with serious head
injuries.
She was a passenger in the car with
her husband and teenage son when it
was involved in a four-car crash on
the West Approach Road at 2.15pm
yesterday.
Alive
Mrs Monroe was unconscious as
firemen spent more than 30 minutes
cutting her free from the wreckage.
She was today in a ""critical"" condi-
tion in the Western General Hospital
Her husband John (65) was also
trapped but remained conscious dur-
ing most of his ordeal despite agonis-
ing leg injuries.
He helplessly watched efforts to
keep his wife alive.
The couple's 13-year-old son, also
John, was a passenger in the back of
the car and was taken to hospital.
Both father and son were today
""satisfactory"" in Edinburgh Royal
Infirmary.
RESCUERS:
The
e emergency
services staged
a combined
operation as to
free the
trapped crash
victims from
the wreckage
after
yesterday's first
accident.
Near neighbours injured in
separate head-on crashes
AFTERMATH: The remains of the Monroes' dar. Fire crews used specialised cutting equipment to help free them.
by SCOTT DOUGLAS
The family, from Saughton Mains
Place, were travelling towards the
city centre when the accident hap-
pened
Jayne Beck (28), from Tranent, the
driver of a Red Star delivery van was
taken to hospital and later released,
as were Hung Cheung Ng (36), of
Laichpark, in Chesser, and James
Park (41) of Ashley Grove, whose
vehicles were also involved in the
accident.
CRASH TWO: Came a few hours
later, at around 7pm, when husband
and wife William and Elizabeth
Russell of nearby Saughton Mains
Gardens, were involved in a head on
collision with another car at Ber-
wick-upon-Tweed.
Again firefighters had to use cutting
gear in a delicate operation to free
the victims from the mangled
remains of their and the couple were
taken to Edinburgh Royal Infirmary.
Mr Russell suffered leg, chest and
facial injuries. His wife suffered arm
injuries. Today both were ""stable""
The driver of the other car Brian
Short (33). of Mansfield Road,
Tweedmouth, Berwick, suffered
multiple injuries and was today
""serious"" in Edinburgh Royal Infirm
ary.","[{'x': 0, 'y': 7}, {'x': 589, 'y': 7}, {'x': 589, 'y': 794}, {'x': 0, 'y': 794}]",3:4,vertical,478800,3:4,vertical,463543,0.9681349206349208,negative
negative_368.jpg,/kaggle/input/musait/dataset/basket/negative_368.jpg,1,"City Edition
10-(0)21
Swees
P
Karol Bagh
Saree House
INDIAN EXPRESS
Largest combined net sales among all daily newspapers in India
Published from New Delhi, Chandigarh, Bombay, Madras, Madurai, Vijayawada, Hyderabad, Bangalore, Ahmedabad and Cochin
Vol. L. No. BE
New Delhi: Thursday, January 28, 1982
60 P
ON EASY INSTALMENTS
Texla TV
The right Choice
angad ELECTRONICS
Seventy killed in Agra train accident
Delhi-bound Dakshin Express
collides with goods train
By Seema Mustaf
Express News Service
Sixty-one persons died in a
crew of the
whe
Did Dakshin Express acted to
jat nude As cantatutest jng tracks Mage Mastal was
sation
Wedday mor
wenty-three persons
e injured, fively.
Driver blames fog
Expres News d
AGMAJ 2
Cranes were simp
The ined ved
decalimi. Tie
ope of the
The b
AM
of
Punt to were room
Used to
Kanbere sand
Joning of the perf
Chrmals The The the small 110 die in train
smash in Algeria","[{'x': 11, 'y': 1}, {'x': 1178, 'y': 1}, {'x': 1178, 'y': 659}, {'x': 11, 'y': 659}]",16:9,horizontal,800400,16:9,horizontal,767886,0.9593778110944527,negative
negative_369.jpg,/kaggle/input/musait/dataset/basket/negative_369.jpg,1,"City Edition
10-(0)21
Swees
P
Karol Bagh
Saree House
INDIAN EXPRESS
Largest combined net sales among all daily newspapers in India
Published from New Delhi, Chandigarh, Bombay, Madras, Madurai, Vijayawada, Hyderabad, Bangalore, Ahmedabad and Cochin
Vol. L. No. BE
New Delhi: Thursday, January 28, 1982
60 P
ON EASY INSTALMENTS
Texla TV
The right Choice
angad ELECTRONICS
Seventy killed in Agra train accident
Delhi-bound Dakshin Express
collides with goods train
By Seema Mustaf
Express News Service
Sixty-one persons died in a
crew of the
whe
Did Dakshin Express acted to
jat nude As cantatutest jng tracks Mage Mastal was
sation
Wedday mor
wenty-three persons
e injured, fively.
Driver blames fog
Expres News d
AGMAJ 2
Cranes were simp
The ined ved
decalimi. Tie
ope of the
The b
AM
of
Punt to were room
Used to
Kanbere sand
Joning of the perf
Chrmals The The the small 110 die in train
smash in Algeria","[{'x': 11, 'y': 1}, {'x': 1178, 'y': 1}, {'x': 1178, 'y': 659}, {'x': 11, 'y': 659}]",16:9,horizontal,800400,16:9,horizontal,767886,0.9593778110944527,negative
negative_370.jpg,/kaggle/input/musait/dataset/basket/negative_370.jpg,1,"38
FRIDAY, JANUARY 3
Seven injured as
cars crash
TEN people escaped se-
rious injury when two
cars collided on a hump-
back bridge late on Sat-
urday night.
But seven of them had to
go to hospital.
A Datsun, driven by Della
Jeavons, of Waterside,
Peartree Bridge, and a Volvo,
driven by Maureen Benwell,
of Welland Close, Newport
Pagnell, crashed on the canal
bridge, Great Linford.
Ramblers meet tough going
MILTON Keynes welcome break at the
Ramblers Association
were hosts to Bedford
Rambling Club on their
last walk.
The combined party of
about 30 walkers, led by Mike
Bowley, found the route tough
going because of recent heavy
rain, numerous stiles and dif-
ficult ground conditions.
The ramble passed
Gayhurst House, Tathall End
and Eakley Lanes before a
Wheatsheaf, Ravenstone.
When heavy rain fell dur-
ing lunch some members
opted to take a short cut to
the cars, but the main group
followed the planned route to
visit Cowpers Alcove and
Weston Underwood.
The next ramble will be on
Sunday, February 1. Every-
one is welcome to join the
group at Wolverton Station at
10 am for a short walk by the
canal and river.
Della Jeavons, 19, Mark
Golding, 18, of Penryn Ave-
nue, Fishermead, Glyn
Jeavons, 18, of Waterside,
Peartree Bridge, Alison Mills,
of Richmond Way, New-
port Pagnell, and Maureen
and Gillian Benwell, of Well-
and Close, Newport Pagnell,
were all treated and dis-
charged at Northampton
General Hospital.
Caroline Tricks, 17, of
Pipard, Great Linford, was
kept in hospital for a day with
head injuries.
J. Hanland, 17, of the
Chequers, Castlethorpe,
Dylan Jeavons, 14, of Water-
side, Peartree Bridge, and
Mark Ward, 17, of Cranesbill
Place, Conniburrow, were
treated by Bucks ambulan-
cemen at the scene of the
crash.","[{'x': 10, 'y': 6}, {'x': 638, 'y': 6}, {'x': 638, 'y': 574}, {'x': 10, 'y': 574}]",1:1,box,371076,1:1,box,356704,0.9612693895590122,negative
negative_371.jpg,/kaggle/input/musait/dataset/basket/negative_371.jpg,1,"38
FRIDAY, JANUARY 3
Seven injured as
cars crash
TEN people escaped se-
rious injury when two
cars collided on a hump-
back bridge late on Sat-
urday night.
But seven of them had to
go to hospital.
A Datsun, driven by Della
Jeavons, of Waterside,
Peartree Bridge, and a Volvo,
driven by Maureen Benwell,
of Welland Close, Newport
Pagnell, crashed on the canal
bridge, Great Linford.
Ramblers meet tough going
MILTON Keynes welcome break at the
Ramblers Association
were hosts to Bedford
Rambling Club on their
last walk.
The combined party of
about 30 walkers, led by Mike
Bowley, found the route tough
going because of recent heavy
rain, numerous stiles and dif-
ficult ground conditions.
The ramble passed
Gayhurst House, Tathall End
and Eakley Lanes before a
Wheatsheaf, Ravenstone.
When heavy rain fell dur-
ing lunch some members
opted to take a short cut to
the cars, but the main group
followed the planned route to
visit Cowpers Alcove and
Weston Underwood.
The next ramble will be on
Sunday, February 1. Every-
one is welcome to join the
group at Wolverton Station at
10 am for a short walk by the
canal and river.
Della Jeavons, 19, Mark
Golding, 18, of Penryn Ave-
nue, Fishermead, Glyn
Jeavons, 18, of Waterside,
Peartree Bridge, Alison Mills,
of Richmond Way, New-
port Pagnell, and Maureen
and Gillian Benwell, of Well-
and Close, Newport Pagnell,
were all treated and dis-
charged at Northampton
General Hospital.
Caroline Tricks, 17, of
Pipard, Great Linford, was
kept in hospital for a day with
head injuries.
J. Hanland, 17, of the
Chequers, Castlethorpe,
Dylan Jeavons, 14, of Water-
side, Peartree Bridge, and
Mark Ward, 17, of Cranesbill
Place, Conniburrow, were
treated by Bucks ambulan-
cemen at the scene of the
crash.","[{'x': 10, 'y': 6}, {'x': 638, 'y': 6}, {'x': 638, 'y': 574}, {'x': 10, 'y': 574}]",1:1,box,371076,1:1,box,356704,0.9612693895590122,negative
negative_372.jpeg,/kaggle/input/musait/dataset/basket/negative_372.jpeg,1,"MUMBAI-AGRA HIGHWAY
C
P
Accident claims lives of five""
doctors in Nashik, one injured
The six were returning to Pimpalgaon Baswant after attending a meet
DOCTORS
end
The and the
sbdel
hande
ecossed the bod","[{'x': 7, 'y': 7}, {'x': 244, 'y': 7}, {'x': 244, 'y': 200}, {'x': 7, 'y': 200}]",4:3,horizontal,50225,4:3,horizontal,45741,0.9107217521154805,negative
negative_373.jpeg,/kaggle/input/musait/dataset/basket/negative_373.jpeg,1,"MUMBAI-AGRA HIGHWAY
C
P
Accident claims lives of five""
doctors in Nashik, one injured
The six were returning to Pimpalgaon Baswant after attending a meet
DOCTORS
end
The and the
sbdel
hande
ecossed the bod","[{'x': 7, 'y': 7}, {'x': 244, 'y': 7}, {'x': 244, 'y': 200}, {'x': 7, 'y': 200}]",4:3,horizontal,50225,4:3,horizontal,45741,0.9107217521154805,negative
negative_374.jpeg,/kaggle/input/musait/dataset/basket/negative_374.jpeg,1,"THE SALISBURY TIMES
GERMANY INVADES POLAND
Britain Will Fight, Chamberlain Says
Hitler's Same Con
Italy Is Neutral,
France Aids Poles","[{'x': 2, 'y': 3}, {'x': 260, 'y': 3}, {'x': 260, 'y': 104}, {'x': 2, 'y': 104}]",4:3,horizontal,50424,Other,other,26058,0.5167777248929082,negative
negative_375.jpeg,/kaggle/input/musait/dataset/basket/negative_375.jpeg,1,"THE SALISBURY TIMES
GERMANY INVADES POLAND
Britain Will Fight, Chamberlain Says
Hitler's Same Con
Italy Is Neutral,
France Aids Poles","[{'x': 2, 'y': 3}, {'x': 260, 'y': 3}, {'x': 260, 'y': 104}, {'x': 2, 'y': 104}]",4:3,horizontal,50424,Other,other,26058,0.5167777248929082,negative
negative_376.jpeg,/kaggle/input/musait/dataset/basket/negative_376.jpeg,1,"U.S. DETECTS ATOMIC BLAST IN RUSSIA
THE GAMBLE IN
CZECHOSLOVAKIA
WAR AND POLITICS
Tanks surround them
but they still cry resist
Wall That Divides the World
WELFARE CAPITALISM
Coming Test
and Oppket
THE WAR, UNFORTUNATELY,
WAS NEVER LIKE THIS
WORLD SPIN KALLIES FOR SPEZ PEACE
Cold War
OUR COMMUNIST ALLV
DEALING
WITH THE
DEADLY CRISIS
dreamstime.com
Hopes dulled
by specters
of despair
THE END OF
THE BEGINNING
RISANS WAGE PREPLANDA BASTLE N
CONVUON","[{'x': 3, 'y': 1}, {'x': 261, 'y': 1}, {'x': 261, 'y': 188}, {'x': 3, 'y': 188}]",4:3,horizontal,50424,4:3,horizontal,48246,0.9568062827225132,negative
negative_377.jpeg,/kaggle/input/musait/dataset/basket/negative_377.jpeg,1,"U.S. DETECTS ATOMIC BLAST IN RUSSIA
THE GAMBLE IN
CZECHOSLOVAKIA
WAR AND POLITICS
Tanks surround them
but they still cry resist
Wall That Divides the World
WELFARE CAPITALISM
Coming Test
and Oppket
THE WAR, UNFORTUNATELY,
WAS NEVER LIKE THIS
WORLD SPIN KALLIES FOR SPEZ PEACE
Cold War
OUR COMMUNIST ALLV
DEALING
WITH THE
DEADLY CRISIS
dreamstime.com
Hopes dulled
by specters
of despair
THE END OF
THE BEGINNING
RISANS WAGE PREPLANDA BASTLE N
CONVUON","[{'x': 3, 'y': 1}, {'x': 261, 'y': 1}, {'x': 261, 'y': 188}, {'x': 3, 'y': 188}]",4:3,horizontal,50424,4:3,horizontal,48246,0.9568062827225132,negative
negative_378.jpg,/kaggle/input/musait/dataset/basket/negative_378.jpg,1,"IN THE ASSEMBLY
Jadeja: 14,702 suicide cases
registered in last two years
EXPRESS NEWS SERVICE
AHMEDABAD, MARCH 2
DATA ON crime tabled by the state
Home ministry in the Assembly
Monday in response to questions
raised by Congress MLAs stated
that a total of 14,702 cases of sui-
cide were registered in Gujarat in
the last two years, suggesting that
on an average nearly 20 persons
took their lives every day.
Congress leader Paresh
Dhanani tried to corner the gov-
ernment alleging that it was
clubbing suicides under 'unnat-
ural deaths' in order to show
""control"" in the number of sui-
cide cases, and sought details on
whether those who committed
suicide were farmers. Of the
88,081 unnatural death cases
registered in last two years,
14,702 were suicide cases.
GUJARAT
ASSEMBLY
Home minister Pradeepsinh
Jadeja said that Dhanani's ques-
tion had a 'rajkiya badboo' (po-
litical intent) and informed the
House that ""if agriculture is
mentioned as the profession in
the FIR registered in cases of sui-
cides, it is not correct to consider
these happened because of agri-
culture related issues. A package
of Rs 3,795 crore has been de-
clared by the state government
for the farmers"".
Jadeja also said that suicide
due to crop failure was negligible
in the state. Giving reasons for
these unnatural deaths, Jadeja
told the House during question
hour on Monday that there are
several reasons, including exam
result-related stress, financial
problems, illness or mental illness,
marriage or family-related issues,
that can drive a person to take the
extreme step.
Responding to a written ques-
tion raised by Kalabhai Dabhi,
Congress MLA from Kapadvanj
constituency in Kheda district
pertaining to suicide cases
recorded in Kheda and Anand,
Jadeja said that not a single case
of agrarian distress or unemploy-
ment-related suicide have been
recorded in these two districts.
""There is not a single case in
Kheda and Anand districts
where a person committed sui-
cide due to agriculture related is-
sues or unemployment.""
The highest number of sui-
cide cases in 2018 and 2019 have
been recorded in Surat (2,153)
followed by Ahmedabad (1,941)
and Rajkot (1,651), as per data
tabled in the House.
Stating that Gujarat is a pros-
perous state which tops the coun-
try in terms of employment,
Jadeja also said that there is not a
single case of suicide due to un-
employment reported.
Further, the data reveals that
2,034 murder cases were
recorded in the last two years in
Gujarat which means on an aver-
age 2-3 cases were reported
everyday. Besides, 2,720 rape
cases were also reported during
the same period.
Further, a total of 3,305 cases
of rioting have been registered in
last two years with Ahmedabad
leading the list with 408 cases, fol-
lowed by Surat (277), Vadodara
(215) and Bhavnagar (203).","[{'x': 11, 'y': 21}, {'x': 1184, 'y': 21}, {'x': 1184, 'y': 945}, {'x': 11, 'y': 945}]",4:3,horizontal,1141200,4:3,horizontal,1083852,0.9497476340694008,negative
negative_379.jpg,/kaggle/input/musait/dataset/basket/negative_379.jpg,1,"IN THE ASSEMBLY
Jadeja: 14,702 suicide cases
registered in last two years
EXPRESS NEWS SERVICE
AHMEDABAD, MARCH 2
DATA ON crime tabled by the state
Home ministry in the Assembly
Monday in response to questions
raised by Congress MLAs stated
that a total of 14,702 cases of sui-
cide were registered in Gujarat in
the last two years, suggesting that
on an average nearly 20 persons
took their lives every day.
Congress leader Paresh
Dhanani tried to corner the gov-
ernment alleging that it was
clubbing suicides under 'unnat-
ural deaths' in order to show
""control"" in the number of sui-
cide cases, and sought details on
whether those who committed
suicide were farmers. Of the
88,081 unnatural death cases
registered in last two years,
14,702 were suicide cases.
GUJARAT
ASSEMBLY
Home minister Pradeepsinh
Jadeja said that Dhanani's ques-
tion had a 'rajkiya badboo' (po-
litical intent) and informed the
House that ""if agriculture is
mentioned as the profession in
the FIR registered in cases of sui-
cides, it is not correct to consider
these happened because of agri-
culture related issues. A package
of Rs 3,795 crore has been de-
clared by the state government
for the farmers"".
Jadeja also said that suicide
due to crop failure was negligible
in the state. Giving reasons for
these unnatural deaths, Jadeja
told the House during question
hour on Monday that there are
several reasons, including exam
result-related stress, financial
problems, illness or mental illness,
marriage or family-related issues,
that can drive a person to take the
extreme step.
Responding to a written ques-
tion raised by Kalabhai Dabhi,
Congress MLA from Kapadvanj
constituency in Kheda district
pertaining to suicide cases
recorded in Kheda and Anand,
Jadeja said that not a single case
of agrarian distress or unemploy-
ment-related suicide have been
recorded in these two districts.
""There is not a single case in
Kheda and Anand districts
where a person committed sui-
cide due to agriculture related is-
sues or unemployment.""
The highest number of sui-
cide cases in 2018 and 2019 have
been recorded in Surat (2,153)
followed by Ahmedabad (1,941)
and Rajkot (1,651), as per data
tabled in the House.
Stating that Gujarat is a pros-
perous state which tops the coun-
try in terms of employment,
Jadeja also said that there is not a
single case of suicide due to un-
employment reported.
Further, the data reveals that
2,034 murder cases were
recorded in the last two years in
Gujarat which means on an aver-
age 2-3 cases were reported
everyday. Besides, 2,720 rape
cases were also reported during
the same period.
Further, a total of 3,305 cases
of rioting have been registered in
last two years with Ahmedabad
leading the list with 408 cases, fol-
lowed by Surat (277), Vadodara
(215) and Bhavnagar (203).","[{'x': 11, 'y': 21}, {'x': 1184, 'y': 21}, {'x': 1184, 'y': 945}, {'x': 11, 'y': 945}]",4:3,horizontal,1141200,4:3,horizontal,1083852,0.9497476340694008,negative
negative_380.jpg,/kaggle/input/musait/dataset/basket/negative_380.jpg,1,"WION
CAUSE
7,636
OF SUICIDE MARRIAGE-RELATED ISSUE
SOURCE: NERE, 2020
SHOCKING NUMBERS FROM INDIA
2020: MORE INDIANS DIED OF SUICIDE THAN WUHAN VIRUS","[{'x': 85, 'y': 161}, {'x': 401, 'y': 161}, {'x': 401, 'y': 243}, {'x': 85, 'y': 243}]",16:9,horizontal,129600,Other,other,25912,0.1999382716049382,negative
negative_381.jpg,/kaggle/input/musait/dataset/basket/negative_381.jpg,1,"WION
CAUSE
7,636
OF SUICIDE MARRIAGE-RELATED ISSUE
SOURCE: NERE, 2020
SHOCKING NUMBERS FROM INDIA
2020: MORE INDIANS DIED OF SUICIDE THAN WUHAN VIRUS","[{'x': 85, 'y': 161}, {'x': 401, 'y': 161}, {'x': 401, 'y': 243}, {'x': 85, 'y': 243}]",16:9,horizontal,129600,Other,other,25912,0.1999382716049382,negative
negative_382.jpeg,/kaggle/input/musait/dataset/basket/negative_382.jpeg,1,"FINAL 5 New York Mirror
Marilyn
Monroe
Kills Self
Found Nude in Bed...Hand
On Phone... Took 40 Pills
Begin Her Life Story - Page 3","[{'x': 12, 'y': 8}, {'x': 185, 'y': 8}, {'x': 185, 'y': 240}, {'x': 12, 'y': 240}]",3:4,vertical,50235,3:4,vertical,40136,0.7989648651338708,negative
negative_383.jpeg,/kaggle/input/musait/dataset/basket/negative_383.jpeg,1,"FINAL 5 New York Mirror
Marilyn
Monroe
Kills Self
Found Nude in Bed...Hand
On Phone... Took 40 Pills
Begin Her Life Story - Page 3","[{'x': 12, 'y': 8}, {'x': 185, 'y': 8}, {'x': 185, 'y': 240}, {'x': 12, 'y': 240}]",3:4,vertical,50235,3:4,vertical,40136,0.7989648651338708,negative
negative_384.jpeg,/kaggle/input/musait/dataset/basket/negative_384.jpeg,1,"30 killed as bus falls off bridge
Shindi-bound TCS staff tong victims, many of the 16 ligured in critical condition","[{'x': 5, 'y': 2}, {'x': 240, 'y': 2}, {'x': 240, 'y': 37}, {'x': 5, 'y': 37}]",4:3,horizontal,50264,Other,other,8225,0.1636360019099156,negative
negative_385.jpeg,/kaggle/input/musait/dataset/basket/negative_385.jpeg,1,"30 killed as bus falls off bridge
Shindi-bound TCS staff tong victims, many of the 16 ligured in critical condition","[{'x': 5, 'y': 2}, {'x': 240, 'y': 2}, {'x': 240, 'y': 37}, {'x': 5, 'y': 37}]",4:3,horizontal,50264,Other,other,8225,0.1636360019099156,negative
negative_386.jpeg,/kaggle/input/musait/dataset/basket/negative_386.jpeg,1,"pol
Putin strikes
bring war to
door of Nato
TIMES
War reaches Nato border
BBC NEWS","[{'x': 11, 'y': 0}, {'x': 297, 'y': 0}, {'x': 297, 'y': 151}, {'x': 11, 'y': 151}]",16:9,horizontal,50400,16:9,horizontal,43186,0.8568650793650794,negative
negative_387.jpeg,/kaggle/input/musait/dataset/basket/negative_387.jpeg,1,"pol
Putin strikes
bring war to
door of Nato
TIMES
War reaches Nato border
BBC NEWS","[{'x': 11, 'y': 0}, {'x': 297, 'y': 0}, {'x': 297, 'y': 151}, {'x': 11, 'y': 151}]",16:9,horizontal,50400,16:9,horizontal,43186,0.8568650793650794,negative
negative_388.jpeg,/kaggle/input/musait/dataset/basket/negative_388.jpeg,1,"INDIA
TODAY
CYCLONE
YAAS
LANDFALL
EXPECTED
BETWEEEN
11 AM & 1 PM","[{'x': 16, 'y': 14}, {'x': 129, 'y': 14}, {'x': 129, 'y': 163}, {'x': 16, 'y': 163}]",16:9,horizontal,50400,3:4,vertical,16837,0.3340674603174603,negative
negative_389.jpeg,/kaggle/input/musait/dataset/basket/negative_389.jpeg,1,"INDIA
TODAY
CYCLONE
YAAS
LANDFALL
EXPECTED
BETWEEEN
11 AM & 1 PM","[{'x': 16, 'y': 14}, {'x': 129, 'y': 14}, {'x': 129, 'y': 163}, {'x': 16, 'y': 163}]",16:9,horizontal,50400,3:4,vertical,16837,0.3340674603174603,negative
negative_390.jpeg,/kaggle/input/musait/dataset/basket/negative_390.jpeg,1,"AffairsCloud
Cyclone Tauktae
makes landfall in Gujarat","[{'x': 14, 'y': 0}, {'x': 281, 'y': 0}, {'x': 281, 'y': 167}, {'x': 14, 'y': 167}]",16:9,horizontal,50400,3:2,horizontal,44589,0.884702380952381,negative
negative_391.jpeg,/kaggle/input/musait/dataset/basket/negative_391.jpeg,1,"AffairsCloud
Cyclone Tauktae
makes landfall in Gujarat","[{'x': 14, 'y': 0}, {'x': 281, 'y': 0}, {'x': 281, 'y': 167}, {'x': 14, 'y': 167}]",16:9,horizontal,50400,3:2,horizontal,44589,0.884702380952381,negative
negative_392.jpeg,/kaggle/input/musait/dataset/basket/negative_392.jpeg,1,"'Vayu' To Make
Landfall In Gujarat
ABP
न्यूज़","[{'x': 49, 'y': 25}, {'x': 291, 'y': 25}, {'x': 291, 'y': 143}, {'x': 49, 'y': 143}]",16:9,horizontal,50400,2:1,horizontal,28556,0.5665873015873016,negative
negative_393.jpeg,/kaggle/input/musait/dataset/basket/negative_393.jpeg,1,"'Vayu' To Make
Landfall In Gujarat
ABP
न्यूज़","[{'x': 49, 'y': 25}, {'x': 291, 'y': 25}, {'x': 291, 'y': 143}, {'x': 49, 'y': 143}]",16:9,horizontal,50400,2:1,horizontal,28556,0.5665873015873016,negative
negative_394.jpeg,/kaggle/input/musait/dataset/basket/negative_394.jpeg,1,"A strong earthquake of magnitude
7 has hit Turkey and Greece
ZEE","[{'x': 7, 'y': 16}, {'x': 259, 'y': 16}, {'x': 259, 'y': 152}, {'x': 7, 'y': 152}]",16:9,horizontal,50490,16:9,horizontal,34272,0.6787878787878788,negative
negative_395.jpeg,/kaggle/input/musait/dataset/basket/negative_395.jpeg,1,"A strong earthquake of magnitude
7 has hit Turkey and Greece
ZEE","[{'x': 7, 'y': 16}, {'x': 259, 'y': 16}, {'x': 259, 'y': 152}, {'x': 7, 'y': 152}]",16:9,horizontal,50490,16:9,horizontal,34272,0.6787878787878788,negative
negative_396.jpeg,/kaggle/input/musait/dataset/basket/negative_396.jpeg,1,Surviving Natural Disaster,"[{'x': 83, 'y': 135}, {'x': 241, 'y': 135}, {'x': 241, 'y': 146}, {'x': 83, 'y': 146}]",21:9,horizontal,50550,Other,other,1738,0.0343818001978239,negative
negative_397.jpeg,/kaggle/input/musait/dataset/basket/negative_397.jpeg,1,Surviving Natural Disaster,"[{'x': 83, 'y': 135}, {'x': 241, 'y': 135}, {'x': 241, 'y': 146}, {'x': 83, 'y': 146}]",21:9,horizontal,50550,Other,other,1738,0.0343818001978239,negative
negative_398.jpeg,/kaggle/input/musait/dataset/basket/negative_398.jpeg,1,"BREAKING NEWS BREAKING NEWS
World News
Earthquake disaster
Mo
The","[{'x': 4, 'y': 0}, {'x': 239, 'y': 0}, {'x': 239, 'y': 173}, {'x': 4, 'y': 173}]",3:2,horizontal,50508,4:3,horizontal,40655,0.8049219925556348,negative
negative_399.jpeg,/kaggle/input/musait/dataset/basket/negative_399.jpeg,1,"BREAKING NEWS BREAKING NEWS
World News
Earthquake disaster
Mo
The","[{'x': 4, 'y': 0}, {'x': 239, 'y': 0}, {'x': 239, 'y': 173}, {'x': 4, 'y': 173}]",3:2,horizontal,50508,4:3,horizontal,40655,0.8049219925556348,negative
negative_400.jpeg,/kaggle/input/musait/dataset/basket/negative_400.jpeg,1,"PACIFIC
OCE
Lak
World News
Tsunami disaster","[{'x': 36, 'y': 15}, {'x': 273, 'y': 15}, {'x': 273, 'y': 142}, {'x': 36, 'y': 142}]",3:2,horizontal,50508,16:9,horizontal,30099,0.5959253979567594,negative
negative_401.jpeg,/kaggle/input/musait/dataset/basket/negative_401.jpeg,1,"PACIFIC
OCE
Lak
World News
Tsunami disaster","[{'x': 36, 'y': 15}, {'x': 273, 'y': 15}, {'x': 273, 'y': 142}, {'x': 36, 'y': 142}]",3:2,horizontal,50508,16:9,horizontal,30099,0.5959253979567594,negative
negative_402.jpeg,/kaggle/input/musait/dataset/basket/negative_402.jpeg,1,"ess
ina quake toll tops 1,7
top 150K
hhe Ve
DISASTER
Pers
ttle Chile
Quake survive
Volcan","[{'x': 0, 'y': 0}, {'x': 274, 'y': 0}, {'x': 274, 'y': 182}, {'x': 0, 'y': 182}]",3:2,horizontal,50325,3:2,horizontal,49868,0.9909190263288624,negative
negative_403.jpeg,/kaggle/input/musait/dataset/basket/negative_403.jpeg,1,"ess
ina quake toll tops 1,7
top 150K
hhe Ve
DISASTER
Pers
ttle Chile
Quake survive
Volcan","[{'x': 0, 'y': 0}, {'x': 274, 'y': 0}, {'x': 274, 'y': 182}, {'x': 0, 'y': 182}]",3:2,horizontal,50325,3:2,horizontal,49868,0.9909190263288624,negative
negative_404.jpeg,/kaggle/input/musait/dataset/basket/negative_404.jpeg,1,"DISASTER
dreamstimea
BREAKING NEWS
COVID-19","[{'x': 34, 'y': 39}, {'x': 295, 'y': 39}, {'x': 295, 'y': 160}, {'x': 34, 'y': 160}]",16:9,horizontal,50400,Other,other,31581,0.6266071428571428,negative
negative_405.jpeg,/kaggle/input/musait/dataset/basket/negative_405.jpeg,1,"DISASTER
dreamstimea
BREAKING NEWS
COVID-19","[{'x': 34, 'y': 39}, {'x': 295, 'y': 39}, {'x': 295, 'y': 160}, {'x': 34, 'y': 160}]",16:9,horizontal,50400,Other,other,31581,0.6266071428571428,negative
negative_406.jpeg,/kaggle/input/musait/dataset/basket/negative_406.jpeg,1,"CYCLONE 'EYE'
BY-PASSES MUMBAI","[{'x': 47, 'y': 149}, {'x': 193, 'y': 149}, {'x': 193, 'y': 175}, {'x': 47, 'y': 175}]",4:3,horizontal,50246,Other,other,3796,0.075548302352426,negative
negative_407.jpeg,/kaggle/input/musait/dataset/basket/negative_407.jpeg,1,"CYCLONE 'EYE'
BY-PASSES MUMBAI","[{'x': 47, 'y': 149}, {'x': 193, 'y': 149}, {'x': 193, 'y': 175}, {'x': 47, 'y': 175}]",4:3,horizontal,50246,Other,other,3796,0.075548302352426,negative
negative_408.jpeg,/kaggle/input/musait/dataset/basket/negative_408.jpeg,1,BHOPAL GAS,"[{'x': 22, 'y': 105}, {'x': 256, 'y': 105}, {'x': 256, 'y': 167}, {'x': 22, 'y': 167}]",16:9,horizontal,50400,Other,other,14508,0.2878571428571428,negative
negative_409.jpeg,/kaggle/input/musait/dataset/basket/negative_409.jpeg,1,BHOPAL GAS,"[{'x': 22, 'y': 105}, {'x': 256, 'y': 105}, {'x': 256, 'y': 167}, {'x': 22, 'y': 167}]",16:9,horizontal,50400,Other,other,14508,0.2878571428571428,negative
negative_410.jpg,/kaggle/input/musait/dataset/basket/negative_410.jpg,1,"Cabinet okays death for
sexual attack on minors
Govt set to amend
POCSO Act to
prevent sex abuse
against children
DNA Correspondent
correspondent@dnaindia.net
New Delhi: The Cabinet on
Friday approved death pen-
alty for aggravated sexual as-
sault against children below
the age of 18 years as part of
amendments in the Protec-
tion of Children from Sexual
Offences Act (POCSO Act).
The amendments, amount-
ing to 14 including the intro-
duction of new sections,
aims to make punishments
for crime against children
more stringent, including of-
fences in the digital space.
These include amendments
to Sections 4, 5 and 6 of the
Act to increase punishments
from seven to 10 years, from
10 to 20 years and from 20 to
life imprisonment and death.
Welcoming the amend-
ments, BJP MP Rajeev Chan-
drasekhar said that a lot needs
to be done in prosecution of
such cases. ""While these cases
are to be tried within one year,
in reality most cases take a
long time. Witnesses turn hos-
tile and the long period of in-
vestigation and prosecution
means that parents withdraw
these cases. Speedier investi-
gations will ensure justice in
STRINGENT
Death penalty in aggra-
vated sexual offences against
children below 18 years under
LAWS TO POCSO
PROTECT KIDS
these cases,"" said Chan-
drasekhar, who is also a child
rights activist.
Enakshi Ganguly of the
HAQ Centre for Child Rights
said that death penalty will
do very little to secure jus-
tice. ""Death penalty is not the
solution. Only rightful con-
viction has ever brought
down such cases. In fact,
Sections 4, 5, 6, 9, 14,
15 and 42 of POCSO to be
amended to provide an op-
tion of stringent punishment
including death penalty
Fine for not destroying child
porn material or reporting child
pornography
Protect kids from
sexual offences in
times of natural
calamities and
disasters
Punishment for
administering
hormone or chemical
substance to minors
to attain early sexual
maturity for the pur-
pose of penetrative
sexual assault
Death penalty will do very little to secure
justice. In fact, these changes will only
end up putting the lives of children in danger, as
perpetrators will end up killing them to smother
evidences
Enakshi Ganguly, co-founder HAQ
While these cases are to be tried within a
year, in reality most cases take a long
time. Witnesses turn hostile and long period of
investigation and prosecution means that
parents withdraw these cases
Rajeev Chandrasekhar,
BJP MP & child right activist
these changes will only end
up putting the lives of chil-
dren in danger, as perpetra-
tors will end up killing them
to smother evidences. This is
a populist move aimed to gar-
ner more praise ahead of the
elections,"" said Enakshi.
Amendments in Section 9
aim to provide a cover for
sexual assault of children
during natural calamities and
disasters, in addition to cases
in which they are adminis-
tered with hormones to aid in
penetrative sexual assault.
After the Kathua gan-
grape-murder case, Union
Women and Child Develop-
ment minister Maneka Gan-
dhi had proposed the
amendments. Turn to P4","[{'x': 0, 'y': 37}, {'x': 1274, 'y': 37}, {'x': 1274, 'y': 1503}, {'x': 0, 'y': 1503}]",3:4,vertical,1927224,1:1,box,1867684,0.9691058226755168,negative
negative_411.jpg,/kaggle/input/musait/dataset/basket/negative_411.jpg,1,"Cabinet okays death for
sexual attack on minors
Govt set to amend
POCSO Act to
prevent sex abuse
against children
DNA Correspondent
correspondent@dnaindia.net
New Delhi: The Cabinet on
Friday approved death pen-
alty for aggravated sexual as-
sault against children below
the age of 18 years as part of
amendments in the Protec-
tion of Children from Sexual
Offences Act (POCSO Act).
The amendments, amount-
ing to 14 including the intro-
duction of new sections,
aims to make punishments
for crime against children
more stringent, including of-
fences in the digital space.
These include amendments
to Sections 4, 5 and 6 of the
Act to increase punishments
from seven to 10 years, from
10 to 20 years and from 20 to
life imprisonment and death.
Welcoming the amend-
ments, BJP MP Rajeev Chan-
drasekhar said that a lot needs
to be done in prosecution of
such cases. ""While these cases
are to be tried within one year,
in reality most cases take a
long time. Witnesses turn hos-
tile and the long period of in-
vestigation and prosecution
means that parents withdraw
these cases. Speedier investi-
gations will ensure justice in
STRINGENT
Death penalty in aggra-
vated sexual offences against
children below 18 years under
LAWS TO POCSO
PROTECT KIDS
these cases,"" said Chan-
drasekhar, who is also a child
rights activist.
Enakshi Ganguly of the
HAQ Centre for Child Rights
said that death penalty will
do very little to secure jus-
tice. ""Death penalty is not the
solution. Only rightful con-
viction has ever brought
down such cases. In fact,
Sections 4, 5, 6, 9, 14,
15 and 42 of POCSO to be
amended to provide an op-
tion of stringent punishment
including death penalty
Fine for not destroying child
porn material or reporting child
pornography
Protect kids from
sexual offences in
times of natural
calamities and
disasters
Punishment for
administering
hormone or chemical
substance to minors
to attain early sexual
maturity for the pur-
pose of penetrative
sexual assault
Death penalty will do very little to secure
justice. In fact, these changes will only
end up putting the lives of children in danger, as
perpetrators will end up killing them to smother
evidences
Enakshi Ganguly, co-founder HAQ
While these cases are to be tried within a
year, in reality most cases take a long
time. Witnesses turn hostile and long period of
investigation and prosecution means that
parents withdraw these cases
Rajeev Chandrasekhar,
BJP MP & child right activist
these changes will only end
up putting the lives of chil-
dren in danger, as perpetra-
tors will end up killing them
to smother evidences. This is
a populist move aimed to gar-
ner more praise ahead of the
elections,"" said Enakshi.
Amendments in Section 9
aim to provide a cover for
sexual assault of children
during natural calamities and
disasters, in addition to cases
in which they are adminis-
tered with hormones to aid in
penetrative sexual assault.
After the Kathua gan-
grape-murder case, Union
Women and Child Develop-
ment minister Maneka Gan-
dhi had proposed the
amendments. Turn to P4","[{'x': 0, 'y': 37}, {'x': 1274, 'y': 37}, {'x': 1274, 'y': 1503}, {'x': 0, 'y': 1503}]",3:4,vertical,1927224,1:1,box,1867684,0.9691058226755168,negative
negative_412.jpeg,/kaggle/input/musait/dataset/basket/negative_412.jpeg,1,"て
DO YOU PART!
ABUSE
STOP
THE ABUSE
- Encourage short fermale victims to cholenge abase and ensure that they get help.
-Report child abuse to the police
dialy
- Encourage dildren to report beying berous to school","[{'x': 0, 'y': 37}, {'x': 177, 'y': 37}, {'x': 177, 'y': 215}, {'x': 0, 'y': 215}]",1:1,box,50625,1:1,box,31506,0.6223407407407407,negative
negative_413.jpeg,/kaggle/input/musait/dataset/basket/negative_413.jpeg,1,"て
DO YOU PART!
ABUSE
STOP
THE ABUSE
- Encourage short fermale victims to cholenge abase and ensure that they get help.
-Report child abuse to the police
dialy
- Encourage dildren to report beying berous to school","[{'x': 0, 'y': 37}, {'x': 177, 'y': 37}, {'x': 177, 'y': 215}, {'x': 0, 'y': 215}]",1:1,box,50625,1:1,box,31506,0.6223407407407407,negative
negative_414.jpeg,/kaggle/input/musait/dataset/basket/negative_414.jpeg,1,"THE DAILY NEWS
NOVEMBER 1 FASTEST DELIVERY
GREENVILLE, 589551 USA
EXTRA! EXTRA!
CHILD
ABUSE","[{'x': 4, 'y': 7}, {'x': 222, 'y': 7}, {'x': 222, 'y': 209}, {'x': 4, 'y': 209}]",1:1,box,50625,1:1,box,44036,0.8698469135802469,negative
negative_415.jpeg,/kaggle/input/musait/dataset/basket/negative_415.jpeg,1,"THE DAILY NEWS
NOVEMBER 1 FASTEST DELIVERY
GREENVILLE, 589551 USA
EXTRA! EXTRA!
CHILD
ABUSE","[{'x': 4, 'y': 7}, {'x': 222, 'y': 7}, {'x': 222, 'y': 209}, {'x': 4, 'y': 209}]",1:1,box,50625,1:1,box,44036,0.8698469135802469,negative
negative_416.jpg,/kaggle/input/musait/dataset/basket/negative_416.jpg,1,"1914
FIR","[{'x': 35, 'y': 93}, {'x': 759, 'y': 93}, {'x': 759, 'y': 526}, {'x': 35, 'y': 526}]",4:3,horizontal,445060,Other,other,313492,0.7043814317170719,negative
negative_417.jpg,/kaggle/input/musait/dataset/basket/negative_417.jpg,1,"1914
FIR","[{'x': 35, 'y': 93}, {'x': 759, 'y': 93}, {'x': 759, 'y': 526}, {'x': 35, 'y': 526}]",4:3,horizontal,445060,Other,other,313492,0.7043814317170719,negative
negative_418.jpeg,/kaggle/input/musait/dataset/basket/negative_418.jpeg,1,"Ukraine War Update
MIRUPAMA SUBRAMANIAN","[{'x': 71, 'y': 125}, {'x': 220, 'y': 125}, {'x': 220, 'y': 151}, {'x': 71, 'y': 151}]",16:9,horizontal,50267,Other,other,3874,0.0770684544532198,negative
negative_419.jpeg,/kaggle/input/musait/dataset/basket/negative_419.jpeg,1,"Ukraine War Update
MIRUPAMA SUBRAMANIAN","[{'x': 71, 'y': 125}, {'x': 220, 'y': 125}, {'x': 220, 'y': 151}, {'x': 71, 'y': 151}]",16:9,horizontal,50267,Other,other,3874,0.0770684544532198,negative
negative_420.jpeg,/kaggle/input/musait/dataset/basket/negative_420.jpeg,1,"BAN RUSSIA ER SWIFT
05 SKY
Ukrai LACRENE
Unit
Ukraine","[{'x': 0, 'y': 14}, {'x': 290, 'y': 14}, {'x': 290, 'y': 123}, {'x': 0, 'y': 123}]",16:9,horizontal,50232,Other,other,31610,0.6292801401497053,negative
negative_421.jpeg,/kaggle/input/musait/dataset/basket/negative_421.jpeg,1,"BAN RUSSIA ER SWIFT
05 SKY
Ukrai LACRENE
Unit
Ukraine","[{'x': 0, 'y': 14}, {'x': 290, 'y': 14}, {'x': 290, 'y': 123}, {'x': 0, 'y': 123}]",16:9,horizontal,50232,Other,other,31610,0.6292801401497053,negative
negative_422.jpeg,/kaggle/input/musait/dataset/basket/negative_422.jpeg,1,"CHILD
SEXUAL ABUSE","[{'x': 25, 'y': 61}, {'x': 122, 'y': 61}, {'x': 122, 'y': 102}, {'x': 25, 'y': 102}]",Other,other,50460,21:9,horizontal,3977,0.0788149028933808,negative
negative_423.jpeg,/kaggle/input/musait/dataset/basket/negative_423.jpeg,1,"CHILD
SEXUAL ABUSE","[{'x': 25, 'y': 61}, {'x': 122, 'y': 61}, {'x': 122, 'y': 102}, {'x': 25, 'y': 102}]",Other,other,50460,21:9,horizontal,3977,0.0788149028933808,negative
negative_424.jpeg,/kaggle/input/musait/dataset/basket/negative_424.jpeg,1,"45-year-old Hyd woman to return after
years of torture by hubby in Pakistan
Ryder
espres desperate to rea
your old wo
mantum the city who was al
slave by
been mead and will m
from Lahom on W
Mader, Amed Ullah
Khan,
the case with
the oral affairs minis
and the High Con
the woman's heband was not
xowte her to porn She
eventually got a visa and
med Utah Khan sent her a
TUI hid the pro
blem of Mohamad Bogan
report on January 7,37
About an Mo married another woman in
taadiga
Oman With And Ch
New Moda Kun with posody 10
gay Sushma Sward to help Mo
tricked in marie si harada Bey, she was
Mama Yeni The alvidada visa Theod
kasperacal then refused to send her say
with the man in Om A he will not bear the t
Mamata mwen penture
On the led the man
Het
Amed Lah Khan who
ved the tickets
Peramate
children born Detron La
Mo
Mascas, one more child was dayanersonandreach Hyde
water she was no Pared in the evening. He tha
kistan. Her Indian passport
adviseerd
Jy 7, 2017
which Union external affairs
and as
kod Intian High Co
Pakisanto provide help
Pakistan, the husband
sedating her and
kotha Swart
dien High Commission Earth
be rescu
therro","[{'x': 2, 'y': 3}, {'x': 307, 'y': 3}, {'x': 307, 'y': 160}, {'x': 2, 'y': 160}]",16:9,horizontal,50530,16:9,horizontal,47885,0.947654858499901,negative
negative_425.jpeg,/kaggle/input/musait/dataset/basket/negative_425.jpeg,1,"45-year-old Hyd woman to return after
years of torture by hubby in Pakistan
Ryder
espres desperate to rea
your old wo
mantum the city who was al
slave by
been mead and will m
from Lahom on W
Mader, Amed Ullah
Khan,
the case with
the oral affairs minis
and the High Con
the woman's heband was not
xowte her to porn She
eventually got a visa and
med Utah Khan sent her a
TUI hid the pro
blem of Mohamad Bogan
report on January 7,37
About an Mo married another woman in
taadiga
Oman With And Ch
New Moda Kun with posody 10
gay Sushma Sward to help Mo
tricked in marie si harada Bey, she was
Mama Yeni The alvidada visa Theod
kasperacal then refused to send her say
with the man in Om A he will not bear the t
Mamata mwen penture
On the led the man
Het
Amed Lah Khan who
ved the tickets
Peramate
children born Detron La
Mo
Mascas, one more child was dayanersonandreach Hyde
water she was no Pared in the evening. He tha
kistan. Her Indian passport
adviseerd
Jy 7, 2017
which Union external affairs
and as
kod Intian High Co
Pakisanto provide help
Pakistan, the husband
sedating her and
kotha Swart
dien High Commission Earth
be rescu
therro","[{'x': 2, 'y': 3}, {'x': 307, 'y': 3}, {'x': 307, 'y': 160}, {'x': 2, 'y': 160}]",16:9,horizontal,50530,16:9,horizontal,47885,0.947654858499901,negative
negative_426.jpeg,/kaggle/input/musait/dataset/basket/negative_426.jpeg,1,"Scie
Rase In
Solidarity
With Our Sisters
Enough to
ENOUGH","[{'x': 84, 'y': 18}, {'x': 148, 'y': 18}, {'x': 148, 'y': 104}, {'x': 84, 'y': 104}]",1:1,box,50625,3:4,vertical,5504,0.1087209876543209,negative
negative_427.jpeg,/kaggle/input/musait/dataset/basket/negative_427.jpeg,1,"Scie
Rase In
Solidarity
With Our Sisters
Enough to
ENOUGH","[{'x': 84, 'y': 18}, {'x': 148, 'y': 18}, {'x': 148, 'y': 104}, {'x': 84, 'y': 104}]",1:1,box,50625,3:4,vertical,5504,0.1087209876543209,negative
negative_428.jpg,/kaggle/input/musait/dataset/basket/negative_428.jpg,1,"WER?
CE
BBC NEWS
END VIOLENCE
AGAINST WOMEN","[{'x': 0, 'y': 7}, {'x': 947, 'y': 7}, {'x': 947, 'y': 519}, {'x': 0, 'y': 519}]",16:9,horizontal,589824,16:9,horizontal,484864,0.8220486111111112,negative
negative_429.jpg,/kaggle/input/musait/dataset/basket/negative_429.jpg,1,"WER?
CE
BBC NEWS
END VIOLENCE
AGAINST WOMEN","[{'x': 0, 'y': 7}, {'x': 947, 'y': 7}, {'x': 947, 'y': 519}, {'x': 0, 'y': 519}]",16:9,horizontal,589824,16:9,horizontal,484864,0.8220486111111112,negative
negative_430.jpeg,/kaggle/input/musait/dataset/basket/negative_430.jpeg,1,"MINNEAPOLIS
MAY 28
COM
KAYLEIGH
FOX TENSIONS HIGH AFTER ATLANTA POLICE SHOOTING
NEWS
BREAKING NEWS
HOW... WHELAN'S BROTHER DAVID CALL VERDICT POLITICAL AND SAYS HIS LAWYERS WILL AP","[{'x': 1, 'y': 13}, {'x': 272, 'y': 13}, {'x': 272, 'y': 178}, {'x': 1, 'y': 178}]",3:2,horizontal,50232,3:2,horizontal,44715,0.8901696129957,negative
negative_431.jpeg,/kaggle/input/musait/dataset/basket/negative_431.jpeg,1,"MINNEAPOLIS
MAY 28
COM
KAYLEIGH
FOX TENSIONS HIGH AFTER ATLANTA POLICE SHOOTING
NEWS
BREAKING NEWS
HOW... WHELAN'S BROTHER DAVID CALL VERDICT POLITICAL AND SAYS HIS LAWYERS WILL AP","[{'x': 1, 'y': 13}, {'x': 272, 'y': 13}, {'x': 272, 'y': 178}, {'x': 1, 'y': 178}]",3:2,horizontal,50232,3:2,horizontal,44715,0.8901696129957,negative
negative_432.jpg,/kaggle/input/musait/dataset/basket/negative_432.jpg,1,"NEWS
मुंबई में
निर्भयाकांड
NATION","[{'x': 10, 'y': 6}, {'x': 352, 'y': 6}, {'x': 352, 'y': 138}, {'x': 10, 'y': 138}]",16:9,horizontal,72720,Other,other,45144,0.6207920792079208,negative
negative_433.jpg,/kaggle/input/musait/dataset/basket/negative_433.jpg,1,"The TOI report on December 11
Torture, abuse & disease: Home for
juveniles itself needs correction
Inspection Of Noida's Only Correction Home Reveals Chilling State Of Affairs
Shafaque Alem
#timesgroup.com
Noida: A year old boy recent
ly reused from Noida's only
home for juvenile offenders
spent most of his detention
worrying about how to on
nise canli to buy access to his
bunily members on visitor
ditys Not paying up could mean
much worse than missing the
moting it could be a simple
beating at the hands of ""
nies on a lucky day On bad
ones, it would spell hours of
tortur head dunking in the
wash basin or toilet pot, and
one's face being urinated upon
The main objective of any
or reformations
home is exactly what the name
to show yo
who have stayed the right path
help them
ALK
Seel re
crimes
committed by juveniles are not
only rising but getting more
belnoux the Nolda home ap
pears to be a polar opposite
by deepening the scars rathe
than apply the hea
the healing touch
The state of affairs inside
the home came to light after a
district legal services muthority
(DSA) inspection on October
this year in its report filed on
October is to the distri
district magistrate the home's
probation officer the juvenile
justice board chairman, the
DESA cised accounts of several
Inmates to raise concern about
serious flaws in the win the
home was run
The inmates showed their
Injay marks and gave the
the juvenile justice bond went
on an inspection of the home on
November ""The trimates told
me they are add topoy Rs500
200 per visit of their family
members They are also asked
towash clothesandelen tollets
if they do not pay Ewen in win-
observation home Shetoon
tions that the extortion's ring
leader appears to be this man.
and adds. The inmates whol
to pay the money suffer
Hat they do not complain for
Ing more attacks My son con
fided in me but requested me
come so severe that they face
difficulty in performing nor
mal activities the DLSA re
port said
District magistrate BN
Singh told TOI be hadd
the DLSA report and directed
the chief medical officer to send
The inmates showed
their injury marks to
the inspection team
from DLSA, alleging
some 'seniors' were in
cahoots with certain
officials in extorting
money from inmates
inmates accused in heinous
crimes like murder and rape
One of the inmates came to Nol
ds and contacted Child for
hep On July 28 that year the
Gautam Budh N
tration set up the Noida juve
nile home to Phase2 But just a","[{'x': 17, 'y': 14}, {'x': 588, 'y': 14}, {'x': 588, 'y': 530}, {'x': 17, 'y': 530}]",1:1,box,323400,1:1,box,294636,0.9110575139146568,negative
negative_434.jpg,/kaggle/input/musait/dataset/basket/negative_434.jpg,1,"The TOI report on December 11
Torture, abuse & disease: Home for
juveniles itself needs correction
Inspection Of Noida's Only Correction Home Reveals Chilling State Of Affairs
Shafaque Alem
#timesgroup.com
Noida: A year old boy recent
ly reused from Noida's only
home for juvenile offenders
spent most of his detention
worrying about how to on
nise canli to buy access to his
bunily members on visitor
ditys Not paying up could mean
much worse than missing the
moting it could be a simple
beating at the hands of ""
nies on a lucky day On bad
ones, it would spell hours of
tortur head dunking in the
wash basin or toilet pot, and
one's face being urinated upon
The main objective of any
or reformations
home is exactly what the name
to show yo
who have stayed the right path
help them
ALK
Seel re
crimes
committed by juveniles are not
only rising but getting more
belnoux the Nolda home ap
pears to be a polar opposite
by deepening the scars rathe
than apply the hea
the healing touch
The state of affairs inside
the home came to light after a
district legal services muthority
(DSA) inspection on October
this year in its report filed on
October is to the distri
district magistrate the home's
probation officer the juvenile
justice board chairman, the
DESA cised accounts of several
Inmates to raise concern about
serious flaws in the win the
home was run
The inmates showed their
Injay marks and gave the
the juvenile justice bond went
on an inspection of the home on
November ""The trimates told
me they are add topoy Rs500
200 per visit of their family
members They are also asked
towash clothesandelen tollets
if they do not pay Ewen in win-
observation home Shetoon
tions that the extortion's ring
leader appears to be this man.
and adds. The inmates whol
to pay the money suffer
Hat they do not complain for
Ing more attacks My son con
fided in me but requested me
come so severe that they face
difficulty in performing nor
mal activities the DLSA re
port said
District magistrate BN
Singh told TOI be hadd
the DLSA report and directed
the chief medical officer to send
The inmates showed
their injury marks to
the inspection team
from DLSA, alleging
some 'seniors' were in
cahoots with certain
officials in extorting
money from inmates
inmates accused in heinous
crimes like murder and rape
One of the inmates came to Nol
ds and contacted Child for
hep On July 28 that year the
Gautam Budh N
tration set up the Noida juve
nile home to Phase2 But just a","[{'x': 17, 'y': 14}, {'x': 588, 'y': 14}, {'x': 588, 'y': 530}, {'x': 17, 'y': 530}]",1:1,box,323400,1:1,box,294636,0.9110575139146568,negative
negative_435.jpeg,/kaggle/input/musait/dataset/basket/negative_435.jpeg,1,"Kerala crime capital of India,
Kochi most dangerous city
State Leaves
Uttar Pradesh,
Delhi Far Behind
GOON'S OWN COUNTRY?
424.118798
26
1876
3419 64
2,41986
11756","[{'x': 5, 'y': 1}, {'x': 216, 'y': 1}, {'x': 216, 'y': 132}, {'x': 5, 'y': 132}]",1:1,box,50344,3:2,horizontal,27641,0.5490425870014302,negative
negative_436.jpeg,/kaggle/input/musait/dataset/basket/negative_436.jpeg,1,"Kerala crime capital of India,
Kochi most dangerous city
State Leaves
Uttar Pradesh,
Delhi Far Behind
GOON'S OWN COUNTRY?
424.118798
26
1876
3419 64
2,41986
11756","[{'x': 5, 'y': 1}, {'x': 216, 'y': 1}, {'x': 216, 'y': 132}, {'x': 5, 'y': 132}]",1:1,box,50344,3:2,horizontal,27641,0.5490425870014302,negative
negative_437.jpeg,/kaggle/input/musait/dataset/basket/negative_437.jpeg,1,CRIME SCENE DO NOT CROSS,"[{'x': 36, 'y': 67}, {'x': 313, 'y': 67}, {'x': 313, 'y': 142}, {'x': 36, 'y': 142}]",16:9,horizontal,50554,Other,other,20775,0.4109467104482335,negative
negative_438.jpeg,/kaggle/input/musait/dataset/basket/negative_438.jpeg,1,CRIME SCENE DO NOT CROSS,"[{'x': 36, 'y': 67}, {'x': 313, 'y': 67}, {'x': 313, 'y': 142}, {'x': 36, 'y': 142}]",16:9,horizontal,50554,Other,other,20775,0.4109467104482335,negative
negative_439.jpeg,/kaggle/input/musait/dataset/basket/negative_439.jpeg,1,"ASHA WORKERS IN THE DOCK LOCALS MISBEHAVE
BIG STORY LOCALS MISBEHAVE WITH ASHA WORKERS
VIJAYAPURA
f facebook.
NEWS
9","[{'x': 20, 'y': 7}, {'x': 282, 'y': 7}, {'x': 282, 'y': 152}, {'x': 20, 'y': 152}]",16:9,horizontal,50400,16:9,horizontal,37990,0.7537698412698413,negative
negative_440.jpeg,/kaggle/input/musait/dataset/basket/negative_440.jpeg,1,"ASHA WORKERS IN THE DOCK LOCALS MISBEHAVE
BIG STORY LOCALS MISBEHAVE WITH ASHA WORKERS
VIJAYAPURA
f facebook.
NEWS
9","[{'x': 20, 'y': 7}, {'x': 282, 'y': 7}, {'x': 282, 'y': 152}, {'x': 20, 'y': 152}]",16:9,horizontal,50400,16:9,horizontal,37990,0.7537698412698413,negative
negative_441.jpg,/kaggle/input/musait/dataset/basket/negative_441.jpg,1,"POUT
JE
odn TORTURE ROOM
news","[{'x': 68, 'y': 187}, {'x': 973, 'y': 187}, {'x': 973, 'y': 633}, {'x': 68, 'y': 633}]",16:9,horizontal,921600,16:9,horizontal,403630,0.4379665798611111,negative
negative_442.jpg,/kaggle/input/musait/dataset/basket/negative_442.jpg,1,"POUT
JE
odn TORTURE ROOM
news","[{'x': 68, 'y': 187}, {'x': 973, 'y': 187}, {'x': 973, 'y': 633}, {'x': 68, 'y': 633}]",16:9,horizontal,921600,16:9,horizontal,403630,0.4379665798611111,negative
negative_443.jpeg,/kaggle/input/musait/dataset/basket/negative_443.jpeg,1,"NORTH IOWA'S
DAILY PAPER
EDITED FOR THE HOME.
VOL. XLVIII
DEPARTMENT
HISTORY AND ope
Mason City Globe-Gazette
""THE NEWSPAPER THAT MAKES ALL NORTH SWANS N
MASON CITY, IOWA, MONDAY, DECEMBER & 1941
HOME EDITION
MASON CITY
THE LIGHT
NO. 00
U.S. DECLARES WAR
Hawaiian Casualties Total 3,000
Philippines Attacked
by Japanese Bombers;
290 Casualties Listed
BULLETINS
NEW YORK, (AP-A NBC parter, broadcasting in
said that ""ecific damage"" had bees left 1 the Japanese
MANILA, (AP)-The Japan radio a
ships t
reported badant Monday that Japan
MANILA, (UP-Pre dispatches reported that 100
Monday night when Japanwarplanes raided
west coast of the island of Luen, ert of the Cangapo
RUSSIA
CHINA
Where U. S. Battles Japanese
MAN
3232AKE
CANAQUA
UNITED
SAN FRANCISCO STATES
MIDWAY IS
CHEAST INDIES
40
HAWAIIAN
ISLANDS
SOUTH
AMERICA
ENGLAND GOES United Front Is
TO WAR: CALLS Shown as Congress
JAPS ""WANTON Orders Hostilities
Declares Defending
Forces in Malay
Ready When Fees Came
WASHINGTON, (AP-The United Stat
decaced way t
Overwhelmingly, and with the greatest weity showi
President's req
band the boun
c degr
hambers graniet
MANILA (AP-Japanese babes strisk at y
bass and ports the myth of the Phpines Monday,
ing at the big Fort Stensburg Clark fold the
mesniais capital at the ports of Dave and Appar
and the far them
alan
Areas is which fighting has occurs betare fores
Sunday
Japs Claim
Supremacy
in Pacific","[{'x': 6, 'y': 7}, {'x': 638, 'y': 7}, {'x': 638, 'y': 455}, {'x': 6, 'y': 455}]",4:3,horizontal,291840,4:3,horizontal,283136,0.9701754385964912,negative
negative_444.jpeg,/kaggle/input/musait/dataset/basket/negative_444.jpeg,1,"NORTH IOWA'S
DAILY PAPER
EDITED FOR THE HOME.
VOL. XLVIII
DEPARTMENT
HISTORY AND ope
Mason City Globe-Gazette
""THE NEWSPAPER THAT MAKES ALL NORTH SWANS N
MASON CITY, IOWA, MONDAY, DECEMBER & 1941
HOME EDITION
MASON CITY
THE LIGHT
NO. 00
U.S. DECLARES WAR
Hawaiian Casualties Total 3,000
Philippines Attacked
by Japanese Bombers;
290 Casualties Listed
BULLETINS
NEW YORK, (AP-A NBC parter, broadcasting in
said that ""ecific damage"" had bees left 1 the Japanese
MANILA, (AP)-The Japan radio a
ships t
reported badant Monday that Japan
MANILA, (UP-Pre dispatches reported that 100
Monday night when Japanwarplanes raided
west coast of the island of Luen, ert of the Cangapo
RUSSIA
CHINA
Where U. S. Battles Japanese
MAN
3232AKE
CANAQUA
UNITED
SAN FRANCISCO STATES
MIDWAY IS
CHEAST INDIES
40
HAWAIIAN
ISLANDS
SOUTH
AMERICA
ENGLAND GOES United Front Is
TO WAR: CALLS Shown as Congress
JAPS ""WANTON Orders Hostilities
Declares Defending
Forces in Malay
Ready When Fees Came
WASHINGTON, (AP-The United Stat
decaced way t
Overwhelmingly, and with the greatest weity showi
President's req
band the boun
c degr
hambers graniet
MANILA (AP-Japanese babes strisk at y
bass and ports the myth of the Phpines Monday,
ing at the big Fort Stensburg Clark fold the
mesniais capital at the ports of Dave and Appar
and the far them
alan
Areas is which fighting has occurs betare fores
Sunday
Japs Claim
Supremacy
in Pacific","[{'x': 6, 'y': 7}, {'x': 638, 'y': 7}, {'x': 638, 'y': 455}, {'x': 6, 'y': 455}]",4:3,horizontal,291840,4:3,horizontal,283136,0.9701754385964912,negative
negative_445.jpg,/kaggle/input/musait/dataset/basket/negative_445.jpg,1,"Starz Gazette
R
Sunday, August 12, 1929
Page
WAR ON THE HORIZON
DETAILS UNFOLDING ON LEADER'S PLANS TO DEFEND THE NATION
which roughly 68% of inports
from Vaterland were directed
Long-fueled tensions in the Delta's many secretive projects, to What twisted foresight naist cit valnes and ideals, governing his
Global Senate rose to a boil this
leaders possess to believe that people rough selfishness and
past Wednesday as representatives
science and technology is the way xenophobia. He should embrace the
Delta Fontis voiced their ""The Chancellor's) actions to the future?""
Delts Initiative's pursuit of peace-
extreme disapproval of The will have dire repercussions,"" The conflict, which had been through science if he truly aims to
Chancellor's handle on interna- Delta representatives announced publicly broadcasted on television take Vaterland into the future.""
tional trade. following a ""His decision to discontinue trade and radio, resulted in many While debate and speculation is
declaration by our leader that he with us is not only misguided, but instances of misconduct among being spun wildly throughout our
would cease all imports and dangerous.""
civilians. Passionate supporters of Nation Delta Fontis has remained
exports betiveen the States. Their
selcatlessly slanderous comments
on his supposed abuse of the Ten
Year Agreement were met with
equally relentless backlash from
The Chancellor himself who
promptly refuted their claims by
calling into question the nature of
""The Delta Initiative greedily The Chancellor rallied aggres- quiet and secretive. ""It's to be
takes the gifts we provide to them sively outside the compound, expected"" says Captain Marx of
and wastes it all on useless and causing a parade of violence the First Division. ""One State
inconsequential scientific endeave against advocates of the Delta aiming to go to war with another
ors,"" The Chancellor argued. ""To Initiative. Military forces were will let nothing slip through the
cut off their supply is to conserve quickly called to intervene, an cracks. If there's one thing the
our resources for things that truly action that left the streets of Delta Initiative is good at, it's
matter in these times of crisis. Unison riddled with a chaotic mess keeping secrets.""
of debris and human bodies. The government of Delta
Statistics estimate the number of Fontis is notorious for keeping
casualties at 25, while 143 were secrets regarding its scientific and
found injured..
The conference conchaded
following a clear threat of war
from the representatives of Delta
Fontis. If The Chancelles will not
relent and give us our deserved
resources, we will take thein by
force.""
military development, a trait that
never quite sat well with particular
members of the Global Senate. It
was a difficult decision for The
Chancellor to sign onto the Ten
Year Agreement when the Delta
Initiative first presented it to the
Senate. Only time will tell if first
impressions really do count
Despite the harrowing results
of this event, our leader stands Political Analysts observing
unyielding. Upon his return to the this unfolding event have expressed
Vaterland Capitol he issued a fears that the battle for resources,
speech to the masses, showing no should things truly come to all-out
restraint in expressing enmity and war, would spread beyond the
making it clear that he no longer borders of Vaterland and Delta
considers Delta Fontis an ally of Fontis. Parking conflict on a
the State. ""My comrades, we must global scale. ""It's undeniable that a
not falter beneath the cowardly powerful State like Delta Fontis
threats of disputant villains! If they would look to its allies for support,""
desire to take arms against us, we says analyst James Genz. ""If The
will be ready, We will prove to Chancellor is wise, he would do the
Delta Fontis, to the world, that our sathe. But one must imagine, in the
glorious Vaterland is now and event of a Great World War, what ab
forever a symbol of progress and crippling effect that would have on
power!""
our global economy.""
An underground rebel group For now the future seems
who caught wind of the ordeal mcntain, but our leader has made
released a statementthe following it clear that he will not back down
day, arguing that The Chancellor from a feht. Please expect updates
""blinds himself with traditional is a wea
""AREA 99"" UNDER INVESTIGATION
Photo: Vaterland Air Force
00
One of the most long-debated all over the globe.
station alongside multiple sets of
mysteries of the Delta Initiative is But now, standing in the wake Jowering smokestacks. A pair of
the enigmatic ""Area 99. known of an ever-growing conflict. The collosal metal rings surrounds the
publicly only as a research station Chancellor of Vaterland has depression itself
in the northwestern regions of declared Asca 99 and all other One popular theory written by
Delta Fontis. Of the roughly 68% Delta stations like it a potential an'anonymous member of Pyramid
of imports from Vaterland that danger to the State. To that end our claims a meteor crashed in Delta
were shipped to Delta Fontis, leader has ordered extensive Fontis several thousand years ago,
more than half of that share went investigation into the nature of the leaving behind
le-wide
straight to the development of the facility and why the Delta Initiative impact crater They suggest that
mysterious research station, regards it with such high scientists who later studied the
studies show
significance. Delta officials have crater came upon some new form of
No one knows what goes on again refused comment on the ""negatively charged non-restrial
behind the Great Wall that extends matter.
matter."" The term in physics refers
for miles outside the general Photographs taken from a to a yet undiscovered form of
vicinity of the station, and Delta Vaterland Air Force Spy Plane (see energy that functions not unlike
officials have refused comment at above) reveal the facility to be Dark Matter the invisible force
every turn. In response to these surrounding a massive depression driving the fabric of space and time
many unanswered questions. Area in the landscape, roughly 16 miles apart. The theorist speculates that
99 has been the subject of many a in diameter. An array of dome- the rings are in fact a pair of Particle
ghost story and conspiracy theory shaped structures connect to the Colliders, used to study the
(story contact on page 4)","[{'x': 26, 'y': 11}, {'x': 947, 'y': 11}, {'x': 947, 'y': 792}, {'x': 26, 'y': 792}]",4:3,horizontal,799500,5:4,horizontal,719301,0.8996885553470919,negative
negative_446.jpg,/kaggle/input/musait/dataset/basket/negative_446.jpg,1,"Starz Gazette
R
Sunday, August 12, 1929
Page
WAR ON THE HORIZON
DETAILS UNFOLDING ON LEADER'S PLANS TO DEFEND THE NATION
which roughly 68% of inports
from Vaterland were directed
Long-fueled tensions in the Delta's many secretive projects, to What twisted foresight naist cit valnes and ideals, governing his
Global Senate rose to a boil this
leaders possess to believe that people rough selfishness and
past Wednesday as representatives
science and technology is the way xenophobia. He should embrace the
Delta Fontis voiced their ""The Chancellor's) actions to the future?""
Delts Initiative's pursuit of peace-
extreme disapproval of The will have dire repercussions,"" The conflict, which had been through science if he truly aims to
Chancellor's handle on interna- Delta representatives announced publicly broadcasted on television take Vaterland into the future.""
tional trade. following a ""His decision to discontinue trade and radio, resulted in many While debate and speculation is
declaration by our leader that he with us is not only misguided, but instances of misconduct among being spun wildly throughout our
would cease all imports and dangerous.""
civilians. Passionate supporters of Nation Delta Fontis has remained
exports betiveen the States. Their
selcatlessly slanderous comments
on his supposed abuse of the Ten
Year Agreement were met with
equally relentless backlash from
The Chancellor himself who
promptly refuted their claims by
calling into question the nature of
""The Delta Initiative greedily The Chancellor rallied aggres- quiet and secretive. ""It's to be
takes the gifts we provide to them sively outside the compound, expected"" says Captain Marx of
and wastes it all on useless and causing a parade of violence the First Division. ""One State
inconsequential scientific endeave against advocates of the Delta aiming to go to war with another
ors,"" The Chancellor argued. ""To Initiative. Military forces were will let nothing slip through the
cut off their supply is to conserve quickly called to intervene, an cracks. If there's one thing the
our resources for things that truly action that left the streets of Delta Initiative is good at, it's
matter in these times of crisis. Unison riddled with a chaotic mess keeping secrets.""
of debris and human bodies. The government of Delta
Statistics estimate the number of Fontis is notorious for keeping
casualties at 25, while 143 were secrets regarding its scientific and
found injured..
The conference conchaded
following a clear threat of war
from the representatives of Delta
Fontis. If The Chancelles will not
relent and give us our deserved
resources, we will take thein by
force.""
military development, a trait that
never quite sat well with particular
members of the Global Senate. It
was a difficult decision for The
Chancellor to sign onto the Ten
Year Agreement when the Delta
Initiative first presented it to the
Senate. Only time will tell if first
impressions really do count
Despite the harrowing results
of this event, our leader stands Political Analysts observing
unyielding. Upon his return to the this unfolding event have expressed
Vaterland Capitol he issued a fears that the battle for resources,
speech to the masses, showing no should things truly come to all-out
restraint in expressing enmity and war, would spread beyond the
making it clear that he no longer borders of Vaterland and Delta
considers Delta Fontis an ally of Fontis. Parking conflict on a
the State. ""My comrades, we must global scale. ""It's undeniable that a
not falter beneath the cowardly powerful State like Delta Fontis
threats of disputant villains! If they would look to its allies for support,""
desire to take arms against us, we says analyst James Genz. ""If The
will be ready, We will prove to Chancellor is wise, he would do the
Delta Fontis, to the world, that our sathe. But one must imagine, in the
glorious Vaterland is now and event of a Great World War, what ab
forever a symbol of progress and crippling effect that would have on
power!""
our global economy.""
An underground rebel group For now the future seems
who caught wind of the ordeal mcntain, but our leader has made
released a statementthe following it clear that he will not back down
day, arguing that The Chancellor from a feht. Please expect updates
""blinds himself with traditional is a wea
""AREA 99"" UNDER INVESTIGATION
Photo: Vaterland Air Force
00
One of the most long-debated all over the globe.
station alongside multiple sets of
mysteries of the Delta Initiative is But now, standing in the wake Jowering smokestacks. A pair of
the enigmatic ""Area 99. known of an ever-growing conflict. The collosal metal rings surrounds the
publicly only as a research station Chancellor of Vaterland has depression itself
in the northwestern regions of declared Asca 99 and all other One popular theory written by
Delta Fontis. Of the roughly 68% Delta stations like it a potential an'anonymous member of Pyramid
of imports from Vaterland that danger to the State. To that end our claims a meteor crashed in Delta
were shipped to Delta Fontis, leader has ordered extensive Fontis several thousand years ago,
more than half of that share went investigation into the nature of the leaving behind
le-wide
straight to the development of the facility and why the Delta Initiative impact crater They suggest that
mysterious research station, regards it with such high scientists who later studied the
studies show
significance. Delta officials have crater came upon some new form of
No one knows what goes on again refused comment on the ""negatively charged non-restrial
behind the Great Wall that extends matter.
matter."" The term in physics refers
for miles outside the general Photographs taken from a to a yet undiscovered form of
vicinity of the station, and Delta Vaterland Air Force Spy Plane (see energy that functions not unlike
officials have refused comment at above) reveal the facility to be Dark Matter the invisible force
every turn. In response to these surrounding a massive depression driving the fabric of space and time
many unanswered questions. Area in the landscape, roughly 16 miles apart. The theorist speculates that
99 has been the subject of many a in diameter. An array of dome- the rings are in fact a pair of Particle
ghost story and conspiracy theory shaped structures connect to the Colliders, used to study the
(story contact on page 4)","[{'x': 26, 'y': 11}, {'x': 947, 'y': 11}, {'x': 947, 'y': 792}, {'x': 26, 'y': 792}]",4:3,horizontal,799500,5:4,horizontal,719301,0.8996885553470919,negative
negative_447.jpeg,/kaggle/input/musait/dataset/basket/negative_447.jpeg,1,"HINDUSTAN TIMES, RANCHI
THURSDAY, SEPTEMBER 20, 2012
Complaints flood cyber crime portal
wat on
A
photographs The","[{'x': 3, 'y': 9}, {'x': 242, 'y': 9}, {'x': 242, 'y': 141}, {'x': 3, 'y': 141}]",5:4,horizontal,50508,16:9,horizontal,31548,0.6246139225469233,negative
negative_448.jpeg,/kaggle/input/musait/dataset/basket/negative_448.jpeg,1,"HINDUSTAN TIMES, RANCHI
THURSDAY, SEPTEMBER 20, 2012
Complaints flood cyber crime portal
wat on
A
photographs The","[{'x': 3, 'y': 9}, {'x': 242, 'y': 9}, {'x': 242, 'y': 141}, {'x': 3, 'y': 141}]",5:4,horizontal,50508,16:9,horizontal,31548,0.6246139225469233,negative
negative_449.jpg,/kaggle/input/musait/dataset/basket/negative_449.jpg,1,"एसीपी
अर्जुन
बच्चों को ज़मीन में क्यों गाड़ा?
INDIA","[{'x': 45, 'y': 21}, {'x': 428, 'y': 21}, {'x': 428, 'y': 271}, {'x': 45, 'y': 271}]",4:3,horizontal,172800,3:2,horizontal,95750,0.5541087962962963,negative
negative_450.jpeg,/kaggle/input/musait/dataset/basket/negative_450.jpeg,1,"Pittsburgh Post-Gazette
WAR IS OVER
Truman Announces Full Jap Surrender;
Proclamation of V-J Day to Come Later
Follow Official
al of Fighting
MacArthur to Accept
Capitulation Ed
Of Fighting Ordered","[{'x': 0, 'y': 10}, {'x': 183, 'y': 10}, {'x': 183, 'y': 118}, {'x': 0, 'y': 118}]",3:4,vertical,50424,Other,other,19764,0.391956211327939,negative
negative_451.jpeg,/kaggle/input/musait/dataset/basket/negative_451.jpeg,1,"Pittsburgh Post-Gazette
WAR IS OVER
Truman Announces Full Jap Surrender;
Proclamation of V-J Day to Come Later
Follow Official
al of Fighting
MacArthur to Accept
Capitulation Ed
Of Fighting Ordered","[{'x': 0, 'y': 10}, {'x': 183, 'y': 10}, {'x': 183, 'y': 118}, {'x': 0, 'y': 118}]",3:4,vertical,50424,Other,other,19764,0.391956211327939,negative
negative_452.jpeg,/kaggle/input/musait/dataset/basket/negative_452.jpeg,1,WORLD WAR II,"[{'x': 7, 'y': 7}, {'x': 210, 'y': 7}, {'x': 210, 'y': 25}, {'x': 7, 'y': 25}]",Other,other,50490,Other,other,3654,0.0723707664884135,negative
negative_453.jpeg,/kaggle/input/musait/dataset/basket/negative_453.jpeg,1,WORLD WAR II,"[{'x': 7, 'y': 7}, {'x': 210, 'y': 7}, {'x': 210, 'y': 25}, {'x': 7, 'y': 25}]",Other,other,50490,Other,other,3654,0.0723707664884135,negative
negative_454.jpeg,/kaggle/input/musait/dataset/basket/negative_454.jpeg,1,"ON YOUR
JOR HOURS
ZAM-BUK
Daily Herald
SAUSAGES GO
BETTER WITH
PSAUCE
WAR DECLARED BY
BRITAIN AND FRANCE
The Fleet Moves Lathable POLES SMASH WAY
Into Position
We d INTO E. PRUSSIA
Belave The o
GERMANY AT 11 O'CLOCK YESTERDAY Chall
MORNING
London Hears
Its First
Raid Warning","[{'x': 7, 'y': 6}, {'x': 286, 'y': 6}, {'x': 286, 'y': 166}, {'x': 7, 'y': 166}]",16:9,horizontal,50362,16:9,horizontal,44640,0.8863825900480521,negative
negative_455.jpeg,/kaggle/input/musait/dataset/basket/negative_455.jpeg,1,"ON YOUR
JOR HOURS
ZAM-BUK
Daily Herald
SAUSAGES GO
BETTER WITH
PSAUCE
WAR DECLARED BY
BRITAIN AND FRANCE
The Fleet Moves
Into Position
Lathable POLES SMASH WAY
We d INTO E. PRUSSIA
Belave The o
GERMANY AT 11 O'CLOCK YESTERDAY Chall
MORNING
London Hears
Its First
Raid Warning","[{'x': 7, 'y': 6}, {'x': 286, 'y': 6}, {'x': 286, 'y': 166}, {'x': 7, 'y': 166}]",16:9,horizontal,50362,16:9,horizontal,44640,0.8863825900480521,negative
negative_456.jpeg,/kaggle/input/musait/dataset/basket/negative_456.jpeg,1,"U.S. BOMBS IRAQ
Hdmds of its strike Baghdad, other tants","[{'x': 49, 'y': 0}, {'x': 198, 'y': 0}, {'x': 198, 'y': 45}, {'x': 49, 'y': 45}]",4:3,horizontal,50400,Other,other,6705,0.1330357142857142,negative
negative_457.jpeg,/kaggle/input/musait/dataset/basket/negative_457.jpeg,1,"U.S. BOMBS IRAQ
Hdmds of its strike Baghdad, other tants","[{'x': 49, 'y': 0}, {'x': 198, 'y': 0}, {'x': 198, 'y': 45}, {'x': 49, 'y': 45}]",4:3,horizontal,50400,Other,other,6705,0.1330357142857142,negative
negative_458.jpeg,/kaggle/input/musait/dataset/basket/negative_458.jpeg,1,"FRAUD
2400
HO
7500
869195","[{'x': 66, 'y': 72}, {'x': 248, 'y': 72}, {'x': 248, 'y': 146}, {'x': 66, 'y': 146}]",16:9,horizontal,50400,21:9,horizontal,13468,0.2672222222222222,negative
negative_459.jpeg,/kaggle/input/musait/dataset/basket/negative_459.jpeg,1,"FRAUD
2400
HO
7500
869195","[{'x': 66, 'y': 72}, {'x': 248, 'y': 72}, {'x': 248, 'y': 146}, {'x': 66, 'y': 146}]",16:9,horizontal,50400,21:9,horizontal,13468,0.2672222222222222,negative
negative_460.jpg,/kaggle/input/musait/dataset/basket/negative_460.jpg,1,"THE LISTENING POST
ALJAZEERA
UKRAINE
THE INFORMATION WAR","[{'x': 29, 'y': 128}, {'x': 1222, 'y': 128}, {'x': 1222, 'y': 659}, {'x': 29, 'y': 659}]",16:9,horizontal,921600,21:9,horizontal,633483,0.687373046875,negative
negative_461.jpg,/kaggle/input/musait/dataset/basket/negative_461.jpg,1,"THE LISTENING POST
ALJAZEERA
UKRAINE
THE INFORMATION WAR","[{'x': 29, 'y': 128}, {'x': 1222, 'y': 128}, {'x': 1222, 'y': 659}, {'x': 29, 'y': 659}]",16:9,horizontal,921600,21:9,horizontal,633483,0.687373046875,negative
negative_462.jpg,/kaggle/input/musait/dataset/basket/negative_462.jpg,1,"PREMIER GIV
LER LAST CHE
SUNDAY
DISPATCH
SPECIAL LATE NEWS
WAR
-OFFICIAL
GRAPHIC
CABINET H
AT
NAV
Telegraph.co.uk/video
MPTS","[{'x': 0, 'y': 58}, {'x': 1247, 'y': 58}, {'x': 1247, 'y': 719}, {'x': 0, 'y': 719}]",16:9,horizontal,921600,16:9,horizontal,824267,0.8943869357638888,negative
negative_463.jpg,/kaggle/input/musait/dataset/basket/negative_463.jpg,1,"PREMIER GIV
LER LAST CHE
SUNDAY
DISPATCH
SPECIAL LATE NEWS
WAR
-OFFICIAL
GRAPHIC
CABINET H
AT
NAV
Telegraph.co.uk/video
MPTS","[{'x': 0, 'y': 58}, {'x': 1247, 'y': 58}, {'x': 1247, 'y': 719}, {'x': 0, 'y': 719}]",16:9,horizontal,921600,16:9,horizontal,824267,0.8943869357638888,negative
negative_464.jpeg,/kaggle/input/musait/dataset/basket/negative_464.jpeg,1,"Second
-World
War","[{'x': 111, 'y': 64}, {'x': 191, 'y': 64}, {'x': 191, 'y': 147}, {'x': 111, 'y': 147}]",1:1,box,50176,1:1,box,6640,0.1323341836734693,negative
negative_465.jpeg,/kaggle/input/musait/dataset/basket/negative_465.jpeg,1,"Second
-World
War","[{'x': 111, 'y': 64}, {'x': 191, 'y': 64}, {'x': 191, 'y': 147}, {'x': 111, 'y': 147}]",1:1,box,50176,1:1,box,6640,0.1323341836734693,negative
negative_466.jpeg,/kaggle/input/musait/dataset/basket/negative_466.jpeg,1,"World War 2
Fact of the Day","[{'x': 147, 'y': 2}, {'x': 246, 'y': 2}, {'x': 246, 'y': 38}, {'x': 147, 'y': 38}]",4:3,horizontal,50246,Other,other,3564,0.0709310193846276,negative
negative_467.jpeg,/kaggle/input/musait/dataset/basket/negative_467.jpeg,1,"World War 2
Fact of the Day","[{'x': 147, 'y': 2}, {'x': 246, 'y': 2}, {'x': 246, 'y': 38}, {'x': 147, 'y': 38}]",4:3,horizontal,50246,Other,other,3564,0.0709310193846276,negative
negative_468.jpeg,/kaggle/input/musait/dataset/basket/negative_468.jpeg,1,"ORDER of BATTLE
WORLD WAR II","[{'x': 55, 'y': 11}, {'x': 276, 'y': 11}, {'x': 276, 'y': 50}, {'x': 55, 'y': 50}]",Other,other,50337,Other,other,8619,0.171225937183384,negative
negative_469.jpeg,/kaggle/input/musait/dataset/basket/negative_469.jpeg,1,"ORDER of BATTLE
WORLD WAR II","[{'x': 55, 'y': 11}, {'x': 276, 'y': 11}, {'x': 276, 'y': 50}, {'x': 55, 'y': 50}]",Other,other,50337,Other,other,8619,0.171225937183384,negative
negative_470.jpeg,/kaggle/input/musait/dataset/basket/negative_470.jpeg,1,PRAY FOR KERALA,"[{'x': 20, 'y': 8}, {'x': 271, 'y': 8}, {'x': 271, 'y': 32}, {'x': 20, 'y': 32}]",16:9,horizontal,50568,Other,other,6024,0.1191267204556241,negative
negative_471.jpeg,/kaggle/input/musait/dataset/basket/negative_471.jpeg,1,PRAY FOR KERALA,"[{'x': 20, 'y': 8}, {'x': 271, 'y': 8}, {'x': 271, 'y': 32}, {'x': 20, 'y': 32}]",16:9,horizontal,50568,Other,other,6024,0.1191267204556241,negative
negative_472.jpeg,/kaggle/input/musait/dataset/basket/negative_472.jpeg,1,KERALA FLOODS: SEVERE CALAMITY,"[{'x': 32, 'y': 86}, {'x': 259, 'y': 86}, {'x': 259, 'y': 95}, {'x': 32, 'y': 95}]",Other,other,50274,Other,other,2043,0.0406373075546007,negative
negative_473.jpeg,/kaggle/input/musait/dataset/basket/negative_473.jpeg,1,KERALA FLOODS: SEVERE CALAMITY,"[{'x': 32, 'y': 86}, {'x': 259, 'y': 86}, {'x': 259, 'y': 95}, {'x': 32, 'y': 95}]",Other,other,50274,Other,other,2043,0.0406373075546007,negative
negative_474.jpeg,/kaggle/input/musait/dataset/basket/negative_474.jpeg,1,"WE ARE LOOKING FOR
EYEWITNESSES SO THAT THE WHOLE
WORLD KNOWS THE TRUTH!
CLIMATE IS CHANGING
If you are an eyewitness of a climate disaster.
please, contact us and share your story!
climate@creativesociety.com","[{'x': 8, 'y': 1}, {'x': 218, 'y': 1}, {'x': 218, 'y': 223}, {'x': 8, 'y': 223}]",1:1,box,50625,1:1,box,46620,0.9208888888888888,negative
negative_475.jpeg,/kaggle/input/musait/dataset/basket/negative_475.jpeg,1,"WE ARE LOOKING FOR
EYEWITNESSES SO THAT THE WHOLE
WORLD KNOWS THE TRUTH!
CLIMATE IS CHANGING
If you are an eyewitness of a climate disaster.
please, contact us and share your story!
climate@creativesociety.com","[{'x': 8, 'y': 1}, {'x': 218, 'y': 1}, {'x': 218, 'y': 223}, {'x': 8, 'y': 223}]",1:1,box,50625,1:1,box,46620,0.9208888888888888,negative
negative_476.jpeg,/kaggle/input/musait/dataset/basket/negative_476.jpeg,1,KERALA FLOODS,"[{'x': 342, 'y': 371}, {'x': 969, 'y': 371}, {'x': 969, 'y': 420}, {'x': 342, 'y': 420}]",4:3,horizontal,1080000,Other,other,30723,0.0284472222222222,negative
negative_477.jpeg,/kaggle/input/musait/dataset/basket/negative_477.jpeg,1,KERALA FLOODS,"[{'x': 342, 'y': 371}, {'x': 969, 'y': 371}, {'x': 969, 'y': 420}, {'x': 342, 'y': 420}]",4:3,horizontal,1080000,Other,other,30723,0.0284472222222222,negative
negative_478.jpg,/kaggle/input/musait/dataset/basket/negative_478.jpg,1,CRIME,"[{'x': 94, 'y': 102}, {'x': 1223, 'y': 102}, {'x': 1223, 'y': 719}, {'x': 94, 'y': 719}]",16:9,horizontal,921600,16:9,horizontal,696593,0.7558517795138889,negative
negative_479.jpg,/kaggle/input/musait/dataset/basket/negative_479.jpg,1,CRIME,"[{'x': 96, 'y': 103}, {'x': 1223, 'y': 103}, {'x': 1223, 'y': 719}, {'x': 96, 'y': 719}]",16:9,horizontal,921600,16:9,horizontal,694232,0.7532899305555556,negative
negative_480.jpg,/kaggle/input/musait/dataset/basket/negative_480.jpg,1,"НЕТ ВОЙ НЕ
СВОБОДУ ПРИВАТНЕНИЕ","[{'x': 197, 'y': 50}, {'x': 394, 'y': 50}, {'x': 394, 'y': 135}, {'x': 197, 'y': 135}]",3:2,horizontal,395010,21:9,horizontal,16745,0.042391331865016,negative
negative_481.jpg,/kaggle/input/musait/dataset/basket/negative_481.jpg,1,"STOP
PUTIN","[{'x': 1367, 'y': 0}, {'x': 2758, 'y': 0}, {'x': 2758, 'y': 858}, {'x': 1367, 'y': 858}]",16:9,horizontal,5760000,3:2,horizontal,1193478,0.2072010416666666,negative
negative_482.jpg,/kaggle/input/musait/dataset/basket/negative_482.jpg,1,"STOP
PUTIN","[{'x': 1367, 'y': 0}, {'x': 2758, 'y': 0}, {'x': 2758, 'y': 858}, {'x': 1367, 'y': 858}]",16:9,horizontal,5760000,3:2,horizontal,1193478,0.2072010416666666,negative
negative_483.jpg,/kaggle/input/musait/dataset/basket/negative_483.jpg,1,"ОПЕРАЦІЙНИЙ
БЛОК
langut.uac
MMO PAS","[{'x': 307, 'y': 49}, {'x': 688, 'y': 49}, {'x': 688, 'y': 419}, {'x': 307, 'y': 419}]",3:2,horizontal,395010,1:1,box,140970,0.3568770410875674,negative
negative_484.jpg,/kaggle/input/musait/dataset/basket/negative_484.jpg,1,"SCHAUT
NICHT
WEG
#StopPutinNow
NO NS2
NO WAR
STOP
Ratin PUTIN
For VUROPE
STOP PUTIN
STOP WAR","[{'x': 143, 'y': 113}, {'x': 965, 'y': 113}, {'x': 965, 'y': 623}, {'x': 143, 'y': 623}]",3:2,horizontal,689152,3:2,horizontal,419220,0.6083128250371471,negative
negative_485.jpg,/kaggle/input/musait/dataset/basket/negative_485.jpg,1,"SCHAUT
NICHT
WEG
#StopPutinNow
NO NS2
NO WAR
STOP
Ratin PUTIN
For VUROPE
STOP PUTIN
STOP WAR","[{'x': 143, 'y': 113}, {'x': 965, 'y': 113}, {'x': 965, 'y': 622}, {'x': 143, 'y': 622}]",3:2,horizontal,689152,3:2,horizontal,418398,0.6071200547919762,negative
negative_486.jpg,/kaggle/input/musait/dataset/basket/negative_486.jpg,1,"STOP
PUTIN
WAR","[{'x': 266, 'y': 169}, {'x': 502, 'y': 169}, {'x': 502, 'y': 357}, {'x': 266, 'y': 357}]",3:2,horizontal,395010,4:3,horizontal,44368,0.1123212070580491,negative
negative_487.jpg,/kaggle/input/musait/dataset/basket/negative_487.jpg,1,"STOP
PUTIN
WAR","[{'x': 266, 'y': 169}, {'x': 502, 'y': 169}, {'x': 502, 'y': 357}, {'x': 266, 'y': 357}]",3:2,horizontal,395010,4:3,horizontal,44368,0.1123212070580491,negative
negative_488.jpg,/kaggle/input/musait/dataset/basket/negative_488.jpg,1,"20th anniversary of
Afghan war
War on terror or
hegemony","[{'x': 23, 'y': 49}, {'x': 161, 'y': 49}, {'x': 161, 'y': 117}, {'x': 23, 'y': 117}]",16:9,horizontal,50400,16:9,horizontal,9384,0.1861904761904761,negative
negative_489.jpg,/kaggle/input/musait/dataset/basket/negative_489.jpg,1,"20th anniversary of
Afghan war
War on terror or
hegemony","[{'x': 23, 'y': 49}, {'x': 161, 'y': 49}, {'x': 161, 'y': 117}, {'x': 23, 'y': 117}]",16:9,horizontal,50400,16:9,horizontal,9384,0.1861904761904761,negative
negative_490.jpg,/kaggle/input/musait/dataset/basket/negative_490.jpg,1,"WAR IN
AFGHANISTAN
HOME FRONT","[{'x': 14, 'y': 11}, {'x': 220, 'y': 11}, {'x': 220, 'y': 90}, {'x': 14, 'y': 90}]",1:1,box,50290,Other,other,16274,0.3236031020083516,negative
negative_491.jpg,/kaggle/input/musait/dataset/basket/negative_491.jpg,1,"WAR IN
AFGHANISTAN
HOME FRONT","[{'x': 14, 'y': 11}, {'x': 220, 'y': 11}, {'x': 220, 'y': 90}, {'x': 14, 'y': 90}]",1:1,box,50290,Other,other,16274,0.3236031020083516,negative
negative_492.jpg,/kaggle/input/musait/dataset/basket/negative_492.jpg,1,"Record TV Kenya
BREAKING A Russia's Putin announces a try operation in Ukraine, Ukrainian Interior
confirms that its capital Kyle is under attack from Russian cruise and balls. W
begun","[{'x': 4, 'y': 5}, {'x': 240, 'y': 5}, {'x': 240, 'y': 42}, {'x': 4, 'y': 42}]",4:3,horizontal,50500,Other,other,8732,0.1729108910891089,negative
negative_493.png,/kaggle/input/musait/dataset/basket/negative_493.png,1,"Facts from Africa.
Yesterday at 4:02 AM -
The terrifying images of Khartoum city Sudan following the heavy rains that
led to floods.
Let's pray for Sudan.","[{'x': 18, 'y': 30}, {'x': 817, 'y': 30}, {'x': 817, 'y': 186}, {'x': 18, 'y': 186}]",3:4,vertical,1052424,Other,other,124644,0.1184351554126473,negative
negative_494.png,/kaggle/input/musait/dataset/basket/negative_494.png,1,"Facts from Africa.
Yesterday at 4:02 AM -
The terrifying images of Khartoum city Sudan following the heavy rains that
led to floods.
Let's pray for Sudan.","[{'x': 18, 'y': 30}, {'x': 817, 'y': 30}, {'x': 817, 'y': 186}, {'x': 18, 'y': 186}]",3:4,vertical,1052424,Other,other,124644,0.1184351554126473,negative
negative_495.jpg,/kaggle/input/musait/dataset/basket/negative_495.jpg,1,"WATER
OVER
ROAD","[{'x': 200, 'y': 68}, {'x': 290, 'y': 68}, {'x': 290, 'y': 129}, {'x': 200, 'y': 129}]",Other,other,50312,4:3,horizontal,5490,0.1091190968357449,negative
negative_496.jpg,/kaggle/input/musait/dataset/basket/negative_496.jpg,1,Flood,"[{'x': 63, 'y': 82}, {'x': 110, 'y': 82}, {'x': 110, 'y': 99}, {'x': 63, 'y': 99}]",16:9,horizontal,50400,Other,other,799,0.0158531746031746,negative
negative_497.jpg,/kaggle/input/musait/dataset/basket/negative_497.jpg,1,Flood,"[{'x': 63, 'y': 82}, {'x': 110, 'y': 82}, {'x': 110, 'y': 99}, {'x': 63, 'y': 99}]",16:9,horizontal,50400,Other,other,799,0.0158531746031746,negative
negative_498.jpg,/kaggle/input/musait/dataset/basket/negative_498.jpg,1,"WATER
OVER","[{'x': 79, 'y': 66}, {'x': 180, 'y': 66}, {'x': 180, 'y': 123}, {'x': 79, 'y': 123}]",3:2,horizontal,50325,16:9,horizontal,5757,0.1143964232488822,negative
negative_499.jpeg,/kaggle/input/musait/dataset/basket/negative_499.jpeg,1,"ISRAELI AIR FORCE
STRIKES BACK AT
GAZA","[{'x': 16, 'y': 140}, {'x': 185, 'y': 140}, {'x': 185, 'y': 191}, {'x': 16, 'y': 191}]",1:1,box,50625,Other,other,8619,0.1702518518518518,negative
negative_500.jpeg,/kaggle/input/musait/dataset/basket/negative_500.jpeg,1,"ISRAELI AIR FORCE
STRIKES BACK AT
GAZA","[{'x': 16, 'y': 140}, {'x': 185, 'y': 140}, {'x': 185, 'y': 191}, {'x': 16, 'y': 191}]",1:1,box,50625,Other,other,8619,0.1702518518518518,negative
negative_501.jpg,/kaggle/input/musait/dataset/basket/negative_501.jpg,1,"""Tragedy in South Lebanon provides vital information about a topic often
misreported by the mainstream media...This is an important book.""
Reese Erlich, author of The Iran Agenda: The Real Story of US Policy and the Middle East Crisis
TRAGEDY
IN SOUTH LEBANON
The Israeli-Hezbollah War of 2006
Cathy Sultan
Author of A Beirut Heart and
Israeli and Palestinian Voices","[{'x': 24, 'y': 31}, {'x': 324, 'y': 31}, {'x': 324, 'y': 491}, {'x': 24, 'y': 491}]",3:4,vertical,166500,3:4,vertical,138000,0.8288288288288288,negative
negative_502.jpg,/kaggle/input/musait/dataset/basket/negative_502.jpg,1,"""Tragedy in South Lebanon provides vital information about a topic often
misreported by the mainstream media...This is an important book.""
Reese Erlich, author of The Iran Agenda: The Real Story of US Policy and the Middle East Crisis
TRAGEDY
IN SOUTH LEBANON
The Israeli-Hezbollah War of 2006
Cathy Sultan
Author of A Beirut Heart and
Israeli and Palestinian Voices","[{'x': 24, 'y': 31}, {'x': 324, 'y': 31}, {'x': 324, 'y': 491}, {'x': 24, 'y': 491}]",3:4,vertical,166500,3:4,vertical,138000,0.8288288288288288,negative
negative_503.jpg,/kaggle/input/musait/dataset/basket/negative_503.jpg,1,"In World
In Gaza","[{'x': 5, 'y': 17}, {'x': 156, 'y': 17}, {'x': 156, 'y': 328}, {'x': 5, 'y': 328}]",3:4,vertical,234354,9:16,vertical,46961,0.2003848878192819,negative
negative_504.jpg,/kaggle/input/musait/dataset/basket/negative_504.jpg,1,"In World
In Gaza","[{'x': 5, 'y': 17}, {'x': 156, 'y': 17}, {'x': 156, 'y': 328}, {'x': 5, 'y': 328}]",3:4,vertical,234354,9:16,vertical,46961,0.2003848878192819,negative
negative_505.jpeg,/kaggle/input/musait/dataset/basket/negative_505.jpeg,1,"alamy
alamy
alamy
onese
suicide bomber
attack, ko
explosion
afamy","[{'x': 0, 'y': 40}, {'x': 203, 'y': 40}, {'x': 203, 'y': 188}, {'x': 0, 'y': 188}]",4:3,horizontal,50304,4:3,horizontal,30044,0.597248727735369,negative
negative_506.jpeg,/kaggle/input/musait/dataset/basket/negative_506.jpeg,1,"alamy
alamy
alamy
onese
suicide bomber
attack, ko
explosion
afamy","[{'x': 0, 'y': 40}, {'x': 203, 'y': 40}, {'x': 203, 'y': 188}, {'x': 0, 'y': 188}]",4:3,horizontal,50304,4:3,horizontal,30044,0.597248727735369,negative
negative_507.jpeg,/kaggle/input/musait/dataset/basket/negative_507.jpeg,1,The Trail of the Terrorist Bombs,"[{'x': 51, 'y': 5}, {'x': 204, 'y': 5}, {'x': 204, 'y': 17}, {'x': 51, 'y': 17}]",4:3,horizontal,50440,Other,other,1836,0.0363996827914353,negative
negative_508.jpeg,/kaggle/input/musait/dataset/basket/negative_508.jpeg,1,"MORNING
P
ATERSON'S
RINCIPAL
APER
THE
C
OUSES ON EASTSIDE WRECKED BY E
RADICALS LAUNCH REIGN OF T
mal Machines Damage Homes SCHOOL TEACHERS
of Prominent Men in
Eight Cities.
IN PALMER'S RESIDENCE
ORGANIZE UNION
JW Ann Felste
Tacter
AFL
AUSTRIA PLEADS FOR LAST
PEACE BASED ON RIGHT 78
Rey, After Being Basic Ten from is, Asks Ass
Mest Rece Hangry and Colonial Prosessions and
Neyo Mel Artemide Yr
Sant","[{'x': 0, 'y': 4}, {'x': 299, 'y': 4}, {'x': 299, 'y': 167}, {'x': 0, 'y': 167}]",16:9,horizontal,50400,16:9,horizontal,48737,0.9670039682539684,negative
negative_509.jpeg,/kaggle/input/musait/dataset/basket/negative_509.jpeg,1,"MORNING
P
ATERSON'S
RINCIPAL
APER
THE
C
OUSES ON EASTSIDE WRECKED BY E
RADICALS LAUNCH REIGN OF T
mal Machines Damage Homes SCHOOL TEACHERS
of Prominent Men in
Eight Cities.
IN PALMER'S RESIDENCE
ORGANIZE UNION
JW Ann Felste
Tacter
AFL
AUSTRIA PLEADS FOR LAST
PEACE BASED ON RIGHT 78
Rey, After Being Basic Ten from is, Asks Ass
Mest Rece Hangry and Colonial Prosessions and
Neyo Mel Artemide Yr
Sant","[{'x': 0, 'y': 4}, {'x': 299, 'y': 4}, {'x': 299, 'y': 167}, {'x': 0, 'y': 167}]",16:9,horizontal,50400,16:9,horizontal,48737,0.9670039682539684,negative
negative_510.jpeg,/kaggle/input/musait/dataset/basket/negative_510.jpeg,1,"124
הקטן נעים
44 DEAD, 150 INJURED IN LAG B'OMER STAMPEDE
NETANYAHU LAMENTS HEAVY TRAGEDY AT MOUNT MERON","[{'x': 13, 'y': 2}, {'x': 285, 'y': 2}, {'x': 285, 'y': 161}, {'x': 13, 'y': 161}]",16:9,horizontal,50400,Other,other,43248,0.8580952380952381,negative
negative_511.jpeg,/kaggle/input/musait/dataset/basket/negative_511.jpeg,1,"124
הקטן נעים
44 DEAD, 150 INJURED IN LAG B'OMER STAMPEDE
NETANYAHU LAMENTS HEAVY TRAGEDY AT MOUNT MERON","[{'x': 13, 'y': 2}, {'x': 285, 'y': 2}, {'x': 285, 'y': 161}, {'x': 13, 'y': 161}]",16:9,horizontal,50400,Other,other,43248,0.8580952380952381,negative
negative_512.jpeg,/kaggle/input/musait/dataset/basket/negative_512.jpeg,1,כיון,"[{'x': 227, 'y': 141}, {'x': 243, 'y': 141}, {'x': 243, 'y': 151}, {'x': 227, 'y': 151}]",3:2,horizontal,50196,3:2,horizontal,160,0.0031875049804765,negative
negative_513.jpg,/kaggle/input/musait/dataset/basket/negative_513.jpg,1,"1829914
חיפה בוחרת
יצחק הגה חוד
co.il
gettyimages
David Silverman
1000","[{'x': 9, 'y': 256}, {'x': 540, 'y': 256}, {'x': 540, 'y': 397}, {'x': 9, 'y': 397}]",3:2,horizontal,249696,Other,other,74871,0.299848615916955,negative
negative_514.jpeg,/kaggle/input/musait/dataset/basket/negative_514.jpeg,1,"THE
BOMBING OF WALL STREET","[{'x': 28, 'y': 83}, {'x': 275, 'y': 83}, {'x': 275, 'y': 103}, {'x': 28, 'y': 103}]",16:9,horizontal,50400,Other,other,4940,0.098015873015873,negative
negative_515.jpeg,/kaggle/input/musait/dataset/basket/negative_515.jpeg,1,"THE
BOMBING OF WALL STREET","[{'x': 28, 'y': 83}, {'x': 275, 'y': 83}, {'x': 275, 'y': 103}, {'x': 28, 'y': 103}]",16:9,horizontal,50400,Other,other,4940,0.098015873015873,negative
negative_516.jpeg,/kaggle/input/musait/dataset/basket/negative_516.jpeg,1,"CBS NEWS
Israel responds to fire balloons from
Gaza Strip with fighter jet strikes
thean of an 12.2020
LIVE","[{'x': 7, 'y': 7}, {'x': 201, 'y': 7}, {'x': 201, 'y': 249}, {'x': 7, 'y': 249}]",3:4,vertical,50500,3:4,vertical,46948,0.9296633663366336,negative
negative_517.jpg,/kaggle/input/musait/dataset/basket/negative_517.jpg,1,ISRAEL BOMBS GAZA,"[{'x': 36, 'y': 154}, {'x': 263, 'y': 154}, {'x': 263, 'y': 169}, {'x': 36, 'y': 169}]",16:9,horizontal,57600,Other,other,3405,0.0591145833333333,negative
negative_518.jpg,/kaggle/input/musait/dataset/basket/negative_518.jpg,1,ISRAEL BOMBS GAZA,"[{'x': 36, 'y': 154}, {'x': 263, 'y': 154}, {'x': 263, 'y': 169}, {'x': 36, 'y': 169}]",16:9,horizontal,57600,Other,other,3405,0.0591145833333333,negative
negative_519.jpeg,/kaggle/input/musait/dataset/basket/negative_519.jpeg,1,"THIS IS MEDIA!
@successpictures
@successpictures
E
@successpictures","[{'x': 84, 'y': 31}, {'x': 635, 'y': 31}, {'x': 635, 'y': 589}, {'x': 84, 'y': 589}]",1:1,box,518400,1:1,box,307458,0.5930902777777778,negative
negative_520.jpeg,/kaggle/input/musait/dataset/basket/negative_520.jpeg,1,"THIS IS MEDIA!
@successpictures
@successpictures
E
@successpictures","[{'x': 84, 'y': 31}, {'x': 635, 'y': 31}, {'x': 635, 'y': 589}, {'x': 84, 'y': 589}]",1:1,box,518400,1:1,box,307458,0.5930902777777778,negative
negative_521.jpeg,/kaggle/input/musait/dataset/basket/negative_521.jpeg,1,"HIROSHIMA
AND NAGASAKI
75 YEARS LATER
75th Anniversary of the Bombing
H
TONIGHT
HISTORY
SEPTEMBER
FRIDAY at 8.05PM","[{'x': 34, 'y': 14}, {'x': 188, 'y': 14}, {'x': 188, 'y': 211}, {'x': 34, 'y': 211}]",1:1,box,50625,3:4,vertical,30338,0.5992691358024691,negative
negative_522.jpeg,/kaggle/input/musait/dataset/basket/negative_522.jpeg,1,"HIROSHIMA
AND NAGASAKI
75 YEARS LATER
75th Anniversary of the Bombing
H
TONIGHT
HISTORY
SEPTEMBER
FRIDAY at 8.05PM","[{'x': 34, 'y': 14}, {'x': 188, 'y': 14}, {'x': 188, 'y': 211}, {'x': 34, 'y': 211}]",1:1,box,50625,3:4,vertical,30338,0.5992691358024691,negative
negative_523.jpg,/kaggle/input/musait/dataset/basket/negative_523.jpg,1,"सोशल मीडिया वाले नकाबपोश चोर
facebook.
अब तक एक भी चोर की गिरफ्तारी नहीं INDIA TV","[{'x': 44, 'y': 48}, {'x': 449, 'y': 48}, {'x': 449, 'y': 295}, {'x': 44, 'y': 295}]",4:3,horizontal,172800,3:2,horizontal,100035,0.57890625,negative
negative_524.jpeg,/kaggle/input/musait/dataset/basket/negative_524.jpeg,1,"Make it empty!
WEB
Idle robbery","[{'x': 68, 'y': 0}, {'x': 273, 'y': 0}, {'x': 273, 'y': 127}, {'x': 68, 'y': 127}]",16:9,horizontal,50232,3:2,horizontal,26035,0.518295110686415,negative
negative_525.jpeg,/kaggle/input/musait/dataset/basket/negative_525.jpeg,1,"Mohd Khair is with Md Khair Md Noor and 19 others.
25 June 17:15
Attempted ARMED ROBBERY at a clinic at Puchong, Malaysia o
June
20
But the robbery was aborted when the doctor himself shot the
robbers
One robber escaped while the other received multic gunshots...not
sure of he survived ough
S
0:0:/1:44
DO43
G
21 comments 41 shar","[{'x': 5, 'y': 7}, {'x': 206, 'y': 7}, {'x': 206, 'y': 229}, {'x': 5, 'y': 229}]",1:1,box,50561,1:1,box,44622,0.882537924487253,negative
negative_526.jpeg,/kaggle/input/musait/dataset/basket/negative_526.jpeg,1,"Irant
Remembering the victims of
26/11
On this day, I pay tributes and
homage to the Martyrs and survivors
of India's bloodiest terrorist attack in Mumbai.
Their sacrifices will never be forgotten.","[{'x': 16, 'y': 12}, {'x': 214, 'y': 12}, {'x': 214, 'y': 208}, {'x': 16, 'y': 208}]",1:1,box,50625,1:1,box,38808,0.7665777777777778,negative
negative_527.jpeg,/kaggle/input/musait/dataset/basket/negative_527.jpeg,1,"Irant
Remembering the victims of
26/11
On this day, I pay tributes and
homage to the Martyrs and survivors
of India's bloodiest terrorist attack in Mumbai.
Their sacrifices will never be forgotten.","[{'x': 16, 'y': 12}, {'x': 214, 'y': 12}, {'x': 214, 'y': 209}, {'x': 16, 'y': 209}]",1:1,box,50625,1:1,box,39006,0.7704888888888889,negative
negative_528.jpeg,/kaggle/input/musait/dataset/basket/negative_528.jpeg,1,"Remembering 26/11 Mumbai Terror
attack. It is the most horrific terror
attack on the soil of India
Around 170+ people died & over
300 were wounded.
A Black Day For India
E","[{'x': 14, 'y': 9}, {'x': 205, 'y': 9}, {'x': 205, 'y': 229}, {'x': 14, 'y': 229}]",1:1,box,50429,1:1,box,42020,0.833250708917488,negative
negative_529.jpeg,/kaggle/input/musait/dataset/basket/negative_529.jpeg,1,"Remembering 26/11 Mumbai Terror
attack. It is the most horrific terror
attack on the soil of India
Around 170+ people died & over
300 were wounded.
A Black Day For India
E","[{'x': 14, 'y': 9}, {'x': 205, 'y': 9}, {'x': 205, 'y': 229}, {'x': 14, 'y': 229}]",1:1,box,50429,1:1,box,42020,0.833250708917488,negative
negative_530.jpeg,/kaggle/input/musait/dataset/basket/negative_530.jpeg,1,"World
War I
in color","[{'x': 0, 'y': 0}, {'x': 239, 'y': 0}, {'x': 239, 'y': 195}, {'x': 0, 'y': 195}]",4:3,horizontal,50430,4:3,horizontal,46605,0.9241522903033909,negative
negative_531.jpeg,/kaggle/input/musait/dataset/basket/negative_531.jpeg,1,"World
War I
in color","[{'x': 0, 'y': 0}, {'x': 239, 'y': 0}, {'x': 239, 'y': 195}, {'x': 0, 'y': 195}]",4:3,horizontal,50430,4:3,horizontal,46605,0.9241522903033909,negative
negative_532.jpeg,/kaggle/input/musait/dataset/basket/negative_532.jpeg,1,"WORLD WAR
HEROES","[{'x': 7, 'y': 62}, {'x': 123, 'y': 62}, {'x': 123, 'y': 110}, {'x': 7, 'y': 110}]",16:9,horizontal,50400,21:9,horizontal,5568,0.1104761904761904,negative
negative_533.jpg,/kaggle/input/musait/dataset/basket/negative_533.jpg,1,"!! भावपुर्ण श्रद्धांजली !!
पुलवामा शहीदों को शत्-शत् नमन","[{'x': 15, 'y': 8}, {'x': 440, 'y': 8}, {'x': 440, 'y': 325}, {'x': 15, 'y': 325}]",4:3,horizontal,151200,4:3,horizontal,134725,0.8910383597883598,negative
negative_534.jpeg,/kaggle/input/musait/dataset/basket/negative_534.jpeg,1,"Dow shall be
liable.
WE WON'T LET YOU BURY JUSTICE.
EXTRADITE THE BUTCHER OF BHOPAL.","[{'x': 5, 'y': 177}, {'x': 185, 'y': 177}, {'x': 185, 'y': 259}, {'x': 5, 'y': 259}]",3:4,vertical,50463,21:9,horizontal,14760,0.2924915284465846,negative
negative_535.jpeg,/kaggle/input/musait/dataset/basket/negative_535.jpeg,1,"THE UNFINISHED STORY OF
BHOPAL 1984","[{'x': 24, 'y': 8}, {'x': 227, 'y': 8}, {'x': 227, 'y': 38}, {'x': 24, 'y': 38}]",4:3,horizontal,50490,Other,other,6090,0.1206179441473559,negative
negative_536.jpeg,/kaggle/input/musait/dataset/basket/negative_536.jpeg,1,"THE UNFINISHED STORY OF
BHOPAL 1984","[{'x': 24, 'y': 8}, {'x': 227, 'y': 8}, {'x': 227, 'y': 38}, {'x': 24, 'y': 38}]",4:3,horizontal,50490,Other,other,6090,0.1206179441473559,negative
negative_537.jpeg,/kaggle/input/musait/dataset/basket/negative_537.jpeg,1,"We live in a county where everyone knows
about Chernobyl, thanks to a Web Series.
But no one knows about the Bhopal Gas
Tragedy, which took place in our own
country and was equally disastrous.","[{'x': 7, 'y': 4}, {'x': 227, 'y': 4}, {'x': 227, 'y': 215}, {'x': 7, 'y': 215}]",1:1,box,50358,1:1,box,46420,0.9217999126256008,negative
negative_538.jpeg,/kaggle/input/musait/dataset/basket/negative_538.jpeg,1,"We live in a county where everyone knows
about Chernobyl, thanks to a Web Series.
But no one knows about the Bhopal Gas
Tragedy, which took place in our own
country and was equally disastrous.","[{'x': 7, 'y': 4}, {'x': 227, 'y': 4}, {'x': 227, 'y': 215}, {'x': 7, 'y': 215}]",1:1,box,50358,1:1,box,46420,0.9217999126256008,negative
negative_539.jpeg,/kaggle/input/musait/dataset/basket/negative_539.jpeg,1,"सा
आगाल में इन्साफ करो
DOWN WITH LONDON DOWLYMPICS
डाव कम्पनी को ओलम्पिक खेलों से भगाओ","[{'x': 2, 'y': 1}, {'x': 274, 'y': 1}, {'x': 274, 'y': 183}, {'x': 2, 'y': 183}]",3:2,horizontal,50600,3:2,horizontal,49504,0.9783399209486164,negative
negative_540.jpeg,/kaggle/input/musait/dataset/basket/negative_540.jpeg,1,"AUGUST 6
HIROSHIMA DAY","[{'x': 59, 'y': 157}, {'x': 213, 'y': 157}, {'x': 213, 'y': 180}, {'x': 59, 'y': 180}]",3:2,horizontal,50325,Other,other,3542,0.0703825136612021,negative
negative_541.jpeg,/kaggle/input/musait/dataset/basket/negative_541.jpeg,1,"AUGUST 6
HIROSHIMA DAY","[{'x': 59, 'y': 157}, {'x': 213, 'y': 157}, {'x': 213, 'y': 180}, {'x': 59, 'y': 180}]",3:2,horizontal,50325,Other,other,3542,0.0703825136612021,negative
negative_542.jpeg,/kaggle/input/musait/dataset/basket/negative_542.jpeg,1,HIROSHIMA DAY - 6 AUGUST,"[{'x': 58, 'y': 150}, {'x': 210, 'y': 150}, {'x': 210, 'y': 160}, {'x': 58, 'y': 160}]",16:9,horizontal,50400,Other,other,1520,0.0301587301587301,negative
negative_543.jpeg,/kaggle/input/musait/dataset/basket/negative_543.jpeg,1,HIROSHIMA DAY - 6 AUGUST,"[{'x': 58, 'y': 150}, {'x': 210, 'y': 150}, {'x': 210, 'y': 160}, {'x': 58, 'y': 160}]",16:9,horizontal,50400,Other,other,1520,0.0301587301587301,negative
negative_544.jpeg,/kaggle/input/musait/dataset/basket/negative_544.jpeg,1,"TRAFFIC
UPDATES
KAUFTUR PROTEST ALERT","[{'x': 17, 'y': 104}, {'x': 208, 'y': 104}, {'x': 208, 'y': 189}, {'x': 17, 'y': 189}]",1:1,box,50400,21:9,horizontal,16235,0.3221230158730159,negative
negative_545.jpeg,/kaggle/input/musait/dataset/basket/negative_545.jpeg,1,"TRAFFIC
UPDATES
KAUFTUR PROTEST ALERT","[{'x': 17, 'y': 104}, {'x': 208, 'y': 104}, {'x': 208, 'y': 189}, {'x': 17, 'y': 189}]",1:1,box,50400,21:9,horizontal,16235,0.3221230158730159,negative
negative_546.jpeg,/kaggle/input/musait/dataset/basket/negative_546.jpeg,1,"https://m.facebook.com/message:
Kunal Jajodia Kja
Kunal Jajodia Kja (4)
on mobile
Kunal is waving at you!
Tap to wave back
Tap to wave back
Do you wanna get bashed up publicly?
Dare you post another post against our
country.
It's a warning
18 minutes ago Sent from Messenger
Write a message...","[{'x': 393, 'y': 21}, {'x': 699, 'y': 21}, {'x': 699, 'y': 403}, {'x': 393, 'y': 403}]",16:9,horizontal,333410,3:4,vertical,116892,0.3505953630664947,negative
negative_547.jpeg,/kaggle/input/musait/dataset/basket/negative_547.jpeg,1,RAPE,"[{'x': 138, 'y': 43}, {'x': 277, 'y': 43}, {'x': 277, 'y': 117}, {'x': 138, 'y': 117}]",16:9,horizontal,50601,16:9,horizontal,10286,0.2032766150866583,negative
negative_548.jpeg,/kaggle/input/musait/dataset/basket/negative_548.jpeg,1,RAPE,"[{'x': 138, 'y': 43}, {'x': 277, 'y': 43}, {'x': 277, 'y': 117}, {'x': 138, 'y': 117}]",16:9,horizontal,50601,16:9,horizontal,10286,0.2032766150866583,negative
negative_549.jpg,/kaggle/input/musait/dataset/basket/negative_549.jpg,1,"TWEET AT YOUR OWN RISK IN INDIA
GIRLS ARRESTED
KIN THREATENED
PALGHAR","[{'x': 36, 'y': 3}, {'x': 625, 'y': 3}, {'x': 625, 'y': 85}, {'x': 36, 'y': 85}]",3:2,horizontal,281160,Other,other,48298,0.1717811922037274,negative
negative_550.jpg,/kaggle/input/musait/dataset/basket/negative_550.jpg,1,"TWEET AT YOUR OWN RISK IN INDIA
GIRLS ARRESTED
KIN THREATENED
PALGHAR","[{'x': 36, 'y': 3}, {'x': 625, 'y': 3}, {'x': 625, 'y': 85}, {'x': 36, 'y': 85}]",3:2,horizontal,281160,Other,other,48298,0.1717811922037274,negative
negative_551.jpg,/kaggle/input/musait/dataset/basket/negative_551.jpg,1,"Posta About Photos
Mentions
Vinayakan's Posts
Vinayakan
Details
Ayyapnene panni
Page - Artist
417
1 coms 10 shes
en.wikipedia.org/wiki/Vinayakan
Comment
Vinayakan
Kunna
Libe
Comman
Vinayakan
2410
Pooru
Vinayakan
Kunna kunna kunna kunna
Vinayakan","[{'x': 204, 'y': 0}, {'x': 580, 'y': 0}, {'x': 580, 'y': 318}, {'x': 204, 'y': 318}]",16:9,horizontal,202200,5:4,horizontal,119568,0.5913353115727003,negative
negative_552.jpg,/kaggle/input/musait/dataset/basket/negative_552.jpg,1,"CRIME SCENE DO NOT RE
DD
ENTER","[{'x': 52, 'y': 0}, {'x': 714, 'y': 0}, {'x': 714, 'y': 347}, {'x': 52, 'y': 347}]",16:9,horizontal,287430,16:9,horizontal,229714,0.7991998051699544,negative
negative_553.jpg,/kaggle/input/musait/dataset/basket/negative_553.jpg,1,"CRIME SCENE DO NOT RE
DD
ENTER","[{'x': 52, 'y': 0}, {'x': 714, 'y': 0}, {'x': 714, 'y': 347}, {'x': 52, 'y': 347}]",16:9,horizontal,287430,16:9,horizontal,229714,0.7991998051699544,negative
negative_554.jpeg,/kaggle/input/musait/dataset/basket/negative_554.jpeg,1,"DBK
DERD
BODY
HINEZ","[{'x': 3, 'y': 88}, {'x': 151, 'y': 88}, {'x': 151, 'y': 306}, {'x': 3, 'y': 306}]",9:16,vertical,50562,3:4,vertical,32264,0.6381076697915431,negative
negative_555.png,/kaggle/input/musait/dataset/basket/negative_555.png,1,"DEAD
BODY
KINGZ","[{'x': 2, 'y': 0}, {'x': 298, 'y': 0}, {'x': 298, 'y': 167}, {'x': 2, 'y': 167}]",16:9,horizontal,50232,16:9,horizontal,49432,0.9840738971173754,negative
negative_556.jpeg,/kaggle/input/musait/dataset/basket/negative_556.jpeg,1,"when you're cleaning your room and
find that one condom you left under
your bed 10 years ago","[{'x': 12, 'y': 9}, {'x': 199, 'y': 9}, {'x': 199, 'y': 55}, {'x': 12, 'y': 55}]",1:1,box,50310,Other,other,8602,0.1709799244682965,negative
negative_557.jpeg,/kaggle/input/musait/dataset/basket/negative_557.jpeg,1,"""DEAD BODY is a crowd-pleasing
murder mystery that will keep
fright fans guessing while
providing plenty of bloody
goodness along the way.""
FANGORIA","[{'x': 162, 'y': 8}, {'x': 350, 'y': 8}, {'x': 350, 'y': 98}, {'x': 162, 'y': 98}]",Other,other,50184,2:1,horizontal,16920,0.3371592539454806,negative
negative_558.jpg,/kaggle/input/musait/dataset/basket/negative_558.jpg,1,"Forwarded
Pass it Please
Good news, Wuhan's corona virus can
be cured by one bowl of freshly boiled
garlic water.
Old Chinese doctor has proven it's
efficacy. Many patients has also proven
this to be effective. Eight (8) cloves of
chopped garlics add seven (7)cups of
water and bring to boil., Eat and drink
the boiled garlic water, overnight
improvement and healing. Glad to share
this.
2:56 PM
Forwarded
Apart from Bongs, everyone else needs to take
precaution against Corona virus. It will not affect
Bongs much because, since childhood, we are
immune to 'Corona'
Eta Corona
Ota Corona
Birokto Corona
Bandrami Corona
Jhogra Corona
Maramari Corona
Dustumi Corona
Besi Nachanachi Corona
and so on....
So bongs, just chill
11:25","[{'x': 41, 'y': 62}, {'x': 797, 'y': 62}, {'x': 797, 'y': 507}, {'x': 41, 'y': 507}]",3:2,horizontal,510125,Other,other,336420,0.6594854202401372,negative
negative_559.jpeg,/kaggle/input/musait/dataset/basket/negative_559.jpeg,1,"ΤΟΙ
Accident","[{'x': 5, 'y': 87}, {'x': 163, 'y': 87}, {'x': 163, 'y': 147}, {'x': 5, 'y': 147}]",16:9,horizontal,50325,Other,other,9480,0.1883755588673621,negative
negative_560.jpeg,/kaggle/input/musait/dataset/basket/negative_560.jpeg,1,"ΤΟΙ
Accident","[{'x': 5, 'y': 87}, {'x': 163, 'y': 87}, {'x': 163, 'y': 147}, {'x': 5, 'y': 147}]",16:9,horizontal,50325,Other,other,9480,0.1883755588673621,negative
negative_561.jpg,/kaggle/input/musait/dataset/basket/negative_561.jpg,1,"'Everyone at the site where clicking
pictures and making videos and
posting on social media. But not a single
human came to help her. No one.'","[{'x': 25, 'y': 301}, {'x': 485, 'y': 301}, {'x': 485, 'y': 405}, {'x': 25, 'y': 405}]",16:9,horizontal,320298,Other,other,47840,0.1493609076547465,negative
negative_562.jpg,/kaggle/input/musait/dataset/basket/negative_562.jpg,1,"'Everyone at the site where clicking
pictures and making videos and
posting on social media. But not a single
human came to help her. No one.'","[{'x': 25, 'y': 301}, {'x': 485, 'y': 301}, {'x': 485, 'y': 405}, {'x': 25, 'y': 405}]",16:9,horizontal,320298,Other,other,47840,0.1493609076547465,negative
negative_563.jpeg,/kaggle/input/musait/dataset/basket/negative_563.jpeg,1,"Abdul Hameed
Indian Plane Shot down
TUBSZ","[{'x': 5, 'y': 6}, {'x': 108, 'y': 6}, {'x': 108, 'y': 104}, {'x': 5, 'y': 104}]",1:1,box,50290,1:1,box,10094,0.2007158480811294,negative
negative_564.jpeg,/kaggle/input/musait/dataset/basket/negative_564.jpeg,1,"Abdul Hameed
Indian Plane Shot down
TUBSZ","[{'x': 5, 'y': 6}, {'x': 108, 'y': 6}, {'x': 108, 'y': 104}, {'x': 5, 'y': 104}]",1:1,box,50290,1:1,box,10094,0.2007158480811294,negative
negative_565.jpeg,/kaggle/input/musait/dataset/basket/negative_565.jpeg,1,"Ahnaf Rifat
9 November at 17:21.
ব্রাহ্মবাড়িয়া যে জায়গাতে ৯জুন হেফাজত কর্মীকে শহীদ করেছে পুলিশ।
আজ সে জায়গাতেই পুলিশ গাড়ি এক্সিডেন্ট করে ২৫ জন আহত ৫ জন
মারা গেছে।
44
418
51 comments 35 shares","[{'x': 12, 'y': 11}, {'x': 400, 'y': 11}, {'x': 400, 'y': 542}, {'x': 12, 'y': 542}]",3:4,vertical,230740,3:4,vertical,206028,0.8929011008061021,negative
negative_566.jpeg,/kaggle/input/musait/dataset/basket/negative_566.jpeg,1,"Major fire accident in
Pharma city at Parwada
ఎగిసిపడుతున్న మంటలు
విశాఖ పరవాడ ఫార్మాసిటీ లో మరో ప్రమాదం
BREAKING NEWS
విశాఖ: పరవాడ
ఫార్మాసిటీలో మరో
ప్రమాదం
BIG
BREAKING
9
విశాఖ
localwire
భయాందోళనలో స్థానికులు PL","[{'x': 0, 'y': 4}, {'x': 253, 'y': 4}, {'x': 253, 'y': 197}, {'x': 0, 'y': 197}]",4:3,horizontal,50292,4:3,horizontal,48829,0.9709098862642168,negative
negative_567.jpeg,/kaggle/input/musait/dataset/basket/negative_567.jpeg,1,"Major fire accident in
Pharma city at Parwada
ఎగిసిపడుతున్న మంటలు
విశాఖ పరవాడ ఫార్మాసిటీ లో మరో ప్రమాదం
BREAKING NEWS
విశాఖ: పరవాడ
ఫార్మాసిటీలో మరో
ప్రమాదం
BIG
BREAKING
9
విశాఖ
localwire
భయాందోళనలో స్థానికులు PL","[{'x': 0, 'y': 4}, {'x': 253, 'y': 4}, {'x': 253, 'y': 197}, {'x': 0, 'y': 197}]",4:3,horizontal,50292,4:3,horizontal,48829,0.9709098862642168,negative
negative_568.jpg,/kaggle/input/musait/dataset/basket/negative_568.jpg,1,"భారీ అగ్నిప్రమాదం..
బూడిదైన 53 దుకాణాలు
9 LIVE
తెలుగు","[{'x': 295, 'y': 100}, {'x': 1221, 'y': 100}, {'x': 1221, 'y': 630}, {'x': 295, 'y': 630}]",16:9,horizontal,921600,16:9,horizontal,490780,0.5325303819444445,negative
negative_569.jpeg,/kaggle/input/musait/dataset/basket/negative_569.jpeg,1,"Luo Connection
November at 15
Another one Bomb Gateway Bus going to Mpigi Gat catch Fire Click And see the
Video
GATEWAY","[{'x': 6, 'y': 5}, {'x': 261, 'y': 5}, {'x': 261, 'y': 106}, {'x': 6, 'y': 106}]",4:3,horizontal,50463,Other,other,25755,0.5103739373402295,negative
negative_570.jpeg,/kaggle/input/musait/dataset/basket/negative_570.jpeg,1,"Dhawal Dudhaiya
@dhawaldudhaiya
#Mamata Banarjee @Mamata Official
she was murdered and raped by rohingya's
and bangladeshi jihadi's. She had a fault to support
@BJP4India. Its a Alarming situation for hindus. Never
depend on any Bajrang Dal or any other only. Act how to
save our women's
Be weaponised
20 years old
from Paschim
Medinipur, West Bengal
OfIndiaOurHome
She was brutly Raped & Murdered by 6 Mans
& Hanged Near her House Bcoz of her BJP
Connection RIP. Culprits Must Be Hanged
#JusticeFor
11:34 AM May 5, 2021 Twitter for Android","[{'x': 155, 'y': 42}, {'x': 847, 'y': 42}, {'x': 847, 'y': 1243}, {'x': 155, 'y': 1243}]",3:4,vertical,1280000,2:3,vertical,831092,0.649290625,negative
negative_571.jpeg,/kaggle/input/musait/dataset/basket/negative_571.jpeg,1,"2
@SUCCESS.TIP
IF YOU KEEP THEM BUSY
WITH BASIC NEEDS, THEY
WILL FORGET ABOUT THE
FREEDOM THEY LOST.","[{'x': 98, 'y': 525}, {'x': 696, 'y': 525}, {'x': 696, 'y': 886}, {'x': 98, 'y': 886}]",3:4,vertical,648000,Other,other,215878,0.3331450617283951,negative
negative_572.jpeg,/kaggle/input/musait/dataset/basket/negative_572.jpeg,1,"2
@SUCCESS.TIP
IF YOU KEEP THEM BUSY
WITH BASIC NEEDS, THEY
WILL FORGET ABOUT THE
FREEDOM THEY LOST.","[{'x': 98, 'y': 525}, {'x': 696, 'y': 525}, {'x': 696, 'y': 886}, {'x': 98, 'y': 886}]",3:4,vertical,648000,Other,other,215878,0.3331450617283951,negative
negative_573.jpeg,/kaggle/input/musait/dataset/basket/negative_573.jpeg,1,"If you want to save
water
Bath with your
neighbours daughter
-master oogway
Master cogway will be
back next cake day to
give you more of his
fu-kung wisdom","[{'x': 10, 'y': 276}, {'x': 718, 'y': 276}, {'x': 718, 'y': 688}, {'x': 10, 'y': 688}]",1:1,box,514800,Other,other,291696,0.5666200466200466,negative
negative_574.jpeg,/kaggle/input/musait/dataset/basket/negative_574.jpeg,1,"Gloomy演スォ
@livingdarknsad
Me trying to cover the whole syllabus
one night before exam","[{'x': 21, 'y': 25}, {'x': 690, 'y': 25}, {'x': 690, 'y': 232}, {'x': 21, 'y': 232}]",3:4,vertical,648000,Other,other,138483,0.2137083333333333,negative
negative_575.jpg,/kaggle/input/musait/dataset/basket/negative_575.jpg,1,"when you accidentally open a
message and now you have to reply","[{'x': 4, 'y': 9}, {'x': 578, 'y': 9}, {'x': 578, 'y': 106}, {'x': 4, 'y': 106}]",4:3,horizontal,315520,Other,other,55678,0.1764642494929006,negative
negative_576.jpg,/kaggle/input/musait/dataset/basket/negative_576.jpg,1,"Me listening to strangers conversation
thinking how f**kin' dumb they are.","[{'x': 26, 'y': 24}, {'x': 525, 'y': 24}, {'x': 525, 'y': 88}, {'x': 26, 'y': 88}]",1:1,box,280416,Other,other,31936,0.1138879379208033,negative
negative_577.jpg,/kaggle/input/musait/dataset/basket/negative_577.jpg,1,"SAD TRUTH
1820
HELP!
@successpictures
2020
HELP!
@successpictures","[{'x': 28, 'y': 31}, {'x': 499, 'y': 31}, {'x': 499, 'y': 438}, {'x': 28, 'y': 438}]",1:1,box,274572,5:4,horizontal,191697,0.6981666011100913,negative
negative_578.jpg,/kaggle/input/musait/dataset/basket/negative_578.jpg,1,"SAD TRUTH
1820
HELP!
@successpictures
2020
HELP!
@successpictures","[{'x': 28, 'y': 31}, {'x': 499, 'y': 31}, {'x': 499, 'y': 438}, {'x': 28, 'y': 438}]",1:1,box,274572,5:4,horizontal,191697,0.6981666011100913,negative
negative_579.jpg,/kaggle/input/musait/dataset/basket/negative_579.jpg,1,"Deleting a
single row from
a production
database.
1,249
records
affected.","[{'x': 32, 'y': 37}, {'x': 524, 'y': 37}, {'x': 524, 'y': 162}, {'x': 32, 'y': 162}]",5:4,horizontal,311400,Other,other,61500,0.197495183044316,negative
negative_580.jpg,/kaggle/input/musait/dataset/basket/negative_580.jpg,1,"UNKNOWN
FACTS
Everyone Wants to Park in
Shade, but No One Wants to
Plant a Tree.","[{'x': 15, 'y': 24}, {'x': 480, 'y': 24}, {'x': 480, 'y': 479}, {'x': 15, 'y': 479}]",1:1,box,276676,1:1,box,211575,0.7647031184490162,negative
negative_581.jpg,/kaggle/input/musait/dataset/basket/negative_581.jpg,1,"[ অক্সিজেন।
OXYGEN STATION
sb shovon
OXYGEN","[{'x': 62, 'y': 205}, {'x': 482, 'y': 205}, {'x': 482, 'y': 615}, {'x': 62, 'y': 615}]",3:4,vertical,327680,1:1,box,172200,0.5255126953125,negative
negative_582.jpg,/kaggle/input/musait/dataset/basket/negative_582.jpg,1,"Thank you
for driving
carefully
Cars","[{'x': 193, 'y': 127}, {'x': 514, 'y': 127}, {'x': 514, 'y': 531}, {'x': 193, 'y': 531}]",1:1,box,279180,3:4,vertical,129684,0.4645175155813453,negative
negative_583.jpg,/kaggle/input/musait/dataset/basket/negative_583.jpg,1,"दो बेटों की मौत पर
बिलखती महिला
ABP
न्यूज़","[{'x': 12, 'y': 25}, {'x': 284, 'y': 25}, {'x': 284, 'y': 163}, {'x': 12, 'y': 163}]",16:9,horizontal,50400,16:9,horizontal,37536,0.7447619047619047,negative
negative_584.jpg,/kaggle/input/musait/dataset/basket/negative_584.jpg,1,"BEAR PATROL
Igl@being limitless.
I'M NOT CROSSING THE
ROAD. THE ROAD IS
CROSSING MY FOREST.","[{'x': 96, 'y': 203}, {'x': 445, 'y': 203}, {'x': 445, 'y': 512}, {'x': 96, 'y': 512}]",1:1,box,276676,1:1,box,107841,0.3897735979991036,negative
negative_585.jpg,/kaggle/input/musait/dataset/basket/negative_585.jpg,1,"BEAR PATROL
Igl@being limitless.
I'M NOT CROSSING THE
ROAD. THE ROAD IS
CROSSING MY FOREST.","[{'x': 96, 'y': 203}, {'x': 445, 'y': 203}, {'x': 445, 'y': 512}, {'x': 96, 'y': 512}]",1:1,box,276676,1:1,box,107841,0.3897735979991036,negative
negative_586.jpg,/kaggle/input/musait/dataset/basket/negative_586.jpg,1,"successpictures
@successpictures
Some people
just act like
they are
trying to
help you...
@successpictures","[{'x': 180, 'y': 124}, {'x': 523, 'y': 124}, {'x': 523, 'y': 457}, {'x': 180, 'y': 457}]",1:1,box,276676,1:1,box,114219,0.4128258323815582,negative
negative_587.jpg,/kaggle/input/musait/dataset/basket/negative_587.jpg,1,"successpictures
@successpictures
Some people
just act like
they are
trying to
help you...
@successpictures","[{'x': 180, 'y': 124}, {'x': 523, 'y': 124}, {'x': 523, 'y': 457}, {'x': 180, 'y': 457}]",1:1,box,276676,1:1,box,114219,0.4128258323815582,negative
negative_588.jpg,/kaggle/input/musait/dataset/basket/negative_588.jpg,1,"00
Sir main gareeb hu..
Bsdk Galat set pe Aya hai tu","[{'x': 35, 'y': 194}, {'x': 543, 'y': 194}, {'x': 543, 'y': 508}, {'x': 35, 'y': 508}]",1:1,box,316200,3:2,horizontal,159512,0.5044655281467426,negative
negative_589.jpeg,/kaggle/input/musait/dataset/basket/negative_589.jpeg,1,"I LIKE OFFENDING PEOPLE
BECAUSE I THINK PEOPLE WHO GET
OFFENDED SHOULD BE OFFENDED","[{'x': 3, 'y': 11}, {'x': 246, 'y': 11}, {'x': 246, 'y': 201}, {'x': 3, 'y': 201}]",4:3,horizontal,50388,4:3,horizontal,46170,0.916289592760181,negative
negative_590.jpeg,/kaggle/input/musait/dataset/basket/negative_590.jpeg,1,"Say ""Community Standards"" again
Motherfucker!
C
Aussie Stuff for Aussies","[{'x': 6, 'y': 12}, {'x': 253, 'y': 12}, {'x': 253, 'y': 192}, {'x': 6, 'y': 192}]",4:3,horizontal,50372,4:3,horizontal,44460,0.8826332089255936,negative
negative_591.jpeg,/kaggle/input/musait/dataset/basket/negative_591.jpeg,1,"YOU MOTHER FUCKERS
BETTER BE FOLLOWING MY
COMMUNITY STANDARDS","[{'x': 4, 'y': 9}, {'x': 199, 'y': 9}, {'x': 199, 'y': 244}, {'x': 4, 'y': 244}]",3:4,vertical,50547,3:4,vertical,45825,0.906581992996617,negative
negative_592.jpg,/kaggle/input/musait/dataset/basket/negative_592.jpg,1,"YOU'RE IN FB JAIL
I'M IN FACEBOOK JAIL FOR 30 DAY BECAUSE
OF AN OFFENSIVE MUSLIM MEME THAT I POSTED IN
A GROUP CALLED THE US DEPARTMENT OF OFFENSIVE MEMES
imgflip.com","[{'x': 3, 'y': 28}, {'x': 577, 'y': 28}, {'x': 577, 'y': 415}, {'x': 3, 'y': 415}]",4:3,horizontal,249546,4:3,horizontal,222138,0.8901685460796807,negative
negative_593.jpeg,/kaggle/input/musait/dataset/basket/negative_593.jpeg,1,"When you ask your husband if he's cheating
on you but he just hits you in the face
All right, then. Keep your secrets.","[{'x': 2, 'y': 21}, {'x': 236, 'y': 21}, {'x': 236, 'y': 207}, {'x': 2, 'y': 207}]",1:1,box,50429,4:3,horizontal,43524,0.8630748180610363,negative
negative_594.jpg,/kaggle/input/musait/dataset/basket/negative_594.jpg,1,"You're not
alone
So sorry for your loss
Everything happens
for a reason","[{'x': 16, 'y': 10}, {'x': 281, 'y': 10}, {'x': 281, 'y': 150}, {'x': 16, 'y': 150}]",16:9,horizontal,50400,16:9,horizontal,37100,0.7361111111111112,negative
negative_595.jpg,/kaggle/input/musait/dataset/basket/negative_595.jpg,1,"FACEBOOK ISN'T
SO BAD
ONCE YOU BLOCK YOUR
FAMILY AND FRIENDS.","[{'x': 16, 'y': 4}, {'x': 636, 'y': 4}, {'x': 636, 'y': 959}, {'x': 16, 'y': 959}]",3:4,vertical,616320,3:4,vertical,592100,0.9607022326064382,negative
negative_596.jpg,/kaggle/input/musait/dataset/basket/negative_596.jpg,1,"Kya Kaam Karte Ho Beta?
Berozgaar Hu
Oh Engineering Ki Hai Londe ne","[{'x': 210, 'y': 274}, {'x': 878, 'y': 274}, {'x': 878, 'y': 1058}, {'x': 210, 'y': 1058}]",1:1,box,1156680,1:1,box,523712,0.4527717259743403,negative
negative_597.jpeg,/kaggle/input/musait/dataset/basket/negative_597.jpeg,1,"ST
In a bid to garner Christine support for the ruling party dictatorship and
possibly tum Singapore imo a Christian state, the PAP goverment will be
weblower who exposed the AP candidate's Christ
since been acted and facing police charges for ""Tabricating fe
Chi The C
As the
Loong
FALSE
tion Depe
is under or Prim
oral, the
ions in Singar ane rigged and RA
The Ma
sted fo
didate
Christian evangelist Racel
Ong Sin Yen
ngapore States Times","[{'x': 8, 'y': 5}, {'x': 285, 'y': 5}, {'x': 285, 'y': 167}, {'x': 8, 'y': 167}]",16:9,horizontal,50400,Other,other,44874,0.8903571428571428,negative
negative_598.jpeg,/kaggle/input/musait/dataset/basket/negative_598.jpeg,1,"I NEED ALL STOLEN,
FUNNY & OFFENSIVE MEMES
O
POSTED RIGHT HERE...","[{'x': 0, 'y': 3}, {'x': 224, 'y': 3}, {'x': 224, 'y': 203}, {'x': 0, 'y': 203}]",1:1,box,50625,1:1,box,44800,0.8849382716049383,negative
negative_599.jpeg,/kaggle/input/musait/dataset/basket/negative_599.jpeg,1,"OH MY DAD
I'M SO OFFENDED
memegenerator.ns","[{'x': 29, 'y': 8}, {'x': 222, 'y': 8}, {'x': 222, 'y': 223}, {'x': 29, 'y': 223}]",1:1,box,50400,1:1,box,41495,0.823313492063492,negative
negative_600.jpeg,/kaggle/input/musait/dataset/basket/negative_600.jpeg,1,"THERE MUST BE SOME WAY
THIS VICTIMIZES ME","[{'x': 11, 'y': 4}, {'x': 264, 'y': 4}, {'x': 264, 'y': 174}, {'x': 11, 'y': 174}]",3:2,horizontal,50414,3:2,horizontal,43010,0.8531360336414489,negative
negative_601.jpeg,/kaggle/input/musait/dataset/basket/negative_601.jpeg,1,"Do's and Don'ts
Are you living
in a safe house?
Be smart
Be prepared
Folve the 2018","[{'x': 5, 'y': 68}, {'x': 170, 'y': 68}, {'x': 170, 'y': 265}, {'x': 5, 'y': 265}]",3:4,vertical,50478,3:4,vertical,32505,0.6439438963508856,negative
negative_602.jpeg,/kaggle/input/musait/dataset/basket/negative_602.jpeg,1,EARTHQUAKE,"[{'x': 27, 'y': 41}, {'x': 291, 'y': 41}, {'x': 291, 'y': 77}, {'x': 27, 'y': 77}]",16:9,horizontal,50544,Other,other,9504,0.188034188034188,negative
negative_603.jpeg,/kaggle/input/musait/dataset/basket/negative_603.jpeg,1,EARTHQUAKE,"[{'x': 27, 'y': 41}, {'x': 291, 'y': 41}, {'x': 291, 'y': 77}, {'x': 27, 'y': 77}]",16:9,horizontal,50544,Other,other,9504,0.188034188034188,negative
negative_604.jpg,/kaggle/input/musait/dataset/basket/negative_604.jpg,1,"Torah-Box.com
c-live
EURONEWS ISRAEL STAMPEDE
NOW DOZENS KILLED AT RELIGIOUS FESTIVAL IN MOUNT MERON
BENEDICTIONS
www.torah-box.com/brakha
SEGOULA 'HAT ROTEL
www.torah-box.com/18
VENTE AUX ENCHERES
www.torah-box.com/encheres","[{'x': 17, 'y': 5}, {'x': 422, 'y': 5}, {'x': 422, 'y': 237}, {'x': 17, 'y': 237}]",16:9,horizontal,102240,16:9,horizontal,93960,0.9190140845070424,negative
negative_605.jpg,/kaggle/input/musait/dataset/basket/negative_605.jpg,1,"Torah-Box.com
c-live
EURONEWS ISRAEL STAMPEDE
NOW DOZENS KILLED AT RELIGIOUS FESTIVAL IN MOUNT MERON
BENEDICTIONS
www.torah-box.com/brakha
SEGOULA 'HAT ROTEL
www.torah-box.com/18
VENTE AUX ENCHERES
www.torah-box.com/encheres","[{'x': 17, 'y': 5}, {'x': 422, 'y': 5}, {'x': 422, 'y': 237}, {'x': 17, 'y': 237}]",16:9,horizontal,102240,16:9,horizontal,93960,0.9190140845070424,negative
negative_606.jpg,/kaggle/input/musait/dataset/basket/negative_606.jpg,1,"alamy
alamy
YOUR BOMBS
alamy
KILL
CIVILIANS
alamy
alamy
a
a
Image ID: 2DWJEMR
www.alamy.com","[{'x': 0, 'y': 0}, {'x': 1285, 'y': 0}, {'x': 1285, 'y': 937}, {'x': 0, 'y': 937}]",4:3,horizontal,1246700,4:3,horizontal,1204045,0.9657856741798349,negative
negative_607.jpg,/kaggle/input/musait/dataset/basket/negative_607.jpg,1,"alamy
alamy
YOUR BOMBS
alamy
KILL
CIVILIANS
alamy
alamy
a
a
Image ID: 2DWJEMR
www.alamy.com","[{'x': 0, 'y': 0}, {'x': 1285, 'y': 0}, {'x': 1285, 'y': 937}, {'x': 0, 'y': 937}]",4:3,horizontal,1246700,4:3,horizontal,1204045,0.9657856741798349,negative
negative_608.jpg,/kaggle/input/musait/dataset/basket/negative_608.jpg,1,"New York Post
ITALY
AT WAR
Italy today declared war on France and Britain.
Hitler's Italian jackal jumped at the throats of
the stricken Allies at a moment when 1,800.000 Germans
were driving forward only 25 to 30 miles from Paris.","[{'x': 6, 'y': 37}, {'x': 397, 'y': 37}, {'x': 397, 'y': 277}, {'x': 6, 'y': 277}]",4:3,horizontal,120000,3:2,horizontal,93840,0.782,negative
negative_609.jpg,/kaggle/input/musait/dataset/basket/negative_609.jpg,1,"New York Post
ITALY
AT WAR
Italy today declared war on France and Britain.
Hitler's Italian jackal jumped at the throats of
the stricken Allies at a moment when 1,800.000 Germans
were driving forward only 25 to 30 miles from Paris.","[{'x': 6, 'y': 37}, {'x': 397, 'y': 37}, {'x': 397, 'y': 277}, {'x': 6, 'y': 277}]",4:3,horizontal,120000,3:2,horizontal,93840,0.782,negative
negative_610.jpg,/kaggle/input/musait/dataset/basket/negative_610.jpg,1,"It
61 21 T1
Russia Ukraine War Update
Is This the Beginning of the Third World War (WW3)?
f SA NEWS CHANNEL
@SATLOKCHANNEL □ SA NEWS CHANNEL @SANEWSCHANNEL SANEWS.IN
SA
NEWS
सच जो आप जानना चाहते है","[{'x': 71, 'y': 80}, {'x': 1879, 'y': 80}, {'x': 1879, 'y': 1047}, {'x': 71, 'y': 1047}]",16:9,horizontal,2073600,16:9,horizontal,1748336,0.8431404320987654,negative
negative_611.jpg,/kaggle/input/musait/dataset/basket/negative_611.jpg,1,"It
61 21 T1
Russia Ukraine War Update
Is This the Beginning of the Third World War (WW3)?
f SA NEWS CHANNEL
@SATLOKCHANNEL □ SA NEWS CHANNEL @SANEWSCHANNEL SANEWS.IN
SA
NEWS
सच जो आप जानना चाहते है","[{'x': 71, 'y': 80}, {'x': 1879, 'y': 80}, {'x': 1879, 'y': 1047}, {'x': 71, 'y': 1047}]",16:9,horizontal,2073600,16:9,horizontal,1748336,0.8431404320987654,negative
negative_612.jpg,/kaggle/input/musait/dataset/basket/negative_612.jpg,1,"R. FIR AGAINST CONG MP
BREAKING NOW FAKE NEWS PROBE
BREAKING NEWS
FIR AGAINST CONG
MP & 6 LUTYENS'
REPORTERS
REPUBLIC.
REPORT
FAKE NEWS CRACKDOWN
NOIDA: FIR FILED AGAINST CONG MP","[{'x': 51, 'y': 34}, {'x': 632, 'y': 34}, {'x': 632, 'y': 330}, {'x': 51, 'y': 330}]",16:9,horizontal,292320,16:9,horizontal,171976,0.5883141762452108,negative
negative_613.jpg,/kaggle/input/musait/dataset/basket/negative_613.jpg,1,"w cases in 24hr
FOOD
dreamstime
EWA
The outrennen daily
dreams
INSIDE TODAY
⑥dreamstime.com
rtime
dreamstime
www.newagebd.net
dreamstime
Dhaka, Sunday, April 15, 20, Baishakh 6, 1427 B5
COVID-19 death toll 84, Bo
patients 2,144
nennle died of
Staff Corresponden mstime
COVID-19 situation in Bangladesh
t
rtime
que 3 Taila
your daily
dreamstime
OUR
Sunday 19 April 2020 Dhaka Editor
yt food
sed t
ID 180004529 Onuchcha","[{'x': 0, 'y': 0}, {'x': 1599, 'y': 0}, {'x': 1599, 'y': 1154}, {'x': 0, 'y': 1154}]",4:3,horizontal,1848000,4:3,horizontal,1845246,0.9985097402597404,negative
negative_614.jpg,/kaggle/input/musait/dataset/basket/negative_614.jpg,1,"w cases in 24hr
FOOD
dreamstime
EWA
The outrennen daily
dreams
INSIDE TODAY
⑥dreamstime.com
rtime
dreamstime
www.newagebd.net
dreamstime
Dhaka, Sunday, April 15, 20, Baishakh 6, 1427 B5
COVID-19 death toll 84, Bo
patients 2,144
nennle died of
Staff Corresponden mstime
COVID-19 situation in Bangladesh
t
rtime
que 3 Taila
your daily
dreamstime
OUR
Sunday 19 April 2020 Dhaka Editor
yt food
sed t
ID 180004529 Onuchcha","[{'x': 0, 'y': 0}, {'x': 1599, 'y': 0}, {'x': 1599, 'y': 1154}, {'x': 0, 'y': 1154}]",4:3,horizontal,1848000,4:3,horizontal,1845246,0.9985097402597404,negative
negative_615.jpg,/kaggle/input/musait/dataset/basket/negative_615.jpg,1,"Gandhi dies in bomb blast
Former Indian prime minister assassinated while campaigning
MADRAS adu
Kaj
Rajiv Gandhi
BACKGROUND
ON GANDHI
21244
MAR
Sonia Manif
help her shi
Na brother is
seat in Partament becam
1904 Eed p
pep took
capital, Now
the ts of the
th, and other of
Asal of the
partir dections
and 15 meal of Thand
Sunday, the Unof
Cathe
dreen that d
Star Indy Ga
Cands, lift is contoned by her daughter, Phynka, nght, and an unidentified wo
Dictator
Rival Warner Center malls","[{'x': 9, 'y': 0}, {'x': 394, 'y': 0}, {'x': 394, 'y': 299}, {'x': 9, 'y': 299}]",4:3,horizontal,120000,4:3,horizontal,115115,0.9592916666666668,negative
negative_616.jpg,/kaggle/input/musait/dataset/basket/negative_616.jpg,1,"Gandhi dies in bomb blast
Former Indian prime minister assassinated while campaigning
MADRAS adu
Kaj
Rajiv Gandhi
BACKGROUND
ON GANDHI
21244
MAR
Sonia Manif
help her shi
Na brother is
seat in Partament becam
1904 Eed p
pep took
capital, Now
the ts of the
th, and other of
Asal of the
partir dections
and 15 meal of Thand
Sunday, the Unof
Cathe
dreen that d
Star Indy Ga
Cands, lift is contoned by her daughter, Phynka, nght, and an unidentified wo
Dictator
Rival Warner Center malls","[{'x': 9, 'y': 0}, {'x': 394, 'y': 0}, {'x': 394, 'y': 299}, {'x': 9, 'y': 299}]",4:3,horizontal,120000,4:3,horizontal,115115,0.9592916666666668,negative
negative_617.jpg,/kaggle/input/musait/dataset/basket/negative_617.jpg,1,"MEMO NAMES
SUICIDE BOMBER","[{'x': 122, 'y': 369}, {'x': 425, 'y': 369}, {'x': 425, 'y': 433}, {'x': 122, 'y': 433}]",4:3,horizontal,307200,Other,other,19392,0.063125,negative
negative_618.jpg,/kaggle/input/musait/dataset/basket/negative_618.jpg,1,"MEMO NAMES
SUICIDE BOMBER","[{'x': 122, 'y': 369}, {'x': 425, 'y': 369}, {'x': 425, 'y': 433}, {'x': 122, 'y': 433}]",4:3,horizontal,307200,Other,other,19392,0.063125,negative
negative_619.jpeg,/kaggle/input/musait/dataset/basket/negative_619.jpeg,1,"INDIA BOWS TO INDIA BOWS TO ITALIAN PRESSURE newsX
ITALY
LIVE-07-Feb
India surrenders to Italy in the fishermen
murder case
BREAKING NEWS
INDIA SURRENDERS TO ITALY
MEA HAD OPPOSED THE DEATH PENALTY CITING
TREATY WITH ITALY","[{'x': 95, 'y': 30}, {'x': 1348, 'y': 30}, {'x': 1348, 'y': 1011}, {'x': 95, 'y': 1011}]",4:3,horizontal,1555200,4:3,horizontal,1229193,0.7903761574074074,negative
negative_620.jpeg,/kaggle/input/musait/dataset/basket/negative_620.jpeg,1,"INDIA BOWS TO INDIA BOWS TO ITALIAN PRESSURE newsX
ITALY
LIVE-07-Feb
India surrenders to Italy in the fishermen
murder case
BREAKING NEWS
INDIA SURRENDERS TO ITALY
MEA HAD OPPOSED THE DEATH PENALTY CITING
TREATY WITH ITALY","[{'x': 94, 'y': 29}, {'x': 1349, 'y': 29}, {'x': 1349, 'y': 1011}, {'x': 94, 'y': 1011}]",4:3,horizontal,1555200,4:3,horizontal,1232410,0.7924447016460905,negative
negative_621.jpeg,/kaggle/input/musait/dataset/basket/negative_621.jpeg,1,"KOLKATA
FIRE
""INXHIFZS
FIRE
FIRE IN HATIBAGAN MARKET
NEWS BREAKING NEWS
SHOW BIZ VINOD A 'SHAME'
OSCAR FILM F","[{'x': 130, 'y': 69}, {'x': 1396, 'y': 69}, {'x': 1396, 'y': 1000}, {'x': 130, 'y': 1000}]",4:3,horizontal,1555200,4:3,horizontal,1178646,0.7578742283950617,negative
negative_622.jpeg,/kaggle/input/musait/dataset/basket/negative_622.jpeg,1,"KOLKATA
FIRE
""INXHIFZS
FIRE
FIRE IN HATIBAGAN MARKET
NEWS BREAKING NEWS
SHOW BIZ VINOD A 'SHAME'
OSCAR FILM F","[{'x': 130, 'y': 69}, {'x': 1395, 'y': 69}, {'x': 1395, 'y': 1001}, {'x': 130, 'y': 1001}]",4:3,horizontal,1555200,4:3,horizontal,1178980,0.7580889917695474,negative
negative_623.jpg,/kaggle/input/musait/dataset/basket/negative_623.jpg,1,"WEST END FINAL
Evening
LONDON
2012
Standard
LONDON, THURSDAY, 7 JULY 2005
www.thisislondon.co.uk
Incorporating THE EVENING NEWS
40p
SALE
TERROR
BOMBS
EXPLODE
ACROSS
LONDON
Many dead and injured
Blasts on Tubes and bus
Al Qaeda prime suspect
Soldiers patrol the streets
Entire city in gridlock
٠١١١١
Frost Newspapers
Horror: barefoot and bleeding, a commuter is led from Edgware Road station after attack
NIGHTMARE IN THE RUSH-HOUR — REPORTS AND PICTURES: PAGES 2, 3, 4, 5, 6, 7, 8, 9, 10 & 11","[{'x': 31, 'y': 36}, {'x': 1395, 'y': 36}, {'x': 1395, 'y': 1892}, {'x': 31, 'y': 1892}]",3:4,vertical,2697832,3:4,vertical,2531584,0.938377185829214,negative
negative_624.jpg,/kaggle/input/musait/dataset/basket/negative_624.jpg,1,"WEST END FINAL
Evening
LONDON
2012
Standard
LONDON, THURSDAY, 7 JULY 2005
www.thisislondon.co.uk
Incorporating THE EVENING NEWS
40p
SALE
TERROR
BOMBS
EXPLODE
ACROSS
LONDON
Many dead and injured
Blasts on Tubes and bus
Al Qaeda prime suspect
Soldiers patrol the streets
Entire city in gridlock
٠١١١١
Frost Newspapers
Horror: barefoot and bleeding, a commuter is led from Edgware Road station after attack
NIGHTMARE IN THE RUSH-HOUR — REPORTS AND PICTURES: PAGES 2, 3, 4, 5, 6, 7, 8, 9, 10 & 11","[{'x': 31, 'y': 36}, {'x': 1395, 'y': 36}, {'x': 1395, 'y': 1892}, {'x': 31, 'y': 1892}]",3:4,vertical,2697832,3:4,vertical,2531584,0.938377185829214,negative
negative_625.jpg,/kaggle/input/musait/dataset/basket/negative_625.jpg,1,"LICE
NYC BOMBING SUSPECT FACES FEDERAL TERROR CHARGES
NBC NEWS
CE","[{'x': 193, 'y': 598}, {'x': 1860, 'y': 598}, {'x': 1860, 'y': 958}, {'x': 193, 'y': 958}]",16:9,horizontal,2073600,Other,other,600120,0.2894097222222222,negative
negative_626.jpg,/kaggle/input/musait/dataset/basket/negative_626.jpg,1,"LICE
NYC BOMBING SUSPECT FACES FEDERAL TERROR CHARGES
NBC NEWS
CE","[{'x': 193, 'y': 598}, {'x': 1860, 'y': 598}, {'x': 1860, 'y': 958}, {'x': 193, 'y': 958}]",16:9,horizontal,2073600,Other,other,600120,0.2894097222222222,negative
negative_627.jpg,/kaggle/input/musait/dataset/basket/negative_627.jpg,1,"DANGER
TSUNAMI","[{'x': 79, 'y': 195}, {'x': 594, 'y': 195}, {'x': 594, 'y': 513}, {'x': 79, 'y': 513}]",4:3,horizontal,1920000,3:2,horizontal,163770,0.085296875,negative
negative_628.jpg,/kaggle/input/musait/dataset/basket/negative_628.jpg,1,"DANGER
TSUNAMI","[{'x': 79, 'y': 195}, {'x': 594, 'y': 195}, {'x': 594, 'y': 513}, {'x': 79, 'y': 513}]",4:3,horizontal,1920000,3:2,horizontal,163770,0.085296875,negative
negative_629.jpeg,/kaggle/input/musait/dataset/basket/negative_629.jpeg,1,"Cyclone Amphan
causes widespread
destruction in West Bengal
PTC
NEWS","[{'x': 127, 'y': 14}, {'x': 734, 'y': 14}, {'x': 734, 'y': 274}, {'x': 127, 'y': 274}]",16:9,horizontal,292500,21:9,horizontal,157820,0.5395555555555556,negative
negative_630.jpeg,/kaggle/input/musait/dataset/basket/negative_630.jpeg,1,"Cyclone Amphan
causes widespread
destruction in West Bengal
PTC
NEWS","[{'x': 127, 'y': 14}, {'x': 734, 'y': 14}, {'x': 734, 'y': 274}, {'x': 127, 'y': 274}]",16:9,horizontal,292500,21:9,horizontal,157820,0.5395555555555556,negative
negative_631.jpeg,/kaggle/input/musait/dataset/basket/negative_631.jpeg,1,"CYCLONE YAAS
LIVE UPDATES
KALINGA","[{'x': 117, 'y': 28}, {'x': 723, 'y': 28}, {'x': 723, 'y': 319}, {'x': 117, 'y': 319}]",16:9,horizontal,322500,2:1,horizontal,176346,0.5468093023255814,negative
negative_632.jpeg,/kaggle/input/musait/dataset/basket/negative_632.jpeg,1,"CYCLONE YAAS
LIVE UPDATES
KALINGA","[{'x': 117, 'y': 28}, {'x': 723, 'y': 28}, {'x': 723, 'y': 319}, {'x': 117, 'y': 319}]",16:9,horizontal,322500,2:1,horizontal,176346,0.5468093023255814,negative
negative_633.jpg,/kaggle/input/musait/dataset/basket/negative_633.jpg,1,"N
You're
FIRED!","[{'x': 78, 'y': 100}, {'x': 360, 'y': 100}, {'x': 360, 'y': 331}, {'x': 78, 'y': 331}]",1:1,box,374544,4:3,horizontal,65142,0.1739234909650134,negative
negative_634.jpg,/kaggle/input/musait/dataset/basket/negative_634.jpg,1,"www.WISHESMAGAZINE.COM
No matter how hard
I try to
make you happy
in the end
It's never good enough
because
I always end up
Broken.","[{'x': 3, 'y': 74}, {'x': 655, 'y': 74}, {'x': 655, 'y': 437}, {'x': 3, 'y': 437}]",3:2,horizontal,309141,16:9,horizontal,236676,0.7655923995846555,negative
negative_635.jpg,/kaggle/input/musait/dataset/basket/negative_635.jpg,1,"I WISH I COULD
JUST DISAPPEAR.
THE ROAD TRIP EXPERT","[{'x': 28, 'y': 99}, {'x': 471, 'y': 99}, {'x': 471, 'y': 732}, {'x': 28, 'y': 732}]",3:4,vertical,375000,3:4,vertical,280419,0.747784,negative
negative_636.jpg,/kaggle/input/musait/dataset/basket/negative_636.jpg,1,"It's amazing how someone
can break your heart and you can
still love them with all the little pieces.
WishesMsg.com","[{'x': 102, 'y': 205}, {'x': 642, 'y': 205}, {'x': 642, 'y': 478}, {'x': 102, 'y': 478}]",4:3,horizontal,313950,16:9,horizontal,147420,0.4695652173913043,negative
negative_637.jpg,/kaggle/input/musait/dataset/basket/negative_637.jpg,1,"We need to talk.
10:48.
dreamstime
It's not you. It's me.
12:53
You deserve better.
12:53","[{'x': 82, 'y': 84}, {'x': 541, 'y': 84}, {'x': 541, 'y': 461}, {'x': 82, 'y': 461}]",4:3,horizontal,436000,4:3,horizontal,173043,0.3968876146788991,negative
negative_638.jpg,/kaggle/input/musait/dataset/basket/negative_638.jpg,1,"My silence is
another word
for my pain.","[{'x': 18, 'y': 120}, {'x': 136, 'y': 120}, {'x': 136, 'y': 195}, {'x': 18, 'y': 195}]",1:1,box,50400,3:2,horizontal,8850,0.175595238095238,negative
negative_639.jpg,/kaggle/input/musait/dataset/basket/negative_639.jpg,1,"When I realized
we will not be together,
the pain and sorrow
flooded my heart
and I am drowning still.
LoveMessagesFromHeart.com","[{'x': 27, 'y': 15}, {'x': 508, 'y': 15}, {'x': 508, 'y': 363}, {'x': 27, 'y': 363}]",4:3,horizontal,204225,4:3,horizontal,167388,0.819625413147264,negative
negative_640.jpg,/kaggle/input/musait/dataset/basket/negative_640.jpg,1,"It's never the tear that
measures the pain; sometimes,
it's the smile we fake.
www.Funkylife.in","[{'x': 450, 'y': 409}, {'x': 1894, 'y': 409}, {'x': 1894, 'y': 1882}, {'x': 450, 'y': 1882}]",1:1,box,3686400,1:1,box,2127012,0.5769889322916667,negative
negative_641.jpg,/kaggle/input/musait/dataset/basket/negative_641.jpg,1,"If you love someone
more, he will hurt
you the most.
linepoetry.com","[{'x': 51, 'y': 40}, {'x': 301, 'y': 40}, {'x': 301, 'y': 375}, {'x': 51, 'y': 375}]",1:1,box,160801,3:4,vertical,83750,0.5208300943402093,negative
negative_642.jpg,/kaggle/input/musait/dataset/basket/negative_642.jpg,1,"I hate those days
where you don't
know why, but you
just feel sad.","[{'x': 11, 'y': 163}, {'x': 465, 'y': 163}, {'x': 465, 'y': 412}, {'x': 11, 'y': 412}]",1:1,box,260072,16:9,horizontal,113046,0.4346719370020609,negative
negative_643.jpg,/kaggle/input/musait/dataset/basket/negative_643.jpg,1,"PAIN CHANGES PEOPLE,
SOME BECOME RUDE AND
SOME BECOME SILENT.
QUOTESDIARY.COM","[{'x': 250, 'y': 108}, {'x': 985, 'y': 108}, {'x': 985, 'y': 782}, {'x': 250, 'y': 782}]",1:1,box,1000000,1:1,box,495390,0.49539,negative
negative_644.jpg,/kaggle/input/musait/dataset/basket/negative_644.jpg,1,"People keep telling
me that life goes on,
but to me that's the
saddest part.
scrolldroll.com","[{'x': 47, 'y': 126}, {'x': 899, 'y': 126}, {'x': 899, 'y': 590}, {'x': 47, 'y': 590}]",3:2,horizontal,540000,16:9,horizontal,395328,0.7320888888888889,negative
negative_645.jpg,/kaggle/input/musait/dataset/basket/negative_645.jpg,1,"Sad people love the rain
because they are
no longer crying along.
TrueShayari.in","[{'x': 34, 'y': 58}, {'x': 621, 'y': 58}, {'x': 621, 'y': 403}, {'x': 34, 'y': 403}]",3:2,horizontal,263040,Other,other,202515,0.7699019160583942,negative
negative_646.JPG,/kaggle/input/musait/dataset/basket/negative_646.JPG,1,"Sorry..
My mistake for
thinking you loved
me.
allpoetrylife.com","[{'x': 335, 'y': 270}, {'x': 623, 'y': 270}, {'x': 623, 'y': 578}, {'x': 335, 'y': 578}]",1:1,box,384000,1:1,box,88704,0.231,negative
negative_647.jpg,/kaggle/input/musait/dataset/basket/negative_647.jpg,1,"The saddest part in life is saying
goodbye to someone you wish
to spend your lifetime with.
FunZumo.com","[{'x': 99, 'y': 291}, {'x': 887, 'y': 291}, {'x': 887, 'y': 559}, {'x': 99, 'y': 559}]",Other,other,600000,Other,other,211184,0.3519733333333333,negative
negative_648.jpg,/kaggle/input/musait/dataset/basket/negative_648.jpg,1,"You don't always have to pretend to be strong.
There is no need to prove all the time that
everything is going well.","[{'x': 195, 'y': 23}, {'x': 1311, 'y': 23}, {'x': 1311, 'y': 191}, {'x': 195, 'y': 191}]",4:3,horizontal,1920000,Other,other,187488,0.09765,negative
negative_649.jpg,/kaggle/input/musait/dataset/basket/negative_649.jpg,1,"Where
there is
LOVE,
there is
PAIN
SPADEQUOTES.COM","[{'x': 415, 'y': 200}, {'x': 593, 'y': 200}, {'x': 593, 'y': 691}, {'x': 415, 'y': 691}]",1:1,box,518400,2:5,vertical,87398,0.1685918209876543,negative
negative_650.jpg,/kaggle/input/musait/dataset/basket/negative_650.jpg,1,"69status.srkh.in
Things change. And
friends leave. Life
doesn't stop for
anybody.","[{'x': 21, 'y': 24}, {'x': 1128, 'y': 24}, {'x': 1128, 'y': 672}, {'x': 21, 'y': 672}]",1:1,box,2624400,Other,other,717336,0.2733333333333333,negative
negative_651.jpg,/kaggle/input/musait/dataset/basket/negative_651.jpg,1,"Hurt
Some people hurt by words
some by actions and
some by silence
But the biggest hurt is
that someone ignoring us when
we value them alot
(heart Broken Words)","[{'x': 52, 'y': 76}, {'x': 420, 'y': 76}, {'x': 420, 'y': 427}, {'x': 52, 'y': 427}]",3:4,vertical,279543,1:1,box,129168,0.4620684474302701,negative
negative_652.jpg,/kaggle/input/musait/dataset/basket/negative_652.jpg,1,"ShareChat
@Dharshini
When i am
Silent..
I talk with my
pain..
Instagram Brokenquotes.in","[{'x': 95, 'y': 36}, {'x': 670, 'y': 36}, {'x': 670, 'y': 613}, {'x': 95, 'y': 613}]",1:1,box,541440,1:1,box,331775,0.6127641105200946,negative
negative_653.jpg,/kaggle/input/musait/dataset/basket/negative_653.jpg,1,"66
A part of
me has
departed
with you.
LOVE KNOW","[{'x': 228, 'y': 89}, {'x': 300, 'y': 89}, {'x': 300, 'y': 220}, {'x': 228, 'y': 220}]",3:2,horizontal,77180,2:3,vertical,9432,0.1222078258616221,negative
negative_654.jpg,/kaggle/input/musait/dataset/basket/negative_654.jpg,1,"Lost myself trying
to please everyone,
now I'm losing
everyone else
trying to find
myself.
www.LUVZE.com","[{'x': 135, 'y': 105}, {'x': 633, 'y': 105}, {'x': 633, 'y': 624}, {'x': 135, 'y': 624}]",1:1,box,562500,1:1,box,258462,0.459488,negative
negative_655.jpg,/kaggle/input/musait/dataset/basket/negative_655.jpg,1,"I REALLY WANT
TO BE HAPPY,
BUT THERE'S SOMETHING
INSIDE ME
THAT SCREMS
""YOU DONT DESERVE IT”","[{'x': 9, 'y': 53}, {'x': 558, 'y': 53}, {'x': 558, 'y': 378}, {'x': 9, 'y': 378}]",3:4,vertical,403200,Other,other,178425,0.4425223214285714,negative
negative_656.jpg,/kaggle/input/musait/dataset/basket/negative_656.jpg,1,"Sometimes
it's better to be
alone nobody
can hurt you.","[{'x': 23, 'y': 79}, {'x': 632, 'y': 79}, {'x': 632, 'y': 672}, {'x': 23, 'y': 672}]",1:1,box,974169,1:1,box,361137,0.3707128845200371,negative
negative_657.jpg,/kaggle/input/musait/dataset/basket/negative_657.jpg,1,"DON'T LET YOUR HAPPINESS
DEPEND ON SOMETHING
YOU MAY LOSE.","[{'x': 69, 'y': 98}, {'x': 1012, 'y': 98}, {'x': 1012, 'y': 254}, {'x': 69, 'y': 254}]",1:1,box,1166400,Other,other,147108,0.1261213991769547,negative
negative_658.jpg,/kaggle/input/musait/dataset/basket/negative_658.jpg,1,"UniGreet.com
Trust me,
I will never come into your life,
If you feel better without me.","[{'x': 13, 'y': 3}, {'x': 954, 'y': 3}, {'x': 954, 'y': 1008}, {'x': 13, 'y': 1008}]",1:1,box,987136,1:1,box,945705,0.9580290861644192,negative
negative_659.jpg,/kaggle/input/musait/dataset/basket/negative_659.jpg,1,"I really want to talk to
someone about my thoughts
and feelings but I can't.
@QUOTESJIN.COM","[{'x': 54, 'y': 154}, {'x': 470, 'y': 154}, {'x': 470, 'y': 430}, {'x': 54, 'y': 430}]",4:3,horizontal,247500,3:2,horizontal,114816,0.4639030303030303,negative
negative_660.jpg,/kaggle/input/musait/dataset/basket/negative_660.jpg,1,"24 PEOPLE
DIED OF
SPURIOUS
ALCOHOL IN
DRY
GUJARAT
WWW.ZEENEWS.COM
NEWS
INGLISH
NEWS","[{'x': 2, 'y': 3}, {'x': 297, 'y': 3}, {'x': 297, 'y': 166}, {'x': 2, 'y': 166}]",16:9,horizontal,50400,16:9,horizontal,48085,0.9540674603174604,negative
negative_661.jpg,/kaggle/input/musait/dataset/basket/negative_661.jpg,1,"HW
11 DIED OF HEATSTROKE AT A
MAHARASHTRA STATE EVENT","[{'x': 40, 'y': 49}, {'x': 785, 'y': 49}, {'x': 785, 'y': 496}, {'x': 40, 'y': 496}]",16:9,horizontal,518400,Other,other,333015,0.6423900462962963,negative
negative_662.jpg,/kaggle/input/musait/dataset/basket/negative_662.jpg,1,"WALL COLLAPSED,
9 PEOPLE DIED IN LUCKNOW
Oneindia English","[{'x': 6, 'y': 13}, {'x': 1154, 'y': 13}, {'x': 1154, 'y': 692}, {'x': 6, 'y': 692}]",16:9,horizontal,921600,Other,other,779492,0.8458029513888888,negative
negative_663.jpg,/kaggle/input/musait/dataset/basket/negative_663.jpg,1,"HW
NEPAL CRASH: DOZENS KILLED AS PLANE
CRASHES NEAR POKHARA AIRPORT","[{'x': 35, 'y': 50}, {'x': 918, 'y': 50}, {'x': 918, 'y': 485}, {'x': 35, 'y': 485}]",16:9,horizontal,518400,16:9,horizontal,384105,0.740943287037037,negative
negative_664.jpg,/kaggle/input/musait/dataset/basket/negative_664.jpg,1,"AMP drive
वर्ष 59
12 PEOPLE DIED IN THE
INDORE TEMPLE INCIDENT
Oneindia English
13","[{'x': 22, 'y': 4}, {'x': 1249, 'y': 4}, {'x': 1249, 'y': 678}, {'x': 22, 'y': 678}]",16:9,horizontal,921600,16:9,horizontal,826998,0.8973502604166667,negative
negative_665.jpg,/kaggle/input/musait/dataset/basket/negative_665.jpg,1,"UTTARAKHAND: 26 PILGRIMS
DEAD IN TRAGEDY
MIRROR
NOW","[{'x': 11, 'y': 9}, {'x': 388, 'y': 9}, {'x': 388, 'y': 215}, {'x': 11, 'y': 215}]",16:9,horizontal,90000,16:9,horizontal,77662,0.8629111111111111,negative
negative_666.jpg,/kaggle/input/musait/dataset/basket/negative_666.jpg,1,"PAKISTAN: BLAST IN PESHAWAR;
25 KILLED, 150 INJURED
MIRROR
NOW","[{'x': 15, 'y': 5}, {'x': 367, 'y': 5}, {'x': 367, 'y': 213}, {'x': 15, 'y': 213}]",16:9,horizontal,90000,Other,other,73216,0.8135111111111111,negative
negative_667.jpg,/kaggle/input/musait/dataset/basket/negative_667.jpg,1,"masaha
KUWAIT LATEST
NEWS
1 dead, 1 injured in two-vehicle
collision on Ta'awen Road","[{'x': 66, 'y': 58}, {'x': 868, 'y': 58}, {'x': 868, 'y': 943}, {'x': 66, 'y': 943}]",1:1,box,1166400,1:1,box,709770,0.6085133744855967,negative
negative_668.jpg,/kaggle/input/musait/dataset/basket/negative_668.jpg,1,"TIMES
NOW
AMBULANCE
AMBULANCE RUNS OUT FUEL
PATIENT LOSES LIFE","[{'x': 3, 'y': 8}, {'x': 392, 'y': 8}, {'x': 392, 'y': 220}, {'x': 3, 'y': 220}]",16:9,horizontal,90000,16:9,horizontal,82468,0.9163111111111112,negative
negative_669.jpg,/kaggle/input/musait/dataset/basket/negative_669.jpg,1,"35 PEOPLE DEAD IN MORBI
CABLE BRIDGE COLLAPSE
TIMES
NOW","[{'x': 24, 'y': 29}, {'x': 1253, 'y': 29}, {'x': 1253, 'y': 682}, {'x': 24, 'y': 682}]",16:9,horizontal,921600,16:9,horizontal,802537,0.8708083767361111,negative
negative_670.jpg,/kaggle/input/musait/dataset/basket/negative_670.jpg,1,"GUJARAT BRIDGE******
COLLAPSE LIVE
INDIA
TODAY","[{'x': 9, 'y': 13}, {'x': 304, 'y': 13}, {'x': 304, 'y': 142}, {'x': 9, 'y': 142}]",16:9,horizontal,57600,21:9,horizontal,38055,0.6606770833333333,negative
negative_671.jpg,/kaggle/input/musait/dataset/basket/negative_671.jpg,1,"BREAKING-
INDIA BRIDGE COLLAPSE","[{'x': 38, 'y': 481}, {'x': 1040, 'y': 481}, {'x': 1040, 'y': 681}, {'x': 38, 'y': 681}]",16:9,horizontal,921600,Other,other,200400,0.2174479166666666,negative
negative_672.jpg,/kaggle/input/musait/dataset/basket/negative_672.jpg,1,"HURRICANE FIONA DEVASTATING U.S.
田
INDIA
TODAY
NEWS
MO
THE
E HOUSE
INGTON","[{'x': 41, 'y': 47}, {'x': 1241, 'y': 47}, {'x': 1241, 'y': 662}, {'x': 41, 'y': 662}]",16:9,horizontal,921600,16:9,horizontal,738000,0.80078125,negative
negative_673.jpg,/kaggle/input/musait/dataset/basket/negative_673.jpg,1,"LATEST
NEWS E
DEATH TOLL RISES
WORLD BANK $1.7B
EARTHQUAKE AID
NEWS","[{'x': 23, 'y': 34}, {'x': 923, 'y': 34}, {'x': 923, 'y': 703}, {'x': 23, 'y': 703}]",16:9,horizontal,921600,4:3,horizontal,602100,0.6533203125,negative
negative_674.jpg,/kaggle/input/musait/dataset/basket/negative_674.jpg,1,"DEADLY
QUAKE
:::9
NEWS","[{'x': 18, 'y': 49}, {'x': 666, 'y': 49}, {'x': 666, 'y': 704}, {'x': 18, 'y': 704}]",16:9,horizontal,921600,1:1,box,424440,0.460546875,negative
negative_675.jpg,/kaggle/input/musait/dataset/basket/negative_675.jpg,1,"OVER 4,000
KILLED IN TURKEY
NEWS 18
OLIVE","[{'x': 0, 'y': 3}, {'x': 313, 'y': 3}, {'x': 313, 'y': 172}, {'x': 0, 'y': 172}]",16:9,horizontal,57600,16:9,horizontal,52897,0.9183506944444444,negative
negative_676.jpg,/kaggle/input/musait/dataset/basket/negative_676.jpg,1,"HELPLESS
TURKEY,
SYRIA
STARE AT
RISING
DEATH
TOLL
ITFA","[{'x': 34, 'y': 34}, {'x': 1278, 'y': 34}, {'x': 1278, 'y': 683}, {'x': 34, 'y': 683}]",16:9,horizontal,921600,16:9,horizontal,807356,0.8760373263888889,negative
negative_677.jpg,/kaggle/input/musait/dataset/basket/negative_677.jpg,1,"TURKEY-SYRIA
EARTHQUAKE
APPEAL
DEC","[{'x': 31, 'y': 18}, {'x': 144, 'y': 18}, {'x': 144, 'y': 128}, {'x': 31, 'y': 128}]",21:9,horizontal,50464,1:1,box,12430,0.2463142041851617,negative
negative_678.jpeg,/kaggle/input/musait/dataset/basket/negative_678.jpeg,1,"yun
TURKEY & SYRIA
EARTHQUAKE
EMERGENCY
DONATE NOW","[{'x': 31, 'y': 32}, {'x': 264, 'y': 32}, {'x': 264, 'y': 173}, {'x': 31, 'y': 173}]",4:3,horizontal,50350,Other,other,32853,0.6524925521350546,negative
negative_679.jpg,/kaggle/input/musait/dataset/basket/negative_679.jpg,1,"SAD REALITY
GOVERNMENT TODAY'S CURRENCY
@successpictures
@suce spictures
@successpictures
@successpictures","[{'x': 55, 'y': 21}, {'x': 1238, 'y': 21}, {'x': 1238, 'y': 586}, {'x': 55, 'y': 586}]",16:9,horizontal,921600,2:1,horizontal,668395,0.7252549913194445,negative
negative_680.jpg,/kaggle/input/musait/dataset/basket/negative_680.jpg,1,"MIND JOURNAL
""What is Pain?""
The moment when you realize that
you were nothing to those,
who you valued the most.
The Minds Journal
NDJOURNAL","[{'x': 79, 'y': 34}, {'x': 627, 'y': 34}, {'x': 627, 'y': 536}, {'x': 79, 'y': 536}]",1:1,box,490000,1:1,box,275096,0.5614204081632653,negative
negative_681.jpg,/kaggle/input/musait/dataset/basket/negative_681.jpg,1,"I AM NOT FEELING ANYTHING,
I AM COMPLETELY
EMPTY RIGHT NOW
IT IS MAKING ME
DEPRESSED.
QuotesLifetime.com","[{'x': 99, 'y': 106}, {'x': 611, 'y': 106}, {'x': 611, 'y': 486}, {'x': 99, 'y': 486}]",1:1,box,490000,4:3,horizontal,194560,0.3970612244897959,negative
negative_682.jpg,/kaggle/input/musait/dataset/basket/negative_682.jpg,1,"UG
TIME DOESN'T REALLY HEAL
THE HEART. IT JUST MAKES THE
HEART FORGET ALL THE PAIN.
www.Funylife.in","[{'x': 181, 'y': 522}, {'x': 986, 'y': 522}, {'x': 986, 'y': 1000}, {'x': 181, 'y': 1000}]",1:1,box,1048576,Other,other,384790,0.3669643402099609,negative
negative_683.jpg,/kaggle/input/musait/dataset/basket/negative_683.jpg,1,"When it hasn't been your day, your
week, your month or even your year.
MORE","[{'x': 26, 'y': 4}, {'x': 749, 'y': 4}, {'x': 749, 'y': 743}, {'x': 26, 'y': 743}]",1:1,box,567000,1:1,box,534297,0.9423227513227512,negative
negative_684.jpg,/kaggle/input/musait/dataset/basket/negative_684.jpg,1,"WHAT ARE YOUR PLANS
AFTER THE WAR?
GOT A JOB WITH THE AMERICANS
...DEPARTMENT OF EDUCATION
imgflip.com","[{'x': 3, 'y': 12}, {'x': 640, 'y': 12}, {'x': 640, 'y': 497}, {'x': 3, 'y': 497}]",4:3,horizontal,326845,4:3,horizontal,308945,0.9452339794092,negative
negative_685.jpg,/kaggle/input/musait/dataset/basket/negative_685.jpg,1,"TRUST ON GIRLS?
NO CHANCE
HAPPY-WISHES.NET","[{'x': 103, 'y': 4}, {'x': 471, 'y': 4}, {'x': 471, 'y': 242}, {'x': 103, 'y': 242}]",16:9,horizontal,118096,3:2,horizontal,87584,0.7416339249424198,negative
negative_686.jpg,/kaggle/input/musait/dataset/basket/negative_686.jpg,1,"I'M NOT RACIST
SOME OF MY BEST SLAVES ARE
BROWN
aussiememes.com.au","[{'x': 42, 'y': 15}, {'x': 597, 'y': 15}, {'x': 597, 'y': 408}, {'x': 42, 'y': 408}]",4:3,horizontal,246600,4:3,horizontal,218115,0.8844890510948905,negative
negative_687.jpg,/kaggle/input/musait/dataset/basket/negative_687.jpg,1,"Mood swings do not
respect status:
individuals from all
walks of life and
social backgrounds
are equally likely to
be affected.
- JAN SCOTT","[{'x': 88, 'y': 157}, {'x': 821, 'y': 157}, {'x': 821, 'y': 824}, {'x': 88, 'y': 824}]",16:9,horizontal,1440000,1:1,box,488911,0.3395215277777778,negative
negative_688.jpg,/kaggle/input/musait/dataset/basket/negative_688.jpg,1,"""The key to
emotional
enlightenment is the
knowledge that
only your thoughts
can affect your
moods.
-DAVID D. BURNS","[{'x': 752, 'y': 89}, {'x': 1531, 'y': 89}, {'x': 1531, 'y': 814}, {'x': 752, 'y': 814}]",16:9,horizontal,1440000,1:1,box,564775,0.3922048611111111,negative
negative_689.jpg,/kaggle/input/musait/dataset/basket/negative_689.jpg,1,"My silence meaning that my
mood is off
quotesove.com","[{'x': 152, 'y': 341}, {'x': 1267, 'y': 341}, {'x': 1267, 'y': 718}, {'x': 152, 'y': 718}]",16:9,horizontal,934400,Other,other,420355,0.4498662243150685,negative
negative_690.jpg,/kaggle/input/musait/dataset/basket/negative_690.jpg,1,"63
Accepted it already,
but it still makes me sad.
www.bigenter.info","[{'x': 179, 'y': 397}, {'x': 762, 'y': 397}, {'x': 762, 'y': 787}, {'x': 179, 'y': 787}]",4:3,horizontal,740720,3:2,horizontal,227370,0.3069580948266551,negative
negative_691.jpg,/kaggle/input/musait/dataset/basket/negative_691.jpg,1,"65
Missing you comes in waves.
Tonight I'm drowning.
www.bigenter.info","[{'x': 122, 'y': 392}, {'x': 802, 'y': 392}, {'x': 802, 'y': 787}, {'x': 122, 'y': 787}]",4:3,horizontal,740720,Other,other,268600,0.3626201533642942,negative
negative_692.jpg,/kaggle/input/musait/dataset/basket/negative_692.jpg,1,"Sometimes, Crying
is the only way your
eyes speak when
your mouth can't
explain how broken
your heart is.","[{'x': 91, 'y': 407}, {'x': 616, 'y': 407}, {'x': 616, 'y': 834}, {'x': 91, 'y': 834}]",1:1,box,1166400,4:3,horizontal,224175,0.1921939300411522,negative
negative_693.jpg,/kaggle/input/musait/dataset/basket/negative_693.jpg,1,"Sometimes it's hard to smile
when you feel like crying inside.
www.Attitudecaption.com","[{'x': 27, 'y': 707}, {'x': 968, 'y': 707}, {'x': 968, 'y': 926}, {'x': 27, 'y': 926}]",1:1,box,1000000,Other,other,206079,0.206079,negative
negative_694.jpg,/kaggle/input/musait/dataset/basket/negative_694.jpg,1,"You promised not
to let me drown.
http://captionsgram.com","[{'x': 14, 'y': 13}, {'x': 465, 'y': 13}, {'x': 465, 'y': 316}, {'x': 14, 'y': 316}]",3:2,horizontal,165000,3:2,horizontal,136653,0.8282,negative
negative_695.jpg,/kaggle/input/musait/dataset/basket/negative_695.jpg,1,"Fear is the path to the dark
side. Fear leads to anger.
Anger leads to hate. Hate
leads to suffering.
- Yoda","[{'x': 717, 'y': 176}, {'x': 1268, 'y': 176}, {'x': 1268, 'y': 562}, {'x': 717, 'y': 562}]",16:9,horizontal,921600,4:3,horizontal,212686,0.2307790798611111,negative
negative_696.jpg,/kaggle/input/musait/dataset/basket/negative_696.jpg,1,"DELHI SHAHBAD MURDER CASE
LIVE UPDATES
LA
CALIFORNIA
RELEADER
GENERATION
INDIATV
indiatv.in","[{'x': 154, 'y': 20}, {'x': 1192, 'y': 20}, {'x': 1192, 'y': 674}, {'x': 154, 'y': 674}]",16:9,horizontal,810000,3:2,horizontal,678852,0.8380888888888889,negative
negative_697.jpg,/kaggle/input/musait/dataset/basket/negative_697.jpg,1,"E
WHO'S THE ACCUSED
IN DELHI MURDER CASE?","[{'x': 52, 'y': 67}, {'x': 1205, 'y': 67}, {'x': 1205, 'y': 688}, {'x': 52, 'y': 688}]",16:9,horizontal,921600,16:9,horizontal,716013,0.776923828125,negative
negative_698.jpg,/kaggle/input/musait/dataset/basket/negative_698.jpg,1,"WHO WAS THE HYDERABAD
WOMAN KILLED IN LONDON?
ΤΟΙ","[{'x': 4, 'y': 33}, {'x': 378, 'y': 33}, {'x': 378, 'y': 187}, {'x': 4, 'y': 187}]",16:9,horizontal,90000,21:9,horizontal,57596,0.6399555555555556,negative
negative_699.jpg,/kaggle/input/musait/dataset/basket/negative_699.jpg,1,"JURY SELECTION FOR
MURDER CASE
TRUE CRIME
ARIZONA","[{'x': 28, 'y': 110}, {'x': 279, 'y': 110}, {'x': 279, 'y': 142}, {'x': 28, 'y': 142}]",16:9,horizontal,50400,Other,other,8032,0.1593650793650793,negative
negative_700.jpg,/kaggle/input/musait/dataset/basket/negative_700.jpg,1,"TOI
DELHI TEEN MURDER: COPS
RECOVER MURDER WEAPON","[{'x': 22, 'y': 14}, {'x': 339, 'y': 14}, {'x': 339, 'y': 206}, {'x': 22, 'y': 206}]",16:9,horizontal,90000,Other,other,60864,0.6762666666666667,negative
negative_701.jpg,/kaggle/input/musait/dataset/basket/negative_701.jpg,1,"NEWS
EPICENTRE
KILLED, CHOPPED, DUMPED
BONE-CHILLING
DELHI MURDER PLOT
ON CAN NEWS 18","[{'x': 465, 'y': 41}, {'x': 1139, 'y': 41}, {'x': 1139, 'y': 680}, {'x': 465, 'y': 680}]",16:9,horizontal,921600,1:1,box,430686,0.46732421875,negative
negative_702.jpg,/kaggle/input/musait/dataset/basket/negative_702.jpg,1,"BUTCHERED & BETRAYED
LIVE FROM THE
BIGGEST KILLER'S DEN
EXCLUSIVE
TONIGHT","[{'x': 56, 'y': 374}, {'x': 1166, 'y': 374}, {'x': 1166, 'y': 676}, {'x': 56, 'y': 676}]",16:9,horizontal,921600,Other,other,335220,0.3637369791666666,negative
negative_703.jpg,/kaggle/input/musait/dataset/basket/negative_703.jpg,1,"DUNE DO NOT
MURDER","[{'x': 74, 'y': 3}, {'x': 273, 'y': 3}, {'x': 273, 'y': 135}, {'x': 74, 'y': 135}]",16:9,horizontal,50232,3:2,horizontal,26268,0.5229335881509795,negative
negative_704.jpg,/kaggle/input/musait/dataset/basket/negative_704.jpg,1,"ROSS
LINE DO NOT CROSS
POLICE LINE DO NOT CE
MURDER
IN THE
NEWS
AN INSIDE LOOK AT HOW
TELEVISION COVERS CRIME
ROBERT H. JORDAN JR.
Anchor/Reporter, WGN Television, Chicago","[{'x': 47, 'y': 245}, {'x': 662, 'y': 245}, {'x': 662, 'y': 938}, {'x': 47, 'y': 938}]",3:4,vertical,667000,1:1,box,426195,0.6389730134932534,negative
negative_705.jpg,/kaggle/input/musait/dataset/basket/negative_705.jpg,1,"18
NEWS
PROBE DEEPENS IN
SHAHABAD MURDER","[{'x': 4, 'y': 54}, {'x': 1234, 'y': 54}, {'x': 1234, 'y': 692}, {'x': 4, 'y': 692}]",16:9,horizontal,921600,16:9,horizontal,784740,0.8514973958333333,negative
negative_706.jpg,/kaggle/input/musait/dataset/basket/negative_706.jpg,1,"BJP LEADER'S SON ARRESTED FOR
MURDER, RESORT DEMOLISHED
Oneindia English","[{'x': 6, 'y': 19}, {'x': 1249, 'y': 19}, {'x': 1249, 'y': 692}, {'x': 6, 'y': 692}]",16:9,horizontal,921600,16:9,horizontal,836539,0.9077029079861112,negative
negative_707.jpg,/kaggle/input/musait/dataset/basket/negative_707.jpg,1,"NEWS 18
POLICE RECOVERS MORE
HAN 13 BODY PARTS","[{'x': 0, 'y': 11}, {'x': 289, 'y': 11}, {'x': 289, 'y': 162}, {'x': 0, 'y': 162}]",Other,other,50460,16:9,horizontal,43639,0.8648236226714229,negative
negative_708.jpg,/kaggle/input/musait/dataset/basket/negative_708.jpg,1,"3 MAIN ACCUSED
ARRESTED IN BJYM CASE
NEWS 18","[{'x': 36, 'y': 43}, {'x': 1257, 'y': 43}, {'x': 1257, 'y': 630}, {'x': 36, 'y': 630}]",16:9,horizontal,921600,2:1,horizontal,716727,0.7776985677083333,negative
negative_709.jpg,/kaggle/input/musait/dataset/basket/negative_709.jpg,1,"WHO KILLED
SONALI PHOGAT?
18
NEWS","[{'x': 15, 'y': 13}, {'x': 1268, 'y': 13}, {'x': 1268, 'y': 667}, {'x': 15, 'y': 667}]",16:9,horizontal,921600,16:9,horizontal,819462,0.8891731770833333,negative
negative_710.jpg,/kaggle/input/musait/dataset/basket/negative_710.jpg,1,"News
WATCH: Social media
influencer criticised for video
reenacting true murder case","[{'x': 14, 'y': 32}, {'x': 210, 'y': 32}, {'x': 210, 'y': 203}, {'x': 14, 'y': 203}]",1:1,box,50625,1:1,box,33516,0.6620444444444444,negative
negative_711.jpg,/kaggle/input/musait/dataset/basket/negative_711.jpg,1,"NATURAL DISASTERS
THAT SHOOK WORLD IN
2022
INDIATV
indiatvnews.com","[{'x': 331, 'y': 22}, {'x': 1183, 'y': 22}, {'x': 1183, 'y': 281}, {'x': 331, 'y': 281}]",16:9,horizontal,810000,Other,other,220668,0.2724296296296296,negative
negative_712.jpg,/kaggle/input/musait/dataset/basket/negative_712.jpg,1,"British Red Cros
NATURAL DISASTERS:
EARTHQUAKES
Refusing to people inci","[{'x': 11, 'y': 7}, {'x': 255, 'y': 7}, {'x': 255, 'y': 185}, {'x': 11, 'y': 185}]",4:3,horizontal,50463,4:3,horizontal,43432,0.8606701940035273,negative
negative_713.jpg,/kaggle/input/musait/dataset/basket/negative_713.jpg,1,"NATURAL DISASTERS OF THIS YEAR
dea
INDIA
TODAY
NEWS
MO","[{'x': 46, 'y': 40}, {'x': 1146, 'y': 40}, {'x': 1146, 'y': 621}, {'x': 46, 'y': 621}]",16:9,horizontal,810000,16:9,horizontal,639100,0.7890123456790124,negative
negative_714.jpg,/kaggle/input/musait/dataset/basket/negative_714.jpg,1,"DNA
NATURAL
DISASTERS IN
2022: INDIA
LOST 1,098 LIVES","[{'x': 1, 'y': 7}, {'x': 173, 'y': 7}, {'x': 173, 'y': 154}, {'x': 1, 'y': 154}]",16:9,horizontal,57600,5:4,horizontal,25284,0.4389583333333333,negative
negative_715.jpg,/kaggle/input/musait/dataset/basket/negative_715.jpg,1,"WHAT HAPPENED IN THE WORLD?
01-07 MAY 2022","[{'x': 17, 'y': 48}, {'x': 653, 'y': 48}, {'x': 653, 'y': 187}, {'x': 17, 'y': 187}]",16:9,horizontal,921600,Other,other,88404,0.0959244791666666,negative
negative_716.jpg,/kaggle/input/musait/dataset/basket/negative_716.jpg,1,"Natural disasters in 2021
one of costliest years on record","[{'x': 116, 'y': 754}, {'x': 1751, 'y': 754}, {'x': 1751, 'y': 962}, {'x': 116, 'y': 962}]",16:9,horizontal,2073600,Other,other,340080,0.1640046296296296,negative
negative_717.jpg,/kaggle/input/musait/dataset/basket/negative_717.jpg,1,"DW
Australia flooding a
'once in a century event'","[{'x': 85, 'y': 88}, {'x': 1227, 'y': 88}, {'x': 1227, 'y': 652}, {'x': 85, 'y': 652}]",16:9,horizontal,921600,16:9,horizontal,644088,0.6988802083333333,negative
negative_718.jpg,/kaggle/input/musait/dataset/basket/negative_718.jpg,1,Flood in Nepal,"[{'x': 342, 'y': 834}, {'x': 1461, 'y': 834}, {'x': 1461, 'y': 1003}, {'x': 342, 'y': 1003}]",16:9,horizontal,2073600,Other,other,189111,0.0911993634259259,negative
negative_719.jpg,/kaggle/input/musait/dataset/basket/negative_719.jpg,1,"TVC NEWS
NEWS@NIGERIA BATTLES WORST
10PM
FLOODS","[{'x': 13, 'y': 36}, {'x': 963, 'y': 36}, {'x': 963, 'y': 702}, {'x': 13, 'y': 702}]",16:9,horizontal,921600,4:3,horizontal,632700,0.6865234375,negative
negative_720.jpg,/kaggle/input/musait/dataset/basket/negative_720.jpg,1,"BREAKING
NEWS
ASSAM'S
SUBANSIRI DAM
DAMAGED AFTER
HEAVY RAINS
MIRROR
NOW","[{'x': 19, 'y': 8}, {'x': 347, 'y': 8}, {'x': 347, 'y': 152}, {'x': 19, 'y': 152}]",16:9,horizontal,71800,21:9,horizontal,47232,0.6578272980501393,negative
negative_721.jpg,/kaggle/input/musait/dataset/basket/negative_721.jpg,1,"NATURAL
DISASTERS THAT
SHOOK INDIA
AND REST OF THE
WORLD THIS
YEAR
NH
India","[{'x': 34, 'y': 27}, {'x': 1893, 'y': 27}, {'x': 1893, 'y': 1039}, {'x': 34, 'y': 1039}]",16:9,horizontal,2073600,16:9,horizontal,1881308,0.9072665895061728,negative
negative_722.jpg,/kaggle/input/musait/dataset/basket/negative_722.jpg,1,"BEYOND THE
HEADLINE
WITH TAMANNA INAMDAR
DEBT
USA STARING AT FINANCIAL
DISASTER?
MIRROR
NOW","[{'x': 27, 'y': 15}, {'x': 1262, 'y': 15}, {'x': 1262, 'y': 666}, {'x': 27, 'y': 666}]",16:9,horizontal,921600,16:9,horizontal,803985,0.8723795572916667,negative
negative_723.jpg,/kaggle/input/musait/dataset/basket/negative_723.jpg,1,"MYANMAR DECLARES RAKHINE
A NATIONAL DISASTER AREA
Oneindia English","[{'x': 33, 'y': 2}, {'x': 1257, 'y': 2}, {'x': 1257, 'y': 673}, {'x': 33, 'y': 673}]",16:9,horizontal,921600,16:9,horizontal,821304,0.891171875,negative
negative_724.jpg,/kaggle/input/musait/dataset/basket/negative_724.jpg,1,"CYCLONE TAUKTAE
UPDATES:
IMD ISSUES ALERT FOR
GUJARAT, KERALA,
KARNATAKA, GOA AND
MAHARASHTRA, LIKELY
TO INTENSIFY BY
MONDAY EVENING","[{'x': 163, 'y': 42}, {'x': 266, 'y': 42}, {'x': 266, 'y': 157}, {'x': 163, 'y': 157}]",3:2,horizontal,50414,1:1,box,11845,0.2349545761098107,negative
negative_725.jpg,/kaggle/input/musait/dataset/basket/negative_725.jpg,1,"CYCLONE TAUKTAE MAKES LANDFALL IN GUJARAT,
CAUSES DESTRUCTION ON MAHA COAST","[{'x': 35, 'y': 515}, {'x': 1095, 'y': 515}, {'x': 1095, 'y': 623}, {'x': 35, 'y': 623}]",16:9,horizontal,921600,Other,other,114480,0.12421875,negative
negative_726.jpg,/kaggle/input/musait/dataset/basket/negative_726.jpg,1,"@indiafirst.news
INDIA
FIRST
03:55PM
Image Source: ommcomnews
Maharashtra Braces for Fury of Cyclone
Tauktae
BREAKING NEWS","[{'x': 14, 'y': 361}, {'x': 1182, 'y': 361}, {'x': 1182, 'y': 611}, {'x': 14, 'y': 611}]",16:9,horizontal,753600,Other,other,292000,0.3874734607218684,negative
negative_727.jpg,/kaggle/input/musait/dataset/basket/negative_727.jpg,1,"A strong earthquake of magnitude
7 has hit Turkey and Greece
ZEE","[{'x': 7, 'y': 16}, {'x': 259, 'y': 16}, {'x': 259, 'y': 152}, {'x': 7, 'y': 152}]",16:9,horizontal,50490,16:9,horizontal,34272,0.6787878787878788,negative
negative_728.jpg,/kaggle/input/musait/dataset/basket/negative_728.jpg,1,"obc NEWS SPECIAL REPORT
TWO BOMB EXPLOSIONS AT
THE BOSTON MARATHON
adidas","[{'x': 56, 'y': 448}, {'x': 703, 'y': 448}, {'x': 703, 'y': 598}, {'x': 56, 'y': 598}]",4:3,horizontal,479400,Other,other,97050,0.2024405506883604,negative
negative_729.jpg,/kaggle/input/musait/dataset/basket/negative_729.jpg,1,"GOVT DEPLOYS FORCES
AHEAD OF LANDFALL
TIMES
NOW","[{'x': 6, 'y': 7}, {'x': 352, 'y': 7}, {'x': 352, 'y': 185}, {'x': 6, 'y': 185}]",16:9,horizontal,72000,16:9,horizontal,61588,0.8553888888888889,negative
negative_730.jpg,/kaggle/input/musait/dataset/basket/negative_730.jpg,1,"COASTAL GUJARAT
RAVAGED BY CYCLONE
TOI","[{'x': 53, 'y': 105}, {'x': 1210, 'y': 105}, {'x': 1210, 'y': 604}, {'x': 53, 'y': 604}]",16:9,horizontal,921600,21:9,horizontal,577343,0.6264572482638889,negative
negative_731.jpg,/kaggle/input/musait/dataset/basket/negative_731.jpg,1,"NEWS
18
Click
BIPARJOY HITS
WEST COAST","[{'x': 35, 'y': 37}, {'x': 943, 'y': 37}, {'x': 943, 'y': 677}, {'x': 35, 'y': 677}]",16:9,horizontal,921600,4:3,horizontal,581120,0.6305555555555555,negative
negative_732.jpg,/kaggle/input/musait/dataset/basket/negative_732.jpg,1,"NEWS
18
Click
DWARKA BRACES FOR
CYCLONE LANDFALL","[{'x': 0, 'y': 31}, {'x': 1091, 'y': 31}, {'x': 1091, 'y': 677}, {'x': 0, 'y': 677}]",Other,other,864000,Other,other,704786,0.8157245370370371,negative
negative_733.jpg,/kaggle/input/musait/dataset/basket/negative_733.jpg,1,"AffairsCloud
India Lost Over 1.3 Lakh Lives In Disasters Linked To
Extreme Weather, Climate Change
In 50 Years: UN Agency","[{'x': 0, 'y': 0}, {'x': 671, 'y': 0}, {'x': 671, 'y': 191}, {'x': 0, 'y': 191}]",16:9,horizontal,259760,Other,other,128161,0.4933823529411765,negative
negative_734.jpg,/kaggle/input/musait/dataset/basket/negative_734.jpg,1,"HW
10 JAWANS DEAD IN IED BLAST
BY NAXALS IN DANTEWADA","[{'x': 26, 'y': 49}, {'x': 856, 'y': 49}, {'x': 856, 'y': 491}, {'x': 26, 'y': 491}]",16:9,horizontal,518400,16:9,horizontal,366860,0.7076774691358024,negative
negative_735.jpg,/kaggle/input/musait/dataset/basket/negative_735.jpg,1,"10 SOLDIERS, 1
DRIVER KILLED
IN DANTEWADA
INDIA
TODAY","[{'x': 21, 'y': 92}, {'x': 233, 'y': 92}, {'x': 233, 'y': 288}, {'x': 21, 'y': 288}]",4:3,horizontal,172800,1:1,box,41552,0.2404629629629629,negative
negative_736.jpg,/kaggle/input/musait/dataset/basket/negative_736.jpg,1,"Hindustan Times
New thithi Monday, December 27, 2004 Mar 1.30
MORNING AFTER CHRISTMAS...
Tsunami smashes Asia
EVASTATION CM","[{'x': 3, 'y': 10}, {'x': 619, 'y': 10}, {'x': 619, 'y': 415}, {'x': 3, 'y': 415}]",3:2,horizontal,276640,3:2,horizontal,249480,0.9018218623481782,negative
negative_737.jpg,/kaggle/input/musait/dataset/basket/negative_737.jpg,1,"Hindustan Times
New Delhi, Tenda December 28.2004
Prayers, tears and fear
The day after
Tsunami toll 25,000; 7,000 in India","[{'x': 30, 'y': 7}, {'x': 636, 'y': 7}, {'x': 636, 'y': 412}, {'x': 30, 'y': 412}]",3:2,horizontal,276640,3:2,horizontal,245430,0.8871818970503181,negative
negative_738.jpg,/kaggle/input/musait/dataset/basket/negative_738.jpg,1,"GRAVITAS
Making Sense of the NEWS
Remembering
2004 tsunami in
Indian ocean","[{'x': 77, 'y': 116}, {'x': 609, 'y': 116}, {'x': 609, 'y': 555}, {'x': 77, 'y': 555}]",16:9,horizontal,921600,4:3,horizontal,233548,0.2534157986111111,negative
negative_739.jpg,/kaggle/input/musait/dataset/basket/negative_739.jpg,1,"WORLD
WAR III
SOON?
LIVE
INDIA
TODAY
WAY","[{'x': 77, 'y': 36}, {'x': 1257, 'y': 36}, {'x': 1257, 'y': 559}, {'x': 77, 'y': 559}]",16:9,horizontal,921600,21:9,horizontal,617140,0.6696397569444444,negative
negative_740.jpg,/kaggle/input/musait/dataset/basket/negative_740.jpg,1,"'SACRED BATTLE
WITH THE WEST'
NEWS
18
LIVE","[{'x': 0, 'y': 41}, {'x': 1235, 'y': 41}, {'x': 1235, 'y': 639}, {'x': 0, 'y': 639}]",16:9,horizontal,921600,2:1,horizontal,738530,0.8013563368055555,negative
negative_741.jpg,/kaggle/input/musait/dataset/basket/negative_741.jpg,1,"LIVE (((O)))
TRUMP: WORLD WAR III
A POSSIBILITY","[{'x': 79, 'y': 93}, {'x': 1156, 'y': 93}, {'x': 1156, 'y': 642}, {'x': 79, 'y': 642}]",16:9,horizontal,921600,16:9,horizontal,591273,0.641572265625,negative
negative_742.jpg,/kaggle/input/musait/dataset/basket/negative_742.jpg,1,"WEST'S MOZART PROVOCATION
FOR PUTIN AMID BOMBARDMENT
HT","[{'x': 110, 'y': 55}, {'x': 1245, 'y': 55}, {'x': 1245, 'y': 605}, {'x': 110, 'y': 605}]",16:9,horizontal,921600,2:1,horizontal,624250,0.6773546006944444,negative
negative_743.jpg,/kaggle/input/musait/dataset/basket/negative_743.jpg,1,"WORLD WAR III
WARNING
Today
9
NEWS","[{'x': 25, 'y': 55}, {'x': 916, 'y': 55}, {'x': 916, 'y': 703}, {'x': 25, 'y': 703}]",16:9,horizontal,921600,4:3,horizontal,577368,0.626484375,negative
negative_744.jpg,/kaggle/input/musait/dataset/basket/negative_744.jpg,1,"BREAKING NEWS
RUSSIA: 3RD WORLD WAR WOULD BE NUCLEAR
INDIA
TODAY
AHA","[{'x': 61, 'y': 28}, {'x': 1235, 'y': 28}, {'x': 1235, 'y': 300}, {'x': 61, 'y': 300}]",16:9,horizontal,921600,Other,other,319328,0.3464930555555555,negative
negative_745.jpg,/kaggle/input/musait/dataset/basket/negative_745.jpg,1,"CRUX.
THE REAL AIM OF
BELGOROD ATTACKS WAS...","[{'x': 89, 'y': 22}, {'x': 1229, 'y': 22}, {'x': 1229, 'y': 641}, {'x': 89, 'y': 641}]",16:9,horizontal,921600,16:9,horizontal,705660,0.7656901041666667,negative
negative_746.jpg,/kaggle/input/musait/dataset/basket/negative_746.jpg,1,"RUSSIA'S DEADLIEST
WEAPONS IN ACTION
WION
90","[{'x': 27, 'y': 132}, {'x': 1226, 'y': 132}, {'x': 1226, 'y': 703}, {'x': 27, 'y': 703}]",16:9,horizontal,921600,2:1,horizontal,684629,0.7428700086805555,negative
negative_747.jpg,/kaggle/input/musait/dataset/basket/negative_747.jpg,1,"RUSSIA
BOMBS
NEWS 18
‣LIVE
KYIV","[{'x': 5, 'y': 8}, {'x': 306, 'y': 8}, {'x': 306, 'y': 132}, {'x': 5, 'y': 132}]",16:9,horizontal,57600,21:9,horizontal,37324,0.6479861111111112,negative
negative_748.jpg,/kaggle/input/musait/dataset/basket/negative_748.jpg,1,"LIVE
PUTIN'S
END STRIKE
ON
UKRAINE?
INDIA
TODAY","[{'x': 306, 'y': 59}, {'x': 1232, 'y': 59}, {'x': 1232, 'y': 687}, {'x': 306, 'y': 687}]",16:9,horizontal,921600,4:3,horizontal,581528,0.6309982638888889,negative
negative_749.jpg,/kaggle/input/musait/dataset/basket/negative_749.jpg,1,"PUTIN ‣LIVE
UNLEASHES
2,00,000
MEN
NEWS 18","[{'x': 19, 'y': 29}, {'x': 1260, 'y': 29}, {'x': 1260, 'y': 686}, {'x': 19, 'y': 686}]",16:9,horizontal,921600,16:9,horizontal,815337,0.884697265625,negative
negative_750.jpg,/kaggle/input/musait/dataset/basket/negative_750.jpg,1,"WHERE IS THE RUSSIA-UKRAINE
WAR HEADED IN 2023?
MIRROR
NOW
YOU. FIRST.","[{'x': 21, 'y': 23}, {'x': 1260, 'y': 23}, {'x': 1260, 'y': 676}, {'x': 21, 'y': 676}]",16:9,horizontal,921600,16:9,horizontal,809067,0.8778938802083334,negative
negative_751.jpg,/kaggle/input/musait/dataset/basket/negative_751.jpg,1,"WION
PUTIN DARES THE
WEST","[{'x': 71, 'y': 545}, {'x': 909, 'y': 545}, {'x': 909, 'y': 693}, {'x': 71, 'y': 693}]",16:9,horizontal,921600,Other,other,124024,0.1345746527777777,negative
negative_752.jpg,/kaggle/input/musait/dataset/basket/negative_752.jpg,1,"PUTIN'S
TROOPS
'TRAPPED'
18
NEWS
‣LIVE","[{'x': 22, 'y': 32}, {'x': 1218, 'y': 32}, {'x': 1218, 'y': 505}, {'x': 22, 'y': 505}]",16:9,horizontal,921600,Other,other,565708,0.6138324652777778,negative
negative_753.jpg,/kaggle/input/musait/dataset/basket/negative_753.jpg,1,"Atlantic Council
Council
Atlantic Council
Atlantic Council
Atlantic Council
Atlantic Council
Atlanti
Atlantic Council
THE
NEWS WITH
WHY INTERNATIONAL RELATIONS THEORY
SHEPARD SUGGESTS GREAT-POWER WAR IS COMING
SMITH
CNBC","[{'x': 32, 'y': 1}, {'x': 699, 'y': 1}, {'x': 699, 'y': 402}, {'x': 32, 'y': 402}]",16:9,horizontal,316500,Other,other,267467,0.8450774091627172,negative
negative_754.jpg,/kaggle/input/musait/dataset/basket/negative_754.jpg,1,"MANHATTAN
SPORTS FINAL
DAILY NEWS
NEW YORK'S PICTURE NEWSPAPER
MS
Tuesday, April 29, 1900
SOVIET PLANT SPEWS ATOMIC CLOUD
NUCLEAR
DISASTER
Western officials fear high death toll
Technicians in Forsmark, Sweden, check radiation level of people exposed to fallout from
nuclear incident at Soviet reactor near Kiex. yesterday. Stories start on page 2.","[{'x': 6, 'y': 6}, {'x': 397, 'y': 6}, {'x': 397, 'y': 564}, {'x': 6, 'y': 564}]",3:4,vertical,226800,3:4,vertical,218178,0.9619841269841268,negative
negative_755.jpg,/kaggle/input/musait/dataset/basket/negative_755.jpg,1,"INDIA TODAY
TOP NEWS HEADLINES AT 11 PM
INDIA
TODAY
NIETRO","[{'x': 132, 'y': 34}, {'x': 1235, 'y': 34}, {'x': 1235, 'y': 341}, {'x': 132, 'y': 341}]",16:9,horizontal,921600,Other,other,338621,0.3674273003472222,negative
negative_756.jpg,/kaggle/input/musait/dataset/basket/negative_756.jpg,1,"Massueville,
Quebec, Canada
TOMATO
BREAKING NEWS
NEWS BUILDING FIRE IN MASSUEVILLE LIVE
EREST RATES BY 1% • GOVERNMENT TO DELAY VOTE ON ENVIRONME","[{'x': 11, 'y': 54}, {'x': 1199, 'y': 54}, {'x': 1199, 'y': 665}, {'x': 11, 'y': 665}]",16:9,horizontal,810000,16:9,horizontal,725868,0.8961333333333333,negative
negative_757.jpg,/kaggle/input/musait/dataset/basket/negative_757.jpg,1,"The Times
Dispatch
TITANIC'S DEATH LIST, 1,601;
ONLY 739 LIVES ARE SAVED
CARPATHIA COMES
BRINGING DIRECT
NEWS OF DISASTER
They Am
PLAYS MY OTH","[{'x': 5, 'y': 8}, {'x': 290, 'y': 8}, {'x': 290, 'y': 131}, {'x': 5, 'y': 131}]",Other,other,50274,21:9,horizontal,35055,0.6972789115646258,negative
negative_758.jpg,/kaggle/input/musait/dataset/basket/negative_758.jpg,1,"WION
WILDFIRE RAVAGE
PARTS OF SPAIN","[{'x': 73, 'y': 549}, {'x': 924, 'y': 549}, {'x': 924, 'y': 692}, {'x': 73, 'y': 692}]",16:9,horizontal,921600,Other,other,121693,0.1320453559027777,negative
negative_759.jpg,/kaggle/input/musait/dataset/basket/negative_759.jpg,1,"INV
Maharashtra: Fire
breaks out in 5-storey
building in Mumbai's
Jhaveri Bazar area","[{'x': 224, 'y': 18}, {'x': 409, 'y': 18}, {'x': 409, 'y': 158}, {'x': 224, 'y': 158}]",16:9,horizontal,102240,4:3,horizontal,25900,0.2533255086071987,negative
negative_760.jpg,/kaggle/input/musait/dataset/basket/negative_760.jpg,1,"MASSIVE FIRE AT PVC MARKET
IN DELHI, WATCH VIDEO
Oneindia English","[{'x': 15, 'y': 5}, {'x': 1266, 'y': 5}, {'x': 1266, 'y': 680}, {'x': 15, 'y': 680}]",16:9,horizontal,921600,16:9,horizontal,844425,0.916259765625,negative
negative_761.jpg,/kaggle/input/musait/dataset/basket/negative_761.jpg,1,"- FIRE AT TIKRI BORDER
R. NEWS","[{'x': 0, 'y': 34}, {'x': 1197, 'y': 34}, {'x': 1197, 'y': 690}, {'x': 0, 'y': 690}]",16:9,horizontal,921600,16:9,horizontal,785232,0.85203125,negative
negative_762.jpg,/kaggle/input/musait/dataset/basket/negative_762.jpg,1,"DNA VIDEO
Bharuch (Gujarat)
A massive fire broke out at a packaging company
in Bharuch GIDC of Gujarat on March 22","[{'x': 60, 'y': 17}, {'x': 605, 'y': 17}, {'x': 605, 'y': 338}, {'x': 60, 'y': 338}]",16:9,horizontal,230400,Other,other,174945,0.7593098958333333,negative
negative_763.jpg,/kaggle/input/musait/dataset/basket/negative_763.jpg,1,"Gujarat: Massive fire breaks out at
packaging company in Bharuch GIDC
ANI","[{'x': 132, 'y': 59}, {'x': 1232, 'y': 59}, {'x': 1232, 'y': 677}, {'x': 132, 'y': 677}]",16:9,horizontal,921600,16:9,horizontal,679800,0.7376302083333334,negative
negative_764.jpg,/kaggle/input/musait/dataset/basket/negative_764.jpg,1,"MAJOR
FIRE DISASTERS
IN INDIA
mmapsofindia.com","[{'x': 291, 'y': 30}, {'x': 661, 'y': 30}, {'x': 661, 'y': 342}, {'x': 291, 'y': 342}]",16:9,horizontal,234150,4:3,horizontal,115440,0.4930172966047405,negative
negative_765.jpg,/kaggle/input/musait/dataset/basket/negative_765.jpg,1,"Climate change
Devastating effects could be felt within 15 yea
New Yo
carbon e
previously
study pub
Journal
Research
weather an
than had
bee
They abo
effects of ch
stroke and
s of unchecked
greater than
many as
worldwide
The sto
ta-analy
papers
seen a
view of
The rese
hopeful signs","[{'x': 126, 'y': 127}, {'x': 611, 'y': 127}, {'x': 611, 'y': 389}, {'x': 126, 'y': 389}]",1:1,box,353124,16:9,horizontal,127070,0.3598452668184547,negative
negative_766.jpg,/kaggle/input/musait/dataset/basket/negative_766.jpg,1,"COURTESY: LORRY YEDNAK
STEVENS
Fine Homes
CONTINUING COVERAGE
OAK ISLAND FIRE DEPARTMENT BATTLING
LARGE HOUSE FIRE
NEWS HEADLINES idents, visitors to sign up for new emergency alert system
5:03 56°
WHERE
NEWS","[{'x': 80, 'y': 72}, {'x': 1805, 'y': 72}, {'x': 1805, 'y': 1055}, {'x': 80, 'y': 1055}]",16:9,horizontal,2073600,16:9,horizontal,1695675,0.8177445023148148,negative
negative_767.jpg,/kaggle/input/musait/dataset/basket/negative_767.jpg,1,"FIRE AT ROHINGYA REFUGEE CAMP
12000 PEOPLE HOMELESS
TOI","[{'x': 22, 'y': 14}, {'x': 392, 'y': 14}, {'x': 392, 'y': 205}, {'x': 22, 'y': 205}]",16:9,horizontal,90000,16:9,horizontal,70670,0.7852222222222223,negative
negative_768.jpg,/kaggle/input/musait/dataset/basket/negative_768.jpg,1,"FIRE DESTROYS HOMES
IN ROHINGYA CAMP","[{'x': 124, 'y': 189}, {'x': 980, 'y': 189}, {'x': 980, 'y': 325}, {'x': 124, 'y': 325}]",16:9,horizontal,921600,Other,other,116416,0.1263194444444444,negative
negative_769.jpg,/kaggle/input/musait/dataset/basket/negative_769.jpg,1,"BEYOND THE
HEADLINE
WITH TAMANNA INAMDAR
MAN MADE DISASTER OR
CLIMATE CHANGE IN GOA?
MIRROR
NOW","[{'x': 26, 'y': 15}, {'x': 1262, 'y': 15}, {'x': 1262, 'y': 663}, {'x': 26, 'y': 663}]",16:9,horizontal,921600,16:9,horizontal,800928,0.8690625,negative
negative_770.jpg,/kaggle/input/musait/dataset/basket/negative_770.jpg,1,"J&K: FOREST FIRE IN UDHAMPUR
AREA CONTINUES TO RAGE
Oneindia English","[{'x': 60, 'y': 19}, {'x': 1216, 'y': 19}, {'x': 1216, 'y': 701}, {'x': 60, 'y': 701}]",16:9,horizontal,921600,Other,other,788392,0.8554600694444444,negative
negative_771.jpg,/kaggle/input/musait/dataset/basket/negative_771.jpg,1,"QGKTODAY
GK, Current Affairs & General Studies
Forest Fire in Mizoram","[{'x': 31, 'y': 4}, {'x': 531, 'y': 4}, {'x': 531, 'y': 425}, {'x': 31, 'y': 425}]",16:9,horizontal,360000,4:3,horizontal,210500,0.5847222222222223,negative
negative_772.jpg,/kaggle/input/musait/dataset/basket/negative_772.jpg,1,"Uttarakhand: Fire breaks out in
forest area of Tehri Garhwal
ANI","[{'x': 133, 'y': 81}, {'x': 1146, 'y': 81}, {'x': 1146, 'y': 650}, {'x': 133, 'y': 650}]",16:9,horizontal,921600,16:9,horizontal,576397,0.6254307725694445,negative
negative_773.jpg,/kaggle/input/musait/dataset/basket/negative_773.jpg,1,"MIRROR
NOW
CALIFORNIA WILDFIRE TRIPLES IN SIZE
THOUSANDS FORCED TO EVACUATE","[{'x': 3, 'y': 5}, {'x': 296, 'y': 5}, {'x': 296, 'y': 70}, {'x': 3, 'y': 70}]",16:9,horizontal,50400,Other,other,19045,0.3778769841269841,negative
negative_774.jpg,/kaggle/input/musait/dataset/basket/negative_774.jpg,1,"FIRE&RESE
KOCHI IS SUFFOCATING
INDIA
TODAY
0","[{'x': 89, 'y': 31}, {'x': 1165, 'y': 31}, {'x': 1165, 'y': 624}, {'x': 89, 'y': 624}]",16:9,horizontal,810000,16:9,horizontal,638068,0.7877382716049383,negative
negative_775.jpg,/kaggle/input/musait/dataset/basket/negative_775.jpg,1,"WION
CROATIA BATTLES
MASSIVE WILDFIRE","[{'x': 74, 'y': 545}, {'x': 915, 'y': 545}, {'x': 915, 'y': 696}, {'x': 74, 'y': 696}]",16:9,horizontal,921600,Other,other,126991,0.1377940538194444,negative
negative_776.jpg,/kaggle/input/musait/dataset/basket/negative_776.jpg,1,"Youtube/Плохие Новости Andrei Vasilyev / TАЅЅ
ПЛОХИЕ
НОВОСТИ
News
Russian
Eco-Disasters 2020","[{'x': 52, 'y': 0}, {'x': 1273, 'y': 0}, {'x': 1273, 'y': 627}, {'x': 52, 'y': 627}]",16:9,horizontal,921600,16:9,horizontal,765567,0.830693359375,negative
negative_777.jpg,/kaggle/input/musait/dataset/basket/negative_777.jpg,1,"Operation underway to
douse forest fire in Uttarakhand
ANI","[{'x': 163, 'y': 123}, {'x': 1754, 'y': 123}, {'x': 1754, 'y': 991}, {'x': 163, 'y': 991}]",16:9,horizontal,2073600,16:9,horizontal,1380988,0.665985725308642,negative
negative_778.jpg,/kaggle/input/musait/dataset/basket/negative_778.jpg,1,"WILDFIRES
RAGE
ACROSS
GREECE
THE LATEST","[{'x': 29, 'y': 58}, {'x': 503, 'y': 58}, {'x': 503, 'y': 671}, {'x': 29, 'y': 671}]",16:9,horizontal,921600,3:4,vertical,290562,0.3152799479166667,negative
negative_779.jpg,/kaggle/input/musait/dataset/basket/negative_779.jpg,1,"MASSIVE FIRE IN GREATER
LONDON AREA","[{'x': 119, 'y': 369}, {'x': 583, 'y': 369}, {'x': 583, 'y': 433}, {'x': 119, 'y': 433}]",4:3,horizontal,307200,Other,other,29696,0.0966666666666666,negative
negative_780.jpg,/kaggle/input/musait/dataset/basket/negative_780.jpg,1,"| NEWS
This Uttarakhand minister tried to
put out a forest fire with a bush","[{'x': 13, 'y': 50}, {'x': 380, 'y': 50}, {'x': 380, 'y': 300}, {'x': 13, 'y': 300}]",4:3,horizontal,172800,4:3,horizontal,91750,0.5309606481481481,negative
negative_781.jpg,/kaggle/input/musait/dataset/basket/negative_781.jpg,1,"Fire In Panchkula
www.5DariyaNews.com","[{'x': 229, 'y': 386}, {'x': 1120, 'y': 386}, {'x': 1120, 'y': 613}, {'x': 229, 'y': 613}]",16:9,horizontal,810000,Other,other,202257,0.2497,negative
negative_782.jpg,/kaggle/input/musait/dataset/basket/negative_782.jpg,1,"SEOUL SHANTY
TOWN FIRE
18
NEWS
Click","[{'x': 36, 'y': 26}, {'x': 1252, 'y': 26}, {'x': 1252, 'y': 687}, {'x': 36, 'y': 687}]",16:9,horizontal,921600,16:9,horizontal,803776,0.8721527777777778,negative
negative_783.jpg,/kaggle/input/musait/dataset/basket/negative_783.jpg,1,"TOI
MUMBAI
FIRE BREAKS OUT
IN MUMBAI SHOP","[{'x': 81, 'y': 110}, {'x': 568, 'y': 110}, {'x': 568, 'y': 713}, {'x': 81, 'y': 713}]",4:3,horizontal,1080000,3:4,vertical,293661,0.2719083333333333,negative
negative_784.jpg,/kaggle/input/musait/dataset/basket/negative_784.jpg,1,"Forest fire
breaks out near
Tamil Nadu's
Kodaikanal
hills","[{'x': 5, 'y': 43}, {'x': 119, 'y': 43}, {'x': 119, 'y': 131}, {'x': 5, 'y': 131}]",16:9,horizontal,50325,4:3,horizontal,10032,0.1993442622950819,negative
negative_785.jpg,/kaggle/input/musait/dataset/basket/negative_785.jpg,1,"O
orgus
Invasion of Normandy
in World War II","[{'x': 119, 'y': 42}, {'x': 1316, 'y': 42}, {'x': 1316, 'y': 689}, {'x': 119, 'y': 689}]",16:9,horizontal,999750,16:9,horizontal,774459,0.7746526631657914,negative
negative_786.jpg,/kaggle/input/musait/dataset/basket/negative_786.jpg,1,"WHY CHINESE
MILITARY IS
PREPPING
FOR WAR?
No
TIMES
NOW","[{'x': 6, 'y': 10}, {'x': 290, 'y': 10}, {'x': 290, 'y': 148}, {'x': 6, 'y': 148}]",16:9,horizontal,50400,2:1,horizontal,39192,0.7776190476190477,negative
negative_787.jpg,/kaggle/input/musait/dataset/basket/negative_787.jpg,1,"sky news
'28 DAYS OF HELL'
WAR IN UKRAINE","[{'x': 57, 'y': 65}, {'x': 778, 'y': 65}, {'x': 778, 'y': 640}, {'x': 57, 'y': 640}]",16:9,horizontal,921600,4:3,horizontal,414575,0.4498426649305556,negative
negative_788.jpg,/kaggle/input/musait/dataset/basket/negative_788.jpg,1,"A YEAR OF WAR IN UKRAINE
LIVES LOST AND DISRUPTED","[{'x': 8, 'y': 226}, {'x': 468, 'y': 226}, {'x': 468, 'y': 289}, {'x': 8, 'y': 289}]",4:3,horizontal,172800,Other,other,28980,0.1677083333333333,negative
negative_789.jpg,/kaggle/input/musait/dataset/basket/negative_789.jpg,1,"""I am crying for more and more
disasters, for bigger calamities, for
grander failures. I want the whole world
to be out of whack, I want everyone
to scratch himself to death.""
Henry Miller *Tropic of Cancer"" (1934)","[{'x': 24, 'y': 187}, {'x': 273, 'y': 187}, {'x': 273, 'y': 286}, {'x': 24, 'y': 286}]",1:1,box,90000,Other,other,24651,0.2739,negative
negative_790.jpg,/kaggle/input/musait/dataset/basket/negative_790.jpg,1,"""WAR IS
DELIGHTFUL TO
THOSE WHO HAVE
HAD NO
EXPERIENCE
OF IT.""
Desiderius Erasmus","[{'x': 93, 'y': 31}, {'x': 204, 'y': 31}, {'x': 204, 'y': 133}, {'x': 93, 'y': 133}]",1:1,box,50625,1:1,box,11322,0.2236444444444444,negative
negative_791.jpg,/kaggle/input/musait/dataset/basket/negative_791.jpg,1,"Only the dead
have seen the
END
of
WAR
Plato via Gecko &Fly","[{'x': 677, 'y': 30}, {'x': 1223, 'y': 30}, {'x': 1223, 'y': 1058}, {'x': 677, 'y': 1058}]",16:9,horizontal,2073600,2:3,vertical,561288,0.2706828703703703,negative
negative_792.jpg,/kaggle/input/musait/dataset/basket/negative_792.jpg,1,"GOLD
IS THE
NERVE OF
THE WAR.","[{'x': 10, 'y': 32}, {'x': 102, 'y': 32}, {'x': 102, 'y': 155}, {'x': 10, 'y': 155}]",4:3,horizontal,50430,3:4,vertical,11316,0.224390243902439,negative
negative_793.jpg,/kaggle/input/musait/dataset/basket/negative_793.jpg,1,"KYIV, UKRAINE
LIVE THE AM
FOX TWO MILLION FLEE PUTIN'S BRUTAL INVASIO
NEWS
FOX NEWS ALERT","[{'x': 0, 'y': 17}, {'x': 258, 'y': 17}, {'x': 258, 'y': 179}, {'x': 0, 'y': 179}]",4:3,horizontal,50246,3:2,horizontal,41796,0.8318274091469968,negative
negative_794.jpg,/kaggle/input/musait/dataset/basket/negative_794.jpg,1,"OCTOBER 2016
NEWS
channel
WAR HERO OR CRIMINAL?
FORMER GREEN BERET CHARGED WITH MURDER
WHATEVER HAPPENED TO...?","[{'x': 49, 'y': 62}, {'x': 725, 'y': 62}, {'x': 725, 'y': 500}, {'x': 49, 'y': 500}]",3:2,horizontal,485982,3:2,horizontal,296088,0.6092571329802339,negative
negative_795.jpg,/kaggle/input/musait/dataset/basket/negative_795.jpg,1,"AUGUST 2, 2010
The CHRISTIAN SCIENCE
MONITOR
A WEEKLY REVIEW OF GLOBAL NEWS & IDEAS VOLUME 102/ISSUE 36
$3.50
DEEP-DRILLING BRAZIL LEARNS FROM BP 12
HIGH STAKES IN MIDTERM ELECTIONS 16
STATES EMBRACE ONE SCHOOL STANDARD 19
THE OTHER WAR
IN AFGHANISTAN
Winning hearts and minds
means helping Afghans where
it matters. Why aid agencies are
falling short and where they
are learning to deliver.
A SPECIAL REPORT BY BEN ARNOLDY","[{'x': 16, 'y': 27}, {'x': 487, 'y': 27}, {'x': 487, 'y': 553}, {'x': 16, 'y': 553}]",3:4,vertical,300000,1:1,box,247746,0.82582,negative
negative_796.jpg,/kaggle/input/musait/dataset/basket/negative_796.jpg,1,"►KYIV, UKRAINE
LIVE 8:25 PM
FOX EMBARRASSING RETREAT FOR RUSSIAN TROOPS IN UKRAINE
NEWS
10:25 PT
WAR ON UKRAINE","[{'x': 57, 'y': 33}, {'x': 830, 'y': 33}, {'x': 830, 'y': 479}, {'x': 57, 'y': 479}]",16:9,horizontal,448000,Other,other,344758,0.7695491071428572,negative
negative_797.jpg,/kaggle/input/musait/dataset/basket/negative_797.jpg,1,"nability
Quronews.
THE HAGUE, NETHERLANDS
RUSSIA-UKRAINE WAR
EURONEWS WAR CRIMES CONFERENCE
TOOL ICC AND EU MEET IN THE HAGUE OVER VIOLATIONS COMMITTED BY RUSSIA","[{'x': 6, 'y': 8}, {'x': 415, 'y': 8}, {'x': 415, 'y': 211}, {'x': 6, 'y': 211}]",16:9,horizontal,102240,16:9,horizontal,83027,0.8120794209702661,negative
negative_798.jpg,/kaggle/input/musait/dataset/basket/negative_798.jpg,1,"War is evil, but it
is often the lesser
evil.
George Orwell
EVERYDAYPOWER","[{'x': 21, 'y': 50}, {'x': 479, 'y': 50}, {'x': 479, 'y': 373}, {'x': 21, 'y': 373}]",4:3,horizontal,200000,4:3,horizontal,147934,0.73967,negative
negative_799.jpg,/kaggle/input/musait/dataset/basket/negative_799.jpg,1,"JAPAN PREPARES FOR WAR
VANTAGE ON Firstpost
TAKE ON THE WORLD","[{'x': 26, 'y': 82}, {'x': 1261, 'y': 82}, {'x': 1261, 'y': 710}, {'x': 26, 'y': 710}]",16:9,horizontal,921600,16:9,horizontal,775580,0.8415581597222223,negative
negative_800.jpg,/kaggle/input/musait/dataset/basket/negative_800.jpg,1,"In war there is no
PRIZE
for runner-up
2
General Omar Bradley via Gecko&Fly","[{'x': 514, 'y': 175}, {'x': 1398, 'y': 175}, {'x': 1398, 'y': 1062}, {'x': 514, 'y': 1062}]",16:9,horizontal,2073600,1:1,box,784108,0.3781385030864198,negative
negative_801.jpg,/kaggle/input/musait/dataset/basket/negative_801.jpg,1,"NEWS
18
Click
PUTIN DUMPS
N-TREATY, WEST IRKED","[{'x': 14, 'y': 30}, {'x': 1254, 'y': 30}, {'x': 1254, 'y': 708}, {'x': 14, 'y': 708}]",16:9,horizontal,921600,16:9,horizontal,840720,0.9122395833333332,negative
negative_802.jpg,/kaggle/input/musait/dataset/basket/negative_802.jpg,1,"WHO 'BENEFITTED'
FROM DRUG WAR DEATHS?
'FILIPINOS, NOT ME', SAYS DUTERTE","[{'x': 26, 'y': 197}, {'x': 401, 'y': 197}, {'x': 401, 'y': 299}, {'x': 26, 'y': 299}]",4:3,horizontal,172800,Other,other,38250,0.2213541666666666,negative
negative_803.jpg,/kaggle/input/musait/dataset/basket/negative_803.jpg,1,"The executives
dying to fund
Putin's war
listen
M
ABC
NEWS
DAILY","[{'x': 36, 'y': 130}, {'x': 1156, 'y': 130}, {'x': 1156, 'y': 646}, {'x': 36, 'y': 646}]",16:9,horizontal,921600,Other,other,577920,0.6270833333333333,negative
negative_804.jpg,/kaggle/input/musait/dataset/basket/negative_804.jpg,1,"All war is a symptom of man's
failure as a thinking animal.
JOHN STEINBECK","[{'x': 13, 'y': 19}, {'x': 282, 'y': 19}, {'x': 282, 'y': 155}, {'x': 13, 'y': 155}]",Other,other,50460,16:9,horizontal,36584,0.7250099088386841,negative
negative_805.jpg,/kaggle/input/musait/dataset/basket/negative_805.jpg,1,"US 7th FLEET
ENTERED CHINA SEA!
BREAKING
NEWS TENSIONS RISE BETWEEN CHINA AND US","[{'x': 14, 'y': 66}, {'x': 634, 'y': 66}, {'x': 634, 'y': 414}, {'x': 14, 'y': 414}]",4:3,horizontal,307200,16:9,horizontal,215760,0.70234375,negative
negative_806.jpg,/kaggle/input/musait/dataset/basket/negative_806.jpg,1,"ANOTHER COVID WAVE SOON?
INDIA
TODAY
NEWS
MO","[{'x': 42, 'y': 64}, {'x': 1216, 'y': 64}, {'x': 1216, 'y': 661}, {'x': 42, 'y': 661}]",16:9,horizontal,921600,16:9,horizontal,700878,0.7605013020833333,negative
negative_807.jpg,/kaggle/input/musait/dataset/basket/negative_807.jpg,1,"HOUSE
sky news ✶✶✶✶ THE
TINA TURNER
DEATH:***
'INCREDIBLY SAD NEWS'
N","[{'x': 52, 'y': 58}, {'x': 1260, 'y': 58}, {'x': 1260, 'y': 505}, {'x': 52, 'y': 505}]",16:9,horizontal,921600,Other,other,539976,0.5859114583333334,negative
negative_808.jpg,/kaggle/input/musait/dataset/basket/negative_808.jpg,1,"☐ NEW TONIGHT
Via Skype
Los Angeles
3:51 PM PT
LIVE
MUSIC LEGEND TINA TURNER DIES AT 83 CAN
3:51 PM PT
TIN RUSSIAN NATIONALS ARE ALIGNED WITH UKRAINIAN ARMY, THOUGH UK SITUATION ROOM","[{'x': 3, 'y': 30}, {'x': 1822, 'y': 30}, {'x': 1822, 'y': 1043}, {'x': 3, 'y': 1043}]",16:9,horizontal,2073600,16:9,horizontal,1842647,0.8886222029320988,negative
negative_809.jpg,/kaggle/input/musait/dataset/basket/negative_809.jpg,1,"'3 WEAPONS USED TO
MUDER MOOSE WALA'
Uur FUNJAD
TODAY
4:07","[{'x': 39, 'y': 30}, {'x': 367, 'y': 30}, {'x': 367, 'y': 220}, {'x': 39, 'y': 220}]",Other,other,85880,Other,other,62320,0.7256637168141593,negative
negative_810.jpg,/kaggle/input/musait/dataset/basket/negative_810.jpg,1,"1.00
CCTV INDIA
TODAY
2022
VK BHAWRA
ANI
DGP PUNJAB
MOOSEWALA'S CAR
MOMENTS BEFORE GETTING SHOT
INDIA","[{'x': 16, 'y': 4}, {'x': 1869, 'y': 4}, {'x': 1869, 'y': 947}, {'x': 16, 'y': 947}]",16:9,horizontal,1805947,16:9,horizontal,1747379,0.9675693694222476,negative
negative_811.jpg,/kaggle/input/musait/dataset/basket/negative_811.jpg,1,"1.00
BREAKING NEWS
INDIA
TODAY
WHITE COLOURED ALTO SNATCHED AT
GUN POINT
mahing
2009-05-2
INDIA
TODAY","[{'x': 10, 'y': 11}, {'x': 941, 'y': 11}, {'x': 941, 'y': 477}, {'x': 10, 'y': 477}]",16:9,horizontal,491008,16:9,horizontal,433846,0.8835823448905109,negative
negative_812.jpg,/kaggle/input/musait/dataset/basket/negative_812.jpg,1,"1.00
BREAKING NEWS
INDIA
TODAY
INDIA TODAY ACCESSES CCTV IMAGES
BEFORE MURDER
ST ON INDIA TOD
HAST
NEW DELHI
SHIV AROOR. EXECUTIVE EDITOR
INDIA
TODAY","[{'x': 0, 'y': 8}, {'x': 962, 'y': 8}, {'x': 962, 'y': 507}, {'x': 0, 'y': 507}]",16:9,horizontal,497332,16:9,horizontal,480038,0.9652264483282798,negative
negative_813.jpg,/kaggle/input/musait/dataset/basket/negative_813.jpg,1,"間
RESUSCITATION
INDIA
TODAY
MOOSE WALA SHOT DEAD
ICONIC SINGER MURDERED
INDIA
TODAY
SHOCKING GANG ATTACK
MANN WITHDREW SECURITY","[{'x': 0, 'y': 4}, {'x': 951, 'y': 4}, {'x': 951, 'y': 488}, {'x': 0, 'y': 488}]",16:9,horizontal,474330,16:9,horizontal,460284,0.9703877047625072,negative
negative_814.jpg,/kaggle/input/musait/dataset/basket/negative_814.jpg,1,"1.00
BREAKING NEWS
INDIA
TODAY
AK47 RIFLES REPORTEDLY USED FOR
MURDER
CCTV IMAGES
INDIA
TODAY","[{'x': 25, 'y': 17}, {'x': 956, 'y': 17}, {'x': 956, 'y': 484}, {'x': 25, 'y': 484}]",16:9,horizontal,501095,16:9,horizontal,434777,0.8676538380945729,negative
negative_815.jpg,/kaggle/input/musait/dataset/basket/negative_815.jpg,1,"Bengaluru Mass Molestation
INDIA
TODAY","[{'x': 39, 'y': 57}, {'x': 1227, 'y': 57}, {'x': 1227, 'y': 605}, {'x': 39, 'y': 605}]",16:9,horizontal,921600,Other,other,651024,0.70640625,negative
negative_816.jpg,/kaggle/input/musait/dataset/basket/negative_816.jpg,1,"EDIFIC
JET
INDIA
TODAY
THE BIG
BOOM CRASH","[{'x': 326, 'y': 56}, {'x': 1240, 'y': 56}, {'x': 1240, 'y': 466}, {'x': 326, 'y': 466}]",16:9,horizontal,921600,21:9,horizontal,374740,0.4066189236111111,negative
negative_817.jpg,/kaggle/input/musait/dataset/basket/negative_817.jpg,1,"Uri Rape Horror
INDIA
TODAY","[{'x': 53, 'y': 59}, {'x': 1226, 'y': 59}, {'x': 1226, 'y': 616}, {'x': 53, 'y': 616}]",16:9,horizontal,921600,2:1,horizontal,653361,0.7089420572916667,negative
negative_818.jpg,/kaggle/input/musait/dataset/basket/negative_818.jpg,1,"Migrant boat disaster
BBC NEWS","[{'x': 61, 'y': 472}, {'x': 1103, 'y': 472}, {'x': 1103, 'y': 673}, {'x': 61, 'y': 673}]",16:9,horizontal,921600,Other,other,209442,0.2272591145833333,negative
negative_819.jpg,/kaggle/input/musait/dataset/basket/negative_819.jpg,1,"298 Pakistanis
feared Dead
Insane Migrant Disaster
By Prashant Dhawan
WORLD
AFFAIRS
- Pakistani Media","[{'x': 14, 'y': 13}, {'x': 1273, 'y': 13}, {'x': 1273, 'y': 396}, {'x': 14, 'y': 396}]",16:9,horizontal,921600,Other,other,482197,0.5232172309027778,negative
negative_820.jpg,/kaggle/input/musait/dataset/basket/negative_820.jpg,1,"VANTAGE
TAKE ON THE WORLD
ON
Firstpost
FLOODS & VOLCANIC
FIRE IN ITALY","[{'x': 12, 'y': 35}, {'x': 1248, 'y': 35}, {'x': 1248, 'y': 640}, {'x': 12, 'y': 640}]",16:9,horizontal,921600,2:1,horizontal,747780,0.8113932291666667,negative
negative_821.jpg,/kaggle/input/musait/dataset/basket/negative_821.jpg,1,"GREEK BOAT TRAGEDY:
HUNDREDS MISSING AT SEA
WION","[{'x': 48, 'y': 154}, {'x': 1234, 'y': 154}, {'x': 1234, 'y': 660}, {'x': 48, 'y': 660}]",16:9,horizontal,921600,21:9,horizontal,600116,0.6511675347222222,negative
negative_822.jpg,/kaggle/input/musait/dataset/basket/negative_822.jpg,1,"DAN RALINYS
KTLA
INDIA TRAIN CRASH KILLS AT LEAST 288 PEOPLE
HEADLINES
NEWS
AT 6
5
Keenan Anderson, stun gunned in Venice, died of cocaine use, enlarged h 68° 6:14P","[{'x': 91, 'y': 99}, {'x': 1213, 'y': 99}, {'x': 1213, 'y': 676}, {'x': 91, 'y': 676}]",16:9,horizontal,921600,16:9,horizontal,647394,0.7024674479166667,negative
negative_823.jpg,/kaggle/input/musait/dataset/basket/negative_823.jpg,1,"GUJARAT ON HIGH ALERT
NEWS 18
Click","[{'x': 17, 'y': 35}, {'x': 660, 'y': 35}, {'x': 660, 'y': 383}, {'x': 17, 'y': 383}]",16:9,horizontal,290880,16:9,horizontal,223764,0.7692656765676568,negative
negative_824.jpg,/kaggle/input/musait/dataset/basket/negative_824.jpg,1,"Titanic Tragedy
of 2023 shocks
the World Billionaire
Heartbreaking
Disaster
By Prashant Dhawan
WORLD
AFFAIRS","[{'x': 11, 'y': 5}, {'x': 1258, 'y': 5}, {'x': 1258, 'y': 559}, {'x': 11, 'y': 559}]",16:9,horizontal,921600,21:9,horizontal,690838,0.7496072048611111,negative
negative_825.jpg,/kaggle/input/musait/dataset/basket/negative_825.jpg,1,"DEADLY
TRAIN CRASH
Today
:::9
NEWS","[{'x': 23, 'y': 33}, {'x': 1064, 'y': 33}, {'x': 1064, 'y': 703}, {'x': 23, 'y': 703}]",16:9,horizontal,921600,3:2,horizontal,697470,0.7568033854166667,negative
negative_826.jpg,/kaggle/input/musait/dataset/basket/negative_826.jpg,1,"19:45 CAT
STAGE 5 ROLLING BLACKOUTS
@SABCFullView
SABC
NEWS
Independent. Impartial.
ASSESSING FLOOD DAMAGE IN WESTERN CAPE","[{'x': 1, 'y': 36}, {'x': 698, 'y': 36}, {'x': 698, 'y': 403}, {'x': 1, 'y': 403}]",16:9,horizontal,290880,16:9,horizontal,255799,0.87939700220022,negative
negative_827.jpg,/kaggle/input/musait/dataset/basket/negative_827.jpg,1,"sky news
POWER PLANT
WORKERS FEAR
'DEVASTATION'
WAR IN UKRAINE","[{'x': 32, 'y': 37}, {'x': 389, 'y': 37}, {'x': 389, 'y': 361}, {'x': 32, 'y': 361}]",16:9,horizontal,290880,1:1,box,115668,0.3976485148514851,negative
negative_828.jpg,/kaggle/input/musait/dataset/basket/negative_828.jpg,1,"GRAVITAS
TIME TO PREPARE
FOR A NUCLEAR
DISASTER?","[{'x': 13, 'y': 317}, {'x': 880, 'y': 317}, {'x': 880, 'y': 695}, {'x': 13, 'y': 695}]",16:9,horizontal,921600,21:9,horizontal,327726,0.35560546875,negative
negative_829.jpg,/kaggle/input/musait/dataset/basket/negative_829.jpg,1,"BIPARJOY NOW SEVERE
CYCLONIC STORM
INDIA
TODAY","[{'x': 6, 'y': 22}, {'x': 687, 'y': 22}, {'x': 687, 'y': 386}, {'x': 6, 'y': 386}]",16:9,horizontal,290880,16:9,horizontal,247884,0.8521864686468646,negative
negative_830.jpg,/kaggle/input/musait/dataset/basket/negative_830.jpg,1,"DISASTER ZONE
THE TURKEY-SYRIA EARTHQUAKE
sky news","[{'x': 103, 'y': 118}, {'x': 616, 'y': 118}, {'x': 616, 'y': 284}, {'x': 103, 'y': 284}]",16:9,horizontal,290880,Other,other,85158,0.292759900990099,negative
negative_831.jpg,/kaggle/input/musait/dataset/basket/negative_831.jpg,1,"SYRIA
EARTHQUAKES BRING ON YET ANOTHER DISASTER","[{'x': 8, 'y': 280}, {'x': 707, 'y': 280}, {'x': 707, 'y': 362}, {'x': 8, 'y': 362}]",16:9,horizontal,290880,Other,other,57318,0.1970503300330033,negative
negative_832.jpg,/kaggle/input/musait/dataset/basket/negative_832.jpg,1,"RECO
TRUMP DESTROYED
IN FRONT OF MILLIONS!","[{'x': 13, 'y': 39}, {'x': 536, 'y': 39}, {'x': 536, 'y': 391}, {'x': 13, 'y': 391}]",16:9,horizontal,290880,3:2,horizontal,184096,0.6328932893289329,negative
negative_833.jpg,/kaggle/input/musait/dataset/basket/negative_833.jpg,1,"TIMES
NOW
INDIA SENDS
RELIEF TO
QUAKE-HIT
TURKEY, SYRIA
XN","[{'x': 14, 'y': 46}, {'x': 371, 'y': 46}, {'x': 371, 'y': 319}, {'x': 14, 'y': 319}]",16:9,horizontal,290880,4:3,horizontal,97461,0.3350556930693069,negative
negative_834.jpg,/kaggle/input/musait/dataset/basket/negative_834.jpg,1,"FLOODED
COUNTY
OF SONOMA
CALIFORNIA
HEAVY SNOWFALL & RAIN","[{'x': 15, 'y': 109}, {'x': 659, 'y': 109}, {'x': 659, 'y': 382}, {'x': 15, 'y': 382}]",16:9,horizontal,290880,21:9,horizontal,175812,0.6044141914191419,negative
negative_835.jpg,/kaggle/input/musait/dataset/basket/negative_835.jpg,1,"Global
NEWS","[{'x': 40, 'y': 291}, {'x': 254, 'y': 291}, {'x': 254, 'y': 386}, {'x': 40, 'y': 386}]",16:9,horizontal,290880,21:9,horizontal,20330,0.0698913641364136,negative
negative_836.jpg,/kaggle/input/musait/dataset/basket/negative_836.jpg,1,CBCNEWS,"[{'x': 72, 'y': 348}, {'x': 375, 'y': 348}, {'x': 375, 'y': 391}, {'x': 72, 'y': 391}]",16:9,horizontal,290880,Other,other,13029,0.0447916666666666,negative
negative_837.jpg,/kaggle/input/musait/dataset/basket/negative_837.jpg,1,"NHK WORLD
NHK NEWSLINE
12
years
after disaster:
Still Struggling","[{'x': 30, 'y': 16}, {'x': 312, 'y': 16}, {'x': 312, 'y': 205}, {'x': 30, 'y': 205}]",16:9,horizontal,129600,3:2,horizontal,53298,0.41125,negative
negative_838.jpg,/kaggle/input/musait/dataset/basket/negative_838.jpg,1,"4News
Pakistan: Will
Imran Khan be
arrested again?
alberts","[{'x': 28, 'y': 28}, {'x': 439, 'y': 28}, {'x': 439, 'y': 369}, {'x': 28, 'y': 369}]",16:9,horizontal,290880,4:3,horizontal,140151,0.4818172442244224,negative
negative_839.jpg,/kaggle/input/musait/dataset/basket/negative_839.jpg,1,"DEATH TOLL
RISES
✓ NEWS","[{'x': 10, 'y': 38}, {'x': 395, 'y': 38}, {'x': 395, 'y': 388}, {'x': 10, 'y': 388}]",16:9,horizontal,290880,1:1,box,134750,0.4632494499449945,negative
negative_840.jpg,/kaggle/input/musait/dataset/basket/negative_840.jpg,1,"IN NEWS
d
drishti
THE
CHAMOLI
DISASTER","[{'x': 82, 'y': 30}, {'x': 690, 'y': 30}, {'x': 690, 'y': 301}, {'x': 82, 'y': 301}]",16:9,horizontal,290880,21:9,horizontal,164768,0.5664466446644665,negative
negative_841.jpg,/kaggle/input/musait/dataset/basket/negative_841.jpg,1,"THE
SINKING
STATE?
INDIA
TODAY","[{'x': 208, 'y': 25}, {'x': 699, 'y': 25}, {'x': 699, 'y': 242}, {'x': 208, 'y': 242}]",16:9,horizontal,290880,21:9,horizontal,106547,0.3662919416941694,negative
negative_842.jpg,/kaggle/input/musait/dataset/basket/negative_842.jpg,1,"WION
OHIO FACES
ENVIRONMENTAL PROBLEM","[{'x': 15, 'y': 303}, {'x': 580, 'y': 303}, {'x': 580, 'y': 378}, {'x': 15, 'y': 378}]",16:9,horizontal,290880,Other,other,42375,0.1456786303630363,negative
negative_843.jpg,/kaggle/input/musait/dataset/basket/negative_843.jpg,1,"OCEANGATE EXPEDITIONS
OceanGate
EXPEDITIONS
LIVE
NOW SUBMARINE FOR TITANIC
FOXI TOURS GOES MISSING AT SEA","[{'x': 14, 'y': 14}, {'x': 708, 'y': 14}, {'x': 708, 'y': 390}, {'x': 14, 'y': 390}]",16:9,horizontal,290880,16:9,horizontal,260944,0.8970847084708471,negative
negative_844.jpg,/kaggle/input/musait/dataset/basket/negative_844.jpg,1,"itv NEWS
ÍHA
FAMILY TRAPPED
FOR FORTNIGHT","[{'x': 16, 'y': 19}, {'x': 654, 'y': 19}, {'x': 654, 'y': 380}, {'x': 16, 'y': 380}]",16:9,horizontal,290880,16:9,horizontal,230318,0.791797304730473,negative
negative_845.jpg,/kaggle/input/musait/dataset/basket/negative_845.jpg,1,"itv NEWS
EARTHQUAKE VICTIMS
IN THE FREEZING COLD","[{'x': 13, 'y': 17}, {'x': 500, 'y': 17}, {'x': 500, 'y': 382}, {'x': 13, 'y': 382}]",16:9,horizontal,290880,4:3,horizontal,177755,0.6110939218921893,negative
negative_846.jpg,/kaggle/input/musait/dataset/basket/negative_846.jpg,1,"1999 Horror
ITV","[{'x': 96, 'y': 285}, {'x': 670, 'y': 285}, {'x': 670, 'y': 333}, {'x': 96, 'y': 333}]",16:9,horizontal,290880,Other,other,27552,0.0947194719471947,negative
negative_847.jpg,/kaggle/input/musait/dataset/basket/negative_847.jpg,1,"Dw
35 years of
Bhopal","[{'x': 40, 'y': 43}, {'x': 373, 'y': 43}, {'x': 373, 'y': 368}, {'x': 40, 'y': 368}]",16:9,horizontal,290880,1:1,box,108225,0.3720606435643564,negative
negative_848.jpg,/kaggle/input/musait/dataset/basket/negative_848.jpg,1,"Life After
Nuclear
Meltdown
in Fukushima
Collection
VICE World News","[{'x': 37, 'y': 33}, {'x': 532, 'y': 33}, {'x': 532, 'y': 370}, {'x': 37, 'y': 370}]",16:9,horizontal,290880,4:3,horizontal,166815,0.5734839108910891,negative
negative_849.jpg,/kaggle/input/musait/dataset/basket/negative_849.jpg,1,"NEWS
FLOODING
EMERGENCY
WA DOWNPOUR","[{'x': 378, 'y': 79}, {'x': 624, 'y': 79}, {'x': 624, 'y': 251}, {'x': 378, 'y': 251}]",16:9,horizontal,290880,4:3,horizontal,42312,0.1454620462046204,negative
negative_850.jpg,/kaggle/input/musait/dataset/basket/negative_850.jpg,1,"NUCLEAR
ACCIDENT
☆
NEWS","[{'x': 26, 'y': 30}, {'x': 238, 'y': 30}, {'x': 238, 'y': 248}, {'x': 26, 'y': 248}]",16:9,horizontal,129600,1:1,box,46216,0.3566049382716049,negative
negative_851.jpg,/kaggle/input/musait/dataset/basket/negative_851.jpg,1,"NDTV
3 Trains Involved
In Freak Accident","[{'x': 35, 'y': 38}, {'x': 435, 'y': 38}, {'x': 435, 'y': 357}, {'x': 35, 'y': 357}]",16:9,horizontal,290880,4:3,horizontal,127600,0.4386688668866886,negative
negative_852.jpg,/kaggle/input/musait/dataset/basket/negative_852.jpg,1,"12 YEARS OF FUKUSHIMA
TRAGEDY
WION","[{'x': 28, 'y': 88}, {'x': 695, 'y': 88}, {'x': 695, 'y': 371}, {'x': 28, 'y': 371}]",16:9,horizontal,290880,21:9,horizontal,188761,0.6489308305830583,negative
negative_853.jpg,/kaggle/input/musait/dataset/basket/negative_853.jpg,1,"DISASTROUS
DELUGE
9
NEWS
ED","[{'x': 14, 'y': 28}, {'x': 632, 'y': 28}, {'x': 632, 'y': 395}, {'x': 14, 'y': 395}]",16:9,horizontal,290880,Other,other,226806,0.779723597359736,negative
negative_854.jpg,/kaggle/input/musait/dataset/basket/negative_854.jpg,1,"7.7 MAGNITUDE
QUAKE HITS
MEXICO
NEWS 18","[{'x': 22, 'y': 20}, {'x': 706, 'y': 20}, {'x': 706, 'y': 305}, {'x': 22, 'y': 305}]",16:9,horizontal,290880,21:9,horizontal,194940,0.6701732673267327,negative
negative_855.jpg,/kaggle/input/musait/dataset/basket/negative_855.jpg,1,"NUCLEAR
DISASTER?
9
NEWS","[{'x': 14, 'y': 21}, {'x': 461, 'y': 21}, {'x': 461, 'y': 395}, {'x': 14, 'y': 395}]",16:9,horizontal,290880,4:3,horizontal,167178,0.5747318481848185,negative
negative_856.jpg,/kaggle/input/musait/dataset/basket/negative_856.jpg,1,"SUPERCYCLONE KILLED
10,000 IN ODISHA
THIS DAY
IN
HISTORY
Oneindia English","[{'x': 37, 'y': 6}, {'x': 699, 'y': 6}, {'x': 699, 'y': 390}, {'x': 37, 'y': 390}]",16:9,horizontal,290880,Other,other,254208,0.8739273927392739,negative
negative_857.jpg,/kaggle/input/musait/dataset/basket/negative_857.jpg,1,"Dw
Desperate situation
in Kherson region","[{'x': 42, 'y': 36}, {'x': 591, 'y': 36}, {'x': 591, 'y': 358}, {'x': 42, 'y': 358}]",16:9,horizontal,290880,Other,other,176778,0.6077351485148514,negative
negative_858.jpg,/kaggle/input/musait/dataset/basket/negative_858.jpg,1,"NEWS
Floods In Several Parts Of Assam
33,500 People Affected,
Lakhimpur Worst Hit
ПР P","[{'x': 33, 'y': 13}, {'x': 708, 'y': 13}, {'x': 708, 'y': 377}, {'x': 33, 'y': 377}]",16:9,horizontal,290880,16:9,horizontal,245700,0.8446782178217822,negative
negative_859.jpg,/kaggle/input/musait/dataset/basket/negative_859.jpg,1,"DW
Water in
short supply","[{'x': 46, 'y': 47}, {'x': 430, 'y': 47}, {'x': 430, 'y': 372}, {'x': 46, 'y': 372}]",16:9,horizontal,290880,5:4,horizontal,124800,0.429042904290429,negative
negative_860.jpg,/kaggle/input/musait/dataset/basket/negative_860.jpg,1,"DW
Flooding
death toll rises to 103","[{'x': 47, 'y': 48}, {'x': 618, 'y': 48}, {'x': 618, 'y': 356}, {'x': 47, 'y': 356}]",16:9,horizontal,290880,16:9,horizontal,175868,0.6046067106710671,negative
negative_861.jpg,/kaggle/input/musait/dataset/basket/negative_861.jpg,1,"DU STUDENT STABBED
TO DEATH
INDIA
TODAY","[{'x': 5, 'y': 22}, {'x': 686, 'y': 22}, {'x': 686, 'y': 387}, {'x': 5, 'y': 387}]",16:9,horizontal,290880,16:9,horizontal,248565,0.8545276402640264,negative
negative_862.jpg,/kaggle/input/musait/dataset/basket/negative_862.jpg,1,"NEWS
Morena, MP
All About The Madhya Pradesh
Honor Killing Case","[{'x': 30, 'y': 12}, {'x': 574, 'y': 12}, {'x': 574, 'y': 379}, {'x': 30, 'y': 379}]",16:9,horizontal,290880,4:3,horizontal,199648,0.6863586358635864,negative
negative_863.jpg,/kaggle/input/musait/dataset/basket/negative_863.jpg,1,"LIVE COVERAGE
YNW MELLY
DOUBLE
MURDER TRIAL
FL v. JAMELL DEMONS
LAW &
CRIME
TRIAL NETWORK","[{'x': 54, 'y': 63}, {'x': 657, 'y': 63}, {'x': 657, 'y': 319}, {'x': 54, 'y': 319}]",16:9,horizontal,290880,21:9,horizontal,154368,0.5306930693069307,negative
negative_864.jpg,/kaggle/input/musait/dataset/basket/negative_864.jpg,1,"KHA
MAN BEHIND ATTACK ON INDIAN
EMBASSY IN LONDON DEAD
HT","[{'x': 71, 'y': 31}, {'x': 702, 'y': 31}, {'x': 702, 'y': 343}, {'x': 71, 'y': 343}]",16:9,horizontal,290880,16:9,horizontal,196872,0.6768151815181518,negative
negative_865.jpg,/kaggle/input/musait/dataset/basket/negative_865.jpg,1,"#MRNORIGINALS
KILLED FOR DEFAULTING LOAN PAYMENT,
KEJRIWAL QUESTIONS LAW & ORDER
MIRROR
NOW","[{'x': 35, 'y': 18}, {'x': 700, 'y': 18}, {'x': 700, 'y': 337}, {'x': 35, 'y': 337}]",16:9,horizontal,290880,2:1,horizontal,212135,0.7292869911991199,negative
negative_866.jpg,/kaggle/input/musait/dataset/basket/negative_866.jpg,1,"BODY PARTS FED TO
STRAY DOGS
INDIA
TODAY","[{'x': 7, 'y': 25}, {'x': 699, 'y': 25}, {'x': 699, 'y': 390}, {'x': 7, 'y': 390}]",16:9,horizontal,290880,16:9,horizontal,252580,0.8683305830583058,negative
negative_867.jpg,/kaggle/input/musait/dataset/basket/negative_867.jpg,1,"NEWS
London, UK
Student From Hyderabad
Stabbed To Death in London","[{'x': 31, 'y': 16}, {'x': 530, 'y': 16}, {'x': 530, 'y': 372}, {'x': 31, 'y': 372}]",16:9,horizontal,290880,4:3,horizontal,177644,0.6107123212321233,negative
negative_868.jpg,/kaggle/input/musait/dataset/basket/negative_868.jpg,1,"KILLER
PILOT
TRICKS
JURY
DR.
GRANDE","[{'x': 14, 'y': 9}, {'x': 228, 'y': 9}, {'x': 228, 'y': 385}, {'x': 14, 'y': 385}]",16:9,horizontal,290880,2:3,vertical,80464,0.2766226622662266,negative
negative_869.jpg,/kaggle/input/musait/dataset/basket/negative_869.jpg,1,"#MRNORIGINALS
DU STUDENT STABBED TO DEATH,
POLICE NABS TWO ACCUSED
MIRROR
NOW","[{'x': 41, 'y': 19}, {'x': 700, 'y': 19}, {'x': 700, 'y': 350}, {'x': 41, 'y': 350}]",16:9,horizontal,290880,16:9,horizontal,218129,0.7498934268426842,negative
negative_870.jpg,/kaggle/input/musait/dataset/basket/negative_870.jpg,1,"O
abc
WCPO
66
BABIES HAD
BEEN SHOT""","[{'x': 246, 'y': 18}, {'x': 682, 'y': 18}, {'x': 682, 'y': 366}, {'x': 246, 'y': 366}]",16:9,horizontal,290880,4:3,horizontal,151728,0.5216171617161716,negative
negative_871.jpg,/kaggle/input/musait/dataset/basket/negative_871.jpg,1,"704
INDIA
TODAY
BODY PARTS BOILED
AFTER MURDER","[{'x': 15, 'y': 22}, {'x': 688, 'y': 22}, {'x': 688, 'y': 387}, {'x': 15, 'y': 387}]",16:9,horizontal,290880,16:9,horizontal,245645,0.8444891364136413,negative
negative_872.jpg,/kaggle/input/musait/dataset/basket/negative_872.jpg,1,"HT
KHALISTAN
PANNUN NEXT AFTER KHALISTAN
RADICAL NIJJAR SHOT DEAD?
INDIAN","[{'x': 63, 'y': 30}, {'x': 719, 'y': 30}, {'x': 719, 'y': 398}, {'x': 63, 'y': 398}]",16:9,horizontal,290880,16:9,horizontal,241408,0.82992299229923,negative
negative_873.jpg,/kaggle/input/musait/dataset/basket/negative_873.jpg,1,"NDTV
NOTV
Gruesome Murder
In Mumbai","[{'x': 36, 'y': 39}, {'x': 442, 'y': 39}, {'x': 442, 'y': 357}, {'x': 36, 'y': 357}]",16:9,horizontal,290880,4:3,horizontal,129108,0.4438531353135314,negative
negative_874.jpg,/kaggle/input/musait/dataset/basket/negative_874.jpg,1,"UNIMAGINABLE
DELHI BRUTALITY
NEWS 18","[{'x': 12, 'y': 28}, {'x': 696, 'y': 28}, {'x': 696, 'y': 386}, {'x': 12, 'y': 386}]",16:9,horizontal,290880,16:9,horizontal,244872,0.8418316831683168,negative
negative_875.jpg,/kaggle/input/musait/dataset/basket/negative_875.jpg,1,"INDIAN-ORIGIN GANGS OF CANADA:
DRUGS, MURDERS & POLITICS
WION
DARK WORLD
Global Crime Series","[{'x': 23, 'y': 16}, {'x': 439, 'y': 16}, {'x': 439, 'y': 243}, {'x': 23, 'y': 243}]",16:9,horizontal,129600,16:9,horizontal,94432,0.7286419753086419,negative
negative_876.jpg,/kaggle/input/musait/dataset/basket/negative_876.jpg,1,"L
5
SUSPECT IN DEADLY BELLTOWN
SHOOTING CHARGED
ד","[{'x': 15, 'y': 21}, {'x': 692, 'y': 21}, {'x': 692, 'y': 367}, {'x': 15, 'y': 367}]",16:9,horizontal,290880,16:9,horizontal,234242,0.805287403740374,negative
negative_877.jpg,/kaggle/input/musait/dataset/basket/negative_877.jpg,1,"YOUNG DOLPH'S
KILLER FOUND DEAD
THE BREAKFAST
CLUB
RUMOR
REPORT","[{'x': 279, 'y': 19}, {'x': 706, 'y': 19}, {'x': 706, 'y': 347}, {'x': 279, 'y': 347}]",16:9,horizontal,290880,4:3,horizontal,140056,0.4814906490649065,negative
negative_878.jpg,/kaggle/input/musait/dataset/basket/negative_878.jpg,1,"WHO WAS THE HYDERABAD
WOMAN KILLED IN LONDON?
TOI","[{'x': 7, 'y': 60}, {'x': 682, 'y': 60}, {'x': 682, 'y': 334}, {'x': 7, 'y': 334}]",16:9,horizontal,290880,21:9,horizontal,184950,0.6358292079207921,negative
negative_879.jpg,/kaggle/input/musait/dataset/basket/negative_879.jpg,1,"'MONSTER MANOJ NOT
COOPERATING'
INDIA
TODAY","[{'x': 6, 'y': 22}, {'x': 685, 'y': 22}, {'x': 685, 'y': 380}, {'x': 6, 'y': 380}]",16:9,horizontal,290880,16:9,horizontal,243082,0.8356779427942794,negative
negative_880.jpg,/kaggle/input/musait/dataset/basket/negative_880.jpg,1,"FLORIDA JUROR IN SHOCK
FOX 13
RAPPER ACCUSED OF MURDER AFTER DOUBLE HOMICIDE ACQUITTAL","[{'x': 9, 'y': 243}, {'x': 716, 'y': 243}, {'x': 716, 'y': 304}, {'x': 9, 'y': 304}]",16:9,horizontal,290880,Other,other,43127,0.1482638888888889,negative
negative_881.jpg,/kaggle/input/musait/dataset/basket/negative_881.jpg,1,"BREAKING NEWS
SHOOTING
IN DELHI
R.","[{'x': 32, 'y': 54}, {'x': 692, 'y': 54}, {'x': 692, 'y': 377}, {'x': 32, 'y': 377}]",16:9,horizontal,290880,2:1,horizontal,213180,0.7328795379537953,negative
negative_882.jpg,/kaggle/input/musait/dataset/basket/negative_882.jpg,1,"MURDER WEAPON
RECOVERED
INDIA
TODAY","[{'x': 6, 'y': 22}, {'x': 687, 'y': 22}, {'x': 687, 'y': 393}, {'x': 6, 'y': 393}]",16:9,horizontal,290880,16:9,horizontal,252651,0.8685746699669967,negative
negative_883.jpg,/kaggle/input/musait/dataset/basket/negative_883.jpg,1,"sky news
ALFIE STEELE'S
MURDERERS
JAILED","[{'x': 32, 'y': 38}, {'x': 366, 'y': 38}, {'x': 366, 'y': 279}, {'x': 32, 'y': 279}]",16:9,horizontal,290880,4:3,horizontal,80494,0.2767257975797579,negative
negative_884.jpg,/kaggle/input/musait/dataset/basket/negative_884.jpg,1,"INV
adidas
TWO KHALISTANI TERRORISTS
DEAD IN A WEEK","[{'x': 41, 'y': 27}, {'x': 677, 'y': 27}, {'x': 677, 'y': 359}, {'x': 41, 'y': 359}]",16:9,horizontal,290880,16:9,horizontal,211152,0.725907590759076,negative
negative_885.jpg,/kaggle/input/musait/dataset/basket/negative_885.jpg,1,"INDIAN-ORIGIN WOMEN
STABBED TO DEATH
London
the
quint
world","[{'x': 87, 'y': 24}, {'x': 715, 'y': 24}, {'x': 715, 'y': 398}, {'x': 87, 'y': 398}]",16:9,horizontal,290880,Other,other,234872,0.8074532453245324,negative
negative_886.jpg,/kaggle/input/musait/dataset/basket/negative_886.jpg,1,"MAN MURDERED, BODY
CHOPPED INTO PIECES
INDIA
TODAY","[{'x': 5, 'y': 22}, {'x': 686, 'y': 22}, {'x': 686, 'y': 389}, {'x': 5, 'y': 389}]",16:9,horizontal,290880,16:9,horizontal,249927,0.8592099834983499,negative
negative_887.jpg,/kaggle/input/musait/dataset/basket/negative_887.jpg,1,"ANGER OVER GRUESOME
HIMACHAL KILLING
NEWS 18
Click
SHULT IS WITH CAMERA","[{'x': 17, 'y': 8}, {'x': 718, 'y': 8}, {'x': 718, 'y': 385}, {'x': 17, 'y': 385}]",16:9,horizontal,290880,16:9,horizontal,264277,0.9085430418041804,negative
negative_888.jpg,/kaggle/input/musait/dataset/basket/negative_888.jpg,1,"HOMICIDE ARREST
KEITH
PHILLIPS
PREVIOUS CONVICTION
ON WEAPONS CHARGE
FOX
FOXS COM WE ARE FOXSY
VOXSF.COM WEARE FOXS FOX37.COM WE ARE FOXSY
FOXS.COM W
59
5:03
69°
NEWS
HENSLEY
SON
HLO
RIGHT NOW
71°","[{'x': 64, 'y': 46}, {'x': 666, 'y': 46}, {'x': 666, 'y': 382}, {'x': 64, 'y': 382}]",16:9,horizontal,290880,16:9,horizontal,202272,0.6953795379537954,negative
negative_889.jpg,/kaggle/input/musait/dataset/basket/negative_889.jpg,1,"NEWS
Delhi Fridge Murder
CCTV Footage Shows Nikki Yadav
Hours Before Death","[{'x': 30, 'y': 14}, {'x': 629, 'y': 14}, {'x': 629, 'y': 374}, {'x': 30, 'y': 374}]",16:9,horizontal,290880,Other,other,215640,0.7413366336633663,negative
negative_890.jpg,/kaggle/input/musait/dataset/basket/negative_890.jpg,1,"INDIA
TODAY
आर्यभट्ट महाविद्यालय
ARYABHATTA COLLEGE
UNIVERSITY OF DELHI
Benito Juarez Marg, South Campus, New Delhi-110021
DELHI UNIVERSITY STUDENT
STABBED TO DEATH","[{'x': 5, 'y': 35}, {'x': 703, 'y': 35}, {'x': 703, 'y': 388}, {'x': 5, 'y': 388}]",16:9,horizontal,290880,16:9,horizontal,246394,0.8470640814081408,negative
negative_891.jpg,/kaggle/input/musait/dataset/basket/negative_891.jpg,1,"D.R. CONGO
UGANDA
MPONDWE
UGANDA
SCHOOL ATTACK","[{'x': 2, 'y': 114}, {'x': 435, 'y': 114}, {'x': 435, 'y': 387}, {'x': 2, 'y': 387}]",16:9,horizontal,290880,3:2,horizontal,118209,0.4063840759075907,negative
negative_892.jpg,/kaggle/input/musait/dataset/basket/negative_892.jpg,1,"THREE YOUNG BOYS KILLED IN SHOOTING
FATHER CHARGED WITH THREE COUNTS OF AGGRAVATED MURDER
BREAKING
NEWS
5
WLWT","[{'x': 54, 'y': 322}, {'x': 637, 'y': 322}, {'x': 637, 'y': 361}, {'x': 54, 'y': 361}]",16:9,horizontal,290880,Other,other,22737,0.0781662541254125,negative
negative_893.jpg,/kaggle/input/musait/dataset/basket/negative_893.jpg,1,"Courtesy: Jeremy Moore
PERSON OF INTEREST IN YOUNG DOLPH
KILLING FOUND DEAD IN ORANGE MOUND
WREG.COM","[{'x': 17, 'y': 26}, {'x': 649, 'y': 26}, {'x': 649, 'y': 362}, {'x': 17, 'y': 362}]",16:9,horizontal,290880,16:9,horizontal,212352,0.73003300330033,negative
negative_894.jpg,/kaggle/input/musait/dataset/basket/negative_894.jpg,1,"EM
EastMojo.com
DECEASED WOMAN WEARING TRIBAL CLOTHES,
APPEARS TO BE IN MID-40S: LOCALS
ASSAM","[{'x': 7, 'y': 19}, {'x': 685, 'y': 19}, {'x': 685, 'y': 387}, {'x': 7, 'y': 387}]",16:9,horizontal,290880,16:9,horizontal,249504,0.8577557755775578,negative
negative_895.jpg,/kaggle/input/musait/dataset/basket/negative_895.jpg,1,"EMPTY
DELHI DOUBLE MURDER
HORROR
INDIA
TODAY","[{'x': 7, 'y': 22}, {'x': 686, 'y': 22}, {'x': 686, 'y': 380}, {'x': 7, 'y': 380}]",16:9,horizontal,290880,16:9,horizontal,243082,0.8356779427942794,negative
negative_896.jpg,/kaggle/input/musait/dataset/basket/negative_896.jpg,1,"sky news
NOTTINGHAM: MAN
CHARGED WITH
THREE MURDERS
K","[{'x': 32, 'y': 38}, {'x': 701, 'y': 38}, {'x': 701, 'y': 329}, {'x': 32, 'y': 329}]",16:9,horizontal,290880,21:9,horizontal,194679,0.66927599009901,negative
negative_897.jpg,/kaggle/input/musait/dataset/basket/negative_897.jpg,1,"CHAMBA MURDER;
LOCALS WENT VIOLENT
TIMES
NOW","[{'x': 17, 'y': 15}, {'x': 704, 'y': 15}, {'x': 704, 'y': 375}, {'x': 17, 'y': 375}]",16:9,horizontal,290880,16:9,horizontal,247320,0.8502475247524752,negative
negative_898.jpg,/kaggle/input/musait/dataset/basket/negative_898.jpg,1,"sky news
MYSTERY
OVER
RAPPER'S DEATH","[{'x': 32, 'y': 38}, {'x': 418, 'y': 38}, {'x': 418, 'y': 282}, {'x': 32, 'y': 282}]",16:9,horizontal,290880,3:2,horizontal,94184,0.3237898789878988,negative
negative_899.jpg,/kaggle/input/musait/dataset/basket/negative_899.jpg,1,"The public murder
of a 16-year-old
girl in Delhi
Brut.","[{'x': 13, 'y': 17}, {'x': 704, 'y': 17}, {'x': 704, 'y': 390}, {'x': 13, 'y': 390}]",16:9,horizontal,290880,16:9,horizontal,257743,0.8860801705170517,negative
negative_900.jpg,/kaggle/input/musait/dataset/basket/negative_900.jpg,1,"REPRINT BROUGHT TO YOU BY M-C ASSOCIATES
WAR EXTRA
BALTIMORE
HANGING
NEWS-POST
THE
ENDENT
APER
The
Largest
Evening
Circulation
in
the
Entire
VOL. CXL.-NO. 28
Entered a second-class matter at Baltimore Postoffice,
MONDAY, DECEMBER 8, 1941
South
PRICE 3 CENTS
JAPS BOMB
U. S. ISLANDS
II
M 1 Attached","[{'x': 155, 'y': 365}, {'x': 2504, 'y': 365}, {'x': 2504, 'y': 1749}, {'x': 155, 'y': 1749}]",4:3,horizontal,4915200,Other,other,3251016,0.6614208984375,negative
negative_901.jpg,/kaggle/input/musait/dataset/basket/negative_901.jpg,1,"obc NEWS SPECIAL REPORT
TWO BOMB EXPLOSIONS AT
THE BOSTON MARATHON
adidas","[{'x': 56, 'y': 448}, {'x': 703, 'y': 448}, {'x': 703, 'y': 598}, {'x': 56, 'y': 598}]",4:3,horizontal,479400,Other,other,97050,0.2024405506883604,negative
negative_902.jpeg,/kaggle/input/musait/dataset/basket/negative_902.jpeg,1,"STORM ALEX
FLOODING IN FRANCE","[{'x': 11, 'y': 108}, {'x': 129, 'y': 108}, {'x': 129, 'y': 156}, {'x': 11, 'y': 156}]",16:9,horizontal,50400,21:9,horizontal,5664,0.1123809523809523,negative
negative_903.jpeg,/kaggle/input/musait/dataset/basket/negative_903.jpeg,1,"Murali_rout
I don't need your love
cause I already cried enough","[{'x': 63, 'y': 328}, {'x': 551, 'y': 328}, {'x': 551, 'y': 717}, {'x': 63, 'y': 717}]",1:1,box,518400,4:3,horizontal,189832,0.3661882716049383,negative
negative_904.jpeg,/kaggle/input/musait/dataset/basket/negative_904.jpeg,1,"BAD
NEWS!","[{'x': 22, 'y': 6}, {'x': 138, 'y': 6}, {'x': 138, 'y': 110}, {'x': 22, 'y': 110}]",3:2,horizontal,50325,1:1,box,12064,0.2397218082463984,negative
negative_905.png,/kaggle/input/musait/dataset/basket/negative_905.png,1,"NEW
Negative
Picxy","[{'x': 15, 'y': 0}, {'x': 304, 'y': 0}, {'x': 304, 'y': 141}, {'x': 15, 'y': 141}]",16:9,horizontal,50367,2:1,horizontal,40749,0.8090416344034784,negative
negative_906.jpg,/kaggle/input/musait/dataset/basket/negative_906.jpg,1,"DAY 9 OF PUTIN'S INVASION
NUCLEAR DISASTER LOOMS
INDIA
TODAY","[{'x': 58, 'y': 28}, {'x': 1236, 'y': 28}, {'x': 1236, 'y': 162}, {'x': 58, 'y': 162}]",16:9,horizontal,921600,Other,other,157852,0.1712803819444444,negative
negative_907.jpg,/kaggle/input/musait/dataset/basket/negative_907.jpg,1,GRIME SCENE,"[{'x': 0, 'y': 157}, {'x': 969, 'y': 157}, {'x': 969, 'y': 359}, {'x': 0, 'y': 359}]",16:9,horizontal,528650,Other,other,195738,0.370260096472146,negative
neutral_001.jpeg,/kaggle/input/musait/dataset/basket/neutral_001.jpeg,1,"Good you have scrolled for so
long
you have reached the
sanctum of the CONED CATS.
They wish you a nice life.
dnos A","[{'x': 0, 'y': 18}, {'x': 712, 'y': 18}, {'x': 712, 'y': 508}, {'x': 0, 'y': 508}]",1:1,box,609120,4:3,horizontal,348880,0.5727607039663777,neutral
neutral_002.jpg,/kaggle/input/musait/dataset/basket/neutral_002.jpg,1,"A developer's
first setup
A developer's
setup after 1
year
FINDPRO","[{'x': 16, 'y': 123}, {'x': 275, 'y': 123}, {'x': 275, 'y': 715}, {'x': 16, 'y': 715}]",1:1,box,518400,9:16,vertical,153328,0.2957716049382716,neutral
neutral_003.jpg,/kaggle/input/musait/dataset/basket/neutral_003.jpg,1,मेरे,"[{'x': 107, 'y': 0}, {'x': 124, 'y': 0}, {'x': 124, 'y': 25}, {'x': 107, 'y': 25}]",4:3,horizontal,50246,3:4,vertical,425,0.0084583847470445,neutral
neutral_004.jpg,/kaggle/input/musait/dataset/basket/neutral_004.jpg,0,,[],3:2,horizontal,50318,,,0,0.0,neutral
neutral_005.jpg,/kaggle/input/musait/dataset/basket/neutral_005.jpg,1,"A developer's
first setup
A developer's
setup after 1
year
FINDPRO","[{'x': 16, 'y': 123}, {'x': 275, 'y': 123}, {'x': 275, 'y': 715}, {'x': 16, 'y': 715}]",1:1,box,518400,9:16,vertical,153328,0.2957716049382716,neutral
neutral_006.jpeg,/kaggle/input/musait/dataset/basket/neutral_006.jpeg,1,"C
WOLM INDUSTRY
PELESE SED
FROR
FRESSER
What is needed for a
good relationship?
Primary Keys","[{'x': 0, 'y': 232}, {'x': 634, 'y': 232}, {'x': 634, 'y': 815}, {'x': 0, 'y': 815}]",1:1,box,603360,1:1,box,369622,0.612606072659772,neutral
neutral_007.jpg,/kaggle/input/musait/dataset/basket/neutral_007.jpg,1,"1. Palindrome
In Case of String
def palindrome (s):
temp = 5[::-1]
if stemp:
print(""Yes!! It's Palindrome"")
else:
print(""No!! It's not palindrome"")
s=""nitin""
palindrome(s)
#By using indexing using for loop
def palindrome2(s):
n = len(s)
for i in range(n):
if s[i] != s[n-i-1]:
return False
return True
By using Inbuilt functions reversed and join
def palindrome3(s):
reverse_s reversed(s)
# print(reverse_s)
# for i in reverse_s:
O print(i))
temp = .join(reversed(s))
if stemp:
return True
else:
return False
(N NITIN MANGOTRA
THANGOTRA
#By Using while loop
def palindrome4(s):
n = len(s)
first = 0
last = n-1
while(first <last):
if s[first] s [last]:
first += 1 #first=first+1
last = 1 #last = last+1
else:
return False
return True
In Case Of Number
#In Case of Numbers:
#By Using Split Method
def palindrome5(n):
s = str(n)
temp = s[::-1]
if s == temp:
return True
else:
return False
#By using while loop.
def palindrome6(n):
temp = n #1456
rev_n = 0
while (temp>0):
digit = temp % 10
rev n = rev_n 10 + digit
temp = temp // 10
if n == rev_n:
return True
else:
return False","[{'x': 49, 'y': 32}, {'x': 650, 'y': 32}, {'x': 650, 'y': 1024}, {'x': 49, 'y': 1024}]",3:4,vertical,777600,3:4,vertical,596192,0.7667078189300411,neutral
neutral_008.jpg,/kaggle/input/musait/dataset/basket/neutral_008.jpg,1,UniCredit Banca,"[{'x': 181, 'y': 3}, {'x': 342, 'y': 3}, {'x': 342, 'y': 42}, {'x': 181, 'y': 42}]",3:4,vertical,426400,Other,other,6279,0.0147256097560975,neutral
neutral_009.jpg,/kaggle/input/musait/dataset/basket/neutral_009.jpg,0,,[],3:4,vertical,50496,,,0,0.0,neutral
neutral_010.jpg,/kaggle/input/musait/dataset/basket/neutral_010.jpg,1,"1. Palindrome
In Case of String
def palindrome (s):
temp = 5[::-1]
if stemp:
print(""Yes!! It's Palindrome"")
else:
print(""No!! It's not palindrome"")
s=""nitin""
palindrome(s)
#By using indexing using for loop
def palindrome2(s):
n = len(s)
for i in range(n):
if s[i] != s[n-i-1]:
return False
return True
By using Inbuilt functions reversed and join
def palindrome3(s):
reverse_s reversed(s)
# print(reverse_s)
# for i in reverse_s:
O print(i))
temp = .join(reversed(s))
if stemp:
return True
else:
return False
(N NITIN MANGOTRA
THANGOTRA
#By Using while loop
def palindrome4(s):
n = len(s)
first = 0
last = n-1
while(first <last):
if s[first] s [last]:
first += 1 #first=first+1
last = 1 #last = last+1
else:
return False
return True
In Case Of Number
#In Case of Numbers:
#By Using Split Method
def palindrome5(n):
s = str(n)
temp = s[::-1]
if s == temp:
return True
else:
return False
#By using while loop.
def palindrome6(n):
temp = n #1456
rev_n = 0
while (temp>0):
digit = temp % 10
rev n = rev_n 10 + digit
temp = temp // 10
if n == rev_n:
return True
else:
return False","[{'x': 49, 'y': 32}, {'x': 650, 'y': 32}, {'x': 650, 'y': 1024}, {'x': 49, 'y': 1024}]",3:4,vertical,777600,3:4,vertical,596192,0.7667078189300411,neutral
neutral_011.jpg,/kaggle/input/musait/dataset/basket/neutral_011.jpg,1,"Cooked Dried Fruit
1/2 lb - prunes apricots, or peaches
2-3 C. water
IT. lemon juice
stick cinnamon or cloved for pruxes
1. Place fruit in frater over them.
Munning
strainer & wash by
in warn water 30-40 min
2. Soak fruit
Cook slowly
3.
4.
until tender in the
same water soaked in
Add lemon juice & spice of simmer
2-3 min!
5. Cool
Vintage. Recipes/Cooked-Dried-Fruit
(4 servings)","[{'x': 7, 'y': 37}, {'x': 976, 'y': 37}, {'x': 976, 'y': 1175}, {'x': 7, 'y': 1175}]",3:4,vertical,1188000,1:1,box,1102722,0.9282171717171716,neutral
neutral_012.jpg,/kaggle/input/musait/dataset/basket/neutral_012.jpg,1,"nh404@Desktop: $ python3.10
Python 3.10.4 (main, Mar 24 2022, 16:12:56) [GCC 9.4.0] on linux
Type ""help"", ""copyright"", ""credits"" or ""license"" for more information.
>>> import turtle
Traceback (most recent call last):
File ""<stdin>"", line 1, in <module>
File ""/usr/lib/python3.10/turtle.py"", line 107, in <module>
import tkinter
ModuleNotFoundError: No module named 'tkinter'
>>> import Turtle
Traceback (most recent call last):
File ""<stdin>"", line 1, in <module>
ModuleNotFoundError: No module named 'Turtle'
>>> import tkinter
Traceback (most recent call last):
File ""<stdin>"", line 1, in <module>
ModuleNotFoundError: No module named 'tkinter'
>>>","[{'x': 0, 'y': 49}, {'x': 630, 'y': 49}, {'x': 630, 'y': 366}, {'x': 0, 'y': 366}]",Other,other,259120,16:9,horizontal,199710,0.7707239888854585,neutral
neutral_013.jpg,/kaggle/input/musait/dataset/basket/neutral_013.jpg,0,,[],3:2,horizontal,50325,,,0,0.0,neutral
neutral_014.jpg,/kaggle/input/musait/dataset/basket/neutral_014.jpg,1,F,"[{'x': 45, 'y': 71}, {'x': 54, 'y': 71}, {'x': 54, 'y': 79}, {'x': 45, 'y': 79}]",1:1,box,10000,1:1,box,72,0.0072,neutral
neutral_015.jpg,/kaggle/input/musait/dataset/basket/neutral_015.jpg,1,"nh404@Desktop: $ python3.10
Python 3.10.4 (main, Mar 24 2022, 16:12:56) [GCC 9.4.0] on linux
Type ""help"", ""copyright"", ""credits"" or ""license"" for more information.
>>> import turtle
Traceback (most recent call last):
File ""<stdin>"", line 1, in <module>
File ""/usr/lib/python3.10/turtle.py"", line 107, in <module>
import tkinter
ModuleNotFoundError: No module named 'tkinter'
>>> import Turtle
Traceback (most recent call last):
File ""<stdin>"", line 1, in <module>
ModuleNotFoundError: No module named 'Turtle'
>>> import tkinter
Traceback (most recent call last):
File ""<stdin>"", line 1, in <module>
ModuleNotFoundError: No module named 'tkinter'
>>>","[{'x': 0, 'y': 49}, {'x': 630, 'y': 49}, {'x': 630, 'y': 366}, {'x': 0, 'y': 366}]",Other,other,259120,16:9,horizontal,199710,0.7707239888854585,neutral
neutral_016.jpeg,/kaggle/input/musait/dataset/basket/neutral_016.jpeg,1,"she:
First date
me:
a","[{'x': 23, 'y': 29}, {'x': 561, 'y': 29}, {'x': 561, 'y': 222}, {'x': 23, 'y': 222}]",1:1,box,285496,Other,other,103834,0.3636968644044049,neutral
neutral_017.jpg,/kaggle/input/musait/dataset/basket/neutral_017.jpg,1,"2
234
4
<import yoruba from %Nigeria//>
<! YORUBATYPE html>
<ori>
<oruko>%>ede programming titun ti yoruba
</oruko%>
</ori>
5
6
<ara%>
7
8
9
10
<ori alakoko>Omo yoruba atata ni mi</ori>
</ara%\\>
<eso%>
ori alakoko {
11
titobi: 50px;
12
13
}
14
15
16
sisanra: 10px;
</eso\\%>
<lati owo @ronniepaul ni ede programming yi
ti seyo%//>
// ese pupo \\","[{'x': 34, 'y': 17}, {'x': 472, 'y': 17}, {'x': 472, 'y': 388}, {'x': 34, 'y': 388}]",4:3,horizontal,190080,5:4,horizontal,162498,0.8548926767676768,neutral
neutral_018.jpg,/kaggle/input/musait/dataset/basket/neutral_018.jpg,1,SAMSU,"[{'x': 852, 'y': 395}, {'x': 915, 'y': 395}, {'x': 915, 'y': 421}, {'x': 852, 'y': 421}]",4:3,horizontal,786432,21:9,horizontal,1638,0.0020828247070312,neutral
neutral_019.jpg,/kaggle/input/musait/dataset/basket/neutral_019.jpg,0,,[],1:1,box,10000,,,0,0.0,neutral
neutral_020.jpg,/kaggle/input/musait/dataset/basket/neutral_020.jpg,1,"2
234
4
<import yoruba from %Nigeria//>
<! YORUBATYPE html>
<ori>
<oruko>%>ede programming titun ti yoruba
</oruko%>
</ori>
5
6
<ara%>
7
8
9
10
<ori alakoko>Omo yoruba atata ni mi</ori>
</ara%\\>
<eso%>
ori alakoko {
11
titobi: 50px;
12
13
}
14
15
16
sisanra: 10px;
</eso\\%>
<lati owo @ronniepaul ni ede programming yi
ti seyo%//>
// ese pupo \\","[{'x': 34, 'y': 17}, {'x': 472, 'y': 17}, {'x': 472, 'y': 388}, {'x': 34, 'y': 388}]",4:3,horizontal,190080,5:4,horizontal,162498,0.8548926767676768,neutral
neutral_021.jpeg,/kaggle/input/musait/dataset/basket/neutral_021.jpeg,1,"回
KEDA
Is that
all you need?
Yes.
bash scripts-","[{'x': 29, 'y': 125}, {'x': 655, 'y': 125}, {'x': 655, 'y': 516}, {'x': 29, 'y': 516}]",1:1,box,455625,3:2,horizontal,244766,0.5372093278463649,neutral
neutral_022.jpg,/kaggle/input/musait/dataset/basket/neutral_022.jpg,1,"ghost mom
@radtoria
Following
My cat learned he could scoop up food with his
cone and stole my damn taco when I wasn't
looking
RETWEETS LIKES
5,633 10,834
RW","[{'x': 12, 'y': 16}, {'x': 556, 'y': 16}, {'x': 556, 'y': 792}, {'x': 12, 'y': 792}]",3:4,vertical,474516,3:4,vertical,422144,0.8896306973842821,neutral
neutral_023.jpg,/kaggle/input/musait/dataset/basket/neutral_023.jpg,0,,[],4:3,horizontal,786432,,,0,0.0,neutral
neutral_024.jpg,/kaggle/input/musait/dataset/basket/neutral_024.jpg,1,4,"[{'x': 42, 'y': 29}, {'x': 52, 'y': 29}, {'x': 52, 'y': 34}, {'x': 42, 'y': 34}]",1:1,box,10000,16:9,horizontal,50,0.005,neutral
neutral_025.jpg,/kaggle/input/musait/dataset/basket/neutral_025.jpg,1,"ghost mom
@radtoria
Following
My cat learned he could scoop up food with his
cone and stole my damn taco when I wasn't
looking
RETWEETS LIKES
5,633 10,834
RW","[{'x': 12, 'y': 16}, {'x': 556, 'y': 16}, {'x': 556, 'y': 792}, {'x': 12, 'y': 792}]",3:4,vertical,474516,3:4,vertical,422144,0.8896306973842821,neutral
neutral_026.jpeg,/kaggle/input/musait/dataset/basket/neutral_026.jpeg,1,"@fancy_starwars
""Why are you so obsessed with Star Wars?""
""It means more to me than you will ever know.""","[{'x': 4, 'y': 6}, {'x': 670, 'y': 6}, {'x': 670, 'y': 716}, {'x': 4, 'y': 716}]",1:1,box,516240,1:1,box,472860,0.9159693165969316,neutral
neutral_027.jpg,/kaggle/input/musait/dataset/basket/neutral_027.jpg,1,"it could all be so simple
Bongleris
you
me
horror
chicken wings
movie
marathon","[{'x': 27, 'y': 20}, {'x': 499, 'y': 20}, {'x': 499, 'y': 531}, {'x': 27, 'y': 531}]",1:1,box,310500,1:1,box,241192,0.7767858293075685,neutral
neutral_028.jpg,/kaggle/input/musait/dataset/basket/neutral_028.jpg,0,,[],1:1,box,10000,,,0,0.0,neutral
neutral_029.jpg,/kaggle/input/musait/dataset/basket/neutral_029.jpg,0,,[],1:1,box,10000,,,0,0.0,neutral
neutral_030.jpg,/kaggle/input/musait/dataset/basket/neutral_030.jpg,1,"it could all be so simple
Bongleris
you
me
horror
chicken wings
movie
marathon","[{'x': 27, 'y': 20}, {'x': 499, 'y': 20}, {'x': 499, 'y': 531}, {'x': 27, 'y': 531}]",1:1,box,310500,1:1,box,241192,0.7767858293075685,neutral
neutral_031.jpeg,/kaggle/input/musait/dataset/basket/neutral_031.jpeg,1,"""How to pick up chicks""
Google
Bing","[{'x': 15, 'y': 20}, {'x': 693, 'y': 20}, {'x': 693, 'y': 219}, {'x': 15, 'y': 219}]",1:1,box,482400,Other,other,134922,0.2796890547263682,neutral
neutral_032.jpg,/kaggle/input/musait/dataset/basket/neutral_032.jpg,1,"135. A tradesman gives 4% dis-
count on the marked price
and gives 1 article free for
buying every 15 articles and
thus gains 35%. The marked
price is increased above the
cost price by
(1) 40%
(3) 50%
(2).39%
(4) 20%
to do
136 A and B undert","[{'x': 6, 'y': 3}, {'x': 689, 'y': 3}, {'x': 689, 'y': 445}, {'x': 6, 'y': 445}]",3:2,horizontal,321120,3:2,horizontal,301886,0.9401033881415048,neutral
neutral_033.jpg,/kaggle/input/musait/dataset/basket/neutral_033.jpg,0,,[],1:1,box,10000,,,0,0.0,neutral
neutral_034.jpg,/kaggle/input/musait/dataset/basket/neutral_034.jpg,1,70,"[{'x': 38, 'y': 3}, {'x': 47, 'y': 3}, {'x': 47, 'y': 10}, {'x': 38, 'y': 10}]",Other,other,31200,4:3,horizontal,63,0.0020192307692307,neutral
neutral_035.jpg,/kaggle/input/musait/dataset/basket/neutral_035.jpg,1,"135. A tradesman gives 4% dis-
count on the marked price
and gives 1 article free for
buying every 15 articles and
thus gains 35%. The marked
price is increased above the
cost price by
(1) 40%
(3) 50%
(2).39%
(4) 20%
to do
136 A and B undert","[{'x': 6, 'y': 3}, {'x': 689, 'y': 3}, {'x': 689, 'y': 445}, {'x': 6, 'y': 445}]",3:2,horizontal,321120,3:2,horizontal,301886,0.9401033881415048,neutral
neutral_036.jpeg,/kaggle/input/musait/dataset/basket/neutral_036.jpeg,1,"Spice
a alamy stock photo
alam
a
R
alany
alac","[{'x': 10, 'y': 1}, {'x': 266, 'y': 1}, {'x': 266, 'y': 184}, {'x': 10, 'y': 184}]",4:3,horizontal,50196,4:3,horizontal,46848,0.9333014582835286,neutral
neutral_037.jpg,/kaggle/input/musait/dataset/basket/neutral_037.jpg,1,"Question
CSE 102
69. Write a programme to print the pattern.
1
46
9 11 13
17 19 21-23
Me
My
Answer
#include <stdio.h>
int main()
{
printf(""1\n"");
printf(""4 6\n"");
printf(""9 11 13\n"");
printf(""17 19 21 23\n"");
return 0;
Teacher","[{'x': 51, 'y': 39}, {'x': 689, 'y': 39}, {'x': 689, 'y': 738}, {'x': 51, 'y': 738}]",3:4,vertical,637602,1:1,box,445962,0.6994363254820405,neutral
neutral_038.jpg,/kaggle/input/musait/dataset/basket/neutral_038.jpg,0,,[],1:1,box,10000,,,0,0.0,neutral
neutral_039.jpg,/kaggle/input/musait/dataset/basket/neutral_039.jpg,0,,[],21:9,horizontal,36722,,,0,0.0,neutral
neutral_040.jpg,/kaggle/input/musait/dataset/basket/neutral_040.jpg,1,"Question
CSE 102
69. Write a programme to print the pattern.
1
46
9 11 13
17 19 21-23
Me
My
Answer
#include <stdio.h>
int main()
{
printf(""1\n"");
printf(""4 6\n"");
printf(""9 11 13\n"");
printf(""17 19 21 23\n"");
return 0;
Teacher","[{'x': 51, 'y': 39}, {'x': 689, 'y': 39}, {'x': 689, 'y': 738}, {'x': 51, 'y': 738}]",3:4,vertical,637602,1:1,box,445962,0.6994363254820405,neutral
neutral_041.jpeg,/kaggle/input/musait/dataset/basket/neutral_041.jpeg,1,"MD
MD
PASSION FRUIT JAM","[{'x': 78, 'y': 28}, {'x': 152, 'y': 28}, {'x': 152, 'y': 125}, {'x': 78, 'y': 125}]",1:1,box,50625,3:4,vertical,7178,0.1417876543209876,neutral
neutral_042.jpg,/kaggle/input/musait/dataset/basket/neutral_042.jpg,1,"Working with Java as a Python
programmer
Meme
ArrayList can not be used for primitive types, like int, char, etc. We need a
wrapper class for such cases.
ARD
Why are you the way that you are?","[{'x': 2, 'y': 12}, {'x': 687, 'y': 12}, {'x': 687, 'y': 660}, {'x': 2, 'y': 660}]",1:1,box,491760,1:1,box,443880,0.9026354319180088,neutral
neutral_043.jpg,/kaggle/input/musait/dataset/basket/neutral_043.jpg,1,www,"[{'x': 69, 'y': 7}, {'x': 87, 'y': 7}, {'x': 87, 'y': 18}, {'x': 69, 'y': 18}]",1:1,box,10000,3:2,horizontal,198,0.0198,neutral
neutral_044.jpg,/kaggle/input/musait/dataset/basket/neutral_044.jpg,0,,[],Other,other,21920,,,0,0.0,neutral
neutral_045.jpg,/kaggle/input/musait/dataset/basket/neutral_045.jpg,1,"Working with Java as a Python
programmer
Meme
ArrayList can not be used for primitive types, like int, char, etc. We need a
wrapper class for such cases.
ARD
Why are you the way that you are?","[{'x': 2, 'y': 12}, {'x': 687, 'y': 12}, {'x': 687, 'y': 660}, {'x': 2, 'y': 660}]",1:1,box,491760,1:1,box,443880,0.9026354319180088,neutral
neutral_046.jpg,/kaggle/input/musait/dataset/basket/neutral_046.jpg,1,"If oil can float on water, put
oil on your feet and walk in
the ocean. Simple.
calm down
calm down","[{'x': 8, 'y': 193}, {'x': 299, 'y': 193}, {'x': 299, 'y': 323}, {'x': 8, 'y': 323}]",3:4,vertical,136500,21:9,horizontal,37830,0.2771428571428571,neutral
neutral_047.png,/kaggle/input/musait/dataset/basket/neutral_047.png,1,To,"[{'x': 274, 'y': 68}, {'x': 293, 'y': 68}, {'x': 293, 'y': 80}, {'x': 274, 'y': 80}]",16:9,horizontal,142500,3:2,horizontal,228,0.0016,neutral
neutral_048.jpg,/kaggle/input/musait/dataset/basket/neutral_048.jpg,0,,[],3:2,horizontal,50318,,,0,0.0,neutral
neutral_049.jpg,/kaggle/input/musait/dataset/basket/neutral_049.jpg,0,,[],Other,other,22275,,,0,0.0,neutral
neutral_050.jpg,/kaggle/input/musait/dataset/basket/neutral_050.jpg,1,"If oil can float on water, put
oil on your feet and walk in
the ocean. Simple.
calm down
calm down","[{'x': 8, 'y': 193}, {'x': 299, 'y': 193}, {'x': 299, 'y': 323}, {'x': 8, 'y': 323}]",3:4,vertical,136500,21:9,horizontal,37830,0.2771428571428571,neutral
neutral_051.jpeg,/kaggle/input/musait/dataset/basket/neutral_051.jpeg,1,cat yawning step by step,"[{'x': 17, 'y': 16}, {'x': 436, 'y': 16}, {'x': 436, 'y': 54}, {'x': 17, 'y': 54}]",1:1,box,564480,Other,other,15922,0.0282064909297052,neutral
neutral_052.jpg,/kaggle/input/musait/dataset/basket/neutral_052.jpg,0,,[],3:4,vertical,50496,,,0,0.0,neutral
neutral_053.jpeg,/kaggle/input/musait/dataset/basket/neutral_053.jpeg,1,"WHAT IF I TOLD YOU,
WE ALL HAVE PROBLEMS
SOME OF US JUST CHOOSE
NOT TO POST THEM ON FACEBOOK","[{'x': 20, 'y': 181}, {'x': 460, 'y': 181}, {'x': 460, 'y': 535}, {'x': 20, 'y': 535}]",1:1,box,255960,4:3,horizontal,155760,0.6085325832161275,neutral
neutral_054.jpg,/kaggle/input/musait/dataset/basket/neutral_054.jpg,1,AIR NEW ZEALAN,"[{'x': 156, 'y': 55}, {'x': 228, 'y': 55}, {'x': 228, 'y': 63}, {'x': 156, 'y': 63}]",Other,other,31137,Other,other,576,0.0184988919934483,neutral
neutral_055.jpeg,/kaggle/input/musait/dataset/basket/neutral_055.jpeg,1,"Bees AL
Public - + Album
O Off->
Stop acting like broken
When you're chilling in real life
thebeesalxp_21","[{'x': 7, 'y': 202}, {'x': 673, 'y': 202}, {'x': 673, 'y': 699}, {'x': 7, 'y': 699}]",1:1,box,518400,4:3,horizontal,331002,0.6385069444444444,neutral
neutral_056.jpg,/kaggle/input/musait/dataset/basket/neutral_056.jpg,1,"When you flush the toilet
and the water starts rising","[{'x': 3, 'y': 1}, {'x': 239, 'y': 1}, {'x': 239, 'y': 44}, {'x': 3, 'y': 44}]",1:1,box,57600,Other,other,10148,0.1761805555555555,neutral
neutral_057.jpg,/kaggle/input/musait/dataset/basket/neutral_057.jpg,0,,[],1:1,box,50388,,,0,0.0,neutral
neutral_058.jpg,/kaggle/input/musait/dataset/basket/neutral_058.jpg,1,xn.03smoboots,"[{'x': 99, 'y': 59}, {'x': 212, 'y': 59}, {'x': 212, 'y': 70}, {'x': 99, 'y': 70}]",Other,other,31482,Other,other,1243,0.0394828791055206,neutral
neutral_059.jpg,/kaggle/input/musait/dataset/basket/neutral_059.jpg,1,"When you flush the toilet
and the water starts rising","[{'x': 3, 'y': 1}, {'x': 239, 'y': 1}, {'x': 239, 'y': 44}, {'x': 3, 'y': 44}]",1:1,box,57600,Other,other,10148,0.1761805555555555,neutral
neutral_060.jpeg,/kaggle/input/musait/dataset/basket/neutral_060.jpeg,1,"Consulting
Loans
H
S
IJ
Sch","[{'x': 0, 'y': 67}, {'x': 165, 'y': 67}, {'x': 165, 'y': 203}, {'x': 0, 'y': 203}]",1:1,box,50625,4:3,horizontal,22440,0.4432592592592592,neutral
neutral_061.jpg,/kaggle/input/musait/dataset/basket/neutral_061.jpg,1,ز الصحي,"[{'x': 659, 'y': 822}, {'x': 722, 'y': 822}, {'x': 722, 'y': 868}, {'x': 659, 'y': 868}]",4:3,horizontal,12000000,4:3,horizontal,2898,0.0002415,neutral
neutral_062.png,/kaggle/input/musait/dataset/basket/neutral_062.png,1,N,"[{'x': 67, 'y': 70}, {'x': 157, 'y': 70}, {'x': 157, 'y': 155}, {'x': 67, 'y': 155}]",1:1,box,50625,1:1,box,7650,0.1511111111111111,neutral
neutral_063.jpg,/kaggle/input/musait/dataset/basket/neutral_063.jpg,1,SNAVY 203,"[{'x': 76, 'y': 77}, {'x': 154, 'y': 77}, {'x': 154, 'y': 95}, {'x': 76, 'y': 95}]",16:9,horizontal,41850,Other,other,1404,0.0335483870967741,neutral
neutral_064.png,/kaggle/input/musait/dataset/basket/neutral_064.png,1,N,"[{'x': 67, 'y': 70}, {'x': 157, 'y': 70}, {'x': 157, 'y': 155}, {'x': 67, 'y': 155}]",1:1,box,50625,1:1,box,7650,0.1511111111111111,neutral
neutral_065.jpeg,/kaggle/input/musait/dataset/basket/neutral_065.jpeg,1,"They mixed up parts at the cat
factory","[{'x': 11, 'y': 42}, {'x': 555, 'y': 42}, {'x': 555, 'y': 126}, {'x': 11, 'y': 126}]",1:1,box,452160,Other,other,45696,0.1010615711252654,neutral
neutral_066.jpg,/kaggle/input/musait/dataset/basket/neutral_066.jpg,1,VOLE,"[{'x': 229, 'y': 16}, {'x': 250, 'y': 16}, {'x': 250, 'y': 25}, {'x': 229, 'y': 25}]",3:2,horizontal,50325,21:9,horizontal,189,0.0037555886736214,neutral
neutral_067.jpeg,/kaggle/input/musait/dataset/basket/neutral_067.jpeg,1,"I LOVE MANGO?
I LOVE APPLE?","[{'x': 6, 'y': 8}, {'x': 272, 'y': 8}, {'x': 272, 'y': 280}, {'x': 6, 'y': 280}]",1:1,box,85400,1:1,box,72352,0.8472131147540983,neutral
neutral_068.jpg,/kaggle/input/musait/dataset/basket/neutral_068.jpg,0,,[],16:9,horizontal,50400,,,0,0.0,neutral
neutral_069.jpeg,/kaggle/input/musait/dataset/basket/neutral_069.jpeg,1,"I LOVE MANGO?
I LOVE APPLE?","[{'x': 6, 'y': 8}, {'x': 273, 'y': 8}, {'x': 273, 'y': 280}, {'x': 6, 'y': 280}]",1:1,box,85400,1:1,box,72624,0.8503981264637003,neutral
neutral_070.jpg,/kaggle/input/musait/dataset/basket/neutral_070.jpg,1,"NOT SURE IF ACTUALLY HAVE
FREE TIME
OR JUST FORGETTING EVERYTHING
quickmeme.com","[{'x': 18, 'y': 20}, {'x': 698, 'y': 20}, {'x': 698, 'y': 524}, {'x': 18, 'y': 524}]",4:3,horizontal,367500,4:3,horizontal,342720,0.9325714285714286,neutral
neutral_071.png,/kaggle/input/musait/dataset/basket/neutral_071.png,1,S,"[{'x': 73, 'y': 68}, {'x': 146, 'y': 68}, {'x': 146, 'y': 155}, {'x': 73, 'y': 155}]",1:1,box,50625,3:4,vertical,6351,0.1254518518518518,neutral
neutral_072.jpg,/kaggle/input/musait/dataset/basket/neutral_072.jpg,0,,[],16:9,horizontal,50562,,,0,0.0,neutral
neutral_073.jpg,/kaggle/input/musait/dataset/basket/neutral_073.jpg,0,,[],4:3,horizontal,786432,,,0,0.0,neutral
neutral_074.jpg,/kaggle/input/musait/dataset/basket/neutral_074.jpg,1,"NOT SURE IF ACTUALLY HAVE
FREE TIME
OR JUST FORGETTING EVERYTHING
quickmeme.com","[{'x': 18, 'y': 20}, {'x': 698, 'y': 20}, {'x': 698, 'y': 524}, {'x': 18, 'y': 524}]",4:3,horizontal,367500,4:3,horizontal,342720,0.9325714285714286,neutral
neutral_075.jpeg,/kaggle/input/musait/dataset/basket/neutral_075.jpeg,1,"All that I need for Valentine's Day is you
Poorly Made
Cat Memes","[{'x': 12, 'y': 41}, {'x': 646, 'y': 41}, {'x': 646, 'y': 501}, {'x': 12, 'y': 501}]",4:3,horizontal,372960,4:3,horizontal,291640,0.781960531960532,neutral
neutral_076.jpg,/kaggle/input/musait/dataset/basket/neutral_076.jpg,0,,[],16:9,horizontal,50400,,,0,0.0,neutral
neutral_077.png,/kaggle/input/musait/dataset/basket/neutral_077.png,1,"O
Ox2142
NETWORKING NONSENSE","[{'x': 30, 'y': 59}, {'x': 296, 'y': 59}, {'x': 296, 'y': 111}, {'x': 30, 'y': 111}]",16:9,horizontal,50400,Other,other,13832,0.2744444444444444,neutral
neutral_078.png,/kaggle/input/musait/dataset/basket/neutral_078.png,1,"O
Ox2142
NETWORKING NONSENSE","[{'x': 30, 'y': 59}, {'x': 296, 'y': 59}, {'x': 296, 'y': 111}, {'x': 30, 'y': 111}]",16:9,horizontal,50400,Other,other,13832,0.2744444444444444,neutral
neutral_079.jpeg,/kaggle/input/musait/dataset/basket/neutral_079.jpeg,1,"Why scientists had
long hairs","[{'x': 33, 'y': 0}, {'x': 439, 'y': 0}, {'x': 439, 'y': 148}, {'x': 33, 'y': 148}]",1:1,box,204000,Other,other,60088,0.2945490196078431,neutral
neutral_080.jpg,/kaggle/input/musait/dataset/basket/neutral_080.jpg,1,FA,"[{'x': 0, 'y': 12}, {'x': 36, 'y': 12}, {'x': 36, 'y': 46}, {'x': 0, 'y': 46}]",3:2,horizontal,50325,1:1,box,1224,0.0243219076005961,neutral
neutral_081.jpeg,/kaggle/input/musait/dataset/basket/neutral_081.jpeg,1,"ONLY ONE PERSON WOULD
TURN THIS INTO A MEME","[{'x': 5, 'y': 7}, {'x': 254, 'y': 7}, {'x': 254, 'y': 187}, {'x': 5, 'y': 187}]",4:3,horizontal,50440,4:3,horizontal,44820,0.8885804916732751,neutral
neutral_082.jpeg,/kaggle/input/musait/dataset/basket/neutral_082.jpeg,1,"ONLY ONE PERSON WOULD
TURN THIS INTO A MEME","[{'x': 5, 'y': 7}, {'x': 254, 'y': 7}, {'x': 254, 'y': 187}, {'x': 5, 'y': 187}]",4:3,horizontal,50440,4:3,horizontal,44820,0.8885804916732751,neutral
neutral_083.jpeg,/kaggle/input/musait/dataset/basket/neutral_083.jpeg,1,"Canon
When you are surrounded by
1000's years of history, but
there is a cat","[{'x': 20, 'y': 18}, {'x': 580, 'y': 18}, {'x': 580, 'y': 896}, {'x': 20, 'y': 896}]",3:4,vertical,650880,3:4,vertical,491680,0.7554080629301868,neutral
neutral_084.jpg,/kaggle/input/musait/dataset/basket/neutral_084.jpg,1,"imgflip.com
me: opens sunroof
everyone else on the submarine:
.","[{'x': 3, 'y': 13}, {'x': 661, 'y': 13}, {'x': 661, 'y': 696}, {'x': 3, 'y': 696}]",1:1,box,490000,1:1,box,449414,0.9171714285714284,neutral
neutral_085.jpg,/kaggle/input/musait/dataset/basket/neutral_085.jpg,0,,[],4:3,horizontal,50246,,,0,0.0,neutral
neutral_086.jpg,/kaggle/input/musait/dataset/basket/neutral_086.jpg,1,"imgflip.com
me: opens sunroof
everyone else on the submarine:
.","[{'x': 3, 'y': 13}, {'x': 661, 'y': 13}, {'x': 661, 'y': 696}, {'x': 3, 'y': 696}]",1:1,box,490000,1:1,box,449414,0.9171714285714284,neutral
neutral_087.jpeg,/kaggle/input/musait/dataset/basket/neutral_087.jpeg,1,"@the_grapher
8 boys 2 girls
8 males
2 females
10
8XY 2XX
2x(4y+x)
the rapher
10","[{'x': 43, 'y': 67}, {'x': 626, 'y': 67}, {'x': 626, 'y': 845}, {'x': 43, 'y': 845}]",3:4,vertical,648000,3:4,vertical,453574,0.6999598765432099,neutral
neutral_088.jpg,/kaggle/input/musait/dataset/basket/neutral_088.jpg,1,"Clips
13371-14
DENTIST
NEAR ME
207","[{'x': 0, 'y': 312}, {'x': 346, 'y': 312}, {'x': 346, 'y': 432}, {'x': 0, 'y': 432}]",3:4,vertical,368726,Other,other,41520,0.1126039389682311,neutral
neutral_089.png,/kaggle/input/musait/dataset/basket/neutral_089.png,1,"-funded
With
KICK
STARTER","[{'x': 50, 'y': 29}, {'x': 188, 'y': 29}, {'x': 188, 'y': 160}, {'x': 50, 'y': 160}]",1:1,box,50358,1:1,box,18078,0.358989634218992,neutral
neutral_090.png,/kaggle/input/musait/dataset/basket/neutral_090.png,1,"-funded
With
KICK
STARTER","[{'x': 50, 'y': 29}, {'x': 188, 'y': 29}, {'x': 188, 'y': 160}, {'x': 50, 'y': 160}]",1:1,box,50358,1:1,box,18078,0.358989634218992,neutral
neutral_091.jpeg,/kaggle/input/musait/dataset/basket/neutral_091.jpeg,1,"What people think:
00
What it's actually is:
IPS WAL
Senpe","[{'x': 0, 'y': 13}, {'x': 584, 'y': 13}, {'x': 584, 'y': 959}, {'x': 0, 'y': 959}]",3:4,vertical,561600,3:4,vertical,552464,0.9837321937321938,neutral
neutral_092.jpg,/kaggle/input/musait/dataset/basket/neutral_092.jpg,0,,[],1:1,box,276676,,,0,0.0,neutral
neutral_093.jpeg,/kaggle/input/musait/dataset/basket/neutral_093.jpeg,1,I'M WATCHING YOU,"[{'x': 119, 'y': 144}, {'x': 228, 'y': 144}, {'x': 228, 'y': 156}, {'x': 119, 'y': 156}]",3:2,horizontal,50268,Other,other,1308,0.0260205299594175,neutral
neutral_094.jpeg,/kaggle/input/musait/dataset/basket/neutral_094.jpeg,1,I'M WATCHING YOU,"[{'x': 119, 'y': 144}, {'x': 228, 'y': 144}, {'x': 228, 'y': 156}, {'x': 119, 'y': 156}]",3:2,horizontal,50268,Other,other,1308,0.0260205299594175,neutral
neutral_095.jpeg,/kaggle/input/musait/dataset/basket/neutral_095.jpeg,1,"3 weeks
52 weeks","[{'x': 297, 'y': 60}, {'x': 441, 'y': 60}, {'x': 441, 'y': 496}, {'x': 297, 'y': 496}]",3:4,vertical,647100,2:5,vertical,62784,0.0970236439499304,neutral
neutral_096.jpg,/kaggle/input/musait/dataset/basket/neutral_096.jpg,1,"THANK YOU
FOR BROWSING
FRESH
mecreatorapp.com","[{'x': 15, 'y': 6}, {'x': 453, 'y': 6}, {'x': 453, 'y': 454}, {'x': 15, 'y': 454}]",1:1,box,211600,1:1,box,196224,0.9273345935727788,neutral
neutral_097.jpeg,/kaggle/input/musait/dataset/basket/neutral_097.jpeg,0,,[],3:2,horizontal,50325,,,0,0.0,neutral
neutral_098.jpg,/kaggle/input/musait/dataset/basket/neutral_098.jpg,1,"THANK YOU
FOR BROWSING
FRESH
mecreatorapp.com","[{'x': 15, 'y': 6}, {'x': 453, 'y': 6}, {'x': 453, 'y': 454}, {'x': 15, 'y': 454}]",1:1,box,211600,1:1,box,196224,0.9273345935727788,neutral
neutral_099.jpeg,/kaggle/input/musait/dataset/basket/neutral_099.jpeg,1,"PROBLEMS
OUTPUT
DEBUG CONSOLE
TERMINAL
mario/ $ make mario
mario.c:7:19: error: expected ')'
while (height !1-8){ get_int (""Height: "");}
mario.c:7:11: note: to match this '('
while (height !1-8){ get_int (""Height: "");}
1 error generated.
make: *** [<builtin>: mario] Error 1
mario/ $
hp","[{'x': 38, 'y': 175}, {'x': 714, 'y': 175}, {'x': 714, 'y': 702}, {'x': 38, 'y': 702}]",3:4,vertical,691200,4:3,horizontal,356252,0.5154108796296296,neutral
neutral_100.png,/kaggle/input/musait/dataset/basket/neutral_100.png,1,"500
X
333
249
X
166
249
X
166","[{'x': 32, 'y': 72}, {'x': 161, 'y': 72}, {'x': 161, 'y': 223}, {'x': 32, 'y': 223}]",3:4,vertical,50235,1:1,box,19479,0.3877575395640489,neutral
neutral_101.jpeg,/kaggle/input/musait/dataset/basket/neutral_101.jpeg,0,,[],3:2,horizontal,50325,,,0,0.0,neutral
neutral_102.png,/kaggle/input/musait/dataset/basket/neutral_102.png,1,"500
X
333
249
X
166
249
X
166","[{'x': 32, 'y': 72}, {'x': 161, 'y': 72}, {'x': 161, 'y': 223}, {'x': 32, 'y': 223}]",3:4,vertical,50235,1:1,box,19479,0.3877575395640489,neutral
neutral_103.jpeg,/kaggle/input/musait/dataset/basket/neutral_103.jpeg,1,"new project
*me
unfinished
projects","[{'x': 101, 'y': 12}, {'x': 499, 'y': 12}, {'x': 499, 'y': 683}, {'x': 101, 'y': 683}]",3:4,vertical,368200,2:3,vertical,267058,0.7253068984247691,neutral
neutral_104.jpeg,/kaggle/input/musait/dataset/basket/neutral_104.jpeg,1,"t
WE POST FROGS TODAY, SIR
V","[{'x': 0, 'y': 72}, {'x': 255, 'y': 72}, {'x': 255, 'y': 186}, {'x': 0, 'y': 186}]",4:3,horizontal,50505,21:9,horizontal,29070,0.5755865755865756,neutral
neutral_105.jpeg,/kaggle/input/musait/dataset/basket/neutral_105.jpeg,0,,[],21:9,horizontal,50400,,,0,0.0,neutral
neutral_106.jpeg,/kaggle/input/musait/dataset/basket/neutral_106.jpeg,1,"t
WE POST FROGS TODAY, SIR
V","[{'x': 0, 'y': 72}, {'x': 255, 'y': 72}, {'x': 255, 'y': 186}, {'x': 0, 'y': 186}]",4:3,horizontal,50505,21:9,horizontal,29070,0.5755865755865756,neutral
neutral_107.jpeg,/kaggle/input/musait/dataset/basket/neutral_107.jpeg,1,"We found him
Junior
Kitten
Beef Rind
Bauf-Rund
Hanzo Oxe/Okse
Hardd Wolowing
Whiskas","[{'x': 57, 'y': 47}, {'x': 478, 'y': 47}, {'x': 478, 'y': 584}, {'x': 57, 'y': 584}]",1:1,box,587520,3:4,vertical,226077,0.3847988153594771,neutral
neutral_108.jpg,/kaggle/input/musait/dataset/basket/neutral_108.jpg,1,"feeling jealous.
lan Kidder is
Yesterday at 10:42 AM
Waiting for that optional pass/fail like
I
Carnegie
Mellon
University","[{'x': 12, 'y': 20}, {'x': 448, 'y': 20}, {'x': 448, 'y': 186}, {'x': 12, 'y': 186}]",4:3,horizontal,268584,Other,other,72376,0.2694724927769338,neutral
neutral_109.jpeg,/kaggle/input/musait/dataset/basket/neutral_109.jpeg,1,"H
M
C
3
M
W
OM
哋?
SPI
M
H
M
НИ
CM
C
M
HC","[{'x': 20, 'y': 18}, {'x': 209, 'y': 18}, {'x': 209, 'y': 223}, {'x': 20, 'y': 223}]",1:1,box,50625,1:1,box,38745,0.7653333333333333,neutral
neutral_110.jpg,/kaggle/input/musait/dataset/basket/neutral_110.jpg,1,"feeling jealous.
lan Kidder is
Yesterday at 10:42 AM
Waiting for that optional pass/fail like
I
Carnegie
Mellon
University","[{'x': 12, 'y': 20}, {'x': 448, 'y': 20}, {'x': 448, 'y': 186}, {'x': 12, 'y': 186}]",4:3,horizontal,268584,Other,other,72376,0.2694724927769338,neutral
neutral_111.jpeg,/kaggle/input/musait/dataset/basket/neutral_111.jpeg,1,"OVER
C071
1 A
13
Control Panel Home:
Device Manager
Remote settings
System protection
System
Control Panel System and Security System
Advanced system settings
View basic information about your computer
Windows edition -
Windows 8.1 Single Language with Bing
©2013 Microsoft Corporation. All rights
reserved.
Get more features with a new edition of
Windows
System
Search Co. P
Windows 8
See also
Action Center
Windows Update
Manufacturer
Processor
Acer
Not Available
Installed memory (RAM): Not Available
System type
Pen and Touch:
32-bit Operating System, x64-based processor
No Pen or Touch Input is available for this Display
acer
Acer support
Website
Online support
Computer name, domain, and workgroup settings
Computer name
Full computer name
User
User
Computer description:
Workgroup:
acer
WORKGROUP
Change settings
V19","[{'x': 0, 'y': 52}, {'x': 717, 'y': 52}, {'x': 717, 'y': 791}, {'x': 0, 'y': 791}]",1:1,box,586080,1:1,box,529863,0.9040796478296478,neutral
neutral_112.png,/kaggle/input/musait/dataset/basket/neutral_112.png,1,"Leaflet
Media Space","[{'x': 19, 'y': 84}, {'x': 208, 'y': 84}, {'x': 208, 'y': 167}, {'x': 19, 'y': 167}]",1:1,box,50625,21:9,horizontal,15687,0.3098666666666667,neutral
neutral_113.jpeg,/kaggle/input/musait/dataset/basket/neutral_113.jpeg,1,meaningless,"[{'x': 68, 'y': 123}, {'x': 232, 'y': 123}, {'x': 232, 'y': 153}, {'x': 68, 'y': 153}]",16:9,horizontal,50400,Other,other,4920,0.0976190476190476,neutral
neutral_114.png,/kaggle/input/musait/dataset/basket/neutral_114.png,1,"Leaflet
Media Space","[{'x': 19, 'y': 84}, {'x': 208, 'y': 84}, {'x': 208, 'y': 167}, {'x': 19, 'y': 167}]",1:1,box,50625,21:9,horizontal,15687,0.3098666666666667,neutral
neutral_115.jpeg,/kaggle/input/musait/dataset/basket/neutral_115.jpeg,1,"The Show
The Rehearsal","[{'x': 45, 'y': 28}, {'x': 267, 'y': 28}, {'x': 267, 'y': 440}, {'x': 45, 'y': 440}]",1:1,box,231836,2:3,vertical,91464,0.3945202643247813,neutral
neutral_116.jpeg,/kaggle/input/musait/dataset/basket/neutral_116.jpeg,1,facebook,"[{'x': 24, 'y': 30}, {'x': 296, 'y': 30}, {'x': 296, 'y': 141}, {'x': 24, 'y': 141}]",16:9,horizontal,50490,21:9,horizontal,30192,0.597979797979798,neutral
neutral_117.jpeg,/kaggle/input/musait/dataset/basket/neutral_117.jpeg,0,,[],1:1,box,50344,,,0,0.0,neutral
neutral_118.jpeg,/kaggle/input/musait/dataset/basket/neutral_118.jpeg,1,facebook,"[{'x': 24, 'y': 30}, {'x': 296, 'y': 30}, {'x': 296, 'y': 141}, {'x': 24, 'y': 141}]",16:9,horizontal,50490,21:9,horizontal,30192,0.597979797979798,neutral
neutral_119.jpeg,/kaggle/input/musait/dataset/basket/neutral_119.jpeg,1,"Bodybuilder
Programmer","[{'x': 63, 'y': 118}, {'x': 233, 'y': 118}, {'x': 233, 'y': 450}, {'x': 63, 'y': 450}]",1:1,box,450094,9:16,vertical,56440,0.1253960283851817,neutral
neutral_120.jpg,/kaggle/input/musait/dataset/basket/neutral_120.jpg,1,"COMPANY NAME
CLEAN
PURE
WATER.
Galliamm est omnis divisa
in partes tres unam
incolunt Belgae, aliam
Aquitani. Lorem ipsum
dolor sit amet
50% OFF
ON YOUR FIRST DELIVERY
Getty Stock
CONTACT US
www.website.com","[{'x': 10, 'y': 32}, {'x': 665, 'y': 32}, {'x': 665, 'y': 677}, {'x': 10, 'y': 677}]",1:1,box,477481,1:1,box,422475,0.8847996045915963,neutral
neutral_121.jpeg,/kaggle/input/musait/dataset/basket/neutral_121.jpeg,0,,[],3:2,horizontal,1440600,,,0,0.0,neutral
neutral_122.jpg,/kaggle/input/musait/dataset/basket/neutral_122.jpg,1,"COMPANY NAME
CLEAN
PURE
WATER.
Galliamm est omnis divisa
in partes tres unam
incolunt Belgae, aliam
Aquitani. Lorem ipsum
dolor sit amet
50% OFF
ON YOUR FIRST DELIVERY
Getty Stock
CONTACT US
www.website.com","[{'x': 10, 'y': 32}, {'x': 665, 'y': 32}, {'x': 665, 'y': 677}, {'x': 10, 'y': 677}]",1:1,box,477481,1:1,box,422475,0.8847996045915963,neutral
neutral_123.jpeg,/kaggle/input/musait/dataset/basket/neutral_123.jpeg,1,"free no Violas, go to N
MUSIC IS SIMPLE!
Alagie castable with a reck tempo feel
Glock.
Sale
Keep bok fee
perher
Rigatoni
SSSSSS
Bangs s
Ture the Like 5
Go fast
Lewachs now
Tengo
delawny
Clarice
(opt shoe hors
124 Cr
22
09
Light and airy Cornet b
Like a Dirigible
Flatly
Driv","[{'x': 22, 'y': 80}, {'x': 668, 'y': 80}, {'x': 668, 'y': 801}, {'x': 22, 'y': 801}]",1:1,box,606240,1:1,box,465766,0.7682864871997889,neutral
neutral_124.png,/kaggle/input/musait/dataset/basket/neutral_124.png,1,"Leaflet
Media Space","[{'x': 19, 'y': 84}, {'x': 208, 'y': 84}, {'x': 208, 'y': 167}, {'x': 19, 'y': 167}]",1:1,box,50625,21:9,horizontal,15687,0.3098666666666667,neutral
neutral_125.jpeg,/kaggle/input/musait/dataset/basket/neutral_125.jpeg,1,"MEANINGLESS
QUOTES","[{'x': 21, 'y': 109}, {'x': 146, 'y': 109}, {'x': 146, 'y': 150}, {'x': 21, 'y': 150}]",16:9,horizontal,50267,Other,other,5125,0.1019555573238904,neutral
neutral_126.png,/kaggle/input/musait/dataset/basket/neutral_126.png,1,"Leaflet
Media Space","[{'x': 19, 'y': 84}, {'x': 208, 'y': 84}, {'x': 208, 'y': 167}, {'x': 19, 'y': 167}]",1:1,box,50625,21:9,horizontal,15687,0.3098666666666667,neutral
neutral_127.jpeg,/kaggle/input/musait/dataset/basket/neutral_127.jpeg,1,"My cat after bringing me
the pen I lost months ago
Purrrrlock Holmes","[{'x': 32, 'y': 79}, {'x': 655, 'y': 79}, {'x': 655, 'y': 933}, {'x': 32, 'y': 933}]",3:4,vertical,714951,3:4,vertical,532042,0.7441656840818461,neutral
neutral_128.jpeg,/kaggle/input/musait/dataset/basket/neutral_128.jpeg,1,Business Post,"[{'x': 84, 'y': 73}, {'x': 229, 'y': 73}, {'x': 229, 'y': 89}, {'x': 84, 'y': 89}]",16:9,horizontal,50382,Other,other,2320,0.0460481918145369,neutral
neutral_129.jpeg,/kaggle/input/musait/dataset/basket/neutral_129.jpeg,0,,[],3:2,horizontal,50325,,,0,0.0,neutral
neutral_130.jpeg,/kaggle/input/musait/dataset/basket/neutral_130.jpeg,1,Business Post,"[{'x': 84, 'y': 73}, {'x': 229, 'y': 73}, {'x': 229, 'y': 89}, {'x': 84, 'y': 89}]",16:9,horizontal,50382,Other,other,2320,0.0460481918145369,neutral
neutral_131.jpeg,/kaggle/input/musait/dataset/basket/neutral_131.jpeg,0,,[],2:1,horizontal,50512,,,0,0.0,neutral
neutral_132.jpg,/kaggle/input/musait/dataset/basket/neutral_132.jpg,1,"shutterstock
utterstock
e
r
C
h
Cycle_0
Cycle_0
shuttstock
shutter
Sauttersck shutterstor
y
e
r pa
Cycle_0
a
h
Ре
C
☐ ☐
str.ck
IMAGE ID: 1520105537
www.shutterstock.com","[{'x': 0, 'y': 0}, {'x': 1499, 'y': 0}, {'x': 1499, 'y': 1571}, {'x': 0, 'y': 1571}]",1:1,box,2400000,1:1,box,2354929,0.9812204166666668,neutral
neutral_133.jpg,/kaggle/input/musait/dataset/basket/neutral_133.jpg,1,"I WILL FIND YOU
ENTOMOLOGY CHELS
AND I WILL DESCRIBE YOU","[{'x': 38, 'y': 4}, {'x': 458, 'y': 4}, {'x': 458, 'y': 249}, {'x': 38, 'y': 249}]",16:9,horizontal,126746,Other,other,102900,0.8118599403531472,neutral
neutral_134.jpg,/kaggle/input/musait/dataset/basket/neutral_134.jpg,1,"I WILL FIND YOU
ENTOMOLOGY CHELS
AND I WILL DESCRIBE YOU","[{'x': 38, 'y': 4}, {'x': 458, 'y': 4}, {'x': 458, 'y': 249}, {'x': 38, 'y': 249}]",16:9,horizontal,126746,Other,other,102900,0.8118599403531472,neutral
neutral_135.jpg,/kaggle/input/musait/dataset/basket/neutral_135.jpg,1,मेरे,"[{'x': 107, 'y': 0}, {'x': 124, 'y': 0}, {'x': 124, 'y': 25}, {'x': 107, 'y': 25}]",4:3,horizontal,50246,3:4,vertical,425,0.0084583847470445,neutral
neutral_136.png,/kaggle/input/musait/dataset/basket/neutral_136.png,1,less than,"[{'x': 30, 'y': 64}, {'x': 255, 'y': 64}, {'x': 255, 'y': 102}, {'x': 30, 'y': 102}]",16:9,horizontal,50400,Other,other,8550,0.1696428571428571,neutral
neutral_137.png,/kaggle/input/musait/dataset/basket/neutral_137.png,1,less than,"[{'x': 30, 'y': 64}, {'x': 255, 'y': 64}, {'x': 255, 'y': 102}, {'x': 30, 'y': 102}]",16:9,horizontal,50400,Other,other,8550,0.1696428571428571,neutral
neutral_138.jpeg,/kaggle/input/musait/dataset/basket/neutral_138.jpeg,1,Your Ad Here,"[{'x': 104, 'y': 110}, {'x': 207, 'y': 110}, {'x': 207, 'y': 123}, {'x': 104, 'y': 123}]",4:3,horizontal,50304,Other,other,1339,0.0266181615776081,neutral
neutral_139.jpg,/kaggle/input/musait/dataset/basket/neutral_139.jpg,1,SAMSU,"[{'x': 852, 'y': 395}, {'x': 915, 'y': 395}, {'x': 915, 'y': 421}, {'x': 852, 'y': 421}]",4:3,horizontal,786432,21:9,horizontal,1638,0.0020828247070312,neutral
neutral_140.jpeg,/kaggle/input/musait/dataset/basket/neutral_140.jpeg,1,Your Ad Here,"[{'x': 104, 'y': 110}, {'x': 207, 'y': 110}, {'x': 207, 'y': 123}, {'x': 104, 'y': 123}]",4:3,horizontal,50304,Other,other,1339,0.0266181615776081,neutral
neutral_141.jpg,/kaggle/input/musait/dataset/basket/neutral_141.jpg,1,"I MADE A FACEBOOK
POST
GOT 3 LIKES
memegenerator.net","[{'x': 42, 'y': 8}, {'x': 399, 'y': 8}, {'x': 399, 'y': 398}, {'x': 42, 'y': 398}]",1:1,box,160000,1:1,box,139230,0.8701875,neutral
neutral_142.jpg,/kaggle/input/musait/dataset/basket/neutral_142.jpg,0,,[],4:3,horizontal,786432,,,0,0.0,neutral
neutral_143.jpg,/kaggle/input/musait/dataset/basket/neutral_143.jpg,1,"I MADE A FACEBOOK
POST
GOT 3 LIKES
memegenerator.net","[{'x': 42, 'y': 8}, {'x': 399, 'y': 8}, {'x': 399, 'y': 398}, {'x': 42, 'y': 398}]",1:1,box,160000,1:1,box,139230,0.8701875,neutral
neutral_144.jpg,/kaggle/input/musait/dataset/basket/neutral_144.jpg,0,,[],3:4,vertical,50496,,,0,0.0,neutral
neutral_145.png,/kaggle/input/musait/dataset/basket/neutral_145.png,1,"LESSOR
VS
LESSEE
A lease agreement is an arrangement between two parties - lessor vs
lessee
LESSOR
The one who gives his place on rent
to a lessee is called a LESSOR.
LESSEE
A LESSEE is a person who takes a
place may it be a bungalow an
apartment, on rent.","[{'x': 7, 'y': 12}, {'x': 300, 'y': 12}, {'x': 300, 'y': 158}, {'x': 7, 'y': 158}]",16:9,horizontal,50382,16:9,horizontal,42778,0.849073081656147,neutral
neutral_146.png,/kaggle/input/musait/dataset/basket/neutral_146.png,1,"LESSOR
VS
LESSEE
A lease agreement is an arrangement between two parties - lessor vs
lessee
LESSOR
The one who gives his place on rent
to a lessee is called a LESSOR.
LESSEE
A LESSEE is a person who takes a
place may it be a bungalow an
apartment, on rent.","[{'x': 7, 'y': 12}, {'x': 300, 'y': 12}, {'x': 300, 'y': 158}, {'x': 7, 'y': 158}]",16:9,horizontal,50382,16:9,horizontal,42778,0.849073081656147,neutral
neutral_147.jpeg,/kaggle/input/musait/dataset/basket/neutral_147.jpeg,1,"THE OPTIMIZELY BLOG
TERIOF
design
Create
4 FACEBOOK AD
CAMPAIGNS TO BOOST
CONVERSION RATES
874>
7
U
B","[{'x': 58, 'y': 123}, {'x': 783, 'y': 123}, {'x': 783, 'y': 457}, {'x': 58, 'y': 457}]",4:3,horizontal,504000,Other,other,242150,0.4804563492063492,neutral
neutral_148.jpg,/kaggle/input/musait/dataset/basket/neutral_148.jpg,1,ز الصحي,"[{'x': 659, 'y': 822}, {'x': 722, 'y': 822}, {'x': 722, 'y': 868}, {'x': 659, 'y': 868}]",4:3,horizontal,12000000,4:3,horizontal,2898,0.0002415,neutral
neutral_149.jpeg,/kaggle/input/musait/dataset/basket/neutral_149.jpeg,1,"THE OPTIMIZELY BLOG
TERIOF
design
Create
4 FACEBOOK AD
CAMPAIGNS TO BOOST
CONVERSION RATES
874>
7
U
B","[{'x': 58, 'y': 123}, {'x': 783, 'y': 123}, {'x': 783, 'y': 457}, {'x': 58, 'y': 457}]",4:3,horizontal,504000,Other,other,242150,0.4804563492063492,neutral
neutral_150.jpg,/kaggle/input/musait/dataset/basket/neutral_150.jpg,1,"I DON'T REMEMBER SAYING
ANY OF THESE QUOTES PEOPLE CREDIT
ME FOR ON FACEBOOK. WILL SMITH","[{'x': 13, 'y': 19}, {'x': 688, 'y': 19}, {'x': 688, 'y': 445}, {'x': 13, 'y': 445}]",3:2,horizontal,324100,3:2,horizontal,287550,0.8872261647639618,neutral
neutral_151.jpg,/kaggle/input/musait/dataset/basket/neutral_151.jpg,1,VOLE,"[{'x': 229, 'y': 16}, {'x': 250, 'y': 16}, {'x': 250, 'y': 25}, {'x': 229, 'y': 25}]",3:2,horizontal,50325,21:9,horizontal,189,0.0037555886736214,neutral
neutral_152.jpg,/kaggle/input/musait/dataset/basket/neutral_152.jpg,1,"I DON'T REMEMBER SAYING
ANY OF THESE QUOTES PEOPLE CREDIT
ME FOR ON FACEBOOK. WILL SMITH","[{'x': 13, 'y': 19}, {'x': 688, 'y': 19}, {'x': 688, 'y': 445}, {'x': 13, 'y': 445}]",3:2,horizontal,324100,3:2,horizontal,287550,0.8872261647639618,neutral
neutral_153.jpeg,/kaggle/input/musait/dataset/basket/neutral_153.jpeg,1,ווי,"[{'x': 67, 'y': 66}, {'x': 122, 'y': 66}, {'x': 122, 'y': 135}, {'x': 67, 'y': 135}]",3:4,vertical,50325,3:4,vertical,3795,0.0754098360655737,neutral
neutral_154.png,/kaggle/input/musait/dataset/basket/neutral_154.png,1,"Terminal
P@Geeks :~$
Programming
Gecks","[{'x': 0, 'y': 5}, {'x': 222, 'y': 5}, {'x': 222, 'y': 149}, {'x': 0, 'y': 149}]",1:1,box,50625,3:2,horizontal,31968,0.6314666666666666,neutral
neutral_155.png,/kaggle/input/musait/dataset/basket/neutral_155.png,1,"Terminal
P@Geeks :~$
Programming
Gecks","[{'x': 0, 'y': 5}, {'x': 222, 'y': 5}, {'x': 222, 'y': 149}, {'x': 0, 'y': 149}]",1:1,box,50625,3:2,horizontal,31968,0.6314666666666666,neutral
neutral_156.jpeg,/kaggle/input/musait/dataset/basket/neutral_156.jpeg,1,"OH, A BAND YOU LIKE
BECAME FAMOUS?
TELL ME ABOUT HOW
THEY SOLD OUT","[{'x': 8, 'y': 12}, {'x': 218, 'y': 12}, {'x': 218, 'y': 222}, {'x': 8, 'y': 222}]",1:1,box,50398,1:1,box,44100,0.8750347236001429,neutral
neutral_157.jpeg,/kaggle/input/musait/dataset/basket/neutral_157.jpeg,0,,[],3:2,horizontal,50325,,,0,0.0,neutral
neutral_158.jpeg,/kaggle/input/musait/dataset/basket/neutral_158.jpeg,1,"OH, A BAND YOU LIKE
BECAME FAMOUS?
TELL ME ABOUT HOW
THEY SOLD OUT","[{'x': 8, 'y': 12}, {'x': 218, 'y': 12}, {'x': 218, 'y': 222}, {'x': 8, 'y': 222}]",1:1,box,50398,1:1,box,44100,0.8750347236001429,neutral
neutral_159.jpeg,/kaggle/input/musait/dataset/basket/neutral_159.jpeg,0,,[],1:1,box,50625,,,0,0.0,neutral
neutral_160.jpg,/kaggle/input/musait/dataset/basket/neutral_160.jpg,1,"I'M GOING TO DELETE MY
FACEBOOK
RIGHT AFTER I POST ABOUT DELETING MY FACEBOOK AND I HANG AROUND
TO READ COMMENTS ABOUT ME DELETING FACEBOOKator.net","[{'x': 8, 'y': 6}, {'x': 398, 'y': 6}, {'x': 398, 'y': 396}, {'x': 8, 'y': 396}]",1:1,box,160000,1:1,box,152100,0.950625,neutral
neutral_161.jpg,/kaggle/input/musait/dataset/basket/neutral_161.jpg,1,"I'M GOING TO DELETE MY
FACEBOOK
RIGHT AFTER I POST ABOUT DELETING MY FACEBOOK AND I HANG AROUND
TO READ COMMENTS ABOUT ME DELETING FACEBOOKator.net","[{'x': 8, 'y': 6}, {'x': 398, 'y': 6}, {'x': 398, 'y': 396}, {'x': 8, 'y': 396}]",1:1,box,160000,1:1,box,152100,0.950625,neutral
neutral_162.jpeg,/kaggle/input/musait/dataset/basket/neutral_162.jpeg,0,,[],Other,other,50460,,,0,0.0,neutral
neutral_163.png,/kaggle/input/musait/dataset/basket/neutral_163.png,0,,[],3:2,horizontal,50325,,,0,0.0,neutral
neutral_164.png,/kaggle/input/musait/dataset/basket/neutral_164.png,0,,[],3:2,horizontal,50325,,,0,0.0,neutral
neutral_165.jpeg,/kaggle/input/musait/dataset/basket/neutral_165.jpeg,1,"Get pointers and products at
www.yourshoes.com.
FIND THE BEST SHOE","[{'x': 106, 'y': 147}, {'x': 247, 'y': 147}, {'x': 247, 'y': 181}, {'x': 106, 'y': 181}]",4:3,horizontal,50246,Other,other,4794,0.0954105799466624,neutral
neutral_166.jpeg,/kaggle/input/musait/dataset/basket/neutral_166.jpeg,1,"Get pointers and products at
www.yourshoes.com.
FIND THE BEST SHOE","[{'x': 106, 'y': 147}, {'x': 247, 'y': 147}, {'x': 247, 'y': 181}, {'x': 106, 'y': 181}]",4:3,horizontal,50246,Other,other,4794,0.0954105799466624,neutral
neutral_167.jpg,/kaggle/input/musait/dataset/basket/neutral_167.jpg,1,"TWITTER
EVERYONE
FACEBOOK
AND INSTAGRAM","[{'x': 101, 'y': 161}, {'x': 734, 'y': 161}, {'x': 734, 'y': 317}, {'x': 101, 'y': 317}]",16:9,horizontal,320298,Other,other,98748,0.308300395256917,neutral
neutral_168.jpg,/kaggle/input/musait/dataset/basket/neutral_168.jpg,1,"TWITTER
EVERYONE
FACEBOOK
AND INSTAGRAM","[{'x': 101, 'y': 161}, {'x': 734, 'y': 161}, {'x': 734, 'y': 317}, {'x': 101, 'y': 317}]",16:9,horizontal,320298,Other,other,98748,0.308300395256917,neutral
neutral_169.png,/kaggle/input/musait/dataset/basket/neutral_169.png,1,"THE
BEST
TV AD'S","[{'x': 45, 'y': 88}, {'x': 188, 'y': 88}, {'x': 188, 'y': 186}, {'x': 45, 'y': 186}]",1:1,box,50625,4:3,horizontal,14014,0.2768197530864197,neutral
neutral_170.png,/kaggle/input/musait/dataset/basket/neutral_170.png,1,"THE
BEST
TV AD'S","[{'x': 45, 'y': 88}, {'x': 188, 'y': 88}, {'x': 188, 'y': 186}, {'x': 45, 'y': 186}]",1:1,box,50625,4:3,horizontal,14014,0.2768197530864197,neutral
neutral_171.jpeg,/kaggle/input/musait/dataset/basket/neutral_171.jpeg,1,welcome,"[{'x': 137, 'y': 26}, {'x': 188, 'y': 26}, {'x': 188, 'y': 34}, {'x': 137, 'y': 34}]",2:1,horizontal,50530,Other,other,408,0.008074411240847,neutral
neutral_172.jpeg,/kaggle/input/musait/dataset/basket/neutral_172.jpeg,1,welcome,"[{'x': 137, 'y': 26}, {'x': 188, 'y': 26}, {'x': 188, 'y': 34}, {'x': 137, 'y': 34}]",2:1,horizontal,50530,Other,other,408,0.008074411240847,neutral
neutral_173.jpg,/kaggle/input/musait/dataset/basket/neutral_173.jpg,1,"YOUR
LOGO
FOLLOW US
ON OUR SOCIAL NETWORKS
in f✔ O
@YOURSOCIALNETWORK
Double click to edit this design template from the graphic editor EDIT.org","[{'x': 226, 'y': 89}, {'x': 806, 'y': 89}, {'x': 806, 'y': 651}, {'x': 226, 'y': 651}]",4:3,horizontal,786432,1:1,box,325960,0.4144795735677083,neutral
neutral_174.jpg,/kaggle/input/musait/dataset/basket/neutral_174.jpg,1,"YOUR
LOGO
FOLLOW US
ON OUR SOCIAL NETWORKS
in f✔ O
@YOURSOCIALNETWORK
Double click to edit this design template from the graphic editor EDIT.org","[{'x': 226, 'y': 89}, {'x': 806, 'y': 89}, {'x': 806, 'y': 651}, {'x': 226, 'y': 651}]",4:3,horizontal,786432,1:1,box,325960,0.4144795735677083,neutral
neutral_175.png,/kaggle/input/musait/dataset/basket/neutral_175.png,1,"Did You Know
x
The longest I've gone
without sleep is...
← Back
Answer
New","[{'x': 13, 'y': 9}, {'x': 310, 'y': 9}, {'x': 310, 'y': 219}, {'x': 13, 'y': 219}]",4:3,horizontal,80000,4:3,horizontal,62370,0.779625,neutral
neutral_176.png,/kaggle/input/musait/dataset/basket/neutral_176.png,1,"Did You Know
x
The longest I've gone
without sleep is...
← Back
Answer
New","[{'x': 13, 'y': 9}, {'x': 310, 'y': 9}, {'x': 310, 'y': 219}, {'x': 13, 'y': 219}]",4:3,horizontal,80000,4:3,horizontal,62370,0.779625,neutral
neutral_177.jpeg,/kaggle/input/musait/dataset/basket/neutral_177.jpeg,1,"THAT MOMENT WHEN YOU
REALIZE
IT WASN'T A FART","[{'x': 1, 'y': 6}, {'x': 223, 'y': 6}, {'x': 223, 'y': 219}, {'x': 1, 'y': 219}]",1:1,box,50176,1:1,box,47286,0.9424027423469388,neutral
neutral_178.jpg,/kaggle/input/musait/dataset/basket/neutral_178.jpg,1,"CREATING A
FACEBOOK
POST
Ir's
WORLD
REFUGEE
CHRISTMAS
Canva
Votional lood
Tea Day
FREAKY
FRIDAY","[{'x': 18, 'y': 5}, {'x': 313, 'y': 5}, {'x': 313, 'y': 156}, {'x': 18, 'y': 156}]",16:9,horizontal,57600,16:9,horizontal,44545,0.7733506944444445,neutral
neutral_179.jpg,/kaggle/input/musait/dataset/basket/neutral_179.jpg,1,"CREATING A
FACEBOOK
POST
Ir's
WORLD
REFUGEE
CHRISTMAS
Canva
Votional lood
Tea Day
FREAKY
FRIDAY","[{'x': 18, 'y': 5}, {'x': 313, 'y': 5}, {'x': 313, 'y': 156}, {'x': 18, 'y': 156}]",16:9,horizontal,57600,16:9,horizontal,44545,0.7733506944444445,neutral
neutral_180.png,/kaggle/input/musait/dataset/basket/neutral_180.png,1,">YouTube
Mohuel TV","[{'x': 26, 'y': 69}, {'x': 195, 'y': 69}, {'x': 195, 'y': 127}, {'x': 26, 'y': 127}]",1:1,box,50625,Other,other,9802,0.1936197530864197,neutral
neutral_181.png,/kaggle/input/musait/dataset/basket/neutral_181.png,1,">YouTube
Mohuel TV","[{'x': 26, 'y': 69}, {'x': 195, 'y': 69}, {'x': 195, 'y': 127}, {'x': 26, 'y': 127}]",1:1,box,50625,Other,other,9802,0.1936197530864197,neutral
neutral_182.jpeg,/kaggle/input/musait/dataset/basket/neutral_182.jpeg,1,"when you see someone suffering from
depression.
We Post memes here, sir.","[{'x': 4, 'y': 6}, {'x': 215, 'y': 6}, {'x': 215, 'y': 223}, {'x': 4, 'y': 223}]",1:1,box,50400,1:1,box,45787,0.9084722222222222,neutral
neutral_183.jpg,/kaggle/input/musait/dataset/basket/neutral_183.jpg,1,"hamjí
@apkapio
Everyone Right Now
@FarhanNitrates
•
8:00 PM - 07 May 19 Twitter for Android","[{'x': 25, 'y': 21}, {'x': 665, 'y': 21}, {'x': 665, 'y': 767}, {'x': 25, 'y': 767}]",1:1,box,560880,1:1,box,477440,0.8512337754956497,neutral
neutral_184.jpg,/kaggle/input/musait/dataset/basket/neutral_184.jpg,1,"hamjí
@apkapio
Everyone Right Now
@FarhanNitrates
8:00 PM - 07 May 19 Twitter for Android","[{'x': 25, 'y': 21}, {'x': 664, 'y': 21}, {'x': 664, 'y': 767}, {'x': 25, 'y': 767}]",1:1,box,560880,1:1,box,476694,0.8499037227214378,neutral
neutral_185.png,/kaggle/input/musait/dataset/basket/neutral_185.png,1,"50
WORD
EDIT","[{'x': 97, 'y': 59}, {'x': 557, 'y': 59}, {'x': 557, 'y': 309}, {'x': 97, 'y': 309}]",16:9,horizontal,263088,16:9,horizontal,115000,0.4371160980356383,neutral
neutral_186.png,/kaggle/input/musait/dataset/basket/neutral_186.png,1,"50
WORD
EDIT","[{'x': 97, 'y': 59}, {'x': 557, 'y': 59}, {'x': 557, 'y': 309}, {'x': 97, 'y': 309}]",16:9,horizontal,263088,16:9,horizontal,115000,0.4371160980356383,neutral
neutral_187.jpeg,/kaggle/input/musait/dataset/basket/neutral_187.jpeg,1,"WOW THESE MEME
PICTURES ARE HILARIOUS
OBETTER POST THEM ON
FACEBOOK SO OTHER PEOPLE
CAN FIND OUT ABOUT THEM","[{'x': 1, 'y': 6}, {'x': 190, 'y': 6}, {'x': 190, 'y': 252}, {'x': 1, 'y': 252}]",3:4,vertical,50372,3:4,vertical,46494,0.9230127848804892,neutral
neutral_188.jpg,/kaggle/input/musait/dataset/basket/neutral_188.jpg,1,"imgflip.com
Me when the 30
day snooze expires","[{'x': 3, 'y': 14}, {'x': 515, 'y': 14}, {'x': 515, 'y': 498}, {'x': 3, 'y': 498}]",4:3,horizontal,300000,1:1,box,247808,0.8260266666666667,neutral
neutral_189.jpg,/kaggle/input/musait/dataset/basket/neutral_189.jpg,1,"imgflip.com
Me when the 30
day snooze expires","[{'x': 3, 'y': 14}, {'x': 515, 'y': 14}, {'x': 515, 'y': 498}, {'x': 3, 'y': 498}]",4:3,horizontal,300000,1:1,box,247808,0.8260266666666667,neutral
neutral_190.png,/kaggle/input/musait/dataset/basket/neutral_190.png,1,"Buffer
Sponsored ⚫
Buffer makes it super easy to share to social
Buffer For Agencies
buffer.com
Learn More","[{'x': 15, 'y': 34}, {'x': 578, 'y': 34}, {'x': 578, 'y': 576}, {'x': 15, 'y': 576}]",1:1,box,388080,1:1,box,305146,0.7862966398680684,neutral
neutral_191.png,/kaggle/input/musait/dataset/basket/neutral_191.png,1,"Buffer
Sponsored ⚫
Buffer makes it super easy to share to social
Buffer For Agencies
buffer.com
Learn More","[{'x': 15, 'y': 34}, {'x': 578, 'y': 34}, {'x': 578, 'y': 576}, {'x': 15, 'y': 576}]",1:1,box,388080,1:1,box,305146,0.7862966398680684,neutral
neutral_192.jpeg,/kaggle/input/musait/dataset/basket/neutral_192.jpeg,1,"THIS IS ME WAITING
FOR THE PRIVILEGES OF
BEING WHITE","[{'x': 4, 'y': 4}, {'x': 220, 'y': 4}, {'x': 220, 'y': 219}, {'x': 4, 'y': 219}]",1:1,box,50400,1:1,box,46440,0.9214285714285714,neutral
neutral_193.jpg,/kaggle/input/musait/dataset/basket/neutral_193.jpg,1,"When my sister cooked for the first
time.
*me
venus","[{'x': 1, 'y': 4}, {'x': 668, 'y': 4}, {'x': 668, 'y': 251}, {'x': 1, 'y': 251}]",4:3,horizontal,356400,Other,other,164749,0.4622586980920314,neutral
neutral_194.png,/kaggle/input/musait/dataset/basket/neutral_194.png,1,"1
Say hi to your new Facebook friend
MemeZila.com","[{'x': 258, 'y': 82}, {'x': 452, 'y': 82}, {'x': 452, 'y': 438}, {'x': 258, 'y': 438}]",1:1,box,200679,2:3,vertical,69064,0.3441516053000065,neutral
neutral_195.png,/kaggle/input/musait/dataset/basket/neutral_195.png,1,"1
Say hi to your new Facebook friend
MemeZila.com","[{'x': 258, 'y': 82}, {'x': 452, 'y': 82}, {'x': 452, 'y': 438}, {'x': 258, 'y': 438}]",1:1,box,200679,2:3,vertical,69064,0.3441516053000065,neutral
neutral_196.jpeg,/kaggle/input/musait/dataset/basket/neutral_196.jpeg,1,"VAGUE FACEBOOK POSTS
IN REAL LIFE","[{'x': 10, 'y': 12}, {'x': 189, 'y': 12}, {'x': 189, 'y': 186}, {'x': 10, 'y': 186}]",1:1,box,40400,1:1,box,31146,0.770940594059406,neutral
neutral_197.jpeg,/kaggle/input/musait/dataset/basket/neutral_197.jpeg,1,"VAGUE FACEBOOK POSTS
IN REAL LIFE","[{'x': 10, 'y': 12}, {'x': 189, 'y': 12}, {'x': 189, 'y': 186}, {'x': 10, 'y': 186}]",1:1,box,40400,1:1,box,31146,0.770940594059406,neutral
neutral_198.jpg,/kaggle/input/musait/dataset/basket/neutral_198.jpg,1,"FUNKAARIYAN
Help
me
i am
huawei
user","[{'x': 18, 'y': 128}, {'x': 454, 'y': 128}, {'x': 454, 'y': 667}, {'x': 18, 'y': 667}]",3:4,vertical,386512,3:4,vertical,235004,0.6080121703853956,neutral
neutral_199.jpg,/kaggle/input/musait/dataset/basket/neutral_199.jpg,1,"FUNKAARIYAN
Help
me
i am
huawei
user","[{'x': 18, 'y': 128}, {'x': 455, 'y': 128}, {'x': 455, 'y': 667}, {'x': 18, 'y': 667}]",3:4,vertical,386512,3:4,vertical,235543,0.6094066937119675,neutral
neutral_200.png,/kaggle/input/musait/dataset/basket/neutral_200.png,1,"WHEN IPOST SOMETHING
CONTROVERSIAL ON FB...
AND THEN GO TO BED..
MEANWHILE
IN THE COMMENTS
Memezila.com","[{'x': 20, 'y': 16}, {'x': 634, 'y': 16}, {'x': 634, 'y': 958}, {'x': 20, 'y': 958}]",3:4,vertical,614400,3:4,vertical,578388,0.94138671875,neutral
neutral_201.jpeg,/kaggle/input/musait/dataset/basket/neutral_201.jpeg,1,"12. ""I used to have a job at a calendar
factory but I got the sack because I
took a couple of days off.""
We are laughing","[{'x': 10, 'y': 30}, {'x': 209, 'y': 30}, {'x': 209, 'y': 215}, {'x': 10, 'y': 215}]",1:1,box,50400,1:1,box,36815,0.7304563492063492,neutral
neutral_202.jpg,/kaggle/input/musait/dataset/basket/neutral_202.jpg,1,"Nakshtra Tiwari
@sab_par_bhari
She:hum dono M kya rista hh..
He:rista to do logo M hota hh,
hum dono to ek hh..
15 y/o nibbi:
Translate Tweet","[{'x': 21, 'y': 48}, {'x': 605, 'y': 48}, {'x': 605, 'y': 436}, {'x': 21, 'y': 436}]",3:4,vertical,748312,3:2,horizontal,226592,0.3028041779364757,neutral
neutral_203.png,/kaggle/input/musait/dataset/basket/neutral_203.png,1,"power thesaurus
Synonyms for Academic
position
ideal position academic status
formal position","[{'x': 78, 'y': 76}, {'x': 1014, 'y': 76}, {'x': 1014, 'y': 534}, {'x': 78, 'y': 534}]",16:9,horizontal,753600,2:1,horizontal,428688,0.5688535031847134,neutral
neutral_204.png,/kaggle/input/musait/dataset/basket/neutral_204.png,1,"power thesaurus
Synonyms for Academic
position
ideal position academic status
formal position","[{'x': 78, 'y': 76}, {'x': 1014, 'y': 76}, {'x': 1014, 'y': 534}, {'x': 78, 'y': 534}]",16:9,horizontal,753600,2:1,horizontal,428688,0.5688535031847134,neutral
neutral_205.jpeg,/kaggle/input/musait/dataset/basket/neutral_205.jpeg,1,"WHEN I SEE PEOPLE ARGUING ON A
FACEBOOK POST
AND I'M JUST LIKE","[{'x': 4, 'y': 6}, {'x': 245, 'y': 6}, {'x': 245, 'y': 196}, {'x': 4, 'y': 196}]",4:3,horizontal,50400,4:3,horizontal,45790,0.908531746031746,neutral
neutral_206.jpg,/kaggle/input/musait/dataset/basket/neutral_206.jpg,1,"YOUR
LOGO
FOLLOW US
ON OUR SOCIAL NETWORKS
in f✔ O
@YOURSOCIALNETWORK
Double click to edit this design template from the graphic editor EDIT.org","[{'x': 226, 'y': 89}, {'x': 806, 'y': 89}, {'x': 806, 'y': 651}, {'x': 226, 'y': 651}]",4:3,horizontal,786432,1:1,box,325960,0.4144795735677083,neutral
neutral_207.jpg,/kaggle/input/musait/dataset/basket/neutral_207.jpg,1,"YOUR
LOGO
FOLLOW US
ON OUR SOCIAL NETWORKS
in f✔ O
@YOURSOCIALNETWORK
Double click to edit this design template from the graphic editor EDIT.org","[{'x': 226, 'y': 89}, {'x': 806, 'y': 89}, {'x': 806, 'y': 651}, {'x': 226, 'y': 651}]",4:3,horizontal,786432,1:1,box,325960,0.4144795735677083,neutral
neutral_208.png,/kaggle/input/musait/dataset/basket/neutral_208.png,1,"ADVERTISING
A GUIDE FOR BEGINNERS
8","[{'x': 453, 'y': 599}, {'x': 1375, 'y': 599}, {'x': 1375, 'y': 766}, {'x': 453, 'y': 766}]",16:9,horizontal,1255500,Other,other,153974,0.1226395858223815,neutral
neutral_209.png,/kaggle/input/musait/dataset/basket/neutral_209.png,1,"ADVERTISING
A GUIDE FOR BEGINNERS
8","[{'x': 453, 'y': 599}, {'x': 1375, 'y': 599}, {'x': 1375, 'y': 766}, {'x': 453, 'y': 766}]",16:9,horizontal,1255500,Other,other,153974,0.1226395858223815,neutral
neutral_210.jpeg,/kaggle/input/musait/dataset/basket/neutral_210.jpeg,1,"Albirds
Tain't say enough about how comfortable these shoes are.""
Free shipping and free returns.
Machine washable, for when life gets dirty.","[{'x': 2, 'y': 6}, {'x': 159, 'y': 6}, {'x': 159, 'y': 256}, {'x': 2, 'y': 256}]",3:4,vertical,50505,3:4,vertical,39250,0.7771507771507772,neutral
neutral_211.jpeg,/kaggle/input/musait/dataset/basket/neutral_211.jpeg,1,"Albirds
Tain't say enough about how comfortable these shoes are.""
Free shipping and free returns.
Machine washable, for when life gets dirty.","[{'x': 2, 'y': 6}, {'x': 159, 'y': 6}, {'x': 159, 'y': 256}, {'x': 2, 'y': 256}]",3:4,vertical,50505,3:4,vertical,39250,0.7771507771507772,neutral
neutral_212.jpg,/kaggle/input/musait/dataset/basket/neutral_212.jpg,1,"CREATING A
FACEBOOK
POST
Ir's
WORLD
REFUGEE
CHRISTMAS
Canva
Votional lood
Tea Day
FREAKY
FRIDAY","[{'x': 18, 'y': 5}, {'x': 313, 'y': 5}, {'x': 313, 'y': 156}, {'x': 18, 'y': 156}]",16:9,horizontal,57600,16:9,horizontal,44545,0.7733506944444445,neutral
neutral_213.jpg,/kaggle/input/musait/dataset/basket/neutral_213.jpg,1,"CREATING A
FACEBOOK
POST
Ir's
WORLD
REFUGEE
CHRISTMAS
Canva
Votional lood
Tea Day
FREAKY
FRIDAY","[{'x': 18, 'y': 5}, {'x': 313, 'y': 5}, {'x': 313, 'y': 156}, {'x': 18, 'y': 156}]",16:9,horizontal,57600,16:9,horizontal,44545,0.7733506944444445,neutral
neutral_214.png,/kaggle/input/musait/dataset/basket/neutral_214.png,1,"MEMES
MONKEY","[{'x': 50, 'y': 144}, {'x': 175, 'y': 144}, {'x': 175, 'y': 211}, {'x': 50, 'y': 211}]",1:1,box,50625,16:9,horizontal,8375,0.1654320987654321,neutral
neutral_215.png,/kaggle/input/musait/dataset/basket/neutral_215.png,1,"MEMES
MONKEY","[{'x': 50, 'y': 144}, {'x': 175, 'y': 144}, {'x': 175, 'y': 211}, {'x': 50, 'y': 211}]",1:1,box,50625,16:9,horizontal,8375,0.1654320987654321,neutral
neutral_216.jpeg,/kaggle/input/musait/dataset/basket/neutral_216.jpeg,1,"People: I don't watch WWE
because it's fake.
Me:
So you watch
movies because
they are real?","[{'x': 21, 'y': 60}, {'x': 685, 'y': 60}, {'x': 685, 'y': 444}, {'x': 21, 'y': 444}]",1:1,box,484560,Other,other,254976,0.5262010896483408,neutral
neutral_217.jpeg,/kaggle/input/musait/dataset/basket/neutral_217.jpeg,1,"People: I don't watch WWE
because it's fake.
Me:
So you watch
movies because
they are real?","[{'x': 21, 'y': 60}, {'x': 685, 'y': 60}, {'x': 685, 'y': 444}, {'x': 21, 'y': 444}]",1:1,box,484560,Other,other,254976,0.5262010896483408,neutral
neutral_218.jpg,/kaggle/input/musait/dataset/basket/neutral_218.jpg,1,"tell
One day you will
you've overcome what
your story of how
you are going through
now, and it will become
part of someone else's
survival guide.
LIFERHINO
LET NOTHING STAND IN YOUR WAY","[{'x': 88, 'y': 100}, {'x': 619, 'y': 100}, {'x': 619, 'y': 847}, {'x': 88, 'y': 847}]",3:4,vertical,634320,3:4,vertical,396657,0.6253263337116912,neutral
neutral_219.jpg,/kaggle/input/musait/dataset/basket/neutral_219.jpg,1,"tell
One day you will
you've overcome what
your story of how
you are going through
now, and it will become
part of someone else's
survival guide.
LIFERHINO
LET NOTHING STAND IN YOUR WAY","[{'x': 88, 'y': 100}, {'x': 619, 'y': 100}, {'x': 619, 'y': 847}, {'x': 88, 'y': 847}]",3:4,vertical,634320,3:4,vertical,396657,0.6253263337116912,neutral
neutral_220.png,/kaggle/input/musait/dataset/basket/neutral_220.png,1,"M
МЕНСКИ
FOODS
FOOD INGREDIENTS
AND ADDITIVES","[{'x': 7, 'y': 20}, {'x': 257, 'y': 20}, {'x': 257, 'y': 157}, {'x': 7, 'y': 157}]",16:9,horizontal,50220,16:9,horizontal,34250,0.6819992035045799,neutral
neutral_221.png,/kaggle/input/musait/dataset/basket/neutral_221.png,1,"M
МЕНСКИ
FOODS
FOOD INGREDIENTS
AND ADDITIVES","[{'x': 7, 'y': 20}, {'x': 257, 'y': 20}, {'x': 257, 'y': 157}, {'x': 7, 'y': 157}]",16:9,horizontal,50220,16:9,horizontal,34250,0.6819992035045799,neutral
neutral_222.jpeg,/kaggle/input/musait/dataset/basket/neutral_222.jpeg,1,"Computer Science Students
Year 1
printf(""Hello World"")
Year 2
Data structures,
DBMS, Operating
System
Year 3
I wanna go home
Year 4
Welcome to my
YouTube channel!","[{'x': 17, 'y': 8}, {'x': 706, 'y': 8}, {'x': 706, 'y': 875}, {'x': 17, 'y': 875}]",3:4,vertical,648720,3:4,vertical,597363,0.9208333333333332,neutral
neutral_223.jpeg,/kaggle/input/musait/dataset/basket/neutral_223.jpeg,1,"Computer Science Students
Year 1
printf(""Hello World"")
Year 2
Data structures,
DBMS, Operating
System
Year 3
I wanna go home
Year 4
Welcome to my
YouTube channel!","[{'x': 17, 'y': 8}, {'x': 706, 'y': 8}, {'x': 706, 'y': 875}, {'x': 17, 'y': 875}]",3:4,vertical,648720,3:4,vertical,597363,0.9208333333333332,neutral
neutral_224.jpg,/kaggle/input/musait/dataset/basket/neutral_224.jpg,1,"MILLENIAL MINDSET
IF YOU GENUINELY WANT
SOMETHING, DON'T WAIT FOR IT--
TEACH YOURSELF TO BE IMPATIENT.","[{'x': 33, 'y': 451}, {'x': 687, 'y': 451}, {'x': 687, 'y': 678}, {'x': 33, 'y': 678}]",1:1,box,518400,Other,other,148458,0.2863773148148148,neutral
neutral_225.jpg,/kaggle/input/musait/dataset/basket/neutral_225.jpg,1,"MILLENIAL MINDSET
IF YOU GENUINELY WANT
SOMETHING, DON'T WAIT FOR IT--
TEACH YOURSELF TO BE IMPATIENT.","[{'x': 33, 'y': 451}, {'x': 687, 'y': 451}, {'x': 687, 'y': 678}, {'x': 33, 'y': 678}]",1:1,box,518400,Other,other,148458,0.2863773148148148,neutral
neutral_226.png,/kaggle/input/musait/dataset/basket/neutral_226.png,1,"START
the
CON VER SaTiON","[{'x': 15, 'y': 17}, {'x': 265, 'y': 17}, {'x': 265, 'y': 173}, {'x': 15, 'y': 173}]",3:2,horizontal,50325,3:2,horizontal,39000,0.7749627421758569,neutral
neutral_227.png,/kaggle/input/musait/dataset/basket/neutral_227.png,1,"START
the
CON VER SaTiON","[{'x': 15, 'y': 17}, {'x': 265, 'y': 17}, {'x': 265, 'y': 173}, {'x': 15, 'y': 173}]",3:2,horizontal,50325,3:2,horizontal,39000,0.7749627421758569,neutral
neutral_228.jpeg,/kaggle/input/musait/dataset/basket/neutral_228.jpeg,1,"aka Types Arith
ernary Operator Arrays Fo
pop Do While Loop User In
tringLEARN C++
ecurs
10 Exception
IN ONE VIDEO
lass Objects Private Public
rototypes Static Encapsul
onstructors Destructors T
2:52/35040:04","[{'x': 0, 'y': 0}, {'x': 385, 'y': 0}, {'x': 385, 'y': 545}, {'x': 0, 'y': 545}]",4:3,horizontal,415440,3:4,vertical,209825,0.5050669170036588,neutral
neutral_229.jpeg,/kaggle/input/musait/dataset/basket/neutral_229.jpeg,1,"aka Types Arith
ernary Operator Arrays Fo
pop Do While Loop User In
tringLEARN C++
ecurs
10 Exception
IN ONE VIDEO
lass Objects Private Public
rototypes Static Encapsul
onstructors Destructors T
2:52/35040:04","[{'x': 0, 'y': 0}, {'x': 385, 'y': 0}, {'x': 385, 'y': 545}, {'x': 0, 'y': 545}]",4:3,horizontal,415440,3:4,vertical,209825,0.5050669170036588,neutral
neutral_230.jpg,/kaggle/input/musait/dataset/basket/neutral_230.jpg,1,"How to
Write
The
Complete
Definitive
Edition
a Good
Advertisement
A SHORT COURSE IN COPYWRITING
Victor O. Schwab","[{'x': 69, 'y': 98}, {'x': 889, 'y': 98}, {'x': 889, 'y': 1286}, {'x': 69, 'y': 1286}]",3:4,vertical,1286560,3:4,vertical,974160,0.7571819425444597,neutral
neutral_231.jpg,/kaggle/input/musait/dataset/basket/neutral_231.jpg,1,"How to
Write
The
Complete
Definitive
Edition
a Good
Advertisement
A SHORT COURSE IN COPYWRITING
Victor O. Schwab","[{'x': 69, 'y': 98}, {'x': 889, 'y': 98}, {'x': 889, 'y': 1286}, {'x': 69, 'y': 1286}]",3:4,vertical,1286560,3:4,vertical,974160,0.7571819425444597,neutral
neutral_232.png,/kaggle/input/musait/dataset/basket/neutral_232.png,1,"Academic
Positions","[{'x': 544, 'y': 234}, {'x': 930, 'y': 234}, {'x': 930, 'y': 394}, {'x': 544, 'y': 394}]",16:9,horizontal,756000,21:9,horizontal,61760,0.0816931216931216,neutral
neutral_233.png,/kaggle/input/musait/dataset/basket/neutral_233.png,1,"Academic
Positions","[{'x': 544, 'y': 234}, {'x': 930, 'y': 234}, {'x': 930, 'y': 394}, {'x': 544, 'y': 394}]",16:9,horizontal,756000,21:9,horizontal,61760,0.0816931216931216,neutral
neutral_234.jpeg,/kaggle/input/musait/dataset/basket/neutral_234.jpeg,1,"That moment when you're in
exam and all you know is
date and name
FB/AnimeFuture","[{'x': 47, 'y': 42}, {'x': 708, 'y': 42}, {'x': 708, 'y': 288}, {'x': 47, 'y': 288}]",1:1,box,518400,Other,other,162606,0.3136689814814815,neutral
neutral_235.jpg,/kaggle/input/musait/dataset/basket/neutral_235.jpg,1,"C
Developer: Makes a simple, intuitive UI
Users","[{'x': 66, 'y': 161}, {'x': 604, 'y': 161}, {'x': 604, 'y': 888}, {'x': 66, 'y': 888}]",3:4,vertical,618240,3:4,vertical,391126,0.6326442805383022,neutral
neutral_236.jpg,/kaggle/input/musait/dataset/basket/neutral_236.jpg,1,"C
Developer: Makes a simple, intuitive UI
Users","[{'x': 66, 'y': 161}, {'x': 604, 'y': 161}, {'x': 604, 'y': 888}, {'x': 66, 'y': 888}]",3:4,vertical,618240,3:4,vertical,391126,0.6326442805383022,neutral
neutral_237.png,/kaggle/input/musait/dataset/basket/neutral_237.png,1,"Academic Position
1 Senior professor
2 Professor
Frequency Percentage
24
5.9
65
15.9
3 Associate professor
08
2.0
4 Senior lecturer grade I & II
258
63.2
5 Lecturer/Lecturer (Probationary)
53
13.0
Total
408
100","[{'x': 0, 'y': 9}, {'x': 700, 'y': 9}, {'x': 700, 'y': 283}, {'x': 0, 'y': 283}]",21:9,horizontal,206094,Other,other,191800,0.9306432986889478,neutral
neutral_238.png,/kaggle/input/musait/dataset/basket/neutral_238.png,1,"Academic Position
1 Senior professor
2 Professor
Frequency Percentage
24
5.9
65
15.9
3 Associate professor
08
2.0
4 Senior lecturer grade I & II
258
63.2
5 Lecturer/Lecturer (Probationary)
53
13.0
Total
408
100","[{'x': 0, 'y': 9}, {'x': 700, 'y': 9}, {'x': 700, 'y': 283}, {'x': 0, 'y': 283}]",21:9,horizontal,206094,Other,other,191800,0.9306432986889478,neutral
neutral_239.jpeg,/kaggle/input/musait/dataset/basket/neutral_239.jpeg,1,"PROBLEMS OUTPUT
DEBUG CONSOLE TERMINAL POP
$ make mario
make: *** No rule to make target 'mario'. Stop.
$ 1s
hello/
mario-more/
$ make mario-more
mario-more is a directory
$ make mario
make: *** No rule to make target 'mario'. Stop.
$ ./mario
bash: ./mario: No such file or directory
$ make mario
make: *** No rule to make target 'mario'. Stop.
$ make mario
make: *** No rule to make target 'mario'. Stop.
$ make mario.c
Did you mean 'make mario'?
$","[{'x': 37, 'y': 193}, {'x': 719, 'y': 193}, {'x': 719, 'y': 789}, {'x': 37, 'y': 789}]",3:4,vertical,691200,1:1,box,406472,0.5880671296296296,neutral
neutral_240.jpeg,/kaggle/input/musait/dataset/basket/neutral_240.jpeg,1,"PROBLEMS OUTPUT
DEBUG CONSOLE TERMINAL POP
$ make mario
make: *** No rule to make target 'mario'. Stop.
$ 1s
hello/
mario-more/
$ make mario-more
mario-more is a directory
$ make mario
make: *** No rule to make target 'mario'. Stop.
$ ./mario
bash: ./mario: No such file or directory
$ make mario
make: *** No rule to make target 'mario'. Stop.
$ make mario
make: *** No rule to make target 'mario'. Stop.
$ make mario.c
Did you mean 'make mario'?
$","[{'x': 37, 'y': 193}, {'x': 719, 'y': 193}, {'x': 719, 'y': 789}, {'x': 37, 'y': 789}]",3:4,vertical,691200,1:1,box,406472,0.5880671296296296,neutral
neutral_241.jpg,/kaggle/input/musait/dataset/basket/neutral_241.jpg,1,"my gf is at the vet and she sent me this
derinthescarletpescatarian
Your gf is beautiful","[{'x': 59, 'y': 5}, {'x': 620, 'y': 5}, {'x': 620, 'y': 886}, {'x': 59, 'y': 886}]",3:4,vertical,640080,3:4,vertical,494241,0.77215504311961,neutral
neutral_242.jpg,/kaggle/input/musait/dataset/basket/neutral_242.jpg,1,"my gf is at the vet and she sent me this
derinthescarletpescatarian
Your gf is beautiful","[{'x': 59, 'y': 5}, {'x': 620, 'y': 5}, {'x': 620, 'y': 886}, {'x': 59, 'y': 886}]",3:4,vertical,640080,3:4,vertical,494241,0.77215504311961,neutral
neutral_243.png,/kaggle/input/musait/dataset/basket/neutral_243.png,1,"English
Conversation","[{'x': 13, 'y': 283}, {'x': 502, 'y': 283}, {'x': 502, 'y': 441}, {'x': 13, 'y': 441}]",1:1,box,262144,Other,other,77262,0.2947311401367187,neutral
neutral_244.png,/kaggle/input/musait/dataset/basket/neutral_244.png,1,"English
Conversation","[{'x': 13, 'y': 283}, {'x': 502, 'y': 283}, {'x': 502, 'y': 441}, {'x': 13, 'y': 441}]",1:1,box,262144,Other,other,77262,0.2947311401367187,neutral
neutral_245.jpeg,/kaggle/input/musait/dataset/basket/neutral_245.jpeg,1,"THE CHANCES OF YOUR CAT STEALING
YOUR BF/GF ARE LOW...
BUT NEVER ZERO.","[{'x': 73, 'y': 15}, {'x': 648, 'y': 15}, {'x': 648, 'y': 471}, {'x': 73, 'y': 471}]",3:2,horizontal,349200,4:3,horizontal,262200,0.7508591065292096,neutral
neutral_246.jpeg,/kaggle/input/musait/dataset/basket/neutral_246.jpeg,1,"THE CHANCES OF YOUR CAT STEALING
YOUR BF/GF ARE LOW...
BUT NEVER ZERO.","[{'x': 73, 'y': 15}, {'x': 648, 'y': 15}, {'x': 648, 'y': 471}, {'x': 73, 'y': 471}]",3:2,horizontal,349200,4:3,horizontal,262200,0.7508591065292096,neutral
neutral_247.jpg,/kaggle/input/musait/dataset/basket/neutral_247.jpg,1,"Space X
Space Y","[{'x': 57, 'y': 22}, {'x': 533, 'y': 22}, {'x': 533, 'y': 55}, {'x': 57, 'y': 55}]",Other,other,216600,Other,other,15708,0.0725207756232687,neutral
neutral_248.jpg,/kaggle/input/musait/dataset/basket/neutral_248.jpg,1,"Space X
Space Y","[{'x': 57, 'y': 22}, {'x': 533, 'y': 22}, {'x': 533, 'y': 55}, {'x': 57, 'y': 55}]",Other,other,216600,Other,other,15708,0.0725207756232687,neutral
neutral_249.jpeg,/kaggle/input/musait/dataset/basket/neutral_249.jpeg,1,"Interviewer: Please make yourself
comfortable
Me:
So why should you hire me?","[{'x': 15, 'y': 9}, {'x': 457, 'y': 9}, {'x': 457, 'y': 516}, {'x': 15, 'y': 516}]",1:1,box,261120,1:1,box,224094,0.858203125,neutral
neutral_250.jpg,/kaggle/input/musait/dataset/basket/neutral_250.jpg,1,"what if we use 0% of our brain?
Evolution
Human B","[{'x': 0, 'y': 251}, {'x': 639, 'y': 251}, {'x': 639, 'y': 673}, {'x': 0, 'y': 673}]",2:3,vertical,725760,3:2,horizontal,269658,0.3715525793650793,neutral
neutral_251.jpg,/kaggle/input/musait/dataset/basket/neutral_251.jpg,1,"what if we use 0% of our brain?
Evolution
Human B","[{'x': 0, 'y': 251}, {'x': 639, 'y': 251}, {'x': 639, 'y': 673}, {'x': 0, 'y': 673}]",2:3,vertical,725760,3:2,horizontal,269658,0.3715525793650793,neutral
neutral_252.jpeg,/kaggle/input/musait/dataset/basket/neutral_252.jpeg,1,This property protected by Ol' Stink Eye,"[{'x': 13, 'y': 12}, {'x': 584, 'y': 12}, {'x': 584, 'y': 45}, {'x': 13, 'y': 45}]",1:1,box,395400,Other,other,18843,0.0476555386949924,neutral
neutral_253.jpeg,/kaggle/input/musait/dataset/basket/neutral_253.jpeg,1,This property protected by Ol' Stink Eye,"[{'x': 13, 'y': 12}, {'x': 584, 'y': 12}, {'x': 584, 'y': 45}, {'x': 13, 'y': 45}]",1:1,box,395400,Other,other,18843,0.0476555386949924,neutral
neutral_254.jpg,/kaggle/input/musait/dataset/basket/neutral_254.jpg,1,senior Javelin developer,"[{'x': 72, 'y': 13}, {'x': 576, 'y': 13}, {'x': 576, 'y': 60}, {'x': 72, 'y': 60}]",4:3,horizontal,321920,Other,other,23688,0.0735834990059642,neutral
neutral_255.jpg,/kaggle/input/musait/dataset/basket/neutral_255.jpg,1,senior Javelin developer,"[{'x': 72, 'y': 13}, {'x': 576, 'y': 13}, {'x': 576, 'y': 60}, {'x': 72, 'y': 60}]",4:3,horizontal,321920,Other,other,23688,0.0735834990059642,neutral
neutral_256.jpeg,/kaggle/input/musait/dataset/basket/neutral_256.jpeg,1,"spiders are
the only web
developers in
the world that
enjoy finding
bugs","[{'x': 21, 'y': 379}, {'x': 334, 'y': 379}, {'x': 334, 'y': 688}, {'x': 21, 'y': 688}]",1:1,box,504000,1:1,box,96717,0.1918988095238095,neutral
neutral_257.jpeg,/kaggle/input/musait/dataset/basket/neutral_257.jpeg,1,"spiders are
the only web
developers in
the world that
enjoy finding
bugs","[{'x': 21, 'y': 379}, {'x': 334, 'y': 379}, {'x': 334, 'y': 688}, {'x': 21, 'y': 688}]",1:1,box,504000,1:1,box,96717,0.1918988095238095,neutral
neutral_258.jpg,/kaggle/input/musait/dataset/basket/neutral_258.jpg,1,"My cat is afraid of baths
so in order to get him into
one I have to fill it with
rubber ducks","[{'x': 61, 'y': 0}, {'x': 454, 'y': 0}, {'x': 454, 'y': 153}, {'x': 61, 'y': 153}]",3:4,vertical,310119,Other,other,60129,0.1938900873535642,neutral
neutral_259.jpeg,/kaggle/input/musait/dataset/basket/neutral_259.jpeg,1,"People liking
snapchat because
it doesn't save
the messages
The developer
that never learned
SQL","[{'x': 28, 'y': 221}, {'x': 699, 'y': 221}, {'x': 699, 'y': 429}, {'x': 28, 'y': 429}]",1:1,box,519120,Other,other,139568,0.2688549853598397,neutral
neutral_260.jpeg,/kaggle/input/musait/dataset/basket/neutral_260.jpeg,1,"People liking
snapchat because
it doesn't save
the messages
The developer
that never learned
SQL","[{'x': 28, 'y': 221}, {'x': 699, 'y': 221}, {'x': 699, 'y': 429}, {'x': 28, 'y': 429}]",1:1,box,519120,Other,other,139568,0.2688549853598397,neutral
neutral_261.jpg,/kaggle/input/musait/dataset/basket/neutral_261.jpg,1,"Google when I
enter my account
with a different
device
@abhisssssshek
Google when I
actually get
hacked","[{'x': 372, 'y': 85}, {'x': 686, 'y': 85}, {'x': 686, 'y': 591}, {'x': 372, 'y': 591}]",1:1,box,503280,3:4,vertical,158884,0.3156970274996026,neutral
neutral_262.jpeg,/kaggle/input/musait/dataset/basket/neutral_262.jpeg,1,"""I have the
same problem""
asking for
help online","[{'x': 55, 'y': 286}, {'x': 684, 'y': 286}, {'x': 684, 'y': 553}, {'x': 55, 'y': 553}]",1:1,box,519120,21:9,horizontal,167943,0.3235147942672214,neutral
neutral_263.jpeg,/kaggle/input/musait/dataset/basket/neutral_263.jpeg,1,"""I have the
same problem""
asking for
help online","[{'x': 55, 'y': 286}, {'x': 684, 'y': 286}, {'x': 684, 'y': 553}, {'x': 55, 'y': 553}]",1:1,box,519120,21:9,horizontal,167943,0.3235147942672214,neutral
neutral_264.jpg,/kaggle/input/musait/dataset/basket/neutral_264.jpg,1,"Hackers in movies after
smashing their keyboard for
0.0001 seconds
TAP
TAP
I'm in","[{'x': 12, 'y': 13}, {'x': 709, 'y': 13}, {'x': 709, 'y': 461}, {'x': 12, 'y': 461}]",4:3,horizontal,402480,3:2,horizontal,312256,0.7758298548996223,neutral
neutral_265.jpg,/kaggle/input/musait/dataset/basket/neutral_265.jpg,1,"Hackers in movies after
smashing their keyboard for
0.0001 seconds
TAP
TAP
I'm in","[{'x': 12, 'y': 13}, {'x': 709, 'y': 13}, {'x': 709, 'y': 461}, {'x': 12, 'y': 461}]",4:3,horizontal,402480,3:2,horizontal,312256,0.7758298548996223,neutral
neutral_266.jpeg,/kaggle/input/musait/dataset/basket/neutral_266.jpeg,1,"Suggested App
Jasper's Recipe Generator
Sponsored
Download our app and get delicious recipes
for Jasper's Market's latest produce!
Jasper's Recipe
Generator
541 people use this
Install Now","[{'x': 11, 'y': 14}, {'x': 192, 'y': 14}, {'x': 192, 'y': 226}, {'x': 11, 'y': 226}]",1:1,box,50301,1:1,box,38372,0.7628476571042325,neutral
neutral_267.jpeg,/kaggle/input/musait/dataset/basket/neutral_267.jpeg,1,"Suggested App
Jasper's Recipe Generator
Sponsored
Download our app and get delicious recipes
for Jasper's Market's latest produce!
Jasper's Recipe
Generator
541 people use this
Install Now","[{'x': 11, 'y': 14}, {'x': 192, 'y': 14}, {'x': 192, 'y': 226}, {'x': 11, 'y': 226}]",1:1,box,50301,1:1,box,38372,0.7628476571042325,neutral
neutral_268.jpg,/kaggle/input/musait/dataset/basket/neutral_268.jpg,1,"Me safely crossing the road with
my little brother:","[{'x': 11, 'y': 8}, {'x': 623, 'y': 8}, {'x': 623, 'y': 100}, {'x': 11, 'y': 100}]",1:1,box,422960,Other,other,56304,0.1331189710610932,neutral
neutral_269.jpg,/kaggle/input/musait/dataset/basket/neutral_269.jpg,1,"Me safely crossing the road with
my little brother:","[{'x': 11, 'y': 8}, {'x': 623, 'y': 8}, {'x': 623, 'y': 100}, {'x': 11, 'y': 100}]",1:1,box,422960,Other,other,56304,0.1331189710610932,neutral
neutral_270.jpeg,/kaggle/input/musait/dataset/basket/neutral_270.jpeg,1,"Albirds
Tain't say enough about how comfortable these shoes are.""
Free shipping and free returns.
Machine washable, for when life gets dirty.","[{'x': 2, 'y': 6}, {'x': 159, 'y': 6}, {'x': 159, 'y': 256}, {'x': 2, 'y': 256}]",3:4,vertical,50505,3:4,vertical,39250,0.7771507771507772,neutral
neutral_271.jpeg,/kaggle/input/musait/dataset/basket/neutral_271.jpeg,1,"Albirds
Tain't say enough about how comfortable these shoes are.""
Free shipping and free returns.
Machine washable, for when life gets dirty.","[{'x': 2, 'y': 6}, {'x': 159, 'y': 6}, {'x': 159, 'y': 256}, {'x': 2, 'y': 256}]",3:4,vertical,50505,3:4,vertical,39250,0.7771507771507772,neutral
neutral_272.jpg,/kaggle/input/musait/dataset/basket/neutral_272.jpg,1,"I'm a
Hacker.
What's
your job?
Then, can you hack
a Facebook account for
me?
implip.com","[{'x': 2, 'y': 98}, {'x': 353, 'y': 98}, {'x': 353, 'y': 779}, {'x': 2, 'y': 779}]",9:16,vertical,306540,9:16,vertical,239031,0.7797709923664122,neutral
neutral_273.jpeg,/kaggle/input/musait/dataset/basket/neutral_273.jpeg,1,"POST 2 HAND
ADVERTISING & MARKETING SERVICES","[{'x': 62, 'y': 89}, {'x': 229, 'y': 89}, {'x': 229, 'y': 115}, {'x': 62, 'y': 115}]",16:9,horizontal,50232,Other,other,4342,0.0864389233954451,neutral
neutral_274.jpeg,/kaggle/input/musait/dataset/basket/neutral_274.jpeg,1,"POST 2 HAND
ADVERTISING & MARKETING SERVICES","[{'x': 62, 'y': 89}, {'x': 229, 'y': 89}, {'x': 229, 'y': 115}, {'x': 62, 'y': 115}]",16:9,horizontal,50232,Other,other,4342,0.0864389233954451,neutral
neutral_275.jpg,/kaggle/input/musait/dataset/basket/neutral_275.jpg,1,"I Heard he doesn't use ""i""
in a for-loop","[{'x': 28, 'y': 14}, {'x': 426, 'y': 14}, {'x': 426, 'y': 88}, {'x': 28, 'y': 88}]",1:1,box,263520,Other,other,29452,0.1117638129933212,neutral
neutral_276.jpg,/kaggle/input/musait/dataset/basket/neutral_276.jpg,1,"I Heard he doesn't use ""i""
in a for-loop","[{'x': 28, 'y': 14}, {'x': 426, 'y': 14}, {'x': 426, 'y': 88}, {'x': 28, 'y': 88}]",1:1,box,263520,Other,other,29452,0.1117638129933212,neutral
neutral_277.jpeg,/kaggle/input/musait/dataset/basket/neutral_277.jpeg,1,"Proton
Electron
Neutron","[{'x': 140, 'y': 112}, {'x': 590, 'y': 112}, {'x': 590, 'y': 488}, {'x': 140, 'y': 488}]",3:4,vertical,499200,4:3,horizontal,169200,0.3389423076923077,neutral
neutral_278.jpeg,/kaggle/input/musait/dataset/basket/neutral_278.jpeg,1,"Proton
Electron
Neutron","[{'x': 140, 'y': 112}, {'x': 590, 'y': 112}, {'x': 590, 'y': 488}, {'x': 140, 'y': 488}]",3:4,vertical,499200,4:3,horizontal,169200,0.3389423076923077,neutral
neutral_279.jpg,/kaggle/input/musait/dataset/basket/neutral_279.jpg,1,"22:03
Complete Lab 7: Songs. Complete: Movies,
Fiftyville
Lab 7: Songs - 0%
Movies - 0%
Fiftyville - 0%
8
Week 8
Complete Lab 8: Trivia. Complete Homepage
Lab 8: Trivia - 100%
Homepage 100%
9 Week 9
Complete Lab 9: Birthdays. Complete Finance
Lab 9: Birthdays - 0%
Finance - 0%
FP Final Project
Final Project - 0%
BACK TO ALL COURSES
III","[{'x': 50, 'y': 25}, {'x': 648, 'y': 25}, {'x': 648, 'y': 1571}, {'x': 50, 'y': 1571}]",9:16,vertical,1151280,2:5,vertical,924508,0.803026196928636,neutral
neutral_280.jpg,/kaggle/input/musait/dataset/basket/neutral_280.jpg,1,"22:03
Complete Lab 7: Songs. Complete: Movies,
Fiftyville
Lab 7: Songs - 0%
Movies - 0%
Fiftyville - 0%
8
Week 8
Complete Lab 8: Trivia. Complete Homepage
Lab 8: Trivia - 100%
Homepage 100%
9 Week 9
Complete Lab 9: Birthdays. Complete Finance
Lab 9: Birthdays - 0%
Finance - 0%
FP Final Project
Final Project - 0%
BACK TO ALL COURSES
III","[{'x': 50, 'y': 25}, {'x': 648, 'y': 25}, {'x': 648, 'y': 1571}, {'x': 50, 'y': 1571}]",9:16,vertical,1151280,2:5,vertical,924508,0.803026196928636,neutral
neutral_281.jpeg,/kaggle/input/musait/dataset/basket/neutral_281.jpeg,1,"Class
So you let all my friends to
have access to my privates?
C++
Coding Humor
Yes
That doesn't seem fair.","[{'x': 12, 'y': 138}, {'x': 505, 'y': 138}, {'x': 505, 'y': 833}, {'x': 12, 'y': 833}]",3:4,vertical,546560,3:4,vertical,342635,0.6268936621779859,neutral
neutral_282.jpeg,/kaggle/input/musait/dataset/basket/neutral_282.jpeg,1,"Class
So you let all my friends to
have access to my privates?
C++
Coding Humor
Yes
That doesn't seem fair.","[{'x': 12, 'y': 138}, {'x': 505, 'y': 138}, {'x': 505, 'y': 833}, {'x': 12, 'y': 833}]",3:4,vertical,546560,3:4,vertical,342635,0.6268936621779859,neutral
neutral_283.jpg,/kaggle/input/musait/dataset/basket/neutral_283.jpg,1,"←
QEdit - pip_conso...
ان
51% 12:41
123
#import os, os.path, sys, readline
num1 =
num2 =
int(input(""enter your number: "")
int(input(""enter your number:"")
num3 = int(input(""enter your number: "")
4
5
num4
=
int(input(""enter your number: "")
6
8
9
if(num1>num2):
f1 = num1
10
else:
11
f1 = num2
12 if(num3>num4):
13
f2 = num3
14
else:
15
f2 = num4
16 if(f1>f2):
17
18
19
20
21
2222
22
23
else:
print(str(f1) + ""is greatest "")
print(str(f2) + ""is greatest "")
< > → 54
>=","[{'x': 7, 'y': 12}, {'x': 705, 'y': 12}, {'x': 705, 'y': 1260}, {'x': 7, 'y': 1260}]",2:3,vertical,921600,2:3,vertical,871104,0.9452083333333332,neutral
neutral_284.jpg,/kaggle/input/musait/dataset/basket/neutral_284.jpg,1,"←
QEdit - pip_conso...
ان
51% 12:41
123
#import os, os.path, sys, readline
num1 =
num2 =
int(input(""enter your number: "")
int(input(""enter your number:"")
num3 = int(input(""enter your number: "")
4
5
num4
=
int(input(""enter your number: "")
6
8
9
if(num1>num2):
f1 = num1
10
else:
11
f1 = num2
12 if(num3>num4):
13
f2 = num3
14
else:
15
f2 = num4
16 if(f1>f2):
17
18
19
20
21
2222
22
23
else:
print(str(f1) + ""is greatest "")
print(str(f2) + ""is greatest "")
< > → 54
>=","[{'x': 7, 'y': 12}, {'x': 705, 'y': 12}, {'x': 705, 'y': 1260}, {'x': 7, 'y': 1260}]",2:3,vertical,921600,2:3,vertical,871104,0.9452083333333332,neutral
neutral_285.jpeg,/kaggle/input/musait/dataset/basket/neutral_285.jpeg,1,"Alcohol and Calculus don't mix
Don't Drink and Derive","[{'x': 193, 'y': 236}, {'x': 573, 'y': 236}, {'x': 573, 'y': 369}, {'x': 193, 'y': 369}]",4:3,horizontal,406800,Other,other,50540,0.1242379547689282,neutral
neutral_286.jpeg,/kaggle/input/musait/dataset/basket/neutral_286.jpeg,1,"Alcohol and Calculus don't mix
Don't Drink and Derive","[{'x': 193, 'y': 236}, {'x': 573, 'y': 236}, {'x': 573, 'y': 369}, {'x': 193, 'y': 369}]",4:3,horizontal,406800,Other,other,50540,0.1242379547689282,neutral
neutral_287.jpg,/kaggle/input/musait/dataset/basket/neutral_287.jpg,1,"Mom: Don't touch your
computer and mobile until
your exams are over.
Me studying software
engineering:
-sal..","[{'x': 14, 'y': 0}, {'x': 689, 'y': 0}, {'x': 689, 'y': 839}, {'x': 14, 'y': 839}]",3:4,vertical,624960,3:4,vertical,566325,0.9061779953917052,neutral
neutral_288.jpg,/kaggle/input/musait/dataset/basket/neutral_288.jpg,1,"Mom: Don't touch your
computer and mobile until
your exams are over.
Me studying software
engineering:
-sal..","[{'x': 14, 'y': 0}, {'x': 688, 'y': 0}, {'x': 688, 'y': 839}, {'x': 14, 'y': 839}]",3:4,vertical,624960,3:4,vertical,565486,0.9048355094726064,neutral
neutral_289.jpeg,/kaggle/input/musait/dataset/basket/neutral_289.jpeg,1,"COLAT
Open door
Closed door
Evie
Scott
2020","[{'x': 175, 'y': 19}, {'x': 489, 'y': 19}, {'x': 489, 'y': 623}, {'x': 175, 'y': 623}]",3:4,vertical,312744,2:3,vertical,189656,0.606425702811245,neutral
neutral_290.jpeg,/kaggle/input/musait/dataset/basket/neutral_290.jpeg,1,"COLAT
Open door
Closed door
Evie
Scott
2020","[{'x': 175, 'y': 19}, {'x': 489, 'y': 19}, {'x': 489, 'y': 623}, {'x': 175, 'y': 623}]",3:4,vertical,312744,2:3,vertical,189656,0.606425702811245,neutral
neutral_291.jpg,/kaggle/input/musait/dataset/basket/neutral_291.jpg,1,"Our
when
performance
team's
collaborate
we","[{'x': 118, 'y': 118}, {'x': 670, 'y': 118}, {'x': 670, 'y': 573}, {'x': 118, 'y': 573}]",1:1,box,518400,4:3,horizontal,251160,0.4844907407407407,neutral
neutral_292.jpg,/kaggle/input/musait/dataset/basket/neutral_292.jpg,1,"Our
when
performance
team's
collaborate
we","[{'x': 118, 'y': 118}, {'x': 670, 'y': 118}, {'x': 670, 'y': 573}, {'x': 118, 'y': 573}]",1:1,box,518400,4:3,horizontal,251160,0.4844907407407407,neutral
neutral_293.jpeg,/kaggle/input/musait/dataset/basket/neutral_293.jpeg,1,"When you are angry with each other
but still do video call","[{'x': 28, 'y': 11}, {'x': 675, 'y': 11}, {'x': 675, 'y': 106}, {'x': 28, 'y': 106}]",1:1,box,547920,Other,other,61465,0.1121787852241203,neutral
neutral_294.jpeg,/kaggle/input/musait/dataset/basket/neutral_294.jpeg,1,"When you are angry with each other
but still do video call","[{'x': 28, 'y': 11}, {'x': 675, 'y': 11}, {'x': 675, 'y': 106}, {'x': 28, 'y': 106}]",1:1,box,547920,Other,other,61465,0.1121787852241203,neutral
neutral_295.jpg,/kaggle/input/musait/dataset/basket/neutral_295.jpg,1,"Types of Cat Loaf
white
toasted
burnt
cinnamon
pumpernickel
moldy
marble rye
extra fluffy
gluten-free
choco-swirl
stale
whole grain
cheesy garlic
potato
nyan usclaireforce","[{'x': 107, 'y': 22}, {'x': 699, 'y': 22}, {'x': 699, 'y': 942}, {'x': 107, 'y': 942}]",3:4,vertical,691200,3:4,vertical,544640,0.787962962962963,neutral
neutral_296.jpg,/kaggle/input/musait/dataset/basket/neutral_296.jpg,1,"Types of Cat Loaf
white
toasted
burnt
cinnamon
pumpernickel
moldy
marble rye
extra fluffy
gluten-free
choco-swirl
stale
whole grain
cheesy garlic
potato
nyan usclaireforce","[{'x': 107, 'y': 22}, {'x': 699, 'y': 22}, {'x': 699, 'y': 942}, {'x': 107, 'y': 942}]",3:4,vertical,691200,3:4,vertical,544640,0.787962962962963,neutral
neutral_297.jpeg,/kaggle/input/musait/dataset/basket/neutral_297.jpeg,1,"The perfect T-shirt doesn't
exi-
introverted
but willing
to discuss
cats.","[{'x': 20, 'y': 24}, {'x': 467, 'y': 24}, {'x': 467, 'y': 482}, {'x': 20, 'y': 482}]",3:4,vertical,462000,1:1,box,204726,0.4431298701298701,neutral
neutral_298.jpeg,/kaggle/input/musait/dataset/basket/neutral_298.jpeg,1,"The perfect T-shirt doesn't
exi-
introverted
but willing
to discuss
cats.","[{'x': 20, 'y': 24}, {'x': 467, 'y': 24}, {'x': 467, 'y': 482}, {'x': 20, 'y': 482}]",3:4,vertical,462000,1:1,box,204726,0.4431298701298701,neutral
neutral_299.jpg,/kaggle/input/musait/dataset/basket/neutral_299.jpg,1,"WE PUT MUSIC
IN
MEMORY CARD
FLASH DICKS
AND
PHONES","[{'x': 197, 'y': 332}, {'x': 433, 'y': 332}, {'x': 433, 'y': 500}, {'x': 197, 'y': 500}]",1:1,box,435435,4:3,horizontal,39648,0.0910537738123945,neutral
neutral_300.jpg,/kaggle/input/musait/dataset/basket/neutral_300.jpg,1,"WE PUT MUSIC
IN
MEMORY CARD
FLASH DICKS
AND
PHONES","[{'x': 197, 'y': 332}, {'x': 433, 'y': 332}, {'x': 433, 'y': 500}, {'x': 197, 'y': 500}]",1:1,box,435435,4:3,horizontal,39648,0.0910537738123945,neutral
neutral_301.jpeg,/kaggle/input/musait/dataset/basket/neutral_301.jpeg,1,Programmer,"[{'x': 85, 'y': 39}, {'x': 134, 'y': 39}, {'x': 134, 'y': 48}, {'x': 85, 'y': 48}]",1:1,box,36540,Other,other,441,0.0120689655172413,neutral
neutral_302.jpeg,/kaggle/input/musait/dataset/basket/neutral_302.jpeg,1,Programmer,"[{'x': 85, 'y': 39}, {'x': 134, 'y': 39}, {'x': 134, 'y': 48}, {'x': 85, 'y': 48}]",1:1,box,36540,Other,other,441,0.0120689655172413,neutral
neutral_303.jpg,/kaggle/input/musait/dataset/basket/neutral_303.jpg,1,"THIS WEBPAGE IS
TAKING FOREVER
TO LOAD!
CLICK
COM
G
×
VEATHER.COM
TUES
WED
MON
LOW $5 23
THURS
LOW BLOW T
SODIE
KSHH
COM
Pervis Zach M. Stafford","[{'x': 25, 'y': 37}, {'x': 693, 'y': 37}, {'x': 693, 'y': 718}, {'x': 25, 'y': 718}]",1:1,box,518400,1:1,box,454908,0.8775231481481481,neutral
neutral_304.jpg,/kaggle/input/musait/dataset/basket/neutral_304.jpg,1,"THIS WEBPAGE IS
TAKING FOREVER
TO LOAD!
CLICK
COM
G
×
VEATHER.COM
TUES
WED
MON
LOW $5 23
THURS
LOW BLOW T
SODIE
KSHH
COM
Pervis Zach M. Stafford","[{'x': 25, 'y': 37}, {'x': 693, 'y': 37}, {'x': 693, 'y': 718}, {'x': 25, 'y': 718}]",1:1,box,518400,1:1,box,454908,0.8775231481481481,neutral
neutral_305.jpeg,/kaggle/input/musait/dataset/basket/neutral_305.jpeg,1,"Ahmed Abdirahim Abdullahi
Sep 16, 2021.
Tell me something I don't
know.
xaviergazm
You can't buy a new mirror because all
mirrors have been used technically.","[{'x': 98, 'y': 16}, {'x': 650, 'y': 16}, {'x': 650, 'y': 689}, {'x': 98, 'y': 689}]",1:1,box,525600,3:4,vertical,371496,0.7068036529680365,neutral
neutral_306.jpeg,/kaggle/input/musait/dataset/basket/neutral_306.jpeg,1,"Ahmed Abdirahim Abdullahi
Sep 16, 2021.
Tell me something I don't
know.
xaviergazm
You can't buy a new mirror because all
mirrors have been used technically.","[{'x': 98, 'y': 16}, {'x': 650, 'y': 16}, {'x': 650, 'y': 689}, {'x': 98, 'y': 689}]",1:1,box,525600,3:4,vertical,371496,0.7068036529680365,neutral
neutral_307.jpg,/kaggle/input/musait/dataset/basket/neutral_307.jpg,1,"I have hired this cat
to stare at you","[{'x': 8, 'y': 647}, {'x': 716, 'y': 647}, {'x': 716, 'y': 824}, {'x': 8, 'y': 824}]",1:1,box,605520,Other,other,125316,0.2069560047562425,neutral
neutral_308.jpg,/kaggle/input/musait/dataset/basket/neutral_308.jpg,1,"I have hired this cat
to stare at you","[{'x': 8, 'y': 647}, {'x': 716, 'y': 647}, {'x': 716, 'y': 824}, {'x': 8, 'y': 824}]",1:1,box,605520,Other,other,125316,0.2069560047562425,neutral
neutral_309.jpeg,/kaggle/input/musait/dataset/basket/neutral_309.jpeg,1,"Tell Cersei. I want
her to know it was
me","[{'x': 82, 'y': 5}, {'x': 639, 'y': 5}, {'x': 639, 'y': 231}, {'x': 82, 'y': 231}]",1:1,box,508320,21:9,horizontal,125882,0.2476432168712622,neutral
neutral_310.jpeg,/kaggle/input/musait/dataset/basket/neutral_310.jpeg,1,"Tell Cersei. I want
her to know it was
me","[{'x': 82, 'y': 5}, {'x': 639, 'y': 5}, {'x': 639, 'y': 231}, {'x': 82, 'y': 231}]",1:1,box,508320,21:9,horizontal,125882,0.2476432168712622,neutral
neutral_311.jpg,/kaggle/input/musait/dataset/basket/neutral_311.jpg,1,"My cat decided to arrive at precisely the
right moment during story time with my
daughter.
RU P
but the best kind of cat
is your very own.","[{'x': 10, 'y': 4}, {'x': 660, 'y': 4}, {'x': 660, 'y': 825}, {'x': 10, 'y': 825}]",3:4,vertical,578200,3:4,vertical,533650,0.922950536146662,neutral
neutral_312.jpg,/kaggle/input/musait/dataset/basket/neutral_312.jpg,1,"My cat decided to arrive at precisely the
right moment during story time with my
daughter.
RU P
but the best kind of cat
is your very own.","[{'x': 10, 'y': 4}, {'x': 660, 'y': 4}, {'x': 660, 'y': 825}, {'x': 10, 'y': 825}]",3:4,vertical,578200,3:4,vertical,533650,0.922950536146662,neutral
neutral_313.jpeg,/kaggle/input/musait/dataset/basket/neutral_313.jpeg,1,"Medical Students
Don't work hard, work with intelligence...
laughingcolours.com
Engineering Student","[{'x': 6, 'y': 5}, {'x': 218, 'y': 5}, {'x': 218, 'y': 123}, {'x': 6, 'y': 123}]",1:1,box,50625,16:9,horizontal,25016,0.4941432098765432,neutral
neutral_314.jpeg,/kaggle/input/musait/dataset/basket/neutral_314.jpeg,1,"Medical Students
Don't work hard, work with intelligence...
laughingcolours.com
Engineering Student","[{'x': 6, 'y': 5}, {'x': 218, 'y': 5}, {'x': 218, 'y': 123}, {'x': 6, 'y': 123}]",1:1,box,50625,16:9,horizontal,25016,0.4941432098765432,neutral
neutral_315.jpg,/kaggle/input/musait/dataset/basket/neutral_315.jpg,1,"Finding a Linux
Process
Finding
a cat
ps ps ps ps","[{'x': 23, 'y': 58}, {'x': 685, 'y': 58}, {'x': 685, 'y': 651}, {'x': 23, 'y': 651}]",1:1,box,518400,1:1,box,392566,0.7572646604938271,neutral
neutral_316.jpg,/kaggle/input/musait/dataset/basket/neutral_316.jpg,1,"Finding a Linux
Process
Finding
a cat
ps ps ps ps","[{'x': 23, 'y': 58}, {'x': 685, 'y': 58}, {'x': 685, 'y': 651}, {'x': 23, 'y': 651}]",1:1,box,518400,1:1,box,392566,0.7572646604938271,neutral
neutral_317.jpeg,/kaggle/input/musait/dataset/basket/neutral_317.jpeg,1,"Imagine becoming a Billionaire
at the age of your battery
percentage right now?
Mine: 35 years","[{'x': 26, 'y': 0}, {'x': 444, 'y': 0}, {'x': 444, 'y': 164}, {'x': 26, 'y': 164}]",4:3,horizontal,176328,Other,other,68552,0.3887754639081711,neutral
neutral_318.jpeg,/kaggle/input/musait/dataset/basket/neutral_318.jpeg,1,"Imagine becoming a Billionaire
at the age of your battery
percentage right now?
Mine: 35 years","[{'x': 26, 'y': 0}, {'x': 444, 'y': 0}, {'x': 444, 'y': 164}, {'x': 26, 'y': 164}]",4:3,horizontal,176328,Other,other,68552,0.3887754639081711,neutral
neutral_319.jpg,/kaggle/input/musait/dataset/basket/neutral_319.jpg,1,"A FEMALE
COMPUTER
IS NEEDED
CONTACT:
08030756798","[{'x': 145, 'y': 105}, {'x': 621, 'y': 105}, {'x': 621, 'y': 485}, {'x': 145, 'y': 485}]",1:1,box,506944,4:3,horizontal,180880,0.3568046963767201,neutral
neutral_320.jpg,/kaggle/input/musait/dataset/basket/neutral_320.jpg,1,"A FEMALE
COMPUTER
IS NEEDED
CONTACT:
08030756798","[{'x': 145, 'y': 105}, {'x': 621, 'y': 105}, {'x': 621, 'y': 485}, {'x': 145, 'y': 485}]",1:1,box,506944,4:3,horizontal,180880,0.3568046963767201,neutral
neutral_321.jpeg,/kaggle/input/musait/dataset/basket/neutral_321.jpeg,1,"SHOULD BE ALLOWED
ON THE COUNTER
CHANGE MY MIND","[{'x': 198, 'y': 295}, {'x': 678, 'y': 295}, {'x': 678, 'y': 658}, {'x': 198, 'y': 658}]",1:1,box,517680,4:3,horizontal,174240,0.3365785813630041,neutral
neutral_322.jpeg,/kaggle/input/musait/dataset/basket/neutral_322.jpeg,1,"SHOULD BE ALLOWED
ON THE COUNTER
CHANGE MY MIND","[{'x': 198, 'y': 295}, {'x': 678, 'y': 295}, {'x': 678, 'y': 658}, {'x': 198, 'y': 658}]",1:1,box,517680,4:3,horizontal,174240,0.3365785813630041,neutral
neutral_323.jpg,/kaggle/input/musait/dataset/basket/neutral_323.jpg,1,"Me
wanting to
feel loved
My cat who was
peacefully
sleeping and now
has to deal with
my bullshit","[{'x': 113, 'y': 255}, {'x': 673, 'y': 255}, {'x': 673, 'y': 823}, {'x': 113, 'y': 823}]",3:4,vertical,647100,1:1,box,318080,0.4915469015608097,neutral
neutral_324.jpg,/kaggle/input/musait/dataset/basket/neutral_324.jpg,1,"Me
wanting to
feel loved
My cat who was
peacefully
sleeping and now
has to deal with
my bullshit","[{'x': 113, 'y': 255}, {'x': 673, 'y': 255}, {'x': 673, 'y': 823}, {'x': 113, 'y': 823}]",3:4,vertical,647100,1:1,box,318080,0.4915469015608097,neutral
neutral_325.jpeg,/kaggle/input/musait/dataset/basket/neutral_325.jpeg,1,"10 errors
Fix All
Now you have
20 errors","[{'x': 31, 'y': 101}, {'x': 350, 'y': 101}, {'x': 350, 'y': 782}, {'x': 31, 'y': 782}]",3:4,vertical,618480,9:16,vertical,217239,0.3512466045789678,neutral
neutral_326.jpg,/kaggle/input/musait/dataset/basket/neutral_326.jpg,1,"حيى
قول
فلافل
Java
Popular Restaurant
07 مطعم جافا
REPAIR
Java Popular Restaurant Hummus Foul-Falafel
AFFY
لا قوة ان بانت
pept
Ө","[{'x': 0, 'y': 144}, {'x': 719, 'y': 144}, {'x': 719, 'y': 592}, {'x': 0, 'y': 592}]",4:3,horizontal,435600,3:2,horizontal,322112,0.7394674012855831,neutral
neutral_327.jpg,/kaggle/input/musait/dataset/basket/neutral_327.jpg,1,"حيى
قول
فلافل
Java
Popular Restaurant
07 مطعم جافا
REPAIR
Java Popular Restaurant Hummus Foul-Falafel
AFFY
لا قوة ان بانت
pept
Ө","[{'x': 0, 'y': 144}, {'x': 719, 'y': 144}, {'x': 719, 'y': 592}, {'x': 0, 'y': 592}]",4:3,horizontal,435600,3:2,horizontal,322112,0.7394674012855831,neutral
neutral_328.jpeg,/kaggle/input/musait/dataset/basket/neutral_328.jpeg,1,strong,"[{'x': 48, 'y': 189}, {'x': 184, 'y': 189}, {'x': 184, 'y': 226}, {'x': 48, 'y': 226}]",1:1,box,59048,Other,other,5032,0.0852188050399674,neutral
neutral_329.jpeg,/kaggle/input/musait/dataset/basket/neutral_329.jpeg,1,strong,"[{'x': 48, 'y': 189}, {'x': 184, 'y': 189}, {'x': 184, 'y': 226}, {'x': 48, 'y': 226}]",1:1,box,59048,Other,other,5032,0.0852188050399674,neutral
neutral_330.jpg,/kaggle/input/musait/dataset/basket/neutral_330.jpg,1,"Today's 3 year olds
can switch on laptops and
open their favorite apps
Me? When I was 3,
I ate mud","[{'x': 57, 'y': 21}, {'x': 651, 'y': 21}, {'x': 651, 'y': 880}, {'x': 57, 'y': 880}]",3:4,vertical,646560,3:4,vertical,510246,0.7891703786191536,neutral
neutral_331.jpg,/kaggle/input/musait/dataset/basket/neutral_331.jpg,1,"Today's 3 year olds
can switch on laptops and
open their favorite apps
Me? When I was 3,
I ate mud","[{'x': 57, 'y': 21}, {'x': 651, 'y': 21}, {'x': 651, 'y': 880}, {'x': 57, 'y': 880}]",3:4,vertical,646560,3:4,vertical,510246,0.7891703786191536,neutral
neutral_332.jpeg,/kaggle/input/musait/dataset/basket/neutral_332.jpeg,1,"Interviewer: Please make yourself
comfortable
Me:
So why should you hire me?","[{'x': 16, 'y': 11}, {'x': 457, 'y': 11}, {'x': 457, 'y': 516}, {'x': 16, 'y': 516}]",1:1,box,261120,1:1,box,222705,0.8528837316176471,neutral
neutral_333.jpg,/kaggle/input/musait/dataset/basket/neutral_333.jpg,1,"Sergio
SerajeddinR
When your birthday is in Ramadan
SMIA","[{'x': 21, 'y': 30}, {'x': 385, 'y': 30}, {'x': 385, 'y': 440}, {'x': 21, 'y': 440}]",3:4,vertical,280320,1:1,box,149240,0.5323915525114156,neutral
neutral_334.jpg,/kaggle/input/musait/dataset/basket/neutral_334.jpg,1,"Sergio
SerajeddinR
When your birthday is in Ramadan
SMIA","[{'x': 21, 'y': 30}, {'x': 385, 'y': 30}, {'x': 385, 'y': 440}, {'x': 21, 'y': 440}]",3:4,vertical,280320,1:1,box,149240,0.5323915525114156,neutral
neutral_335.jpeg,/kaggle/input/musait/dataset/basket/neutral_335.jpeg,1,"Peter I Told You
Coding Humor
Not to think
programming is easy","[{'x': 36, 'y': 28}, {'x': 650, 'y': 28}, {'x': 650, 'y': 776}, {'x': 36, 'y': 776}]",1:1,box,600480,3:4,vertical,459272,0.7648414601652012,neutral
neutral_336.jpeg,/kaggle/input/musait/dataset/basket/neutral_336.jpeg,1,"Peter I Told You
Coding Humor
Not to think
programming is easy","[{'x': 36, 'y': 28}, {'x': 650, 'y': 28}, {'x': 650, 'y': 776}, {'x': 36, 'y': 776}]",1:1,box,600480,3:4,vertical,459272,0.7648414601652012,neutral
neutral_337.jpg,/kaggle/input/musait/dataset/basket/neutral_337.jpg,1,"Your next task is to fix bug in
your friend's Java code.","[{'x': 23, 'y': 66}, {'x': 638, 'y': 66}, {'x': 638, 'y': 160}, {'x': 23, 'y': 160}]",5:4,horizontal,444240,Other,other,57810,0.1301323608860075,neutral
neutral_338.jpg,/kaggle/input/musait/dataset/basket/neutral_338.jpg,1,"Your next task is to fix bug in
your friend's Java code.","[{'x': 23, 'y': 66}, {'x': 638, 'y': 66}, {'x': 638, 'y': 160}, {'x': 23, 'y': 160}]",5:4,horizontal,444240,Other,other,57810,0.1301323608860075,neutral
neutral_339.jpeg,/kaggle/input/musait/dataset/basket/neutral_339.jpeg,1,"My boyfriend is taking care of my cat for
me. I asked how it was going and he sent
me this.","[{'x': 0, 'y': 19}, {'x': 586, 'y': 19}, {'x': 586, 'y': 120}, {'x': 0, 'y': 120}]",1:1,box,361800,Other,other,59186,0.1635876174682144,neutral
neutral_340.jpeg,/kaggle/input/musait/dataset/basket/neutral_340.jpeg,1,"My boyfriend is taking care of my cat for
me. I asked how it was going and he sent
me this.","[{'x': 0, 'y': 19}, {'x': 586, 'y': 19}, {'x': 586, 'y': 120}, {'x': 0, 'y': 120}]",1:1,box,361800,Other,other,59186,0.1635876174682144,neutral
neutral_341.jpg,/kaggle/input/musait/dataset/basket/neutral_341.jpg,1,My projects status,"[{'x': 55, 'y': 12}, {'x': 630, 'y': 12}, {'x': 630, 'y': 80}, {'x': 55, 'y': 80}]",1:1,box,576000,Other,other,39100,0.0678819444444444,neutral
neutral_342.jpg,/kaggle/input/musait/dataset/basket/neutral_342.jpg,1,My projects status,"[{'x': 55, 'y': 12}, {'x': 630, 'y': 12}, {'x': 630, 'y': 80}, {'x': 55, 'y': 80}]",1:1,box,576000,Other,other,39100,0.0678819444444444,neutral
neutral_343.jpeg,/kaggle/input/musait/dataset/basket/neutral_343.jpeg,1,"When you keep singing love songs.
Mom:","[{'x': 73, 'y': 9}, {'x': 592, 'y': 9}, {'x': 592, 'y': 126}, {'x': 73, 'y': 126}]",1:1,box,554400,Other,other,60723,0.1095292207792207,neutral
neutral_344.jpeg,/kaggle/input/musait/dataset/basket/neutral_344.jpeg,1,"When you keep singing love songs.
Mom:","[{'x': 73, 'y': 9}, {'x': 592, 'y': 9}, {'x': 592, 'y': 126}, {'x': 73, 'y': 126}]",1:1,box,554400,Other,other,60723,0.1095292207792207,neutral
neutral_345.jpg,/kaggle/input/musait/dataset/basket/neutral_345.jpg,1,"RARE PIC OF A CAT-EGORY 3
PURRICANE!!!","[{'x': 57, 'y': 20}, {'x': 556, 'y': 20}, {'x': 556, 'y': 98}, {'x': 57, 'y': 98}]",1:1,box,592560,Other,other,38922,0.0656844876468205,neutral
neutral_346.jpg,/kaggle/input/musait/dataset/basket/neutral_346.jpg,1,"RARE PIC OF A CAT-EGORY 3
PURRICANE!!!","[{'x': 57, 'y': 20}, {'x': 556, 'y': 20}, {'x': 556, 'y': 98}, {'x': 57, 'y': 98}]",1:1,box,592560,Other,other,38922,0.0656844876468205,neutral
neutral_347.jpeg,/kaggle/input/musait/dataset/basket/neutral_347.jpeg,1,"C
WOLM STRAY
Rj emoji
What is needed for a
good relationship?
Primary Keys","[{'x': 0, 'y': 14}, {'x': 670, 'y': 14}, {'x': 670, 'y': 814}, {'x': 0, 'y': 814}]",1:1,box,603360,3:4,vertical,536000,0.8883585255900291,neutral
neutral_348.jpeg,/kaggle/input/musait/dataset/basket/neutral_348.jpeg,1,"C
WOLM STRAY
Rj emoji
What is needed for a
good relationship?
Primary Keys","[{'x': 0, 'y': 14}, {'x': 670, 'y': 14}, {'x': 670, 'y': 814}, {'x': 0, 'y': 814}]",1:1,box,603360,3:4,vertical,536000,0.8883585255900291,neutral
neutral_349.jpg,/kaggle/input/musait/dataset/basket/neutral_349.jpg,1,"begineers learning
440
EE
FB@xKawaki
Now You Will Feel The Real Pain
C","[{'x': 38, 'y': 38}, {'x': 655, 'y': 38}, {'x': 655, 'y': 640}, {'x': 38, 'y': 640}]",1:1,box,508320,1:1,box,371434,0.7307090022033365,neutral
neutral_350.jpg,/kaggle/input/musait/dataset/basket/neutral_350.jpg,1,"begineers learning
440
EE
FB@xKawaki
Now You Will Feel The Real Pain
C","[{'x': 38, 'y': 38}, {'x': 655, 'y': 38}, {'x': 655, 'y': 640}, {'x': 38, 'y': 640}]",1:1,box,508320,1:1,box,371434,0.7307090022033365,neutral
neutral_351.jpeg,/kaggle/input/musait/dataset/basket/neutral_351.jpeg,1,"WHAT DOES SPIDER-MAN DO FOR A LIVING?
What?
HE'S A WEB DESIGNER...","[{'x': 79, 'y': 277}, {'x': 683, 'y': 277}, {'x': 683, 'y': 615}, {'x': 79, 'y': 615}]",3:4,vertical,678240,16:9,horizontal,204152,0.3010025949516395,neutral
neutral_352.jpeg,/kaggle/input/musait/dataset/basket/neutral_352.jpeg,1,"WHAT DOES SPIDER-MAN DO FOR A LIVING?
What?
HE'S A WEB DESIGNER...","[{'x': 79, 'y': 277}, {'x': 683, 'y': 277}, {'x': 683, 'y': 615}, {'x': 79, 'y': 615}]",3:4,vertical,678240,16:9,horizontal,204152,0.3010025949516395,neutral
neutral_353.jpg,/kaggle/input/musait/dataset/basket/neutral_353.jpg,1,"you fighting your demons i'm chilling
with mine","[{'x': 10, 'y': 11}, {'x': 641, 'y': 11}, {'x': 641, 'y': 107}, {'x': 10, 'y': 107}]",4:3,horizontal,407520,Other,other,60576,0.1486454652532391,neutral
neutral_354.jpg,/kaggle/input/musait/dataset/basket/neutral_354.jpg,1,"you fighting your demons i'm chilling
with mine","[{'x': 10, 'y': 11}, {'x': 641, 'y': 11}, {'x': 641, 'y': 107}, {'x': 10, 'y': 107}]",4:3,horizontal,407520,Other,other,60576,0.1486454652532391,neutral
neutral_355.jpeg,/kaggle/input/musait/dataset/basket/neutral_355.jpeg,1,"..is it morning
yet,momma?..","[{'x': 408, 'y': 29}, {'x': 618, 'y': 29}, {'x': 618, 'y': 93}, {'x': 408, 'y': 93}]",1:1,box,409600,Other,other,13440,0.0328125,neutral
neutral_356.jpeg,/kaggle/input/musait/dataset/basket/neutral_356.jpeg,1,"..is it morning
yet,momma?..","[{'x': 408, 'y': 29}, {'x': 618, 'y': 29}, {'x': 618, 'y': 93}, {'x': 408, 'y': 93}]",1:1,box,409600,Other,other,13440,0.0328125,neutral
neutral_357.jpg,/kaggle/input/musait/dataset/basket/neutral_357.jpg,1,"When you finally
understand something
in math
FB/AnimeFuture","[{'x': 88, 'y': 37}, {'x': 700, 'y': 37}, {'x': 700, 'y': 316}, {'x': 88, 'y': 316}]",1:1,box,518400,21:9,horizontal,170748,0.329375,neutral
neutral_358.jpg,/kaggle/input/musait/dataset/basket/neutral_358.jpg,1,"When you finally
understand something
in math
FB/AnimeFuture","[{'x': 88, 'y': 37}, {'x': 700, 'y': 37}, {'x': 700, 'y': 316}, {'x': 88, 'y': 316}]",1:1,box,518400,21:9,horizontal,170748,0.329375,neutral
neutral_359.jpeg,/kaggle/input/musait/dataset/basket/neutral_359.jpeg,1,"MERGE SORT IN
PYTHON
-
By @pythoncodess
12 35 87 26 9287
12 35 87 26
9287
12 35
87 26
9 28
7
12
35
87
26
9
28
7
1235.
26 87
928
7
12 26 35 87
7 9 28
✓
7 9 12 26 28 35 87","[{'x': 70, 'y': 10}, {'x': 654, 'y': 10}, {'x': 654, 'y': 766}, {'x': 70, 'y': 766}]",1:1,box,577440,3:4,vertical,441504,0.7645885286783043,neutral
neutral_360.jpeg,/kaggle/input/musait/dataset/basket/neutral_360.jpeg,1,"MERGE SORT IN
PYTHON
-
By @pythoncodess
12 35 87 26 9287
12 35 87 26
9287
12 35
87 26
9 28
7
12
35
87
26
9
28
7
1235.
26 87
928
7
12 26 35 87
7 9 28
✓
7 9 12 26 28 35 87","[{'x': 70, 'y': 10}, {'x': 654, 'y': 10}, {'x': 654, 'y': 766}, {'x': 70, 'y': 766}]",1:1,box,577440,3:4,vertical,441504,0.7645885286783043,neutral
neutral_361.jpg,/kaggle/input/musait/dataset/basket/neutral_361.jpg,1,"Nobody:
Girls at beach taking pictures
DEARCHUSH","[{'x': 30, 'y': 47}, {'x': 713, 'y': 47}, {'x': 713, 'y': 223}, {'x': 30, 'y': 223}]",4:3,horizontal,424800,Other,other,120208,0.2829755178907721,neutral
neutral_362.jpg,/kaggle/input/musait/dataset/basket/neutral_362.jpg,1,"Nobody:
Girls at beach taking pictures
DEARCHUSH","[{'x': 30, 'y': 47}, {'x': 713, 'y': 47}, {'x': 713, 'y': 223}, {'x': 30, 'y': 223}]",4:3,horizontal,424800,Other,other,120208,0.2829755178907721,neutral
neutral_363.jpeg,/kaggle/input/musait/dataset/basket/neutral_363.jpeg,1,"""Money can't buy you
time""
SSDs:
V-NAND SSD
860 EVO
SATER
1TB
SAMSUNG","[{'x': 17, 'y': 6}, {'x': 680, 'y': 6}, {'x': 680, 'y': 416}, {'x': 17, 'y': 416}]",1:1,box,517680,3:2,horizontal,271830,0.5250927213722764,neutral
neutral_364.jpeg,/kaggle/input/musait/dataset/basket/neutral_364.jpeg,1,"""Money can't buy you
time""
SSDs:
V-NAND SSD
860 EVO
SATER
1TB
SAMSUNG","[{'x': 17, 'y': 6}, {'x': 680, 'y': 6}, {'x': 680, 'y': 416}, {'x': 17, 'y': 416}]",1:1,box,517680,3:2,horizontal,271830,0.5250927213722764,neutral
neutral_365.jpg,/kaggle/input/musait/dataset/basket/neutral_365.jpg,1,"h1 heading
h2 heading
h3 heading
h4 heading
h5 heading
h6 heading","[{'x': 28, 'y': 148}, {'x': 682, 'y': 148}, {'x': 682, 'y': 644}, {'x': 28, 'y': 644}]",1:1,box,518400,4:3,horizontal,324384,0.6257407407407407,neutral
neutral_366.jpg,/kaggle/input/musait/dataset/basket/neutral_366.jpg,1,"h1 heading
h2 heading
h3 heading
h4 heading
h5 heading
h6 heading","[{'x': 28, 'y': 148}, {'x': 682, 'y': 148}, {'x': 682, 'y': 644}, {'x': 28, 'y': 644}]",1:1,box,518400,4:3,horizontal,324384,0.6257407407407407,neutral
neutral_367.jpeg,/kaggle/input/musait/dataset/basket/neutral_367.jpeg,1,"doodlelotl
@Doodlelot
There are 2 kinds of cats in this world","[{'x': 20, 'y': 26}, {'x': 666, 'y': 26}, {'x': 666, 'y': 165}, {'x': 20, 'y': 165}]",4:3,horizontal,426240,Other,other,89794,0.2106653528528528,neutral
neutral_368.jpeg,/kaggle/input/musait/dataset/basket/neutral_368.jpeg,1,"doodlelotl
@Doodlelot
There are 2 kinds of cats in this world","[{'x': 20, 'y': 26}, {'x': 666, 'y': 26}, {'x': 666, 'y': 165}, {'x': 20, 'y': 165}]",4:3,horizontal,426240,Other,other,89794,0.2106653528528528,neutral
neutral_369.jpg,/kaggle/input/musait/dataset/basket/neutral_369.jpg,1,"WHAT DOES THE
FOX SAY?
ARRAY","[{'x': 216, 'y': 44}, {'x': 550, 'y': 44}, {'x': 550, 'y': 330}, {'x': 216, 'y': 330}]",3:2,horizontal,345600,5:4,horizontal,95524,0.2764004629629629,neutral
neutral_370.jpg,/kaggle/input/musait/dataset/basket/neutral_370.jpg,1,"WHAT DOES THE
FOX SAY?
ARRAY","[{'x': 216, 'y': 44}, {'x': 550, 'y': 44}, {'x': 550, 'y': 330}, {'x': 216, 'y': 330}]",3:2,horizontal,345600,5:4,horizontal,95524,0.2764004629629629,neutral
neutral_371.jpeg,/kaggle/input/musait/dataset/basket/neutral_371.jpeg,1,"Girls after
masturbation:
OMG that was so fun
Boys after masturbation:
Looking back, my life has
been nothing but failures...","[{'x': 30, 'y': 6}, {'x': 644, 'y': 6}, {'x': 644, 'y': 681}, {'x': 30, 'y': 681}]",1:1,box,483700,1:1,box,414450,0.8568327475708084,neutral
neutral_372.jpg,/kaggle/input/musait/dataset/basket/neutral_372.jpg,1,"No, I will not fix
your computer again.
USE LINUX","[{'x': 6, 'y': 5}, {'x': 200, 'y': 5}, {'x': 200, 'y': 82}, {'x': 6, 'y': 82}]",3:4,vertical,50344,Other,other,14938,0.2967185761957731,neutral
neutral_373.jpg,/kaggle/input/musait/dataset/basket/neutral_373.jpg,1,"No, I will not fix
your computer again.
USE LINUX","[{'x': 6, 'y': 5}, {'x': 200, 'y': 5}, {'x': 200, 'y': 82}, {'x': 6, 'y': 82}]",3:4,vertical,50344,Other,other,14938,0.2967185761957731,neutral
neutral_374.jpeg,/kaggle/input/musait/dataset/basket/neutral_374.jpeg,1,"This is how the letter 'b' and 'd' face
each other in the word 'abdomen'
So Goo","[{'x': 23, 'y': 34}, {'x': 421, 'y': 34}, {'x': 421, 'y': 341}, {'x': 23, 'y': 341}]",1:1,box,230400,4:3,horizontal,122186,0.5303211805555555,neutral
neutral_375.jpeg,/kaggle/input/musait/dataset/basket/neutral_375.jpeg,1,"This is how the letter 'b' and 'd' face
each other in the word 'abdomen'
So Goo","[{'x': 23, 'y': 34}, {'x': 421, 'y': 34}, {'x': 421, 'y': 341}, {'x': 23, 'y': 341}]",1:1,box,230400,4:3,horizontal,122186,0.5303211805555555,neutral
neutral_376.jpg,/kaggle/input/musait/dataset/basket/neutral_376.jpg,1,"Someone: So, tell me
more about you?
Me trying to
remember who i am:
animes posting","[{'x': 18, 'y': 51}, {'x': 675, 'y': 51}, {'x': 675, 'y': 215}, {'x': 18, 'y': 215}]",1:1,box,518400,Other,other,107748,0.2078472222222222,neutral
neutral_377.jpg,/kaggle/input/musait/dataset/basket/neutral_377.jpg,1,"Someone: So, tell me
more about you?
Me trying to
remember who i am:
animes posting","[{'x': 18, 'y': 51}, {'x': 675, 'y': 51}, {'x': 675, 'y': 215}, {'x': 18, 'y': 215}]",1:1,box,518400,Other,other,107748,0.2078472222222222,neutral
neutral_378.jpeg,/kaggle/input/musait/dataset/basket/neutral_378.jpeg,1,"Bug
Feature","[{'x': 82, 'y': 23}, {'x': 208, 'y': 23}, {'x': 208, 'y': 334}, {'x': 82, 'y': 334}]",3:4,vertical,294000,2:5,vertical,39186,0.1332857142857142,neutral
neutral_379.jpeg,/kaggle/input/musait/dataset/basket/neutral_379.jpeg,1,"Bug
Feature","[{'x': 82, 'y': 23}, {'x': 208, 'y': 23}, {'x': 208, 'y': 334}, {'x': 82, 'y': 334}]",3:4,vertical,294000,2:5,vertical,39186,0.1332857142857142,neutral
neutral_380.jpg,/kaggle/input/musait/dataset/basket/neutral_380.jpg,1,"class Solution {
public:
long long maxMatrixSum(vector<vector<int>>& matrix) {
int n=matrix.size();
long long res=0;
int neg=0;
int smallNeg=INT_MAX;
for(int i=0;i<n;i++){
for(int j=0;j<n;j++){
if(matrix[i][j]<0) {
}
}
}
neg++;
smallNeg-min(smallNeg, abs (matrix[i][j]));
res+=abs (matrix[i][j]);
if(neg%2==0){
}
return res;
else{
// cout<<""smallNeg- ""<<smallNeg;
return res-smallNeg-smallNeg;
}
};","[{'x': 9, 'y': 4}, {'x': 511, 'y': 4}, {'x': 511, 'y': 475}, {'x': 9, 'y': 475}]",1:1,box,258297,1:1,box,236442,0.9153880997456416,neutral
neutral_381.jpg,/kaggle/input/musait/dataset/basket/neutral_381.jpg,1,"class Solution {
public:
long long maxMatrixSum(vector<vector<int>>& matrix) {
int n=matrix.size();
long long res=0;
int neg=0;
int smallNeg=INT_MAX;
for(int i=0;i<n;i++){
for(int j=0;j<n;j++){
if(matrix[i][j]<0) {
}
}
}
neg++;
smallNeg-min(smallNeg, abs (matrix[i][j]));
res+=abs (matrix[i][j]);
if(neg%2==0){
}
return res;
else{
// cout<<""smallNeg- ""<<smallNeg;
return res-smallNeg-smallNeg;
}
};","[{'x': 9, 'y': 4}, {'x': 511, 'y': 4}, {'x': 511, 'y': 475}, {'x': 9, 'y': 475}]",1:1,box,258297,1:1,box,236442,0.9153880997456416,neutral
neutral_382.jpeg,/kaggle/input/musait/dataset/basket/neutral_382.jpeg,1,When the doctor takes an x-ray of my heart,"[{'x': 27, 'y': 55}, {'x': 655, 'y': 55}, {'x': 655, 'y': 90}, {'x': 27, 'y': 90}]",1:1,box,491760,Other,other,21980,0.0446965999674638,neutral
neutral_383.jpeg,/kaggle/input/musait/dataset/basket/neutral_383.jpeg,1,When the doctor takes an x-ray of my heart,"[{'x': 27, 'y': 55}, {'x': 655, 'y': 55}, {'x': 655, 'y': 90}, {'x': 27, 'y': 90}]",1:1,box,491760,Other,other,21980,0.0446965999674638,neutral
neutral_384.jpg,/kaggle/input/musait/dataset/basket/neutral_384.jpg,1,python... developer,"[{'x': 198, 'y': 290}, {'x': 526, 'y': 290}, {'x': 526, 'y': 324}, {'x': 198, 'y': 324}]",5:4,horizontal,439200,Other,other,11152,0.025391621129326,neutral
neutral_385.jpg,/kaggle/input/musait/dataset/basket/neutral_385.jpg,1,python... developer,"[{'x': 198, 'y': 290}, {'x': 526, 'y': 290}, {'x': 526, 'y': 324}, {'x': 198, 'y': 324}]",5:4,horizontal,439200,Other,other,11152,0.025391621129326,neutral
neutral_386.jpeg,/kaggle/input/musait/dataset/basket/neutral_386.jpeg,1,"DEVELOPERS LIFESTYLE
Linux
on
PC
404 Mind Nca Found
Linux
in
VirtualBox
@developers_lifestyle","[{'x': 112, 'y': 28}, {'x': 711, 'y': 28}, {'x': 711, 'y': 717}, {'x': 112, 'y': 717}]",1:1,box,522720,1:1,box,412711,0.7895450719314355,neutral
neutral_387.jpeg,/kaggle/input/musait/dataset/basket/neutral_387.jpeg,1,"DEVELOPERS LIFESTYLE
Linux
on
PC
404 Mind Nca Found
Linux
in
VirtualBox
@developers_lifestyle","[{'x': 112, 'y': 28}, {'x': 711, 'y': 28}, {'x': 711, 'y': 717}, {'x': 112, 'y': 717}]",1:1,box,522720,1:1,box,412711,0.7895450719314355,neutral
neutral_388.jpg,/kaggle/input/musait/dataset/basket/neutral_388.jpg,1,"8yo me, challenging
the laws of physics
100
Z
Z
S","[{'x': 52, 'y': 203}, {'x': 616, 'y': 203}, {'x': 616, 'y': 550}, {'x': 52, 'y': 550}]",1:1,box,518400,3:2,horizontal,195708,0.3775231481481481,neutral
neutral_389.jpg,/kaggle/input/musait/dataset/basket/neutral_389.jpg,1,"8yo me, challenging
the laws of physics
100
Z
Z
S","[{'x': 52, 'y': 203}, {'x': 616, 'y': 203}, {'x': 616, 'y': 550}, {'x': 52, 'y': 550}]",1:1,box,518400,3:2,horizontal,195708,0.3775231481481481,neutral
neutral_390.jpeg,/kaggle/input/musait/dataset/basket/neutral_390.jpeg,1,"An Introduction to
Semantics","[{'x': 45, 'y': 84}, {'x': 214, 'y': 84}, {'x': 214, 'y': 124}, {'x': 45, 'y': 124}]",4:3,horizontal,50246,Other,other,6760,0.1345380726824026,neutral
neutral_391.jpeg,/kaggle/input/musait/dataset/basket/neutral_391.jpeg,1,"An Introduction to
Semantics","[{'x': 45, 'y': 84}, {'x': 214, 'y': 84}, {'x': 214, 'y': 124}, {'x': 45, 'y': 124}]",4:3,horizontal,50246,Other,other,6760,0.1345380726824026,neutral
neutral_392.jpg,/kaggle/input/musait/dataset/basket/neutral_392.jpg,1,"This world is funny,if the government finds
diamonds in your backyard it is government
property but if they find drugs it's yours.","[{'x': 17, 'y': 8}, {'x': 684, 'y': 8}, {'x': 684, 'y': 140}, {'x': 17, 'y': 140}]",1:1,box,524810,Other,other,88044,0.1677635715782854,neutral
neutral_393.jpg,/kaggle/input/musait/dataset/basket/neutral_393.jpg,1,"This world is funny,if the government finds
diamonds in your backyard it is government
property but if they find drugs it's yours.","[{'x': 17, 'y': 8}, {'x': 684, 'y': 8}, {'x': 684, 'y': 140}, {'x': 17, 'y': 140}]",1:1,box,524810,Other,other,88044,0.1677635715782854,neutral
neutral_394.jpeg,/kaggle/input/musait/dataset/basket/neutral_394.jpeg,1,"BLAH...
BLAH...
BLAH...","[{'x': 23, 'y': 5}, {'x': 270, 'y': 5}, {'x': 270, 'y': 168}, {'x': 23, 'y': 168}]",3:2,horizontal,50268,3:2,horizontal,40261,0.800927031113233,neutral
neutral_395.jpeg,/kaggle/input/musait/dataset/basket/neutral_395.jpeg,1,"BLAH...
BLAH...
BLAH...","[{'x': 23, 'y': 5}, {'x': 270, 'y': 5}, {'x': 270, 'y': 168}, {'x': 23, 'y': 168}]",3:2,horizontal,50268,3:2,horizontal,40261,0.800927031113233,neutral
neutral_396.jpg,/kaggle/input/musait/dataset/basket/neutral_396.jpg,1,"Phy-Fi
Electric charge
dailycivil.com
indishi
B","[{'x': 53, 'y': 10}, {'x': 466, 'y': 10}, {'x': 466, 'y': 341}, {'x': 53, 'y': 341}]",1:1,box,249600,4:3,horizontal,136703,0.5476883012820513,neutral
neutral_397.jpg,/kaggle/input/musait/dataset/basket/neutral_397.jpg,1,"Phy-Fi
Electric charge
dailycivil.com
indishi
B","[{'x': 53, 'y': 10}, {'x': 466, 'y': 10}, {'x': 466, 'y': 341}, {'x': 53, 'y': 341}]",1:1,box,249600,4:3,horizontal,136703,0.5476883012820513,neutral
neutral_398.jpeg,/kaggle/input/musait/dataset/basket/neutral_398.jpeg,1,"N
KB7Z
MI
B
M
N
A
E
CONFUSION
Z G
FUS
A
850
I
ON
NAH
H
HHRW
403
RW
YHYR
TI
AYK
EHA
EL
Y
с
H
O A
OR","[{'x': 0, 'y': 0}, {'x': 295, 'y': 0}, {'x': 295, 'y': 167}, {'x': 0, 'y': 167}]",16:9,horizontal,50400,16:9,horizontal,49265,0.9774801587301588,neutral
neutral_399.jpeg,/kaggle/input/musait/dataset/basket/neutral_399.jpeg,1,"N
KB7Z
MI
B
M
N
A
E
CONFUSION
Z G
FUS
A
850
I
ON
NAH
H
HHRW
403
RW
YHYR
TI
AYK
EHA
EL
Y
с
H
O A
OR","[{'x': 0, 'y': 0}, {'x': 295, 'y': 0}, {'x': 295, 'y': 167}, {'x': 0, 'y': 167}]",16:9,horizontal,50400,16:9,horizontal,49265,0.9774801587301588,neutral
neutral_400.jpg,/kaggle/input/musait/dataset/basket/neutral_400.jpg,1,"O
22:48
H
Hi
Im looking for free web host
for my websites any
suggestions
??
9+
http://localhost
Aa","[{'x': 78, 'y': 10}, {'x': 434, 'y': 10}, {'x': 434, 'y': 453}, {'x': 78, 'y': 453}]",1:1,box,233280,3:4,vertical,157708,0.6760459533607682,neutral
neutral_401.jpg,/kaggle/input/musait/dataset/basket/neutral_401.jpg,1,"O
22:48
H
Hi
Im looking for free web host
for my websites any
suggestions
??
9+
http://localhost
Aa","[{'x': 78, 'y': 10}, {'x': 434, 'y': 10}, {'x': 434, 'y': 453}, {'x': 78, 'y': 453}]",1:1,box,233280,3:4,vertical,157708,0.6760459533607682,neutral
neutral_402.jpeg,/kaggle/input/musait/dataset/basket/neutral_402.jpeg,0,,[],3:2,horizontal,50325,,,0,0.0,neutral
neutral_403.jpeg,/kaggle/input/musait/dataset/basket/neutral_403.jpeg,0,,[],3:2,horizontal,50325,,,0,0.0,neutral
neutral_404.jpg,/kaggle/input/musait/dataset/basket/neutral_404.jpg,1,"How people fixed
lightbulbs before Isaac
Newton invented gravity","[{'x': 1, 'y': 16}, {'x': 678, 'y': 16}, {'x': 678, 'y': 195}, {'x': 1, 'y': 195}]",1:1,box,559440,Other,other,121183,0.2166148291148291,neutral
neutral_405.jpg,/kaggle/input/musait/dataset/basket/neutral_405.jpg,1,"How people fixed
lightbulbs before Isaac
Newton invented gravity","[{'x': 1, 'y': 16}, {'x': 678, 'y': 16}, {'x': 678, 'y': 195}, {'x': 1, 'y': 195}]",1:1,box,559440,Other,other,121183,0.2166148291148291,neutral
neutral_406.jpeg,/kaggle/input/musait/dataset/basket/neutral_406.jpeg,1,"SINN
VOLL
LOS","[{'x': 75, 'y': 85}, {'x': 260, 'y': 85}, {'x': 260, 'y': 124}, {'x': 75, 'y': 124}]",2:1,horizontal,50358,Other,other,7215,0.1432741570356249,neutral
neutral_407.jpeg,/kaggle/input/musait/dataset/basket/neutral_407.jpeg,1,"SINN
VOLL
LOS","[{'x': 75, 'y': 85}, {'x': 260, 'y': 85}, {'x': 260, 'y': 124}, {'x': 75, 'y': 124}]",2:1,horizontal,50358,Other,other,7215,0.1432741570356249,neutral
neutral_408.jpg,/kaggle/input/musait/dataset/basket/neutral_408.jpg,1,As a kitten he fell in a taffy-pulling machine,"[{'x': 31, 'y': 13}, {'x': 567, 'y': 13}, {'x': 567, 'y': 40}, {'x': 31, 'y': 40}]",4:3,horizontal,288000,Other,other,14472,0.05025,neutral
neutral_409.jpg,/kaggle/input/musait/dataset/basket/neutral_409.jpg,1,As a kitten he fell in a taffy-pulling machine,"[{'x': 31, 'y': 13}, {'x': 567, 'y': 13}, {'x': 567, 'y': 40}, {'x': 31, 'y': 40}]",4:3,horizontal,288000,Other,other,14472,0.05025,neutral
neutral_410.jpeg,/kaggle/input/musait/dataset/basket/neutral_410.jpeg,1,"ACHER
PERFO
CLIEN
ANPRUL
TERNATION RATEGYVISI
ATION
DUCTSUCC SERVICES
CLIENESTA
JONRUDGETP ROLL INVE
HSERVICESTEAM PERFORM
INVESTMENTHIRTINGPREDUC
MARKETING CLIENTS LEADERSHIP
""RMANCECONCEPTPLAN
PODUCT INTERNAT","[{'x': 43, 'y': 1}, {'x': 152, 'y': 1}, {'x': 152, 'y': 147}, {'x': 43, 'y': 147}]",21:9,horizontal,50468,3:4,vertical,15914,0.3153285250059444,neutral
neutral_411.jpeg,/kaggle/input/musait/dataset/basket/neutral_411.jpeg,1,"ACHER
PERFO
CLIEN
ANPRUL
TERNATION RATEGYVISI
ATION
DUCTSUCC SERVICES
CLIENESTA
JONRUDGETP ROLL INVE
HSERVICESTEAM PERFORM
INVESTMENTHIRTINGPREDUC
MARKETING CLIENTS LEADERSHIP
""RMANCECONCEPTPLAN
PODUCT INTERNAT","[{'x': 43, 'y': 1}, {'x': 152, 'y': 1}, {'x': 152, 'y': 147}, {'x': 43, 'y': 147}]",21:9,horizontal,50468,3:4,vertical,15914,0.3153285250059444,neutral
neutral_412.jpg,/kaggle/input/musait/dataset/basket/neutral_412.jpg,1,"""so are you a
particle or wave?""
Light:
Perhaps","[{'x': 31, 'y': 11}, {'x': 482, 'y': 11}, {'x': 482, 'y': 648}, {'x': 31, 'y': 648}]",1:1,box,511920,3:4,vertical,287287,0.5611951086107204,neutral
neutral_413.jpg,/kaggle/input/musait/dataset/basket/neutral_413.jpg,1,"""so are you a
particle or wave?""
Light:
Perhaps","[{'x': 31, 'y': 11}, {'x': 482, 'y': 11}, {'x': 482, 'y': 648}, {'x': 31, 'y': 648}]",1:1,box,511920,3:4,vertical,287287,0.5611951086107204,neutral
neutral_414.jpeg,/kaggle/input/musait/dataset/basket/neutral_414.jpeg,1,"This guy knows all
our secrets
18
Sarcasm","[{'x': 142, 'y': 24}, {'x': 576, 'y': 24}, {'x': 576, 'y': 528}, {'x': 142, 'y': 528}]",1:1,box,518400,1:1,box,218736,0.4219444444444444,neutral
neutral_415.jpeg,/kaggle/input/musait/dataset/basket/neutral_415.jpeg,1,"This guy knows all
our secrets
18
Sarcasm","[{'x': 142, 'y': 24}, {'x': 576, 'y': 24}, {'x': 576, 'y': 528}, {'x': 142, 'y': 528}]",1:1,box,518400,1:1,box,218736,0.4219444444444444,neutral
neutral_416.jpg,/kaggle/input/musait/dataset/basket/neutral_416.jpg,1,"Suddenly my PC
started working
faster.
Then i realized
that Antivirus
has expired.","[{'x': 1, 'y': 52}, {'x': 631, 'y': 52}, {'x': 631, 'y': 558}, {'x': 1, 'y': 558}]",1:1,box,409600,4:3,horizontal,318780,0.778271484375,neutral
neutral_417.jpg,/kaggle/input/musait/dataset/basket/neutral_417.jpg,1,"Suddenly my PC
started working
faster.
Then i realized
that Antivirus
has expired.","[{'x': 1, 'y': 52}, {'x': 631, 'y': 52}, {'x': 631, 'y': 558}, {'x': 1, 'y': 558}]",1:1,box,409600,4:3,horizontal,318780,0.778271484375,neutral
neutral_418.jpeg,/kaggle/input/musait/dataset/basket/neutral_418.jpeg,1,"EY
Company:
• Position:
• Salary:
EY
Graduate Trainee
INR 3 LPA to 4 LPA (Expected)
BBA/Bcom/BSC (CS)
• Degree:
• Branch:
All
• Batch:
• Location:
•
2022
Pan India
Apply Link: in my profile @jobdrives
Follow us for more Job Updates
O@Jobdrives","[{'x': 113, 'y': 150}, {'x': 950, 'y': 150}, {'x': 950, 'y': 1046}, {'x': 113, 'y': 1046}]",1:1,box,1166400,1:1,box,749952,0.642962962962963,neutral
neutral_419.jpeg,/kaggle/input/musait/dataset/basket/neutral_419.jpeg,1,"EY
Company:
• Position:
• Salary:
EY
Graduate Trainee
INR 3 LPA to 4 LPA (Expected)
BBA/Bcom/BSC (CS)
• Degree:
• Branch:
All
• Batch:
• Location:
•
2022
Pan India
Apply Link: in my profile @jobdrives
Follow us for more Job Updates
O@Jobdrives","[{'x': 113, 'y': 150}, {'x': 950, 'y': 150}, {'x': 950, 'y': 1046}, {'x': 113, 'y': 1046}]",1:1,box,1166400,1:1,box,749952,0.642962962962963,neutral
neutral_420.jpg,/kaggle/input/musait/dataset/basket/neutral_420.jpg,1,"Finally, an anime I can relate to","[{'x': 65, 'y': 22}, {'x': 414, 'y': 22}, {'x': 414, 'y': 48}, {'x': 65, 'y': 48}]",1:1,box,230400,Other,other,9074,0.0393836805555555,neutral
neutral_421.jpg,/kaggle/input/musait/dataset/basket/neutral_421.jpg,1,"Finally, an anime I can relate to","[{'x': 65, 'y': 22}, {'x': 414, 'y': 22}, {'x': 414, 'y': 48}, {'x': 65, 'y': 48}]",1:1,box,230400,Other,other,9074,0.0393836805555555,neutral
neutral_422.jpeg,/kaggle/input/musait/dataset/basket/neutral_422.jpeg,1,"Organic Chemistry
Chemistry
I love chemistry
P","[{'x': 59, 'y': 22}, {'x': 477, 'y': 22}, {'x': 477, 'y': 342}, {'x': 59, 'y': 342}]",1:1,box,268786,4:3,horizontal,133760,0.4976449666277261,neutral
neutral_423.jpeg,/kaggle/input/musait/dataset/basket/neutral_423.jpeg,1,"Organic Chemistry
Chemistry
I love chemistry
P","[{'x': 59, 'y': 22}, {'x': 477, 'y': 22}, {'x': 477, 'y': 342}, {'x': 59, 'y': 342}]",1:1,box,268786,4:3,horizontal,133760,0.4976449666277261,neutral
neutral_424.jpg,/kaggle/input/musait/dataset/basket/neutral_424.jpg,1,"NORMAL VS PROGRAMMERS
PEOPLE
Empty
• Problems
Fixing
OPURE.PYTHON
Null
Bugs
Debugging
⚫ And so on...
Loops
Every single...
Human, Computer,
Tree
Fake ID
∙ 1
English, German,
Spanish
For-Each
Object
• lid
.0
Python, C, C++","[{'x': 37, 'y': 33}, {'x': 712, 'y': 33}, {'x': 712, 'y': 893}, {'x': 37, 'y': 893}]",3:4,vertical,648000,3:4,vertical,580500,0.8958333333333334,neutral
neutral_425.jpg,/kaggle/input/musait/dataset/basket/neutral_425.jpg,1,"NORMAL VS PROGRAMMERS
PEOPLE
Empty
• Problems
Fixing
OPURE.PYTHON
Null
Bugs
Debugging
⚫ And so on...
Loops
Every single...
Human, Computer,
Tree
Fake ID
∙ 1
English, German,
Spanish
For-Each
Object
• lid
.0
Python, C, C++","[{'x': 37, 'y': 33}, {'x': 712, 'y': 33}, {'x': 712, 'y': 893}, {'x': 37, 'y': 893}]",3:4,vertical,648000,3:4,vertical,580500,0.8958333333333334,neutral
neutral_426.jpeg,/kaggle/input/musait/dataset/basket/neutral_426.jpeg,1,"pitaji agr aapko bheem
سية
itna hi psmd h to aap hi
suhagraat bna lijiye uske sath","[{'x': 6, 'y': 4}, {'x': 711, 'y': 4}, {'x': 711, 'y': 690}, {'x': 6, 'y': 690}]",1:1,box,501143,1:1,box,483630,0.9650538868147416,neutral
neutral_427.jpg,/kaggle/input/musait/dataset/basket/neutral_427.jpg,1,Just another cat post,"[{'x': 61, 'y': 27}, {'x': 493, 'y': 27}, {'x': 493, 'y': 68}, {'x': 61, 'y': 68}]",3:4,vertical,768240,Other,other,17712,0.0230552952202436,neutral
neutral_428.jpg,/kaggle/input/musait/dataset/basket/neutral_428.jpg,1,Just another cat post,"[{'x': 61, 'y': 27}, {'x': 493, 'y': 27}, {'x': 493, 'y': 68}, {'x': 61, 'y': 68}]",3:4,vertical,768240,Other,other,17712,0.0230552952202436,neutral
neutral_429.jpeg,/kaggle/input/musait/dataset/basket/neutral_429.jpeg,1,"My next relationship will
be private
cause it's my ex again","[{'x': 120, 'y': 104}, {'x': 434, 'y': 104}, {'x': 434, 'y': 420}, {'x': 120, 'y': 420}]",1:1,box,287296,1:1,box,99224,0.3453720204945422,neutral
neutral_430.jpeg,/kaggle/input/musait/dataset/basket/neutral_430.jpeg,1,"My next relationship will
be private
cause it's my ex again","[{'x': 120, 'y': 104}, {'x': 434, 'y': 104}, {'x': 434, 'y': 420}, {'x': 120, 'y': 420}]",1:1,box,287296,1:1,box,99224,0.3453720204945422,neutral
neutral_431.jpg,/kaggle/input/musait/dataset/basket/neutral_431.jpg,1,"How I feel after I watch a 15
min youtube video about
blackholes & dark matter","[{'x': 20, 'y': 30}, {'x': 581, 'y': 30}, {'x': 581, 'y': 150}, {'x': 20, 'y': 150}]",1:1,box,442080,Other,other,67320,0.1522801302931596,neutral
neutral_432.jpg,/kaggle/input/musait/dataset/basket/neutral_432.jpg,1,"How I feel after I watch a 15
min youtube video about
blackholes & dark matter","[{'x': 20, 'y': 30}, {'x': 581, 'y': 30}, {'x': 581, 'y': 150}, {'x': 20, 'y': 150}]",1:1,box,442080,Other,other,67320,0.1522801302931596,neutral
neutral_433.jpeg,/kaggle/input/musait/dataset/basket/neutral_433.jpeg,1,"ESC
04/0
F1
F2
F3
F4
1
2
Q
W
CAPS
A
LOCK
↑
SHIFT
CTRL
FN
23
S
9
Z
X","[{'x': 81, 'y': 32}, {'x': 719, 'y': 32}, {'x': 719, 'y': 888}, {'x': 81, 'y': 888}]",3:4,vertical,648720,3:4,vertical,546128,0.8418547293131089,neutral
neutral_434.jpeg,/kaggle/input/musait/dataset/basket/neutral_434.jpeg,1,"ESC
04/0
F1
F2
F3
F4
1
2
Q
W
CAPS
A
LOCK
↑
SHIFT
CTRL
FN
23
S
9
Z
X","[{'x': 81, 'y': 32}, {'x': 719, 'y': 32}, {'x': 719, 'y': 888}, {'x': 81, 'y': 888}]",3:4,vertical,648720,3:4,vertical,546128,0.8418547293131089,neutral
neutral_435.jpg,/kaggle/input/musait/dataset/basket/neutral_435.jpg,1,"--10
NUTS
your daily dose of
Immunity
+91 9819 599 599
www.ilovestore.in
Follow Us:
care@ilovestore.in","[{'x': 81, 'y': 15}, {'x': 457, 'y': 15}, {'x': 457, 'y': 513}, {'x': 81, 'y': 513}]",1:1,box,276676,3:4,vertical,187248,0.6767771689629748,neutral
neutral_436.jpg,/kaggle/input/musait/dataset/basket/neutral_436.jpg,1,"--10
NUTS
your daily dose of
Immunity
+91 9819 599 599
www.ilovestore.in
Follow Us:
care@ilovestore.in","[{'x': 81, 'y': 15}, {'x': 457, 'y': 15}, {'x': 457, 'y': 513}, {'x': 81, 'y': 513}]",1:1,box,276676,3:4,vertical,187248,0.6767771689629748,neutral
neutral_437.jpeg,/kaggle/input/musait/dataset/basket/neutral_437.jpeg,1,"My girl mad at me
for something
Me thinking about
how cute she looks
when angry","[{'x': 392, 'y': 159}, {'x': 712, 'y': 159}, {'x': 712, 'y': 610}, {'x': 392, 'y': 610}]",1:1,box,506160,3:4,vertical,144320,0.2851272324956535,neutral
neutral_438.jpg,/kaggle/input/musait/dataset/basket/neutral_438.jpg,1,"WHAT
DOES IT
MEAN?","[{'x': 187, 'y': 74}, {'x': 324, 'y': 74}, {'x': 324, 'y': 200}, {'x': 187, 'y': 200}]",3:2,horizontal,172551,1:1,box,17262,0.1000399881774084,neutral
neutral_439.jpg,/kaggle/input/musait/dataset/basket/neutral_439.jpg,1,"WHAT
DOES IT
MEAN?","[{'x': 187, 'y': 74}, {'x': 324, 'y': 74}, {'x': 324, 'y': 200}, {'x': 187, 'y': 200}]",3:2,horizontal,172551,1:1,box,17262,0.1000399881774084,neutral
neutral_440.jpeg,/kaggle/input/musait/dataset/basket/neutral_440.jpeg,1,"Only people with cat(s)
will understand","[{'x': 51, 'y': 14}, {'x': 594, 'y': 14}, {'x': 594, 'y': 122}, {'x': 51, 'y': 122}]",3:4,vertical,624000,Other,other,58644,0.0939807692307692,neutral
neutral_441.jpeg,/kaggle/input/musait/dataset/basket/neutral_441.jpeg,1,"Only people with cat(s)
will understand","[{'x': 51, 'y': 14}, {'x': 594, 'y': 14}, {'x': 594, 'y': 122}, {'x': 51, 'y': 122}]",3:4,vertical,624000,Other,other,58644,0.0939807692307692,neutral
neutral_442.jpg,/kaggle/input/musait/dataset/basket/neutral_442.jpg,1,"L
K
MEANING","[{'x': 31, 'y': 173}, {'x': 494, 'y': 173}, {'x': 494, 'y': 367}, {'x': 31, 'y': 367}]",3:2,horizontal,249696,21:9,horizontal,89822,0.3597254261181596,neutral
neutral_443.jpg,/kaggle/input/musait/dataset/basket/neutral_443.jpg,1,"L
K
MEANING","[{'x': 31, 'y': 173}, {'x': 494, 'y': 173}, {'x': 494, 'y': 367}, {'x': 31, 'y': 367}]",3:2,horizontal,249696,21:9,horizontal,89822,0.3597254261181596,neutral
neutral_444.jpeg,/kaggle/input/musait/dataset/basket/neutral_444.jpeg,1,"www.aluth.com
Me
Me
Me
1173
Download
Files
Friend
Download
Files
147
117
Download
Files
Friend
M
fy
in aluthmedia","[{'x': 19, 'y': 62}, {'x': 701, 'y': 62}, {'x': 701, 'y': 705}, {'x': 19, 'y': 705}]",1:1,box,519840,1:1,box,438526,0.8435787934749154,neutral
neutral_445.jpeg,/kaggle/input/musait/dataset/basket/neutral_445.jpeg,1,"www.aluth.com
Me
Me
Me
1173
Download
Files
Friend
Download
Files
147
117
Download
Files
Friend
M
fy
in aluthmedia","[{'x': 19, 'y': 62}, {'x': 701, 'y': 62}, {'x': 701, 'y': 705}, {'x': 19, 'y': 705}]",1:1,box,519840,1:1,box,438526,0.8435787934749154,neutral
neutral_446.jpg,/kaggle/input/musait/dataset/basket/neutral_446.jpg,1,"Funny Picture.com NA
f","[{'x': 3, 'y': 25}, {'x': 211, 'y': 25}, {'x': 211, 'y': 234}, {'x': 3, 'y': 234}]",1:1,box,55460,1:1,box,43472,0.7838442120447169,neutral
neutral_447.jpg,/kaggle/input/musait/dataset/basket/neutral_447.jpg,1,"Funny Picture.com NA
f","[{'x': 3, 'y': 25}, {'x': 211, 'y': 25}, {'x': 211, 'y': 234}, {'x': 3, 'y': 234}]",1:1,box,55460,1:1,box,43472,0.7838442120447169,neutral
neutral_448.jpeg,/kaggle/input/musait/dataset/basket/neutral_448.jpeg,1,"I no bad luck.
I good kitty.
OWP","[{'x': 194, 'y': 349}, {'x': 653, 'y': 349}, {'x': 653, 'y': 604}, {'x': 194, 'y': 604}]",1:1,box,552960,16:9,horizontal,117045,0.211669921875,neutral
neutral_449.jpg,/kaggle/input/musait/dataset/basket/neutral_449.jpg,1,"f LIVE
STAY TUNED
TODAY
10PM
with Naeem Mohaimeen
Social Media Marketing Expert
f yourfb yourlg","[{'x': 166, 'y': 76}, {'x': 503, 'y': 76}, {'x': 503, 'y': 516}, {'x': 166, 'y': 516}]",1:1,box,302500,3:4,vertical,148280,0.4901818181818181,neutral
neutral_450.jpg,/kaggle/input/musait/dataset/basket/neutral_450.jpg,1,"f LIVE
STAY TUNED
TODAY
10PM
with Naeem Mohaimeen
Social Media Marketing Expert
f yourfb yourlg","[{'x': 166, 'y': 76}, {'x': 503, 'y': 76}, {'x': 503, 'y': 516}, {'x': 166, 'y': 516}]",1:1,box,302500,3:4,vertical,148280,0.4901818181818181,neutral
neutral_451.jpeg,/kaggle/input/musait/dataset/basket/neutral_451.jpeg,1,When the DNA test isn't needed...,"[{'x': 29, 'y': 12}, {'x': 605, 'y': 12}, {'x': 605, 'y': 40}, {'x': 29, 'y': 40}]",3:4,vertical,655200,Other,other,16128,0.0246153846153846,neutral
neutral_452.jpeg,/kaggle/input/musait/dataset/basket/neutral_452.jpeg,1,When the DNA test isn't needed...,"[{'x': 29, 'y': 12}, {'x': 605, 'y': 12}, {'x': 605, 'y': 40}, {'x': 29, 'y': 40}]",3:4,vertical,655200,Other,other,16128,0.0246153846153846,neutral
neutral_453.jpg,/kaggle/input/musait/dataset/basket/neutral_453.jpg,1,"Clips
13371-14
DENTIST
NEAR ME
207","[{'x': 0, 'y': 312}, {'x': 346, 'y': 312}, {'x': 346, 'y': 432}, {'x': 0, 'y': 432}]",3:4,vertical,368726,Other,other,41520,0.1126039389682311,neutral
neutral_454.jpg,/kaggle/input/musait/dataset/basket/neutral_454.jpg,1,"Clips
13371-14
DENTIST
NEAR ME
207","[{'x': 0, 'y': 312}, {'x': 346, 'y': 312}, {'x': 346, 'y': 432}, {'x': 0, 'y': 432}]",3:4,vertical,368726,Other,other,41520,0.1126039389682311,neutral
neutral_455.jpeg,/kaggle/input/musait/dataset/basket/neutral_455.jpeg,1,"Day 1
Day 4
Day 5
when I was a kid :
lam a scientist","[{'x': 35, 'y': 5}, {'x': 364, 'y': 5}, {'x': 364, 'y': 575}, {'x': 35, 'y': 575}]",3:4,vertical,282720,2:3,vertical,187530,0.6633064516129032,neutral
neutral_456.jpeg,/kaggle/input/musait/dataset/basket/neutral_456.jpeg,1,"Day 1
Day 4
Day 5
when I was a kid :
lam a scientist","[{'x': 34, 'y': 5}, {'x': 364, 'y': 5}, {'x': 364, 'y': 575}, {'x': 34, 'y': 575}]",3:4,vertical,282720,2:3,vertical,188100,0.6653225806451613,neutral
neutral_457.jpg,/kaggle/input/musait/dataset/basket/neutral_457.jpg,1,SAMSU,"[{'x': 852, 'y': 395}, {'x': 915, 'y': 395}, {'x': 915, 'y': 421}, {'x': 852, 'y': 421}]",4:3,horizontal,786432,21:9,horizontal,1638,0.0020828247070312,neutral
neutral_458.jpeg,/kaggle/input/musait/dataset/basket/neutral_458.jpeg,1,"void Merge(vector<pair<int, int>> v)
{
sort(v.begin(), v.end()); // we will sort vector of pair.
stack<pair<int, int>> s; // we will create stack
s.push({v[0].first, v[0].second});
for (int i = 1; i < v.size(); i++)
{
int start1 =
int end1 ==
s.top().first;
s.top().second;
int start2
=
v[i].first;
}
int end2 = v[i].second;
if (end1 < start2)
{
}
s.push({start2, end2});
else
{
}
s.pop();
end1 = max(end1, end2);
s.push({start1, end1});
TC:-O(nlogn)+O(n)
SC:-O(n)","[{'x': 4, 'y': 7}, {'x': 560, 'y': 7}, {'x': 560, 'y': 524}, {'x': 4, 'y': 524}]",1:1,box,310050,1:1,box,287452,0.927114981454604,neutral
neutral_459.jpeg,/kaggle/input/musait/dataset/basket/neutral_459.jpeg,1,"void Merge(vector<pair<int, int>> v)
{
sort(v.begin(), v.end()); // we will sort vector of pair.
stack<pair<int, int>> s; // we will create stack
s.push({v[0].first, v[0].second});
for (int i = 1; i < v.size(); i++)
{
int start1 =
int end1 ==
s.top().first;
s.top().second;
int start2
=
v[i].first;
}
int end2 = v[i].second;
if (end1 < start2)
{
}
s.push({start2, end2});
else
{
}
s.pop();
end1 = max(end1, end2);
s.push({start1, end1});
TC:-O(nlogn)+O(n)
SC:-O(n)","[{'x': 4, 'y': 7}, {'x': 560, 'y': 7}, {'x': 560, 'y': 524}, {'x': 4, 'y': 524}]",1:1,box,310050,1:1,box,287452,0.927114981454604,neutral
neutral_460.jpg,/kaggle/input/musait/dataset/basket/neutral_460.jpg,0,,[],4:3,horizontal,786432,,,0,0.0,neutral
neutral_461.jpeg,/kaggle/input/musait/dataset/basket/neutral_461.jpeg,1,"Don't text my daughter
again
Tom And Jerry Club
Our daughter.
She calls me daddy too.","[{'x': 89, 'y': 245}, {'x': 704, 'y': 245}, {'x': 704, 'y': 800}, {'x': 89, 'y': 800}]",3:4,vertical,621360,1:1,box,341325,0.5493192352259559,neutral
neutral_462.jpeg,/kaggle/input/musait/dataset/basket/neutral_462.jpeg,1,"Don't text my daughter
again
Tom And Jerry Club
Our daughter.
She calls me daddy too.","[{'x': 89, 'y': 245}, {'x': 704, 'y': 245}, {'x': 704, 'y': 800}, {'x': 89, 'y': 800}]",3:4,vertical,621360,1:1,box,341325,0.5493192352259559,neutral
neutral_463.jpg,/kaggle/input/musait/dataset/basket/neutral_463.jpg,1,"i am 25 and i already
have millions of Fans.
sartcosti. tom and jerry
oh Please,
i have Billions of Fans
and i don't even Exist.","[{'x': 11, 'y': 61}, {'x': 583, 'y': 61}, {'x': 583, 'y': 504}, {'x': 11, 'y': 504}]",5:4,horizontal,306000,4:3,horizontal,253396,0.8280915032679739,neutral
neutral_464.jpg,/kaggle/input/musait/dataset/basket/neutral_464.jpg,1,"i am 25 and i already
have millions of Fans.
sartcosti. tom and jerry
oh Please,
i have Billions of Fans
and i don't even Exist.","[{'x': 11, 'y': 61}, {'x': 583, 'y': 61}, {'x': 583, 'y': 504}, {'x': 11, 'y': 504}]",5:4,horizontal,306000,4:3,horizontal,253396,0.8280915032679739,neutral
neutral_465.jpeg,/kaggle/input/musait/dataset/basket/neutral_465.jpeg,1,"Nvidia GTX 1080
AMD Radeon RX
Vega 64
Intergrated
graphics card
Google
how to download graphics card
How to download a graphic
card?","[{'x': 20, 'y': 49}, {'x': 410, 'y': 49}, {'x': 410, 'y': 574}, {'x': 20, 'y': 574}]",3:4,vertical,297000,3:4,vertical,204750,0.6893939393939394,neutral
neutral_466.jpeg,/kaggle/input/musait/dataset/basket/neutral_466.jpeg,1,"Nvidia GTX 1080
AMD Radeon RX
Vega 64
Intergrated
graphics card
Google
how to download graphics card
How to download a graphic
card?","[{'x': 20, 'y': 49}, {'x': 410, 'y': 49}, {'x': 410, 'y': 574}, {'x': 20, 'y': 574}]",3:4,vertical,297000,3:4,vertical,204750,0.6893939393939394,neutral
neutral_467.jpg,/kaggle/input/musait/dataset/basket/neutral_467.jpg,1,"PROGRAMMING LANGUAGES
VS USER COUNT
JS
JavaScript
11.7 Million
Python
8.2 Million
Java
7.6 Million
C++
6.3 Million
Swift
2.1 Million
Ruby
1.8 Million","[{'x': 15, 'y': 23}, {'x': 488, 'y': 23}, {'x': 488, 'y': 493}, {'x': 15, 'y': 493}]",1:1,box,276480,1:1,box,222310,0.8040726273148148,neutral
neutral_468.jpg,/kaggle/input/musait/dataset/basket/neutral_468.jpg,1,"PROGRAMMING LANGUAGES
VS USER COUNT
JS
JavaScript
11.7 Million
Python
8.2 Million
Java
7.6 Million
C++
6.3 Million
Swift
2.1 Million
Ruby
1.8 Million","[{'x': 15, 'y': 23}, {'x': 488, 'y': 23}, {'x': 488, 'y': 493}, {'x': 15, 'y': 493}]",1:1,box,276480,1:1,box,222310,0.8040726273148148,neutral
neutral_469.jpeg,/kaggle/input/musait/dataset/basket/neutral_469.jpeg,1,"TWIN
RENTAL AGREEMENT","[{'x': 21, 'y': 76}, {'x': 254, 'y': 76}, {'x': 254, 'y': 156}, {'x': 21, 'y': 156}]",3:2,horizontal,50325,Other,other,18640,0.3703924490809737,neutral
neutral_470.jpeg,/kaggle/input/musait/dataset/basket/neutral_470.jpeg,1,"TWIN
RENTAL AGREEMENT","[{'x': 21, 'y': 76}, {'x': 254, 'y': 76}, {'x': 254, 'y': 156}, {'x': 21, 'y': 156}]",3:2,horizontal,50325,Other,other,18640,0.3703924490809737,neutral
neutral_471.jpg,/kaggle/input/musait/dataset/basket/neutral_471.jpg,1,"WHY I UPDATE THE SOFTWARE
Want to use the
latest version
The notification
is annoying","[{'x': 57, 'y': 46}, {'x': 502, 'y': 46}, {'x': 502, 'y': 260}, {'x': 57, 'y': 260}]",1:1,box,275098,2:1,horizontal,95230,0.3461675475648678,neutral
neutral_472.jpg,/kaggle/input/musait/dataset/basket/neutral_472.jpg,1,"WHY I UPDATE THE SOFTWARE
Want to use the
latest version
The notification
is annoying","[{'x': 57, 'y': 46}, {'x': 502, 'y': 46}, {'x': 502, 'y': 260}, {'x': 57, 'y': 260}]",1:1,box,275098,2:1,horizontal,95230,0.3461675475648678,neutral
neutral_473.jpeg,/kaggle/input/musait/dataset/basket/neutral_473.jpeg,1,"BREAKFAST
recipe
With Chef
Kevin
Matthews","[{'x': 119, 'y': 49}, {'x': 212, 'y': 49}, {'x': 212, 'y': 155}, {'x': 119, 'y': 155}]",4:3,horizontal,50225,1:1,box,9858,0.1962767546042807,neutral
neutral_474.jpeg,/kaggle/input/musait/dataset/basket/neutral_474.jpeg,1,"BREAKFAST
recipe
With Chef
Kevin
Matthews","[{'x': 119, 'y': 49}, {'x': 212, 'y': 49}, {'x': 212, 'y': 155}, {'x': 119, 'y': 155}]",4:3,horizontal,50225,1:1,box,9858,0.1962767546042807,neutral
neutral_475.jpg,/kaggle/input/musait/dataset/basket/neutral_475.jpg,1,"Excuse me
Do you have a moment to talk about Linux?
VIA 9GAG.COM","[{'x': 10, 'y': 196}, {'x': 496, 'y': 196}, {'x': 496, 'y': 369}, {'x': 10, 'y': 369}]",3:4,vertical,327680,Other,other,84078,0.256585693359375,neutral
neutral_476.jpg,/kaggle/input/musait/dataset/basket/neutral_476.jpg,1,"Excuse me
Do you have a moment to talk about Linux?
VIA 9GAG.COM","[{'x': 10, 'y': 196}, {'x': 496, 'y': 196}, {'x': 496, 'y': 369}, {'x': 10, 'y': 369}]",3:4,vertical,327680,Other,other,84078,0.256585693359375,neutral
neutral_477.jpeg,/kaggle/input/musait/dataset/basket/neutral_477.jpeg,1,"Get IP Address Using C++
#include<conio.h>
#include<stdlib.h>
int main() {
system(""C:\\Windows\\System32\\ipconfig"");
getch();
33
}
C
++
Get IP Address Using Python
import socket
hostname = socket.gethostname()
IPAddr = socket.gethostbyname (hostname)
print(IPAddr)","[{'x': 3, 'y': 15}, {'x': 711, 'y': 15}, {'x': 711, 'y': 649}, {'x': 3, 'y': 649}]",1:1,box,481195,1:1,box,448872,0.9328276478350772,neutral
neutral_478.jpeg,/kaggle/input/musait/dataset/basket/neutral_478.jpeg,1,"Get IP Address Using C++
#include<conio.h>
#include<stdlib.h>
int main() {
system(""C:\\Windows\\System32\\ipconfig"");
getch();
33
}
C
++
Get IP Address Using Python
import socket
hostname = socket.gethostname()
IPAddr = socket.gethostbyname (hostname)
print(IPAddr)","[{'x': 3, 'y': 15}, {'x': 711, 'y': 15}, {'x': 711, 'y': 649}, {'x': 3, 'y': 649}]",1:1,box,481195,1:1,box,448872,0.9328276478350772,neutral
neutral_479.jpg,/kaggle/input/musait/dataset/basket/neutral_479.jpg,1,"""ONE DAY"" OR "" DAY ONE""
@successpictures
DAY
ONE!!
@successpictures
@successpictures
00","[{'x': 18, 'y': 24}, {'x': 505, 'y': 24}, {'x': 505, 'y': 493}, {'x': 18, 'y': 493}]",1:1,box,276150,1:1,box,228403,0.8270975918884664,neutral
neutral_480.jpg,/kaggle/input/musait/dataset/basket/neutral_480.jpg,1,"""ONE DAY"" OR "" DAY ONE""
@successpictures
DAY
ONE!!
@successpictures
@successpictures
00","[{'x': 18, 'y': 24}, {'x': 505, 'y': 24}, {'x': 505, 'y': 493}, {'x': 18, 'y': 493}]",1:1,box,276150,1:1,box,228403,0.8270975918884664,neutral
neutral_481.jpeg,/kaggle/input/musait/dataset/basket/neutral_481.jpeg,1,"Scrabble CS50x 2022
ER
5 [CODESPACES]
MACOSX
gration
mahdeen0106-code50-89816155-5gr96749qc4gj7.github.dev
mario.c-80816155 (Codespaces]-Vis...
scrabble.c
My Strug
cash.c
hello.c
Inbox (3,827)-mahdeen0106@gmail.co...
Get Started
migration.zip
4466
1 #include <stdio.h>
2 #include <cs50.h>
Fash
cash
Cash.c
ello
.out
ello
ello.c
ario
mario
mario.c
Oulation
ration.zip
tice
oble
3
4 int main(void)
5{
6
7
8
9
10 ....
int height, row, column, space;
do
height = get_int(""Enter height: "");
11 while (height <1 || height > 8);
12....
13 for (row=0; row <height; row++)
PROBLEMS OUTPUT DEBUG CONSOLE
migration/mario/ $ make mario
migration/mario/ $ ./mario.c
bash: ./mario.c: Permission denied
migration/mario/ $ 0
TERMINAL
PORTS
abble.c","[{'x': 0, 'y': 166}, {'x': 719, 'y': 166}, {'x': 719, 'y': 578}, {'x': 0, 'y': 578}]",3:4,vertical,691200,16:9,horizontal,296228,0.4285706018518518,neutral
neutral_482.jpeg,/kaggle/input/musait/dataset/basket/neutral_482.jpeg,1,"Scrabble CS50x 2022
ER
5 [CODESPACES]
MACOSX
gration
mahdeen0106-code50-89816155-5gr96749qc4gj7.github.dev
mario.c-80816155 (Codespaces]-Vis...
scrabble.c
My Strug
cash.c
hello.c
Inbox (3,827)-mahdeen0106@gmail.co...
Get Started
migration.zip
4466
1 #include <stdio.h>
2 #include <cs50.h>
Fash
cash
Cash.c
ello
.out
ello
ello.c
ario
mario
mario.c
Oulation
ration.zip
tice
oble
3
4 int main(void)
5{
6
7
8
9
10 ....
int height, row, column, space;
do
height = get_int(""Enter height: "");
11 while (height <1 || height > 8);
12....
13 for (row=0; row <height; row++)
PROBLEMS OUTPUT DEBUG CONSOLE
migration/mario/ $ make mario
migration/mario/ $ ./mario.c
bash: ./mario.c: Permission denied
migration/mario/ $ 0
TERMINAL
PORTS
abble.c","[{'x': 0, 'y': 166}, {'x': 719, 'y': 166}, {'x': 719, 'y': 578}, {'x': 0, 'y': 578}]",3:4,vertical,691200,16:9,horizontal,296228,0.4285706018518518,neutral
neutral_483.jpg,/kaggle/input/musait/dataset/basket/neutral_483.jpg,1,"Teacher: Write ""sorry"" 100 times
Me: for(int i=0;i<100;i++)
print('sorry')
Teacher: Hmm you over smart guy
now write the output as well
Me*","[{'x': 27, 'y': 10}, {'x': 512, 'y': 10}, {'x': 512, 'y': 168}, {'x': 27, 'y': 168}]",1:1,box,276676,Other,other,76630,0.2769665601642354,neutral
neutral_484.jpg,/kaggle/input/musait/dataset/basket/neutral_484.jpg,1,"Teacher: Write ""sorry"" 100 times
Me: for(int i=0;i<100;i++)
print('sorry')
Teacher: Hmm you over smart guy
now write the output as well
Me*","[{'x': 27, 'y': 10}, {'x': 512, 'y': 10}, {'x': 512, 'y': 168}, {'x': 27, 'y': 168}]",1:1,box,276676,Other,other,76630,0.2769665601642354,neutral
neutral_485.jpeg,/kaggle/input/musait/dataset/basket/neutral_485.jpeg,1,"I ran out of treats.
He is inconsolable.","[{'x': 161, 'y': 14}, {'x': 469, 'y': 14}, {'x': 469, 'y': 94}, {'x': 161, 'y': 94}]",4:3,horizontal,325710,Other,other,24640,0.0756501182033096,neutral
neutral_486.jpeg,/kaggle/input/musait/dataset/basket/neutral_486.jpeg,1,"I ran out of treats.
He is inconsolable.","[{'x': 161, 'y': 14}, {'x': 469, 'y': 14}, {'x': 469, 'y': 94}, {'x': 161, 'y': 94}]",4:3,horizontal,325710,Other,other,24640,0.0756501182033096,neutral
neutral_487.jpg,/kaggle/input/musait/dataset/basket/neutral_487.jpg,1,"WHY A NEW YORK CITY FAMILY
CAST OFF CONVENTION FOR A
LIFE-CHANGING YEAR ON A SAILBOAT
SEVEN
at SEA
ERIK ORTON & EMILY ORTON","[{'x': 28, 'y': 40}, {'x': 302, 'y': 40}, {'x': 302, 'y': 478}, {'x': 28, 'y': 478}]",3:4,vertical,165500,3:4,vertical,120012,0.7251480362537764,neutral
neutral_488.jpg,/kaggle/input/musait/dataset/basket/neutral_488.jpg,1,"WHY A NEW YORK CITY FAMILY
CAST OFF CONVENTION FOR A
LIFE-CHANGING YEAR ON A SAILBOAT
SEVEN
at SEA
ERIK ORTON & EMILY ORTON","[{'x': 28, 'y': 40}, {'x': 302, 'y': 40}, {'x': 302, 'y': 478}, {'x': 28, 'y': 478}]",3:4,vertical,165500,3:4,vertical,120012,0.7251480362537764,neutral
neutral_489.jpeg,/kaggle/input/musait/dataset/basket/neutral_489.jpeg,1,"You got a very funny
meme on programming
And you want to share it.
You have no friend
who knows programming","[{'x': 4, 'y': 99}, {'x': 340, 'y': 99}, {'x': 340, 'y': 476}, {'x': 4, 'y': 476}]",5:4,horizontal,445680,1:1,box,126672,0.2842218632202477,neutral
neutral_490.jpeg,/kaggle/input/musait/dataset/basket/neutral_490.jpeg,1,"You got a very funny
meme on programming
And you want to share it.
You have no friend
who knows programming","[{'x': 4, 'y': 99}, {'x': 340, 'y': 99}, {'x': 340, 'y': 476}, {'x': 4, 'y': 476}]",5:4,horizontal,445680,1:1,box,126672,0.2842218632202477,neutral
neutral_491.jpg,/kaggle/input/musait/dataset/basket/neutral_491.jpg,1,"What do you take
the most photos of?
LIVERPOOL LASS
A Yourself
B Your kids
C Your partner
D Your food
E Your pet","[{'x': 16, 'y': 32}, {'x': 507, 'y': 32}, {'x': 507, 'y': 537}, {'x': 16, 'y': 537}]",1:1,box,318096,1:1,box,247955,0.7794973844374026,neutral
neutral_492.jpg,/kaggle/input/musait/dataset/basket/neutral_492.jpg,1,"What do you take
the most photos of?
LIVERPOOL LASS
A Yourself
B Your kids
C Your partner
D Your food
E Your pet","[{'x': 16, 'y': 32}, {'x': 507, 'y': 32}, {'x': 507, 'y': 537}, {'x': 16, 'y': 537}]",1:1,box,318096,1:1,box,247955,0.7794973844374026,neutral
neutral_493.jpeg,/kaggle/input/musait/dataset/basket/neutral_493.jpeg,1,"Incoming Valentine's
Day messages
Single people
00039","[{'x': 141, 'y': 33}, {'x': 479, 'y': 33}, {'x': 479, 'y': 412}, {'x': 141, 'y': 412}]",1:1,box,262144,1:1,box,128102,0.4886703491210937,neutral
neutral_494.jpeg,/kaggle/input/musait/dataset/basket/neutral_494.jpeg,1,"Incoming Valentine's
Day messages
Single people
00039","[{'x': 141, 'y': 33}, {'x': 479, 'y': 33}, {'x': 479, 'y': 412}, {'x': 141, 'y': 412}]",1:1,box,262144,1:1,box,128102,0.4886703491210937,neutral
neutral_495.jpg,/kaggle/input/musait/dataset/basket/neutral_495.jpg,1,"AAP Kis k
Bina Jee Nhi
Sakty...??
Answer Intresting hona chahiye...","[{'x': 132, 'y': 123}, {'x': 585, 'y': 123}, {'x': 585, 'y': 458}, {'x': 132, 'y': 458}]",4:3,horizontal,414720,4:3,horizontal,151755,0.3659215856481481,neutral
neutral_496.jpeg,/kaggle/input/musait/dataset/basket/neutral_496.jpeg,1,"11:40 PM AE
Example: Sum of Natural
Numbers
The positive numbers 1, 2, 3... are
known as natural numbers. The
program below calculates the sum
1+2+3+...+n, where n is a positive
integer.
n = 10
# initialize sum and counter
sum = 0
i = 1
while i <= n:
sum = sum+i
i
= i+1 # update counter
print(""The sum is"", sum)
Output
The sum is 55
Try It Yourself
× ∞ ☆
Next","[{'x': 25, 'y': 22}, {'x': 630, 'y': 22}, {'x': 630, 'y': 1547}, {'x': 25, 'y': 1547}]",9:16,vertical,1152000,2:5,vertical,922625,0.8008897569444444,neutral
neutral_497.jpeg,/kaggle/input/musait/dataset/basket/neutral_497.jpeg,1,"11:40 PM AE
Example: Sum of Natural
Numbers
The positive numbers 1, 2, 3... are
known as natural numbers. The
program below calculates the sum
1+2+3+...+n, where n is a positive
integer.
n = 10
# initialize sum and counter
sum = 0
i = 1
while i <= n:
sum = sum+i
i
= i+1 # update counter
print(""The sum is"", sum)
Output
The sum is 55
Try It Yourself
× ∞ ☆
Next","[{'x': 25, 'y': 22}, {'x': 630, 'y': 22}, {'x': 630, 'y': 1547}, {'x': 25, 'y': 1547}]",9:16,vertical,1152000,2:5,vertical,922625,0.8008897569444444,neutral
neutral_498.jpg,/kaggle/input/musait/dataset/basket/neutral_498.jpg,1,"100 Favorite
Social Media
Conversation
Starters for
Better
Engagement","[{'x': 100, 'y': 144}, {'x': 635, 'y': 144}, {'x': 635, 'y': 972}, {'x': 100, 'y': 972}]",3:4,vertical,809970,3:4,vertical,442980,0.5469091447831401,neutral
neutral_499.jpg,/kaggle/input/musait/dataset/basket/neutral_499.jpg,1,"100 Favorite
Social Media
Conversation
Starters for
Better
Engagement","[{'x': 100, 'y': 144}, {'x': 635, 'y': 144}, {'x': 635, 'y': 972}, {'x': 100, 'y': 972}]",3:4,vertical,809970,3:4,vertical,442980,0.5469091447831401,neutral
neutral_500.jpeg,/kaggle/input/musait/dataset/basket/neutral_500.jpeg,1,"log(a+b) loga + log b
=
Gago Resolve
log (a + b) = log a + log (1+
a
LAY LL","[{'x': 6, 'y': 116}, {'x': 655, 'y': 116}, {'x': 655, 'y': 460}, {'x': 6, 'y': 460}]",4:3,horizontal,407520,16:9,horizontal,223256,0.5478405967805261,neutral
neutral_501.jpeg,/kaggle/input/musait/dataset/basket/neutral_501.jpeg,1,"log(a+b) loga + log b
=
Gago Resolve
log (a + b) = log a + log (1+
a
LAY LL","[{'x': 6, 'y': 116}, {'x': 655, 'y': 116}, {'x': 655, 'y': 460}, {'x': 6, 'y': 460}]",4:3,horizontal,407520,16:9,horizontal,223256,0.5478405967805261,neutral
neutral_502.jpg,/kaggle/input/musait/dataset/basket/neutral_502.jpg,1,"What does
it mean?","[{'x': 74, 'y': 68}, {'x': 197, 'y': 68}, {'x': 197, 'y': 118}, {'x': 74, 'y': 118}]",3:2,horizontal,50268,21:9,horizontal,6150,0.122344234900931,neutral
neutral_503.jpg,/kaggle/input/musait/dataset/basket/neutral_503.jpg,1,"What does
it mean?","[{'x': 74, 'y': 68}, {'x': 197, 'y': 68}, {'x': 197, 'y': 118}, {'x': 74, 'y': 118}]",3:2,horizontal,50268,21:9,horizontal,6150,0.122344234900931,neutral
neutral_504.jpeg,/kaggle/input/musait/dataset/basket/neutral_504.jpeg,1,"you having your busy time:
me patiently waiting:","[{'x': 19, 'y': 16}, {'x': 664, 'y': 16}, {'x': 664, 'y': 189}, {'x': 19, 'y': 189}]",3:4,vertical,636480,Other,other,111585,0.1753157993966817,neutral
neutral_505.jpeg,/kaggle/input/musait/dataset/basket/neutral_505.jpeg,1,"you having your busy time:
me patiently waiting:","[{'x': 19, 'y': 16}, {'x': 664, 'y': 16}, {'x': 664, 'y': 189}, {'x': 19, 'y': 189}]",3:4,vertical,636480,Other,other,111585,0.1753157993966817,neutral
neutral_506.jpg,/kaggle/input/musait/dataset/basket/neutral_506.jpg,1,"actions
speak
louder
than
Words","[{'x': 54, 'y': 25}, {'x': 170, 'y': 25}, {'x': 170, 'y': 194}, {'x': 54, 'y': 194}]",1:1,box,50625,3:4,vertical,19604,0.3872395061728395,neutral
neutral_507.jpg,/kaggle/input/musait/dataset/basket/neutral_507.jpg,1,"actions
speak
louder
than
Words","[{'x': 54, 'y': 25}, {'x': 170, 'y': 25}, {'x': 170, 'y': 194}, {'x': 54, 'y': 194}]",1:1,box,50625,3:4,vertical,19604,0.3872395061728395,neutral
neutral_508.jpeg,/kaggle/input/musait/dataset/basket/neutral_508.jpeg,1,"C++ programmer data bundles
1 Daily/Weekly Bundles
2 Weekly Bundles
3 Monthly Bundles
4 Data++
5 Mega Bundles
6 Binge Plans
7 Big Data Plans
11 Next
22 Back
0 Menu
4
CANCEL
SEND
~Emeremgini","[{'x': 15, 'y': 80}, {'x': 684, 'y': 80}, {'x': 684, 'y': 920}, {'x': 15, 'y': 920}]",3:4,vertical,663840,3:4,vertical,561960,0.846529284164859,neutral
neutral_509.jpeg,/kaggle/input/musait/dataset/basket/neutral_509.jpeg,1,"C++ programmer data bundles
1 Daily/Weekly Bundles
2 Weekly Bundles
3 Monthly Bundles
4 Data++
5 Mega Bundles
6 Binge Plans
7 Big Data Plans
11 Next
22 Back
0 Menu
4
CANCEL
SEND
~Emeremgini","[{'x': 15, 'y': 80}, {'x': 684, 'y': 80}, {'x': 684, 'y': 920}, {'x': 15, 'y': 920}]",3:4,vertical,663840,3:4,vertical,561960,0.846529284164859,neutral
neutral_510.jpg,/kaggle/input/musait/dataset/basket/neutral_510.jpg,1,"BIGSTOCK
NOWHERE","[{'x': 5, 'y': 42}, {'x': 189, 'y': 42}, {'x': 189, 'y': 201}, {'x': 5, 'y': 201}]",5:4,horizontal,50508,5:4,horizontal,29256,0.5792349726775956,neutral
neutral_511.jpg,/kaggle/input/musait/dataset/basket/neutral_511.jpg,1,"BIGSTOCK
NOWHERE","[{'x': 5, 'y': 42}, {'x': 189, 'y': 42}, {'x': 189, 'y': 201}, {'x': 5, 'y': 201}]",5:4,horizontal,50508,5:4,horizontal,29256,0.5792349726775956,neutral
neutral_512.jpeg,/kaggle/input/musait/dataset/basket/neutral_512.jpeg,1,"@orazio_kovac
Meme cats
ANNUAL
MEETING
orajo ovar","[{'x': 3, 'y': 117}, {'x': 629, 'y': 117}, {'x': 629, 'y': 686}, {'x': 3, 'y': 686}]",3:4,vertical,512000,1:1,box,356194,0.69569140625,neutral
neutral_513.jpeg,/kaggle/input/musait/dataset/basket/neutral_513.jpeg,1,"@orazio_kovac
Meme cats
ANNUAL
MEETING
orajo ovar","[{'x': 3, 'y': 117}, {'x': 629, 'y': 117}, {'x': 629, 'y': 686}, {'x': 3, 'y': 686}]",3:4,vertical,512000,1:1,box,356194,0.69569140625,neutral
neutral_514.jpg,/kaggle/input/musait/dataset/basket/neutral_514.jpg,0,,[],16:9,horizontal,50403,,,0,0.0,neutral
neutral_515.jpg,/kaggle/input/musait/dataset/basket/neutral_515.jpg,0,,[],16:9,horizontal,50403,,,0,0.0,neutral
neutral_516.jpeg,/kaggle/input/musait/dataset/basket/neutral_516.jpeg,1,"What's the output ?
A. aaa package com.smartprogrammer;
public class JavaQuiz {
public static void main(String[] args) {
}
for (int x=0; x < 5; x++);
System.out.print(""a"");
B. a
10}
C. Error
D. None","[{'x': 7, 'y': 39}, {'x': 675, 'y': 39}, {'x': 675, 'y': 621}, {'x': 7, 'y': 621}]",1:1,box,517680,1:1,box,388776,0.7509967547519704,neutral
neutral_517.jpeg,/kaggle/input/musait/dataset/basket/neutral_517.jpeg,1,"What's the output ?
A. aaa package com.smartprogrammer;
public class JavaQuiz {
public static void main(String[] args) {
}
for (int x=0; x < 5; x++);
System.out.print(""a"");
B. a
10}
C. Error
D. None","[{'x': 7, 'y': 39}, {'x': 675, 'y': 39}, {'x': 675, 'y': 621}, {'x': 7, 'y': 621}]",1:1,box,517680,1:1,box,388776,0.7509967547519704,neutral
neutral_518.jpg,/kaggle/input/musait/dataset/basket/neutral_518.jpg,1,"MEANINGLESS
MEANING","[{'x': 72, 'y': 52}, {'x': 451, 'y': 52}, {'x': 451, 'y': 207}, {'x': 72, 'y': 207}]",3:2,horizontal,172128,21:9,horizontal,58745,0.3412867168618702,neutral
neutral_519.jpg,/kaggle/input/musait/dataset/basket/neutral_519.jpg,1,"MEANINGLESS
MEANING","[{'x': 72, 'y': 52}, {'x': 451, 'y': 52}, {'x': 451, 'y': 207}, {'x': 72, 'y': 207}]",3:2,horizontal,172128,21:9,horizontal,58745,0.3412867168618702,neutral
neutral_520.jpeg,/kaggle/input/musait/dataset/basket/neutral_520.jpeg,0,,[],3:2,horizontal,50325,,,0,0.0,neutral
neutral_521.jpeg,/kaggle/input/musait/dataset/basket/neutral_521.jpeg,0,,[],3:2,horizontal,50325,,,0,0.0,neutral
neutral_522.jpg,/kaggle/input/musait/dataset/basket/neutral_522.jpg,1,"mother
she
me
from
rust
S
seч need
g
breast
cook
milk out
rain
rock
this
delí
6
delicate 01
honey
language
trud my said
symph
hit moan
rin
and
egg
ao
f-1+
not
let
nese
unip
your
sleep
there
take
ful s
ha
finge
sausage
death
above moon the
ship
the
stare
am skin
boy
like
smooth
blow
juice
read
must
behind
all
drool
petal
bed
day
som
id like","[{'x': 0, 'y': 0}, {'x': 1919, 'y': 0}, {'x': 1919, 'y': 1079}, {'x': 0, 'y': 1079}]",16:9,horizontal,2073600,16:9,horizontal,2070601,0.9985537229938272,neutral
neutral_523.jpg,/kaggle/input/musait/dataset/basket/neutral_523.jpg,1,"mother
she
me
from
rust
S
seч need
g
breast
cook
milk out
rain
rock
this
delí
6
delicate 01
honey
language
trud my said
symph
hit moan
rin
and
egg
ao
f-1+
not
let
nese
unip
your
sleep
there
take
ful s
ha
finge
sausage
death
above moon the
ship
the
stare
am skin
boy
like
smooth
blow
juice
read
must
behind
all
drool
petal
bed
day
som
id like","[{'x': 0, 'y': 0}, {'x': 1919, 'y': 0}, {'x': 1919, 'y': 1079}, {'x': 0, 'y': 1079}]",16:9,horizontal,2073600,16:9,horizontal,2070601,0.9985537229938272,neutral
neutral_524.jpeg,/kaggle/input/musait/dataset/basket/neutral_524.jpeg,1,"BACK
FRONT","[{'x': 62, 'y': 134}, {'x': 160, 'y': 134}, {'x': 160, 'y': 145}, {'x': 62, 'y': 145}]",1:1,box,50398,Other,other,1078,0.0213897376880034,neutral
neutral_525.jpeg,/kaggle/input/musait/dataset/basket/neutral_525.jpeg,1,"BACK
FRONT","[{'x': 62, 'y': 134}, {'x': 160, 'y': 134}, {'x': 160, 'y': 145}, {'x': 62, 'y': 145}]",1:1,box,50398,Other,other,1078,0.0213897376880034,neutral
neutral_526.jpg,/kaggle/input/musait/dataset/basket/neutral_526.jpg,1,EW&IMPROVEL,"[{'x': 0, 'y': 30}, {'x': 299, 'y': 30}, {'x': 299, 'y': 124}, {'x': 0, 'y': 124}]",16:9,horizontal,50400,Other,other,28106,0.5576587301587301,neutral
neutral_527.jpg,/kaggle/input/musait/dataset/basket/neutral_527.jpg,1,EW&IMPROVEL,"[{'x': 0, 'y': 30}, {'x': 299, 'y': 30}, {'x': 299, 'y': 124}, {'x': 0, 'y': 124}]",16:9,horizontal,50400,Other,other,28106,0.5576587301587301,neutral
neutral_528.jpeg,/kaggle/input/musait/dataset/basket/neutral_528.jpeg,1,"Development
derivative anticions
study used
integral
algebr
applications
time
integrals""
орный
Infinitesimal
line-
Integra
Leibniz
function
slope mathematical
we traveled w
use
university
andysis
value.
first
number
infinitesimals method
find
point
area distance
12
Retrieved theorem also s differential
one definits
મુળુ – વારાનો
culus
theory
Change","[{'x': 2, 'y': 0}, {'x': 339, 'y': 0}, {'x': 339, 'y': 144}, {'x': 2, 'y': 144}]",21:9,horizontal,50274,21:9,horizontal,48528,0.9652703186537772,neutral
neutral_529.jpeg,/kaggle/input/musait/dataset/basket/neutral_529.jpeg,1,"Development
derivative anticions
study used
integral
algebr
applications
time
integrals""
орный
Infinitesimal
line-
Integra
Leibniz
function
slope mathematical
we traveled w
use
university
andysis
value.
first
number
infinitesimals method
find
point
area distance
12
Retrieved theorem also s differential
one definits
મુળુ – વારાનો
culus
theory
Change","[{'x': 2, 'y': 0}, {'x': 339, 'y': 0}, {'x': 339, 'y': 144}, {'x': 2, 'y': 144}]",21:9,horizontal,50274,21:9,horizontal,48528,0.9652703186537772,neutral
neutral_530.jpg,/kaggle/input/musait/dataset/basket/neutral_530.jpg,1,"! Just QR-code!
Lorem Ipsum Dolor
QR-code
Lorem ipsum dolor
sit amet
Lorem Ipsum QR-code
Nothing
Quick Response
Code
Sample abstract
QR-code
Sample QR-code
© CanStockPhoto.com-csp44718140
Ut enim ad
minim veniam","[{'x': 45, 'y': 142}, {'x': 453, 'y': 142}, {'x': 453, 'y': 518}, {'x': 45, 'y': 518}]",1:1,box,260000,1:1,box,153408,0.5900307692307692,neutral
neutral_531.jpg,/kaggle/input/musait/dataset/basket/neutral_531.jpg,1,"! Just QR-code!
Lorem Ipsum Dolor
QR-code
Lorem ipsum dolor
sit amet
Lorem Ipsum QR-code
Nothing
Quick Response
Code
Sample abstract
QR-code
Sample QR-code
© CanStockPhoto.com-csp44718140
Ut enim ad
minim veniam","[{'x': 45, 'y': 142}, {'x': 453, 'y': 142}, {'x': 453, 'y': 518}, {'x': 45, 'y': 518}]",1:1,box,260000,1:1,box,153408,0.5900307692307692,neutral
neutral_532.jpeg,/kaggle/input/musait/dataset/basket/neutral_532.jpeg,1,"ဝ
+ MATH
BACKGROUND
ဝ","[{'x': 26, 'y': 38}, {'x': 160, 'y': 38}, {'x': 160, 'y': 212}, {'x': 26, 'y': 212}]",1:1,box,50398,3:4,vertical,23316,0.4626374062462796,neutral
neutral_533.jpeg,/kaggle/input/musait/dataset/basket/neutral_533.jpeg,1,"ဝ
+ MATH
BACKGROUND
ဝ","[{'x': 26, 'y': 38}, {'x': 160, 'y': 38}, {'x': 160, 'y': 212}, {'x': 26, 'y': 212}]",1:1,box,50398,3:4,vertical,23316,0.4626374062462796,neutral
neutral_534.jpg,/kaggle/input/musait/dataset/basket/neutral_534.jpg,1,"Annotation Sources
Geographic
Landmarks
Camera
Pa
Application
Knowledge
Environment
Conditions
Calendars
26
Annotations
CRam Jan","[{'x': 75, 'y': 7}, {'x': 310, 'y': 7}, {'x': 310, 'y': 238}, {'x': 75, 'y': 238}]",4:3,horizontal,76800,1:1,box,54285,0.7068359375,neutral
neutral_535.jpg,/kaggle/input/musait/dataset/basket/neutral_535.jpg,1,"Annotation Sources
Geographic
Landmarks
Camera
Pa
Application
Knowledge
Environment
Conditions
Calendars
26
Annotations
CRam Jan","[{'x': 75, 'y': 7}, {'x': 310, 'y': 7}, {'x': 310, 'y': 238}, {'x': 75, 'y': 238}]",4:3,horizontal,76800,1:1,box,54285,0.7068359375,neutral
neutral_536.jpeg,/kaggle/input/musait/dataset/basket/neutral_536.jpeg,1,"Afternoon
me
The lunch
packed by
morning me","[{'x': 344, 'y': 374}, {'x': 662, 'y': 374}, {'x': 662, 'y': 906}, {'x': 344, 'y': 906}]",3:4,vertical,653760,2:3,vertical,169176,0.2587738619676946,neutral
neutral_537.jpeg,/kaggle/input/musait/dataset/basket/neutral_537.jpeg,1,"Afternoon
me
The lunch
packed by
morning me","[{'x': 344, 'y': 374}, {'x': 662, 'y': 374}, {'x': 662, 'y': 906}, {'x': 344, 'y': 906}]",3:4,vertical,653760,2:3,vertical,169176,0.2587738619676946,neutral
neutral_538.jpg,/kaggle/input/musait/dataset/basket/neutral_538.jpg,1,"MATH IS A GAME
PLAYED
ACCORDING TO
CERTAIN SIMPLE
RULES WITH
MEANINGLESS
MARKS ON PAPER
MATH IS A GAME
PLAYED
ACCORDING TO
CERTAIN SIMPLE
RULES WITH
MEANINGLESS
MARKS ON PAPER","[{'x': 49, 'y': 60}, {'x': 516, 'y': 60}, {'x': 516, 'y': 300}, {'x': 49, 'y': 300}]",Other,other,216000,16:9,horizontal,112080,0.5188888888888888,neutral
neutral_539.jpg,/kaggle/input/musait/dataset/basket/neutral_539.jpg,1,"MATH IS A GAME
PLAYED
ACCORDING TO
CERTAIN SIMPLE
RULES WITH
MEANINGLESS
MARKS ON PAPER
MATH IS A GAME
PLAYED
ACCORDING TO
CERTAIN SIMPLE
RULES WITH
MEANINGLESS
MARKS ON PAPER","[{'x': 49, 'y': 60}, {'x': 516, 'y': 60}, {'x': 516, 'y': 300}, {'x': 49, 'y': 300}]",Other,other,216000,16:9,horizontal,112080,0.5188888888888888,neutral
neutral_540.jpeg,/kaggle/input/musait/dataset/basket/neutral_540.jpeg,1,"Sarcasm
{ }
Impossible","[{'x': 159, 'y': 95}, {'x': 492, 'y': 95}, {'x': 492, 'y': 713}, {'x': 159, 'y': 713}]",1:1,box,518400,2:3,vertical,205794,0.3969791666666666,neutral
neutral_541.jpeg,/kaggle/input/musait/dataset/basket/neutral_541.jpeg,1,"Sarcasm
{ }
Impossible","[{'x': 159, 'y': 95}, {'x': 492, 'y': 95}, {'x': 492, 'y': 713}, {'x': 159, 'y': 713}]",1:1,box,518400,2:3,vertical,205794,0.3969791666666666,neutral
neutral_542.jpg,/kaggle/input/musait/dataset/basket/neutral_542.jpg,1,"intel
Ⓡ","[{'x': 274, 'y': 148}, {'x': 932, 'y': 148}, {'x': 932, 'y': 387}, {'x': 274, 'y': 387}]",16:9,horizontal,720000,Other,other,157262,0.2184194444444444,neutral
neutral_543.jpg,/kaggle/input/musait/dataset/basket/neutral_543.jpg,1,"intel
Ⓡ","[{'x': 274, 'y': 148}, {'x': 932, 'y': 148}, {'x': 932, 'y': 387}, {'x': 274, 'y': 387}]",16:9,horizontal,720000,Other,other,157262,0.2184194444444444,neutral
neutral_544.jpeg,/kaggle/input/musait/dataset/basket/neutral_544.jpeg,1,"When your cat msgs your boss
trying to get you fired
5:08 PM
/0.=89.47
=n0vbzgv88888
888888
888
8888
Kyle Sankowicz 5:09 PM
Absolutely.
Smartest thing you've ever said.","[{'x': 17, 'y': 16}, {'x': 530, 'y': 16}, {'x': 530, 'y': 725}, {'x': 17, 'y': 725}]",3:4,vertical,440250,3:4,vertical,363717,0.826160136286201,neutral
neutral_545.jpeg,/kaggle/input/musait/dataset/basket/neutral_545.jpeg,1,"When your cat msgs your boss
trying to get you fired
5:08 PM
/0.=89.47
=n0vbzgv88888
888888
888
8888
Kyle Sankowicz 5:09 PM
Absolutely.
Smartest thing you've ever said.","[{'x': 17, 'y': 16}, {'x': 530, 'y': 16}, {'x': 530, 'y': 725}, {'x': 17, 'y': 725}]",3:4,vertical,440250,3:4,vertical,363717,0.826160136286201,neutral
neutral_546.jpg,/kaggle/input/musait/dataset/basket/neutral_546.jpg,1,"Among urine cultures collected from
1,265 adult patients in primary care clinics:
55% 24% 21%
were contaminated
were positive
showed no growth
Healio","[{'x': 24, 'y': 8}, {'x': 285, 'y': 8}, {'x': 285, 'y': 157}, {'x': 24, 'y': 157}]",16:9,horizontal,50530,16:9,horizontal,38889,0.7696220067286761,neutral
neutral_547.jpg,/kaggle/input/musait/dataset/basket/neutral_547.jpg,1,"Among urine cultures collected from
1,265 adult patients in primary care clinics:
55% 24% 21%
were contaminated
were positive
showed no growth
Healio","[{'x': 24, 'y': 8}, {'x': 285, 'y': 8}, {'x': 285, 'y': 157}, {'x': 24, 'y': 157}]",16:9,horizontal,50530,16:9,horizontal,38889,0.7696220067286761,neutral
neutral_548.jpeg,/kaggle/input/musait/dataset/basket/neutral_548.jpeg,1,"Other girls
happiness:
My
happiness:
Note
x
Code compiled successfully
OK
We aren't same sis!","[{'x': 40, 'y': 31}, {'x': 701, 'y': 31}, {'x': 701, 'y': 742}, {'x': 40, 'y': 742}]",1:1,box,552960,1:1,box,469971,0.8499186197916667,neutral
neutral_549.jpeg,/kaggle/input/musait/dataset/basket/neutral_549.jpeg,1,"Other girls
happiness:
My
happiness:
Note
x
Code compiled successfully
OK
We aren't same sis!","[{'x': 40, 'y': 31}, {'x': 701, 'y': 31}, {'x': 701, 'y': 742}, {'x': 40, 'y': 742}]",1:1,box,552960,1:1,box,469971,0.8499186197916667,neutral
neutral_550.jpg,/kaggle/input/musait/dataset/basket/neutral_550.jpg,1,"your account has
been locked
your account has been
locked due to suspicious
we detected suspicious
activity on your account
ALERT!
your account has
been locked
ALERT!
your account has
ALERT!
been locked","[{'x': 176, 'y': 130}, {'x': 2097, 'y': 130}, {'x': 2097, 'y': 1025}, {'x': 176, 'y': 1025}]",16:9,horizontal,3125000,2:1,horizontal,1719295,0.5501744,neutral
neutral_551.jpg,/kaggle/input/musait/dataset/basket/neutral_551.jpg,1,"your account has
been locked
your account has been
locked due to suspicious
we detected suspicious
activity on your account
ALERT!
your account has
been locked
ALERT!
your account has
ALERT!
been locked","[{'x': 177, 'y': 130}, {'x': 2097, 'y': 130}, {'x': 2097, 'y': 1024}, {'x': 177, 'y': 1024}]",16:9,horizontal,3125000,2:1,horizontal,1716480,0.5492736,neutral
neutral_552.jpeg,/kaggle/input/musait/dataset/basket/neutral_552.jpeg,1,"who
Programers
write dating apps
I guide others to a treasure that I cannot possess","[{'x': 1, 'y': 17}, {'x': 690, 'y': 17}, {'x': 690, 'y': 708}, {'x': 1, 'y': 708}]",1:1,box,510480,1:1,box,476099,0.932649663062216,neutral
neutral_553.jpeg,/kaggle/input/musait/dataset/basket/neutral_553.jpeg,1,"who
Programers
write dating apps
I guide others to a treasure that I cannot possess","[{'x': 1, 'y': 17}, {'x': 690, 'y': 17}, {'x': 690, 'y': 708}, {'x': 1, 'y': 708}]",1:1,box,510480,1:1,box,476099,0.932649663062216,neutral
neutral_554.jpg,/kaggle/input/musait/dataset/basket/neutral_554.jpg,0,,[],1:1,box,90000,,,0,0.0,neutral
neutral_555.jpeg,/kaggle/input/musait/dataset/basket/neutral_555.jpeg,1,"I see the problem. Your
guitar is out of tuna.","[{'x': 48, 'y': 31}, {'x': 675, 'y': 31}, {'x': 675, 'y': 146}, {'x': 48, 'y': 146}]",3:4,vertical,622080,Other,other,72105,0.1159095293209876,neutral
neutral_556.jpeg,/kaggle/input/musait/dataset/basket/neutral_556.jpeg,1,"I see the problem. Your
guitar is out of tuna.","[{'x': 48, 'y': 31}, {'x': 675, 'y': 31}, {'x': 675, 'y': 146}, {'x': 48, 'y': 146}]",3:4,vertical,622080,Other,other,72105,0.1159095293209876,neutral
neutral_557.jpg,/kaggle/input/musait/dataset/basket/neutral_557.jpg,1,"FACEBOOK AND
INSTAGRAM GO DOWN
DIDN'T EVEN
NOTICE
It Feels Like Victory","[{'x': 21, 'y': 21}, {'x': 456, 'y': 21}, {'x': 456, 'y': 554}, {'x': 21, 'y': 554}]",1:1,box,283000,3:4,vertical,231855,0.8192756183745583,neutral
neutral_558.jpg,/kaggle/input/musait/dataset/basket/neutral_558.jpg,1,"FACEBOOK AND
INSTAGRAM GO DOWN
DIDN'T EVEN
NOTICE
It Feels Like Victory","[{'x': 21, 'y': 21}, {'x': 456, 'y': 21}, {'x': 456, 'y': 554}, {'x': 21, 'y': 554}]",1:1,box,283000,3:4,vertical,231855,0.8192756183745583,neutral
neutral_559.jpeg,/kaggle/input/musait/dataset/basket/neutral_559.jpeg,1,"E=mc
CROFORCRCRct","[{'x': 87, 'y': 0}, {'x': 403, 'y': 0}, {'x': 403, 'y': 550}, {'x': 87, 'y': 550}]",3:4,vertical,657360,2:3,vertical,173800,0.2643908969210174,neutral
neutral_560.jpeg,/kaggle/input/musait/dataset/basket/neutral_560.jpeg,1,"E=mc
CROFORCRCRct","[{'x': 87, 'y': 0}, {'x': 403, 'y': 0}, {'x': 403, 'y': 550}, {'x': 87, 'y': 550}]",3:4,vertical,657360,2:3,vertical,173800,0.2643908969210174,neutral
neutral_561.jpg,/kaggle/input/musait/dataset/basket/neutral_561.jpg,1,"BIGGEST
SALE
SHOP NOW
UPTO 50% OFF
ON ENTIRE STORE
LIMITED TIME OFFER","[{'x': 10, 'y': 88}, {'x': 576, 'y': 88}, {'x': 576, 'y': 348}, {'x': 10, 'y': 348}]",3:2,horizontal,252278,Other,other,147160,0.5833247449242502,neutral
neutral_562.jpg,/kaggle/input/musait/dataset/basket/neutral_562.jpg,1,"BIGGEST
SALE
SHOP NOW
UPTO 50% OFF
ON ENTIRE STORE
LIMITED TIME OFFER","[{'x': 10, 'y': 88}, {'x': 576, 'y': 88}, {'x': 576, 'y': 348}, {'x': 10, 'y': 348}]",3:2,horizontal,252278,Other,other,147160,0.5833247449242502,neutral
neutral_563.jpeg,/kaggle/input/musait/dataset/basket/neutral_563.jpeg,1,"FEBRUARY 15
OTHERS WALLET
PROGRAMMERS","[{'x': 223, 'y': 38}, {'x': 694, 'y': 38}, {'x': 694, 'y': 489}, {'x': 223, 'y': 489}]",5:4,horizontal,443520,1:1,box,212421,0.4789434523809524,neutral
neutral_564.jpeg,/kaggle/input/musait/dataset/basket/neutral_564.jpeg,1,"FEBRUARY 15
OTHERS WALLET
PROGRAMMERS","[{'x': 223, 'y': 38}, {'x': 694, 'y': 38}, {'x': 694, 'y': 489}, {'x': 223, 'y': 489}]",5:4,horizontal,443520,1:1,box,212421,0.4789434523809524,neutral
neutral_565.jpg,/kaggle/input/musait/dataset/basket/neutral_565.jpg,1,"DOES COMMON EVERDAY
ACTIVITY
DOSEN'T POST IT ON
FACEBOOK","[{'x': 26, 'y': 6}, {'x': 199, 'y': 6}, {'x': 199, 'y': 216}, {'x': 26, 'y': 216}]",1:1,box,50625,3:4,vertical,36330,0.7176296296296296,neutral
neutral_566.jpg,/kaggle/input/musait/dataset/basket/neutral_566.jpg,1,"DOES COMMON EVERDAY
ACTIVITY
DOSEN'T POST IT ON
FACEBOOK","[{'x': 26, 'y': 6}, {'x': 199, 'y': 6}, {'x': 199, 'y': 216}, {'x': 26, 'y': 216}]",1:1,box,50625,3:4,vertical,36330,0.7176296296296296,neutral
neutral_567.jpeg,/kaggle/input/musait/dataset/basket/neutral_567.jpeg,1,while True:,"[{'x': 5, 'y': 9}, {'x': 374, 'y': 9}, {'x': 374, 'y': 57}, {'x': 5, 'y': 57}]",1:1,box,566640,Other,other,17712,0.0312579415501906,neutral
neutral_568.jpeg,/kaggle/input/musait/dataset/basket/neutral_568.jpeg,1,while True:,"[{'x': 5, 'y': 9}, {'x': 374, 'y': 9}, {'x': 374, 'y': 57}, {'x': 5, 'y': 57}]",1:1,box,566640,Other,other,17712,0.0312579415501906,neutral
neutral_569.jpg,/kaggle/input/musait/dataset/basket/neutral_569.jpg,1,"OFFICER ASKS YOU IF YOUR
HIGH
NO
quickmeme.com","[{'x': 60, 'y': 17}, {'x': 622, 'y': 17}, {'x': 622, 'y': 496}, {'x': 60, 'y': 496}]",4:3,horizontal,310625,5:4,horizontal,269198,0.8666334004024144,neutral
neutral_570.jpg,/kaggle/input/musait/dataset/basket/neutral_570.jpg,1,"OFFICER ASKS YOU IF YOUR
HIGH
NO
quickmeme.com","[{'x': 60, 'y': 17}, {'x': 622, 'y': 17}, {'x': 622, 'y': 496}, {'x': 60, 'y': 496}]",4:3,horizontal,310625,5:4,horizontal,269198,0.8666334004024144,neutral
neutral_571.jpeg,/kaggle/input/musait/dataset/basket/neutral_571.jpeg,1,"When you give someone a fake
number and they start dialing it in
front of you","[{'x': 16, 'y': 24}, {'x': 683, 'y': 24}, {'x': 683, 'y': 184}, {'x': 16, 'y': 184}]",5:4,horizontal,449280,Other,other,106720,0.2375356125356125,neutral
neutral_572.jpeg,/kaggle/input/musait/dataset/basket/neutral_572.jpeg,1,"When you give someone a fake
number and they start dialing it in
front of you","[{'x': 16, 'y': 24}, {'x': 683, 'y': 24}, {'x': 683, 'y': 184}, {'x': 16, 'y': 184}]",5:4,horizontal,449280,Other,other,106720,0.2375356125356125,neutral
neutral_573.jpg,/kaggle/input/musait/dataset/basket/neutral_573.jpg,1,"A developer's
first setup
A developer's
setup after 1
year
FINDPRO","[{'x': 16, 'y': 123}, {'x': 275, 'y': 123}, {'x': 275, 'y': 715}, {'x': 16, 'y': 715}]",1:1,box,518400,9:16,vertical,153328,0.2957716049382716,neutral
neutral_574.jpg,/kaggle/input/musait/dataset/basket/neutral_574.jpg,1,"A developer's
first setup
A developer's
setup after 1
year
FINDPRO","[{'x': 16, 'y': 123}, {'x': 275, 'y': 123}, {'x': 275, 'y': 715}, {'x': 16, 'y': 715}]",1:1,box,518400,9:16,vertical,153328,0.2957716049382716,neutral
neutral_575.jpeg,/kaggle/input/musait/dataset/basket/neutral_575.jpeg,1,"I was born cute
& rich. You?
PROGRAMMER
Naked!","[{'x': 147, 'y': 175}, {'x': 464, 'y': 175}, {'x': 464, 'y': 542}, {'x': 147, 'y': 542}]",1:1,box,306280,1:1,box,116339,0.3798452396499934,neutral
neutral_576.jpeg,/kaggle/input/musait/dataset/basket/neutral_576.jpeg,1,"I was born cute
& rich. You?
PROGRAMMER
Naked!","[{'x': 147, 'y': 175}, {'x': 464, 'y': 175}, {'x': 464, 'y': 542}, {'x': 147, 'y': 542}]",1:1,box,306280,1:1,box,116339,0.3798452396499934,neutral
neutral_577.jpg,/kaggle/input/musait/dataset/basket/neutral_577.jpg,1,"1. Palindrome
In Case of String
def palindrome (s):
temp = 5[::-1]
if stemp:
print(""Yes!! It's Palindrome"")
else:
print(""No!! It's not palindrome"")
s=""nitin""
palindrome(s)
#By using indexing using for loop
def palindrome2(s):
n = len(s)
for i in range(n):
if s[i] != s[n-i-1]:
return False
return True
By using Inbuilt functions reversed and join
def palindrome3(s):
reverse_s reversed(s)
# print(reverse_s)
# for i in reverse_s:
O print(i))
temp = .join(reversed(s))
if stemp:
return True
else:
return False
(N NITIN MANGOTRA
THANGOTRA
#By Using while loop
def palindrome4(s):
n = len(s)
first = 0
last = n-1
while(first <last):
if s[first] s [last]:
first += 1 #first=first+1
last = 1 #last = last+1
else:
return False
return True
In Case Of Number
#In Case of Numbers:
#By Using Split Method
def palindrome5(n):
s = str(n)
temp = s[::-1]
if s == temp:
return True
else:
return False
#By using while loop.
def palindrome6(n):
temp = n #1456
rev_n = 0
while (temp>0):
digit = temp % 10
rev n = rev_n 10 + digit
temp = temp // 10
if n == rev_n:
return True
else:
return False","[{'x': 49, 'y': 32}, {'x': 650, 'y': 32}, {'x': 650, 'y': 1024}, {'x': 49, 'y': 1024}]",3:4,vertical,777600,3:4,vertical,596192,0.7667078189300411,neutral
neutral_578.jpg,/kaggle/input/musait/dataset/basket/neutral_578.jpg,1,"1. Palindrome
In Case of String
def palindrome (s):
temp = 5[::-1]
if stemp:
print(""Yes!! It's Palindrome"")
else:
print(""No!! It's not palindrome"")
s=""nitin""
palindrome(s)
#By using indexing using for loop
def palindrome2(s):
n = len(s)
for i in range(n):
if s[i] != s[n-i-1]:
return False
return True
By using Inbuilt functions reversed and join
def palindrome3(s):
reverse_s reversed(s)
# print(reverse_s)
# for i in reverse_s:
O print(i))
temp = .join(reversed(s))
if stemp:
return True
else:
return False
(N NITIN MANGOTRA
THANGOTRA
#By Using while loop
def palindrome4(s):
n = len(s)
first = 0
last = n-1
while(first <last):
if s[first] s [last]:
first += 1 #first=first+1
last = 1 #last = last+1
else:
return False
return True
In Case Of Number
#In Case of Numbers:
#By Using Split Method
def palindrome5(n):
s = str(n)
temp = s[::-1]
if s == temp:
return True
else:
return False
#By using while loop.
def palindrome6(n):
temp = n #1456
rev_n = 0
while (temp>0):
digit = temp % 10
rev n = rev_n 10 + digit
temp = temp // 10
if n == rev_n:
return True
else:
return False","[{'x': 49, 'y': 32}, {'x': 650, 'y': 32}, {'x': 650, 'y': 1024}, {'x': 49, 'y': 1024}]",3:4,vertical,777600,3:4,vertical,596192,0.7667078189300411,neutral
neutral_579.jpeg,/kaggle/input/musait/dataset/basket/neutral_579.jpeg,1,"int Paths(int m, int n)
{
int NumberOfSteps = (m + n)
int c = m1;
double ans = 1.0;
for (int i = 1; i <= c; i++)
{
}
2;
ans = ans * (NumberOfSteps - c + i) / i;
return (int)ans;
}","[{'x': 7, 'y': 2}, {'x': 492, 'y': 2}, {'x': 492, 'y': 295}, {'x': 7, 'y': 295}]",16:9,horizontal,161700,Other,other,142105,0.8788188002473717,neutral
neutral_580.jpeg,/kaggle/input/musait/dataset/basket/neutral_580.jpeg,1,"int Paths(int m, int n)
{
int NumberOfSteps = (m + n)
int c = m1;
double ans = 1.0;
for (int i = 1; i <= c; i++)
{
}
2;
ans = ans * (NumberOfSteps - c + i) / i;
return (int)ans;
}","[{'x': 7, 'y': 2}, {'x': 492, 'y': 2}, {'x': 492, 'y': 295}, {'x': 7, 'y': 295}]",16:9,horizontal,161700,Other,other,142105,0.8788188002473717,neutral
neutral_581.jpg,/kaggle/input/musait/dataset/basket/neutral_581.jpg,1,"nh404@Desktop: $ python3.10
Python 3.10.4 (main, Mar 24 2022, 16:12:56) [GCC 9.4.0] on linux
Type ""help"", ""copyright"", ""credits"" or ""license"" for more information.
>>> import turtle
Traceback (most recent call last):
File ""<stdin>"", line 1, in <module>
File ""/usr/lib/python3.10/turtle.py"", line 107, in <module>
import tkinter
ModuleNotFoundError: No module named 'tkinter'
>>> import Turtle
Traceback (most recent call last):
File ""<stdin>"", line 1, in <module>
ModuleNotFoundError: No module named 'Turtle'
>>> import tkinter
Traceback (most recent call last):
File ""<stdin>"", line 1, in <module>
ModuleNotFoundError: No module named 'tkinter'
>>>","[{'x': 0, 'y': 49}, {'x': 630, 'y': 49}, {'x': 630, 'y': 366}, {'x': 0, 'y': 366}]",Other,other,259120,16:9,horizontal,199710,0.7707239888854585,neutral
neutral_582.jpg,/kaggle/input/musait/dataset/basket/neutral_582.jpg,1,"nh404@Desktop: $ python3.10
Python 3.10.4 (main, Mar 24 2022, 16:12:56) [GCC 9.4.0] on linux
Type ""help"", ""copyright"", ""credits"" or ""license"" for more information.
>>> import turtle
Traceback (most recent call last):
File ""<stdin>"", line 1, in <module>
File ""/usr/lib/python3.10/turtle.py"", line 107, in <module>
import tkinter
ModuleNotFoundError: No module named 'tkinter'
>>> import Turtle
Traceback (most recent call last):
File ""<stdin>"", line 1, in <module>
ModuleNotFoundError: No module named 'Turtle'
>>> import tkinter
Traceback (most recent call last):
File ""<stdin>"", line 1, in <module>
ModuleNotFoundError: No module named 'tkinter'
>>>","[{'x': 0, 'y': 49}, {'x': 630, 'y': 49}, {'x': 630, 'y': 366}, {'x': 0, 'y': 366}]",Other,other,259120,16:9,horizontal,199710,0.7707239888854585,neutral
neutral_583.jpeg,/kaggle/input/musait/dataset/basket/neutral_583.jpeg,1,How does YOUR day begin?,"[{'x': 25, 'y': 5}, {'x': 628, 'y': 5}, {'x': 628, 'y': 57}, {'x': 25, 'y': 57}]",4:3,horizontal,307200,Other,other,31356,0.1020703125,neutral
neutral_584.jpeg,/kaggle/input/musait/dataset/basket/neutral_584.jpeg,1,How does YOUR day begin?,"[{'x': 25, 'y': 5}, {'x': 628, 'y': 5}, {'x': 628, 'y': 57}, {'x': 25, 'y': 57}]",4:3,horizontal,307200,Other,other,31356,0.1020703125,neutral
neutral_585.jpg,/kaggle/input/musait/dataset/basket/neutral_585.jpg,1,"2
234
4
<import yoruba from %Nigeria//>
<! YORUBATYPE html>
<ori>
<oruko>%>ede programming titun ti yoruba
</oruko%>
</ori>
5
6
<ara%>
7
8
9
10
<ori alakoko>Omo yoruba atata ni mi</ori>
</ara%\\>
<eso%>
ori alakoko {
11
titobi: 50px;
12
13
}
14
15
16
sisanra: 10px;
</eso\\%>
<lati owo @ronniepaul ni ede programming yi
ti seyo%//>
// ese pupo \\","[{'x': 34, 'y': 17}, {'x': 472, 'y': 17}, {'x': 472, 'y': 388}, {'x': 34, 'y': 388}]",4:3,horizontal,190080,5:4,horizontal,162498,0.8548926767676768,neutral
neutral_586.jpg,/kaggle/input/musait/dataset/basket/neutral_586.jpg,1,"2
234
4
<import yoruba from %Nigeria//>
<! YORUBATYPE html>
<ori>
<oruko>%>ede programming titun ti yoruba
</oruko%>
</ori>
5
6
<ara%>
7
8
9
10
<ori alakoko>Omo yoruba atata ni mi</ori>
</ara%\\>
<eso%>
ori alakoko {
11
titobi: 50px;
12
13
}
14
15
16
sisanra: 10px;
</eso\\%>
<lati owo @ronniepaul ni ede programming yi
ti seyo%//>
// ese pupo \\","[{'x': 34, 'y': 17}, {'x': 472, 'y': 17}, {'x': 472, 'y': 388}, {'x': 34, 'y': 388}]",4:3,horizontal,190080,5:4,horizontal,162498,0.8548926767676768,neutral
neutral_587.jpeg,/kaggle/input/musait/dataset/basket/neutral_587.jpeg,1,"Using your PC
At Day
At Night","[{'x': 43, 'y': 0}, {'x': 679, 'y': 0}, {'x': 679, 'y': 177}, {'x': 43, 'y': 177}]",4:3,horizontal,367200,Other,other,112572,0.3065686274509804,neutral
neutral_588.jpeg,/kaggle/input/musait/dataset/basket/neutral_588.jpeg,1,"Using your PC
At Day
At Night","[{'x': 43, 'y': 0}, {'x': 679, 'y': 0}, {'x': 679, 'y': 177}, {'x': 43, 'y': 177}]",4:3,horizontal,367200,Other,other,112572,0.3065686274509804,neutral
neutral_589.jpg,/kaggle/input/musait/dataset/basket/neutral_589.jpg,1,"ghost mom
@radtoria
Following
My cat learned he could scoop up food with his
cone and stole my damn taco when I wasn't
looking
RETWEETS LIKES
5,633 10,834
RW","[{'x': 12, 'y': 16}, {'x': 556, 'y': 16}, {'x': 556, 'y': 792}, {'x': 12, 'y': 792}]",3:4,vertical,474516,3:4,vertical,422144,0.8896306973842821,neutral
neutral_590.jpg,/kaggle/input/musait/dataset/basket/neutral_590.jpg,1,"ghost mom
@radtoria
Following
My cat learned he could scoop up food with his
cone and stole my damn taco when I wasn't
looking
RETWEETS LIKES
5,633 10,834
RW","[{'x': 12, 'y': 16}, {'x': 556, 'y': 16}, {'x': 556, 'y': 792}, {'x': 12, 'y': 792}]",3:4,vertical,474516,3:4,vertical,422144,0.8896306973842821,neutral
neutral_591.jpeg,/kaggle/input/musait/dataset/basket/neutral_591.jpeg,1,"Stress ball is good but b**bs are
better.","[{'x': 102, 'y': 16}, {'x': 960, 'y': 16}, {'x': 960, 'y': 134}, {'x': 102, 'y': 134}]",1:1,box,1074600,Other,other,101244,0.094215522054718,neutral
neutral_592.jpg,/kaggle/input/musait/dataset/basket/neutral_592.jpg,1,"When life starts treating me good
Me:
FB/AnimeFuture
Very suspicious.
This is kinda freaking me out.
Am I dying?
I am not used to this.","[{'x': 7, 'y': 48}, {'x': 689, 'y': 48}, {'x': 689, 'y': 704}, {'x': 7, 'y': 704}]",1:1,box,518400,1:1,box,447392,0.8630246913580247,neutral
neutral_593.jpeg,/kaggle/input/musait/dataset/basket/neutral_593.jpeg,1,"1st rule of Programming:
If it works....don't touch it!..","[{'x': 36, 'y': 18}, {'x': 683, 'y': 18}, {'x': 683, 'y': 158}, {'x': 36, 'y': 158}]",3:4,vertical,648000,Other,other,90580,0.1397839506172839,neutral
neutral_594.jpeg,/kaggle/input/musait/dataset/basket/neutral_594.jpeg,1,"1st rule of Programming:
If it works....don't touch it!..","[{'x': 36, 'y': 18}, {'x': 683, 'y': 18}, {'x': 683, 'y': 158}, {'x': 36, 'y': 158}]",3:4,vertical,648000,Other,other,90580,0.1397839506172839,neutral
neutral_595.jpg,/kaggle/input/musait/dataset/basket/neutral_595.jpg,1,"it could all be so simple
Bongleris
you
me
horror
chicken wings
movie
marathon","[{'x': 27, 'y': 20}, {'x': 499, 'y': 20}, {'x': 499, 'y': 531}, {'x': 27, 'y': 531}]",1:1,box,310500,1:1,box,241192,0.7767858293075685,neutral
neutral_596.jpeg,/kaggle/input/musait/dataset/basket/neutral_596.jpeg,1,"Teacher: there is no electrical device
that has 100% efficiency. The other
energy is converted to heat
Me: What about a heater?
The teacher:
Listen here, you
little shit","[{'x': 4, 'y': 10}, {'x': 354, 'y': 10}, {'x': 354, 'y': 264}, {'x': 4, 'y': 264}]",4:3,horizontal,101920,4:3,horizontal,88900,0.8722527472527473,neutral
neutral_597.jpeg,/kaggle/input/musait/dataset/basket/neutral_597.jpeg,1,"Teacher: there is no electrical device
that has 100% efficiency. The other
energy is converted to heat
Me: What about a heater?
The teacher:
Listen here, you
little shit","[{'x': 4, 'y': 10}, {'x': 354, 'y': 10}, {'x': 354, 'y': 264}, {'x': 4, 'y': 264}]",4:3,horizontal,101920,4:3,horizontal,88900,0.8722527472527473,neutral
neutral_598.jpg,/kaggle/input/musait/dataset/basket/neutral_598.jpg,1,"When you go to Japan and
they don't speak in subtitles.
ingilp.com
I'll never forgive the Japanese!","[{'x': 2, 'y': 29}, {'x': 515, 'y': 29}, {'x': 515, 'y': 463}, {'x': 2, 'y': 463}]",5:4,horizontal,249240,5:4,horizontal,222642,0.8932835820895523,neutral
neutral_599.jpg,/kaggle/input/musait/dataset/basket/neutral_599.jpg,1,"When you go to Japan and
they don't speak in subtitles.
ingilp.com
I'll never forgive the Japanese!","[{'x': 2, 'y': 29}, {'x': 515, 'y': 29}, {'x': 515, 'y': 463}, {'x': 2, 'y': 463}]",5:4,horizontal,249240,5:4,horizontal,222642,0.8932835820895523,neutral
neutral_600.jpeg,/kaggle/input/musait/dataset/basket/neutral_600.jpeg,1,meaningless,"[{'x': 68, 'y': 123}, {'x': 232, 'y': 123}, {'x': 232, 'y': 153}, {'x': 68, 'y': 153}]",16:9,horizontal,50400,Other,other,4920,0.0976190476190476,neutral
neutral_601.jpeg,/kaggle/input/musait/dataset/basket/neutral_601.jpeg,1,meaningless,"[{'x': 68, 'y': 123}, {'x': 232, 'y': 123}, {'x': 232, 'y': 153}, {'x': 68, 'y': 153}]",16:9,horizontal,50400,Other,other,4920,0.0976190476190476,neutral
neutral_602.jpg,/kaggle/input/musait/dataset/basket/neutral_602.jpg,1,"KING OF THE
JUNGLE
KING OF THE
INTERNET","[{'x': 168, 'y': 60}, {'x': 622, 'y': 60}, {'x': 622, 'y': 195}, {'x': 168, 'y': 195}]",1:1,box,399360,Other,other,61290,0.1534705528846154,neutral
neutral_603.jpg,/kaggle/input/musait/dataset/basket/neutral_603.jpg,1,"KING OF THE
JUNGLE
KING OF THE
INTERNET","[{'x': 168, 'y': 60}, {'x': 622, 'y': 60}, {'x': 622, 'y': 195}, {'x': 168, 'y': 195}]",1:1,box,399360,Other,other,61290,0.1534705528846154,neutral
neutral_604.jpeg,/kaggle/input/musait/dataset/basket/neutral_604.jpeg,1,"MEANINGLESS
QUOTES","[{'x': 21, 'y': 109}, {'x': 146, 'y': 109}, {'x': 146, 'y': 150}, {'x': 21, 'y': 150}]",16:9,horizontal,50267,Other,other,5125,0.1019555573238904,neutral
neutral_605.jpeg,/kaggle/input/musait/dataset/basket/neutral_605.jpeg,1,"MEANINGLESS
QUOTES","[{'x': 21, 'y': 109}, {'x': 146, 'y': 109}, {'x': 146, 'y': 150}, {'x': 21, 'y': 150}]",16:9,horizontal,50267,Other,other,5125,0.1019555573238904,neutral
neutral_606.jpg,/kaggle/input/musait/dataset/basket/neutral_606.jpg,1,"135. A tradesman gives 4% dis-
count on the marked price
and gives 1 article free for
buying every 15 articles and
thus gains 35%. The marked
price is increased above the
cost price by
(1) 40%
(3) 50%
(2).39%
(4) 20%
to do
136 A and B undert","[{'x': 6, 'y': 3}, {'x': 689, 'y': 3}, {'x': 689, 'y': 445}, {'x': 6, 'y': 445}]",3:2,horizontal,321120,3:2,horizontal,301886,0.9401033881415048,neutral
neutral_607.jpg,/kaggle/input/musait/dataset/basket/neutral_607.jpg,1,"135. A tradesman gives 4% dis-
count on the marked price
and gives 1 article free for
buying every 15 articles and
thus gains 35%. The marked
price is increased above the
cost price by
(1) 40%
(3) 50%
(2).39%
(4) 20%
to do
136 A and B undert","[{'x': 6, 'y': 3}, {'x': 689, 'y': 3}, {'x': 689, 'y': 445}, {'x': 6, 'y': 445}]",3:2,horizontal,321120,3:2,horizontal,301886,0.9401033881415048,neutral
neutral_608.jpeg,/kaggle/input/musait/dataset/basket/neutral_608.jpeg,0,,[],2:1,horizontal,50512,,,0,0.0,neutral
neutral_609.jpg,/kaggle/input/musait/dataset/basket/neutral_609.jpg,1,"E111
E300 102
143
E133
E124
E132","[{'x': 160, 'y': 8}, {'x': 659, 'y': 8}, {'x': 659, 'y': 248}, {'x': 160, 'y': 248}]",3:2,horizontal,441936,2:1,horizontal,119760,0.2709894645378516,neutral
neutral_610.jpg,/kaggle/input/musait/dataset/basket/neutral_610.jpg,1,"E111
E300 102
143
E133
E124
E132","[{'x': 160, 'y': 8}, {'x': 659, 'y': 8}, {'x': 659, 'y': 248}, {'x': 160, 'y': 248}]",3:2,horizontal,441936,2:1,horizontal,119760,0.2709894645378516,neutral
neutral_611.jpeg,/kaggle/input/musait/dataset/basket/neutral_611.jpeg,1,ווי,"[{'x': 67, 'y': 66}, {'x': 122, 'y': 66}, {'x': 122, 'y': 135}, {'x': 67, 'y': 135}]",3:4,vertical,50325,3:4,vertical,3795,0.0754098360655737,neutral
neutral_612.jpg,/kaggle/input/musait/dataset/basket/neutral_612.jpg,1,"COOL STORY,
BRO...
QuotesBook.com","[{'x': 48, 'y': 477}, {'x': 314, 'y': 477}, {'x': 314, 'y': 620}, {'x': 48, 'y': 620}]",2:3,vertical,230400,16:9,horizontal,38038,0.1650954861111111,neutral
neutral_613.jpg,/kaggle/input/musait/dataset/basket/neutral_613.jpg,1,"COOL STORY,
BRO...
QuotesBook.com","[{'x': 48, 'y': 477}, {'x': 314, 'y': 477}, {'x': 314, 'y': 620}, {'x': 48, 'y': 620}]",2:3,vertical,230400,16:9,horizontal,38038,0.1650954861111111,neutral
neutral_614.jpeg,/kaggle/input/musait/dataset/basket/neutral_614.jpeg,0,,[],1:1,box,50625,,,0,0.0,neutral
neutral_615.jpeg,/kaggle/input/musait/dataset/basket/neutral_615.jpeg,0,,[],1:1,box,50625,,,0,0.0,neutral
neutral_616.jpg,/kaggle/input/musait/dataset/basket/neutral_616.jpg,1,"BRAND
MARKETING
ADVERTISING
LOGO
DESIGN
IDENTITY
TRUST
VALUE
STRATEGY","[{'x': 144, 'y': 47}, {'x': 266, 'y': 47}, {'x': 266, 'y': 277}, {'x': 144, 'y': 277}]",16:9,horizontal,208080,2:3,vertical,28060,0.1348519800076893,neutral
neutral_617.jpg,/kaggle/input/musait/dataset/basket/neutral_617.jpg,1,"BRAND
MARKETING
ADVERTISING
LOGO
DESIGN
IDENTITY
TRUST
VALUE
STRATEGY","[{'x': 144, 'y': 47}, {'x': 266, 'y': 47}, {'x': 266, 'y': 277}, {'x': 144, 'y': 277}]",16:9,horizontal,208080,2:3,vertical,28060,0.1348519800076893,neutral
neutral_618.jpeg,/kaggle/input/musait/dataset/basket/neutral_618.jpeg,0,,[],Other,other,50460,,,0,0.0,neutral
neutral_619.jpg,/kaggle/input/musait/dataset/basket/neutral_619.jpg,1,"TELL ME
HOW...","[{'x': 547, 'y': 45}, {'x': 931, 'y': 45}, {'x': 931, 'y': 255}, {'x': 547, 'y': 255}]",16:9,horizontal,921600,16:9,horizontal,80640,0.0875,neutral
neutral_620.jpg,/kaggle/input/musait/dataset/basket/neutral_620.jpg,1,"TELL ME
HOW...","[{'x': 547, 'y': 45}, {'x': 931, 'y': 45}, {'x': 931, 'y': 255}, {'x': 547, 'y': 255}]",16:9,horizontal,921600,16:9,horizontal,80640,0.0875,neutral
neutral_621.jpeg,/kaggle/input/musait/dataset/basket/neutral_621.jpeg,1,"Sale=
$25 off every $100* you spend on anything in the store.
Friday & Saturday November 27-28 @
Sailing Supply/Downwind Marine
SPEND
HARDWARE,
SAVE
$100
CLOTHING,
$25
BOOKS,
$200
ROPE.
$50
PFD'S,
$300
$75
AND
$400
MORE!!
$100
DOWNWIND
**SALE IS BASED ON RETAIL PRICING ONLY AND DOES NOT APPLY TO
ANY IN-HOUSE ACCOUNTS OR ONLINE PURCHASES.""","[{'x': 18, 'y': 7}, {'x': 212, 'y': 7}, {'x': 212, 'y': 222}, {'x': 18, 'y': 222}]",1:1,box,50625,1:1,box,41710,0.8239012345679012,neutral
neutral_622.jpeg,/kaggle/input/musait/dataset/basket/neutral_622.jpeg,1,"Sale=
$25 off every $100* you spend on anything in the store.
Friday & Saturday November 27-28 @
Sailing Supply/Downwind Marine
SPEND
HARDWARE,
SAVE
$100
CLOTHING,
$25
BOOKS,
$200
ROPE.
$50
PFD'S,
$300
$75
AND
$400
MORE!!
$100
DOWNWIND
**SALE IS BASED ON RETAIL PRICING ONLY AND DOES NOT APPLY TO
ANY IN-HOUSE ACCOUNTS OR ONLINE PURCHASES.""","[{'x': 18, 'y': 7}, {'x': 212, 'y': 7}, {'x': 212, 'y': 222}, {'x': 18, 'y': 222}]",1:1,box,50625,1:1,box,41710,0.8239012345679012,neutral
neutral_623.jpg,/kaggle/input/musait/dataset/basket/neutral_623.jpg,1,"FOR THE LOVE OF GOD
NO MORE MEMES","[{'x': 77, 'y': 7}, {'x': 721, 'y': 7}, {'x': 721, 'y': 797}, {'x': 77, 'y': 797}]",1:1,box,640000,3:4,vertical,508760,0.7949375,neutral
neutral_624.jpg,/kaggle/input/musait/dataset/basket/neutral_624.jpg,1,"FOR THE LOVE OF GOD
NO MORE MEMES","[{'x': 77, 'y': 7}, {'x': 721, 'y': 7}, {'x': 721, 'y': 797}, {'x': 77, 'y': 797}]",1:1,box,640000,3:4,vertical,508760,0.7949375,neutral
neutral_625.jpeg,/kaggle/input/musait/dataset/basket/neutral_625.jpeg,1,"NEVER
BETTER","[{'x': 76, 'y': 48}, {'x': 148, 'y': 48}, {'x': 148, 'y': 177}, {'x': 76, 'y': 177}]",1:1,box,50625,2:3,vertical,9288,0.1834666666666666,neutral
neutral_626.jpeg,/kaggle/input/musait/dataset/basket/neutral_626.jpeg,1,"NEVER
BETTER","[{'x': 76, 'y': 48}, {'x': 148, 'y': 48}, {'x': 148, 'y': 177}, {'x': 76, 'y': 177}]",1:1,box,50625,2:3,vertical,9288,0.1834666666666666,neutral
neutral_627.jpg,/kaggle/input/musait/dataset/basket/neutral_627.jpg,1,"◉-
grammarly
Hey!
12:35 ✓✓
:","[{'x': 98, 'y': 232}, {'x': 1216, 'y': 232}, {'x': 1216, 'y': 756}, {'x': 98, 'y': 756}]",16:9,horizontal,1216000,2:1,horizontal,585832,0.4817697368421053,neutral
neutral_628.jpg,/kaggle/input/musait/dataset/basket/neutral_628.jpg,1,"◉-
grammarly
Hey!
12:35 ✓✓
:","[{'x': 98, 'y': 232}, {'x': 1216, 'y': 232}, {'x': 1216, 'y': 756}, {'x': 98, 'y': 756}]",16:9,horizontal,1216000,2:1,horizontal,585832,0.4817697368421053,neutral
neutral_629.jpeg,/kaggle/input/musait/dataset/basket/neutral_629.jpeg,1,"NOTHING MATTERS
""HAHA NOPE
""AT
ALLP
...it Never Has!","[{'x': 3, 'y': 12}, {'x': 223, 'y': 12}, {'x': 223, 'y': 223}, {'x': 3, 'y': 223}]",1:1,box,50400,1:1,box,46420,0.921031746031746,neutral
neutral_630.jpeg,/kaggle/input/musait/dataset/basket/neutral_630.jpeg,1,"NOTHING MATTERS
""HAHA NOPE
""AT
ALLP
...it Never Has!","[{'x': 3, 'y': 12}, {'x': 223, 'y': 12}, {'x': 223, 'y': 223}, {'x': 3, 'y': 223}]",1:1,box,50400,1:1,box,46420,0.921031746031746,neutral
neutral_631.jpg,/kaggle/input/musait/dataset/basket/neutral_631.jpg,1,"VectorStockⓇ
Ice Cream
Strawberry mix
Best choice
for summer!
NEW
VectorStock.com/21520349","[{'x': 29, 'y': 46}, {'x': 971, 'y': 46}, {'x': 971, 'y': 795}, {'x': 29, 'y': 795}]",4:3,horizontal,821000,4:3,horizontal,705558,0.859388550548112,neutral
neutral_632.jpg,/kaggle/input/musait/dataset/basket/neutral_632.jpg,1,"VectorStockⓇ
Ice Cream
Strawberry mix
Best choice
for summer!
NEW
VectorStock.com/21520349","[{'x': 29, 'y': 46}, {'x': 971, 'y': 46}, {'x': 971, 'y': 795}, {'x': 29, 'y': 795}]",4:3,horizontal,821000,4:3,horizontal,705558,0.859388550548112,neutral
neutral_633.jpeg,/kaggle/input/musait/dataset/basket/neutral_633.jpeg,1,"Jo
The Meaningless Club","[{'x': 30, 'y': 130}, {'x': 194, 'y': 130}, {'x': 194, 'y': 195}, {'x': 30, 'y': 195}]",1:1,box,50400,Other,other,10660,0.2115079365079365,neutral
neutral_634.jpeg,/kaggle/input/musait/dataset/basket/neutral_634.jpeg,1,"Jo
The Meaningless Club","[{'x': 30, 'y': 130}, {'x': 194, 'y': 130}, {'x': 194, 'y': 195}, {'x': 30, 'y': 195}]",1:1,box,50400,Other,other,10660,0.2115079365079365,neutral
neutral_635.jpg,/kaggle/input/musait/dataset/basket/neutral_635.jpg,1,THE CONVERSATION,"[{'x': 73, 'y': 56}, {'x': 827, 'y': 56}, {'x': 827, 'y': 138}, {'x': 73, 'y': 138}]",3:2,horizontal,540000,Other,other,61828,0.1144962962962962,neutral
neutral_636.jpg,/kaggle/input/musait/dataset/basket/neutral_636.jpg,1,THE CONVERSATION,"[{'x': 73, 'y': 56}, {'x': 827, 'y': 56}, {'x': 827, 'y': 138}, {'x': 73, 'y': 138}]",3:2,horizontal,540000,Other,other,61828,0.1144962962962962,neutral
neutral_637.jpeg,/kaggle/input/musait/dataset/basket/neutral_637.jpeg,1,"KJAE 93.5 shared 95.7 The Jet's post.
Thursday at 08:06.
95.7 The Jet
April 2 at 06:30-
QUESTION
If you were to let
someone in your
house right now,
what would they
find on TOP of
your refrigerator?
01.6K 12.2K Comments 141 Shares","[{'x': 1, 'y': 6}, {'x': 179, 'y': 6}, {'x': 179, 'y': 267}, {'x': 1, 'y': 267}]",3:4,vertical,50490,3:4,vertical,46458,0.9201426024955436,neutral
neutral_638.jpeg,/kaggle/input/musait/dataset/basket/neutral_638.jpeg,1,"KJAE 93.5 shared 95.7 The Jet's post.
Thursday at 08:06.
95.7 The Jet
April 2 at 06:30-
QUESTION
If you were to let
someone in your
house right now,
what would they
find on TOP of
your refrigerator?
01.6K 12.2K Comments 141 Shares","[{'x': 1, 'y': 6}, {'x': 179, 'y': 6}, {'x': 179, 'y': 267}, {'x': 1, 'y': 267}]",3:4,vertical,50490,3:4,vertical,46458,0.9201426024955436,neutral
neutral_639.jpg,/kaggle/input/musait/dataset/basket/neutral_639.jpg,1,"]
O
101.1 FM
Types of
Advertisement","[{'x': 42, 'y': 228}, {'x': 975, 'y': 228}, {'x': 975, 'y': 376}, {'x': 42, 'y': 376}]",16:9,horizontal,756000,Other,other,138084,0.1826507936507936,neutral
neutral_640.jpg,/kaggle/input/musait/dataset/basket/neutral_640.jpg,1,"]
O
101.1 FM
Types of
Advertisement","[{'x': 42, 'y': 228}, {'x': 975, 'y': 228}, {'x': 975, 'y': 376}, {'x': 42, 'y': 376}]",16:9,horizontal,756000,Other,other,138084,0.1826507936507936,neutral
neutral_641.jpeg,/kaggle/input/musait/dataset/basket/neutral_641.jpeg,1,"Cancel
Update Status
answered a question
If I were to go to the store right now to buy ice
cream, the flavor I would pick is...
Add your answer
Add to your post","[{'x': 4, 'y': 3}, {'x': 157, 'y': 3}, {'x': 157, 'y': 288}, {'x': 4, 'y': 288}]",2:3,vertical,50445,2:3,vertical,43605,0.864406779661017,neutral
neutral_642.jpeg,/kaggle/input/musait/dataset/basket/neutral_642.jpeg,1,"Cancel
Update Status
answered a question
If I were to go to the store right now to buy ice
cream, the flavor I would pick is...
Add your answer
Add to your post","[{'x': 4, 'y': 3}, {'x': 157, 'y': 3}, {'x': 157, 'y': 288}, {'x': 4, 'y': 288}]",2:3,vertical,50445,2:3,vertical,43605,0.864406779661017,neutral
neutral_643.jpeg,/kaggle/input/musait/dataset/basket/neutral_643.jpeg,1,"Did You Know
Newark
If I had to be locked for a week
in a room that was completely
dark or completely bright, I'd
rather...
New Question + Add Answer","[{'x': 62, 'y': 0}, {'x': 1101, 'y': 0}, {'x': 1101, 'y': 738}, {'x': 62, 'y': 738}]",3:2,horizontal,960000,4:3,horizontal,766782,0.79873125,neutral
neutral_644.jpeg,/kaggle/input/musait/dataset/basket/neutral_644.jpeg,1,"Did You Know
Newark
If I had to be locked for a week
in a room that was completely
dark or completely bright, I'd
rather...
New Question + Add Answer","[{'x': 62, 'y': 0}, {'x': 1101, 'y': 0}, {'x': 1101, 'y': 738}, {'x': 62, 'y': 738}]",3:2,horizontal,960000,4:3,horizontal,766782,0.79873125,neutral
neutral_645.jpeg,/kaggle/input/musait/dataset/basket/neutral_645.jpeg,1,Aur phir kuch youn huva ky,"[{'x': 9, 'y': 85}, {'x': 240, 'y': 85}, {'x': 240, 'y': 104}, {'x': 9, 'y': 104}]",4:3,horizontal,50250,Other,other,4389,0.0873432835820895,neutral
neutral_646.jpeg,/kaggle/input/musait/dataset/basket/neutral_646.jpeg,1,"Write the Correct
Answer!!
9+8 4x2 = ??
A: 26
B: 9
C: 17","[{'x': 16, 'y': 23}, {'x': 218, 'y': 23}, {'x': 218, 'y': 200}, {'x': 16, 'y': 200}]",1:1,box,50290,1:1,box,35754,0.7109564525750647,neutral
neutral_647.jpeg,/kaggle/input/musait/dataset/basket/neutral_647.jpeg,1,"Write the Correct
Answer!!
9+8 4x2 = ??
A: 26
B: 9
C: 17","[{'x': 16, 'y': 23}, {'x': 218, 'y': 23}, {'x': 218, 'y': 200}, {'x': 16, 'y': 200}]",1:1,box,50290,1:1,box,35754,0.7109564525750647,neutral
neutral_648.jpeg,/kaggle/input/musait/dataset/basket/neutral_648.jpeg,1,"Owen Edward Richeson IV-with
Jeneer Johnson Richason
I'm most grateful for
My wife and son!
Like Comment Share","[{'x': 17, 'y': 10}, {'x': 178, 'y': 10}, {'x': 178, 'y': 227}, {'x': 17, 'y': 227}]",1:1,box,50525,3:4,vertical,34937,0.6914794656110836,neutral
neutral_649.jpeg,/kaggle/input/musait/dataset/basket/neutral_649.jpeg,1,"How to Write an Academic Blog Post
Proofed.
U","[{'x': 16, 'y': 18}, {'x': 282, 'y': 18}, {'x': 282, 'y': 146}, {'x': 16, 'y': 146}]",16:9,horizontal,50530,2:1,horizontal,34048,0.6738175341381357,neutral
neutral_650.jpeg,/kaggle/input/musait/dataset/basket/neutral_650.jpeg,1,"How to Write an Academic Blog Post
Proofed.
U","[{'x': 16, 'y': 18}, {'x': 281, 'y': 18}, {'x': 281, 'y': 146}, {'x': 16, 'y': 146}]",16:9,horizontal,50530,2:1,horizontal,33920,0.6712843855135563,neutral
neutral_651.jpeg,/kaggle/input/musait/dataset/basket/neutral_651.jpeg,1,"Conversations
Matter","[{'x': 10, 'y': 23}, {'x': 277, 'y': 23}, {'x': 277, 'y': 75}, {'x': 10, 'y': 75}]",3:2,horizontal,50512,Other,other,13884,0.2748653785239151,neutral
neutral_652.jpeg,/kaggle/input/musait/dataset/basket/neutral_652.jpeg,1,"Conversations
Matter","[{'x': 10, 'y': 23}, {'x': 277, 'y': 23}, {'x': 277, 'y': 75}, {'x': 10, 'y': 75}]",3:2,horizontal,50512,Other,other,13884,0.2748653785239151,neutral
neutral_653.jpg,/kaggle/input/musait/dataset/basket/neutral_653.jpg,1,"THE GOURMET
Non-Burning Saucepan
possesses advantages obvious to every woman; it fills a long-felt household want, a
saucepan that can cook unattended and will not let its contents burn.
What the Gourmet Non-Burning Saucepan is and does.
It is a deep, green enamelled saucepan, white inside and complete with flat enamelled cover, and
with a spun-on copper bottom enclosing a fireproof lining. The polished copper bottom matches and
sets off admirably the green enamel, and the whole effect of the article is distinctly pleasing and
inviting, and inspires confidence in its promise of quality and long service.
For Cooking Sauces,Custards, Milk, Porridge, etc., etc.,
it is unsurpassed. IT WILL NOT let
its contents BURN.
The copper bottom and fire-
proof lining protect what is the
most vulnerable part in an
enamel saucepan-the bottom,
so that a Gourmet Non-Burn-
ing Saucepan lasts three times
as long as an ordinary enamel
saucepan, and moreover the
danger of chipping while cook-
ing is eliminated,
THE TEST.-Boil milk
in it down to a thick
cream and it will not
burn.
No. 12 1 pt.1/9
14 2 pt. 2/-
No. 16
3 pint 2/6
18
4 pint 2/9
The number denotes inside
diameter in centimetres.
ENAMEL SAUCEPAN BOTTOM
LINING
COPPER BOTTOM
QUEEN'S PUDDING BOILERS.
No Cloth or String used. Earthenware
Bowl. Tinned Steel Cover. Keep Water
Out, and Goodness in. Make puddings
as light as sponge cake.
Prices-
N12
1 pint, 9d.
3 pint, 2/-
pint, 1/
4 pint, 2/6
2 pint, 1/6
6 pint, 3/
THE
GOURMET
DUPLEX
FORK.
burning and scalding your
Sausages, Bacon, etc., in the
This is a stamped steel utensil, heavily coated with pure tin. Saves
hands when turning Chops and Steaks on the Grill, Roasts in the oven,
frying pan. Hold Rissoles, Fishcakes, Baked Potatoes, and Chestnuts. Does not pierce or tear the
meat, a point strongly in its favour as a cooking utensil for Steaks; etc., Handle shaped to the hand,
always cool. Has a spring grip that automatically releases whatever you are holding immediately
pressure is released on the handles, and forks remain wide open ready for the next hot thing to be
picked up.
Price
7d. each.
Write for list of GOURMETWARE,"" sent post free on receipt of a postcard to
H.M.
GOURMET & CO., (Dept.) Mount Pleasant, London, W.C.
alamy
Image ID: AA8EH6
www.alamy.com","[{'x': 48, 'y': 108}, {'x': 716, 'y': 108}, {'x': 716, 'y': 1365}, {'x': 48, 'y': 1365}]",2:3,vertical,1066130,2:3,vertical,839676,0.787592507480326,neutral
neutral_654.jpg,/kaggle/input/musait/dataset/basket/neutral_654.jpg,1,"DID
YOU
KNOW?","[{'x': 362, 'y': 259}, {'x': 885, 'y': 259}, {'x': 885, 'y': 658}, {'x': 362, 'y': 658}]",4:3,horizontal,1080000,4:3,horizontal,208677,0.1932194444444444,neutral
neutral_655.jpg,/kaggle/input/musait/dataset/basket/neutral_655.jpg,1,"Do You
Know
?","[{'x': 261, 'y': 70}, {'x': 677, 'y': 70}, {'x': 677, 'y': 336}, {'x': 261, 'y': 336}]",16:9,horizontal,280000,3:2,horizontal,110656,0.3952,neutral
neutral_656.jpg,/kaggle/input/musait/dataset/basket/neutral_656.jpg,1,"DID YOU
KNOW?","[{'x': 343, 'y': 143}, {'x': 564, 'y': 143}, {'x': 564, 'y': 240}, {'x': 343, 'y': 240}]",Other,other,223560,21:9,horizontal,21437,0.0958892467346573,neutral
neutral_657.jpg,/kaggle/input/musait/dataset/basket/neutral_657.jpg,1,"Your
Thigh Bone
Can Resist
Thousands of
Pounds of
Force.
DICTIONARY","[{'x': 29, 'y': 48}, {'x': 495, 'y': 48}, {'x': 495, 'y': 655}, {'x': 29, 'y': 655}]",16:9,horizontal,808800,3:4,vertical,282862,0.3497304648862512,neutral
neutral_658.jpg,/kaggle/input/musait/dataset/basket/neutral_658.jpg,1,"aigm
gifts & more
Kitchen Utility Gifts
1 Flat Griddle (Tawa) (250mm)
+ 1Fry Pan (240mm)
+ Kadhai (240mm) with Glass
(for Fry Pan & Kadhai)
aigmgifts@gmail.com
aigmpune@gmail.com
9029029962
www.corporategiftsonline.in 7020505591
MOQ 100pc
Non-Stick
With
3
Layers
High Coating","[{'x': 18, 'y': 49}, {'x': 882, 'y': 49}, {'x': 882, 'y': 691}, {'x': 18, 'y': 691}]",4:3,horizontal,630000,4:3,horizontal,554688,0.8804571428571428,neutral
neutral_659.jpg,/kaggle/input/musait/dataset/basket/neutral_659.jpg,1,"MACEliteOUSEWARE
Quality Valve Reliability
Macclite Nonstick Gift set
Trio Pack Set of 3pc
1. Superior Non-Stick Coating Which will last longer
and stays new
2. Extra Tick Base to Avoid Warping
3. Strong and Study Handle
4. (HTR) High Temperature Resistant
Gift Set Of 3pc","[{'x': 18, 'y': 19}, {'x': 412, 'y': 19}, {'x': 412, 'y': 284}, {'x': 18, 'y': 284}]",1:1,box,176400,3:2,horizontal,104410,0.5918934240362812,neutral
neutral_660.jpg,/kaggle/input/musait/dataset/basket/neutral_660.jpg,1,"FULL LINE OF BLACK MATTE COOKWARE
BAKELITE HANDLES
NON-STICK
CLASSIC DESIGN
CONVENIENT SPOUT","[{'x': 119, 'y': 19}, {'x': 885, 'y': 19}, {'x': 885, 'y': 547}, {'x': 119, 'y': 547}]",3:2,horizontal,582000,4:3,horizontal,404448,0.6949278350515464,neutral
neutral_661.jpg,/kaggle/input/musait/dataset/basket/neutral_661.jpg,1,"KITCHEN UTENSILS
Duis aute irure dolor in reprehenderit in voluptate velit
esse cillum dolore eu fugiat nulla pariatur occaecat
READ MORE
KITCHEN SUPPLIES
Duis aute irure dolor in reprehenderit in vol
esse cillum dolore eu fugiat nulla pariatur occaecat
READ MORE
COOKING TOOLS
Duis aute irure dolor in reprehenderit in voluptate
esse cium dolore eu fugiat nulla pariatur occaecal
READ MORE","[{'x': 15, 'y': 78}, {'x': 173, 'y': 78}, {'x': 173, 'y': 461}, {'x': 15, 'y': 461}]",1:1,box,240100,9:16,vertical,60514,0.252036651395252,neutral
neutral_662.jpg,/kaggle/input/musait/dataset/basket/neutral_662.jpg,1,"English
with Vicky
KITCHEN UTENSILS
22s
Canva
garlic press
chopping
board
strainer
teapot
tray
spice
grater
bowl
containers
napkin
rolling pin
oven glove
steak
hammer
Canva
colander corkscrew frying pan saucepan (U.K.)
WO
pot (U.S.)
whisk knife
spatula ladle
fork spoon
plate
apron","[{'x': 7, 'y': 36}, {'x': 1034, 'y': 36}, {'x': 1034, 'y': 1073}, {'x': 7, 'y': 1073}]",1:1,box,1180440,1:1,box,1064999,0.9022051099589984,neutral
neutral_663.jpg,/kaggle/input/musait/dataset/basket/neutral_663.jpg,1,"MONDAY
& TUESDAY
ONLY
WITH THIS COUPON
BUY 1, GET 1
FREE
ALL SHOES
Buy one and get one of equal
or lesser value FREE
Have a Smartphone?
Save this coupon to your phone
by using the NeoReader App
on your iPhone, Blackberry,
or Android to scan the QR
code at the right
VERY
FINE SHOES
SCAN
IT
Download Free Neoreader App","[{'x': 5, 'y': 49}, {'x': 592, 'y': 49}, {'x': 592, 'y': 873}, {'x': 5, 'y': 873}]",3:4,vertical,566100,3:4,vertical,483688,0.8544214803038332,neutral
neutral_664.jpg,/kaggle/input/musait/dataset/basket/neutral_664.jpg,1,"10 NEW PSYCHOLOGICAL FACTS
If you wear
BLACK colour
more, it means
your brain is","[{'x': 430, 'y': 12}, {'x': 1279, 'y': 12}, {'x': 1279, 'y': 678}, {'x': 430, 'y': 678}]",16:9,horizontal,921600,4:3,horizontal,565434,0.61353515625,neutral
neutral_665.jpg,/kaggle/input/musait/dataset/basket/neutral_665.jpg,1,"THE
MEDIA
ANT
15 Best Magazine Advertisement
Examples of Successful Campaigns
TITLE
001
PHOTOGRAPHY BOOK
2022
PHOTO
BOOK
Your Name
Studio v 455 Addess
Pachal 800
Unitated States
YourName@gmail.com
www.YourWebsite.com
Your Instagram
LOREM IPSUM DOLOR SIT AMET
TITLE
BOOK
Lorem ipsum dolor sit amet
diam nonummy nibh oumed
incidunt ut laoreet dolore
Lorem ipsum dolor sit amet,
consectetuer adipiscing
diam nonummy nibh euismod
Lorem ipsum dolor sit amet,
dem nonummy nibh euismod
tincidunt ut laoreet dolore
PAGE 1
themediaant.com","[{'x': 66, 'y': 17}, {'x': 1006, 'y': 17}, {'x': 1006, 'y': 747}, {'x': 66, 'y': 747}]",4:3,horizontal,787456,4:3,horizontal,686200,0.8714137678803641,neutral
neutral_666.jpg,/kaggle/input/musait/dataset/basket/neutral_666.jpg,1,"О
DID YOU
KNOW?
ww
о
كم
X
X","[{'x': 117, 'y': 111}, {'x': 903, 'y': 111}, {'x': 903, 'y': 536}, {'x': 117, 'y': 536}]",16:9,horizontal,573000,16:9,horizontal,334050,0.5829842931937173,neutral
neutral_667.jpg,/kaggle/input/musait/dataset/basket/neutral_667.jpg,1,"BEST CAR
FOR RENT
TODAY
MICHEL
$59,99
0","[{'x': 65, 'y': 88}, {'x': 898, 'y': 88}, {'x': 898, 'y': 1510}, {'x': 65, 'y': 1510}]",2:3,vertical,1440000,2:3,vertical,1184526,0.8225875,neutral
neutral_668.jpg,/kaggle/input/musait/dataset/basket/neutral_668.jpg,1,"PYTHON
RANDOM
MODULE
Young Wonks","[{'x': 270, 'y': 422}, {'x': 1940, 'y': 422}, {'x': 1940, 'y': 1080}, {'x': 270, 'y': 1080}]",16:9,horizontal,2250000,Other,other,1098860,0.4883822222222222,neutral
neutral_669.jpg,/kaggle/input/musait/dataset/basket/neutral_669.jpg,1,"call me Lord Steven
wiki How","[{'x': 252, 'y': 57}, {'x': 454, 'y': 57}, {'x': 454, 'y': 340}, {'x': 252, 'y': 340}]",4:3,horizontal,158700,3:4,vertical,57166,0.3602142407057341,neutral
neutral_670.jpg,/kaggle/input/musait/dataset/basket/neutral_670.jpg,1,"Article title:
survive your first year as a medical student
~
wiki How","[{'x': 14, 'y': 96}, {'x': 454, 'y': 96}, {'x': 454, 'y': 340}, {'x': 14, 'y': 340}]",4:3,horizontal,158700,16:9,horizontal,107360,0.6764965343415249,neutral
neutral_671.jpg,/kaggle/input/musait/dataset/basket/neutral_671.jpg,1,"Where's Waldo?
wiki How to Be Random","[{'x': 315, 'y': 110}, {'x': 1193, 'y': 110}, {'x': 1193, 'y': 895}, {'x': 315, 'y': 895}]",4:3,horizontal,1080000,1:1,box,689230,0.638175925925926,neutral
neutral_672.jpg,/kaggle/input/musait/dataset/basket/neutral_672.jpg,1,"our army
wiki How","[{'x': 172, 'y': 62}, {'x': 454, 'y': 62}, {'x': 454, 'y': 341}, {'x': 172, 'y': 341}]",4:3,horizontal,158700,1:1,box,78678,0.495765595463138,neutral
neutral_673.jpg,/kaggle/input/musait/dataset/basket/neutral_673.jpg,1,"T
Grammar
Coach™
Spelling help
✓ Grammar check
✔ Synonym suggestions
✓ And more
Write Smarter With
Grammar Coach!
Sign Up Now","[{'x': 96, 'y': 27}, {'x': 604, 'y': 27}, {'x': 604, 'y': 331}, {'x': 96, 'y': 331}]",16:9,horizontal,263424,Other,other,154432,0.5862487852283771,neutral
neutral_674.jpg,/kaggle/input/musait/dataset/basket/neutral_674.jpg,1,"AUDIENCE
ANALYSIS
? QuestionPro","[{'x': 580, 'y': 179}, {'x': 939, 'y': 179}, {'x': 939, 'y': 477}, {'x': 580, 'y': 477}]",Other,other,589248,4:3,horizontal,106982,0.1815568317584446,neutral
neutral_675.jpg,/kaggle/input/musait/dataset/basket/neutral_675.jpg,1,"freepi
freepik
freepik
freepik
freepik
BRAND
EXTRA
WHITENING
14 DAYS
eepik
free
epik
designed by freepik
ik
BRAND
TOOTHPASTE
MINT TOOTHPASTE
Lorem ipsum dolor sit amet,
consectetuer adipiscing elit,
sed diam nonummy nibh
euismod tincidunt ut laoreet
freepik
IT'S ALL
BRIGHT
freep
freepi
freepik
reepik","[{'x': 18, 'y': 0}, {'x': 1999, 'y': 0}, {'x': 1999, 'y': 1999}, {'x': 18, 'y': 1999}]",1:1,box,4000000,1:1,box,3960019,0.99000475,neutral
neutral_676.jpg,/kaggle/input/musait/dataset/basket/neutral_676.jpg,1,"Curiously
Interesting
Facts","[{'x': 30, 'y': 312}, {'x': 573, 'y': 312}, {'x': 573, 'y': 583}, {'x': 30, 'y': 583}]",4:3,horizontal,1074000,16:9,horizontal,147153,0.1370139664804469,neutral
neutral_677.jpg,/kaggle/input/musait/dataset/basket/neutral_677.jpg,1,"How
often do
you lose
power?
CROSSROAD
ELECTRIC","[{'x': 126, 'y': 8}, {'x': 195, 'y': 8}, {'x': 195, 'y': 234}, {'x': 126, 'y': 234}]",3:4,vertical,50451,2:5,vertical,15594,0.3090919902479633,neutral
neutral_678.jpg,/kaggle/input/musait/dataset/basket/neutral_678.jpg,1,"Did You Know?
A spark of static electricity
can measure up to 3,000
volts.
Quail
ELECTRONICS","[{'x': 17, 'y': 19}, {'x': 580, 'y': 19}, {'x': 580, 'y': 318}, {'x': 17, 'y': 318}]",16:9,horizontal,217095,16:9,horizontal,168337,0.7754070798498354,neutral
neutral_679.jpg,/kaggle/input/musait/dataset/basket/neutral_679.jpg,1,"World
TELEVISION DAY
2019
A brief history of
televisions
Supawa
INDIATV
indiatvnews.com","[{'x': 22, 'y': 16}, {'x': 713, 'y': 16}, {'x': 713, 'y': 301}, {'x': 22, 'y': 301}]",16:9,horizontal,299300,21:9,horizontal,196935,0.6579852990310725,neutral
neutral_680.jpg,/kaggle/input/musait/dataset/basket/neutral_680.jpg,1,"YOU NEED TO KNOW
tionship between
ensitivity & Modern
Scaler
PT3","[{'x': 0, 'y': 262}, {'x': 950, 'y': 262}, {'x': 950, 'y': 625}, {'x': 0, 'y': 625}]",4:3,horizontal,1080000,Other,other,344850,0.3193055555555555,neutral
neutral_681.jpg,/kaggle/input/musait/dataset/basket/neutral_681.jpg,1,"D
PICCOLO
EXPLORER
BOOKS
50 FACTS
ABOUT
ELECTRONICS
Know the facts, then try out
your knowledge on the
Games and Puzzles!","[{'x': 17, 'y': 0}, {'x': 365, 'y': 0}, {'x': 365, 'y': 475}, {'x': 17, 'y': 475}]",3:4,vertical,174216,3:4,vertical,165300,0.9488221518115444,neutral
neutral_682.jpg,/kaggle/input/musait/dataset/basket/neutral_682.jpg,1,"Electronic Signature
Myths
& Facts
me","[{'x': 37, 'y': 42}, {'x': 565, 'y': 42}, {'x': 565, 'y': 251}, {'x': 37, 'y': 251}]",21:9,horizontal,298800,Other,other,110352,0.3693172690763052,neutral
neutral_683.jpg,/kaggle/input/musait/dataset/basket/neutral_683.jpg,1,"Squeaky Clean Services
Squeaky Clean Services
Specialises in:
- Interior and Exterior Windows -
- Commercial Building Cleaning -
- Mirror Clean & Polishing -
CLEAN
* Up
For More Info Contact:
skyhigh@clean.com
0800 982 7832","[{'x': 15, 'y': 79}, {'x': 476, 'y': 79}, {'x': 476, 'y': 475}, {'x': 15, 'y': 475}]",1:1,box,250000,5:4,horizontal,182556,0.730224,neutral
neutral_684.jpg,/kaggle/input/musait/dataset/basket/neutral_684.jpg,1,"4G
airtel
SWITCH TO
INDIA'S WIDEST
4G NETWORK
airtel.in/4G
NEAR UMAIM LAKE","[{'x': 257, 'y': 26}, {'x': 638, 'y': 26}, {'x': 638, 'y': 341}, {'x': 257, 'y': 341}]",16:9,horizontal,231680,4:3,horizontal,120015,0.5180205455801105,neutral
neutral_685.jpg,/kaggle/input/musait/dataset/basket/neutral_685.jpg,1,"ALMOST
10%
•
OF THE
PEOPLE
IN FRANCE AGED 18 TO 65 YEARS OLD
will regrettably
keep on thinking that
this is an ad for a new
•
COMPUTER
HELP US MAKE ILLITERACY THE NATIONAL CAUSE OF 2013
Sign the petition of the National Agency for the Fight Against Illiteracy in France on illettrisme2013.fr","[{'x': 143, 'y': 93}, {'x': 974, 'y': 93}, {'x': 974, 'y': 719}, {'x': 143, 'y': 719}]",4:3,horizontal,786432,4:3,horizontal,520206,0.6614761352539062,neutral
neutral_686.jpg,/kaggle/input/musait/dataset/basket/neutral_686.jpg,1,"WINNER 3 YEARS IN A ROW!
SHOPPERS BEST PLACE TO BUY
CHOKE
2006 ONLINE
SOFTWARE
PERIPHERALS
-CORE COMPONENTS
Endless Selection
Discover Newegg.com - Your Notebook Headquarters
Toshiba Satellite
A305-$6844 Notebook
Intel Core 2 Duo T8100 (2.10GHz)
15.4"" Wide XGA-34-114-459
Lenovo IdeaPad U110
Notebook
11.1"" display with frameless
screen
lenovo
TOSHIBA
Sony VAIO TZ Series
VGN-TZ298N/X Notebook
Intel Core 2 Duo U7700 (1.33GHz)
11.1"" Wide XGA 2GB-34-117-636
HP dv9830us Notebook
Intel Core 2 Duo T5550 (1.83GHz)
17.0"" Wide XGA+ -34-147-654
WE
HAVE
WHAT
YOU NEED
PRICE • SERVICE • SELECTION
NO PAYMENTS FOR 6 MONTHS with your Newegg.com Preferred Account
See website for more information. Promotion ends 07/31/08
newegg.com
ONCE YOU KNOW, YOU NEWEGG.""
€2000-2008 Newegg Inc. All rights reserved. Pricing and Availability Prices good from 05/13/08 to 07/13/08 or while supplies last, Prices, availability and terms of offers may change without notice. Taxes and shipping charges, if applicable, are not shown
Newegg is not responsible for pricing or other errors and reserves the right to cancel orders arising from such errors. All items sold as retail unless otherwise noted OEM products may be sold without packaging documentation or other articles. ""See
Newegg.com website for more information on promotion end dates for the Newegg.com Preferred Account","[{'x': 21, 'y': 22}, {'x': 675, 'y': 22}, {'x': 675, 'y': 899}, {'x': 21, 'y': 899}]",3:4,vertical,643300,3:4,vertical,573558,0.8915871288667807,neutral
neutral_687.jpg,/kaggle/input/musait/dataset/basket/neutral_687.jpg,1,"PRODUCT
LAPTOP
MOCKUP
Lorem ipsum dolor sit amet, consectetur adipiscing elit.
Cras laoreet, magna non egestas posuere,
dui turpis egestas odio, vel varius odio felis ut leo.
Donec eget molestie nisi. Etiam varius tristique lectus.
Praesent et pellentesque lacus.
Quisque et fermentum eros, at consectetur neque.
Curabitur venenatis feugiat rhoncus. Praesent quis venenatis ex.
Etiam quis malesuada magna.
dreamstime.
Lorem ipsum dolor sit amet, consectetur adipiscing elit, sed do eiusmod tempor incididunt ut labore et dolore magna aliqua. Ut enim ad minim veniam, quis nostrud exercitation
ullamco laboris nisi ut aliquip ex ea commodo consequat. Duis aute irure dolor in reprehenderit in voluptate velit esse cillum dolore eu fugiat nulla pariatur.
Excepteur sint occaecat cupidatat non proident, sunt in culpa qui officia deserunt mollit anim id est laborum.","[{'x': 75, 'y': 71}, {'x': 724, 'y': 71}, {'x': 724, 'y': 468}, {'x': 75, 'y': 468}]",Other,other,384000,3:2,horizontal,257653,0.6709713541666666,neutral
neutral_688.jpg,/kaggle/input/musait/dataset/basket/neutral_688.jpg,1,"Netflix launched a streaming media service,
introducing video on demand via the Internet
in Jan 2007.
E","[{'x': 56, 'y': 37}, {'x': 702, 'y': 37}, {'x': 702, 'y': 352}, {'x': 56, 'y': 352}]",16:9,horizontal,322500,2:1,horizontal,203490,0.6309767441860465,neutral
neutral_689.jpg,/kaggle/input/musait/dataset/basket/neutral_689.jpg,1,"DONT MISS OUT
MEGA SALE
Gaming Laptop
AXUS P50-X69
50%
OFF
USE CODE: SALE50
AT CHECKOUT
BUY NOW
M
MARCELI STUDIO","[{'x': 199, 'y': 35}, {'x': 653, 'y': 35}, {'x': 653, 'y': 648}, {'x': 199, 'y': 648}]",1:1,box,476100,3:4,vertical,278302,0.584545263600084,neutral
neutral_690.jpg,/kaggle/input/musait/dataset/basket/neutral_690.jpg,1,"Interpretation Facts:
5 Things Everyone
Needs to Know","[{'x': 79, 'y': 59}, {'x': 216, 'y': 59}, {'x': 216, 'y': 106}, {'x': 79, 'y': 106}]",16:9,horizontal,50400,Other,other,6439,0.1277579365079365,neutral
neutral_691.jpg,/kaggle/input/musait/dataset/basket/neutral_691.jpg,1,"HP Official Store
hp WORLD
Own an HP Laptop starting
@2199.00 per month
www
EXTRA
5% CASHBACK
SBI Card
Make e simple
Original Product
hp
FREE
100% Free
Shipping
intel.
CORE
Warranty Guarantee","[{'x': 21, 'y': 30}, {'x': 1033, 'y': 30}, {'x': 1033, 'y': 1061}, {'x': 21, 'y': 1061}]",1:1,box,1166400,1:1,box,1043372,0.8945233196159122,neutral
neutral_692.jpg,/kaggle/input/musait/dataset/basket/neutral_692.jpg,1,"OLD
LAPTOP
SALE
ASUS
hp Lenovo
Used Laptop Sale
at affordable price
9873247325
WE SALE IN :-
• Delhi,
www.oldlaptopsale.com • Noida
.Ghaziabad
.Gurugram
• Faridabad
• Greater Noida","[{'x': 33, 'y': 9}, {'x': 471, 'y': 9}, {'x': 471, 'y': 262}, {'x': 33, 'y': 262}]",1:1,box,230400,Other,other,110814,0.4809635416666666,neutral
neutral_693.jpg,/kaggle/input/musait/dataset/basket/neutral_693.jpg,1,"freepik
freepik
freepik
pik
freepik
freepik
cyberg.
freepik
Poster
Cyber Monday
freepik
CYBER
MONDAY
SALE O
THIS
MONTH
freshik O
70%
OFF
Ut enim ad minim veniam,
quis nostrud exercitation
ullamco laboris nisi ut
Fredincio ex ea commodo
Use Code: XXXVLL70
free
freepik
freepik
f
jk
24
3 a
&
4
5
<-->
Q
W
E
T
Y
U
D
F
G
H
Z
V
N
M
☎
youraccount
K
xand
1
freepin
.
freepik
freepik
freep
freepik
freepi
freepik
freepik","[{'x': 0, 'y': 0}, {'x': 1999, 'y': 0}, {'x': 1999, 'y': 1999}, {'x': 0, 'y': 1999}]",1:1,box,4000000,1:1,box,3996001,0.99900025,neutral
neutral_694.jpg,/kaggle/input/musait/dataset/basket/neutral_694.jpg,1,"Logo
Buy A New Laptop
Or Exchange Your Old Laptop For New One
WIDE RANGE OF LAPTOPS
U
A
Y
x
N
M
P
O
-
A
9
Best Quality Laptops","[{'x': 67, 'y': 35}, {'x': 1005, 'y': 35}, {'x': 1005, 'y': 1064}, {'x': 67, 'y': 1064}]",1:1,box,1166400,1:1,box,965202,0.8275051440329219,neutral
neutral_695.jpg,/kaggle/input/musait/dataset/basket/neutral_695.jpg,1,"FLASH
SALE
Laptops
starting at
$149
Get Offer
FREE SHIPPING &
ACCESSORIES","[{'x': 16, 'y': 22}, {'x': 261, 'y': 22}, {'x': 261, 'y': 229}, {'x': 16, 'y': 229}]",4:3,horizontal,75000,4:3,horizontal,50715,0.6762,neutral
neutral_696.jpg,/kaggle/input/musait/dataset/basket/neutral_696.jpg,1,"Compatible
with Illustrator
Laptop
Mockup
• High Quality
⚫ 100% Vector | EPS10
⚫ Realistic Design
dreamstime","[{'x': 61, 'y': 68}, {'x': 380, 'y': 68}, {'x': 380, 'y': 468}, {'x': 61, 'y': 468}]",2:3,vertical,455400,3:4,vertical,127600,0.2801932367149758,neutral
neutral_697.jpg,/kaggle/input/musait/dataset/basket/neutral_697.jpg,1,"5 WAYS
ADVERTISEMENTS
Help You Connect To A Product","[{'x': 94, 'y': 48}, {'x': 241, 'y': 48}, {'x': 241, 'y': 98}, {'x': 94, 'y': 98}]",21:9,horizontal,50250,Other,other,7350,0.1462686567164179,neutral
neutral_698.jpg,/kaggle/input/musait/dataset/basket/neutral_698.jpg,1,Interesting E-Waste Facts,"[{'x': 112, 'y': 11}, {'x': 449, 'y': 11}, {'x': 449, 'y': 39}, {'x': 112, 'y': 39}]",16:9,horizontal,163520,Other,other,9436,0.0577054794520547,neutral
neutral_699.jpg,/kaggle/input/musait/dataset/basket/neutral_699.jpg,1,"Which electronics should you unplug
when not in use?
Laptops and computers
TVs and gaming systems
Small kitchen appliances
Phone chargers
Lamps/lighting fixtures
Constellation.
An Exelon Company","[{'x': 145, 'y': 118}, {'x': 1433, 'y': 118}, {'x': 1433, 'y': 867}, {'x': 145, 'y': 867}]",3:2,horizontal,1388425,Other,other,964712,0.6948247114536256,neutral
neutral_700.jpg,/kaggle/input/musait/dataset/basket/neutral_700.jpg,1,"WELCOME
This is a sample text that you can edit. You can change
font (size, color, name), or apply any desired formatting.","[{'x': 306, 'y': 177}, {'x': 671, 'y': 177}, {'x': 671, 'y': 295}, {'x': 306, 'y': 295}]",4:3,horizontal,388800,Other,other,43070,0.1107767489711934,neutral
neutral_701.jpg,/kaggle/input/musait/dataset/basket/neutral_701.jpg,1,"CC BEST COURSES
Microsoft
PowerPoint
CC class central
B
☆
000
888
888
P","[{'x': 38, 'y': 14}, {'x': 909, 'y': 14}, {'x': 909, 'y': 479}, {'x': 38, 'y': 479}]",16:9,horizontal,524288,16:9,horizontal,405015,0.7725048065185547,neutral
neutral_702.jpg,/kaggle/input/musait/dataset/basket/neutral_702.jpg,1,"20 Best
PowerPoint PPT
Templates
nulivo market
Project Management Dashboard
263 days
Boston
Pet Bdget
OUR VISION
KU
Your Tor
$500
$250
00
Financial Overview
Ton The Of Your Great
Total Assets
BILLION
Loans
BILLION
Deposits
BILLION
$100
$700
$150
Net income
BILLION
Revenue
BILLION
Total Taxes paid
BILLION
Do
mentation And
drag
ריח
LIJ
Your That He
simply audit prut train
MARKETING PLAN
MEDICAL TE
BUSINESS P
PRETED AND PRESENTED AN
Risk Management
Type The Sue of your rest Hece
Pak Migson
wwwww
Dream - E","[{'x': 81, 'y': 55}, {'x': 1199, 'y': 55}, {'x': 1199, 'y': 799}, {'x': 81, 'y': 799}]",3:2,horizontal,960000,3:2,horizontal,831792,0.86645,neutral
neutral_703.jpg,/kaggle/input/musait/dataset/basket/neutral_703.jpg,1,"sidesmania.com
Here goes your
presentation title.
And here your subtitle.","[{'x': 11, 'y': 192}, {'x': 531, 'y': 192}, {'x': 531, 'y': 425}, {'x': 11, 'y': 425}]",3:2,horizontal,345600,21:9,horizontal,121160,0.3505787037037037,neutral
neutral_704.jpg,/kaggle/input/musait/dataset/basket/neutral_704.jpg,1,"LOGO
Free PPT templates
Insert the Subtitle of Your Presentation
https://www.pptxtemplates.com","[{'x': 139, 'y': 48}, {'x': 965, 'y': 48}, {'x': 965, 'y': 718}, {'x': 139, 'y': 718}]",16:9,horizontal,921600,4:3,horizontal,553420,0.6004991319444445,neutral
neutral_705.jpg,/kaggle/input/musait/dataset/basket/neutral_705.jpg,1,"FREE ICONS FOR
POWERPOINT
8-8
iconpacks.net
[PPT]","[{'x': 39, 'y': 14}, {'x': 255, 'y': 14}, {'x': 255, 'y': 162}, {'x': 39, 'y': 162}]",Other,other,50274,4:3,horizontal,31968,0.635875402792696,neutral
neutral_706.jpg,/kaggle/input/musait/dataset/basket/neutral_706.jpg,1,"Logistics
Solution
Provider
Management
Consultant
Corporate
Executives
Medical
Professionals
Industrial
Manufacturers
Creative
Groups","[{'x': 15, 'y': 38}, {'x': 353, 'y': 38}, {'x': 353, 'y': 310}, {'x': 15, 'y': 310}]",1:1,box,126960,4:3,horizontal,91936,0.7241335853812224,neutral
neutral_707.jpg,/kaggle/input/musait/dataset/basket/neutral_707.jpg,1,"POWERPOINT
TEMPLATE
We would like to offer you a stylish and reasonable
presentation that will help you to promote your business
Slide Members","[{'x': 454, 'y': 259}, {'x': 887, 'y': 259}, {'x': 887, 'y': 679}, {'x': 454, 'y': 679}]",16:9,horizontal,921600,1:1,box,181860,0.1973307291666666,neutral
neutral_708.jpg,/kaggle/input/musait/dataset/basket/neutral_708.jpg,1,"口飲
PowerPoint Presentation
Premium Quality Presentations will be
delivered in time
Ppt and Pdf format","[{'x': 22, 'y': 152}, {'x': 644, 'y': 152}, {'x': 644, 'y': 620}, {'x': 22, 'y': 620}]",1:1,box,462400,4:3,horizontal,291096,0.6295328719723183,neutral
neutral_709.jpg,/kaggle/input/musait/dataset/basket/neutral_709.jpg,1,"PowerPoint
for
Beginners
RAMGOPAL
Presentation-Process.com
P","[{'x': 47, 'y': 170}, {'x': 910, 'y': 170}, {'x': 910, 'y': 686}, {'x': 47, 'y': 686}]",16:9,horizontal,921600,Other,other,445308,0.4831901041666667,neutral
neutral_710.jpg,/kaggle/input/musait/dataset/basket/neutral_710.jpg,1,"GSA
Office of Government-wide Policy
Creating PowerPoint
Templates","[{'x': 83, 'y': 63}, {'x': 1549, 'y': 63}, {'x': 1549, 'y': 632}, {'x': 83, 'y': 632}]",4:3,horizontal,1760000,Other,other,834154,0.4739511363636363,neutral
neutral_711.jpg,/kaggle/input/musait/dataset/basket/neutral_711.jpg,1,"FREE PPT TEMPLATES
Insert the Subtitle of Your Presentation
Report: freeppt7.com Mentor Professor***
Time: 20XX","[{'x': 115, 'y': 150}, {'x': 528, 'y': 150}, {'x': 528, 'y': 267}, {'x': 115, 'y': 267}]",16:9,horizontal,230400,Other,other,48321,0.2097265625,neutral
neutral_712.jpg,/kaggle/input/musait/dataset/basket/neutral_712.jpg,1,"Dumbbell
only 1 person
could lift","[{'x': 481, 'y': 0}, {'x': 713, 'y': 0}, {'x': 713, 'y': 109}, {'x': 481, 'y': 109}]",16:9,horizontal,290880,2:1,horizontal,25288,0.0869361936193619,neutral
neutral_713.jpg,/kaggle/input/musait/dataset/basket/neutral_713.jpg,1,"PPT
PPT SUBMISSION
SITES LIST","[{'x': 41, 'y': 344}, {'x': 1598, 'y': 344}, {'x': 1598, 'y': 707}, {'x': 41, 'y': 707}]",Other,other,1545600,Other,other,565191,0.3656774068322981,neutral
neutral_714.jpg,/kaggle/input/musait/dataset/basket/neutral_714.jpg,1,"NSS
LAPTOP SERVICE CENTER
Stat
HOW TO SHARE PPT FROM
LAPTOP TO MOBILE PHONE?
4
Onsslaptopservicecenter","[{'x': 10, 'y': 26}, {'x': 988, 'y': 26}, {'x': 988, 'y': 487}, {'x': 10, 'y': 487}]",16:9,horizontal,500000,2:1,horizontal,450858,0.901716,neutral
neutral_715.jpg,/kaggle/input/musait/dataset/basket/neutral_715.jpg,1,"IMPORT
itation...
POWERPOINT
SLIDES
00:00
00:00
0:00:10:00
01-Presentation 7","[{'x': 40, 'y': 30}, {'x': 1218, 'y': 30}, {'x': 1218, 'y': 631}, {'x': 40, 'y': 631}]",16:9,horizontal,921600,16:9,horizontal,707978,0.7682052951388889,neutral
neutral_716.jpg,/kaggle/input/musait/dataset/basket/neutral_716.jpg,1,"How to
Make PPT
in Mobile
PPT
CASHIFY","[{'x': 58, 'y': 172}, {'x': 929, 'y': 172}, {'x': 929, 'y': 568}, {'x': 58, 'y': 568}]",16:9,horizontal,720000,21:9,horizontal,344916,0.47905,neutral
neutral_717.jpg,/kaggle/input/musait/dataset/basket/neutral_717.jpg,1,"+ SHAPES
El.
Elanguages
circle
triangle
rectangle
oval
heart
square
pentagon
hexagon
heptagon
octagon parallelogram right triangle
+
star
drop
cross
cube
cone
cylinder","[{'x': 40, 'y': 25}, {'x': 1252, 'y': 25}, {'x': 1252, 'y': 699}, {'x': 40, 'y': 699}]",16:9,horizontal,921600,16:9,horizontal,816888,0.8863802083333333,neutral
neutral_718.jpg,/kaggle/input/musait/dataset/basket/neutral_718.jpg,1,"SQUARE
CIRCLE
TRIANGLE
OVAL
RECTANGLE
HEART","[{'x': 92, 'y': 204}, {'x': 609, 'y': 204}, {'x': 609, 'y': 424}, {'x': 92, 'y': 424}]",3:2,horizontal,326200,21:9,horizontal,113740,0.3486817903126916,neutral
neutral_719.jpg,/kaggle/input/musait/dataset/basket/neutral_719.jpg,1,"Only My
English.com
Grammar
Shapes Name
Circle
Triangle Square
are Rectangle
Right Angle
Rombus
Star
Heart
Hexagon
Cube","[{'x': 15, 'y': 0}, {'x': 827, 'y': 0}, {'x': 827, 'y': 445}, {'x': 15, 'y': 445}]",Other,other,416500,16:9,horizontal,361340,0.867563025210084,neutral
neutral_720.jpg,/kaggle/input/musait/dataset/basket/neutral_720.jpg,1,"W
HEADLINE
COMPANY
Header
TO WHOM IT MAY CONCERN
www.yourwebsite.com
098-123-3456
enail@nyemail.com
1 Your Street
A Town Somewhere
County or District
State
Zip/Postcode
Video provides a powerful way to help you prove your point. When you click Online Video,
you can paste in the embed code for the video you want to add. You can also type a
keyword to search online for the video that best fits your document.
To make your document look professionally produced, Word provides header, footer, cover
page and text box designs that complement each other. For example, you can add a
matching cover page, header and sidebar. Click Insert, then choose the elements you want
from the different galleries.
Themes and styles also help to keep your document coordinated. When you click Design
and choose a new Theme, the pictures, charts and SmartArt graphics change to match your
new theme. When you apply styles, your headings change to match the new theme.
Cause nime in Word with now hittees that shoe on where ins and them. In chenne she was
HEADLINE
COMPANY
LETTERHEAD
DESIGN
IN HEADERS
& FOOTERS","[{'x': 32, 'y': 83}, {'x': 1207, 'y': 83}, {'x': 1207, 'y': 642}, {'x': 32, 'y': 642}]",16:9,horizontal,921600,2:1,horizontal,656825,0.7127007378472222,neutral
neutral_721.jpg,/kaggle/input/musait/dataset/basket/neutral_721.jpg,1,"dreamstime.
GRAPE","[{'x': 174, 'y': 385}, {'x': 687, 'y': 385}, {'x': 687, 'y': 704}, {'x': 174, 'y': 704}]",1:1,box,640000,3:2,horizontal,163647,0.2556984375,neutral
neutral_722.jpg,/kaggle/input/musait/dataset/basket/neutral_722.jpg,1,AVOCADO,"[{'x': 58, 'y': 516}, {'x': 731, 'y': 516}, {'x': 731, 'y': 665}, {'x': 58, 'y': 665}]",1:1,box,640000,Other,other,100277,0.1566828125,neutral
neutral_723.jpg,/kaggle/input/musait/dataset/basket/neutral_723.jpg,1,"Shawn Garcia
Graphic Designer","[{'x': 419, 'y': 389}, {'x': 1178, 'y': 389}, {'x': 1178, 'y': 573}, {'x': 419, 'y': 573}]",Other,other,1505600,Other,other,139656,0.0927577045696068,neutral
neutral_724.jpg,/kaggle/input/musait/dataset/basket/neutral_724.jpg,1,"Blockchain
Simply explained -","[{'x': 369, 'y': 402}, {'x': 983, 'y': 402}, {'x': 983, 'y': 626}, {'x': 369, 'y': 626}]",16:9,horizontal,921600,Other,other,137536,0.1492361111111111,neutral
neutral_725.jpg,/kaggle/input/musait/dataset/basket/neutral_725.jpg,1,1000 HOURS LATER...,"[{'x': 4, 'y': 4}, {'x': 382, 'y': 4}, {'x': 382, 'y': 57}, {'x': 4, 'y': 57}]",16:9,horizontal,290880,Other,other,20034,0.0688737623762376,neutral
neutral_726.jpg,/kaggle/input/musait/dataset/basket/neutral_726.jpg,1,"KEY & PEELE
ht O","[{'x': 171, 'y': 37}, {'x': 719, 'y': 37}, {'x': 719, 'y': 373}, {'x': 171, 'y': 373}]",16:9,horizontal,290880,3:2,horizontal,184128,0.633003300330033,neutral
neutral_727.jpg,/kaggle/input/musait/dataset/basket/neutral_727.jpg,1,The Spartan Training System,"[{'x': 16, 'y': 17}, {'x': 701, 'y': 17}, {'x': 701, 'y': 65}, {'x': 16, 'y': 65}]",16:9,horizontal,290880,Other,other,32880,0.113036303630363,neutral
neutral_728.jpg,/kaggle/input/musait/dataset/basket/neutral_728.jpg,1,"<OULD
YOU
RESIST
THE RING?
TEDED","[{'x': 34, 'y': 39}, {'x': 702, 'y': 39}, {'x': 702, 'y': 362}, {'x': 34, 'y': 362}]",16:9,horizontal,290880,2:1,horizontal,215764,0.7417629262926293,neutral
neutral_729.jpg,/kaggle/input/musait/dataset/basket/neutral_729.jpg,1,"FREUD
FACTS
DE","[{'x': 184, 'y': 18}, {'x': 424, 'y': 18}, {'x': 424, 'y': 269}, {'x': 184, 'y': 269}]",16:9,horizontal,129600,1:1,box,60240,0.4648148148148148,neutral
neutral_730.jpg,/kaggle/input/musait/dataset/basket/neutral_730.jpg,1,"BLOW
YOUR
MIND","[{'x': 38, 'y': 60}, {'x': 324, 'y': 60}, {'x': 324, 'y': 347}, {'x': 38, 'y': 347}]",16:9,horizontal,290880,1:1,box,82082,0.2821850935093509,neutral
neutral_731.jpg,/kaggle/input/musait/dataset/basket/neutral_731.jpg,1,"CIVILIZATION
IN ANTARCTICA?","[{'x': 31, 'y': 267}, {'x': 361, 'y': 267}, {'x': 361, 'y': 372}, {'x': 31, 'y': 372}]",16:9,horizontal,290880,Other,other,34650,0.1191212871287128,neutral
neutral_732.jpg,/kaggle/input/musait/dataset/basket/neutral_732.jpg,1,"1 MINUTE
10 MINUTES
2 MINUTES
5 MINUTES
W","[{'x': 24, 'y': 28}, {'x': 293, 'y': 28}, {'x': 293, 'y': 126}, {'x': 24, 'y': 126}]",16:9,horizontal,57600,Other,other,26362,0.4576736111111111,neutral
neutral_733.jpg,/kaggle/input/musait/dataset/basket/neutral_733.jpg,1,1 LITER,"[{'x': 205, 'y': 129}, {'x': 242, 'y': 129}, {'x': 242, 'y': 142}, {'x': 205, 'y': 142}]",16:9,horizontal,57600,Other,other,481,0.0083506944444444,neutral
neutral_734.jpg,/kaggle/input/musait/dataset/basket/neutral_734.jpg,1,"SATURATED
AND TRANS
FATS","[{'x': 4, 'y': 2}, {'x': 200, 'y': 2}, {'x': 200, 'y': 104}, {'x': 4, 'y': 104}]",16:9,horizontal,57600,16:9,horizontal,19992,0.3470833333333333,neutral
neutral_735.jpg,/kaggle/input/musait/dataset/basket/neutral_735.jpg,1,"SAFE
DON'T EAT!","[{'x': 102, 'y': 12}, {'x': 710, 'y': 12}, {'x': 710, 'y': 56}, {'x': 102, 'y': 56}]",16:9,horizontal,290880,Other,other,26752,0.0919691969196919,neutral
neutral_736.jpg,/kaggle/input/musait/dataset/basket/neutral_736.jpg,1,"BACKROOMS
100+ Levels","[{'x': 12, 'y': 13}, {'x': 437, 'y': 13}, {'x': 437, 'y': 393}, {'x': 12, 'y': 393}]",16:9,horizontal,290880,1:1,box,161500,0.5552117711771177,neutral
neutral_737.jpg,/kaggle/input/musait/dataset/basket/neutral_737.jpg,1,"TOP 5
INEXPLICABLE
MYSTERIES
HISTORY","[{'x': 6, 'y': 13}, {'x': 414, 'y': 13}, {'x': 414, 'y': 380}, {'x': 6, 'y': 380}]",16:9,horizontal,290880,1:1,box,149736,0.5147689768976897,neutral
neutral_738.jpg,/kaggle/input/musait/dataset/basket/neutral_738.jpg,1,"2018
Lay's
India's Magic
Masala
20
2023
lays
India's Magic Masala
airtel 2GB FREE DATA","[{'x': 109, 'y': 8}, {'x': 636, 'y': 8}, {'x': 636, 'y': 305}, {'x': 109, 'y': 305}]",16:9,horizontal,290880,16:9,horizontal,156519,0.5380878712871288,neutral
neutral_739.jpg,/kaggle/input/musait/dataset/basket/neutral_739.jpg,1,"Which wand should you choose?
What strategy should you employ to have
the greatest chance of winning the duel?","[{'x': 46, 'y': 13}, {'x': 274, 'y': 13}, {'x': 274, 'y': 171}, {'x': 46, 'y': 171}]",16:9,horizontal,57600,4:3,horizontal,36024,0.6254166666666666,neutral
neutral_740.jpg,/kaggle/input/musait/dataset/basket/neutral_740.jpg,1,"PAUSE THE VIDEO
ON THE FOLLOWING SCREEN
TO EXAMINE YOUR CLUES
AND SOLVE THE RIDDLE","[{'x': 63, 'y': 42}, {'x': 254, 'y': 42}, {'x': 254, 'y': 137}, {'x': 63, 'y': 137}]",16:9,horizontal,57600,16:9,horizontal,18145,0.3150173611111111,neutral
neutral_741.jpg,/kaggle/input/musait/dataset/basket/neutral_741.jpg,1,"OpenAI GPT-4
Function Calling
0237","[{'x': 314, 'y': 11}, {'x': 716, 'y': 11}, {'x': 716, 'y': 225}, {'x': 314, 'y': 225}]",16:9,horizontal,290880,16:9,horizontal,86028,0.2957508250825083,neutral
neutral_742.jpg,/kaggle/input/musait/dataset/basket/neutral_742.jpg,1,"W
HONEST
TRAILERS","[{'x': 417, 'y': 141}, {'x': 705, 'y': 141}, {'x': 705, 'y': 302}, {'x': 417, 'y': 302}]",16:9,horizontal,290880,16:9,horizontal,46368,0.1594059405940594,neutral
neutral_743.jpg,/kaggle/input/musait/dataset/basket/neutral_743.jpg,1,"PARADOX
RVPTO
THIS IS","[{'x': 13, 'y': 141}, {'x': 193, 'y': 141}, {'x': 193, 'y': 175}, {'x': 13, 'y': 175}]",16:9,horizontal,57600,Other,other,6120,0.10625,neutral
neutral_744.jpg,/kaggle/input/musait/dataset/basket/neutral_744.jpg,1,"DO YOU
HAVE IT?","[{'x': 198, 'y': 19}, {'x': 459, 'y': 19}, {'x': 459, 'y': 167}, {'x': 198, 'y': 167}]",16:9,horizontal,290880,16:9,horizontal,38628,0.1327970297029703,neutral
neutral_745.jpg,/kaggle/input/musait/dataset/basket/neutral_745.jpg,1,"CL
Magic
REPPER
10 SHTF
APARTMENT
PREPS","[{'x': 10, 'y': 15}, {'x': 453, 'y': 15}, {'x': 453, 'y': 387}, {'x': 10, 'y': 387}]",16:9,horizontal,290880,4:3,horizontal,164796,0.5665429042904291,neutral
neutral_746.jpg,/kaggle/input/musait/dataset/basket/neutral_746.jpg,1,"х
BEFORE
по
GX
4(4
775242
고
30%
MATHS
SECRET HACK!
13/2
+26312
AFTER
95%","[{'x': 1, 'y': 11}, {'x': 621, 'y': 11}, {'x': 621, 'y': 339}, {'x': 1, 'y': 339}]",16:9,horizontal,290880,16:9,horizontal,203360,0.6991199119911992,neutral
neutral_747.jpg,/kaggle/input/musait/dataset/basket/neutral_747.jpg,1,"BINARY, PERMUTATION
AND COMMUNICATION
MATRICES
Year 12 General Maths
PREVIEW VIDEO
maffsguru.com","[{'x': 149, 'y': 25}, {'x': 696, 'y': 25}, {'x': 696, 'y': 384}, {'x': 149, 'y': 384}]",16:9,horizontal,290880,3:2,horizontal,196373,0.675099697469747,neutral
neutral_748.jpg,/kaggle/input/musait/dataset/basket/neutral_748.jpg,1,NORWAY,"[{'x': 188, 'y': 168}, {'x': 531, 'y': 168}, {'x': 531, 'y': 212}, {'x': 188, 'y': 212}]",16:9,horizontal,290880,Other,other,15092,0.0518839383938393,neutral
neutral_749.jpg,/kaggle/input/musait/dataset/basket/neutral_749.jpg,1,"THE ENTIRE
HISTORY
of
SPIDER-MAN","[{'x': 343, 'y': 108}, {'x': 696, 'y': 108}, {'x': 696, 'y': 286}, {'x': 343, 'y': 286}]",16:9,horizontal,290880,16:9,horizontal,62834,0.2160134763476347,neutral
neutral_750.jpg,/kaggle/input/musait/dataset/basket/neutral_750.jpg,1,"THE
TAROT CARD
THE EMPEROR
THE LOVERS
STRENGTH
RIDDLE
JUSTICE
TEDED","[{'x': 75, 'y': 19}, {'x': 700, 'y': 19}, {'x': 700, 'y': 368}, {'x': 75, 'y': 368}]",16:9,horizontal,290880,16:9,horizontal,218125,0.7498796754675467,neutral
neutral_751.jpg,/kaggle/input/musait/dataset/basket/neutral_751.jpg,1,"WHY
TEDED
DO WE
DREAM?","[{'x': 424, 'y': 41}, {'x': 700, 'y': 41}, {'x': 700, 'y': 360}, {'x': 424, 'y': 360}]",16:9,horizontal,290880,1:1,box,88044,0.3026815181518151,neutral
neutral_752.jpg,/kaggle/input/musait/dataset/basket/neutral_752.jpg,1,"CAN YOU
SOLVE THE
PRISONER
BOX
RIDDLE?
TEDED","[{'x': 14, 'y': 7}, {'x': 327, 'y': 7}, {'x': 327, 'y': 183}, {'x': 14, 'y': 183}]",16:9,horizontal,63168,16:9,horizontal,55088,0.8720871327254306,neutral
neutral_753.jpg,/kaggle/input/musait/dataset/basket/neutral_753.jpg,1,"QUESTIONS
NO ONE KNOWS
THE ANSWERS TO
BUSINESS 2-0
TEDED","[{'x': 478, 'y': 74}, {'x': 1247, 'y': 74}, {'x': 1247, 'y': 482}, {'x': 478, 'y': 482}]",16:9,horizontal,921600,16:9,horizontal,313752,0.3404427083333333,neutral
neutral_754.jpg,/kaggle/input/musait/dataset/basket/neutral_754.jpg,1,"wwwwwwwww
TEDED
CAN YOU SOLVE THE HAT RIDDLE?","[{'x': 137, 'y': 22}, {'x': 1246, 'y': 22}, {'x': 1246, 'y': 515}, {'x': 137, 'y': 515}]",16:9,horizontal,921600,21:9,horizontal,546737,0.5932476128472223,neutral
neutral_755.jpg,/kaggle/input/musait/dataset/basket/neutral_755.jpg,1,"H
THE
H
I
NFINITE
H
WELCOME TO
THE
TEDEd
INFINITE
HOTEL","[{'x': 84, 'y': 66}, {'x': 1246, 'y': 66}, {'x': 1246, 'y': 707}, {'x': 84, 'y': 707}]",16:9,horizontal,921600,16:9,horizontal,744842,0.8082052951388888,neutral
neutral_756.jpg,/kaggle/input/musait/dataset/basket/neutral_756.jpg,1,"FLOATERS
TEDED
IN YOUR EYE","[{'x': 75, 'y': 39}, {'x': 1247, 'y': 39}, {'x': 1247, 'y': 687}, {'x': 75, 'y': 687}]",16:9,horizontal,921600,16:9,horizontal,759456,0.8240625,neutral
neutral_757.jpg,/kaggle/input/musait/dataset/basket/neutral_757.jpg,1,"WHAT MAKES
TEDED
MUSCLES
GROW?","[{'x': 30, 'y': 26}, {'x': 1246, 'y': 26}, {'x': 1246, 'y': 420}, {'x': 30, 'y': 420}]",16:9,horizontal,921600,Other,other,479104,0.5198611111111111,neutral
neutral_758.jpg,/kaggle/input/musait/dataset/basket/neutral_758.jpg,1,"WHAT WOULD
HAPPEN IF YOU
DIDN'T DRINK WATER?
TEDED","[{'x': 49, 'y': 73}, {'x': 1245, 'y': 73}, {'x': 1245, 'y': 670}, {'x': 49, 'y': 670}]",16:9,horizontal,921600,16:9,horizontal,714012,0.7747526041666667,neutral
neutral_759.jpg,/kaggle/input/musait/dataset/basket/neutral_759.jpg,1,"HOW THE FOOD YOU EAT
AFFECTS YOUR BRAIN
TEDED
TED","[{'x': 215, 'y': 74}, {'x': 1248, 'y': 74}, {'x': 1248, 'y': 715}, {'x': 215, 'y': 715}]",16:9,horizontal,921600,3:2,horizontal,662153,0.7184819878472222,neutral
neutral_760.jpg,/kaggle/input/musait/dataset/basket/neutral_760.jpg,1,"TEDED
HOW BLOOD PRESSURE WORKS","[{'x': 35, 'y': 73}, {'x': 1246, 'y': 73}, {'x': 1246, 'y': 400}, {'x': 35, 'y': 400}]",16:9,horizontal,921600,Other,other,395997,0.4296842447916666,neutral
neutral_761.jpg,/kaggle/input/musait/dataset/basket/neutral_761.jpg,1,"How
ANESTHESIA
TEDED
WORKS","[{'x': 28, 'y': 17}, {'x': 1247, 'y': 17}, {'x': 1247, 'y': 404}, {'x': 28, 'y': 404}]",16:9,horizontal,921600,Other,other,471753,0.511884765625,neutral
neutral_762.jpg,/kaggle/input/musait/dataset/basket/neutral_762.jpg,1,C PERPETUAL-,"[{'x': 153, 'y': 13}, {'x': 240, 'y': 13}, {'x': 240, 'y': 49}, {'x': 153, 'y': 49}]",16:9,horizontal,57600,21:9,horizontal,3132,0.054375,neutral
neutral_763.jpg,/kaggle/input/musait/dataset/basket/neutral_763.jpg,1,"A BRIE(F) HISTORY OF
CHEESE
TEDED
تر
تر
Ü
沁
ن
ند","[{'x': 219, 'y': 51}, {'x': 1248, 'y': 51}, {'x': 1248, 'y': 642}, {'x': 219, 'y': 642}]",16:9,horizontal,921600,16:9,horizontal,608139,0.659873046875,neutral
neutral_764.jpg,/kaggle/input/musait/dataset/basket/neutral_764.jpg,1,"TEDED
CAN YOU SOLVE THIS
LOGIC PUZZLE?
E","[{'x': 183, 'y': 73}, {'x': 1247, 'y': 73}, {'x': 1247, 'y': 475}, {'x': 183, 'y': 475}]",16:9,horizontal,921600,Other,other,427728,0.4641145833333333,neutral
neutral_765.jpg,/kaggle/input/musait/dataset/basket/neutral_765.jpg,1,"TEDED
what is bipolar disorder?","[{'x': 119, 'y': 74}, {'x': 1247, 'y': 74}, {'x': 1247, 'y': 408}, {'x': 119, 'y': 408}]",16:9,horizontal,921600,Other,other,376752,0.4088020833333333,neutral
neutral_766.jpg,/kaggle/input/musait/dataset/basket/neutral_766.jpg,1,"The augu
(1) au
tes we can
כי
щенно преел еettant u
६४
au cours
et
profits
ence,
es méth
veau na
qu'il do
Thou
des
straté
uno de los cin
Murva York -
AKLAND Califor
onvo apen thonynghella's
a se mos somet se a un
ky teen
Droolden StaBank centa
Ja si te d Aure wo nartes pura John Hughes ""The I
- sisanal de la Corencia
u underst
lies dieron una gran tuack tratealas com
alipo q rei, cóman las a b
para imponerse durante les que quiere
to as a US mejor foja del
jo ju egular
buy 'uod
puna mara para proteger su ros
tainty that
ing when said he
ry before
seen any
hap
nd didn't know
""John H. Dur
attor
AES CONIJA, Y MAS QUIraned heck higher,
de estamen la época este cua
menos s así ocuro en San Pat
onde Sau 39-ñov y Verónica
la altura del ab
güero: ""te
más ha
nom, the Mets' p
g star, turned,
trying spot a bird. He ha
belt-high
que a maestr
Consumieron en varios
así que
TEDED
the benefits of
a
bilingual brain","[{'x': 146, 'y': 74}, {'x': 1247, 'y': 74}, {'x': 1247, 'y': 692}, {'x': 146, 'y': 692}]",16:9,horizontal,921600,16:9,horizontal,680418,0.73830078125,neutral
neutral_767.jpg,/kaggle/input/musait/dataset/basket/neutral_767.jpg,1,"THE
BIRTHDAY
CAKE
RIDDLE
TEDED","[{'x': 23, 'y': 39}, {'x': 702, 'y': 39}, {'x': 702, 'y': 346}, {'x': 23, 'y': 346}]",16:9,horizontal,290880,21:9,horizontal,208453,0.7166288503850385,neutral
neutral_768.jpg,/kaggle/input/musait/dataset/basket/neutral_768.jpg,1,WHICH FAMILY IS FAKE?,"[{'x': 8, 'y': 13}, {'x': 709, 'y': 13}, {'x': 709, 'y': 55}, {'x': 8, 'y': 55}]",16:9,horizontal,290880,Other,other,29442,0.1012169966996699,neutral
neutral_769.jpg,/kaggle/input/musait/dataset/basket/neutral_769.jpg,1,"Bounce Ball
Homemade Crazy Ball
CLINIC
PLUS+
STRONG&LONG
HEALTH SHAMPOO
MK PROTE
FEVI
GUM
lime","[{'x': 7, 'y': 23}, {'x': 683, 'y': 23}, {'x': 683, 'y': 300}, {'x': 7, 'y': 300}]",16:9,horizontal,290880,21:9,horizontal,187252,0.6437431243124312,neutral
neutral_770.jpg,/kaggle/input/musait/dataset/basket/neutral_770.jpg,1,"AMERICAN
N HOME
FARMHOUSE DIYS
is better
ON
THE FARM
FARM
SWEET
FARM","[{'x': 34, 'y': 0}, {'x': 682, 'y': 0}, {'x': 682, 'y': 363}, {'x': 34, 'y': 363}]",16:9,horizontal,290880,16:9,horizontal,235224,0.8086633663366337,neutral
neutral_771.jpg,/kaggle/input/musait/dataset/basket/neutral_771.jpg,1,"the art of the
SIDE
HUSTLE","[{'x': 49, 'y': 91}, {'x': 353, 'y': 91}, {'x': 353, 'y': 293}, {'x': 49, 'y': 293}]",16:9,horizontal,290880,3:2,horizontal,61408,0.2111111111111111,neutral
neutral_772.jpg,/kaggle/input/musait/dataset/basket/neutral_772.jpg,1,"DURALOCK
о
DURACELL","[{'x': 462, 'y': 81}, {'x': 659, 'y': 81}, {'x': 659, 'y': 270}, {'x': 462, 'y': 270}]",16:9,horizontal,290880,1:1,box,37233,0.1280012376237623,neutral
neutral_773.jpg,/kaggle/input/musait/dataset/basket/neutral_773.jpg,1,"FROM THIS TO THIS
GLOWING
EYES","[{'x': 9, 'y': 8}, {'x': 460, 'y': 8}, {'x': 460, 'y': 349}, {'x': 9, 'y': 349}]",16:9,horizontal,290880,4:3,horizontal,153791,0.5287094334433443,neutral
neutral_774.jpg,/kaggle/input/musait/dataset/basket/neutral_774.jpg,1,"Potato Spiral
Cutter","[{'x': 392, 'y': 24}, {'x': 687, 'y': 24}, {'x': 687, 'y': 116}, {'x': 392, 'y': 116}]",16:9,horizontal,290880,Other,other,27140,0.0933030803080308,neutral
neutral_775.jpg,/kaggle/input/musait/dataset/basket/neutral_775.jpg,1,"How I Bind
a Text Block","[{'x': 28, 'y': 260}, {'x': 362, 'y': 260}, {'x': 362, 'y': 374}, {'x': 28, 'y': 374}]",16:9,horizontal,290880,Other,other,38076,0.1308993399339933,neutral
neutral_776.jpg,/kaggle/input/musait/dataset/basket/neutral_776.jpg,1,"DIV
CLOUD
LIGHT
ل
TikTok","[{'x': 35, 'y': 40}, {'x': 204, 'y': 40}, {'x': 204, 'y': 392}, {'x': 35, 'y': 392}]",16:9,horizontal,290880,9:16,vertical,59488,0.2045104510451045,neutral
neutral_777.jpg,/kaggle/input/musait/dataset/basket/neutral_777.jpg,1,"Boost Your Home's Worth!
TOP
DIY HOME
IMPROVEMENT
PROJECTS","[{'x': 18, 'y': 7}, {'x': 660, 'y': 7}, {'x': 660, 'y': 162}, {'x': 18, 'y': 162}]",16:9,horizontal,290880,Other,other,99510,0.3420998349834983,neutral
neutral_778.jpg,/kaggle/input/musait/dataset/basket/neutral_778.jpg,1,"MAKE PAPER
AT HOME
tutorial!","[{'x': 193, 'y': 45}, {'x': 559, 'y': 45}, {'x': 559, 'y': 244}, {'x': 193, 'y': 244}]",16:9,horizontal,290880,16:9,horizontal,72834,0.2503919141914191,neutral
neutral_779.jpg,/kaggle/input/musait/dataset/basket/neutral_779.jpg,1,"DOWNSIZE
YOUR JEANS","[{'x': 147, 'y': 201}, {'x': 537, 'y': 201}, {'x': 537, 'y': 363}, {'x': 147, 'y': 363}]",16:9,horizontal,290880,21:9,horizontal,63180,0.2172029702970297,neutral
neutral_780.jpg,/kaggle/input/musait/dataset/basket/neutral_780.jpg,1,"BUY
DIY
FAIL
KEFAIL
Have A NickDay!
?","[{'x': 18, 'y': 18}, {'x': 688, 'y': 18}, {'x': 688, 'y': 347}, {'x': 18, 'y': 347}]",16:9,horizontal,290880,16:9,horizontal,220430,0.7578039053905391,neutral
neutral_781.jpg,/kaggle/input/musait/dataset/basket/neutral_781.jpg,1,"How to Start
Coding?
Best Path
For Beginners","[{'x': 9, 'y': 52}, {'x': 359, 'y': 52}, {'x': 359, 'y': 366}, {'x': 9, 'y': 366}]",16:9,horizontal,290880,1:1,box,109900,0.3778190319031903,neutral
neutral_782.jpg,/kaggle/input/musait/dataset/basket/neutral_782.jpg,1,"OVER
25 Million
VIEWS
¿(M)
Python in 4 hours
Full Course","[{'x': 26, 'y': 35}, {'x': 696, 'y': 35}, {'x': 696, 'y': 352}, {'x': 26, 'y': 352}]",16:9,horizontal,290880,2:1,horizontal,212390,0.7301636413641364,neutral
neutral_783.jpg,/kaggle/input/musait/dataset/basket/neutral_783.jpg,1,"THE
LAST
TUTORIAL
you will ever need
TS","[{'x': 332, 'y': 51}, {'x': 625, 'y': 51}, {'x': 625, 'y': 352}, {'x': 332, 'y': 352}]",16:9,horizontal,290880,1:1,box,88193,0.3031937568756875,neutral
neutral_784.jpg,/kaggle/input/musait/dataset/basket/neutral_784.jpg,1,"MY
25
26 def check_db():
27
if not os.path.isfile(F
ADVICE
31
32
33
34
345
Home():
check_db()
all_books = db.session.query(Book)
return render_template(""index.ht
@app.route(""/edit"", methods [""GET"",""
def edit():
if request.method=""POST""
book_id = request.form[""id""]
book_to_update
Book query
book_to_update.rating reques
db.session.commit()
return redirect(url_f","[{'x': 60, 'y': 2}, {'x': 719, 'y': 2}, {'x': 719, 'y': 403}, {'x': 60, 'y': 403}]",16:9,horizontal,290880,3:2,horizontal,264259,0.9084811606160615,neutral
neutral_785.jpg,/kaggle/input/musait/dataset/basket/neutral_785.jpg,1,"SHADER
ART CODING
void mainImage( out vec4 fragColor, in vec2 fragCoord ) {
vec2 uv = (fragCoord 2.0 iResolution.xy) / iResol
float d length(uv);
d = sin(d);
d = abs(d);
d = smoothstep(0.0, 0.1, d);
fragColor vec4(d, d, d, 1.0);
о","[{'x': 26, 'y': 27}, {'x': 598, 'y': 27}, {'x': 598, 'y': 339}, {'x': 26, 'y': 339}]",16:9,horizontal,290880,16:9,horizontal,178464,0.6135313531353135,neutral
neutral_786.jpg,/kaggle/input/musait/dataset/basket/neutral_786.jpg,1,HARVARD UNIVERSITY,"[{'x': 222, 'y': 343}, {'x': 527, 'y': 343}, {'x': 527, 'y': 361}, {'x': 222, 'y': 361}]",16:9,horizontal,290880,Other,other,5490,0.0188737623762376,neutral
neutral_787.jpg,/kaggle/input/musait/dataset/basket/neutral_787.jpg,1,"salary
y
K-Means
Clustering
Experience
adidas","[{'x': 27, 'y': 26}, {'x': 681, 'y': 26}, {'x': 681, 'y': 403}, {'x': 27, 'y': 403}]",16:9,horizontal,290880,Other,other,246558,0.8476278877887788,neutral
neutral_788.jpg,/kaggle/input/musait/dataset/basket/neutral_788.jpg,1,"1
2
3
4
Learn
Sc
fun
var
max
mm ==
xt/javascript""
s(mm
(3)
To
Program
10
else{
mDay
30;
};
Function Ly
Lead function(){
this head rede
carn
(current.next)
current current.","[{'x': 8, 'y': 6}, {'x': 565, 'y': 6}, {'x': 565, 'y': 403}, {'x': 8, 'y': 403}]",16:9,horizontal,290880,4:3,horizontal,221129,0.7602069581958196,neutral
neutral_789.jpg,/kaggle/input/musait/dataset/basket/neutral_789.jpg,1,"THE FUTURE OF
Artificial
Intelligence","[{'x': 62, 'y': 31}, {'x': 384, 'y': 31}, {'x': 384, 'y': 180}, {'x': 62, 'y': 180}]",16:9,horizontal,290880,Other,other,47978,0.1649408690869087,neutral
neutral_790.jpg,/kaggle/input/musait/dataset/basket/neutral_790.jpg,1,"edureka!
K MEANS
CLUSTERING
ALGORITHM
10","[{'x': 37, 'y': 29}, {'x': 585, 'y': 29}, {'x': 585, 'y': 358}, {'x': 37, 'y': 358}]",16:9,horizontal,290880,Other,other,180292,0.6198157315731573,neutral
neutral_791.jpg,/kaggle/input/musait/dataset/basket/neutral_791.jpg,1,"Dynamic Programming
Solve coding challenges!
5
6 7
[] null null [3] [4] [5] [3,3] null
1 2
3
(M)
1
0
LLI
E
3
0
රථ
OVER
1 Million
VIEWS","[{'x': 16, 'y': 25}, {'x': 705, 'y': 25}, {'x': 705, 'y': 384}, {'x': 16, 'y': 384}]",16:9,horizontal,290880,16:9,horizontal,247351,0.850354097909791,neutral
neutral_792.jpg,/kaggle/input/musait/dataset/basket/neutral_792.jpg,1,"ClicFi
Jupyter Tutorial 6- Creating ANN with Pytorch On Pima... unsaved change
Edit
View Insert
Cell Kemel
Widgets
Help
9
Run
C Cod
TITAN RTX
How To Run
Logout
рунки з о
Pytorch Code
In GPU Using
CUDA
Out [5]:
In [7] torch.cuda.get_device_nate (0)
Out[7] TITAN RTX""","[{'x': 0, 'y': 3}, {'x': 431, 'y': 3}, {'x': 431, 'y': 239}, {'x': 0, 'y': 239}]",16:9,horizontal,129600,16:9,horizontal,101716,0.7848456790123457,neutral
neutral_793.jpg,/kaggle/input/musait/dataset/basket/neutral_793.jpg,1,"VE RI
TAS
HARVARD
(^)
Harvard CS50
Full University Course","[{'x': 103, 'y': 63}, {'x': 628, 'y': 63}, {'x': 628, 'y': 356}, {'x': 103, 'y': 356}]",16:9,horizontal,290880,16:9,horizontal,153825,0.5288263201320133,neutral
neutral_794.jpg,/kaggle/input/musait/dataset/basket/neutral_794.jpg,1,"10 Nm
CODE
EDITORS
WS
Dw
Lotepad++","[{'x': 56, 'y': 64}, {'x': 496, 'y': 64}, {'x': 496, 'y': 304}, {'x': 56, 'y': 304}]",16:9,horizontal,290880,16:9,horizontal,105600,0.363036303630363,neutral
neutral_795.jpg,/kaggle/input/musait/dataset/basket/neutral_795.jpg,1,"GO
CYBERSECURITY
CISCO.
CCNA
CompTIA
eJPT
A+","[{'x': 22, 'y': 11}, {'x': 424, 'y': 11}, {'x': 424, 'y': 213}, {'x': 22, 'y': 213}]",16:9,horizontal,290880,16:9,horizontal,81204,0.2791666666666667,neutral
neutral_796.jpg,/kaggle/input/musait/dataset/basket/neutral_796.jpg,1,"Gunter Peterson
Sr. C++ Engineer @ Systemic Systems","[{'x': 75, 'y': 302}, {'x': 346, 'y': 302}, {'x': 346, 'y': 356}, {'x': 75, 'y': 356}]",16:9,horizontal,290880,Other,other,14634,0.050309405940594,neutral
neutral_797.jpg,/kaggle/input/musait/dataset/basket/neutral_797.jpg,1,"LEARN
PYTHON
IN 1 HOUR","[{'x': 283, 'y': 28}, {'x': 706, 'y': 28}, {'x': 706, 'y': 255}, {'x': 283, 'y': 255}]",16:9,horizontal,290880,16:9,horizontal,96021,0.330105198019802,neutral
neutral_798.jpg,/kaggle/input/musait/dataset/basket/neutral_798.jpg,1,"SHOULD YOU
LEARN
|=GO?","[{'x': 19, 'y': 59}, {'x': 357, 'y': 59}, {'x': 357, 'y': 337}, {'x': 19, 'y': 337}]",16:9,horizontal,290880,4:3,horizontal,93964,0.3230335533553355,neutral
neutral_799.jpg,/kaggle/input/musait/dataset/basket/neutral_799.jpg,1,"ARDUINO
IN
90
WATCH NOW
MINS","[{'x': 10, 'y': 20}, {'x': 548, 'y': 20}, {'x': 548, 'y': 362}, {'x': 10, 'y': 362}]",16:9,horizontal,290880,3:2,horizontal,183996,0.632549504950495,neutral
neutral_800.jpg,/kaggle/input/musait/dataset/basket/neutral_800.jpg,1,"A close up TALK WITH
THE PROGRAMMER
WEB DEVELOPER
TECH STREETS
EP2
etcs.
WEBSITE
Develo
ent
GUCC","[{'x': 5, 'y': 11}, {'x': 478, 'y': 11}, {'x': 478, 'y': 242}, {'x': 5, 'y': 242}]",16:9,horizontal,129600,2:1,horizontal,109263,0.8430787037037037,neutral
neutral_801.jpg,/kaggle/input/musait/dataset/basket/neutral_801.jpg,1,"455
corial:
# This is some text
PYTHON
roCode (Tutorial):
def _init_(self, python
self.language pytho
def hello(self):
print(""Hello"")
# This is some more text
# Idk what to white here
print(""Watch the video ;)"") #Woo000od
12
Hours
0000
FULL COURSE
print(""Have a nice day! :)"")","[{'x': 35, 'y': 21}, {'x': 683, 'y': 21}, {'x': 683, 'y': 397}, {'x': 35, 'y': 397}]",16:9,horizontal,290880,Other,other,243648,0.8376237623762376,neutral
neutral_802.jpg,/kaggle/input/musait/dataset/basket/neutral_802.jpg,1,"C
CCO
60
CODING
MUSIC
HACKER CHILLSTEP
னை","[{'x': 11, 'y': 8}, {'x': 362, 'y': 8}, {'x': 362, 'y': 338}, {'x': 11, 'y': 338}]",16:9,horizontal,290880,1:1,box,115830,0.3982054455445544,neutral
neutral_803.jpg,/kaggle/input/musait/dataset/basket/neutral_803.jpg,1,"THERE MAY BE A
SOLUTION COMING","[{'x': 268, 'y': 288}, {'x': 454, 'y': 288}, {'x': 454, 'y': 328}, {'x': 268, 'y': 328}]",16:9,horizontal,290880,Other,other,7440,0.0255775577557755,neutral
neutral_804.jpg,/kaggle/input/musait/dataset/basket/neutral_804.jpg,1,"5 Things Every
Programmer Needs","[{'x': 275, 'y': 177}, {'x': 442, 'y': 177}, {'x': 442, 'y': 238}, {'x': 275, 'y': 238}]",16:9,horizontal,290880,Other,other,10187,0.0350213146314631,neutral
neutral_805.jpg,/kaggle/input/musait/dataset/basket/neutral_805.jpg,1,"search bin a sp
.st-sub-indicat
ent.cart-menu.cart-1
der-outer.trans
sf-menu >
OV
RDV
.sf-me
BV > ul
TV ul
TREEV
ent, header#t
Sdios
Club
2 WEEKS
2 WEEKS
4 WEEKS
JS","[{'x': 96, 'y': 39}, {'x': 626, 'y': 39}, {'x': 626, 'y': 386}, {'x': 96, 'y': 386}]",16:9,horizontal,290880,3:2,horizontal,183910,0.6322538503850385,neutral
neutral_806.jpg,/kaggle/input/musait/dataset/basket/neutral_806.jpg,1,"Chris
ROUND
Lattner
3
#381
Lex
Fridman","[{'x': 26, 'y': 32}, {'x': 695, 'y': 32}, {'x': 695, 'y': 373}, {'x': 26, 'y': 373}]",16:9,horizontal,290880,16:9,horizontal,228129,0.7842718646864687,neutral
neutral_807.jpg,/kaggle/input/musait/dataset/basket/neutral_807.jpg,1,"Noah's Ark
located??
HISTORY","[{'x': 22, 'y': 67}, {'x': 325, 'y': 67}, {'x': 325, 'y': 380}, {'x': 22, 'y': 380}]",16:9,horizontal,290880,1:1,box,94839,0.3260416666666667,neutral
neutral_808.jpg,/kaggle/input/musait/dataset/basket/neutral_808.jpg,1,"HOW JAPAN BEGAN
2000BC 248 604 1000 1274","[{'x': 16, 'y': 18}, {'x': 693, 'y': 18}, {'x': 693, 'y': 381}, {'x': 16, 'y': 381}]",16:9,horizontal,290880,16:9,horizontal,245751,0.8448535478547855,neutral
neutral_809.jpg,/kaggle/input/musait/dataset/basket/neutral_809.jpg,1,"OLD HOLLYWOOD
ACCENT
NUBTORY","[{'x': 9, 'y': 10}, {'x': 702, 'y': 10}, {'x': 702, 'y': 64}, {'x': 9, 'y': 64}]",16:9,horizontal,290880,Other,other,37422,0.1286509900990099,neutral
neutral_810.jpg,/kaggle/input/musait/dataset/basket/neutral_810.jpg,1,"THE ANCIENT
WORLD","[{'x': 116, 'y': 28}, {'x': 602, 'y': 28}, {'x': 602, 'y': 165}, {'x': 116, 'y': 165}]",16:9,horizontal,290880,Other,other,66582,0.2288985148514851,neutral
neutral_811.jpg,/kaggle/input/musait/dataset/basket/neutral_811.jpg,1,"NAI
NATUS VINCERE
เปิ
XBET
КУХНЯ
ROSTER MANIA","[{'x': 16, 'y': 41}, {'x': 688, 'y': 41}, {'x': 688, 'y': 369}, {'x': 16, 'y': 369}]",16:9,horizontal,290880,2:1,horizontal,220416,0.7577557755775578,neutral
neutral_812.jpg,/kaggle/input/musait/dataset/basket/neutral_812.jpg,1,"8=1/√5Z
Gmm
THE HISTORY OF
MATHEMATICS","[{'x': 40, 'y': 51}, {'x': 689, 'y': 51}, {'x': 689, 'y': 372}, {'x': 40, 'y': 372}]",16:9,horizontal,290880,16:9,horizontal,208329,0.7162025577557756,neutral
neutral_813.jpg,/kaggle/input/musait/dataset/basket/neutral_813.jpg,1,"GREEK
MYTHOLOGY","[{'x': 9, 'y': 277}, {'x': 458, 'y': 277}, {'x': 458, 'y': 391}, {'x': 9, 'y': 391}]",16:9,horizontal,290880,Other,other,51186,0.1759694719471947,neutral
neutral_814.jpg,/kaggle/input/musait/dataset/basket/neutral_814.jpg,1,"Sleepiest.
Voice
Ever...
CONSCIOUS.TV","[{'x': 23, 'y': 24}, {'x': 694, 'y': 24}, {'x': 694, 'y': 377}, {'x': 23, 'y': 377}]",16:9,horizontal,290880,16:9,horizontal,236863,0.81429799229923,neutral
neutral_815.jpg,/kaggle/input/musait/dataset/basket/neutral_815.jpg,1,"WHY WAS
BONN
GERMANY'S
CAPITAL?","[{'x': 315, 'y': 12}, {'x': 719, 'y': 12}, {'x': 719, 'y': 321}, {'x': 315, 'y': 321}]",16:9,horizontal,290880,4:3,horizontal,124836,0.4291666666666666,neutral
neutral_816.jpg,/kaggle/input/musait/dataset/basket/neutral_816.jpg,1,"ԿՈՐԸ՝
HELICOPTER
ROPE
RIDDLE","[{'x': 381, 'y': 64}, {'x': 1261, 'y': 64}, {'x': 1261, 'y': 388}, {'x': 381, 'y': 388}]",16:9,horizontal,921600,Other,other,285120,0.309375,neutral
neutral_817.jpg,/kaggle/input/musait/dataset/basket/neutral_817.jpg,1,THESE MICE ARE TWINS,"[{'x': 116, 'y': 58}, {'x': 1160, 'y': 58}, {'x': 1160, 'y': 126}, {'x': 116, 'y': 126}]",16:9,horizontal,921600,Other,other,70992,0.07703125,neutral
neutral_818.jpg,/kaggle/input/musait/dataset/basket/neutral_818.jpg,1,"TIMELAPSE
OF THE
FUTURE","[{'x': 166, 'y': 128}, {'x': 553, 'y': 128}, {'x': 553, 'y': 277}, {'x': 166, 'y': 277}]",16:9,horizontal,290880,Other,other,57663,0.1982363861386138,neutral
neutral_819.jpg,/kaggle/input/musait/dataset/basket/neutral_819.jpg,1,"e
O
COMPLETE
MODERN
VISTORY
THROUGH ANIMATION","[{'x': 35, 'y': 18}, {'x': 711, 'y': 18}, {'x': 711, 'y': 355}, {'x': 35, 'y': 355}]",16:9,horizontal,290880,16:9,horizontal,227812,0.7831820682068207,neutral
neutral_820.jpg,/kaggle/input/musait/dataset/basket/neutral_820.jpg,1,"ALIENS
IN THE
OCEAN
H
HISTORY.","[{'x': 22, 'y': 32}, {'x': 288, 'y': 32}, {'x': 288, 'y': 381}, {'x': 22, 'y': 381}]",16:9,horizontal,290880,3:4,vertical,92834,0.3191487898789879,neutral
neutral_821.jpg,/kaggle/input/musait/dataset/basket/neutral_821.jpg,1,"IRANIAN
DNA
HISTORY
ANCESTRAL
BREWI","[{'x': 88, 'y': 78}, {'x': 337, 'y': 78}, {'x': 337, 'y': 319}, {'x': 88, 'y': 319}]",16:9,horizontal,290880,1:1,box,60009,0.2063015676567657,neutral
neutral_822.jpg,/kaggle/input/musait/dataset/basket/neutral_822.jpg,1,THE PERSIANS & GREEKS,"[{'x': 35, 'y': 219}, {'x': 554, 'y': 219}, {'x': 554, 'y': 270}, {'x': 35, 'y': 270}]",16:9,horizontal,290880,Other,other,26469,0.0909962871287128,neutral
neutral_823.jpg,/kaggle/input/musait/dataset/basket/neutral_823.jpg,1,"171
E
BEAT
The History of the Kei Car","[{'x': 90, 'y': 171}, {'x': 627, 'y': 171}, {'x': 627, 'y': 388}, {'x': 90, 'y': 388}]",16:9,horizontal,290880,21:9,horizontal,116529,0.400608498349835,neutral
neutral_824.jpg,/kaggle/input/musait/dataset/basket/neutral_824.jpg,1,"VIKING BRITAIN
HOW ENGLAND
WAS MADE
865-937","[{'x': 9, 'y': 14}, {'x': 713, 'y': 14}, {'x': 713, 'y': 396}, {'x': 9, 'y': 396}]",16:9,horizontal,290880,16:9,horizontal,268928,0.9245324532453244,neutral
neutral_825.jpg,/kaggle/input/musait/dataset/basket/neutral_825.jpg,1,"A
BRIEF
HISTORY
OF
CHESS
VOTEDED","[{'x': 32, 'y': 28}, {'x': 702, 'y': 28}, {'x': 702, 'y': 367}, {'x': 32, 'y': 367}]",16:9,horizontal,290880,16:9,horizontal,227130,0.7808374587458746,neutral
neutral_826.jpg,/kaggle/input/musait/dataset/basket/neutral_826.jpg,1,"|HISTORY MARATHON
1857 TO 1947
LUCENT + SPECTURM + NCERTS
BY DR VIPAN GOYAL
GS
BY DR VIPAN GOYAL","[{'x': 37, 'y': 22}, {'x': 712, 'y': 22}, {'x': 712, 'y': 291}, {'x': 37, 'y': 291}]",16:9,horizontal,290880,Other,other,181575,0.6242264851485149,neutral
neutral_827.jpg,/kaggle/input/musait/dataset/basket/neutral_827.jpg,1,"THIRTEEN
DAYS","[{'x': 357, 'y': 116}, {'x': 717, 'y': 116}, {'x': 717, 'y': 259}, {'x': 357, 'y': 259}]",16:9,horizontal,290880,Other,other,51480,0.1769801980198019,neutral
neutral_828.jpg,/kaggle/input/musait/dataset/basket/neutral_828.jpg,1,"History of
Korea","[{'x': 149, 'y': 16}, {'x': 558, 'y': 16}, {'x': 558, 'y': 397}, {'x': 149, 'y': 397}]",16:9,horizontal,290880,1:1,box,155829,0.5357157590759076,neutral
neutral_829.jpg,/kaggle/input/musait/dataset/basket/neutral_829.jpg,1,"A.I
LIVE","[{'x': 117, 'y': 13}, {'x': 625, 'y': 13}, {'x': 625, 'y': 63}, {'x': 117, 'y': 63}]",16:9,horizontal,290880,Other,other,25400,0.0873212321232123,neutral
neutral_830.jpg,/kaggle/input/musait/dataset/basket/neutral_830.jpg,1,"Which is stronger:
GLUE
or
TAPE?
ᎾᎾ
TEDED","[{'x': 194, 'y': 36}, {'x': 1247, 'y': 36}, {'x': 1247, 'y': 543}, {'x': 194, 'y': 543}]",16:9,horizontal,921600,2:1,horizontal,533871,0.579287109375,neutral
neutral_831.jpg,/kaggle/input/musait/dataset/basket/neutral_831.jpg,1,"////
THE
EFFECTS
OF
SLEEP DEPRIVATION
////
TEDED","[{'x': 188, 'y': 71}, {'x': 1246, 'y': 71}, {'x': 1246, 'y': 558}, {'x': 188, 'y': 558}]",16:9,horizontal,921600,Other,other,515246,0.5590776909722223,neutral
neutral_832.jpg,/kaggle/input/musait/dataset/basket/neutral_832.jpg,1,"0
HOW
THOR
TEDED
GOT HIS
HAMMER","[{'x': 10, 'y': 42}, {'x': 1247, 'y': 42}, {'x': 1247, 'y': 549}, {'x': 10, 'y': 549}]",16:9,horizontal,921600,21:9,horizontal,627159,0.6805110677083334,neutral
neutral_833.jpg,/kaggle/input/musait/dataset/basket/neutral_833.jpg,1,QUANTUM?,"[{'x': 22, 'y': 516}, {'x': 1258, 'y': 516}, {'x': 1258, 'y': 683}, {'x': 22, 'y': 683}]",16:9,horizontal,921600,Other,other,206412,0.2239713541666666,neutral
neutral_834.jpg,/kaggle/input/musait/dataset/basket/neutral_834.jpg,1,"CAN YOU SOLVE THE
WIZARD
STANDOFF
RIDDLE?
TEDED","[{'x': 61, 'y': 71}, {'x': 1247, 'y': 71}, {'x': 1247, 'y': 568}, {'x': 61, 'y': 568}]",16:9,horizontal,921600,21:9,horizontal,589442,0.6395855034722222,neutral
neutral_835.jpg,/kaggle/input/musait/dataset/basket/neutral_835.jpg,1,"TEDED
E=mc2
CAN YOU SOLVE
EINSTEIN'S RIDDLE?","[{'x': 111, 'y': 73}, {'x': 1247, 'y': 73}, {'x': 1247, 'y': 686}, {'x': 111, 'y': 686}]",16:9,horizontal,921600,16:9,horizontal,696368,0.7556076388888889,neutral
neutral_836.jpg,/kaggle/input/musait/dataset/basket/neutral_836.jpg,1,"CAN YOU SOLVE
THE THREE GODS RIDDLE?
TEDED
JLL","[{'x': 65, 'y': 67}, {'x': 1246, 'y': 67}, {'x': 1246, 'y': 675}, {'x': 65, 'y': 675}]",16:9,horizontal,921600,16:9,horizontal,718048,0.7791319444444444,neutral
neutral_837.jpg,/kaggle/input/musait/dataset/basket/neutral_837.jpg,1,"(C)
CAN YOU
SOLVE THE
VIRUS
RIDDLE?
TEDED","[{'x': 181, 'y': 48}, {'x': 1246, 'y': 48}, {'x': 1246, 'y': 665}, {'x': 181, 'y': 665}]",16:9,horizontal,921600,Other,other,657105,0.7130045572916667,neutral
neutral_838.jpg,/kaggle/input/musait/dataset/basket/neutral_838.jpg,1,"TEDED
WHY DO CATS
DO THAT?","[{'x': 588, 'y': 35}, {'x': 1247, 'y': 35}, {'x': 1247, 'y': 356}, {'x': 588, 'y': 356}]",16:9,horizontal,921600,2:1,horizontal,211539,0.2295345052083333,neutral
neutral_839.jpg,/kaggle/input/musait/dataset/basket/neutral_839.jpg,1,"HOW PLAYING AN INSTRUMENT
BENEFITS YOUR BRAIN
TEDED","[{'x': 218, 'y': 44}, {'x': 1248, 'y': 44}, {'x': 1248, 'y': 215}, {'x': 218, 'y': 215}]",16:9,horizontal,921600,Other,other,176130,0.19111328125,neutral
neutral_840.jpg,/kaggle/input/musait/dataset/basket/neutral_840.jpg,1,"WHAT
CAUSES
DANDRUFF?
TEDED","[{'x': 49, 'y': 72}, {'x': 1246, 'y': 72}, {'x': 1246, 'y': 636}, {'x': 49, 'y': 636}]",16:9,horizontal,921600,2:1,horizontal,675108,0.7325390625,neutral
neutral_841.jpg,/kaggle/input/musait/dataset/basket/neutral_841.jpg,1,"חוני
TEDED
CAN YOU SOLVE THE LOCKER RIDDLE?","[{'x': 37, 'y': 72}, {'x': 1248, 'y': 72}, {'x': 1248, 'y': 696}, {'x': 37, 'y': 696}]",16:9,horizontal,921600,16:9,horizontal,755664,0.8199479166666667,neutral
neutral_842.jpg,/kaggle/input/musait/dataset/basket/neutral_842.jpg,1,"HOW DO
JELLYFISH
STING?
TEDED","[{'x': 37, 'y': 74}, {'x': 1248, 'y': 74}, {'x': 1248, 'y': 623}, {'x': 37, 'y': 623}]",16:9,horizontal,921600,21:9,horizontal,664839,0.721396484375,neutral
neutral_843.jpg,/kaggle/input/musait/dataset/basket/neutral_843.jpg,1,"A DAY IN THE LIFE OF A
ROMAN
SOLDIER
TEDED","[{'x': 47, 'y': 73}, {'x': 1246, 'y': 73}, {'x': 1246, 'y': 467}, {'x': 47, 'y': 467}]",16:9,horizontal,921600,Other,other,472406,0.5125933159722222,neutral
neutral_844.jpg,/kaggle/input/musait/dataset/basket/neutral_844.jpg,1,"M
TEDED
CAN YOU SOLVE
THE PIRATE
RIDDLE?","[{'x': 342, 'y': 73}, {'x': 1247, 'y': 73}, {'x': 1247, 'y': 654}, {'x': 342, 'y': 654}]",16:9,horizontal,921600,3:2,horizontal,525805,0.5705349392361111,neutral
neutral_845.jpg,/kaggle/input/musait/dataset/basket/neutral_845.jpg,1,"www
CO
CAN YOU
SOLVE
THE TEMPLE
RIDDLE?
TEDED","[{'x': 368, 'y': 72}, {'x': 1246, 'y': 72}, {'x': 1246, 'y': 547}, {'x': 368, 'y': 547}]",16:9,horizontal,921600,16:9,horizontal,417050,0.4525282118055556,neutral
neutral_846.jpg,/kaggle/input/musait/dataset/basket/neutral_846.jpg,1,"WHY ARE
SOME PEOPLE
LEFT-HANDED?
TEDED","[{'x': 225, 'y': 74}, {'x': 1248, 'y': 74}, {'x': 1248, 'y': 506}, {'x': 225, 'y': 506}]",16:9,horizontal,921600,21:9,horizontal,441936,0.47953125,neutral
neutral_847.jpg,/kaggle/input/musait/dataset/basket/neutral_847.jpg,1,"HOW THE
DIGESTIVE
SYSTEM
WORKS
TEDED","[{'x': 19, 'y': 43}, {'x': 1246, 'y': 43}, {'x': 1246, 'y': 674}, {'x': 19, 'y': 674}]",16:9,horizontal,921600,16:9,horizontal,774237,0.8401009114583333,neutral
neutral_848.jpg,/kaggle/input/musait/dataset/basket/neutral_848.jpg,1,"TEDED
HOW PREGNANCY
PREGO-PRESTO
TESTS WORK","[{'x': 48, 'y': 72}, {'x': 1246, 'y': 72}, {'x': 1246, 'y': 569}, {'x': 48, 'y': 569}]",16:9,horizontal,921600,21:9,horizontal,595406,0.6460568576388889,neutral
neutral_849.jpg,/kaggle/input/musait/dataset/basket/neutral_849.jpg,1,"1
2
3
TEDED
CAN YOU
SOLVE THE
PASSCODE RIDDLE?","[{'x': 376, 'y': 74}, {'x': 1247, 'y': 74}, {'x': 1247, 'y': 644}, {'x': 376, 'y': 644}]",16:9,horizontal,921600,3:2,horizontal,496470,0.5387044270833333,neutral
neutral_850.jpg,/kaggle/input/musait/dataset/basket/neutral_850.jpg,1,"HOW DO
TORNADOES
FORM?
TEDED","[{'x': 296, 'y': 52}, {'x': 1247, 'y': 52}, {'x': 1247, 'y': 355}, {'x': 296, 'y': 355}]",16:9,horizontal,921600,Other,other,288153,0.312666015625,neutral
neutral_851.jpg,/kaggle/input/musait/dataset/basket/neutral_851.jpg,1,"A
BRIEF
HISTORY
OF
CHESS
ՄԵՆ
TEDED","[{'x': 57, 'y': 54}, {'x': 1246, 'y': 54}, {'x': 1246, 'y': 657}, {'x': 57, 'y': 657}]",16:9,horizontal,921600,16:9,horizontal,716967,0.777958984375,neutral
neutral_852.jpg,/kaggle/input/musait/dataset/basket/neutral_852.jpg,1,"cos
The
History
of
TEDED
Chocolate","[{'x': 15, 'y': 73}, {'x': 1248, 'y': 73}, {'x': 1248, 'y': 495}, {'x': 15, 'y': 495}]",16:9,horizontal,921600,Other,other,520326,0.56458984375,neutral
neutral_853.jpg,/kaggle/input/musait/dataset/basket/neutral_853.jpg,1,"WHY CAN'T YOU
0
DIVIDE BY ZERO?
TEDED","[{'x': 182, 'y': 45}, {'x': 1247, 'y': 45}, {'x': 1247, 'y': 673}, {'x': 182, 'y': 673}]",16:9,horizontal,921600,Other,other,668820,0.7257161458333333,neutral
neutral_854.jpg,/kaggle/input/musait/dataset/basket/neutral_854.jpg,1,"THE MYTH OF
TEDED
ARACHNE","[{'x': 515, 'y': 73}, {'x': 1247, 'y': 73}, {'x': 1247, 'y': 367}, {'x': 515, 'y': 367}]",16:9,horizontal,921600,Other,other,215208,0.233515625,neutral
neutral_855.jpg,/kaggle/input/musait/dataset/basket/neutral_855.jpg,1,"CAN YOU SOLVE
TEDED
THE FROG RIDDLE?","[{'x': 62, 'y': 0}, {'x': 1246, 'y': 0}, {'x': 1246, 'y': 669}, {'x': 62, 'y': 669}]",16:9,horizontal,921600,16:9,horizontal,792096,0.8594791666666667,neutral
neutral_856.jpg,/kaggle/input/musait/dataset/basket/neutral_856.jpg,1,"W
чи
00
THE SCIENCE OF
TSUNAMIS
TEDED","[{'x': 71, 'y': 71}, {'x': 1248, 'y': 71}, {'x': 1248, 'y': 653}, {'x': 71, 'y': 653}]",16:9,horizontal,921600,16:9,horizontal,685014,0.7432877604166667,neutral
neutral_857.jpg,/kaggle/input/musait/dataset/basket/neutral_857.jpg,1,"The
ORIGINS
of
GOLD
TEDED","[{'x': 519, 'y': 49}, {'x': 1247, 'y': 49}, {'x': 1247, 'y': 527}, {'x': 519, 'y': 527}]",16:9,horizontal,921600,3:2,horizontal,347984,0.3775868055555555,neutral
neutral_858.jpg,/kaggle/input/musait/dataset/basket/neutral_858.jpg,1,"TEDED
HOW DOES THE
STOCK MARKET
WORK?","[{'x': 189, 'y': 74}, {'x': 1247, 'y': 74}, {'x': 1247, 'y': 667}, {'x': 189, 'y': 667}]",16:9,horizontal,921600,16:9,horizontal,627394,0.6807660590277778,neutral
neutral_859.jpg,/kaggle/input/musait/dataset/basket/neutral_859.jpg,1,"THE MYTH OF
PANDORA'S BOX
TEDED","[{'x': 107, 'y': 69}, {'x': 1247, 'y': 69}, {'x': 1247, 'y': 239}, {'x': 107, 'y': 239}]",16:9,horizontal,921600,Other,other,193800,0.2102864583333333,neutral
neutral_860.jpg,/kaggle/input/musait/dataset/basket/neutral_860.jpg,1,"CAN YOU SOLVE
TEDED
THE EGG DROP
RIDDLE?","[{'x': 350, 'y': 47}, {'x': 1247, 'y': 47}, {'x': 1247, 'y': 354}, {'x': 350, 'y': 354}]",16:9,horizontal,921600,Other,other,275379,0.2988053385416667,neutral
neutral_861.jpg,/kaggle/input/musait/dataset/basket/neutral_861.jpg,1,"TEDED
Schrödinger's Cat","[{'x': 217, 'y': 72}, {'x': 1247, 'y': 72}, {'x': 1247, 'y': 210}, {'x': 217, 'y': 210}]",16:9,horizontal,921600,Other,other,142140,0.1542317708333333,neutral
neutral_862.jpg,/kaggle/input/musait/dataset/basket/neutral_862.jpg,1,"TEDED
HOW DOES
ASTHMA
WORK?","[{'x': 553, 'y': 72}, {'x': 1247, 'y': 72}, {'x': 1247, 'y': 564}, {'x': 553, 'y': 564}]",16:9,horizontal,921600,4:3,horizontal,341448,0.3704947916666666,neutral
neutral_863.jpg,/kaggle/input/musait/dataset/basket/neutral_863.jpg,1,"THE HISTORY OF THE WORLD
ACCORDING TO
CATS
MA
TEDED","[{'x': 54, 'y': 65}, {'x': 1247, 'y': 65}, {'x': 1247, 'y': 490}, {'x': 54, 'y': 490}]",16:9,horizontal,921600,Other,other,507025,0.5501573350694444,neutral
neutral_864.jpg,/kaggle/input/musait/dataset/basket/neutral_864.jpg,1,"TEDED
HOW TO BUILD A FICTIONAL WORLD","[{'x': 52, 'y': 73}, {'x': 1246, 'y': 73}, {'x': 1246, 'y': 256}, {'x': 52, 'y': 256}]",16:9,horizontal,921600,Other,other,218502,0.23708984375,neutral
neutral_865.jpg,/kaggle/input/musait/dataset/basket/neutral_865.jpg,1,"JUST HOW
SMALL
IS AN ATOM?
TEDED","[{'x': 45, 'y': 74}, {'x': 1246, 'y': 74}, {'x': 1246, 'y': 513}, {'x': 45, 'y': 513}]",16:9,horizontal,921600,Other,other,527239,0.5720909288194445,neutral
neutral_866.jpg,/kaggle/input/musait/dataset/basket/neutral_866.jpg,1,"TEDED
DOES TIME EXIST?","[{'x': 79, 'y': 74}, {'x': 1247, 'y': 74}, {'x': 1247, 'y': 678}, {'x': 79, 'y': 678}]",16:9,horizontal,921600,16:9,horizontal,705472,0.7654861111111111,neutral
neutral_867.jpg,/kaggle/input/musait/dataset/basket/neutral_867.jpg,1,"8 TRAITS OF
SUCCESSFUL
PEOPLE
Are you successful?","[{'x': 138, 'y': 80}, {'x': 969, 'y': 80}, {'x': 969, 'y': 537}, {'x': 138, 'y': 537}]",16:9,horizontal,921600,16:9,horizontal,379767,0.4120735677083333,neutral
neutral_868.jpg,/kaggle/input/musait/dataset/basket/neutral_868.jpg,1,"CAN YOU
SOLVE THE
о
RIVER CROSSING RIDDLE?
TEDED","[{'x': 39, 'y': 74}, {'x': 1247, 'y': 74}, {'x': 1247, 'y': 671}, {'x': 39, 'y': 671}]",16:9,horizontal,921600,16:9,horizontal,721176,0.7825260416666666,neutral
neutral_869.jpg,/kaggle/input/musait/dataset/basket/neutral_869.jpg,1,"WHY DO WE
TEDED
ITCH?","[{'x': 554, 'y': 72}, {'x': 1248, 'y': 72}, {'x': 1248, 'y': 616}, {'x': 554, 'y': 616}]",16:9,horizontal,921600,4:3,horizontal,377536,0.4096527777777777,neutral
neutral_870.jpg,/kaggle/input/musait/dataset/basket/neutral_870.jpg,1,"10222 = 2 CASE
HOW TO NAVIGATE THE
TEDED
EGYPTIAN
UNDERWORLD
11&stag 2 1 0 2 2 2 = = m ZF ZF","[{'x': 2, 'y': 6}, {'x': 1269, 'y': 6}, {'x': 1269, 'y': 702}, {'x': 2, 'y': 702}]",16:9,horizontal,921600,16:9,horizontal,881832,0.9568489583333334,neutral
neutral_871.jpg,/kaggle/input/musait/dataset/basket/neutral_871.jpg,1,"CAN YOU SOLVE
THE AIRPLANE RIDDLE?
TEDED
FUGORI
FUKANO
OROKANA
3","[{'x': 103, 'y': 45}, {'x': 1246, 'y': 45}, {'x': 1246, 'y': 529}, {'x': 103, 'y': 529}]",16:9,horizontal,921600,21:9,horizontal,553212,0.6002734375,neutral
neutral_872.jpg,/kaggle/input/musait/dataset/basket/neutral_872.jpg,1,"00
TEDED
HOW TO
STAY CALM
UNDER
PRESSURE","[{'x': 436, 'y': 73}, {'x': 1248, 'y': 73}, {'x': 1248, 'y': 554}, {'x': 436, 'y': 554}]",16:9,horizontal,921600,Other,other,390572,0.4237977430555555,neutral
neutral_873.jpg,/kaggle/input/musait/dataset/basket/neutral_873.jpg,1,"HOW DOES
LASER EYE
SURGERY
WORK?
эт
TEDED","[{'x': 85, 'y': 74}, {'x': 1245, 'y': 74}, {'x': 1245, 'y': 612}, {'x': 85, 'y': 612}]",16:9,horizontal,921600,Other,other,624080,0.6771701388888889,neutral
neutral_874.jpg,/kaggle/input/musait/dataset/basket/neutral_874.jpg,1,"HOW
SOLAR PANELS
WORK
TEDED","[{'x': 206, 'y': 44}, {'x': 1247, 'y': 44}, {'x': 1247, 'y': 343}, {'x': 206, 'y': 343}]",16:9,horizontal,921600,Other,other,311259,0.3377376302083333,neutral
neutral_875.jpg,/kaggle/input/musait/dataset/basket/neutral_875.jpg,1,"TEDED
TALTIME
MANAGEMENT","[{'x': 4, 'y': 74}, {'x': 1245, 'y': 74}, {'x': 1245, 'y': 561}, {'x': 4, 'y': 561}]",16:9,horizontal,921600,Other,other,604367,0.6557801649305556,neutral
neutral_876.jpg,/kaggle/input/musait/dataset/basket/neutral_876.jpg,1,"The
History
of Tea
TEDED","[{'x': 84, 'y': 56}, {'x': 1246, 'y': 56}, {'x': 1246, 'y': 489}, {'x': 84, 'y': 489}]",16:9,horizontal,921600,Other,other,503146,0.5459483506944445,neutral
neutral_877.jpg,/kaggle/input/musait/dataset/basket/neutral_877.jpg,1,"A DAY IN THE LIFE OF AN
ANCIENT
EGYPTIAN
DOCTOR
TEDED","[{'x': 108, 'y': 53}, {'x': 1248, 'y': 53}, {'x': 1248, 'y': 386}, {'x': 108, 'y': 386}]",16:9,horizontal,921600,Other,other,379620,0.4119140625,neutral
neutral_878.jpg,/kaggle/input/musait/dataset/basket/neutral_878.jpg,1,"SLEEP TO REMEMBER
TEDED
REMEMBER TO SLEEP","[{'x': 125, 'y': 53}, {'x': 1246, 'y': 53}, {'x': 1246, 'y': 671}, {'x': 125, 'y': 671}]",16:9,horizontal,921600,16:9,horizontal,692778,0.7517122395833333,neutral
neutral_879.jpg,/kaggle/input/musait/dataset/basket/neutral_879.jpg,1,"HOW DO
WOUNDS
HEAL?
TEDED","[{'x': 48, 'y': 41}, {'x': 1246, 'y': 41}, {'x': 1246, 'y': 432}, {'x': 48, 'y': 432}]",16:9,horizontal,921600,Other,other,468418,0.5082660590277778,neutral
neutral_880.jpg,/kaggle/input/musait/dataset/basket/neutral_880.jpg,1,"The
History
of the
Great
Wall
TEDED","[{'x': 28, 'y': 5}, {'x': 1248, 'y': 5}, {'x': 1248, 'y': 378}, {'x': 28, 'y': 378}]",16:9,horizontal,921600,Other,other,455060,0.4937717013888889,neutral
neutral_881.jpg,/kaggle/input/musait/dataset/basket/neutral_881.jpg,1,"ее
CAN YOU SOLVE
THE FISH RIDDLE?
TEDED","[{'x': 49, 'y': 72}, {'x': 1248, 'y': 72}, {'x': 1248, 'y': 678}, {'x': 49, 'y': 678}]",16:9,horizontal,921600,16:9,horizontal,726594,0.7884049479166667,neutral
neutral_882.jpg,/kaggle/input/musait/dataset/basket/neutral_882.jpg,1,"O A
TEDED
WHAT ARE
CARBOHYDRATES?","[{'x': 287, 'y': 74}, {'x': 1247, 'y': 74}, {'x': 1247, 'y': 585}, {'x': 287, 'y': 585}]",16:9,horizontal,921600,16:9,horizontal,490560,0.5322916666666667,neutral
neutral_883.jpg,/kaggle/input/musait/dataset/basket/neutral_883.jpg,1,"HOW FOLDING PAPER
CAN GET YOU TO
THE MOON
TEDED","[{'x': 71, 'y': 72}, {'x': 1245, 'y': 72}, {'x': 1245, 'y': 396}, {'x': 71, 'y': 396}]",16:9,horizontal,921600,Other,other,380376,0.412734375,neutral
neutral_884.jpg,/kaggle/input/musait/dataset/basket/neutral_884.jpg,1,"THE GREATEST
TED TALK
EVER SOLD
TEDED","[{'x': 164, 'y': 74}, {'x': 1247, 'y': 74}, {'x': 1247, 'y': 341}, {'x': 164, 'y': 341}]",16:9,horizontal,921600,Other,other,289161,0.313759765625,neutral
neutral_885.jpg,/kaggle/input/musait/dataset/basket/neutral_885.jpg,1,"K
VITAMINS
TEDED","[{'x': 171, 'y': 74}, {'x': 1247, 'y': 74}, {'x': 1247, 'y': 654}, {'x': 171, 'y': 654}]",16:9,horizontal,921600,16:9,horizontal,624080,0.6771701388888889,neutral
neutral_886.jpg,/kaggle/input/musait/dataset/basket/neutral_886.jpg,1,"wu
ни
WHY
ARE
SLOTHS
wwwww.so SLOW?
Oxo
www
TEDED","[{'x': 0, 'y': 72}, {'x': 1247, 'y': 72}, {'x': 1247, 'y': 672}, {'x': 0, 'y': 672}]",16:9,horizontal,921600,2:1,horizontal,748200,0.8118489583333334,neutral
neutral_887.jpg,/kaggle/input/musait/dataset/basket/neutral_887.jpg,1,"TEDED
CAN YOU SOLVE
THE CONTROL ROOM RIDDLE?","[{'x': 29, 'y': 72}, {'x': 1251, 'y': 72}, {'x': 1251, 'y': 691}, {'x': 29, 'y': 691}]",16:9,horizontal,921600,16:9,horizontal,756418,0.8207660590277778,neutral
neutral_888.jpg,/kaggle/input/musait/dataset/basket/neutral_888.jpg,1,"THE FIRST LINE OF
TEDED
IMMORTAL HUMAN CELLS","[{'x': 31, 'y': 72}, {'x': 1246, 'y': 72}, {'x': 1246, 'y': 391}, {'x': 31, 'y': 391}]",16:9,horizontal,921600,Other,other,387585,0.420556640625,neutral
neutral_889.jpg,/kaggle/input/musait/dataset/basket/neutral_889.jpg,1,"WHY DO
JOINTS
POP?
TEDED","[{'x': 66, 'y': 73}, {'x': 1247, 'y': 73}, {'x': 1247, 'y': 642}, {'x': 66, 'y': 642}]",16:9,horizontal,921600,2:1,horizontal,671989,0.7291547309027778,neutral
neutral_890.jpg,/kaggle/input/musait/dataset/basket/neutral_890.jpg,1,"TEDED
Squad
00
Π
II IT
WHY DO ANIMALS
HAVE DIFFERENT
LIFESPANS?","[{'x': 137, 'y': 73}, {'x': 1247, 'y': 73}, {'x': 1247, 'y': 513}, {'x': 137, 'y': 513}]",16:9,horizontal,921600,Other,other,488400,0.5299479166666666,neutral
neutral_891.jpg,/kaggle/input/musait/dataset/basket/neutral_891.jpg,1,"ACCURACY
VS
PRECISION
TEDED","[{'x': 307, 'y': 39}, {'x': 1246, 'y': 39}, {'x': 1246, 'y': 536}, {'x': 307, 'y': 536}]",16:9,horizontal,921600,16:9,horizontal,466683,0.5063834635416666,neutral
neutral_892.jpg,/kaggle/input/musait/dataset/basket/neutral_892.jpg,1,"WHAT CAUSES
INSOMNIA?
TEDED
11 12 1
☑","[{'x': 42, 'y': 51}, {'x': 1247, 'y': 51}, {'x': 1247, 'y': 491}, {'x': 42, 'y': 491}]",16:9,horizontal,921600,Other,other,530200,0.5753038194444444,neutral
neutral_893.jpg,/kaggle/input/musait/dataset/basket/neutral_893.jpg,1,"TEDEd
THE ORIGINS
OF RUSSEA","[{'x': 52, 'y': 72}, {'x': 1246, 'y': 72}, {'x': 1246, 'y': 598}, {'x': 52, 'y': 598}]",16:9,horizontal,921600,21:9,horizontal,628044,0.6814713541666667,neutral
neutral_894.jpg,/kaggle/input/musait/dataset/basket/neutral_894.jpg,1,"Ο ΥΠ
2.9
SPACE WELDING","[{'x': 43, 'y': 216}, {'x': 1230, 'y': 216}, {'x': 1230, 'y': 675}, {'x': 43, 'y': 675}]",16:9,horizontal,921600,Other,other,544833,0.591181640625,neutral
neutral_895.jpg,/kaggle/input/musait/dataset/basket/neutral_895.jpg,1,"EINSTEIN'S
TWIN
PARADOX
EXPLAINED
TEDED","[{'x': 39, 'y': 72}, {'x': 1247, 'y': 72}, {'x': 1247, 'y': 553}, {'x': 39, 'y': 553}]",16:9,horizontal,921600,Other,other,581048,0.6304774305555556,neutral
neutral_896.jpg,/kaggle/input/musait/dataset/basket/neutral_896.jpg,1,"IMPROVE YOUR
CRITICAL
THINKING
TEDED","[{'x': 67, 'y': 74}, {'x': 1247, 'y': 74}, {'x': 1247, 'y': 577}, {'x': 67, 'y': 577}]",16:9,horizontal,921600,21:9,horizontal,593540,0.6440321180555556,neutral
neutral_897.jpg,/kaggle/input/musait/dataset/basket/neutral_897.jpg,1,"THE SURPRISING REASON
OUR MUSCLES GET TIRED
TEDED
л","[{'x': 124, 'y': 32}, {'x': 1247, 'y': 32}, {'x': 1247, 'y': 410}, {'x': 124, 'y': 410}]",16:9,horizontal,921600,Other,other,424494,0.46060546875,neutral
neutral_898.jpg,/kaggle/input/musait/dataset/basket/neutral_898.jpg,1,"WILL IT mmm
FALL?
m
TEDED","[{'x': 49, 'y': 74}, {'x': 1248, 'y': 74}, {'x': 1248, 'y': 557}, {'x': 49, 'y': 557}]",16:9,horizontal,921600,21:9,horizontal,579117,0.6283821614583334,neutral
neutral_899.jpg,/kaggle/input/musait/dataset/basket/neutral_899.jpg,1,"TEDED
WHAT IS
DEJA VU?","[{'x': 343, 'y': 73}, {'x': 1246, 'y': 73}, {'x': 1246, 'y': 524}, {'x': 343, 'y': 524}]",16:9,horizontal,921600,16:9,horizontal,407253,0.4418977864583333,neutral
neutral_900.jpg,/kaggle/input/musait/dataset/basket/neutral_900.jpg,1,"BREAKING
THE
SOUND
BARRIER
TEDED","[{'x': 20, 'y': 74}, {'x': 1247, 'y': 74}, {'x': 1247, 'y': 606}, {'x': 20, 'y': 606}]",16:9,horizontal,921600,21:9,horizontal,652764,0.7082942708333333,neutral
neutral_901.jpg,/kaggle/input/musait/dataset/basket/neutral_901.jpg,1,"CAN YOU SOLVE THE
RAGNAROK
RIDDLE?
TEDED","[{'x': 138, 'y': 34}, {'x': 1247, 'y': 34}, {'x': 1247, 'y': 321}, {'x': 138, 'y': 321}]",16:9,horizontal,921600,Other,other,318283,0.3453591579861111,neutral
neutral_902.jpg,/kaggle/input/musait/dataset/basket/neutral_902.jpg,1,"TEDED
WHAT IS THE
HEISENBERG
UNCERTAINTY
PRINCIPLE?","[{'x': 553, 'y': 74}, {'x': 1247, 'y': 74}, {'x': 1247, 'y': 616}, {'x': 553, 'y': 616}]",16:9,horizontal,921600,4:3,horizontal,376148,0.4081467013888888,neutral
neutral_903.jpg,/kaggle/input/musait/dataset/basket/neutral_903.jpg,1,"SPALDING
MAGNUS
EFFECT","[{'x': 99, 'y': 38}, {'x': 652, 'y': 38}, {'x': 652, 'y': 671}, {'x': 99, 'y': 671}]",16:9,horizontal,921600,1:1,box,350049,0.3798274739583333,neutral
neutral_904.jpg,/kaggle/input/musait/dataset/basket/neutral_904.jpg,1,"2730
3637
3636
3632
605
5456
989
3636
3434
3614
682
1816
362
1813
2728
454
301
300
3413
3412
3383
565
564
560
93
92
15
3330
554
552
544
98
88
14
3972
1706
282
280
46
277
276
272
45
44
7
1536
151
5448
906
984
150
5376
5320
853
852
843
141
140
23
832
138
136
22
768
2720
453
452
75
2560
426
70
416
69
68
11
384
1365
1364
227
1360
226
1344
1300
213
212
35
208
34
192
3x+1
32
5
17
96
24
48
16
8
2","[{'x': 124, 'y': 12}, {'x': 1277, 'y': 12}, {'x': 1277, 'y': 666}, {'x': 124, 'y': 666}]",16:9,horizontal,921600,16:9,horizontal,754062,0.8182096354166667,neutral
neutral_905.jpg,/kaggle/input/musait/dataset/basket/neutral_905.jpg,1,UNSTOPPABLE?,"[{'x': 137, 'y': 577}, {'x': 1147, 'y': 577}, {'x': 1147, 'y': 693}, {'x': 137, 'y': 693}]",16:9,horizontal,921600,Other,other,117160,0.1271267361111111,neutral
neutral_906.jpg,/kaggle/input/musait/dataset/basket/neutral_906.jpg,1,"22
23
SORRY, WE'RE FULL","[{'x': 165, 'y': 38}, {'x': 1125, 'y': 38}, {'x': 1125, 'y': 665}, {'x': 165, 'y': 665}]",16:9,horizontal,921600,3:2,horizontal,601920,0.653125,neutral
neutral_907.jpg,/kaggle/input/musait/dataset/basket/neutral_907.jpg,1,"10
.C
d
INCOMPLETENESS","[{'x': 25, 'y': 61}, {'x': 1258, 'y': 61}, {'x': 1258, 'y': 671}, {'x': 25, 'y': 671}]",16:9,horizontal,921600,16:9,horizontal,752130,0.81611328125,neutral
neutral_908.jpg,/kaggle/input/musait/dataset/basket/neutral_908.jpg,1,"GOOD
BOY
-
STAMPY","[{'x': 80, 'y': 68}, {'x': 243, 'y': 68}, {'x': 243, 'y': 137}, {'x': 80, 'y': 137}]",16:9,horizontal,57600,21:9,horizontal,11247,0.1952604166666666,neutral
neutral_909.jpg,/kaggle/input/musait/dataset/basket/neutral_909.jpg,1,"Veritasium
Veritasium
Veri
Varitasi
ritasium
Veritasi
Veritasium
eritas
Veritasium
AGLIA
HOW DOES THIS HAPPEN?","[{'x': 92, 'y': 243}, {'x': 1144, 'y': 243}, {'x': 1144, 'y': 686}, {'x': 92, 'y': 686}]",16:9,horizontal,921600,21:9,horizontal,466036,0.5056814236111111,neutral
neutral_910.jpg,/kaggle/input/musait/dataset/basket/neutral_910.jpg,1,"THIS BIKE
PROVES IT","[{'x': 43, 'y': 63}, {'x': 759, 'y': 63}, {'x': 759, 'y': 315}, {'x': 43, 'y': 315}]",16:9,horizontal,921600,Other,other,180432,0.19578125,neutral
neutral_911.jpg,/kaggle/input/musait/dataset/basket/neutral_911.jpg,1,"1
MILLION
POUNDS","[{'x': 707, 'y': 83}, {'x': 1274, 'y': 83}, {'x': 1274, 'y': 709}, {'x': 707, 'y': 709}]",16:9,horizontal,921600,1:1,box,354942,0.38513671875,neutral
neutral_912.jpg,/kaggle/input/musait/dataset/basket/neutral_912.jpg,1,"BATTERY+B
ENERGY DOESN'T
FLOW IN WIRES
I","[{'x': 246, 'y': 243}, {'x': 998, 'y': 243}, {'x': 998, 'y': 611}, {'x': 246, 'y': 611}]",16:9,horizontal,921600,2:1,horizontal,276736,0.3002777777777777,neutral
neutral_913.jpg,/kaggle/input/musait/dataset/basket/neutral_913.jpg,1,"631374
56765
35
64635
326537667768
67883
45625
486243795
42426
464766
56856868
8833557
247624379
66852
547344
5544
47
568557 77
685
6
4.2
5213
666
4369
52248
12683
77
EPIC MATH DUEL
8635
3647
177
3159
2.2.2
7.2
46
468
23","[{'x': 17, 'y': 1}, {'x': 1277, 'y': 1}, {'x': 1277, 'y': 685}, {'x': 17, 'y': 685}]",16:9,horizontal,921600,16:9,horizontal,861840,0.93515625,neutral
neutral_914.jpg,/kaggle/input/musait/dataset/basket/neutral_914.jpg,1,"WEIGHT BLOCK
OILED
LANE","[{'x': 25, 'y': 245}, {'x': 1237, 'y': 245}, {'x': 1237, 'y': 688}, {'x': 25, 'y': 688}]",16:9,horizontal,921600,Other,other,536916,0.5825911458333334,neutral
neutral_915.jpg,/kaggle/input/musait/dataset/basket/neutral_915.jpg,1,WHO'S RIGHT?,"[{'x': 171, 'y': 38}, {'x': 1118, 'y': 38}, {'x': 1118, 'y': 125}, {'x': 171, 'y': 125}]",16:9,horizontal,921600,Other,other,82389,0.0893977864583333,neutral
neutral_916.jpg,/kaggle/input/musait/dataset/basket/neutral_916.jpg,1,WE TESTED IT',"[{'x': 205, 'y': 546}, {'x': 1110, 'y': 546}, {'x': 1110, 'y': 643}, {'x': 205, 'y': 643}]",16:9,horizontal,921600,Other,other,87785,0.0952528211805555,neutral
neutral_917.jpg,/kaggle/input/musait/dataset/basket/neutral_917.jpg,1,HOW DOES THIS WORK?,"[{'x': 37, 'y': 608}, {'x': 1252, 'y': 608}, {'x': 1252, 'y': 681}, {'x': 37, 'y': 681}]",16:9,horizontal,921600,Other,other,88695,0.096240234375,neutral
neutral_918.jpg,/kaggle/input/musait/dataset/basket/neutral_918.jpg,1,"π
NEWTON CHANGED THE GAME","[{'x': 47, 'y': 104}, {'x': 1233, 'y': 104}, {'x': 1233, 'y': 698}, {'x': 47, 'y': 698}]",16:9,horizontal,921600,16:9,horizontal,704484,0.7644140625,neutral
neutral_919.jpg,/kaggle/input/musait/dataset/basket/neutral_919.jpg,1,"EZ ES E4
ES
ELMEZ
E8
3D
PRINTED
ROCKETS","[{'x': 47, 'y': 316}, {'x': 772, 'y': 316}, {'x': 772, 'y': 671}, {'x': 47, 'y': 671}]",16:9,horizontal,921600,2:1,horizontal,257375,0.2792697482638889,neutral
neutral_920.jpg,/kaggle/input/musait/dataset/basket/neutral_920.jpg,1,"MYTHIC
V1076ES
0.19
NOT 1s AND Os","[{'x': 42, 'y': 312}, {'x': 1051, 'y': 312}, {'x': 1051, 'y': 662}, {'x': 42, 'y': 662}]",16:9,horizontal,921600,Other,other,353150,0.3831922743055556,neutral
neutral_921.jpg,/kaggle/input/musait/dataset/basket/neutral_921.jpg,1,"COULD YOU
EVEN LIFT?
00","[{'x': 36, 'y': 31}, {'x': 586, 'y': 31}, {'x': 586, 'y': 234}, {'x': 36, 'y': 234}]",16:9,horizontal,921600,Other,other,111650,0.1211480034722222,neutral
neutral_922.jpg,/kaggle/input/musait/dataset/basket/neutral_922.jpg,1,THEY'RE MAKING A COMEBACK,"[{'x': 37, 'y': 93}, {'x': 1242, 'y': 93}, {'x': 1242, 'y': 154}, {'x': 37, 'y': 154}]",16:9,horizontal,921600,Other,other,73505,0.0797580295138888,neutral
neutral_923.jpg,/kaggle/input/musait/dataset/basket/neutral_923.jpg,1,"Fe
WHAT IS
HAPPENING?","[{'x': 34, 'y': 252}, {'x': 629, 'y': 252}, {'x': 629, 'y': 679}, {'x': 34, 'y': 679}]",16:9,horizontal,921600,4:3,horizontal,254065,0.2756781684027777,neutral
neutral_924.jpg,/kaggle/input/musait/dataset/basket/neutral_924.jpg,1,"NOT JUST 10,000 HOURS","[{'x': 74, 'y': 313}, {'x': 1208, 'y': 313}, {'x': 1208, 'y': 387}, {'x': 74, 'y': 387}]",16:9,horizontal,921600,Other,other,83916,0.0910546875,neutral
neutral_925.jpg,/kaggle/input/musait/dataset/basket/neutral_925.jpg,1,ARE YOU NOT CONVINCED?,"[{'x': 21, 'y': 551}, {'x': 1233, 'y': 551}, {'x': 1233, 'y': 623}, {'x': 21, 'y': 623}]",16:9,horizontal,921600,Other,other,87264,0.0946875,neutral
neutral_926.jpg,/kaggle/input/musait/dataset/basket/neutral_926.jpg,1,"RE
200-300
300
400
-200
100
LIQUID
NITROGEN
EN","[{'x': 33, 'y': 245}, {'x': 843, 'y': 245}, {'x': 843, 'y': 682}, {'x': 33, 'y': 682}]",16:9,horizontal,921600,16:9,horizontal,353970,0.38408203125,neutral
neutral_927.jpg,/kaggle/input/musait/dataset/basket/neutral_927.jpg,1,"STANDARD REFERENCE MATERIAL
2387
Peanut Butter
NIST
National Institute of
Standards and Technology
U.S. Department of Commerce
100 Bureau Drive, Gaithersburg C
ゲロ
PEANUT
BUTTER
$1069","[{'x': 464, 'y': 220}, {'x': 1222, 'y': 220}, {'x': 1222, 'y': 625}, {'x': 464, 'y': 625}]",16:9,horizontal,921600,16:9,horizontal,306990,0.33310546875,neutral
neutral_928.jpg,/kaggle/input/musait/dataset/basket/neutral_928.jpg,1,"HOW IS THIS POSSIBLE?
wwwwwwwwwwwww","[{'x': 49, 'y': 28}, {'x': 1250, 'y': 28}, {'x': 1250, 'y': 685}, {'x': 49, 'y': 685}]",16:9,horizontal,921600,16:9,horizontal,789057,0.856181640625,neutral
neutral_929.jpg,/kaggle/input/musait/dataset/basket/neutral_929.jpg,1,"After 5 Ads
Skip Ad ►","[{'x': 169, 'y': 30}, {'x': 690, 'y': 30}, {'x': 690, 'y': 270}, {'x': 169, 'y': 270}]",16:9,horizontal,290880,Other,other,125040,0.4298679867986799,neutral
neutral_930.jpg,/kaggle/input/musait/dataset/basket/neutral_930.jpg,1,"Pla
PLAZA
ALMENGO
Flaza
PLAZA
ALBERGO
SPLENDIDO
STORANTE
Plaza
GUCCI","[{'x': 92, 'y': 5}, {'x': 681, 'y': 5}, {'x': 681, 'y': 245}, {'x': 92, 'y': 245}]",16:9,horizontal,290880,21:9,horizontal,141360,0.485973597359736,neutral
neutral_931.jpg,/kaggle/input/musait/dataset/basket/neutral_931.jpg,1,"HERE'S THE PROOF
3m
2m
1m
0
100d
200d
300d 400d
500d
600d
700d
800d","[{'x': 239, 'y': 60}, {'x': 1178, 'y': 60}, {'x': 1178, 'y': 680}, {'x': 239, 'y': 680}]",16:9,horizontal,921600,3:2,horizontal,582180,0.6317057291666667,neutral
neutral_932.jpg,/kaggle/input/musait/dataset/basket/neutral_932.jpg,1,"74,500 GENERATIONS","[{'x': 36, 'y': 13}, {'x': 1243, 'y': 13}, {'x': 1243, 'y': 104}, {'x': 36, 'y': 104}]",16:9,horizontal,921600,Other,other,109837,0.1191807725694444,neutral
neutral_933.jpg,/kaggle/input/musait/dataset/basket/neutral_933.jpg,1,"7
Humans only emit a tiny
fraction of the CO2
released into the
atmosphere every
year
You Tube","[{'x': 49, 'y': 48}, {'x': 917, 'y': 48}, {'x': 917, 'y': 508}, {'x': 49, 'y': 508}]",16:9,horizontal,921600,16:9,horizontal,399280,0.4332465277777778,neutral
neutral_934.jpg,/kaggle/input/musait/dataset/basket/neutral_934.jpg,1,"P
WORLD'S
a
LONGEST
STRAW","[{'x': 510, 'y': 115}, {'x': 1239, 'y': 115}, {'x': 1239, 'y': 682}, {'x': 510, 'y': 682}]",16:9,horizontal,921600,4:3,horizontal,413343,0.448505859375,neutral
neutral_935.jpg,/kaggle/input/musait/dataset/basket/neutral_935.jpg,1,"2018
2023
CN CN
CARTOON NETWORK
CARTOON NETWORK","[{'x': 90, 'y': 12}, {'x': 668, 'y': 12}, {'x': 668, 'y': 267}, {'x': 90, 'y': 267}]",16:9,horizontal,290880,21:9,horizontal,147390,0.5067037953795379,neutral
neutral_936.jpg,/kaggle/input/musait/dataset/basket/neutral_936.jpg,1,PARIS,"[{'x': 89, 'y': 20}, {'x': 479, 'y': 20}, {'x': 479, 'y': 121}, {'x': 89, 'y': 121}]",16:9,horizontal,290880,Other,other,39390,0.1354166666666666,neutral
neutral_937.jpg,/kaggle/input/musait/dataset/basket/neutral_937.jpg,1,"G
dogs
GEOGRAPHY
IF YOU ARE
BORED","[{'x': 9, 'y': 8}, {'x': 631, 'y': 8}, {'x': 631, 'y': 305}, {'x': 9, 'y': 305}]",16:9,horizontal,290880,2:1,horizontal,184734,0.6350866336633664,neutral
neutral_938.jpg,/kaggle/input/musait/dataset/basket/neutral_938.jpg,1,"MOST REALISTIC HAIR
PHYSICS EVER","[{'x': 412, 'y': 17}, {'x': 719, 'y': 17}, {'x': 719, 'y': 176}, {'x': 412, 'y': 176}]",16:9,horizontal,290880,16:9,horizontal,48813,0.1678114686468647,neutral
neutral_939.jpg,/kaggle/input/musait/dataset/basket/neutral_939.jpg,1,Top 10 Interesting Facts,"[{'x': 160, 'y': 2}, {'x': 558, 'y': 2}, {'x': 558, 'y': 40}, {'x': 160, 'y': 40}]",16:9,horizontal,290880,Other,other,15124,0.0519939493949394,neutral
neutral_940.jpg,/kaggle/input/musait/dataset/basket/neutral_940.jpg,1,"30 MINUTES OF
USELESS
INFORMATION","[{'x': 203, 'y': 115}, {'x': 684, 'y': 115}, {'x': 684, 'y': 277}, {'x': 203, 'y': 277}]",16:9,horizontal,290880,Other,other,77922,0.2678836633663366,neutral
neutral_941.png,/kaggle/input/musait/dataset/basket/neutral_941.png,1,Facebook photo posts,"[{'x': 18, 'y': 50}, {'x': 313, 'y': 50}, {'x': 313, 'y': 79}, {'x': 18, 'y': 79}]",Other,other,50268,Other,other,8555,0.17018779342723,neutral
neutral_942.jpg,/kaggle/input/musait/dataset/basket/neutral_942.jpg,1,"Facebook Link Post Image
1200 X 628
Template courtesy of
Dustn.tv","[{'x': 90, 'y': 87}, {'x': 1112, 'y': 87}, {'x': 1112, 'y': 539}, {'x': 90, 'y': 539}]",16:9,horizontal,753600,21:9,horizontal,461944,0.6129830148619958,neutral
neutral_943.jpeg,/kaggle/input/musait/dataset/basket/neutral_943.jpeg,1,NORMAL,"[{'x': 13, 'y': 86}, {'x': 213, 'y': 86}, {'x': 213, 'y': 122}, {'x': 13, 'y': 122}]",1:1,box,50400,Other,other,7200,0.1428571428571428,neutral
neutral_944.png,/kaggle/input/musait/dataset/basket/neutral_944.png,1,"NN
New Normal","[{'x': 50, 'y': 73}, {'x': 167, 'y': 73}, {'x': 167, 'y': 172}, {'x': 50, 'y': 172}]",1:1,box,50625,5:4,horizontal,11583,0.2288,neutral
neutral_945.jpeg,/kaggle/input/musait/dataset/basket/neutral_945.jpeg,1,"Messaging is the New Normal
How Messaging is Moving Business","[{'x': 57, 'y': 74}, {'x': 217, 'y': 74}, {'x': 217, 'y': 110}, {'x': 57, 'y': 110}]",3:2,horizontal,50325,Other,other,5760,0.1144560357675111,neutral
neutral_946.png,/kaggle/input/musait/dataset/basket/neutral_946.png,1,"celio
be normal.*","[{'x': 20, 'y': 72}, {'x': 204, 'y': 72}, {'x': 204, 'y': 154}, {'x': 20, 'y': 154}]",1:1,box,50625,21:9,horizontal,15088,0.2980345679012345,neutral
neutral_947.png,/kaggle/input/musait/dataset/basket/neutral_947.png,1,NormalTV,"[{'x': 16, 'y': 99}, {'x': 205, 'y': 99}, {'x': 205, 'y': 126}, {'x': 16, 'y': 126}]",1:1,box,50625,Other,other,5103,0.1008,neutral
positive_001.jpeg,/kaggle/input/musait/dataset/basket/positive_001.jpeg,1,"Listen to your
soul. It always
knows when it's
time to start a
new chapter in
your life.
Via (Dark Secrets)","[{'x': 176, 'y': 251}, {'x': 556, 'y': 251}, {'x': 556, 'y': 697}, {'x': 176, 'y': 697}]",3:4,vertical,648000,1:1,box,169480,0.2615432098765432,positive
positive_002.jpg,/kaggle/input/musait/dataset/basket/positive_002.jpg,1,30,"[{'x': 532, 'y': 27}, {'x': 562, 'y': 27}, {'x': 562, 'y': 49}, {'x': 532, 'y': 49}]",4:3,horizontal,270000,4:3,horizontal,660,0.0024444444444444,positive
positive_003.jpg,/kaggle/input/musait/dataset/basket/positive_003.jpg,1,"Without rain
nothing grows,
Learn to embrace
the storms of
your life.
(Thoughts Wonder)
Thoughts Wonder","[{'x': 116, 'y': 140}, {'x': 589, 'y': 140}, {'x': 589, 'y': 850}, {'x': 116, 'y': 850}]",3:4,vertical,648000,3:4,vertical,335830,0.5182561728395062,positive
positive_004.jpeg,/kaggle/input/musait/dataset/basket/positive_004.jpeg,1,"Just because one
thing does not go
right, does not
mean your life is
ruined. @Motivational Life
Stay positive.","[{'x': 65, 'y': 168}, {'x': 597, 'y': 168}, {'x': 597, 'y': 592}, {'x': 65, 'y': 592}]",3:4,vertical,614400,4:3,horizontal,225568,0.3671354166666666,positive
positive_005.jpeg,/kaggle/input/musait/dataset/basket/positive_005.jpeg,0,,[],4:3,horizontal,50432,,,0,0.0,positive
positive_006.jpeg,/kaggle/input/musait/dataset/basket/positive_006.jpeg,1,"Just because one
thing does not go
right, does not
mean your life is
ruined. @Motivational Life
Stay positive.","[{'x': 65, 'y': 168}, {'x': 597, 'y': 168}, {'x': 597, 'y': 592}, {'x': 65, 'y': 592}]",3:4,vertical,614400,4:3,horizontal,225568,0.3671354166666666,positive
positive_007.jpeg,/kaggle/input/musait/dataset/basket/positive_007.jpeg,1,"ONE DAY EVERYTHING WILL BE OKAY.
BOOK OF PROSPERITY","[{'x': 83, 'y': 80}, {'x': 570, 'y': 80}, {'x': 570, 'y': 125}, {'x': 83, 'y': 125}]",1:1,box,398161,Other,other,21915,0.0550405489236766,positive
positive_008.jpg,/kaggle/input/musait/dataset/basket/positive_008.jpg,1,SOURAV,"[{'x': 725, 'y': 779}, {'x': 1077, 'y': 779}, {'x': 1077, 'y': 1127}, {'x': 725, 'y': 1127}]",4:3,horizontal,3145728,1:1,box,122496,0.0389404296875,positive
positive_009.jpg,/kaggle/input/musait/dataset/basket/positive_009.jpg,1,"Don't just be good
to others. Be good to
yourself too
(Wonders Diary)
www.wondersdiary.com","[{'x': 64, 'y': 136}, {'x': 638, 'y': 136}, {'x': 638, 'y': 856}, {'x': 64, 'y': 856}]",3:4,vertical,648000,3:4,vertical,413280,0.6377777777777778,positive
positive_010.jpeg,/kaggle/input/musait/dataset/basket/positive_010.jpeg,1,"Don't just be good
to others. Be good to
yourself too
(Wonders Diary)
www.wondersdiary.com","[{'x': 64, 'y': 136}, {'x': 638, 'y': 136}, {'x': 638, 'y': 856}, {'x': 64, 'y': 856}]",3:4,vertical,648000,3:4,vertical,413280,0.6377777777777778,positive
positive_011.jpeg,/kaggle/input/musait/dataset/basket/positive_011.jpeg,0,,[],3:2,horizontal,50325,,,0,0.0,positive
positive_012.jpeg,/kaggle/input/musait/dataset/basket/positive_012.jpeg,1,"Don't just be good
to others. Be good to
yourself too
(Wonders Diary)
www.wondersdiary.com","[{'x': 64, 'y': 136}, {'x': 638, 'y': 136}, {'x': 638, 'y': 856}, {'x': 64, 'y': 856}]",3:4,vertical,648000,3:4,vertical,413280,0.6377777777777778,positive
positive_013.jpeg,/kaggle/input/musait/dataset/basket/positive_013.jpeg,1,"The best views come from
the hardest climbs.
-
Via (Dark Secrets)","[{'x': 64, 'y': 455}, {'x': 672, 'y': 455}, {'x': 672, 'y': 600}, {'x': 64, 'y': 600}]",3:4,vertical,648000,Other,other,88160,0.1360493827160493,positive
positive_014.jpg,/kaggle/input/musait/dataset/basket/positive_014.jpg,0,,[],3:4,vertical,276480,,,0,0.0,positive
positive_015.jpg,/kaggle/input/musait/dataset/basket/positive_015.jpg,1,"When life knocks you
down, roll over and
look at the stars.
- Via (Dark Secrets)","[{'x': 107, 'y': 355}, {'x': 616, 'y': 355}, {'x': 616, 'y': 592}, {'x': 107, 'y': 592}]",3:4,vertical,648000,2:1,horizontal,120633,0.186162037037037,positive
positive_016.jpeg,/kaggle/input/musait/dataset/basket/positive_016.jpeg,1,"Without rain
nothing grows,
Learn to embrace
the storms of
your life.
(Thoughts Wonder)
Thoughts Wonder","[{'x': 116, 'y': 140}, {'x': 589, 'y': 140}, {'x': 589, 'y': 850}, {'x': 116, 'y': 850}]",3:4,vertical,648000,3:4,vertical,335830,0.5182561728395062,positive
positive_017.jpeg,/kaggle/input/musait/dataset/basket/positive_017.jpeg,1,"HAPPY
BIRTHWAY","[{'x': 153, 'y': 172}, {'x': 188, 'y': 172}, {'x': 188, 'y': 185}, {'x': 153, 'y': 185}]",4:3,horizontal,50406,Other,other,455,0.0090267031702575,positive
positive_018.jpeg,/kaggle/input/musait/dataset/basket/positive_018.jpeg,1,"Without rain
nothing grows,
Learn to embrace
the storms of
your life.
(Thoughts Wonder)
Thoughts Wonder","[{'x': 116, 'y': 140}, {'x': 589, 'y': 140}, {'x': 589, 'y': 850}, {'x': 116, 'y': 850}]",3:4,vertical,648000,3:4,vertical,335830,0.5182561728395062,positive
positive_019.jpeg,/kaggle/input/musait/dataset/basket/positive_019.jpeg,1,"Be private. Not
everyone wants what
is best for you.
(Thoughts Wonder)
Thoughts Wonder","[{'x': 124, 'y': 154}, {'x': 595, 'y': 154}, {'x': 595, 'y': 849}, {'x': 124, 'y': 849}]",3:4,vertical,647280,3:4,vertical,327345,0.5057239525398591,positive
positive_020.jpg,/kaggle/input/musait/dataset/basket/positive_020.jpg,1,T,"[{'x': 121, 'y': 4}, {'x': 141, 'y': 4}, {'x': 141, 'y': 20}, {'x': 121, 'y': 20}]",4:3,horizontal,50246,4:3,horizontal,320,0.0063686661624805,positive
positive_021.jpg,/kaggle/input/musait/dataset/basket/positive_021.jpg,1,"Never expect, never assume,
never ask, and never demand.
Just let it be. Because if it's
meant to be, it will happen.
@InspirationalQuotes 720","[{'x': 41, 'y': 266}, {'x': 686, 'y': 266}, {'x': 686, 'y': 649}, {'x': 41, 'y': 649}]",1:1,box,518400,Other,other,247035,0.4765335648148148,positive
positive_022.jpeg,/kaggle/input/musait/dataset/basket/positive_022.jpeg,1,"You are entering a
state where everything
works in your favor.
- Via (Dark Secrets)","[{'x': 88, 'y': 427}, {'x': 641, 'y': 427}, {'x': 641, 'y': 684}, {'x': 88, 'y': 684}]",3:4,vertical,648000,Other,other,142121,0.2193225308641975,positive
positive_023.jpeg,/kaggle/input/musait/dataset/basket/positive_023.jpeg,1,"rout
THE","[{'x': 46, 'y': 100}, {'x': 75, 'y': 100}, {'x': 75, 'y': 124}, {'x': 46, 'y': 124}]",3:2,horizontal,50325,4:3,horizontal,696,0.0138301043219076,positive
positive_024.jpeg,/kaggle/input/musait/dataset/basket/positive_024.jpeg,1,"You are entering a
state where everything
works in your favor.
- Via (Dark Secrets)","[{'x': 88, 'y': 427}, {'x': 641, 'y': 427}, {'x': 641, 'y': 684}, {'x': 88, 'y': 684}]",3:4,vertical,648000,Other,other,142121,0.2193225308641975,positive
positive_025.jpeg,/kaggle/input/musait/dataset/basket/positive_025.jpeg,1,"You define your own life.
Don't let other people
write your script.
- Via (Dark Secrets)","[{'x': 69, 'y': 444}, {'x': 690, 'y': 444}, {'x': 690, 'y': 685}, {'x': 69, 'y': 685}]",3:4,vertical,648000,Other,other,149661,0.2309583333333333,positive
positive_026.jpg,/kaggle/input/musait/dataset/basket/positive_026.jpg,0,,[],3:2,horizontal,50325,,,0,0.0,positive
positive_027.jpg,/kaggle/input/musait/dataset/basket/positive_027.jpg,1,"No matter how badly someone
treats you, never drop down to
their level. Remain calm, stay
strong, and walk away.
Via (Dark Secrets)","[{'x': 51, 'y': 329}, {'x': 685, 'y': 329}, {'x': 685, 'y': 637}, {'x': 51, 'y': 637}]",3:4,vertical,648000,2:1,horizontal,195272,0.3013456790123456,positive
positive_028.jpeg,/kaggle/input/musait/dataset/basket/positive_028.jpeg,1,"When life knocks you
down, roll over and
look at the stars.
- Via (Dark Secrets)","[{'x': 107, 'y': 355}, {'x': 616, 'y': 355}, {'x': 616, 'y': 592}, {'x': 107, 'y': 592}]",3:4,vertical,648000,2:1,horizontal,120633,0.186162037037037,positive
positive_029.jpeg,/kaggle/input/musait/dataset/basket/positive_029.jpeg,1,"TOP 10
FUNNY
VIDEOS
India.com","[{'x': 195, 'y': 3}, {'x': 274, 'y': 3}, {'x': 274, 'y': 179}, {'x': 195, 'y': 179}]",3:2,horizontal,50325,9:16,vertical,13904,0.2762841530054645,positive
positive_030.jpeg,/kaggle/input/musait/dataset/basket/positive_030.jpeg,1,"When life knocks you
down, roll over and
look at the stars.
- Via (Dark Secrets)","[{'x': 107, 'y': 355}, {'x': 616, 'y': 355}, {'x': 616, 'y': 592}, {'x': 107, 'y': 592}]",3:4,vertical,648000,2:1,horizontal,120633,0.186162037037037,positive
positive_031.jpeg,/kaggle/input/musait/dataset/basket/positive_031.jpeg,1,"You have suffered
enough, now is time to
live a life that really
brings you joy.
Via (Dark Secrets)
VIP SHOP","[{'x': 78, 'y': 84}, {'x': 702, 'y': 84}, {'x': 702, 'y': 699}, {'x': 78, 'y': 699}]",3:4,vertical,648000,1:1,box,383760,0.5922222222222222,positive
positive_032.jpg,/kaggle/input/musait/dataset/basket/positive_032.jpg,1,HAPPY BIRTHDAY,"[{'x': 345, 'y': 338}, {'x': 1037, 'y': 338}, {'x': 1037, 'y': 516}, {'x': 345, 'y': 516}]",3:2,horizontal,1237600,Other,other,123176,0.0995281189398836,positive
positive_033.jpg,/kaggle/input/musait/dataset/basket/positive_033.jpg,1,"If you have the power
to make someone happy,
do it. The world needs
more of that.
(Thoughts Wonder)","[{'x': 70, 'y': 119}, {'x': 636, 'y': 119}, {'x': 636, 'y': 394}, {'x': 70, 'y': 394}]",1:1,box,586800,2:1,horizontal,155650,0.2652522154055896,positive
positive_034.jpeg,/kaggle/input/musait/dataset/basket/positive_034.jpeg,1,"Never expect, never assume,
never ask, and never demand.
Just let it be. Because if it's
meant to be, it will happen.
@InspirationalQuotes 720","[{'x': 41, 'y': 266}, {'x': 686, 'y': 266}, {'x': 686, 'y': 649}, {'x': 41, 'y': 649}]",1:1,box,518400,Other,other,247035,0.4765335648148148,positive
positive_035.jpeg,/kaggle/input/musait/dataset/basket/positive_035.jpeg,0,,[],16:9,horizontal,50400,,,0,0.0,positive
positive_036.jpeg,/kaggle/input/musait/dataset/basket/positive_036.jpeg,1,"Always help someone.
You might be the only one
that does.","[{'x': 90, 'y': 308}, {'x': 573, 'y': 308}, {'x': 573, 'y': 514}, {'x': 90, 'y': 514}]",3:4,vertical,648720,21:9,horizontal,99498,0.1533758786533481,positive
positive_037.jpg,/kaggle/input/musait/dataset/basket/positive_037.jpg,1,"**FloberTree
10
Heart-touching
Wedding
Anniversary
Messages For
Wife","[{'x': 111, 'y': 14}, {'x': 267, 'y': 14}, {'x': 267, 'y': 160}, {'x': 111, 'y': 160}]",3:2,horizontal,50325,1:1,box,22776,0.4525782414307004,positive
positive_038.jpg,/kaggle/input/musait/dataset/basket/positive_038.jpg,1,"Don't lose hope, you never know
what tomorrow will bring.
- Via (Dark Secrets)","[{'x': 150, 'y': 445}, {'x': 646, 'y': 445}, {'x': 646, 'y': 585}, {'x': 150, 'y': 585}]",3:4,vertical,648000,Other,other,69440,0.1071604938271604,positive
positive_039.jpeg,/kaggle/input/musait/dataset/basket/positive_039.jpeg,1,"You cannot teach a man
anything; you can only
help him find it within
himself.
-Galileo Galilei","[{'x': 121, 'y': 39}, {'x': 311, 'y': 39}, {'x': 311, 'y': 156}, {'x': 121, 'y': 156}]",16:9,horizontal,50400,3:2,horizontal,22230,0.4410714285714285,positive
positive_040.jpeg,/kaggle/input/musait/dataset/basket/positive_040.jpeg,0,,[],16:9,horizontal,50232,,,0,0.0,positive
positive_041.jpeg,/kaggle/input/musait/dataset/basket/positive_041.jpeg,1,"You cannot teach a man
anything; you can only
help him find it within
himself.
-Galileo Galilei","[{'x': 121, 'y': 39}, {'x': 311, 'y': 39}, {'x': 311, 'y': 156}, {'x': 121, 'y': 156}]",16:9,horizontal,50400,3:2,horizontal,22230,0.4410714285714285,positive
positive_042.jpeg,/kaggle/input/musait/dataset/basket/positive_042.jpeg,1,"Don't compare your life
to others. There is no
comparison between
the Sun and the Moon,
@Meltblogs
they shine when it is
their time.","[{'x': 65, 'y': 253}, {'x': 655, 'y': 253}, {'x': 655, 'y': 701}, {'x': 65, 'y': 701}]",3:4,vertical,777600,4:3,horizontal,264320,0.339917695473251,positive
positive_043.jpg,/kaggle/input/musait/dataset/basket/positive_043.jpg,1,"64
If I love myself despite
my infinite faults,
how can I hate anyone at
the glimpse of a few faults.
SWAMI VIVEKANANDA
The Indian EXPRESS","[{'x': 19, 'y': 93}, {'x': 392, 'y': 93}, {'x': 392, 'y': 417}, {'x': 19, 'y': 417}]",16:9,horizontal,320298,5:4,horizontal,120852,0.3773111290111084,positive
positive_044.jpg,/kaggle/input/musait/dataset/basket/positive_044.jpg,1,"You are more
powerful than
anything you're
going through
right now.
-
Via (Dark Secrets)","[{'x': 163, 'y': 268}, {'x': 540, 'y': 268}, {'x': 540, 'y': 726}, {'x': 163, 'y': 726}]",3:4,vertical,648000,3:4,vertical,172666,0.2664598765432098,positive
positive_045.jpeg,/kaggle/input/musait/dataset/basket/positive_045.jpeg,1,shutterstock.com-536210539,"[{'x': 82, 'y': 180}, {'x': 183, 'y': 180}, {'x': 183, 'y': 188}, {'x': 82, 'y': 188}]",4:3,horizontal,50350,Other,other,808,0.0160476663356504,positive
positive_046.jpg,/kaggle/input/musait/dataset/basket/positive_046.jpg,1,"May this day bring countless joy to your life.
May the coming years of your life be spent
in loving and caring for each other.
Happy Wedding
Anniversary
Any Name Here","[{'x': 18, 'y': 16}, {'x': 183, 'y': 16}, {'x': 183, 'y': 231}, {'x': 18, 'y': 231}]",3:4,vertical,50451,3:4,vertical,35475,0.7031575191770233,positive
positive_047.jpg,/kaggle/input/musait/dataset/basket/positive_047.jpg,1,"64
If I love myself despite
my infinite faults,
how can I hate anyone at
the glimpse of a few faults.
SWAMI VIVEKANANDA
The Indian EXPRESS","[{'x': 19, 'y': 93}, {'x': 392, 'y': 93}, {'x': 392, 'y': 417}, {'x': 19, 'y': 417}]",16:9,horizontal,320298,5:4,horizontal,120852,0.3773111290111084,positive
positive_048.jpeg,/kaggle/input/musait/dataset/basket/positive_048.jpeg,1,"Take care of your heart.
Via (Dark Secrets)","[{'x': 169, 'y': 465}, {'x': 571, 'y': 465}, {'x': 571, 'y': 548}, {'x': 169, 'y': 548}]",3:4,vertical,648000,Other,other,33366,0.0514907407407407,positive
positive_049.jpg,/kaggle/input/musait/dataset/basket/positive_049.jpg,1,"""If you want
to live
a happy
life,
tie it to
a goal,
not to people
or objects.""
-Albert Einstein
Qquote","[{'x': 328, 'y': 36}, {'x': 706, 'y': 36}, {'x': 706, 'y': 581}, {'x': 328, 'y': 581}]",4:3,horizontal,452640,3:4,vertical,206010,0.4551299045599151,positive
positive_050.jpg,/kaggle/input/musait/dataset/basket/positive_050.jpg,1,"MOTHER GIVES WINGS
TO YOUR DREAMS.","[{'x': 150, 'y': 681}, {'x': 569, 'y': 681}, {'x': 569, 'y': 767}, {'x': 150, 'y': 767}]",1:1,box,559440,Other,other,36034,0.0644108394108394,positive
positive_051.jpeg,/kaggle/input/musait/dataset/basket/positive_051.jpeg,1,"NAME
Happy Anniversary
Any Name Here
Ganiversaries are the days be treasure your
companion and let them know that you are going to
create the best moments in the upcoming year
Celebrate the memories of yesterday, joys of today,
hopes of tomorrow and forever togetherness.","[{'x': 0, 'y': 100}, {'x': 176, 'y': 100}, {'x': 176, 'y': 266}, {'x': 0, 'y': 266}]",3:4,vertical,50325,1:1,box,29216,0.5805464480874317,positive
positive_052.jpg,/kaggle/input/musait/dataset/basket/positive_052.jpg,1,Durga Puja 2021,"[{'x': 110, 'y': 145}, {'x': 208, 'y': 145}, {'x': 208, 'y': 158}, {'x': 110, 'y': 158}]",16:9,horizontal,50400,Other,other,1274,0.0252777777777777,positive
positive_053.jpg,/kaggle/input/musait/dataset/basket/positive_053.jpg,1,"""If you want
to live
a happy
life,
tie it to
a goal,
not to people
or objects.""
-Albert Einstein
Qquote","[{'x': 328, 'y': 36}, {'x': 706, 'y': 36}, {'x': 706, 'y': 581}, {'x': 328, 'y': 581}]",4:3,horizontal,452640,3:4,vertical,206010,0.4551299045599151,positive
positive_054.jpeg,/kaggle/input/musait/dataset/basket/positive_054.jpeg,1,"You know you are on
the right track when you
become uninterested
in looking back.
- Via (Dark Secrets)","[{'x': 91, 'y': 505}, {'x': 671, 'y': 505}, {'x': 671, 'y': 791}, {'x': 91, 'y': 791}]",3:4,vertical,648000,16:9,horizontal,165880,0.2559876543209876,positive
positive_055.jpg,/kaggle/input/musait/dataset/basket/positive_055.jpg,1,"Mathematics is the
language with which God
has written the universe.
Galileo Galilei
quotefancy","[{'x': 898, 'y': 612}, {'x': 2935, 'y': 612}, {'x': 2935, 'y': 1810}, {'x': 898, 'y': 1810}]",16:9,horizontal,8294400,Other,other,2440326,0.2942136863425926,positive
positive_056.jpg,/kaggle/input/musait/dataset/basket/positive_056.jpg,1,"Stop giving people
the power to control
your smile, your worth,
your attitude and
your day.
(Thoughts Wonder)
Thoughts Wonder","[{'x': 71, 'y': 107}, {'x': 633, 'y': 107}, {'x': 633, 'y': 850}, {'x': 71, 'y': 850}]",3:4,vertical,647280,3:4,vertical,417566,0.6451087628228896,positive
positive_057.jpg,/kaggle/input/musait/dataset/basket/positive_057.jpg,1,Lubo,"[{'x': 0, 'y': 33}, {'x': 161, 'y': 33}, {'x': 161, 'y': 112}, {'x': 0, 'y': 112}]",3:4,vertical,786432,16:9,horizontal,12719,0.0161730448404947,positive
positive_058.jpg,/kaggle/input/musait/dataset/basket/positive_058.jpg,0,,[],16:9,horizontal,800400,,,0,0.0,positive
positive_059.jpeg,/kaggle/input/musait/dataset/basket/positive_059.jpeg,1,"(:
HAPPY NEWS","[{'x': 20, 'y': 66}, {'x': 286, 'y': 66}, {'x': 286, 'y': 94}, {'x': 20, 'y': 94}]",16:9,horizontal,50531,Other,other,7448,0.1473946686192634,positive
positive_060.jpg,/kaggle/input/musait/dataset/basket/positive_060.jpg,1,"""That man has
reached
immortality who
is disturbed by
nothing
material.""","[{'x': 112, 'y': 197}, {'x': 523, 'y': 197}, {'x': 523, 'y': 457}, {'x': 112, 'y': 457}]",16:9,horizontal,921600,3:2,horizontal,106860,0.1159505208333333,positive
positive_061.jpg,/kaggle/input/musait/dataset/basket/positive_061.jpg,0,,[],Other,other,50460,,,0,0.0,positive
positive_062.jpg,/kaggle/input/musait/dataset/basket/positive_062.jpg,0,,[],3:2,horizontal,50325,,,0,0.0,positive
positive_063.jpg,/kaggle/input/musait/dataset/basket/positive_063.jpg,1,"""That man has
reached
immortality who
is disturbed by
nothing
material.""","[{'x': 112, 'y': 197}, {'x': 523, 'y': 197}, {'x': 523, 'y': 457}, {'x': 112, 'y': 457}]",16:9,horizontal,921600,3:2,horizontal,106860,0.1159505208333333,positive
positive_064.jpeg,/kaggle/input/musait/dataset/basket/positive_064.jpeg,1,Good News!,"[{'x': 23, 'y': 44}, {'x': 203, 'y': 44}, {'x': 203, 'y': 66}, {'x': 23, 'y': 66}]",1:1,box,50625,Other,other,3960,0.0782222222222222,positive
positive_065.jpg,/kaggle/input/musait/dataset/basket/positive_065.jpg,1,"Nothing truly valuable can be
achieved except by the unselfish
cooperation of many individuals
Albert Einstein
quotefancy","[{'x': 602, 'y': 654}, {'x': 3249, 'y': 654}, {'x': 3249, 'y': 1784}, {'x': 602, 'y': 1784}]",16:9,horizontal,8294400,21:9,horizontal,2991110,0.3606180073302469,positive
positive_066.jpg,/kaggle/input/musait/dataset/basket/positive_066.jpg,0,,[],16:9,horizontal,518400,,,0,0.0,positive
positive_067.jpg,/kaggle/input/musait/dataset/basket/positive_067.jpg,0,,[],3:4,vertical,331520,,,0,0.0,positive
positive_068.jpg,/kaggle/input/musait/dataset/basket/positive_068.jpg,1,"Nothing truly valuable can be
achieved except by the unselfish
cooperation of many individuals
Albert Einstein
quotefancy","[{'x': 602, 'y': 654}, {'x': 3249, 'y': 654}, {'x': 3249, 'y': 1784}, {'x': 602, 'y': 1784}]",16:9,horizontal,8294400,21:9,horizontal,2991110,0.3606180073302469,positive
positive_069.jpg,/kaggle/input/musait/dataset/basket/positive_069.jpg,1,"Learn from yesterday,
live for today,
hope for tomorrow.
The important thing
is not to stop questioning.
-Albert Einstein
RD","[{'x': 67, 'y': 65}, {'x': 650, 'y': 65}, {'x': 650, 'y': 640}, {'x': 67, 'y': 640}]",1:1,box,462400,1:1,box,335225,0.7249675605536332,positive
positive_070.png,/kaggle/input/musait/dataset/basket/positive_070.png,1,The Ministry of Good News,"[{'x': 5, 'y': 150}, {'x': 221, 'y': 150}, {'x': 221, 'y': 167}, {'x': 5, 'y': 167}]",1:1,box,50625,Other,other,3672,0.0725333333333333,positive
positive_071.jpg,/kaggle/input/musait/dataset/basket/positive_071.jpg,1,CFA,"[{'x': 180, 'y': 29}, {'x': 213, 'y': 29}, {'x': 213, 'y': 64}, {'x': 180, 'y': 64}]",3:2,horizontal,50400,1:1,box,1155,0.0229166666666666,positive
positive_072.jpg,/kaggle/input/musait/dataset/basket/positive_072.jpg,1,"70-yr-old 'tunnel man' from Karnataka, who
turned barren land fertile, awarded Padma Shri.
INDIA
mews.in
Via INSHORT
Amai Mahalinga Naik single-handedly converted a
piece of barren hilltop land into a flourishing farm.
He is also known as Surunga, one-man army and
a water warrior. Congratulations to him. A
MEWS","[{'x': 7, 'y': 22}, {'x': 513, 'y': 22}, {'x': 513, 'y': 521}, {'x': 7, 'y': 521}]",1:1,box,276676,1:1,box,252494,0.9125981292197372,positive
positive_073.jpeg,/kaggle/input/musait/dataset/basket/positive_073.jpeg,1,"WE COME TO LOVE NOT BY
FINDING A PERFECT PERSON. BUT
BY LEARNING TO SEE AN
IMPERFECT PERSON PERFECTLY","[{'x': 26, 'y': 26}, {'x': 207, 'y': 26}, {'x': 207, 'y': 81}, {'x': 26, 'y': 81}]",1:1,box,50398,Other,other,9955,0.1975276796698281,positive
positive_074.jpg,/kaggle/input/musait/dataset/basket/positive_074.jpg,1,O Pierre-Emmanuel MICHEL,"[{'x': 332, 'y': 907}, {'x': 617, 'y': 907}, {'x': 617, 'y': 924}, {'x': 332, 'y': 924}]",3:4,vertical,614400,Other,other,4845,0.0078857421875,positive
positive_075.jpeg,/kaggle/input/musait/dataset/basket/positive_075.jpeg,1,"All power
is within
you; you
can do
anything
and
everything.","[{'x': 4, 'y': 0}, {'x': 106, 'y': 0}, {'x': 106, 'y': 165}, {'x': 4, 'y': 165}]",16:9,horizontal,50400,3:4,vertical,16830,0.3339285714285714,positive
positive_076.jpg,/kaggle/input/musait/dataset/basket/positive_076.jpg,0,,[],1:1,box,312600,,,0,0.0,positive
positive_077.jpeg,/kaggle/input/musait/dataset/basket/positive_077.jpeg,1,"All power
is within
you; you
can do
anything
and
everything.","[{'x': 4, 'y': 0}, {'x': 106, 'y': 0}, {'x': 106, 'y': 165}, {'x': 4, 'y': 165}]",16:9,horizontal,50400,3:4,vertical,16830,0.3339285714285714,positive
positive_078.jpeg,/kaggle/input/musait/dataset/basket/positive_078.jpeg,1,"Never make
permanent
decisions on
temporary
feelings.
- Via (Dark Secrets)","[{'x': 229, 'y': 307}, {'x': 505, 'y': 307}, {'x': 505, 'y': 645}, {'x': 229, 'y': 645}]",3:4,vertical,648000,3:4,vertical,93288,0.1439629629629629,positive
positive_079.jpg,/kaggle/input/musait/dataset/basket/positive_079.jpg,1,"EVEREST
BASE CAMP
5364
m
ocial
-44
Nepal So
tours & trav
www.nepalsocialtreks.com","[{'x': 507, 'y': 469}, {'x': 1060, 'y': 469}, {'x': 1060, 'y': 750}, {'x': 507, 'y': 750}]",3:2,horizontal,902488,16:9,horizontal,155393,0.1721828988307877,positive
positive_080.jpeg,/kaggle/input/musait/dataset/basket/positive_080.jpeg,1,"You never fail until
you stop trying.
Albert Einstein","[{'x': 69, 'y': 51}, {'x': 230, 'y': 51}, {'x': 230, 'y': 123}, {'x': 69, 'y': 123}]",16:9,horizontal,50400,21:9,horizontal,11592,0.23,positive
positive_081.jpg,/kaggle/input/musait/dataset/basket/positive_081.jpg,1,SOUMYA,"[{'x': 455, 'y': 695}, {'x': 520, 'y': 695}, {'x': 520, 'y': 708}, {'x': 455, 'y': 708}]",3:4,vertical,372934,Other,other,845,0.0022658164715472,positive
positive_082.jpeg,/kaggle/input/musait/dataset/basket/positive_082.jpeg,1,"You never fail until
you stop trying.
Albert Einstein","[{'x': 69, 'y': 51}, {'x': 230, 'y': 51}, {'x': 230, 'y': 123}, {'x': 69, 'y': 123}]",16:9,horizontal,50400,21:9,horizontal,11592,0.23,positive
positive_083.jpeg,/kaggle/input/musait/dataset/basket/positive_083.jpeg,1,"You must teach your
heart to accept what
cannot be changed.
- Via (Dark Secrets)","[{'x': 150, 'y': 439}, {'x': 613, 'y': 439}, {'x': 613, 'y': 662}, {'x': 150, 'y': 662}]",3:4,vertical,648000,2:1,horizontal,103249,0.1593348765432098,positive
positive_084.jpg,/kaggle/input/musait/dataset/basket/positive_084.jpg,1,"""Insanity is doing the
same thing over and
over again and expecting
different results""
Albert Einstein","[{'x': 91, 'y': 161}, {'x': 636, 'y': 161}, {'x': 636, 'y': 416}, {'x': 91, 'y': 416}]",16:9,horizontal,603988,2:1,horizontal,138975,0.2300956310390272,positive
positive_085.jpg,/kaggle/input/musait/dataset/basket/positive_085.jpg,0,,[],3:4,vertical,1716120,,,0,0.0,positive
positive_086.jpeg,/kaggle/input/musait/dataset/basket/positive_086.jpeg,1,"Sometimes you have to
blame yourself because
you knew better.
Via (Dark Secrets)","[{'x': 121, 'y': 401}, {'x': 630, 'y': 401}, {'x': 630, 'y': 615}, {'x': 121, 'y': 615}]",3:4,vertical,648000,21:9,horizontal,108926,0.1680956790123456,positive
positive_087.jpg,/kaggle/input/musait/dataset/basket/positive_087.jpg,1,"Measure What Is Measurable,
And Make Measurable What Is
Not So.
N
GALILEO GALILEI
2
Statustown.com","[{'x': 325, 'y': 239}, {'x': 1076, 'y': 239}, {'x': 1076, 'y': 601}, {'x': 325, 'y': 601}]",16:9,horizontal,756000,2:1,horizontal,271862,0.3596058201058201,positive
positive_088.jpg,/kaggle/input/musait/dataset/basket/positive_088.jpg,0,,[],3:4,vertical,374400,,,0,0.0,positive
positive_089.jpeg,/kaggle/input/musait/dataset/basket/positive_089.jpeg,1,"Maturity Is when
Someone hurts you and
You try to understand
their situation and
Don't hurt them back.","[{'x': 156, 'y': 503}, {'x': 474, 'y': 503}, {'x': 474, 'y': 731}, {'x': 156, 'y': 731}]",1:1,box,605520,4:3,horizontal,72504,0.1197384066587396,positive
positive_090.jpg,/kaggle/input/musait/dataset/basket/positive_090.jpg,1,"Albert Einstein
Imagination is everything
O FEARLESS MOTIVATION.COM","[{'x': 188, 'y': 300}, {'x': 1103, 'y': 300}, {'x': 1103, 'y': 561}, {'x': 188, 'y': 561}]",16:9,horizontal,921600,Other,other,238815,0.259130859375,positive
positive_091.jpg,/kaggle/input/musait/dataset/basket/positive_091.jpg,0,,[],3:4,vertical,303600,,,0,0.0,positive
positive_092.jpeg,/kaggle/input/musait/dataset/basket/positive_092.jpeg,1,"Step by step. Day by
day. It all comes to
you in due time.
Via (Dark Secrets)","[{'x': 147, 'y': 432}, {'x': 614, 'y': 432}, {'x': 614, 'y': 656}, {'x': 147, 'y': 656}]",3:4,vertical,648000,2:1,horizontal,104608,0.1614320987654321,positive
positive_093.jpg,/kaggle/input/musait/dataset/basket/positive_093.jpg,0,,[],3:2,horizontal,437400,,,0,0.0,positive
positive_094.jpeg,/kaggle/input/musait/dataset/basket/positive_094.jpeg,1,"NEVER COMPARE YOURSELF WITH
ANYONE. YOU ARE UNIQUE, COMPLETE
AND BEAUTIFUL.
-ADEEP","[{'x': 110, 'y': 117}, {'x': 601, 'y': 117}, {'x': 601, 'y': 295}, {'x': 110, 'y': 295}]",3:4,vertical,685440,Other,other,87398,0.1275064192343604,positive
positive_095.jpeg,/kaggle/input/musait/dataset/basket/positive_095.jpeg,1,"NEVER COMPARE YOURSELF WITH
ANYONE. YOU ARE UNIQUE, COMPLETE
AND BEAUTIFUL.
-ADEEP","[{'x': 110, 'y': 117}, {'x': 601, 'y': 117}, {'x': 601, 'y': 295}, {'x': 110, 'y': 295}]",3:4,vertical,685440,Other,other,87398,0.1275064192343604,positive
positive_096.jpeg,/kaggle/input/musait/dataset/basket/positive_096.jpeg,1,"1111
A KING ISN'T BORN. HE IS MADE.
@successpictures
@successpictures","[{'x': 34, 'y': 21}, {'x': 680, 'y': 21}, {'x': 680, 'y': 581}, {'x': 34, 'y': 581}]",1:1,box,513360,5:4,horizontal,361760,0.7046906654199782,positive
positive_097.jpg,/kaggle/input/musait/dataset/basket/positive_097.jpg,0,,[],1:1,box,269838,,,0,0.0,positive
positive_098.jpeg,/kaggle/input/musait/dataset/basket/positive_098.jpeg,1,"No amount of
physical beauty will
ever be as valuable
as a beautiful
heart.
(Thoughts Wonder)","[{'x': 109, 'y': 164}, {'x': 598, 'y': 164}, {'x': 598, 'y': 478}, {'x': 109, 'y': 478}]",1:1,box,585360,3:2,horizontal,153546,0.262310373103731,positive
positive_099.jpeg,/kaggle/input/musait/dataset/basket/positive_099.jpeg,1,"No amount of
physical beauty will
ever be as valuable
as a beautiful
heart.
(Thoughts Wonder)","[{'x': 109, 'y': 164}, {'x': 598, 'y': 164}, {'x': 598, 'y': 478}, {'x': 109, 'y': 478}]",1:1,box,585360,3:2,horizontal,153546,0.262310373103731,positive
positive_100.jpeg,/kaggle/input/musait/dataset/basket/positive_100.jpeg,1,"Balance is Key in Life
@successpictures
G
@successpictures
@successpictures","[{'x': 70, 'y': 33}, {'x': 717, 'y': 33}, {'x': 717, 'y': 524}, {'x': 70, 'y': 524}]",1:1,box,518400,4:3,horizontal,317677,0.6128028549382716,positive
positive_1000.jpg,/kaggle/input/musait/dataset/basket/positive_1000.jpg,1,"❝If you can dream it,
you can do it.""
WALT DISNEY","[{'x': 87, 'y': 30}, {'x': 697, 'y': 30}, {'x': 697, 'y': 250}, {'x': 87, 'y': 250}]",1:1,box,540225,Other,other,134200,0.2484150122634087,positive
positive_1001.jpg,/kaggle/input/musait/dataset/basket/positive_1001.jpg,1,"""A GOOD IDEA
BECOMES
A GREAT IDEA
WHEN
YOU LET IT
OUT.""
quoteslife143.online","[{'x': 130, 'y': 151}, {'x': 591, 'y': 151}, {'x': 591, 'y': 1032}, {'x': 130, 'y': 1032}]",3:4,vertical,810705,2:3,vertical,406141,0.5009726102589721,positive
positive_1002.jpg,/kaggle/input/musait/dataset/basket/positive_1002.jpg,1,"InspiredVibes
Eventually you'll end up where
you need to be, with who you're
meant to be with, and doing
what you should be doing.
Patience is the key.
E
中","[{'x': 65, 'y': 134}, {'x': 673, 'y': 134}, {'x': 673, 'y': 672}, {'x': 65, 'y': 672}]",3:4,vertical,669585,1:1,box,327104,0.4885175145799263,positive
positive_1003.jpg,/kaggle/input/musait/dataset/basket/positive_1003.jpg,1,"It takes a lot
of courage
to push through
hard times.
Never give up.
Good things
are coming
your way.","[{'x': 138, 'y': 189}, {'x': 596, 'y': 189}, {'x': 596, 'y': 809}, {'x': 138, 'y': 809}]",3:4,vertical,735735,3:4,vertical,283960,0.3859541818725492,positive
positive_1004.jpg,/kaggle/input/musait/dataset/basket/positive_1004.jpg,1,"Every end is
a new
beginning
PICTURE QUOTER.COM","[{'x': 94, 'y': 162}, {'x': 637, 'y': 162}, {'x': 637, 'y': 1008}, {'x': 94, 'y': 1008}]",3:4,vertical,746760,3:4,vertical,459378,0.6151614976699341,positive
positive_1005.jpg,/kaggle/input/musait/dataset/basket/positive_1005.jpg,1,"let your
faith
be
bggon
than your
fear","[{'x': 191, 'y': 84}, {'x': 570, 'y': 84}, {'x': 570, 'y': 565}, {'x': 191, 'y': 565}]",3:4,vertical,694575,3:4,vertical,182299,0.2624612172911492,positive
positive_1006.jpg,/kaggle/input/musait/dataset/basket/positive_1006.jpg,1,"DON'T LET
ANYONE'S
IGNORANCE, HATE,
DRAMA, OR
NEGATIVITY STOP
YOU FROM BEING
THE BEST PERSON
YOU CAN BE.
KUSHANDWIZDOM","[{'x': 111, 'y': 199}, {'x': 624, 'y': 199}, {'x': 624, 'y': 967}, {'x': 111, 'y': 967}]",3:4,vertical,717360,3:4,vertical,393984,0.5492137838742054,positive
positive_1007.jpg,/kaggle/input/musait/dataset/basket/positive_1007.jpg,1,"""ACTION IS THE
FOUNDATIONAL
KEY TO ALL
SUCCESS.""","[{'x': 122, 'y': 122}, {'x': 525, 'y': 122}, {'x': 525, 'y': 414}, {'x': 122, 'y': 414}]",1:1,box,409600,4:3,horizontal,117676,0.287294921875,positive
positive_1008.jpg,/kaggle/input/musait/dataset/basket/positive_1008.jpg,1,"I love you
and
I don't want to
lose you.
Because my life
has been better
Since the day
I found you..","[{'x': 51, 'y': 145}, {'x': 582, 'y': 145}, {'x': 582, 'y': 879}, {'x': 51, 'y': 879}]",3:4,vertical,664320,3:4,vertical,389754,0.5866961705202313,positive
positive_1009.jpg,/kaggle/input/musait/dataset/basket/positive_1009.jpg,1,"Be with someone
who is good for
your mental health.","[{'x': 68, 'y': 201}, {'x': 598, 'y': 201}, {'x': 598, 'y': 436}, {'x': 68, 'y': 436}]",1:1,box,409600,21:9,horizontal,124550,0.3040771484375,positive
positive_101.jpg,/kaggle/input/musait/dataset/basket/positive_101.jpg,1,"Success is not always
what you see.
@successpictures
successpictures","[{'x': 32, 'y': 4}, {'x': 495, 'y': 4}, {'x': 495, 'y': 124}, {'x': 32, 'y': 124}]",1:1,box,276676,Other,other,55560,0.2008125027107519,positive
positive_1010.jpg,/kaggle/input/musait/dataset/basket/positive_1010.jpg,1,"LIFE IS SHORT
Always choose
HAPPINESS
Bluebird Wishe","[{'x': 127, 'y': 83}, {'x': 666, 'y': 83}, {'x': 666, 'y': 741}, {'x': 127, 'y': 741}]",1:1,box,640000,3:4,vertical,354662,0.554159375,positive
positive_1011.jpg,/kaggle/input/musait/dataset/basket/positive_1011.jpg,1,"Time
happy","[{'x': 296, 'y': 193}, {'x': 560, 'y': 193}, {'x': 560, 'y': 429}, {'x': 296, 'y': 429}]",16:9,horizontal,360000,1:1,box,62304,0.1730666666666666,positive
positive_1012.jpg,/kaggle/input/musait/dataset/basket/positive_1012.jpg,1,"HAPPINESS IS
JUST A MOOD
""POSITIVITY""
IS A MINDSET
WWW.GIRLBOSSVIBES.COM","[{'x': 135, 'y': 351}, {'x': 544, 'y': 351}, {'x': 544, 'y': 727}, {'x': 135, 'y': 727}]",3:4,vertical,699392,1:1,box,153784,0.2198824121522694,positive
positive_1013.jpg,/kaggle/input/musait/dataset/basket/positive_1013.jpg,1,"THINK OF ALL THE BEAUTY
STILL LEFT AROUND YOU
AND BE HAPPY.
Anne Frank
dailyquotesbank.com","[{'x': 124, 'y': 69}, {'x': 487, 'y': 69}, {'x': 487, 'y': 769}, {'x': 124, 'y': 769}]",3:4,vertical,478240,2:3,vertical,254100,0.5313231850117096,positive
positive_1014.jpg,/kaggle/input/musait/dataset/basket/positive_1014.jpg,1,"I will no longer
allow the
NEGATIVE
things in my
life to SPOIL all
of the GOOD
things i have.
I choose to be
HAPPY.
More Quotes @ www.Inspiring Quotes.in","[{'x': 106, 'y': 37}, {'x': 384, 'y': 37}, {'x': 384, 'y': 422}, {'x': 106, 'y': 422}]",1:1,box,174400,3:4,vertical,107030,0.6137041284403669,positive
positive_1015.jpg,/kaggle/input/musait/dataset/basket/positive_1015.jpg,1,"THE HAPPINESS OF
YOUR LIFE
DEPENDS UPTO
THE QUALITY OF
YOUR THOUGHTS
SO THINK HAPPY
AND POSITIVE.","[{'x': 340, 'y': 47}, {'x': 673, 'y': 47}, {'x': 673, 'y': 326}, {'x': 340, 'y': 326}]",4:3,horizontal,338877,4:3,horizontal,92907,0.2741614214006852,positive
positive_1016.jpg,/kaggle/input/musait/dataset/basket/positive_1016.jpg,1,"A positive attitude brings
much gratitude. Think positive,
be positive, speak positive.
Do it every day, make it
a HABIT.","[{'x': 62, 'y': 155}, {'x': 669, 'y': 155}, {'x': 669, 'y': 425}, {'x': 62, 'y': 425}]",3:4,vertical,716562,21:9,horizontal,163890,0.2287171242683815,positive
positive_1017.jpg,/kaggle/input/musait/dataset/basket/positive_1017.jpg,1,"Today
I choose to be
Happy.
The Power of Quotes","[{'x': 102, 'y': 124}, {'x': 415, 'y': 124}, {'x': 415, 'y': 451}, {'x': 102, 'y': 451}]",1:1,box,252480,1:1,box,102351,0.4053826045627376,positive
positive_1018.jpg,/kaggle/input/musait/dataset/basket/positive_1018.jpg,1,"EmilysQuotes.Com
""Be happy. Be who you wanna be.
If others doesn't like it, then let them be.
Happiness is a choice.
Life isn't about pleasing everybody.","[{'x': 4, 'y': 295}, {'x': 1174, 'y': 295}, {'x': 1174, 'y': 711}, {'x': 4, 'y': 711}]",Other,other,866360,Other,other,486720,0.5617987903411976,positive
positive_1019.jpg,/kaggle/input/musait/dataset/basket/positive_1019.jpg,1,"When
you
love
what you have,
you have
everything
you need","[{'x': 111, 'y': 513}, {'x': 742, 'y': 513}, {'x': 742, 'y': 1054}, {'x': 111, 'y': 1054}]",2:3,vertical,1285200,5:4,horizontal,341371,0.2656170245876128,positive
positive_102.jpeg,/kaggle/input/musait/dataset/basket/positive_102.jpeg,1,"As long as you are alive, you
have it in you. Never give up.
- Via (Dark Secrets)","[{'x': 173, 'y': 445}, {'x': 557, 'y': 445}, {'x': 557, 'y': 559}, {'x': 173, 'y': 559}]",3:4,vertical,648000,Other,other,43776,0.0675555555555555,positive
positive_1020.jpg,/kaggle/input/musait/dataset/basket/positive_1020.jpg,1,"""
""HAPPINESS HELD IS THE
SEED; HAPPINESS SHARED IS
THE FLOWER.""
JOHN HARRIGAN
BLOOMAKER.COM","[{'x': 332, 'y': 461}, {'x': 2196, 'y': 461}, {'x': 2196, 'y': 1921}, {'x': 332, 'y': 1921}]",1:1,box,6250000,4:3,horizontal,2721440,0.4354304,positive
positive_1021.jpg,/kaggle/input/musait/dataset/basket/positive_1021.jpg,1,"happy
MIND
happy
LIFE","[{'x': 36, 'y': 29}, {'x': 165, 'y': 29}, {'x': 165, 'y': 224}, {'x': 36, 'y': 224}]",3:4,vertical,50400,3:4,vertical,25155,0.4991071428571428,positive
positive_103.jpeg,/kaggle/input/musait/dataset/basket/positive_103.jpeg,1,"As long as you are alive, you
have it in you. Never give up.
- Via (Dark Secrets)","[{'x': 173, 'y': 445}, {'x': 557, 'y': 445}, {'x': 557, 'y': 559}, {'x': 173, 'y': 559}]",3:4,vertical,648000,Other,other,43776,0.0675555555555555,positive
positive_104.jpeg,/kaggle/input/musait/dataset/basket/positive_104.jpeg,0,,[],4:3,horizontal,50432,,,0,0.0,positive
positive_105.jpg,/kaggle/input/musait/dataset/basket/positive_105.jpg,0,,[],16:9,horizontal,50562,,,0,0.0,positive
positive_106.jpeg,/kaggle/input/musait/dataset/basket/positive_106.jpeg,1,"Remember,
anyone can love you
when the sun is shining.
In the storms is where
you learn who truly
cares for you.
(Wonders Diary)
www.wondersdiary.com","[{'x': 108, 'y': 109}, {'x': 595, 'y': 109}, {'x': 595, 'y': 858}, {'x': 108, 'y': 858}]",3:4,vertical,647280,3:4,vertical,364763,0.5635320108762822,positive
positive_107.jpeg,/kaggle/input/musait/dataset/basket/positive_107.jpeg,1,"Remember,
anyone can love you
when the sun is shining.
In the storms is where
you learn who truly
cares for you.
(Wonders Diary)
www.wondersdiary.com","[{'x': 108, 'y': 109}, {'x': 595, 'y': 109}, {'x': 595, 'y': 858}, {'x': 108, 'y': 858}]",3:4,vertical,647280,3:4,vertical,364763,0.5635320108762822,positive
positive_108.jpeg,/kaggle/input/musait/dataset/basket/positive_108.jpeg,1,"NAME
Happy Anniversary
Any Name Here
Ganiversaries are the days be treasure your
companion and let them know that you are going to
create the best moments in the upcoming year
Celebrate the memories of yesterday, joys of today,
hopes of tomorrow and forever togetherness.","[{'x': 0, 'y': 100}, {'x': 176, 'y': 100}, {'x': 176, 'y': 266}, {'x': 0, 'y': 266}]",3:4,vertical,50325,1:1,box,29216,0.5805464480874317,positive
positive_109.jpg,/kaggle/input/musait/dataset/basket/positive_109.jpg,1,"@successpictures
Karma
@successpictures
Good or bad, what you put
out comes back to you!
@successpictures","[{'x': 34, 'y': 28}, {'x': 504, 'y': 28}, {'x': 504, 'y': 501}, {'x': 34, 'y': 501}]",1:1,box,276676,1:1,box,222310,0.8035030143561422,positive
positive_110.jpeg,/kaggle/input/musait/dataset/basket/positive_110.jpeg,1,"Better to be king of
your silence than slave
of your words.
(Thoughts Wonder)
Thoughts Wonder","[{'x': 92, 'y': 164}, {'x': 625, 'y': 164}, {'x': 625, 'y': 850}, {'x': 92, 'y': 850}]",3:4,vertical,648000,3:4,vertical,365638,0.5642561728395061,positive
positive_111.jpeg,/kaggle/input/musait/dataset/basket/positive_111.jpeg,1,"Better to be king of
your silence than slave
of your words.
(Thoughts Wonder)
Thoughts Wonder","[{'x': 92, 'y': 164}, {'x': 625, 'y': 164}, {'x': 625, 'y': 850}, {'x': 92, 'y': 850}]",3:4,vertical,648000,3:4,vertical,365638,0.5642561728395061,positive
positive_112.jpeg,/kaggle/input/musait/dataset/basket/positive_112.jpeg,1,"Be grateful for what you have.
@successpictures
རེ་ར
212
@successpictures
@successpictures
\\
(L.","[{'x': 0, 'y': 17}, {'x': 686, 'y': 17}, {'x': 686, 'y': 587}, {'x': 0, 'y': 587}]",1:1,box,519120,4:3,horizontal,391020,0.7532362459546925,positive
positive_113.jpg,/kaggle/input/musait/dataset/basket/positive_113.jpg,0,,[],16:9,horizontal,50382,,,0,0.0,positive
positive_114.jpeg,/kaggle/input/musait/dataset/basket/positive_114.jpeg,1,"if it keeps you happy, keep it quiet.
- Via (Dark Secrets)","[{'x': 102, 'y': 498}, {'x': 649, 'y': 498}, {'x': 649, 'y': 581}, {'x': 102, 'y': 581}]",3:4,vertical,648000,Other,other,45401,0.0700632716049382,positive
positive_115.jpeg,/kaggle/input/musait/dataset/basket/positive_115.jpeg,1,"if it keeps you happy, keep it quiet.
- Via (Dark Secrets)","[{'x': 102, 'y': 498}, {'x': 649, 'y': 498}, {'x': 649, 'y': 581}, {'x': 102, 'y': 581}]",3:4,vertical,648000,Other,other,45401,0.0700632716049382,positive
positive_116.jpeg,/kaggle/input/musait/dataset/basket/positive_116.jpeg,1,"believe, time changes everything.","[{'x': 161, 'y': 433}, {'x': 551, 'y': 433}, {'x': 551, 'y': 467}, {'x': 161, 'y': 467}]",3:4,vertical,648000,Other,other,13260,0.0204629629629629,positive
positive_117.jpg,/kaggle/input/musait/dataset/basket/positive_117.jpg,1,"Being late doesn't mean
failure. Maybe it means getting
ready for a great launch.
@successpictures
successpictures
Successpictures
56","[{'x': 15, 'y': 15}, {'x': 511, 'y': 15}, {'x': 511, 'y': 506}, {'x': 15, 'y': 506}]",1:1,box,276676,1:1,box,243536,0.8802209082103254,positive
positive_118.jpeg,/kaggle/input/musait/dataset/basket/positive_118.jpeg,1,"The secret of being
happy is accepting
where you are in life
and making the
most out of
every day.
(Wonders Diary)
www.wondersdiary.com","[{'x': 86, 'y': 135}, {'x': 618, 'y': 135}, {'x': 618, 'y': 855}, {'x': 86, 'y': 855}]",3:4,vertical,648000,3:4,vertical,383040,0.5911111111111111,positive
positive_119.jpeg,/kaggle/input/musait/dataset/basket/positive_119.jpeg,1,"The secret of being
happy is accepting
where you are in life
and making the
most out of
every day.
(Wonders Diary)
www.wondersdiary.com","[{'x': 86, 'y': 135}, {'x': 618, 'y': 135}, {'x': 618, 'y': 855}, {'x': 86, 'y': 855}]",3:4,vertical,648000,3:4,vertical,383040,0.5911111111111111,positive
positive_120.jpeg,/kaggle/input/musait/dataset/basket/positive_120.jpeg,1,"LIFE IS TOO SHORT TO HIDE
THINGS. DON'T BE AFRAID TO
SAY WHAT YOU FEEL.
@successpictures
' |\
@successpictures","[{'x': 36, 'y': 20}, {'x': 678, 'y': 20}, {'x': 678, 'y': 455}, {'x': 36, 'y': 455}]",1:1,box,519120,4:3,horizontal,279270,0.5379680998613038,positive
positive_121.jpg,/kaggle/input/musait/dataset/basket/positive_121.jpg,0,,[],3:4,vertical,50373,,,0,0.0,positive
positive_122.jpeg,/kaggle/input/musait/dataset/basket/positive_122.jpeg,1,"Rediate good cheer and
goodwill towards everyone. It
works like a magnet. You
attract what you rediate.
- Via (Dark Secrets)","[{'x': 88, 'y': 406}, {'x': 642, 'y': 406}, {'x': 642, 'y': 714}, {'x': 88, 'y': 714}]",3:4,vertical,648000,16:9,horizontal,170632,0.263320987654321,positive
positive_123.jpeg,/kaggle/input/musait/dataset/basket/positive_123.jpeg,1,"Rediate good cheer and
goodwill towards everyone. It
works like a magnet. You
attract what you rediate.
- Via (Dark Secrets)","[{'x': 88, 'y': 406}, {'x': 642, 'y': 406}, {'x': 642, 'y': 714}, {'x': 88, 'y': 714}]",3:4,vertical,648000,16:9,horizontal,170632,0.263320987654321,positive
positive_124.jpeg,/kaggle/input/musait/dataset/basket/positive_124.jpeg,1,"NEVER JUDGE SOMEONE WITHOUT
KNOWING THE WHOLE STORY
@successpictures
He is so negative
Yes, he is weird
Let's not talk to him
GROWING UP
WITHOUT
FAMILY
LOSS
LOST
HIS
JOB
BREAKUP
OF A
CLOSE ONE
@successpictures
@successpictures
BUSINESS
NO MONEY
BANKRUPT
TO LIVE","[{'x': 8, 'y': 34}, {'x': 708, 'y': 34}, {'x': 708, 'y': 612}, {'x': 8, 'y': 612}]",1:1,box,518400,4:3,horizontal,404600,0.7804783950617284,positive
positive_125.jpg,/kaggle/input/musait/dataset/basket/positive_125.jpg,1,"""Do everything with a
good heart and expect
nothing in return, and
you will never be
disappointed.""
-Barbara Lowe
Lessons
EARNED","[{'x': 108, 'y': 63}, {'x': 507, 'y': 63}, {'x': 507, 'y': 528}, {'x': 108, 'y': 528}]",3:4,vertical,362414,1:1,box,185535,0.5119421435154271,positive
positive_126.jpeg,/kaggle/input/musait/dataset/basket/positive_126.jpeg,1,"A satisfied life is better
than a successful life,
because our success is
measured by others, but
our satisfaction is
measured by our own
soul, mind and heart.","[{'x': 99, 'y': 414}, {'x': 627, 'y': 414}, {'x': 627, 'y': 807}, {'x': 99, 'y': 807}]",1:1,box,609840,4:3,horizontal,207504,0.3402597402597402,positive
positive_127.jpeg,/kaggle/input/musait/dataset/basket/positive_127.jpeg,1,"A satisfied life is better
than a successful life,
because our success is
measured by others, but
our satisfaction is
measured by our own
soul, mind and heart.","[{'x': 99, 'y': 414}, {'x': 627, 'y': 414}, {'x': 627, 'y': 807}, {'x': 99, 'y': 807}]",1:1,box,609840,4:3,horizontal,207504,0.3402597402597402,positive
positive_128.jpeg,/kaggle/input/musait/dataset/basket/positive_128.jpeg,1,"WHY IS JUPITER THE MOST BADASS
PLANET IN THE SOLAR SYSTEM?
IT IS THE LARGEST AND
THE OLDEST PLANET.
IT'S SO LARGE THAT
1300 EARTH CAN
FIT INSIDE IT.
IT HAS 79 MOONS,
SOME OF WHICH
ARE LARGER THAN
MERCURY.
IT'S COVERED WITH LARGE
STORMS SOME OF WHICH ARE
EVEN LARGER THAN EARTH.
IT'S CALLED A 'FAILED STAR'.
IF IT HAS ENOUGH MASS, IT'S
CORE COULD'VE SUSTAINED
IT'S GRAVITY PROTECTS
EARTH FROM ASTEROIDS &
COMETS AND STABILIZES THE
SOLAR SYSTEM.
NUCLEAR FUSION LIKE THE SUN. IG/FB:- FREAKY ASTROPHILE","[{'x': 8, 'y': 18}, {'x': 717, 'y': 18}, {'x': 717, 'y': 899}, {'x': 8, 'y': 899}]",3:4,vertical,648000,3:4,vertical,624629,0.9639336419753086,positive
positive_129.jpg,/kaggle/input/musait/dataset/basket/positive_129.jpg,1,"@Tinola
My only goal in
life is to convince
every cat that i'm
their friend.","[{'x': 185, 'y': 268}, {'x': 434, 'y': 268}, {'x': 434, 'y': 447}, {'x': 185, 'y': 447}]",1:1,box,527760,4:3,horizontal,44571,0.0844531605275125,positive
positive_130.jpeg,/kaggle/input/musait/dataset/basket/positive_130.jpeg,1,"Conceive. Believe. Achieve.
If your mind can conceive and
your heart believes it then you
can achieve it.
- Via (Dark Secrets)","[{'x': 107, 'y': 273}, {'x': 667, 'y': 273}, {'x': 667, 'y': 665}, {'x': 107, 'y': 665}]",3:4,vertical,648000,4:3,horizontal,219520,0.3387654320987654,positive
positive_131.jpeg,/kaggle/input/musait/dataset/basket/positive_131.jpeg,1,"Conceive. Believe. Achieve.
If your mind can conceive and
your heart believes it then you
can achieve it.
- Via (Dark Secrets)","[{'x': 107, 'y': 274}, {'x': 667, 'y': 274}, {'x': 667, 'y': 665}, {'x': 107, 'y': 665}]",3:4,vertical,648000,4:3,horizontal,218960,0.3379012345679012,positive
positive_132.jpeg,/kaggle/input/musait/dataset/basket/positive_132.jpeg,1,"You glow differently
when you have good
people with good
intentions in
your life.
(Thoughts Wonder)","[{'x': 109, 'y': 186}, {'x': 598, 'y': 186}, {'x': 598, 'y': 507}, {'x': 109, 'y': 507}]",1:1,box,585360,3:2,horizontal,156969,0.2681580565805658,positive
positive_133.jpg,/kaggle/input/musait/dataset/basket/positive_133.jpg,1,"I alone absorb
22 Kg of CO2 in a year.
All I ask in
return is that
""you let me live""","[{'x': 102, 'y': 323}, {'x': 405, 'y': 323}, {'x': 405, 'y': 562}, {'x': 102, 'y': 562}]",3:4,vertical,327680,4:3,horizontal,72417,0.2209991455078125,positive
positive_134.jpeg,/kaggle/input/musait/dataset/basket/positive_134.jpeg,1,"Do not hesitate to say no.
- Via (Dark Secrets)","[{'x': 169, 'y': 602}, {'x': 567, 'y': 602}, {'x': 567, 'y': 662}, {'x': 169, 'y': 662}]",3:4,vertical,648000,Other,other,23880,0.0368518518518518,positive
positive_135.jpeg,/kaggle/input/musait/dataset/basket/positive_135.jpeg,1,"lifemello
Every situation in life
is temporary.
So, when life is good,
make sure you enjoy and
receive it fully.
And when life is not good,
remember that it will not
last forever and better
days are on the way.","[{'x': 30, 'y': 395}, {'x': 626, 'y': 395}, {'x': 626, 'y': 874}, {'x': 30, 'y': 874}]",3:4,vertical,648000,4:3,horizontal,285484,0.4405617283950617,positive
positive_136.jpg,/kaggle/input/musait/dataset/basket/positive_136.jpg,1,"Never lose your
@successpictures
inner child.","[{'x': 30, 'y': 386}, {'x': 501, 'y': 386}, {'x': 501, 'y': 499}, {'x': 30, 'y': 499}]",1:1,box,276676,Other,other,53223,0.1923657997079616,positive
positive_137.jpeg,/kaggle/input/musait/dataset/basket/positive_137.jpeg,1,"(43)
CHWWW
Don't let
people know
too much
about you.","[{'x': 203, 'y': 257}, {'x': 521, 'y': 257}, {'x': 521, 'y': 849}, {'x': 203, 'y': 849}]",3:4,vertical,656640,2:3,vertical,188256,0.2866959064327485,positive
positive_138.jpeg,/kaggle/input/musait/dataset/basket/positive_138.jpeg,1,"Time is precious.
Make sure you
spend it with the
right people.","[{'x': 61, 'y': 46}, {'x': 650, 'y': 46}, {'x': 650, 'y': 407}, {'x': 61, 'y': 407}]",3:4,vertical,637320,3:2,horizontal,212629,0.3336298876545534,positive
positive_139.jpg,/kaggle/input/musait/dataset/basket/positive_139.jpg,0,,[],3:4,vertical,368726,,,0,0.0,positive
positive_140.jpeg,/kaggle/input/musait/dataset/basket/positive_140.jpeg,1,"Time is precious.
Make sure you
spend it with the
right people.","[{'x': 61, 'y': 46}, {'x': 650, 'y': 46}, {'x': 650, 'y': 407}, {'x': 61, 'y': 407}]",3:4,vertical,637320,3:2,horizontal,212629,0.3336298876545534,positive
positive_141.jpeg,/kaggle/input/musait/dataset/basket/positive_141.jpeg,1,"Normalize distancing
yourself the moment.
they disrespect you.
-
Via (Dark Secrets)","[{'x': 110, 'y': 514}, {'x': 614, 'y': 514}, {'x': 614, 'y': 749}, {'x': 110, 'y': 749}]",3:4,vertical,648000,2:1,horizontal,118440,0.1827777777777778,positive
positive_142.jpg,/kaggle/input/musait/dataset/basket/positive_142.jpg,0,,[],1:1,box,65536,,,0,0.0,positive
positive_143.jpeg,/kaggle/input/musait/dataset/basket/positive_143.jpeg,1,"Don't cry over the past,
it's gone, don't stress
about the future, it has
not arrived yet. Live in
the present and make
@Motivational Life
it beautiful.","[{'x': 38, 'y': 223}, {'x': 683, 'y': 223}, {'x': 683, 'y': 746}, {'x': 38, 'y': 746}]",3:4,vertical,777600,4:3,horizontal,337335,0.4338155864197531,positive
positive_144.jpg,/kaggle/input/musait/dataset/basket/positive_144.jpg,0,,[],1:1,box,65536,,,0,0.0,positive
positive_145.jpeg,/kaggle/input/musait/dataset/basket/positive_145.jpeg,1,"Don't cry over the past,
it's gone, don't stress
about the future, it has
not arrived yet. Live in
the present and make
@Motivational Life
it beautiful.","[{'x': 38, 'y': 223}, {'x': 683, 'y': 223}, {'x': 683, 'y': 746}, {'x': 38, 'y': 746}]",3:4,vertical,777600,4:3,horizontal,337335,0.4338155864197531,positive
positive_146.jpeg,/kaggle/input/musait/dataset/basket/positive_146.jpeg,1,"Trust your intuition.
It never lies.
Via (Dark Secrets)","[{'x': 137, 'y': 430}, {'x': 634, 'y': 430}, {'x': 634, 'y': 578}, {'x': 137, 'y': 578}]",3:4,vertical,648000,Other,other,73556,0.1135123456790123,positive
positive_147.jpg,/kaggle/input/musait/dataset/basket/positive_147.jpg,0,,[],1:1,box,65536,,,0,0.0,positive
positive_148.jpeg,/kaggle/input/musait/dataset/basket/positive_148.jpeg,1,"Trust your intuition.
It never lies.
Via (Dark Secrets)","[{'x': 137, 'y': 430}, {'x': 634, 'y': 430}, {'x': 634, 'y': 578}, {'x': 137, 'y': 578}]",3:4,vertical,648000,Other,other,73556,0.1135123456790123,positive
positive_149.jpeg,/kaggle/input/musait/dataset/basket/positive_149.jpeg,1,"Happy moments come with a happy heart.
yuzdeyuzingilizce","[{'x': 75, 'y': 439}, {'x': 644, 'y': 439}, {'x': 644, 'y': 506}, {'x': 75, 'y': 506}]",1:1,box,556560,Other,other,38123,0.0684975564179962,positive
positive_150.jpg,/kaggle/input/musait/dataset/basket/positive_150.jpg,0,,[],1:1,box,65536,,,0,0.0,positive
positive_151.jpeg,/kaggle/input/musait/dataset/basket/positive_151.jpeg,1,"Happy moments come with a happy heart.
yuzdeyuzingilizce","[{'x': 75, 'y': 439}, {'x': 644, 'y': 439}, {'x': 644, 'y': 506}, {'x': 75, 'y': 506}]",1:1,box,556560,Other,other,38123,0.0684975564179962,positive
positive_152.jpeg,/kaggle/input/musait/dataset/basket/positive_152.jpeg,1,"INSTAGRAM/@THE LEGENDS SAYS
SUCCESS IS NOT
THE KEY TO HAPPINESS.
HAPPINESS IS THE KEY TO
SUCCESS.
INSTAGRAM/@THE LEGENDS SAYS","[{'x': 117, 'y': 2}, {'x': 707, 'y': 2}, {'x': 707, 'y': 865}, {'x': 117, 'y': 865}]",3:4,vertical,636480,3:4,vertical,509170,0.7999780040221217,positive
positive_153.jpg,/kaggle/input/musait/dataset/basket/positive_153.jpg,0,,[],1:1,box,65536,,,0,0.0,positive
positive_154.jpeg,/kaggle/input/musait/dataset/basket/positive_154.jpeg,1,"INSTAGRAM/@THE LEGENDS SAYS
SUCCESS IS NOT
THE KEY TO HAPPINESS.
HAPPINESS IS THE KEY TO
SUCCESS.
INSTAGRAM/@THE LEGENDS SAYS","[{'x': 117, 'y': 2}, {'x': 707, 'y': 2}, {'x': 707, 'y': 865}, {'x': 117, 'y': 865}]",3:4,vertical,636480,3:4,vertical,509170,0.7999780040221217,positive
positive_155.jpeg,/kaggle/input/musait/dataset/basket/positive_155.jpeg,1,"Never give up.
Great things
take time.
Be patient.","[{'x': 76, 'y': 69}, {'x': 535, 'y': 69}, {'x': 535, 'y': 350}, {'x': 76, 'y': 350}]",3:4,vertical,647280,3:2,horizontal,128979,0.1992630700778642,positive
positive_156.jpg,/kaggle/input/musait/dataset/basket/positive_156.jpg,0,,[],1:1,box,65536,,,0,0.0,positive
positive_157.jpeg,/kaggle/input/musait/dataset/basket/positive_157.jpeg,1,"Never give up.
Great things
take time.
Be patient.","[{'x': 76, 'y': 69}, {'x': 535, 'y': 69}, {'x': 535, 'y': 350}, {'x': 76, 'y': 350}]",3:4,vertical,647280,3:2,horizontal,128979,0.1992630700778642,positive
positive_158.jpeg,/kaggle/input/musait/dataset/basket/positive_158.jpeg,1,"Rabindranath
Tagore Jayanti
Best Birthday Wishes
CBestmessage.org","[{'x': 124, 'y': 36}, {'x': 285, 'y': 36}, {'x': 285, 'y': 169}, {'x': 124, 'y': 169}]",16:9,horizontal,50320,4:3,horizontal,21413,0.4255365659777425,positive
positive_159.jpg,/kaggle/input/musait/dataset/basket/positive_159.jpg,0,,[],1:1,box,65536,,,0,0.0,positive
positive_160.jpg,/kaggle/input/musait/dataset/basket/positive_160.jpg,1,"GE
You have
to dream
before your
dreams can
come true.
A. P. J. Abdul Kalam
The Indian EXPRESS","[{'x': 22, 'y': 35}, {'x': 734, 'y': 35}, {'x': 734, 'y': 414}, {'x': 22, 'y': 414}]",16:9,horizontal,320298,16:9,horizontal,269848,0.8424904307863302,positive
positive_161.jpg,/kaggle/input/musait/dataset/basket/positive_161.jpg,0,,[],1:1,box,65536,,,0,0.0,positive
positive_162.jpg,/kaggle/input/musait/dataset/basket/positive_162.jpg,1,"GE
You have
to dream
before your
dreams can
come true.
A. P. J. Abdul Kalam
The Indian EXPRESS","[{'x': 22, 'y': 35}, {'x': 734, 'y': 35}, {'x': 734, 'y': 414}, {'x': 22, 'y': 414}]",16:9,horizontal,320298,16:9,horizontal,269848,0.8424904307863302,positive
positive_163.jpg,/kaggle/input/musait/dataset/basket/positive_163.jpg,1,"99
LIFE and TIME
are the world's
best Teachers.
Life teaches
us to make
good use of
TIME and TIME
teaches us the
value of LIFE.
-A.P.J. Abdul Kalam
66 quoteoflovelifeandbollywood.com","[{'x': 69, 'y': 62}, {'x': 603, 'y': 62}, {'x': 603, 'y': 609}, {'x': 69, 'y': 609}]",1:1,box,409600,1:1,box,292098,0.7131298828125,positive
positive_164.jpg,/kaggle/input/musait/dataset/basket/positive_164.jpg,0,,[],1:1,box,65536,,,0,0.0,positive
positive_165.jpg,/kaggle/input/musait/dataset/basket/positive_165.jpg,1,"99
LIFE and TIME
are the world's
best Teachers.
Life teaches
us to make
good use of
TIME and TIME
teaches us the
value of LIFE.
-A.P.J. Abdul Kalam
66 quoteoflovelifeandbollywood.com","[{'x': 69, 'y': 62}, {'x': 603, 'y': 62}, {'x': 603, 'y': 609}, {'x': 69, 'y': 609}]",1:1,box,409600,1:1,box,292098,0.7131298828125,positive
positive_166.jpg,/kaggle/input/musait/dataset/basket/positive_166.jpg,1,"You Cannot Change Your Future, But
You Can Change Your Habits, And
Surely Your Habits Will Change Your
Future.
APJ ABDUL KALAM
≈
Statustown.com","[{'x': 216, 'y': 222}, {'x': 1143, 'y': 222}, {'x': 1143, 'y': 602}, {'x': 216, 'y': 602}]",16:9,horizontal,756000,21:9,horizontal,352260,0.4659523809523809,positive
positive_167.jpg,/kaggle/input/musait/dataset/basket/positive_167.jpg,1,"You Cannot Change Your Future, But
You Can Change Your Habits, And
Surely Your Habits Will Change Your
Future.
APJ ABDUL KALAM
≈
Statustown.com","[{'x': 216, 'y': 222}, {'x': 1143, 'y': 222}, {'x': 1143, 'y': 602}, {'x': 216, 'y': 602}]",16:9,horizontal,756000,21:9,horizontal,352260,0.4659523809523809,positive
positive_168.jpg,/kaggle/input/musait/dataset/basket/positive_168.jpg,1,"Dream, dream, dream.
Dreams transform into
thoughts and thoughts
result in action
AP. J. Adul Kalam
The Indian EXPRESS","[{'x': 50, 'y': 327}, {'x': 1189, 'y': 327}, {'x': 1189, 'y': 658}, {'x': 50, 'y': 658}]",16:9,horizontal,800400,Other,other,377009,0.4710257371314343,positive
positive_169.jpg,/kaggle/input/musait/dataset/basket/positive_169.jpg,1,"Dream, dream, dream.
Dreams transform into
thoughts and thoughts
result in action
AP. J. Adul Kalam
The Indian EXPRESS","[{'x': 50, 'y': 327}, {'x': 1189, 'y': 327}, {'x': 1189, 'y': 658}, {'x': 50, 'y': 658}]",16:9,horizontal,800400,Other,other,377009,0.4710257371314343,positive
positive_170.jpeg,/kaggle/input/musait/dataset/basket/positive_170.jpeg,1,"If I had to choose between
loving you and breathing.
I would use my last breath
to say I love you.","[{'x': 23, 'y': 34}, {'x': 216, 'y': 34}, {'x': 216, 'y': 108}, {'x': 23, 'y': 108}]",1:1,box,50625,Other,other,14282,0.2821135802469136,positive
positive_171.jpeg,/kaggle/input/musait/dataset/basket/positive_171.jpeg,1,"If I had to choose between
loving you and breathing.
I would use my last breath
to say I love you.","[{'x': 23, 'y': 34}, {'x': 216, 'y': 34}, {'x': 216, 'y': 108}, {'x': 23, 'y': 108}]",1:1,box,50625,Other,other,14282,0.2821135802469136,positive
positive_172.jpeg,/kaggle/input/musait/dataset/basket/positive_172.jpeg,1,"love is
you","[{'x': 108, 'y': 54}, {'x': 170, 'y': 54}, {'x': 170, 'y': 97}, {'x': 108, 'y': 97}]",1:1,box,50456,4:3,horizontal,2666,0.0528381163786269,positive
positive_173.jpeg,/kaggle/input/musait/dataset/basket/positive_173.jpeg,1,"love is
you","[{'x': 108, 'y': 54}, {'x': 170, 'y': 54}, {'x': 170, 'y': 97}, {'x': 108, 'y': 97}]",1:1,box,50456,4:3,horizontal,2666,0.0528381163786269,positive
positive_174.jpeg,/kaggle/input/musait/dataset/basket/positive_174.jpeg,1,Happy Children's Day,"[{'x': 14, 'y': 21}, {'x': 232, 'y': 21}, {'x': 232, 'y': 60}, {'x': 14, 'y': 60}]",5:4,horizontal,50301,Other,other,8502,0.1690224846424524,positive
positive_175.jpeg,/kaggle/input/musait/dataset/basket/positive_175.jpeg,1,Happy Children's Day,"[{'x': 14, 'y': 21}, {'x': 232, 'y': 21}, {'x': 232, 'y': 60}, {'x': 14, 'y': 60}]",5:4,horizontal,50301,Other,other,8502,0.1690224846424524,positive
positive_176.jpeg,/kaggle/input/musait/dataset/basket/positive_176.jpeg,1,"CBOYO
Children are the gifts of God,
let then fly with their thoughts.
Happy Children's Day","[{'x': 34, 'y': 12}, {'x': 211, 'y': 12}, {'x': 211, 'y': 89}, {'x': 34, 'y': 89}]",1:1,box,50625,21:9,horizontal,13629,0.2692148148148148,positive
positive_177.jpeg,/kaggle/input/musait/dataset/basket/positive_177.jpeg,1,"CBOYO
Children are the gifts of God,
let then fly with their thoughts.
Happy Children's Day","[{'x': 34, 'y': 12}, {'x': 211, 'y': 12}, {'x': 211, 'y': 89}, {'x': 34, 'y': 89}]",1:1,box,50625,21:9,horizontal,13629,0.2692148148148148,positive
positive_178.jpeg,/kaggle/input/musait/dataset/basket/positive_178.jpeg,1,"I'm late for school, but there's
a cat on my lap","[{'x': 12, 'y': 16}, {'x': 708, 'y': 16}, {'x': 708, 'y': 123}, {'x': 12, 'y': 123}]",3:4,vertical,714960,Other,other,74472,0.1041624706277274,positive
positive_179.jpeg,/kaggle/input/musait/dataset/basket/positive_179.jpeg,1,"MY LIFE
WITHOUT
YOU NOT
POSSIBLE","[{'x': 66, 'y': 65}, {'x': 160, 'y': 65}, {'x': 160, 'y': 140}, {'x': 66, 'y': 140}]",1:1,box,50625,4:3,horizontal,7050,0.1392592592592592,positive
positive_180.jpeg,/kaggle/input/musait/dataset/basket/positive_180.jpeg,1,"MY LIFE
WITHOUT
YOU NOT
POSSIBLE","[{'x': 66, 'y': 65}, {'x': 160, 'y': 65}, {'x': 160, 'y': 140}, {'x': 66, 'y': 140}]",1:1,box,50625,4:3,horizontal,7050,0.1392592592592592,positive
positive_181.jpeg,/kaggle/input/musait/dataset/basket/positive_181.jpeg,1,"National
Girl Child Day
A world without girl is as
impossible as a world
without water.","[{'x': 82, 'y': 2}, {'x': 279, 'y': 2}, {'x': 279, 'y': 112}, {'x': 82, 'y': 112}]",16:9,horizontal,50400,16:9,horizontal,21670,0.4299603174603175,positive
positive_182.jpeg,/kaggle/input/musait/dataset/basket/positive_182.jpeg,1,"National
Girl Child Day
A world without girl is as
impossible as a world
without water.","[{'x': 82, 'y': 2}, {'x': 279, 'y': 2}, {'x': 279, 'y': 112}, {'x': 82, 'y': 112}]",16:9,horizontal,50400,16:9,horizontal,21670,0.4299603174603175,positive
positive_183.jpg,/kaggle/input/musait/dataset/basket/positive_183.jpg,1,"P.A.I.N.S
Positive
Attitude
In
Negative
Situation
ap
Cuctes Fullinge","[{'x': 195, 'y': 79}, {'x': 627, 'y': 79}, {'x': 627, 'y': 675}, {'x': 195, 'y': 675}]",16:9,horizontal,921600,3:4,vertical,257472,0.279375,positive
positive_184.jpg,/kaggle/input/musait/dataset/basket/positive_184.jpg,1,"P.A.I.N.S
Positive
Attitude
In
Negative
Situation
ap
Cuctes Fullinge","[{'x': 195, 'y': 79}, {'x': 627, 'y': 79}, {'x': 627, 'y': 675}, {'x': 195, 'y': 675}]",16:9,horizontal,921600,3:4,vertical,257472,0.279375,positive
positive_185.jpg,/kaggle/input/musait/dataset/basket/positive_185.jpg,1,Happy Holi 2021 wishes,"[{'x': 68, 'y': 33}, {'x': 408, 'y': 33}, {'x': 408, 'y': 71}, {'x': 68, 'y': 71}]",16:9,horizontal,135845,Other,other,12920,0.0951083955979241,positive
positive_186.jpg,/kaggle/input/musait/dataset/basket/positive_186.jpg,1,Happy Holi 2021 wishes,"[{'x': 68, 'y': 33}, {'x': 408, 'y': 33}, {'x': 408, 'y': 71}, {'x': 68, 'y': 71}]",16:9,horizontal,135845,Other,other,12920,0.0951083955979241,positive
positive_187.jpg,/kaggle/input/musait/dataset/basket/positive_187.jpg,1,"LATEST LY
May Goddess Durga
shower her
choicest blessings
on you today
and forever.
Subho Shasthi!","[{'x': 197, 'y': 5}, {'x': 376, 'y': 5}, {'x': 376, 'y': 187}, {'x': 197, 'y': 187}]",16:9,horizontal,81320,1:1,box,32578,0.400614854894245,positive
positive_188.jpg,/kaggle/input/musait/dataset/basket/positive_188.jpg,1,"LATEST LY
May Goddess Durga
shower her
choicest blessings
on you today
and forever.
Subho Shasthi!","[{'x': 197, 'y': 5}, {'x': 376, 'y': 5}, {'x': 376, 'y': 187}, {'x': 197, 'y': 187}]",16:9,horizontal,81320,1:1,box,32578,0.400614854894245,positive
positive_189.jpg,/kaggle/input/musait/dataset/basket/positive_189.jpg,1,"I wish a Happy Holi
to everyone.
Let the colors of holi
fill your heart with
peace and love.","[{'x': 124, 'y': 101}, {'x': 477, 'y': 101}, {'x': 477, 'y': 326}, {'x': 124, 'y': 326}]",4:3,horizontal,264600,3:2,horizontal,79425,0.3001700680272108,positive
positive_190.jpg,/kaggle/input/musait/dataset/basket/positive_190.jpg,1,"I wish a Happy Holi
to everyone.
Let the colors of holi
fill your heart with
peace and love.","[{'x': 124, 'y': 101}, {'x': 477, 'y': 101}, {'x': 477, 'y': 326}, {'x': 124, 'y': 326}]",4:3,horizontal,264600,3:2,horizontal,79425,0.3001700680272108,positive
positive_191.jpg,/kaggle/input/musait/dataset/basket/positive_191.jpg,1,"HAPPY
birthday
to YOU","[{'x': 400, 'y': 122}, {'x': 735, 'y': 122}, {'x': 735, 'y': 357}, {'x': 400, 'y': 357}]",16:9,horizontal,364500,4:3,horizontal,78725,0.2159807956104252,positive
positive_192.jpg,/kaggle/input/musait/dataset/basket/positive_192.jpg,1,"HAPPY
birthday
to YOU","[{'x': 400, 'y': 122}, {'x': 735, 'y': 122}, {'x': 735, 'y': 357}, {'x': 400, 'y': 357}]",16:9,horizontal,364500,4:3,horizontal,78725,0.2159807956104252,positive
positive_193.jpg,/kaggle/input/musait/dataset/basket/positive_193.jpg,1,"May your Christmas
be filled with love.
Merry
Christmas.
ShortStatusQuotes.com","[{'x': 89, 'y': 69}, {'x': 595, 'y': 69}, {'x': 595, 'y': 655}, {'x': 89, 'y': 655}]",1:1,box,396000,1:1,box,296516,0.7487777777777778,positive
positive_194.jpg,/kaggle/input/musait/dataset/basket/positive_194.jpg,1,"May your Christmas
be filled with love.
Merry
Christmas.
ShortStatusQuotes.com","[{'x': 89, 'y': 69}, {'x': 595, 'y': 69}, {'x': 595, 'y': 655}, {'x': 89, 'y': 655}]",1:1,box,396000,1:1,box,296516,0.7487777777777778,positive
positive_195.jpeg,/kaggle/input/musait/dataset/basket/positive_195.jpeg,1,"IT'S MY
BIRTHDAY!","[{'x': 106, 'y': 55}, {'x': 273, 'y': 55}, {'x': 273, 'y': 106}, {'x': 106, 'y': 106}]",16:9,horizontal,50267,Other,other,8517,0.1694352159468438,positive
positive_196.jpeg,/kaggle/input/musait/dataset/basket/positive_196.jpeg,1,"IT'S MY
BIRTHDAY!","[{'x': 106, 'y': 55}, {'x': 273, 'y': 55}, {'x': 273, 'y': 106}, {'x': 106, 'y': 106}]",16:9,horizontal,50267,Other,other,8517,0.1694352159468438,positive
positive_197.png,/kaggle/input/musait/dataset/basket/positive_197.png,1,"modif.ai
Merry Christmas
ALLO
Party
NEW YEAR'S EVE
24
December
ENJOY THE
BEST PARTY
INTO","[{'x': 1, 'y': 49}, {'x': 237, 'y': 49}, {'x': 237, 'y': 191}, {'x': 1, 'y': 191}]",4:3,horizontal,50246,Other,other,33512,0.6669585638657803,positive
positive_198.png,/kaggle/input/musait/dataset/basket/positive_198.png,1,"modif.ai
Merry Christmas
ALLO
Party
NEW YEAR'S EVE
24
December
ENJOY THE
BEST PARTY
INTO","[{'x': 1, 'y': 49}, {'x': 237, 'y': 49}, {'x': 237, 'y': 191}, {'x': 1, 'y': 191}]",4:3,horizontal,50246,Other,other,33512,0.6669585638657803,positive
positive_199.jpeg,/kaggle/input/musait/dataset/basket/positive_199.jpeg,1,"HAPPY
ANNIVERSARY
SHARE YOUR PICTURE & ANNIVERSARY DATE
SO WE CAN
CELEBRATE YOU!","[{'x': 16, 'y': 101}, {'x': 172, 'y': 101}, {'x': 172, 'y': 169}, {'x': 16, 'y': 169}]",3:4,vertical,50540,21:9,horizontal,10608,0.2098931539374752,positive
positive_200.jpeg,/kaggle/input/musait/dataset/basket/positive_200.jpeg,1,"HAPPY
ANNIVERSARY
SHARE YOUR PICTURE & ANNIVERSARY DATE
SO WE CAN
CELEBRATE YOU!","[{'x': 16, 'y': 101}, {'x': 172, 'y': 101}, {'x': 172, 'y': 169}, {'x': 16, 'y': 169}]",3:4,vertical,50540,21:9,horizontal,10608,0.2098931539374752,positive
positive_201.jpeg,/kaggle/input/musait/dataset/basket/positive_201.jpeg,1,"Happy
Saraswati Pooja
2076
""Devotion to the Goddess of
Wisdom & Knowledge""
Simrik Air
Always sadly at your service.","[{'x': 93, 'y': 61}, {'x': 213, 'y': 61}, {'x': 213, 'y': 206}, {'x': 93, 'y': 206}]",1:1,box,50625,3:4,vertical,17400,0.3437037037037037,positive
positive_202.jpeg,/kaggle/input/musait/dataset/basket/positive_202.jpeg,1,"Happy
Saraswati Pooja
2076
""Devotion to the Goddess of
Wisdom & Knowledge""
Simrik Air
Always sadly at your service.","[{'x': 93, 'y': 61}, {'x': 213, 'y': 61}, {'x': 213, 'y': 206}, {'x': 93, 'y': 206}]",1:1,box,50625,3:4,vertical,17400,0.3437037037037037,positive
positive_203.jpeg,/kaggle/input/musait/dataset/basket/positive_203.jpeg,1,"Merry
Christmas","[{'x': 41, 'y': 66}, {'x': 185, 'y': 66}, {'x': 185, 'y': 161}, {'x': 41, 'y': 161}]",1:1,box,50625,3:2,horizontal,13680,0.2702222222222222,positive
positive_204.jpeg,/kaggle/input/musait/dataset/basket/positive_204.jpeg,1,"Merry
Christmas","[{'x': 41, 'y': 66}, {'x': 185, 'y': 66}, {'x': 185, 'y': 161}, {'x': 41, 'y': 161}]",1:1,box,50625,3:2,horizontal,13680,0.2702222222222222,positive
positive_205.jpeg,/kaggle/input/musait/dataset/basket/positive_205.jpeg,1,"MERRY
CHRISTMAS
May God bless you with a
festive, loving and peaceful
celebration this Christmas and
all throughout the year","[{'x': 104, 'y': 63}, {'x': 218, 'y': 63}, {'x': 218, 'y': 154}, {'x': 104, 'y': 154}]",1:1,box,50625,4:3,horizontal,10374,0.2049185185185185,positive
positive_206.jpeg,/kaggle/input/musait/dataset/basket/positive_206.jpeg,1,"MERRY
CHRISTMAS
May God bless you with a
festive, loving and peaceful
celebration this Christmas and
all throughout the year","[{'x': 104, 'y': 63}, {'x': 218, 'y': 63}, {'x': 218, 'y': 154}, {'x': 104, 'y': 154}]",1:1,box,50625,4:3,horizontal,10374,0.2049185185185185,positive
positive_207.jpeg,/kaggle/input/musait/dataset/basket/positive_207.jpeg,1,"No city celebrates Durga Puja
like Kolkata","[{'x': 23, 'y': 10}, {'x': 222, 'y': 10}, {'x': 222, 'y': 39}, {'x': 23, 'y': 39}]",4:3,horizontal,50344,Other,other,5771,0.1146313364055299,positive
positive_208.jpeg,/kaggle/input/musait/dataset/basket/positive_208.jpeg,1,"No city celebrates Durga Puja
like Kolkata","[{'x': 23, 'y': 10}, {'x': 222, 'y': 10}, {'x': 222, 'y': 39}, {'x': 23, 'y': 39}]",4:3,horizontal,50344,Other,other,5771,0.1146313364055299,positive
positive_209.jpg,/kaggle/input/musait/dataset/basket/positive_209.jpg,1,"Happy
Basant Panchami
2022
LATEST LY","[{'x': 57, 'y': 6}, {'x': 775, 'y': 6}, {'x': 775, 'y': 300}, {'x': 57, 'y': 300}]",16:9,horizontal,345744,21:9,horizontal,211092,0.6105442176870748,positive
positive_210.jpg,/kaggle/input/musait/dataset/basket/positive_210.jpg,1,"Happy
Basant Panchami
2022
LATEST LY","[{'x': 57, 'y': 6}, {'x': 775, 'y': 6}, {'x': 775, 'y': 300}, {'x': 57, 'y': 300}]",16:9,horizontal,345744,21:9,horizontal,211092,0.6105442176870748,positive
positive_211.jpg,/kaggle/input/musait/dataset/basket/positive_211.jpg,1,Happy Holi,"[{'x': 152, 'y': 5}, {'x': 629, 'y': 5}, {'x': 629, 'y': 128}, {'x': 152, 'y': 128}]",16:9,horizontal,320298,Other,other,58671,0.1831762920780023,positive
positive_212.jpg,/kaggle/input/musait/dataset/basket/positive_212.jpg,1,Happy Holi,"[{'x': 152, 'y': 5}, {'x': 629, 'y': 5}, {'x': 629, 'y': 128}, {'x': 152, 'y': 128}]",16:9,horizontal,320298,Other,other,58671,0.1831762920780023,positive
positive_213.jpeg,/kaggle/input/musait/dataset/basket/positive_213.jpeg,1,"ITVerticals
EMPLOYEE BIRTHDAY
CELEBRATION
HAPPY
BIRTHDAY!
Kai Jibran Askari
Wish you of the best from
team IT Verticals","[{'x': 1, 'y': 37}, {'x': 109, 'y': 37}, {'x': 109, 'y': 164}, {'x': 1, 'y': 164}]",1:1,box,50625,1:1,box,13716,0.2709333333333333,positive
positive_214.jpeg,/kaggle/input/musait/dataset/basket/positive_214.jpeg,1,"ITVerticals
EMPLOYEE BIRTHDAY
CELEBRATION
HAPPY
BIRTHDAY!
Kai Jibran Askari
Wish you of the best from
team IT Verticals","[{'x': 1, 'y': 37}, {'x': 109, 'y': 37}, {'x': 109, 'y': 164}, {'x': 1, 'y': 164}]",1:1,box,50625,1:1,box,13716,0.2709333333333333,positive
positive_215.jpeg,/kaggle/input/musait/dataset/basket/positive_215.jpeg,1,"Merry
Christmas!
DERLAGES.COM","[{'x': 81, 'y': 66}, {'x': 272, 'y': 66}, {'x': 272, 'y': 181}, {'x': 81, 'y': 181}]",3:2,horizontal,50325,Other,other,21965,0.4364629905613512,positive
positive_216.jpeg,/kaggle/input/musait/dataset/basket/positive_216.jpeg,1,"Merry
Christmas!
DERLAGES.COM","[{'x': 81, 'y': 66}, {'x': 272, 'y': 66}, {'x': 272, 'y': 181}, {'x': 81, 'y': 181}]",3:2,horizontal,50325,Other,other,21965,0.4364629905613512,positive
positive_217.jpeg,/kaggle/input/musait/dataset/basket/positive_217.jpeg,1,"ARCHIPELAGO
MERRY
CHRISTMAS
May the warmth and peace of
the holiday season be yours.
Safe
COVID-19
TESTED
travels","[{'x': 7, 'y': 10}, {'x': 214, 'y': 10}, {'x': 214, 'y': 203}, {'x': 7, 'y': 203}]",1:1,box,50625,1:1,box,39951,0.7891555555555556,positive
positive_218.jpeg,/kaggle/input/musait/dataset/basket/positive_218.jpeg,1,"ARCHIPELAGO
MERRY
CHRISTMAS
May the warmth and peace of
the holiday season be yours.
Safe
COVID-19
TESTED
travels","[{'x': 7, 'y': 10}, {'x': 214, 'y': 10}, {'x': 214, 'y': 203}, {'x': 7, 'y': 203}]",1:1,box,50625,1:1,box,39951,0.7891555555555556,positive
positive_219.jpeg,/kaggle/input/musait/dataset/basket/positive_219.jpeg,1,"MERRY
CHRISTMAS!","[{'x': 92, 'y': 19}, {'x': 250, 'y': 19}, {'x': 250, 'y': 75}, {'x': 92, 'y': 75}]",16:9,horizontal,50434,Other,other,8848,0.1754372050600785,positive
positive_220.jpeg,/kaggle/input/musait/dataset/basket/positive_220.jpeg,1,"MERRY
CHRISTMAS!","[{'x': 92, 'y': 19}, {'x': 250, 'y': 19}, {'x': 250, 'y': 75}, {'x': 92, 'y': 75}]",16:9,horizontal,50434,Other,other,8848,0.1754372050600785,positive
positive_221.jpeg,/kaggle/input/musait/dataset/basket/positive_221.jpeg,1,"Once you forget what you're worth,
you forget what you deserve.
-Unknown
@InspirationalQuotes720","[{'x': 75, 'y': 273}, {'x': 664, 'y': 273}, {'x': 664, 'y': 664}, {'x': 75, 'y': 664}]",1:1,box,533520,3:2,horizontal,230299,0.4316595441595441,positive
positive_222.jpeg,/kaggle/input/musait/dataset/basket/positive_222.jpeg,1,"When
you wish good for
others, good things
come back to you.
This is the law
of nature.
(Wonders Dairy)","[{'x': 104, 'y': 151}, {'x': 600, 'y': 151}, {'x': 600, 'y': 547}, {'x': 104, 'y': 547}]",1:1,box,581040,4:3,horizontal,196416,0.3380421313506815,positive
positive_223.jpeg,/kaggle/input/musait/dataset/basket/positive_223.jpeg,1,"When
you wish good for
others, good things
come back to you.
This is the law
of nature.
(Wonders Dairy)","[{'x': 104, 'y': 151}, {'x': 600, 'y': 151}, {'x': 600, 'y': 547}, {'x': 104, 'y': 547}]",1:1,box,581040,4:3,horizontal,196416,0.3380421313506815,positive
positive_224.jpeg,/kaggle/input/musait/dataset/basket/positive_224.jpeg,1,"You are capable of
amazing things
2020 Copyright Pearla Arts. All rights reserved.
EM THE ELEPHANT","[{'x': 1, 'y': 79}, {'x': 687, 'y': 79}, {'x': 687, 'y': 691}, {'x': 1, 'y': 691}]",1:1,box,518400,1:1,box,419832,0.8098611111111111,positive
positive_225.jpeg,/kaggle/input/musait/dataset/basket/positive_225.jpeg,1,"You are capable of
amazing things
2020 Copyright Pearla Arts. All rights reserved.
EM THE ELEPHANT","[{'x': 1, 'y': 79}, {'x': 687, 'y': 79}, {'x': 687, 'y': 691}, {'x': 1, 'y': 691}]",1:1,box,518400,1:1,box,419832,0.8098611111111111,positive
positive_226.jpeg,/kaggle/input/musait/dataset/basket/positive_226.jpeg,1,"DON'T WASTE
FOOD
I CAN'T
EAT
EVERYTHING
I WILL
EAT
ANYTHING
Ig @being limitless_
DON'T WASTE FOOD!","[{'x': 144, 'y': 19}, {'x': 625, 'y': 19}, {'x': 625, 'y': 858}, {'x': 144, 'y': 858}]",3:4,vertical,631440,2:3,vertical,403559,0.6391090206512099,positive
positive_227.jpeg,/kaggle/input/musait/dataset/basket/positive_227.jpeg,1,"Don't let a little negativity stop you
from seeing all the good that's around.
-Unknown
@Inspirational Quotes720","[{'x': 64, 'y': 310}, {'x': 654, 'y': 310}, {'x': 654, 'y': 715}, {'x': 64, 'y': 715}]",1:1,box,588960,4:3,horizontal,238950,0.4057151589242054,positive
positive_228.jpeg,/kaggle/input/musait/dataset/basket/positive_228.jpeg,1,"Don't let a little negativity stop you
from seeing all the good that's around.
-Unknown
@Inspirational Quotes720","[{'x': 64, 'y': 310}, {'x': 654, 'y': 310}, {'x': 654, 'y': 715}, {'x': 64, 'y': 715}]",1:1,box,588960,4:3,horizontal,238950,0.4057151589242054,positive
positive_229.jpeg,/kaggle/input/musait/dataset/basket/positive_229.jpeg,1,"Life begins twice
One is in Mind
Other one is in Reality
Angelo Niveth","[{'x': 69, 'y': 59}, {'x': 621, 'y': 59}, {'x': 621, 'y': 719}, {'x': 69, 'y': 719}]",1:1,box,518400,3:4,vertical,364320,0.7027777777777777,positive
positive_230.jpeg,/kaggle/input/musait/dataset/basket/positive_230.jpeg,1,"Life begins twice
One is in Mind
Other one is in Reality
Angelo Niveth","[{'x': 69, 'y': 59}, {'x': 621, 'y': 59}, {'x': 621, 'y': 719}, {'x': 69, 'y': 719}]",1:1,box,518400,3:4,vertical,364320,0.7027777777777777,positive
positive_231.jpeg,/kaggle/input/musait/dataset/basket/positive_231.jpeg,1,"WARNING
BE GOOD, DO GOOD, THINK GOOD
AND DON'T FORGET TO SMILE
BECAUSE YOU ARE UNDER
24 HOUR KARMA SURVEILLANCE
ANGELO NIVETH","[{'x': 15, 'y': 222}, {'x': 642, 'y': 222}, {'x': 642, 'y': 702}, {'x': 15, 'y': 702}]",1:1,box,518400,4:3,horizontal,300960,0.5805555555555556,positive
positive_232.jpeg,/kaggle/input/musait/dataset/basket/positive_232.jpeg,1,"WARNING
BE GOOD, DO GOOD, THINK GOOD
AND DON'T FORGET TO SMILE
BECAUSE YOU ARE UNDER
24 HOUR KARMA SURVEILLANCE
ANGELO NIVETH","[{'x': 15, 'y': 222}, {'x': 642, 'y': 222}, {'x': 642, 'y': 702}, {'x': 15, 'y': 702}]",1:1,box,518400,4:3,horizontal,300960,0.5805555555555556,positive
positive_233.jpeg,/kaggle/input/musait/dataset/basket/positive_233.jpeg,1,"BE THE TYPE OF PERSON THEY
WILL REGRET LOSING
4the different","[{'x': 73, 'y': 580}, {'x': 705, 'y': 580}, {'x': 705, 'y': 711}, {'x': 73, 'y': 711}]",1:1,box,518400,Other,other,82792,0.1597067901234568,positive
positive_234.jpeg,/kaggle/input/musait/dataset/basket/positive_234.jpeg,1,"BE THE TYPE OF PERSON THEY
WILL REGRET LOSING
4the different","[{'x': 73, 'y': 580}, {'x': 705, 'y': 580}, {'x': 705, 'y': 711}, {'x': 73, 'y': 711}]",1:1,box,518400,Other,other,82792,0.1597067901234568,positive
positive_235.jpeg,/kaggle/input/musait/dataset/basket/positive_235.jpeg,1,"You will find your home. You will
find your place. You will find your
people. Give it a little bit of
time. It will happen.
- Via (Dark Secrets)","[{'x': 124, 'y': 480}, {'x': 636, 'y': 480}, {'x': 636, 'y': 684}, {'x': 124, 'y': 684}]",3:4,vertical,648000,Other,other,104448,0.1611851851851851,positive
positive_236.jpeg,/kaggle/input/musait/dataset/basket/positive_236.jpeg,1,"You will find your home. You will
find your place. You will find your
people. Give it a little bit of
time. It will happen.
- Via (Dark Secrets)","[{'x': 124, 'y': 480}, {'x': 636, 'y': 480}, {'x': 636, 'y': 684}, {'x': 124, 'y': 684}]",3:4,vertical,648000,Other,other,104448,0.1611851851851851,positive
positive_237.jpeg,/kaggle/input/musait/dataset/basket/positive_237.jpeg,1,"@fearlessmotivationofficial
""LIFE is the C between
the B and the D.
The B is BIRTH.
The D is DEATH
and so the C is CHOICE.""
-Jim Kwik","[{'x': 20, 'y': 19}, {'x': 700, 'y': 19}, {'x': 700, 'y': 652}, {'x': 20, 'y': 652}]",3:4,vertical,646560,1:1,box,430440,0.6657386785449146,positive
positive_238.jpeg,/kaggle/input/musait/dataset/basket/positive_238.jpeg,1,"Jokermotivationofficial
CRY AS HARD AS YOU
WANT, BUT MAKE SURE
WHEN YOU STOP CRYING
DON'T CRY FOR THE
SAME REASON AGAIN.","[{'x': 123, 'y': 587}, {'x': 609, 'y': 587}, {'x': 609, 'y': 883}, {'x': 123, 'y': 883}]",3:4,vertical,648000,3:2,horizontal,143856,0.222,positive
positive_239.jpg,/kaggle/input/musait/dataset/basket/positive_239.jpg,1,"If you can't change the
circumstances, change
your perspective.
-Unknown
25 6","[{'x': 124, 'y': 203}, {'x': 685, 'y': 203}, {'x': 685, 'y': 573}, {'x': 124, 'y': 573}]",1:1,box,524880,3:2,horizontal,207570,0.3954618198445359,positive
positive_240.jpg,/kaggle/input/musait/dataset/basket/positive_240.jpg,1,"If you can't change the
circumstances, change
your perspective.
-Unknown
25 6","[{'x': 124, 'y': 203}, {'x': 685, 'y': 203}, {'x': 685, 'y': 573}, {'x': 124, 'y': 573}]",1:1,box,524880,3:2,horizontal,207570,0.3954618198445359,positive
positive_241.jpg,/kaggle/input/musait/dataset/basket/positive_241.jpg,1,"You must teach your
heart to accept what
cannot be changed.
- Via (Dark Secrets)","[{'x': 144, 'y': 442}, {'x': 607, 'y': 442}, {'x': 607, 'y': 656}, {'x': 144, 'y': 656}]",3:4,vertical,648000,Other,other,99082,0.1529043209876543,positive
positive_242.jpg,/kaggle/input/musait/dataset/basket/positive_242.jpg,1,"66
To be calm is the
highest achievement
of the self.
- Zen Proverb","[{'x': 154, 'y': 114}, {'x': 447, 'y': 114}, {'x': 447, 'y': 435}, {'x': 154, 'y': 435}]",1:1,box,389130,1:1,box,94053,0.2417007169840413,positive
positive_243.jpg,/kaggle/input/musait/dataset/basket/positive_243.jpg,1,"66
To be calm is the
highest achievement
of the self.
- Zen Proverb","[{'x': 154, 'y': 114}, {'x': 447, 'y': 114}, {'x': 447, 'y': 435}, {'x': 154, 'y': 435}]",1:1,box,389130,1:1,box,94053,0.2417007169840413,positive
positive_244.jpg,/kaggle/input/musait/dataset/basket/positive_244.jpg,1,"You can hit the restart
button any time you
want in life. Your age
doesn't matter.
- Via (Dark Secrets)","[{'x': 75, 'y': 400}, {'x': 656, 'y': 400}, {'x': 656, 'y': 704}, {'x': 75, 'y': 704}]",3:4,vertical,648000,16:9,horizontal,176624,0.2725679012345679,positive
positive_245.jpg,/kaggle/input/musait/dataset/basket/positive_245.jpg,1,"You can hit the restart
button any time you
want in life. Your age
doesn't matter.
- Via (Dark Secrets)","[{'x': 75, 'y': 400}, {'x': 656, 'y': 400}, {'x': 656, 'y': 704}, {'x': 75, 'y': 704}]",3:4,vertical,648000,16:9,horizontal,176624,0.2725679012345679,positive
positive_246.jpg,/kaggle/input/musait/dataset/basket/positive_246.jpg,1,"if it keeps you happy, keep it quiet.
- Via (Dark Secrets)","[{'x': 102, 'y': 499}, {'x': 650, 'y': 499}, {'x': 650, 'y': 581}, {'x': 102, 'y': 581}]",3:4,vertical,648000,Other,other,44936,0.0693456790123456,positive
positive_247.jpg,/kaggle/input/musait/dataset/basket/positive_247.jpg,1,"if it keeps you happy, keep it quiet.
- Via (Dark Secrets)","[{'x': 102, 'y': 499}, {'x': 650, 'y': 499}, {'x': 650, 'y': 581}, {'x': 102, 'y': 581}]",3:4,vertical,648000,Other,other,44936,0.0693456790123456,positive
positive_248.jpg,/kaggle/input/musait/dataset/basket/positive_248.jpg,1,"Sometimes you need to
learn to be quiet even when
you have a lot to say.
- Via (Dark Secrets)","[{'x': 40, 'y': 424}, {'x': 693, 'y': 424}, {'x': 693, 'y': 625}, {'x': 40, 'y': 625}]",3:4,vertical,648000,Other,other,131253,0.2025509259259259,positive
positive_249.jpg,/kaggle/input/musait/dataset/basket/positive_249.jpg,1,"Risking is better
than regretting.
- Via (Dark Secrets)","[{'x': 184, 'y': 488}, {'x': 577, 'y': 488}, {'x': 577, 'y': 629}, {'x': 184, 'y': 629}]",3:4,vertical,648000,Other,other,55413,0.0855138888888888,positive
positive_250.jpg,/kaggle/input/musait/dataset/basket/positive_250.jpg,1,"Risking is better
than regretting.
- Via (Dark Secrets)","[{'x': 184, 'y': 488}, {'x': 577, 'y': 488}, {'x': 577, 'y': 629}, {'x': 184, 'y': 629}]",3:4,vertical,648000,Other,other,55413,0.0855138888888888,positive
positive_251.jpg,/kaggle/input/musait/dataset/basket/positive_251.jpg,1,"Sometimes it takes
the worst pain to bring
out the best change.
Via (Dark Secrets)","[{'x': 111, 'y': 328}, {'x': 640, 'y': 328}, {'x': 640, 'y': 532}, {'x': 111, 'y': 532}]",3:4,vertical,648000,Other,other,107916,0.166537037037037,positive
positive_252.jpg,/kaggle/input/musait/dataset/basket/positive_252.jpg,1,"Sometimes it takes
the worst pain to bring
out the best change.
Via (Dark Secrets)","[{'x': 111, 'y': 328}, {'x': 640, 'y': 328}, {'x': 640, 'y': 532}, {'x': 111, 'y': 532}]",3:4,vertical,648000,Other,other,107916,0.166537037037037,positive
positive_253.jpg,/kaggle/input/musait/dataset/basket/positive_253.jpg,1,"Some of us matured early
because life showed us the
worst side of the world
at a early age.
Psychological Treatment","[{'x': 62, 'y': 333}, {'x': 528, 'y': 333}, {'x': 528, 'y': 579}, {'x': 62, 'y': 579}]",3:4,vertical,630720,16:9,horizontal,114636,0.1817541856925418,positive
positive_254.jpg,/kaggle/input/musait/dataset/basket/positive_254.jpg,1,"Happiness comes more
easily when you feel good
about yourself without
feeling the need for
anyone else's approval.","[{'x': 92, 'y': 545}, {'x': 637, 'y': 545}, {'x': 637, 'y': 753}, {'x': 92, 'y': 753}]",3:4,vertical,645120,Other,other,113360,0.175719246031746,positive
positive_255.jpg,/kaggle/input/musait/dataset/basket/positive_255.jpg,1,"Happiness comes more
easily when you feel good
about yourself without
feeling the need for
anyone else's approval.","[{'x': 92, 'y': 545}, {'x': 637, 'y': 545}, {'x': 637, 'y': 753}, {'x': 92, 'y': 753}]",3:4,vertical,645120,Other,other,113360,0.175719246031746,positive
positive_256.jpg,/kaggle/input/musait/dataset/basket/positive_256.jpg,1,"1
Believe in yourself. You are braver
than you think, more talented than
you know, and capable of more
than you imagine.
- Via (Dark Secrets)","[{'x': 42, 'y': 145}, {'x': 693, 'y': 145}, {'x': 693, 'y': 651}, {'x': 42, 'y': 651}]",3:4,vertical,648000,4:3,horizontal,329406,0.5083425925925926,positive
positive_257.jpg,/kaggle/input/musait/dataset/basket/positive_257.jpg,1,"1
Believe in yourself. You are braver
than you think, more talented than
you know, and capable of more
than you imagine.
- Via (Dark Secrets)","[{'x': 42, 'y': 145}, {'x': 693, 'y': 145}, {'x': 693, 'y': 651}, {'x': 42, 'y': 651}]",3:4,vertical,648000,4:3,horizontal,329406,0.5083425925925926,positive
positive_258.jpg,/kaggle/input/musait/dataset/basket/positive_258.jpg,1,"Nobody can make you happy
until you're happy with
yourself first.
-Unknown
@InspirationalQuotes720","[{'x': 61, 'y': 256}, {'x': 669, 'y': 256}, {'x': 669, 'y': 921}, {'x': 61, 'y': 921}]",3:4,vertical,778320,1:1,box,404320,0.5194778497276185,positive
positive_259.jpg,/kaggle/input/musait/dataset/basket/positive_259.jpg,1,"Nobody can make you happy
until you're happy with
yourself first.
-Unknown
@InspirationalQuotes720","[{'x': 61, 'y': 256}, {'x': 669, 'y': 256}, {'x': 669, 'y': 921}, {'x': 61, 'y': 921}]",3:4,vertical,778320,1:1,box,404320,0.5194778497276185,positive
positive_260.jpg,/kaggle/input/musait/dataset/basket/positive_260.jpg,1,"Don't expect from others to make
you feel happy. Discover your own
source of happiness.
~Adeep","[{'x': 124, 'y': 132}, {'x': 599, 'y': 132}, {'x': 599, 'y': 299}, {'x': 124, 'y': 299}]",3:4,vertical,690480,Other,other,79325,0.1148838489166956,positive
positive_261.jpg,/kaggle/input/musait/dataset/basket/positive_261.jpg,1,"Don't expect from others to make
you feel happy. Discover your own
source of happiness.
~Adeep","[{'x': 124, 'y': 132}, {'x': 599, 'y': 132}, {'x': 599, 'y': 299}, {'x': 124, 'y': 299}]",3:4,vertical,690480,Other,other,79325,0.1148838489166956,positive
positive_262.jpg,/kaggle/input/musait/dataset/basket/positive_262.jpg,1,"Don't kill your
spirit just to keep a
connection alive.
Via (Dark Secrets)","[{'x': 159, 'y': 376}, {'x': 600, 'y': 376}, {'x': 600, 'y': 585}, {'x': 159, 'y': 585}]",3:4,vertical,648000,2:1,horizontal,92169,0.1422361111111111,positive
positive_263.jpg,/kaggle/input/musait/dataset/basket/positive_263.jpg,1,"Not caring what people
think and growing at your
own pace is self-care.
Via (Dark Secrets)","[{'x': 37, 'y': 508}, {'x': 700, 'y': 508}, {'x': 700, 'y': 722}, {'x': 37, 'y': 722}]",3:4,vertical,648000,Other,other,141882,0.2189537037037037,positive
positive_264.jpg,/kaggle/input/musait/dataset/basket/positive_264.jpg,1,"Not caring what people
think and growing at your
own pace is self-care.
Via (Dark Secrets)","[{'x': 37, 'y': 508}, {'x': 700, 'y': 508}, {'x': 700, 'y': 722}, {'x': 37, 'y': 722}]",3:4,vertical,648000,Other,other,141882,0.2189537037037037,positive
positive_265.jpg,/kaggle/input/musait/dataset/basket/positive_265.jpg,1,"Life has no
remote. Get up
and change it
yourself.
(Wonders Diary)","[{'x': 118, 'y': 157}, {'x': 584, 'y': 157}, {'x': 584, 'y': 495}, {'x': 118, 'y': 495}]",1:1,box,586800,4:3,horizontal,157508,0.2684185412406271,positive
positive_266.jpg,/kaggle/input/musait/dataset/basket/positive_266.jpg,1,"Life has no
remote. Get up
and change it
yourself.
(Wonders Diary)","[{'x': 118, 'y': 157}, {'x': 584, 'y': 157}, {'x': 584, 'y': 495}, {'x': 118, 'y': 495}]",1:1,box,586800,4:3,horizontal,157508,0.2684185412406271,positive
positive_267.jpg,/kaggle/input/musait/dataset/basket/positive_267.jpg,1,"Focus on yourself
and watch your life
get better.
-Via (Dark Secrets)","[{'x': 160, 'y': 375}, {'x': 638, 'y': 375}, {'x': 638, 'y': 564}, {'x': 160, 'y': 564}]",3:4,vertical,648000,Other,other,90342,0.1394166666666666,positive
positive_268.jpg,/kaggle/input/musait/dataset/basket/positive_268.jpg,1,"Focus on yourself
and watch your life
get better.
-Via (Dark Secrets)","[{'x': 160, 'y': 375}, {'x': 638, 'y': 375}, {'x': 638, 'y': 564}, {'x': 160, 'y': 564}]",3:4,vertical,648000,Other,other,90342,0.1394166666666666,positive
positive_269.jpg,/kaggle/input/musait/dataset/basket/positive_269.jpg,1,"Put the past behind you.
Concentrate on the future
- Via (Dark Secrets)","[{'x': 56, 'y': 514}, {'x': 686, 'y': 514}, {'x': 686, 'y': 682}, {'x': 56, 'y': 682}]",3:4,vertical,648000,Other,other,105840,0.1633333333333333,positive
positive_270.jpg,/kaggle/input/musait/dataset/basket/positive_270.jpg,1,"Put the past behind you.
Concentrate on the future
- Via (Dark Secrets)","[{'x': 56, 'y': 514}, {'x': 686, 'y': 514}, {'x': 686, 'y': 682}, {'x': 56, 'y': 682}]",3:4,vertical,648000,Other,other,105840,0.1633333333333333,positive
positive_271.jpg,/kaggle/input/musait/dataset/basket/positive_271.jpg,1,"Believe in your current self,
to create your future self.
-Unknown
@InspirationalQuntes72","[{'x': 47, 'y': 204}, {'x': 674, 'y': 204}, {'x': 674, 'y': 879}, {'x': 47, 'y': 879}]",3:4,vertical,713520,1:1,box,423225,0.5931508577194753,positive
positive_272.jpg,/kaggle/input/musait/dataset/basket/positive_272.jpg,1,"Believe in your current self,
to create your future self.
-Unknown
@InspirationalQuntes72","[{'x': 47, 'y': 204}, {'x': 674, 'y': 204}, {'x': 674, 'y': 879}, {'x': 47, 'y': 879}]",3:4,vertical,713520,1:1,box,423225,0.5931508577194753,positive
positive_273.jpg,/kaggle/input/musait/dataset/basket/positive_273.jpg,1,"The key to
success is to
focus on
@Motivational Life
goal, not
obsactles.","[{'x': 191, 'y': 152}, {'x': 697, 'y': 152}, {'x': 697, 'y': 644}, {'x': 191, 'y': 644}]",3:4,vertical,777600,1:1,box,248952,0.3201543209876543,positive
positive_274.jpg,/kaggle/input/musait/dataset/basket/positive_274.jpg,1,"The key to
success is to
focus on
@Motivational Life
goal, not
obsactles.","[{'x': 191, 'y': 152}, {'x': 697, 'y': 152}, {'x': 697, 'y': 644}, {'x': 191, 'y': 644}]",3:4,vertical,777600,1:1,box,248952,0.3201543209876543,positive
positive_275.jpg,/kaggle/input/musait/dataset/basket/positive_275.jpg,1,"JOKERS QUOTES
DEAR SUCCESS,
I'M COMING FOR YOU.
I WILL NEVER GO
BACK UNTIL I GET
YOU.
2020","[{'x': 151, 'y': 453}, {'x': 689, 'y': 453}, {'x': 689, 'y': 816}, {'x': 151, 'y': 816}]",3:4,vertical,640080,4:3,horizontal,195294,0.305108736407949,positive
positive_276.jpg,/kaggle/input/musait/dataset/basket/positive_276.jpg,1,"JOKERS QUOTES
DEAR SUCCESS,
I'M COMING FOR YOU.
I WILL NEVER GO
BACK UNTIL I GET
YOU.
2020","[{'x': 151, 'y': 453}, {'x': 689, 'y': 453}, {'x': 689, 'y': 816}, {'x': 151, 'y': 816}]",3:4,vertical,640080,4:3,horizontal,195294,0.305108736407949,positive
positive_277.jpg,/kaggle/input/musait/dataset/basket/positive_277.jpg,1,"Lately my peace has
been more important
than proving my point.
- Via (Dark Secrets)","[{'x': 93, 'y': 432}, {'x': 635, 'y': 432}, {'x': 635, 'y': 688}, {'x': 93, 'y': 688}]",3:4,vertical,648000,2:1,horizontal,138752,0.2141234567901234,positive
positive_278.jpg,/kaggle/input/musait/dataset/basket/positive_278.jpg,1,"Lately my peace has
been more important
than proving my point.
- Via (Dark Secrets)","[{'x': 93, 'y': 432}, {'x': 635, 'y': 432}, {'x': 635, 'y': 688}, {'x': 93, 'y': 688}]",3:4,vertical,648000,2:1,horizontal,138752,0.2141234567901234,positive
positive_279.jpg,/kaggle/input/musait/dataset/basket/positive_279.jpg,1,"Every situation is temporary
and will pass away. Stay calm
~Adeep","[{'x': 187, 'y': 199}, {'x': 549, 'y': 199}, {'x': 549, 'y': 320}, {'x': 187, 'y': 320}]",3:4,vertical,690480,Other,other,43802,0.0634370293129417,positive
positive_280.jpg,/kaggle/input/musait/dataset/basket/positive_280.jpg,1,"Every situation is temporary
and will pass away. Stay calm
~Adeep","[{'x': 187, 'y': 199}, {'x': 549, 'y': 199}, {'x': 549, 'y': 320}, {'x': 187, 'y': 320}]",3:4,vertical,690480,Other,other,43802,0.0634370293129417,positive
positive_281.jpg,/kaggle/input/musait/dataset/basket/positive_281.jpg,1,"Your discipline determines
the quality of your life.
-Unknown
@InspirationalQuotes/20","[{'x': 60, 'y': 224}, {'x': 644, 'y': 224}, {'x': 644, 'y': 884}, {'x': 60, 'y': 884}]",3:4,vertical,778320,1:1,box,385440,0.4952204748689485,positive
positive_282.jpg,/kaggle/input/musait/dataset/basket/positive_282.jpg,1,"Your discipline determines
the quality of your life.
-Unknown
@InspirationalQuotes/20","[{'x': 60, 'y': 224}, {'x': 644, 'y': 224}, {'x': 644, 'y': 884}, {'x': 60, 'y': 884}]",3:4,vertical,778320,1:1,box,385440,0.4952204748689485,positive
positive_283.jpg,/kaggle/input/musait/dataset/basket/positive_283.jpg,1,"There is no greater wealth in
this world than peace of mind.","[{'x': 176, 'y': 213}, {'x': 543, 'y': 213}, {'x': 543, 'y': 275}, {'x': 176, 'y': 275}]",3:4,vertical,691200,Other,other,22754,0.0329195601851851,positive
positive_284.jpg,/kaggle/input/musait/dataset/basket/positive_284.jpg,1,"There is no greater wealth in
this world than peace of mind.","[{'x': 176, 'y': 213}, {'x': 543, 'y': 213}, {'x': 543, 'y': 275}, {'x': 176, 'y': 275}]",3:4,vertical,691200,Other,other,22754,0.0329195601851851,positive
positive_285.jpg,/kaggle/input/musait/dataset/basket/positive_285.jpg,1,"Go confidently in the direction of
your dreams! Live the life you've
imagined.
- Henry David Thoreau
@Inspirational Quotes720","[{'x': 57, 'y': 223}, {'x': 660, 'y': 223}, {'x': 660, 'y': 949}, {'x': 57, 'y': 949}]",3:4,vertical,756000,3:4,vertical,437778,0.5790714285714286,positive
positive_286.jpg,/kaggle/input/musait/dataset/basket/positive_286.jpg,1,"Go confidently in the direction of
your dreams! Live the life you've
imagined.
- Henry David Thoreau
@Inspirational Quotes720","[{'x': 57, 'y': 223}, {'x': 660, 'y': 223}, {'x': 660, 'y': 949}, {'x': 57, 'y': 949}]",3:4,vertical,756000,3:4,vertical,437778,0.5790714285714286,positive
positive_287.jpg,/kaggle/input/musait/dataset/basket/positive_287.jpg,1,"Your life does not
get better by
chance.
It gets better by
@Motivational Life
change.","[{'x': 72, 'y': 286}, {'x': 670, 'y': 286}, {'x': 670, 'y': 803}, {'x': 72, 'y': 803}]",3:4,vertical,777600,5:4,horizontal,309166,0.3975900205761317,positive
positive_288.jpg,/kaggle/input/musait/dataset/basket/positive_288.jpg,1,"Your life does not
get better by
chance.
It gets better by
@Motivational Life
change.","[{'x': 72, 'y': 286}, {'x': 670, 'y': 286}, {'x': 670, 'y': 803}, {'x': 72, 'y': 803}]",3:4,vertical,777600,5:4,horizontal,309166,0.3975900205761317,positive
positive_289.jpeg,/kaggle/input/musait/dataset/basket/positive_289.jpeg,1,"Respect yourself
and others will
respect you.
Via (Dark Secrets)","[{'x': 162, 'y': 367}, {'x': 565, 'y': 367}, {'x': 565, 'y': 596}, {'x': 162, 'y': 596}]",3:4,vertical,648000,16:9,horizontal,92287,0.1424182098765432,positive
positive_290.jpeg,/kaggle/input/musait/dataset/basket/positive_290.jpeg,1,"Respect yourself
and others will
respect you.
Via (Dark Secrets)","[{'x': 162, 'y': 367}, {'x': 565, 'y': 367}, {'x': 565, 'y': 596}, {'x': 162, 'y': 596}]",3:4,vertical,648000,16:9,horizontal,92287,0.1424182098765432,positive
positive_291.jpeg,/kaggle/input/musait/dataset/basket/positive_291.jpeg,1,"To be peaceful, sometimes
losing connection with people
and things are fine.
~Adeep","[{'x': 186, 'y': 355}, {'x': 558, 'y': 355}, {'x': 558, 'y': 514}, {'x': 186, 'y': 514}]",3:4,vertical,691200,21:9,horizontal,59148,0.0855729166666666,positive
positive_292.jpeg,/kaggle/input/musait/dataset/basket/positive_292.jpeg,1,"To be peaceful, sometimes
losing connection with people
and things are fine.
~Adeep","[{'x': 186, 'y': 355}, {'x': 558, 'y': 355}, {'x': 558, 'y': 514}, {'x': 186, 'y': 514}]",3:4,vertical,691200,21:9,horizontal,59148,0.0855729166666666,positive
positive_293.jpeg,/kaggle/input/musait/dataset/basket/positive_293.jpeg,1,"Everyday is a new
beginning, a new chance
to make today better
than yesterday.
Via (Dark Secrets)","[{'x': 70, 'y': 312}, {'x': 648, 'y': 312}, {'x': 648, 'y': 641}, {'x': 70, 'y': 641}]",3:4,vertical,648000,16:9,horizontal,190162,0.2934598765432099,positive
positive_294.jpeg,/kaggle/input/musait/dataset/basket/positive_294.jpeg,1,"Everyday is a new
beginning, a new chance
to make today better
than yesterday.
Via (Dark Secrets)","[{'x': 70, 'y': 312}, {'x': 648, 'y': 312}, {'x': 648, 'y': 641}, {'x': 70, 'y': 641}]",3:4,vertical,648000,16:9,horizontal,190162,0.2934598765432099,positive
positive_295.jpeg,/kaggle/input/musait/dataset/basket/positive_295.jpeg,1,"When you speak alot,
you miss the beauty of silence
-Adeep","[{'x': 136, 'y': 244}, {'x': 560, 'y': 244}, {'x': 560, 'y': 350}, {'x': 136, 'y': 350}]",1:1,box,586080,Other,other,44944,0.0766857766857766,positive
positive_296.jpeg,/kaggle/input/musait/dataset/basket/positive_296.jpeg,1,"When you speak alot,
you miss the beauty of silence
-Adeep","[{'x': 136, 'y': 244}, {'x': 560, 'y': 244}, {'x': 560, 'y': 350}, {'x': 136, 'y': 350}]",1:1,box,586080,Other,other,44944,0.0766857766857766,positive
positive_297.jpeg,/kaggle/input/musait/dataset/basket/positive_297.jpeg,1,"Don't pretend to be a good person
Just be who you are.
~Adeep","[{'x': 162, 'y': 231}, {'x': 570, 'y': 231}, {'x': 570, 'y': 365}, {'x': 162, 'y': 365}]",3:4,vertical,691200,Other,other,54672,0.0790972222222222,positive
positive_298.jpeg,/kaggle/input/musait/dataset/basket/positive_298.jpeg,1,"Don't pretend to be a good person
Just be who you are.
~Adeep","[{'x': 162, 'y': 231}, {'x': 570, 'y': 231}, {'x': 570, 'y': 365}, {'x': 162, 'y': 365}]",3:4,vertical,691200,Other,other,54672,0.0790972222222222,positive
positive_299.jpeg,/kaggle/input/musait/dataset/basket/positive_299.jpeg,1,"Be low key.
Be private.
Be humble.
Via (Dark Secrets)","[{'x': 223, 'y': 414}, {'x': 493, 'y': 414}, {'x': 493, 'y': 669}, {'x': 223, 'y': 669}]",3:4,vertical,648000,1:1,box,68850,0.10625,positive
positive_300.jpeg,/kaggle/input/musait/dataset/basket/positive_300.jpeg,1,"Be low key.
Be private.
Be humble.
Via (Dark Secrets)","[{'x': 223, 'y': 414}, {'x': 493, 'y': 414}, {'x': 493, 'y': 669}, {'x': 223, 'y': 669}]",3:4,vertical,648000,1:1,box,68850,0.10625,positive
positive_301.jpeg,/kaggle/input/musait/dataset/basket/positive_301.jpeg,1,"Do not worry about anything because
there is nothing that belongs to you.
Everything is temporary.
~Adeep","[{'x': 137, 'y': 215}, {'x': 580, 'y': 215}, {'x': 580, 'y': 384}, {'x': 137, 'y': 384}]",3:4,vertical,678240,Other,other,74867,0.1103842297711724,positive
positive_302.jpeg,/kaggle/input/musait/dataset/basket/positive_302.jpeg,1,"Do not worry about anything because
there is nothing that belongs to you.
Everything is temporary.
~Adeep","[{'x': 137, 'y': 215}, {'x': 580, 'y': 215}, {'x': 580, 'y': 384}, {'x': 137, 'y': 384}]",3:4,vertical,678240,Other,other,74867,0.1103842297711724,positive
positive_303.jpeg,/kaggle/input/musait/dataset/basket/positive_303.jpeg,1,"Get back to who you were
before the heart break.
- Via (Dark Secrets)","[{'x': 170, 'y': 524}, {'x': 583, 'y': 524}, {'x': 583, 'y': 665}, {'x': 170, 'y': 665}]",3:4,vertical,648000,Other,other,58233,0.0898657407407407,positive
positive_304.jpeg,/kaggle/input/musait/dataset/basket/positive_304.jpeg,1,"Get back to who you were
before the heart break.
- Via (Dark Secrets)","[{'x': 170, 'y': 524}, {'x': 583, 'y': 524}, {'x': 583, 'y': 665}, {'x': 170, 'y': 665}]",3:4,vertical,648000,Other,other,58233,0.0898657407407407,positive
positive_305.jpeg,/kaggle/input/musait/dataset/basket/positive_305.jpeg,1,"Life is a one time
offer, live it well...
(Thoughts Wonder)
Thoughts Wonder","[{'x': 156, 'y': 173}, {'x': 622, 'y': 173}, {'x': 622, 'y': 851}, {'x': 156, 'y': 851}]",3:4,vertical,647280,3:4,vertical,315948,0.4881164256581387,positive
positive_306.jpeg,/kaggle/input/musait/dataset/basket/positive_306.jpeg,1,"Life is a one time
offer, live it well...
(Thoughts Wonder)
Thoughts Wonder","[{'x': 156, 'y': 173}, {'x': 622, 'y': 173}, {'x': 622, 'y': 851}, {'x': 156, 'y': 851}]",3:4,vertical,647280,3:4,vertical,315948,0.4881164256581387,positive
positive_307.jpeg,/kaggle/input/musait/dataset/basket/positive_307.jpeg,1,"Some
stranger
somewhere
still remembers you
because you were kind
to them when no
one else was.
(Thoughts Wonder)
Thoughts Wonder","[{'x': 82, 'y': 102}, {'x': 625, 'y': 102}, {'x': 625, 'y': 851}, {'x': 82, 'y': 851}]",3:4,vertical,647280,3:4,vertical,406707,0.6283324063774565,positive
positive_308.jpeg,/kaggle/input/musait/dataset/basket/positive_308.jpeg,1,"Some
stranger
somewhere
still remembers you
because you were kind
to them when no
one else was.
(Thoughts Wonder)
Thoughts Wonder","[{'x': 82, 'y': 102}, {'x': 625, 'y': 102}, {'x': 625, 'y': 851}, {'x': 82, 'y': 851}]",3:4,vertical,647280,3:4,vertical,406707,0.6283324063774565,positive
positive_309.jpeg,/kaggle/input/musait/dataset/basket/positive_309.jpeg,1,"For your peace of mind,
do not try to understand
everything.","[{'x': 93, 'y': 329}, {'x': 627, 'y': 329}, {'x': 627, 'y': 474}, {'x': 93, 'y': 474}]",3:4,vertical,683280,Other,other,77430,0.1133210396909027,positive
positive_310.jpeg,/kaggle/input/musait/dataset/basket/positive_310.jpeg,1,"For your peace of mind,
do not try to understand
everything.","[{'x': 93, 'y': 329}, {'x': 627, 'y': 329}, {'x': 627, 'y': 474}, {'x': 93, 'y': 474}]",3:4,vertical,683280,Other,other,77430,0.1133210396909027,positive
positive_311.jpg,/kaggle/input/musait/dataset/basket/positive_311.jpg,1,"india.com
MAY YOUR PLATE OF LIFE
BE ALWAYS FULL OF JUICY
KABABS & TIKAS, TOPPED WITH
THE CHUTNEY OF HAPPINESS.
WITH BEST EID WISHES,
HAPPY EID!
Eid Mubarak","[{'x': 440, 'y': 12}, {'x': 1014, 'y': 12}, {'x': 1014, 'y': 578}, {'x': 440, 'y': 578}]",Other,other,621568,1:1,box,324884,0.5226845654859967,positive
positive_312.jpg,/kaggle/input/musait/dataset/basket/positive_312.jpg,1,"india.com
MAY YOUR PLATE OF LIFE
BE ALWAYS FULL OF JUICY
KABABS & TIKAS, TOPPED WITH
THE CHUTNEY OF HAPPINESS.
WITH BEST EID WISHES,
HAPPY EID!
Eid Mubarak","[{'x': 440, 'y': 12}, {'x': 1014, 'y': 12}, {'x': 1014, 'y': 578}, {'x': 440, 'y': 578}]",Other,other,621568,1:1,box,324884,0.5226845654859967,positive
positive_313.jpeg,/kaggle/input/musait/dataset/basket/positive_313.jpeg,1,"Take a moment to
realize how blessed
you are.
(Thoughts Wonder)","[{'x': 138, 'y': 165}, {'x': 569, 'y': 165}, {'x': 569, 'y': 374}, {'x': 138, 'y': 374}]",1:1,box,591840,2:1,horizontal,90079,0.1522016085428494,positive
positive_314.jpeg,/kaggle/input/musait/dataset/basket/positive_314.jpeg,1,"Take a moment to
realize how blessed
you are.
(Thoughts Wonder)","[{'x': 138, 'y': 165}, {'x': 569, 'y': 165}, {'x': 569, 'y': 374}, {'x': 138, 'y': 374}]",1:1,box,591840,2:1,horizontal,90079,0.1522016085428494,positive
positive_315.png,/kaggle/input/musait/dataset/basket/positive_315.png,1,"HAPPY EID*
""Ramadhan Kareem""","[{'x': 39, 'y': 16}, {'x': 183, 'y': 16}, {'x': 183, 'y': 210}, {'x': 39, 'y': 210}]",1:1,box,50625,3:4,vertical,27936,0.5518222222222222,positive
positive_316.png,/kaggle/input/musait/dataset/basket/positive_316.png,1,"HAPPY EID*
""Ramadhan Kareem""","[{'x': 39, 'y': 16}, {'x': 183, 'y': 16}, {'x': 183, 'y': 210}, {'x': 39, 'y': 210}]",1:1,box,50625,3:4,vertical,27936,0.5518222222222222,positive
positive_317.jpeg,/kaggle/input/musait/dataset/basket/positive_317.jpeg,1,"May Lord Jagannath
bless you and family,
Happy Jagannath Yatra
SmitCreation
.com","[{'x': 116, 'y': 10}, {'x': 277, 'y': 10}, {'x': 277, 'y': 119}, {'x': 116, 'y': 119}]",3:2,horizontal,50268,4:3,horizontal,17549,0.3491087769555184,positive
positive_318.jpeg,/kaggle/input/musait/dataset/basket/positive_318.jpeg,1,"May Lord Jagannath
bless you and family,
Happy Jagannath Yatra
SmitCreation
.com","[{'x': 116, 'y': 10}, {'x': 277, 'y': 10}, {'x': 277, 'y': 119}, {'x': 116, 'y': 119}]",3:2,horizontal,50268,4:3,horizontal,17549,0.3491087769555184,positive
positive_319.jpeg,/kaggle/input/musait/dataset/basket/positive_319.jpeg,1,"Don't give up, the beginning
is always the hardest.
@Inspirational Quotes 720","[{'x': 129, 'y': 569}, {'x': 629, 'y': 569}, {'x': 629, 'y': 984}, {'x': 129, 'y': 984}]",3:4,vertical,778320,4:3,horizontal,207500,0.2665998561003186,positive
positive_320.jpeg,/kaggle/input/musait/dataset/basket/positive_320.jpeg,1,"Don't give up, the beginning
is always the hardest.
@Inspirational Quotes 720","[{'x': 129, 'y': 569}, {'x': 629, 'y': 569}, {'x': 629, 'y': 984}, {'x': 129, 'y': 984}]",3:4,vertical,778320,4:3,horizontal,207500,0.2665998561003186,positive
positive_321.jpg,/kaggle/input/musait/dataset/basket/positive_321.jpg,1,"Eid Mubarak
Eid Mubarak, Eid Mubarak,
happy Eid, happy Eid,
Eid's a time for sharing, Eid's a time for sharing,
happy Eid, happy Eid.","[{'x': 68, 'y': 28}, {'x': 534, 'y': 28}, {'x': 534, 'y': 203}, {'x': 68, 'y': 203}]",4:3,horizontal,254400,Other,other,81550,0.3205581761006289,positive
positive_322.jpg,/kaggle/input/musait/dataset/basket/positive_322.jpg,1,"Eid Mubarak
Eid Mubarak, Eid Mubarak,
happy Eid, happy Eid,
Eid's a time for sharing, Eid's a time for sharing,
happy Eid, happy Eid.","[{'x': 68, 'y': 28}, {'x': 534, 'y': 28}, {'x': 534, 'y': 203}, {'x': 68, 'y': 203}]",4:3,horizontal,254400,Other,other,81550,0.3205581761006289,positive
positive_323.jpeg,/kaggle/input/musait/dataset/basket/positive_323.jpeg,1,"a
smile can hide so much pain.","[{'x': 179, 'y': 386}, {'x': 534, 'y': 386}, {'x': 534, 'y': 417}, {'x': 179, 'y': 417}]",3:4,vertical,648000,Other,other,11005,0.016983024691358,positive
positive_324.jpeg,/kaggle/input/musait/dataset/basket/positive_324.jpeg,1,"a
smile can hide so much pain.","[{'x': 179, 'y': 386}, {'x': 534, 'y': 386}, {'x': 534, 'y': 417}, {'x': 179, 'y': 417}]",3:4,vertical,648000,Other,other,11005,0.016983024691358,positive
positive_325.jpeg,/kaggle/input/musait/dataset/basket/positive_325.jpeg,1,"Success hits different when
nobody believed in you.
-
Via (Dark Secrets)","[{'x': 41, 'y': 542}, {'x': 693, 'y': 542}, {'x': 693, 'y': 707}, {'x': 41, 'y': 707}]",3:4,vertical,648000,Other,other,107580,0.1660185185185185,positive
positive_326.jpeg,/kaggle/input/musait/dataset/basket/positive_326.jpeg,1,"Success hits different when
nobody believed in you.
-
Via (Dark Secrets)","[{'x': 41, 'y': 542}, {'x': 693, 'y': 542}, {'x': 693, 'y': 707}, {'x': 41, 'y': 707}]",3:4,vertical,648000,Other,other,107580,0.1660185185185185,positive
positive_327.jpg,/kaggle/input/musait/dataset/basket/positive_327.jpg,1,"*HAPPY
EIDD","[{'x': 20, 'y': 114}, {'x': 820, 'y': 114}, {'x': 820, 'y': 515}, {'x': 20, 'y': 515}]",1:1,box,845750,16:9,horizontal,320800,0.3793083062370677,positive
positive_328.jpg,/kaggle/input/musait/dataset/basket/positive_328.jpg,1,"*HAPPY
EIDD","[{'x': 20, 'y': 114}, {'x': 820, 'y': 114}, {'x': 820, 'y': 515}, {'x': 20, 'y': 515}]",1:1,box,845750,16:9,horizontal,320800,0.3793083062370677,positive
positive_329.jpg,/kaggle/input/musait/dataset/basket/positive_329.jpg,1,"ଧରିତ
ଧରିତ୍ରୀ
PELIANCE
AASHIRVAAD
RELIANCE
May Lord Jagannath
LATEST LY
Bring In the Best Colours of
Success, Prosperity and
Happiness to Your Life.
Wishing
You and Your Family
Blessed Rath Yatra!","[{'x': 133, 'y': 11}, {'x': 1187, 'y': 11}, {'x': 1187, 'y': 472}, {'x': 133, 'y': 472}]",16:9,horizontal,800400,21:9,horizontal,485894,0.607063968015992,positive
positive_330.jpg,/kaggle/input/musait/dataset/basket/positive_330.jpg,1,"ଧରିତ
ଧରିତ୍ରୀ
PELIANCE
AASHIRVAAD
RELIANCE
May Lord Jagannath
LATEST LY
Bring In the Best Colours of
Success, Prosperity and
Happiness to Your Life.
Wishing
You and Your Family
Blessed Rath Yatra!","[{'x': 133, 'y': 11}, {'x': 1187, 'y': 11}, {'x': 1187, 'y': 472}, {'x': 133, 'y': 472}]",16:9,horizontal,800400,21:9,horizontal,485894,0.607063968015992,positive
positive_331.jpg,/kaggle/input/musait/dataset/basket/positive_331.jpg,1,"Happy Lohri
May this festival of Lohri bring joy and Happiness
to you and family.
Happy Lohri
ਹੈਪੀ ਲੋਹੜੀ","[{'x': 89, 'y': 72}, {'x': 465, 'y': 72}, {'x': 465, 'y': 466}, {'x': 89, 'y': 466}]",1:1,box,235500,1:1,box,148144,0.6290615711252654,positive
positive_332.jpg,/kaggle/input/musait/dataset/basket/positive_332.jpg,1,"Happy Lohri
May this festival of Lohri bring joy and Happiness
to you and family.
Happy Lohri
ਹੈਪੀ ਲੋਹੜੀ","[{'x': 89, 'y': 72}, {'x': 465, 'y': 72}, {'x': 465, 'y': 466}, {'x': 89, 'y': 466}]",1:1,box,235500,1:1,box,148144,0.6290615711252654,positive
positive_333.jpeg,/kaggle/input/musait/dataset/basket/positive_333.jpeg,1,HAPPY HOLD,"[{'x': 39, 'y': 21}, {'x': 220, 'y': 21}, {'x': 220, 'y': 61}, {'x': 39, 'y': 61}]",3:2,horizontal,50220,Other,other,7240,0.1441656710473914,positive
positive_334.jpeg,/kaggle/input/musait/dataset/basket/positive_334.jpeg,1,HAPPY HOLD,"[{'x': 39, 'y': 21}, {'x': 220, 'y': 21}, {'x': 220, 'y': 61}, {'x': 39, 'y': 61}]",3:2,horizontal,50220,Other,other,7240,0.1441656710473914,positive
positive_335.jpeg,/kaggle/input/musait/dataset/basket/positive_335.jpeg,1,HAPPY HOL,"[{'x': 73, 'y': 14}, {'x': 212, 'y': 14}, {'x': 212, 'y': 53}, {'x': 73, 'y': 53}]",16:9,horizontal,50400,Other,other,5421,0.1075595238095238,positive
positive_336.jpeg,/kaggle/input/musait/dataset/basket/positive_336.jpeg,1,HAPPY HOL,"[{'x': 73, 'y': 14}, {'x': 212, 'y': 14}, {'x': 212, 'y': 53}, {'x': 73, 'y': 53}]",16:9,horizontal,50400,Other,other,5421,0.1075595238095238,positive
positive_337.jpeg,/kaggle/input/musait/dataset/basket/positive_337.jpeg,1,"Happy Holi Images
Happy
Holi!","[{'x': 61, 'y': 9}, {'x': 214, 'y': 9}, {'x': 214, 'y': 116}, {'x': 61, 'y': 116}]",3:2,horizontal,50325,4:3,horizontal,16371,0.3253055141579731,positive
positive_338.jpeg,/kaggle/input/musait/dataset/basket/positive_338.jpeg,1,"Happy Holi Images
Happy
Holi!","[{'x': 61, 'y': 9}, {'x': 214, 'y': 9}, {'x': 214, 'y': 116}, {'x': 61, 'y': 116}]",3:2,horizontal,50325,4:3,horizontal,16371,0.3253055141579731,positive
positive_339.jpeg,/kaggle/input/musait/dataset/basket/positive_339.jpeg,1,"""May the festival of colours
brings the brightness of colors
to your life
Happy Holi","[{'x': 0, 'y': 8}, {'x': 108, 'y': 8}, {'x': 108, 'y': 83}, {'x': 0, 'y': 83}]",4:3,horizontal,50540,4:3,horizontal,8100,0.1602690937870993,positive
positive_340.jpeg,/kaggle/input/musait/dataset/basket/positive_340.jpeg,1,"""May the festival of colours
brings the brightness of colors
to your life
Happy Holi","[{'x': 0, 'y': 8}, {'x': 108, 'y': 8}, {'x': 108, 'y': 83}, {'x': 0, 'y': 83}]",4:3,horizontal,50540,4:3,horizontal,8100,0.1602690937870993,positive
positive_341.jpeg,/kaggle/input/musait/dataset/basket/positive_341.jpeg,1,"Happy
Holi","[{'x': 63, 'y': 21}, {'x': 207, 'y': 21}, {'x': 207, 'y': 90}, {'x': 63, 'y': 90}]",16:9,horizontal,50531,2:1,horizontal,9936,0.1966317705962676,positive
positive_342.jpeg,/kaggle/input/musait/dataset/basket/positive_342.jpeg,1,"Happy
Holi","[{'x': 63, 'y': 21}, {'x': 207, 'y': 21}, {'x': 207, 'y': 90}, {'x': 63, 'y': 90}]",16:9,horizontal,50531,2:1,horizontal,9936,0.1966317705962676,positive
positive_343.jpeg,/kaggle/input/musait/dataset/basket/positive_343.jpeg,1,"My only wish is
to paint your face with colors
so that your life also be filled
with the vibrant colors of love,
happiness and joy.
Happy Holi","[{'x': 35, 'y': 7}, {'x': 199, 'y': 7}, {'x': 199, 'y': 114}, {'x': 35, 'y': 114}]",1:1,box,50504,3:2,horizontal,17548,0.3474576271186441,positive
positive_344.jpeg,/kaggle/input/musait/dataset/basket/positive_344.jpeg,1,"My only wish is
to paint your face with colors
so that your life also be filled
with the vibrant colors of love,
happiness and joy.
Happy Holi","[{'x': 35, 'y': 7}, {'x': 199, 'y': 7}, {'x': 199, 'y': 114}, {'x': 35, 'y': 114}]",1:1,box,50504,3:2,horizontal,17548,0.3474576271186441,positive
positive_345.jpeg,/kaggle/input/musait/dataset/basket/positive_345.jpeg,1,"Happy Eid Mubarak
Cherish every moment of this
beautiful festival, and may all
your dreams come true soon.","[{'x': 60, 'y': 48}, {'x': 250, 'y': 48}, {'x': 250, 'y': 126}, {'x': 60, 'y': 126}]",16:9,horizontal,50530,21:9,horizontal,14820,0.2932911141895903,positive
positive_346.jpeg,/kaggle/input/musait/dataset/basket/positive_346.jpeg,1,"Happy Eid Mubarak
Cherish every moment of this
beautiful festival, and may all
your dreams come true soon.","[{'x': 60, 'y': 48}, {'x': 250, 'y': 48}, {'x': 250, 'y': 126}, {'x': 60, 'y': 126}]",16:9,horizontal,50530,21:9,horizontal,14820,0.2932911141895903,positive
positive_347.jpeg,/kaggle/input/musait/dataset/basket/positive_347.jpeg,1,"May this beautiful
occasion of eid gives you
all the reasons to make
your life even more
beautiful. Wishing you
a happy Eid day!
Eid Mubaraki","[{'x': 134, 'y': 36}, {'x': 273, 'y': 36}, {'x': 273, 'y': 148}, {'x': 134, 'y': 148}]",Other,other,50396,4:3,horizontal,15568,0.3089134058258592,positive
positive_348.jpeg,/kaggle/input/musait/dataset/basket/positive_348.jpeg,1,"May this beautiful
occasion of eid gives you
all the reasons to make
your life even more
beautiful. Wishing you
a happy Eid day!
Eid Mubaraki","[{'x': 134, 'y': 36}, {'x': 273, 'y': 36}, {'x': 273, 'y': 148}, {'x': 134, 'y': 148}]",Other,other,50396,4:3,horizontal,15568,0.3089134058258592,positive
positive_349.jpg,/kaggle/input/musait/dataset/basket/positive_349.jpg,1,"SPRING FEST
SPRING FEST, IIT
KHARAGPUR
#VLOG1","[{'x': 315, 'y': 151}, {'x': 1230, 'y': 151}, {'x': 1230, 'y': 693}, {'x': 315, 'y': 693}]",16:9,horizontal,921600,Other,other,495930,0.5381184895833333,positive
positive_350.jpg,/kaggle/input/musait/dataset/basket/positive_350.jpg,1,"SPRING FEST
SPRING FEST, IIT
KHARAGPUR
#VLOG1","[{'x': 315, 'y': 151}, {'x': 1230, 'y': 151}, {'x': 1230, 'y': 693}, {'x': 315, 'y': 693}]",16:9,horizontal,921600,Other,other,495930,0.5381184895833333,positive
positive_351.jpeg,/kaggle/input/musait/dataset/basket/positive_351.jpeg,1,"Stop comparing.
Everyone's growth has
its own rhythm.
Via (Dark Secrets)","[{'x': 84, 'y': 412}, {'x': 612, 'y': 412}, {'x': 612, 'y': 666}, {'x': 84, 'y': 666}]",3:4,vertical,648000,2:1,horizontal,134112,0.2069629629629629,positive
positive_352.jpeg,/kaggle/input/musait/dataset/basket/positive_352.jpeg,1,"Stop comparing.
Everyone's growth has
its own rhythm.
Via (Dark Secrets)","[{'x': 84, 'y': 412}, {'x': 612, 'y': 412}, {'x': 612, 'y': 666}, {'x': 84, 'y': 666}]",3:4,vertical,648000,2:1,horizontal,134112,0.2069629629629629,positive
positive_353.jpeg,/kaggle/input/musait/dataset/basket/positive_353.jpeg,1,"111
111
Become a master
at not caring
about things you
cannot control.
- Via (Dark Secrets)","[{'x': 141, 'y': 194}, {'x': 559, 'y': 194}, {'x': 559, 'y': 730}, {'x': 141, 'y': 730}]",3:4,vertical,648000,3:4,vertical,224048,0.3457530864197531,positive
positive_354.jpeg,/kaggle/input/musait/dataset/basket/positive_354.jpeg,1,"111
111
Become a master
at not caring
about things you
cannot control.
- Via (Dark Secrets)","[{'x': 141, 'y': 194}, {'x': 559, 'y': 194}, {'x': 559, 'y': 730}, {'x': 141, 'y': 730}]",3:4,vertical,648000,3:4,vertical,224048,0.3457530864197531,positive
positive_355.jpeg,/kaggle/input/musait/dataset/basket/positive_355.jpeg,1,"Believe that
tomorrow will be
@Meltblogs
better than today.","[{'x': 90, 'y': 292}, {'x': 632, 'y': 292}, {'x': 632, 'y': 595}, {'x': 90, 'y': 595}]",3:4,vertical,777600,16:9,horizontal,164226,0.211195987654321,positive
positive_356.jpeg,/kaggle/input/musait/dataset/basket/positive_356.jpeg,1,"Believe that
tomorrow will be
@Meltblogs
better than today.","[{'x': 90, 'y': 292}, {'x': 632, 'y': 292}, {'x': 632, 'y': 595}, {'x': 90, 'y': 595}]",3:4,vertical,777600,16:9,horizontal,164226,0.211195987654321,positive
positive_357.jpeg,/kaggle/input/musait/dataset/basket/positive_357.jpeg,1,"@officialjokerquotes
Never let your
feelings get too deep,
people can change
anytime.
THE JOKER
QUOTES","[{'x': 39, 'y': 45}, {'x': 691, 'y': 45}, {'x': 691, 'y': 665}, {'x': 39, 'y': 665}]",1:1,box,518400,1:1,box,404240,0.779783950617284,positive
positive_358.jpeg,/kaggle/input/musait/dataset/basket/positive_358.jpeg,1,"When you don't expect
anything from anybody,
you experience true
peace.
-SANGEETA RANA","[{'x': 215, 'y': 69}, {'x': 526, 'y': 69}, {'x': 526, 'y': 262}, {'x': 215, 'y': 262}]",4:3,horizontal,434880,3:2,horizontal,60023,0.138021983075791,positive
positive_359.jpeg,/kaggle/input/musait/dataset/basket/positive_359.jpeg,1,"When you don't expect
anything from anybody,
you experience true
peace.
-SANGEETA RANA","[{'x': 215, 'y': 69}, {'x': 526, 'y': 69}, {'x': 526, 'y': 262}, {'x': 215, 'y': 262}]",4:3,horizontal,434880,3:2,horizontal,60023,0.138021983075791,positive
positive_360.jpeg,/kaggle/input/musait/dataset/basket/positive_360.jpeg,1,"INSTAGRAM: @BAD NEWS THE JOKER
INSTAGRAM BAD NEWS THE JOKER
IF LYING WAS
A JOB, I KNOW
SOME PEOPLE WHO
WOULD BE
BILLIONAIRES.","[{'x': 146, 'y': 104}, {'x': 645, 'y': 104}, {'x': 645, 'y': 826}, {'x': 146, 'y': 826}]",3:4,vertical,643680,3:4,vertical,360278,0.559716007954263,positive
positive_361.jpeg,/kaggle/input/musait/dataset/basket/positive_361.jpeg,1,"LIFEMELLO
Don't think about what can
happen in a month.
Don't think about what can
happen in a year.
Just focus on the 24 hours
in front of you and
do what you can to
get closer to where you
want to be.","[{'x': 71, 'y': 482}, {'x': 647, 'y': 482}, {'x': 647, 'y': 879}, {'x': 71, 'y': 879}]",3:4,vertical,648000,4:3,horizontal,228672,0.3528888888888888,positive
positive_362.jpeg,/kaggle/input/musait/dataset/basket/positive_362.jpeg,1,"LIFEMELLO
Don't think about what can
happen in a month.
Don't think about what can
happen in a year.
Just focus on the 24 hours
in front of you and
do what you can to
get closer to where you
want to be.","[{'x': 71, 'y': 482}, {'x': 647, 'y': 482}, {'x': 647, 'y': 879}, {'x': 71, 'y': 879}]",3:4,vertical,648000,4:3,horizontal,228672,0.3528888888888888,positive
positive_363.jpeg,/kaggle/input/musait/dataset/basket/positive_363.jpeg,1,"Perfect bands don't exi--
A","[{'x': 30, 'y': 36}, {'x': 472, 'y': 36}, {'x': 472, 'y': 321}, {'x': 30, 'y': 321}]",1:1,box,493500,3:2,horizontal,125970,0.255258358662614,positive
positive_364.jpeg,/kaggle/input/musait/dataset/basket/positive_364.jpeg,1,"Perfect bands don't exi--
A","[{'x': 30, 'y': 36}, {'x': 472, 'y': 36}, {'x': 472, 'y': 321}, {'x': 30, 'y': 321}]",1:1,box,493500,3:2,horizontal,125970,0.255258358662614,positive
positive_365.jpeg,/kaggle/input/musait/dataset/basket/positive_365.jpeg,1,"LIFEMELLO
IF YOU TRY AND FAIL,
CONGRATULATIONS.
MOST PEOPLE
WON'T EVEN
TRY.","[{'x': 124, 'y': 551}, {'x': 599, 'y': 551}, {'x': 599, 'y': 860}, {'x': 124, 'y': 860}]",3:4,vertical,648000,3:2,horizontal,146775,0.2265046296296296,positive
positive_366.jpeg,/kaggle/input/musait/dataset/basket/positive_366.jpeg,1,"LIFEMELLO
IF YOU TRY AND FAIL,
CONGRATULATIONS.
MOST PEOPLE
WON'T EVEN
TRY.","[{'x': 124, 'y': 551}, {'x': 599, 'y': 551}, {'x': 599, 'y': 860}, {'x': 124, 'y': 860}]",3:4,vertical,648000,3:2,horizontal,146775,0.2265046296296296,positive
positive_367.jpeg,/kaggle/input/musait/dataset/basket/positive_367.jpeg,1,"Staying positive
makes a big
@Motivational Life
difference in life.","[{'x': 52, 'y': 218}, {'x': 630, 'y': 218}, {'x': 630, 'y': 496}, {'x': 52, 'y': 496}]",3:4,vertical,777600,2:1,horizontal,160684,0.2066409465020576,positive
positive_368.jpeg,/kaggle/input/musait/dataset/basket/positive_368.jpeg,1,"Staying positive
makes a big
@Motivational Life
difference in life.","[{'x': 52, 'y': 218}, {'x': 630, 'y': 218}, {'x': 630, 'y': 496}, {'x': 52, 'y': 496}]",3:4,vertical,777600,2:1,horizontal,160684,0.2066409465020576,positive
positive_369.jpeg,/kaggle/input/musait/dataset/basket/positive_369.jpeg,1,"lifemello
MY GOAL IS NOT TO BE
BETTER THAN ANYONE ELSE,
BUT TO BE BETTER THAN
I USED TO BE.","[{'x': 48, 'y': 348}, {'x': 669, 'y': 348}, {'x': 669, 'y': 591}, {'x': 48, 'y': 591}]",3:4,vertical,648000,Other,other,150903,0.232875,positive
positive_370.jpeg,/kaggle/input/musait/dataset/basket/positive_370.jpeg,1,"lifemello
MY GOAL IS NOT TO BE
BETTER THAN ANYONE ELSE,
BUT TO BE BETTER THAN
I USED TO BE.","[{'x': 49, 'y': 348}, {'x': 669, 'y': 348}, {'x': 669, 'y': 591}, {'x': 49, 'y': 591}]",3:4,vertical,648000,Other,other,150660,0.2325,positive
positive_371.png,/kaggle/input/musait/dataset/basket/positive_371.png,1,Happy Valentine's Day,"[{'x': 80, 'y': 86}, {'x': 257, 'y': 86}, {'x': 257, 'y': 134}, {'x': 80, 'y': 134}]",16:9,horizontal,50400,Other,other,8496,0.1685714285714285,positive
positive_372.png,/kaggle/input/musait/dataset/basket/positive_372.png,1,Happy Valentine's Day,"[{'x': 80, 'y': 86}, {'x': 257, 'y': 86}, {'x': 257, 'y': 134}, {'x': 80, 'y': 134}]",16:9,horizontal,50400,Other,other,8496,0.1685714285714285,positive
positive_373.jpeg,/kaggle/input/musait/dataset/basket/positive_373.jpeg,1,"Happy Anniversary
to a Beautiful Couple","[{'x': 40, 'y': 108}, {'x': 275, 'y': 108}, {'x': 275, 'y': 158}, {'x': 40, 'y': 158}]",16:9,horizontal,50400,Other,other,11750,0.2331349206349206,positive
positive_374.jpeg,/kaggle/input/musait/dataset/basket/positive_374.jpeg,1,"Happy Anniversary
to a Beautiful Couple","[{'x': 40, 'y': 108}, {'x': 275, 'y': 108}, {'x': 275, 'y': 158}, {'x': 40, 'y': 158}]",16:9,horizontal,50400,Other,other,11750,0.2331349206349206,positive
positive_375.jpeg,/kaggle/input/musait/dataset/basket/positive_375.jpeg,1,"HAPPY
Mathers
Day","[{'x': 65, 'y': 29}, {'x': 211, 'y': 29}, {'x': 211, 'y': 148}, {'x': 65, 'y': 148}]",4:3,horizontal,50505,4:3,horizontal,17374,0.344005544005544,positive
positive_376.jpeg,/kaggle/input/musait/dataset/basket/positive_376.jpeg,1,"HAPPY
Mathers
Day","[{'x': 65, 'y': 29}, {'x': 211, 'y': 29}, {'x': 211, 'y': 148}, {'x': 65, 'y': 148}]",4:3,horizontal,50505,4:3,horizontal,17374,0.344005544005544,positive
positive_377.jpeg,/kaggle/input/musait/dataset/basket/positive_377.jpeg,1,"LATEST
Happy Mothers Day
Thank You for Everything
You've Done for Us.
It's More Than We Can Ever
Repay You!","[{'x': 124, 'y': 2}, {'x': 289, 'y': 2}, {'x': 289, 'y': 147}, {'x': 124, 'y': 147}]",16:9,horizontal,50400,1:1,box,23925,0.4747023809523809,positive
positive_378.jpeg,/kaggle/input/musait/dataset/basket/positive_378.jpeg,1,"LATEST
Happy Mothers Day
Thank You for Everything
You've Done for Us.
It's More Than We Can Ever
Repay You!","[{'x': 124, 'y': 2}, {'x': 289, 'y': 2}, {'x': 289, 'y': 147}, {'x': 124, 'y': 147}]",16:9,horizontal,50400,1:1,box,23925,0.4747023809523809,positive
positive_379.jpeg,/kaggle/input/musait/dataset/basket/positive_379.jpeg,1,"You have
suffered enough,
now is the time
to live a life that
really brings
you joy.
www.Your Positive Oasis.com","[{'x': 18, 'y': 93}, {'x': 694, 'y': 93}, {'x': 694, 'y': 717}, {'x': 18, 'y': 717}]",1:1,box,518400,1:1,box,421824,0.8137037037037037,positive
positive_380.jpeg,/kaggle/input/musait/dataset/basket/positive_380.jpeg,1,"You have
suffered enough,
now is the time
to live a life that
really brings
you joy.
www.Your Positive Oasis.com","[{'x': 18, 'y': 93}, {'x': 694, 'y': 93}, {'x': 694, 'y': 717}, {'x': 18, 'y': 717}]",1:1,box,518400,1:1,box,421824,0.8137037037037037,positive
positive_381.jpeg,/kaggle/input/musait/dataset/basket/positive_381.jpeg,1,"Self-care is working
on yourself over and
over again until you
get it right.
(Thoughts Wonder)","[{'x': 133, 'y': 152}, {'x': 575, 'y': 152}, {'x': 575, 'y': 414}, {'x': 133, 'y': 414}]",1:1,box,582480,Other,other,115804,0.1988119763768713,positive
positive_382.jpeg,/kaggle/input/musait/dataset/basket/positive_382.jpeg,1,"Self-care is working
on yourself over and
over again until you
get it right.
(Thoughts Wonder)","[{'x': 133, 'y': 152}, {'x': 575, 'y': 152}, {'x': 575, 'y': 414}, {'x': 133, 'y': 414}]",1:1,box,582480,Other,other,115804,0.1988119763768713,positive
positive_383.jpeg,/kaggle/input/musait/dataset/basket/positive_383.jpeg,1,"15 Day
Valentine's
POST IDEAS
sorayan.com","[{'x': 116, 'y': 38}, {'x': 272, 'y': 38}, {'x': 272, 'y': 165}, {'x': 116, 'y': 165}]",3:2,horizontal,50325,4:3,horizontal,19812,0.3936810730253353,positive
positive_384.jpeg,/kaggle/input/musait/dataset/basket/positive_384.jpeg,1,"15 Day
Valentine's
POST IDEAS
sorayan.com","[{'x': 116, 'y': 38}, {'x': 272, 'y': 38}, {'x': 272, 'y': 165}, {'x': 116, 'y': 165}]",3:2,horizontal,50325,4:3,horizontal,19812,0.3936810730253353,positive
positive_385.jpeg,/kaggle/input/musait/dataset/basket/positive_385.jpeg,1,Have patience and some hope. Life will be better.,"[{'x': 70, 'y': 498}, {'x': 642, 'y': 498}, {'x': 642, 'y': 529}, {'x': 70, 'y': 529}]",3:4,vertical,648000,Other,other,17732,0.0273641975308641,positive
positive_386.jpeg,/kaggle/input/musait/dataset/basket/positive_386.jpeg,1,Have patience and some hope. Life will be better.,"[{'x': 70, 'y': 498}, {'x': 642, 'y': 498}, {'x': 642, 'y': 529}, {'x': 70, 'y': 529}]",3:4,vertical,648000,Other,other,17732,0.0273641975308641,positive
positive_387.jpeg,/kaggle/input/musait/dataset/basket/positive_387.jpeg,1,"It's more peaceful when
everything is private.
Via (Dark Secrets)","[{'x': 110, 'y': 534}, {'x': 643, 'y': 534}, {'x': 643, 'y': 681}, {'x': 110, 'y': 681}]",3:4,vertical,648000,Other,other,78351,0.120912037037037,positive
positive_388.jpeg,/kaggle/input/musait/dataset/basket/positive_388.jpeg,1,"It's more peaceful when
everything is private.
Via (Dark Secrets)","[{'x': 110, 'y': 534}, {'x': 643, 'y': 534}, {'x': 643, 'y': 681}, {'x': 110, 'y': 681}]",3:4,vertical,648000,Other,other,78351,0.120912037037037,positive
positive_389.jpeg,/kaggle/input/musait/dataset/basket/positive_389.jpeg,1,"2 DIFFERENT MINDSETS
ENTRE
PRE
NEUR","[{'x': 33, 'y': 22}, {'x': 697, 'y': 22}, {'x': 697, 'y': 484}, {'x': 33, 'y': 484}]",1:1,box,514800,4:3,horizontal,306768,0.5958974358974359,positive
positive_390.jpeg,/kaggle/input/musait/dataset/basket/positive_390.jpeg,1,"It may be stormy
now but it can't
rain forever.
Via (Dark Secrets)","[{'x': 168, 'y': 438}, {'x': 598, 'y': 438}, {'x': 598, 'y': 683}, {'x': 168, 'y': 683}]",3:4,vertical,648000,16:9,horizontal,105350,0.1625771604938271,positive
positive_391.jpeg,/kaggle/input/musait/dataset/basket/positive_391.jpeg,1,"It may be stormy
now but it can't
rain forever.
Via (Dark Secrets)","[{'x': 168, 'y': 438}, {'x': 597, 'y': 438}, {'x': 597, 'y': 683}, {'x': 168, 'y': 683}]",3:4,vertical,648000,16:9,horizontal,105105,0.162199074074074,positive
positive_392.jpeg,/kaggle/input/musait/dataset/basket/positive_392.jpeg,1,vibes don't lie.,"[{'x': 273, 'y': 437}, {'x': 439, 'y': 437}, {'x': 439, 'y': 459}, {'x': 273, 'y': 459}]",3:4,vertical,648000,Other,other,3652,0.0056358024691358,positive
positive_393.jpeg,/kaggle/input/musait/dataset/basket/positive_393.jpeg,1,vibes don't lie.,"[{'x': 273, 'y': 437}, {'x': 439, 'y': 437}, {'x': 439, 'y': 459}, {'x': 273, 'y': 459}]",3:4,vertical,648000,Other,other,3652,0.0056358024691358,positive
positive_394.jpeg,/kaggle/input/musait/dataset/basket/positive_394.jpeg,1,"Trust yourself,
you've survived a lot
and you'll survive
whatever is
coming.
(Wonders Dairy)
Wonders Dairy
www.wondersdairy.com","[{'x': 101, 'y': 152}, {'x': 604, 'y': 152}, {'x': 604, 'y': 862}, {'x': 101, 'y': 862}]",3:4,vertical,648720,3:4,vertical,357130,0.5505148600320632,positive
positive_395.jpeg,/kaggle/input/musait/dataset/basket/positive_395.jpeg,1,"Trust yourself,
you've survived a lot
and you'll survive
whatever is
coming.
(Wonders Dairy)
Wonders Dairy
www.wondersdairy.com","[{'x': 101, 'y': 152}, {'x': 604, 'y': 152}, {'x': 604, 'y': 862}, {'x': 101, 'y': 862}]",3:4,vertical,648720,3:4,vertical,357130,0.5505148600320632,positive
positive_396.jpeg,/kaggle/input/musait/dataset/basket/positive_396.jpeg,1,"LIFE
EOR
ME OXYGEN FOOD","[{'x': 38, 'y': 96}, {'x': 668, 'y': 96}, {'x': 668, 'y': 534}, {'x': 38, 'y': 534}]",4:3,horizontal,389340,4:3,horizontal,275940,0.7087378640776699,positive
positive_397.jpeg,/kaggle/input/musait/dataset/basket/positive_397.jpeg,1,"Today might not be perfect, but
it's a perfect day to be happy.
-Lori Deschene","[{'x': 34, 'y': 217}, {'x': 690, 'y': 217}, {'x': 690, 'y': 388}, {'x': 34, 'y': 388}]",3:4,vertical,667440,Other,other,112176,0.1680690399137001,positive
positive_398.jpeg,/kaggle/input/musait/dataset/basket/positive_398.jpeg,1,"Today might not be perfect, but
it's a perfect day to be happy.
-Lori Deschene","[{'x': 34, 'y': 217}, {'x': 690, 'y': 217}, {'x': 690, 'y': 388}, {'x': 34, 'y': 388}]",3:4,vertical,667440,Other,other,112176,0.1680690399137001,positive
positive_399.jpeg,/kaggle/input/musait/dataset/basket/positive_399.jpeg,1,"UNSUCCESSFUL SUCCESSFUL
PEOPLE
PEOPLE
FAIL
FAIL
FAIL
FAIL
FAIL
FAIL
FAIL
FAIL
FAIL
FAIL
FAIL
FAIL","[{'x': 16, 'y': 15}, {'x': 688, 'y': 15}, {'x': 688, 'y': 715}, {'x': 16, 'y': 715}]",1:1,box,518400,1:1,box,470400,0.9074074074074074,positive
positive_400.jpeg,/kaggle/input/musait/dataset/basket/positive_400.jpeg,1,"UNSUCCESSFUL SUCCESSFUL
PEOPLE
PEOPLE
FAIL
FAIL
FAIL
FAIL
FAIL
FAIL
FAIL
FAIL
FAIL
FAIL
FAIL
FAIL","[{'x': 16, 'y': 15}, {'x': 688, 'y': 15}, {'x': 688, 'y': 715}, {'x': 16, 'y': 715}]",1:1,box,518400,1:1,box,470400,0.9074074074074074,positive
positive_401.jpeg,/kaggle/input/musait/dataset/basket/positive_401.jpeg,1,"Some people just act like
they're trying to help you.
@successpictures
@successpictures
@successpictures","[{'x': 36, 'y': 12}, {'x': 681, 'y': 12}, {'x': 681, 'y': 626}, {'x': 36, 'y': 626}]",1:1,box,511200,1:1,box,396030,0.774706572769953,positive
positive_402.jpeg,/kaggle/input/musait/dataset/basket/positive_402.jpeg,1,"The person coming
to save you is your
healed self.
- Via (Dark Secrets)","[{'x': 130, 'y': 404}, {'x': 606, 'y': 404}, {'x': 606, 'y': 625}, {'x': 130, 'y': 625}]",3:4,vertical,648000,Other,other,105196,0.1623395061728395,positive
positive_403.jpeg,/kaggle/input/musait/dataset/basket/positive_403.jpeg,1,"The person coming
to save you is your
healed self.
- Via (Dark Secrets)","[{'x': 130, 'y': 404}, {'x': 606, 'y': 404}, {'x': 606, 'y': 625}, {'x': 130, 'y': 625}]",3:4,vertical,648000,Other,other,105196,0.1623395061728395,positive
positive_404.jpeg,/kaggle/input/musait/dataset/basket/positive_404.jpeg,1,"Don't be jealous of
anyone.
Don't compete with
anyone
Just focus on becoming
the best version of
yourself.","[{'x': 108, 'y': 274}, {'x': 399, 'y': 274}, {'x': 399, 'y': 486}, {'x': 108, 'y': 486}]",1:1,box,291588,4:3,horizontal,61692,0.2115724926951726,positive
positive_405.jpeg,/kaggle/input/musait/dataset/basket/positive_405.jpeg,1,"Don't be jealous of
anyone.
Don't compete with
anyone
Just focus on becoming
the best version of
yourself.","[{'x': 108, 'y': 274}, {'x': 399, 'y': 274}, {'x': 399, 'y': 486}, {'x': 108, 'y': 486}]",1:1,box,291588,4:3,horizontal,61692,0.2115724926951726,positive
positive_406.jpeg,/kaggle/input/musait/dataset/basket/positive_406.jpeg,1,"Scrapsplanet.com
Warm Greetings
on
Durga Puja
May Maa Durga
gives us the power
to fight against
all corruption","[{'x': 5, 'y': 2}, {'x': 301, 'y': 2}, {'x': 301, 'y': 162}, {'x': 5, 'y': 162}]",16:9,horizontal,50434,16:9,horizontal,47360,0.9390490542094618,positive
positive_407.jpeg,/kaggle/input/musait/dataset/basket/positive_407.jpeg,1,"Scrapsplanet.com
Warm Greetings
on
Durga Puja
May Maa Durga
gives us the power
to fight against
all corruption","[{'x': 5, 'y': 2}, {'x': 301, 'y': 2}, {'x': 301, 'y': 162}, {'x': 5, 'y': 162}]",16:9,horizontal,50434,16:9,horizontal,47360,0.9390490542094618,positive
positive_408.jpg,/kaggle/input/musait/dataset/basket/positive_408.jpg,1,"Happy
Durga Puja!
Sarva Mangala
Mangalye,
Shive Sarvartha
Saadhike,
Sharanye Triambake
Gauri,
Narayani Namostute.
2
ShortStatusQuotes.com","[{'x': 26, 'y': 19}, {'x': 626, 'y': 19}, {'x': 626, 'y': 446}, {'x': 26, 'y': 446}]",4:3,horizontal,299650,4:3,horizontal,256200,0.8549974970799266,positive
positive_409.jpg,/kaggle/input/musait/dataset/basket/positive_409.jpg,1,"Happy
Durga Puja!
Sarva Mangala
Mangalye,
Shive Sarvartha
Saadhike,
Sharanye Triambake
Gauri,
Narayani Namostute.
2
ShortStatusQuotes.com","[{'x': 26, 'y': 19}, {'x': 626, 'y': 19}, {'x': 626, 'y': 446}, {'x': 26, 'y': 446}]",4:3,horizontal,299650,4:3,horizontal,256200,0.8549974970799266,positive
positive_410.png,/kaggle/input/musait/dataset/basket/positive_410.png,1,"Happy
Anniversary","[{'x': 15, 'y': 44}, {'x': 247, 'y': 44}, {'x': 247, 'y': 136}, {'x': 15, 'y': 136}]",4:3,horizontal,50235,Other,other,21344,0.4248830496665671,positive
positive_411.png,/kaggle/input/musait/dataset/basket/positive_411.png,1,"Happy
Anniversary","[{'x': 15, 'y': 44}, {'x': 247, 'y': 44}, {'x': 247, 'y': 136}, {'x': 15, 'y': 136}]",4:3,horizontal,50235,Other,other,21344,0.4248830496665671,positive
positive_412.jpeg,/kaggle/input/musait/dataset/basket/positive_412.jpeg,1,"We always work for a better
tomorrow. But when tomorrow
comes, instead of enjoying, we again
think of a better tomorrow!
Let's have a better today.
@successpictures
@successpictures","[{'x': 29, 'y': 22}, {'x': 697, 'y': 22}, {'x': 697, 'y': 648}, {'x': 29, 'y': 648}]",1:1,box,518400,1:1,box,418168,0.8066512345679012,positive
positive_413.jpeg,/kaggle/input/musait/dataset/basket/positive_413.jpeg,1,"We always work for a better
tomorrow. But when tomorrow
comes, instead of enjoying, we again
think of a better tomorrow!
Let's have a better today.
@successpictures
@successpictures","[{'x': 29, 'y': 22}, {'x': 697, 'y': 22}, {'x': 697, 'y': 648}, {'x': 29, 'y': 648}]",1:1,box,518400,1:1,box,418168,0.8066512345679012,positive
positive_414.jpg,/kaggle/input/musait/dataset/basket/positive_414.jpg,1,"Jai Maa Durgaa, Maa aapki har
monakamana puri karein. *
May all your problems solved of your
life.
Happy Durga Puja
greetingseveryday.com","[{'x': 240, 'y': 122}, {'x': 786, 'y': 122}, {'x': 786, 'y': 496}, {'x': 240, 'y': 496}]",3:2,horizontal,400000,4:3,horizontal,204204,0.51051,positive
positive_415.jpg,/kaggle/input/musait/dataset/basket/positive_415.jpg,1,"Jai Maa Durgaa, Maa aapki har
monakamana puri karein. *
May all your problems solved of your
life.
Happy Durga Puja
greetingseveryday.com","[{'x': 240, 'y': 122}, {'x': 786, 'y': 122}, {'x': 786, 'y': 496}, {'x': 240, 'y': 496}]",3:2,horizontal,400000,4:3,horizontal,204204,0.51051,positive
positive_416.png,/kaggle/input/musait/dataset/basket/positive_416.png,1,"f
We hope you had a great birthday, Pietro!
Here's a video we made for you with some
birthday posts from your friends.","[{'x': 98, 'y': 73}, {'x': 759, 'y': 73}, {'x': 759, 'y': 404}, {'x': 98, 'y': 404}]",3:4,vertical,1011231,16:9,horizontal,218791,0.2163610490580292,positive
positive_417.png,/kaggle/input/musait/dataset/basket/positive_417.png,1,"f
We hope you had a great birthday, Pietro!
Here's a video we made for you with some
birthday posts from your friends.","[{'x': 98, 'y': 73}, {'x': 759, 'y': 73}, {'x': 759, 'y': 404}, {'x': 98, 'y': 404}]",3:4,vertical,1011231,16:9,horizontal,218791,0.2163610490580292,positive
positive_418.jpeg,/kaggle/input/musait/dataset/basket/positive_418.jpeg,1,"No one else would understand our relationship,
and no one else in this world
would understand me the way you do.
Happy Anniversary!
-UltraUpdates.com
230+ Happy Anniversary Status For Wife","[{'x': 9, 'y': 8}, {'x': 289, 'y': 8}, {'x': 289, 'y': 161}, {'x': 9, 'y': 161}]",16:9,horizontal,50400,16:9,horizontal,42840,0.85,positive
positive_419.jpeg,/kaggle/input/musait/dataset/basket/positive_419.jpeg,1,"No one else would understand our relationship,
and no one else in this world
would understand me the way you do.
Happy Anniversary!
-UltraUpdates.com
230+ Happy Anniversary Status For Wife","[{'x': 9, 'y': 8}, {'x': 289, 'y': 8}, {'x': 289, 'y': 161}, {'x': 9, 'y': 161}]",16:9,horizontal,50400,16:9,horizontal,42840,0.85,positive
positive_420.jpg,/kaggle/input/musait/dataset/basket/positive_420.jpg,1,"Happy
INDEPENDENCE DAY
15TH AUGUST
INDIA™V
indiatvnews.com","[{'x': 408, 'y': 13}, {'x': 703, 'y': 13}, {'x': 703, 'y': 339}, {'x': 408, 'y': 339}]",16:9,horizontal,287430,1:1,box,96170,0.3345858121977525,positive
positive_421.jpg,/kaggle/input/musait/dataset/basket/positive_421.jpg,1,"Happy
INDEPENDENCE DAY
15TH AUGUST
INDIA™V
indiatvnews.com","[{'x': 408, 'y': 13}, {'x': 703, 'y': 13}, {'x': 703, 'y': 339}, {'x': 408, 'y': 339}]",16:9,horizontal,287430,1:1,box,96170,0.3345858121977525,positive
positive_422.png,/kaggle/input/musait/dataset/basket/positive_422.png,1,Shaadi Celebrations,"[{'x': 18, 'y': 116}, {'x': 211, 'y': 116}, {'x': 211, 'y': 139}, {'x': 18, 'y': 139}]",1:1,box,50625,Other,other,4439,0.0876839506172839,positive
positive_423.png,/kaggle/input/musait/dataset/basket/positive_423.png,1,Shaadi Celebrations,"[{'x': 18, 'y': 116}, {'x': 211, 'y': 116}, {'x': 211, 'y': 139}, {'x': 18, 'y': 139}]",1:1,box,50625,Other,other,4439,0.0876839506172839,positive
positive_424.jpeg,/kaggle/input/musait/dataset/basket/positive_424.jpeg,1,"International Mother Language Day 2020
""Languages without borders""","[{'x': 60, 'y': 22}, {'x': 311, 'y': 22}, {'x': 311, 'y': 65}, {'x': 60, 'y': 65}]",Other,other,50184,Other,other,10793,0.2150685477443009,positive
positive_425.jpeg,/kaggle/input/musait/dataset/basket/positive_425.jpeg,1,"International Mother Language Day 2020
""Languages without borders""","[{'x': 60, 'y': 22}, {'x': 311, 'y': 22}, {'x': 311, 'y': 65}, {'x': 60, 'y': 65}]",Other,other,50184,Other,other,10793,0.2150685477443009,positive
positive_426.jpg,/kaggle/input/musait/dataset/basket/positive_426.jpg,1,"IT'S MY
BIRTHDAY!
DO","[{'x': 286, 'y': 151}, {'x': 788, 'y': 151}, {'x': 788, 'y': 423}, {'x': 286, 'y': 423}]",16:9,horizontal,364500,16:9,horizontal,136544,0.3746063100137174,positive
positive_427.jpg,/kaggle/input/musait/dataset/basket/positive_427.jpg,1,"IT'S MY
BIRTHDAY!
DO","[{'x': 286, 'y': 151}, {'x': 788, 'y': 151}, {'x': 788, 'y': 423}, {'x': 286, 'y': 423}]",16:9,horizontal,364500,16:9,horizontal,136544,0.3746063100137174,positive
positive_428.jpeg,/kaggle/input/musait/dataset/basket/positive_428.jpeg,1,"Acufire
HAPPY INDEPENDENCE DAY
Salute to Corona Warriors
They are at work so that you can be safe at home
Stay Safe, Stay Acufire Protected","[{'x': 33, 'y': 4}, {'x': 237, 'y': 4}, {'x': 237, 'y': 204}, {'x': 33, 'y': 204}]",4:3,horizontal,50470,1:1,box,40800,0.8084010303150386,positive
positive_429.jpeg,/kaggle/input/musait/dataset/basket/positive_429.jpeg,1,"Acufire
HAPPY INDEPENDENCE DAY
Salute to Corona Warriors
They are at work so that you can be safe at home
Stay Safe, Stay Acufire Protected","[{'x': 33, 'y': 4}, {'x': 237, 'y': 4}, {'x': 237, 'y': 204}, {'x': 33, 'y': 204}]",4:3,horizontal,50470,1:1,box,40800,0.8084010303150386,positive
positive_430.jpg,/kaggle/input/musait/dataset/basket/positive_430.jpg,0,,[],3:2,horizontal,50325,,,0,0.0,positive
positive_431.jpeg,/kaggle/input/musait/dataset/basket/positive_431.jpeg,1,IL'S ALL ABOUT THE RED & GREEN,"[{'x': 65, 'y': 11}, {'x': 235, 'y': 11}, {'x': 235, 'y': 18}, {'x': 65, 'y': 18}]",16:9,horizontal,50400,Other,other,1190,0.0236111111111111,positive
positive_432.jpg,/kaggle/input/musait/dataset/basket/positive_432.jpg,1,HAPPY BIRTHDAY,"[{'x': 345, 'y': 339}, {'x': 1037, 'y': 339}, {'x': 1037, 'y': 516}, {'x': 345, 'y': 516}]",3:2,horizontal,1237600,Other,other,122484,0.0989689722042663,positive
positive_433.jpg,/kaggle/input/musait/dataset/basket/positive_433.jpg,1,HAPPY BIRTHDAY,"[{'x': 345, 'y': 339}, {'x': 1037, 'y': 339}, {'x': 1037, 'y': 516}, {'x': 345, 'y': 516}]",3:2,horizontal,1237600,Other,other,122484,0.0989689722042663,positive
positive_434.jpeg,/kaggle/input/musait/dataset/basket/positive_434.jpeg,1,"LIFEMELLO
BE CAREFUL
WHO YOU TRUST.
THE DEVIL WAS ONCE
AN ANGEL","[{'x': 137, 'y': 630}, {'x': 583, 'y': 630}, {'x': 583, 'y': 859}, {'x': 137, 'y': 859}]",3:4,vertical,648000,16:9,horizontal,102134,0.1576141975308642,positive
positive_435.jpg,/kaggle/input/musait/dataset/basket/positive_435.jpg,1,"**FloberTree
10
Heart-touching
Wedding
Anniversary
Messages For
Wife","[{'x': 111, 'y': 14}, {'x': 267, 'y': 14}, {'x': 267, 'y': 160}, {'x': 111, 'y': 160}]",3:2,horizontal,50325,1:1,box,22776,0.4525782414307004,positive
positive_436.jpg,/kaggle/input/musait/dataset/basket/positive_436.jpg,1,"**FloberTree
10
Heart-touching
Wedding
Anniversary
Messages For
Wife","[{'x': 111, 'y': 14}, {'x': 267, 'y': 14}, {'x': 267, 'y': 160}, {'x': 111, 'y': 160}]",3:2,horizontal,50325,1:1,box,22776,0.4525782414307004,positive
positive_437.jpeg,/kaggle/input/musait/dataset/basket/positive_437.jpeg,1,GOOD NEWS,"[{'x': 39, 'y': 10}, {'x': 184, 'y': 10}, {'x': 184, 'y': 62}, {'x': 39, 'y': 62}]",1:1,box,50625,Other,other,7540,0.1489382716049382,positive
positive_438.jpeg,/kaggle/input/musait/dataset/basket/positive_438.jpeg,1,GOOD NEWS,"[{'x': 39, 'y': 10}, {'x': 184, 'y': 10}, {'x': 184, 'y': 62}, {'x': 39, 'y': 62}]",1:1,box,50625,Other,other,7540,0.1489382716049382,positive
positive_439.jpg,/kaggle/input/musait/dataset/basket/positive_439.jpg,1,"May this day bring countless joy to your life.
May the coming years of your life be spent
in loving and caring for each other.
Happy Wedding
Anniversary
Any Name Here","[{'x': 18, 'y': 16}, {'x': 183, 'y': 16}, {'x': 183, 'y': 231}, {'x': 18, 'y': 231}]",3:4,vertical,50451,3:4,vertical,35475,0.7031575191770233,positive
positive_440.jpg,/kaggle/input/musait/dataset/basket/positive_440.jpg,1,"May this day bring countless joy to your life.
May the coming years of your life be spent
in loving and caring for each other.
Happy Wedding
Anniversary
Any Name Here","[{'x': 18, 'y': 16}, {'x': 183, 'y': 16}, {'x': 183, 'y': 231}, {'x': 18, 'y': 231}]",3:4,vertical,50451,3:4,vertical,35475,0.7031575191770233,positive
positive_441.jpeg,/kaggle/input/musait/dataset/basket/positive_441.jpeg,1,"YourSelf
Quotes
""Words cannot express how
happy I am to say 'happy
birthday' to you another
year of your life. You are
so special to me.
HAPPY
Birthday","[{'x': 17, 'y': 22}, {'x': 113, 'y': 22}, {'x': 113, 'y': 167}, {'x': 17, 'y': 167}]",4:3,horizontal,50406,3:4,vertical,13920,0.2761576002856802,positive
positive_442.jpeg,/kaggle/input/musait/dataset/basket/positive_442.jpeg,1,"YourSelf
Quotes
""Words cannot express how
happy I am to say 'happy
birthday' to you another
year of your life. You are
so special to me.
HAPPY
Birthday","[{'x': 17, 'y': 22}, {'x': 113, 'y': 22}, {'x': 113, 'y': 167}, {'x': 17, 'y': 167}]",4:3,horizontal,50406,3:4,vertical,13920,0.2761576002856802,positive
positive_443.jpg,/kaggle/input/musait/dataset/basket/positive_443.jpg,1,Durga Puja 2021,"[{'x': 110, 'y': 145}, {'x': 208, 'y': 145}, {'x': 208, 'y': 158}, {'x': 110, 'y': 158}]",16:9,horizontal,50400,Other,other,1274,0.0252777777777777,positive
positive_444.jpg,/kaggle/input/musait/dataset/basket/positive_444.jpg,1,Durga Puja 2021,"[{'x': 110, 'y': 145}, {'x': 208, 'y': 145}, {'x': 208, 'y': 158}, {'x': 110, 'y': 158}]",16:9,horizontal,50400,Other,other,1274,0.0252777777777777,positive
positive_445.jpeg,/kaggle/input/musait/dataset/basket/positive_445.jpeg,1,Be happy with what you have now,"[{'x': 209, 'y': 407}, {'x': 512, 'y': 407}, {'x': 512, 'y': 425}, {'x': 209, 'y': 425}]",1:1,box,599760,Other,other,5454,0.0090936374549819,positive
positive_446.jpeg,/kaggle/input/musait/dataset/basket/positive_446.jpeg,1,Be happy with what you have now,"[{'x': 209, 'y': 407}, {'x': 512, 'y': 407}, {'x': 512, 'y': 425}, {'x': 209, 'y': 425}]",1:1,box,599760,Other,other,5454,0.0090936374549819,positive
positive_447.jpg,/kaggle/input/musait/dataset/basket/positive_447.jpg,1,"70-yr-old 'tunnel man' from Karnataka, who
turned barren land fertile, awarded Padma Shri.
INDIA
mews.in
Via INSHORT
Amai Mahalinga Naik single-handedly converted a
piece of barren hilltop land into a flourishing farm.
He is also known as Surunga, one-man army and
a water warrior. Congratulations to him. A
MEWS","[{'x': 7, 'y': 22}, {'x': 513, 'y': 22}, {'x': 513, 'y': 521}, {'x': 7, 'y': 521}]",1:1,box,276676,1:1,box,252494,0.9125981292197372,positive
positive_448.jpg,/kaggle/input/musait/dataset/basket/positive_448.jpg,1,"70-yr-old 'tunnel man' from Karnataka, who
turned barren land fertile, awarded Padma Shri.
INDIA
mews.in
Via INSHORT
Amai Mahalinga Naik single-handedly converted a
piece of barren hilltop land into a flourishing farm.
He is also known as Surunga, one-man army and
a water warrior. Congratulations to him. A
MEWS","[{'x': 7, 'y': 22}, {'x': 513, 'y': 22}, {'x': 513, 'y': 521}, {'x': 7, 'y': 521}]",1:1,box,276676,1:1,box,252494,0.9125981292197372,positive
positive_449.jpeg,/kaggle/input/musait/dataset/basket/positive_449.jpeg,1,"The world around you is
only beautiful when you
are at peace with the
world within you.
- Via (Dark Secrets)
e","[{'x': 77, 'y': 119}, {'x': 719, 'y': 119}, {'x': 719, 'y': 675}, {'x': 77, 'y': 675}]",3:4,vertical,648000,5:4,horizontal,356952,0.5508518518518518,positive
positive_450.jpeg,/kaggle/input/musait/dataset/basket/positive_450.jpeg,1,"The world around you is
only beautiful when you
are at peace with the
world within you.
- Via (Dark Secrets)
e","[{'x': 77, 'y': 119}, {'x': 719, 'y': 119}, {'x': 719, 'y': 675}, {'x': 77, 'y': 675}]",3:4,vertical,648000,5:4,horizontal,356952,0.5508518518518518,positive
positive_451.jpg,/kaggle/input/musait/dataset/basket/positive_451.jpg,1,"Success is not always
what you see.
@successpictures
successpictures","[{'x': 32, 'y': 4}, {'x': 495, 'y': 4}, {'x': 495, 'y': 124}, {'x': 32, 'y': 124}]",1:1,box,276676,Other,other,55560,0.2008125027107519,positive
positive_452.jpg,/kaggle/input/musait/dataset/basket/positive_452.jpg,1,"Success is not always
what you see.
@successpictures
successpictures","[{'x': 32, 'y': 4}, {'x': 495, 'y': 4}, {'x': 495, 'y': 124}, {'x': 32, 'y': 124}]",1:1,box,276676,Other,other,55560,0.2008125027107519,positive
positive_453.jpeg,/kaggle/input/musait/dataset/basket/positive_453.jpeg,1,"We always work for a better
tomorrow. But when tomorrow
comes, instead of enjoying, we again
think of a better tomorrow!
Let's have a better today.
@successpictures
@successpictures","[{'x': 28, 'y': 17}, {'x': 696, 'y': 17}, {'x': 696, 'y': 651}, {'x': 28, 'y': 651}]",1:1,box,518400,1:1,box,423512,0.8169598765432099,positive
positive_454.jpeg,/kaggle/input/musait/dataset/basket/positive_454.jpeg,1,"We always work for a better
tomorrow. But when tomorrow
comes, instead of enjoying, we again
think of a better tomorrow!
Let's have a better today.
@successpictures
@successpictures","[{'x': 28, 'y': 17}, {'x': 696, 'y': 17}, {'x': 696, 'y': 651}, {'x': 28, 'y': 651}]",1:1,box,518400,1:1,box,423512,0.8169598765432099,positive
positive_455.jpg,/kaggle/input/musait/dataset/basket/positive_455.jpg,0,,[],16:9,horizontal,50562,,,0,0.0,positive
positive_456.jpeg,/kaggle/input/musait/dataset/basket/positive_456.jpeg,1,"You and only you
have the power to
change your life.
- Via (Dark Secrets)","[{'x': 172, 'y': 316}, {'x': 563, 'y': 316}, {'x': 563, 'y': 562}, {'x': 172, 'y': 562}]",3:4,vertical,648000,3:2,horizontal,96186,0.1484351851851852,positive
positive_457.jpeg,/kaggle/input/musait/dataset/basket/positive_457.jpeg,1,"You and only you
have the power to
change your life.
- Via (Dark Secrets)","[{'x': 172, 'y': 316}, {'x': 563, 'y': 316}, {'x': 563, 'y': 562}, {'x': 172, 'y': 562}]",3:4,vertical,648000,3:2,horizontal,96186,0.1484351851851852,positive
positive_458.jpg,/kaggle/input/musait/dataset/basket/positive_458.jpg,1,"@successpictures
Karma
@successpictures
Good or bad, what you put
out comes back to you!
@successpictures","[{'x': 34, 'y': 28}, {'x': 504, 'y': 28}, {'x': 504, 'y': 501}, {'x': 34, 'y': 501}]",1:1,box,276676,1:1,box,222310,0.8035030143561422,positive
positive_459.jpeg,/kaggle/input/musait/dataset/basket/positive_459.jpeg,1,"Don't lose hope, you never know
what tomorrow will bring.
- Via (Dark Secrets)","[{'x': 42, 'y': 605}, {'x': 476, 'y': 605}, {'x': 476, 'y': 741}, {'x': 42, 'y': 741}]",3:4,vertical,648000,Other,other,59024,0.0910864197530864,positive
positive_460.jpeg,/kaggle/input/musait/dataset/basket/positive_460.jpeg,1,"Don't lose hope, you never know
what tomorrow will bring.
- Via (Dark Secrets)","[{'x': 42, 'y': 605}, {'x': 476, 'y': 605}, {'x': 476, 'y': 741}, {'x': 42, 'y': 741}]",3:4,vertical,648000,Other,other,59024,0.0910864197530864,positive
positive_461.jpg,/kaggle/input/musait/dataset/basket/positive_461.jpg,1,"Being late doesn't mean
failure. Maybe it means getting
ready for a great launch.
@successpictures
successpictures
Successpictures
56","[{'x': 15, 'y': 15}, {'x': 511, 'y': 15}, {'x': 511, 'y': 506}, {'x': 15, 'y': 506}]",1:1,box,276676,1:1,box,243536,0.8802209082103254,positive
positive_462.jpg,/kaggle/input/musait/dataset/basket/positive_462.jpg,1,"Being late doesn't mean
failure. Maybe it means getting
ready for a great launch.
@successpictures
successpictures
Successpictures
56","[{'x': 15, 'y': 15}, {'x': 511, 'y': 15}, {'x': 511, 'y': 506}, {'x': 15, 'y': 506}]",1:1,box,276676,1:1,box,243536,0.8802209082103254,positive
positive_463.jpeg,/kaggle/input/musait/dataset/basket/positive_463.jpeg,1,"Don't lose hope,
you never know what
tomorrow will bring.
-Unknown","[{'x': 55, 'y': 166}, {'x': 671, 'y': 166}, {'x': 671, 'y': 467}, {'x': 55, 'y': 467}]",1:1,box,599760,2:1,horizontal,185416,0.3091503267973856,positive
positive_464.jpeg,/kaggle/input/musait/dataset/basket/positive_464.jpeg,1,"Don't lose hope,
you never know what
tomorrow will bring.
-Unknown","[{'x': 55, 'y': 166}, {'x': 671, 'y': 166}, {'x': 671, 'y': 467}, {'x': 55, 'y': 467}]",1:1,box,599760,2:1,horizontal,185416,0.3091503267973856,positive
positive_465.jpg,/kaggle/input/musait/dataset/basket/positive_465.jpg,0,,[],3:4,vertical,50373,,,0,0.0,positive
positive_466.jpeg,/kaggle/input/musait/dataset/basket/positive_466.jpeg,1,"I'm ready for a new
chapter in my life.
(Thoughts Wonder)
Thoughts Wonder","[{'x': 123, 'y': 212}, {'x': 581, 'y': 212}, {'x': 581, 'y': 850}, {'x': 123, 'y': 850}]",3:4,vertical,647280,3:4,vertical,292204,0.4514336917562724,positive
positive_467.jpeg,/kaggle/input/musait/dataset/basket/positive_467.jpeg,1,"I'm ready for a new
chapter in my life.
(Thoughts Wonder)
Thoughts Wonder","[{'x': 123, 'y': 212}, {'x': 581, 'y': 212}, {'x': 581, 'y': 850}, {'x': 123, 'y': 850}]",3:4,vertical,647280,3:4,vertical,292204,0.4514336917562724,positive
positive_468.jpg,/kaggle/input/musait/dataset/basket/positive_468.jpg,1,"""Do everything with a
good heart and expect
nothing in return, and
you will never be
disappointed.""
-Barbara Lowe
Lessons
EARNED","[{'x': 108, 'y': 63}, {'x': 507, 'y': 63}, {'x': 507, 'y': 528}, {'x': 108, 'y': 528}]",3:4,vertical,362414,1:1,box,185535,0.5119421435154271,positive
positive_469.jpg,/kaggle/input/musait/dataset/basket/positive_469.jpg,1,"""Do everything with a
good heart and expect
nothing in return, and
you will never be
disappointed.""
-Barbara Lowe
Lessons
EARNED","[{'x': 108, 'y': 63}, {'x': 507, 'y': 63}, {'x': 507, 'y': 528}, {'x': 108, 'y': 528}]",3:4,vertical,362414,1:1,box,185535,0.5119421435154271,positive
positive_470.jpeg,/kaggle/input/musait/dataset/basket/positive_470.jpeg,1,"Life starts when you stop
waiting for someone to
come and save you.
Via (Dark Secrets)
8.74","[{'x': 53, 'y': 411}, {'x': 684, 'y': 411}, {'x': 684, 'y': 657}, {'x': 53, 'y': 657}]",3:4,vertical,648000,Other,other,155226,0.2395462962962962,positive
positive_471.jpeg,/kaggle/input/musait/dataset/basket/positive_471.jpeg,1,"Life starts when you stop
waiting for someone to
come and save you.
Via (Dark Secrets)
8.74","[{'x': 53, 'y': 411}, {'x': 684, 'y': 411}, {'x': 684, 'y': 657}, {'x': 53, 'y': 657}]",3:4,vertical,648000,Other,other,155226,0.2395462962962962,positive
positive_472.jpg,/kaggle/input/musait/dataset/basket/positive_472.jpg,1,"@Tinola
My only goal in
life is to convince
every cat that i'm
their friend.","[{'x': 185, 'y': 268}, {'x': 434, 'y': 268}, {'x': 434, 'y': 447}, {'x': 185, 'y': 447}]",1:1,box,527760,4:3,horizontal,44571,0.0844531605275125,positive
positive_473.jpg,/kaggle/input/musait/dataset/basket/positive_473.jpg,1,"@Tinola
My only goal in
life is to convince
every cat that i'm
their friend.","[{'x': 185, 'y': 268}, {'x': 434, 'y': 268}, {'x': 434, 'y': 447}, {'x': 185, 'y': 447}]",1:1,box,527760,4:3,horizontal,44571,0.0844531605275125,positive
positive_474.jpeg,/kaggle/input/musait/dataset/basket/positive_474.jpeg,1,"live your life at your own terms.
- Via (Dark Secrets)
MINDSIGHT
DANIEL SIEEL PL.D.","[{'x': 122, 'y': 511}, {'x': 697, 'y': 511}, {'x': 697, 'y': 802}, {'x': 122, 'y': 802}]",3:4,vertical,648000,16:9,horizontal,167325,0.2582175925925926,positive
positive_475.jpeg,/kaggle/input/musait/dataset/basket/positive_475.jpeg,1,"live your life at your own terms.
- Via (Dark Secrets)
MINDSIGHT
DANIEL SIEEL PL.D.","[{'x': 122, 'y': 511}, {'x': 697, 'y': 511}, {'x': 697, 'y': 802}, {'x': 122, 'y': 802}]",3:4,vertical,648000,16:9,horizontal,167325,0.2582175925925926,positive
positive_476.jpg,/kaggle/input/musait/dataset/basket/positive_476.jpg,1,"I alone absorb
22 Kg of CO2 in a year.
All I ask in
return is that
""you let me live""","[{'x': 102, 'y': 323}, {'x': 405, 'y': 323}, {'x': 405, 'y': 562}, {'x': 102, 'y': 562}]",3:4,vertical,327680,4:3,horizontal,72417,0.2209991455078125,positive
positive_477.jpeg,/kaggle/input/musait/dataset/basket/positive_477.jpeg,1,"If they say it is
impossible.
Remember that,
It is impossible
@Motivational Life
for them, not
you.","[{'x': 37, 'y': 196}, {'x': 559, 'y': 196}, {'x': 559, 'y': 797}, {'x': 37, 'y': 797}]",3:4,vertical,777600,1:1,box,313722,0.4034490740740741,positive
positive_478.jpeg,/kaggle/input/musait/dataset/basket/positive_478.jpeg,1,"If they say it is
impossible.
Remember that,
It is impossible
@Motivational Life
for them, not
you.","[{'x': 37, 'y': 196}, {'x': 559, 'y': 196}, {'x': 559, 'y': 797}, {'x': 37, 'y': 797}]",3:4,vertical,777600,1:1,box,313722,0.4034490740740741,positive
positive_479.jpg,/kaggle/input/musait/dataset/basket/positive_479.jpg,1,"Never lose your
@successpictures
inner child.","[{'x': 30, 'y': 386}, {'x': 501, 'y': 386}, {'x': 501, 'y': 499}, {'x': 30, 'y': 499}]",1:1,box,276676,Other,other,53223,0.1923657997079616,positive
positive_480.jpg,/kaggle/input/musait/dataset/basket/positive_480.jpg,1,"Never lose your
@successpictures
inner child.","[{'x': 30, 'y': 386}, {'x': 501, 'y': 386}, {'x': 501, 'y': 499}, {'x': 30, 'y': 499}]",1:1,box,276676,Other,other,53223,0.1923657997079616,positive
positive_481.jpeg,/kaggle/input/musait/dataset/basket/positive_481.jpeg,1,"I fall, I rise, I make mistakes.
I live, I learn, I've been hurt but
I'm alive. I'm human, I'm not
perfect but I'm thankful.
-Unknown","[{'x': 71, 'y': 185}, {'x': 642, 'y': 185}, {'x': 642, 'y': 430}, {'x': 71, 'y': 430}]",1:1,box,586800,21:9,horizontal,139895,0.2384032038173142,positive
positive_482.jpeg,/kaggle/input/musait/dataset/basket/positive_482.jpeg,1,"I fall, I rise, I make mistakes.
I live, I learn, I've been hurt but
I'm alive. I'm human, I'm not
perfect but I'm thankful.
-Unknown","[{'x': 71, 'y': 185}, {'x': 642, 'y': 185}, {'x': 642, 'y': 430}, {'x': 71, 'y': 430}]",1:1,box,586800,21:9,horizontal,139895,0.2384032038173142,positive
positive_483.jpg,/kaggle/input/musait/dataset/basket/positive_483.jpg,1,"MATH LOVE STORIES
PARALLEL
ASYMPTOTE
Soulmates who are never
meant to meet each other
TANGENT & CIRCLE
To be together once,
then drift apart forever
Stheroundpanda
Always getting closer,
but will never be together
SINE & COSINE
M
Keep falling in and out of
love, forever out of step","[{'x': 14, 'y': 28}, {'x': 498, 'y': 28}, {'x': 498, 'y': 525}, {'x': 14, 'y': 525}]",1:1,box,278100,1:1,box,240548,0.8649694354548724,positive
positive_484.jpeg,/kaggle/input/musait/dataset/basket/positive_484.jpeg,1,"Believe you can
and you will.
-Unknown
@InspirationalQuotes720","[{'x': 125, 'y': 144}, {'x': 605, 'y': 144}, {'x': 605, 'y': 727}, {'x': 125, 'y': 727}]",3:4,vertical,614160,3:4,vertical,279840,0.4556467370066432,positive
positive_485.jpeg,/kaggle/input/musait/dataset/basket/positive_485.jpeg,1,"Believe you can
and you will.
-Unknown
@InspirationalQuotes720","[{'x': 125, 'y': 144}, {'x': 605, 'y': 144}, {'x': 605, 'y': 727}, {'x': 125, 'y': 727}]",3:4,vertical,614160,3:4,vertical,279840,0.4556467370066432,positive
positive_486.jpg,/kaggle/input/musait/dataset/basket/positive_486.jpg,1,"Quiet now
Dear Animals
kathauna-cot
All Humans Are Not the Same.","[{'x': 20, 'y': 215}, {'x': 499, 'y': 215}, {'x': 499, 'y': 625}, {'x': 20, 'y': 625}]",3:4,vertical,327680,5:4,horizontal,196390,0.599334716796875,positive
positive_487.jpeg,/kaggle/input/musait/dataset/basket/positive_487.jpeg,1,"when you write 10
lines of code without
searching on Google
It ain't much, but it's honest work,","[{'x': 13, 'y': 13}, {'x': 698, 'y': 13}, {'x': 698, 'y': 662}, {'x': 13, 'y': 662}]",1:1,box,498960,1:1,box,444565,0.8909832451499118,positive
positive_488.jpeg,/kaggle/input/musait/dataset/basket/positive_488.jpeg,1,"when you write 10
lines of code without
searching on Google
It ain't much, but it's honest work,","[{'x': 13, 'y': 13}, {'x': 698, 'y': 13}, {'x': 698, 'y': 662}, {'x': 13, 'y': 662}]",1:1,box,498960,1:1,box,444565,0.8909832451499118,positive
positive_489.jpg,/kaggle/input/musait/dataset/basket/positive_489.jpg,1,"Grace Hopper
The Mother of Software
Hopper was the first to propose a computer
programming language based on English, and
in 1952 finished work on her compiler for the
A-0 System. In 1959, she guided the CODASYL
consortium in the creation of the COBOL
programming language.","[{'x': 46, 'y': 33}, {'x': 479, 'y': 33}, {'x': 479, 'y': 496}, {'x': 46, 'y': 496}]",1:1,box,270400,1:1,box,200479,0.7414164201183432,positive
positive_490.jpeg,/kaggle/input/musait/dataset/basket/positive_490.jpeg,1,"Direction is much more
important than speed.
-Unknown
@InspirationalQuotes 720","[{'x': 69, 'y': 212}, {'x': 659, 'y': 212}, {'x': 659, 'y': 836}, {'x': 69, 'y': 836}]",3:4,vertical,645120,1:1,box,368160,0.5706845238095238,positive
positive_491.jpg,/kaggle/input/musait/dataset/basket/positive_491.jpg,1,"Every school
should have an
organic garden that
is maintained by a
gardening class,
while the food
grown is used to
feed the students.","[{'x': 291, 'y': 223}, {'x': 798, 'y': 223}, {'x': 798, 'y': 685}, {'x': 291, 'y': 685}]",1:1,box,710649,1:1,box,234234,0.3296057547396816,positive
positive_492.jpg,/kaggle/input/musait/dataset/basket/positive_492.jpg,1,"Every school
should have an
organic garden that
is maintained by a
gardening class,
while the food
grown is used to
feed the students.","[{'x': 291, 'y': 223}, {'x': 798, 'y': 223}, {'x': 798, 'y': 685}, {'x': 291, 'y': 685}]",1:1,box,710649,1:1,box,234234,0.3296057547396816,positive
positive_493.jpeg,/kaggle/input/musait/dataset/basket/positive_493.jpeg,1,"Sarcasm
If my man pays for lunch, I pay for
dinner, if he pays for the movie tickets,
I will buy snacks. If he's having a rough
day, I'll help him out.. 50/50.
Stop expecting to be treated like a
queen while you are not
treating him like a king.","[{'x': 73, 'y': 56}, {'x': 660, 'y': 56}, {'x': 660, 'y': 831}, {'x': 73, 'y': 831}]",1:1,box,604800,3:4,vertical,454925,0.7521908068783069,positive
positive_494.jpeg,/kaggle/input/musait/dataset/basket/positive_494.jpeg,1,"Sarcasm
If my man pays for lunch, I pay for
dinner, if he pays for the movie tickets,
I will buy snacks. If he's having a rough
day, I'll help him out.. 50/50.
Stop expecting to be treated like a
queen while you are not
treating him like a king.","[{'x': 73, 'y': 56}, {'x': 660, 'y': 56}, {'x': 660, 'y': 831}, {'x': 73, 'y': 831}]",1:1,box,604800,3:4,vertical,454925,0.7521908068783069,positive
positive_495.jpg,/kaggle/input/musait/dataset/basket/positive_495.jpg,1,"""I love you""
""I love you more""
""No, I love you moreeee""","[{'x': 13, 'y': 6}, {'x': 248, 'y': 6}, {'x': 248, 'y': 85}, {'x': 13, 'y': 85}]",1:1,box,272994,Other,other,18565,0.0680051576225118,positive
positive_496.jpg,/kaggle/input/musait/dataset/basket/positive_496.jpg,1,"""I love you""
""I love you more""
""No, I love you moreeee""","[{'x': 13, 'y': 6}, {'x': 248, 'y': 6}, {'x': 248, 'y': 85}, {'x': 13, 'y': 85}]",1:1,box,272994,Other,other,18565,0.0680051576225118,positive
positive_497.jpeg,/kaggle/input/musait/dataset/basket/positive_497.jpeg,1,"BEFORE HELPING OTHERS
FIRST HELP YOURSELF
@successpictures
0
@successpictures
100
@successpictures","[{'x': 53, 'y': 27}, {'x': 700, 'y': 27}, {'x': 700, 'y': 695}, {'x': 53, 'y': 695}]",1:1,box,518400,1:1,box,432196,0.8337114197530864,positive
positive_498.jpg,/kaggle/input/musait/dataset/basket/positive_498.jpg,1,I searched for my dog for 20 minutes,"[{'x': 6, 'y': 10}, {'x': 633, 'y': 10}, {'x': 633, 'y': 46}, {'x': 6, 'y': 46}]",4:3,horizontal,321920,Other,other,22572,0.0701167992047713,positive
positive_499.jpeg,/kaggle/input/musait/dataset/basket/positive_499.jpeg,1,"Trust that whatever
is meant for you is
on its way.
- Via (Dark Secrets)","[{'x': 110, 'y': 458}, {'x': 593, 'y': 458}, {'x': 593, 'y': 689}, {'x': 110, 'y': 689}]",3:4,vertical,648000,2:1,horizontal,111573,0.1721805555555555,positive
positive_500.jpeg,/kaggle/input/musait/dataset/basket/positive_500.jpeg,1,"Trust that whatever
is meant for you is
on its way.
- Via (Dark Secrets)","[{'x': 110, 'y': 458}, {'x': 593, 'y': 458}, {'x': 593, 'y': 689}, {'x': 110, 'y': 689}]",3:4,vertical,648000,2:1,horizontal,111573,0.1721805555555555,positive
positive_501.jpg,/kaggle/input/musait/dataset/basket/positive_501.jpg,1,"slate
@PleaseBeGneiss
the geometry is too complicated to
explain here but cutting a sandwich
diagonally gives you more sandwich","[{'x': 24, 'y': 15}, {'x': 450, 'y': 15}, {'x': 450, 'y': 205}, {'x': 24, 'y': 205}]",1:1,box,272994,21:9,horizontal,80940,0.2964900327479725,positive
positive_502.jpeg,/kaggle/input/musait/dataset/basket/positive_502.jpeg,1,"Be humble
and never think
that you are better than
anyone else...
For dust you are; and unto
dust you shall return.","[{'x': 77, 'y': 444}, {'x': 632, 'y': 444}, {'x': 632, 'y': 823}, {'x': 77, 'y': 823}]",3:4,vertical,608656,4:3,horizontal,210345,0.3455892983885807,positive
positive_503.jpeg,/kaggle/input/musait/dataset/basket/positive_503.jpeg,1,"Be humble
and never think
that you are better than
anyone else...
For dust you are; and unto
dust you shall return.","[{'x': 77, 'y': 444}, {'x': 632, 'y': 444}, {'x': 632, 'y': 823}, {'x': 77, 'y': 823}]",3:4,vertical,608656,4:3,horizontal,210345,0.3455892983885807,positive
positive_504.jpg,/kaggle/input/musait/dataset/basket/positive_504.jpg,1,"Dan Regan
@Social_Mime
When I'm behind a slow car I steer my
car a little to the right so the people
behind me can see it isn't my fault.","[{'x': 30, 'y': 111}, {'x': 771, 'y': 111}, {'x': 771, 'y': 411}, {'x': 30, 'y': 411}]",3:2,horizontal,438480,21:9,horizontal,222300,0.5069786535303776,positive
positive_505.jpeg,/kaggle/input/musait/dataset/basket/positive_505.jpeg,1,"The distance between dreams
and reality is called discipline.
-Unknown
@Inspirational Quotes 720","[{'x': 72, 'y': 248}, {'x': 642, 'y': 248}, {'x': 642, 'y': 639}, {'x': 72, 'y': 639}]",1:1,box,518400,4:3,horizontal,222870,0.4299189814814815,positive
positive_506.jpeg,/kaggle/input/musait/dataset/basket/positive_506.jpeg,1,"The distance between dreams
and reality is called discipline.
-Unknown
@Inspirational Quotes 720","[{'x': 72, 'y': 248}, {'x': 642, 'y': 248}, {'x': 642, 'y': 639}, {'x': 72, 'y': 639}]",1:1,box,518400,4:3,horizontal,222870,0.4299189814814815,positive
positive_507.jpg,/kaggle/input/musait/dataset/basket/positive_507.jpg,1,"Happy Independence Day
2020","[{'x': 432, 'y': 611}, {'x': 1118, 'y': 611}, {'x': 1118, 'y': 780}, {'x': 432, 'y': 780}]",4:3,horizontal,1080000,Other,other,115934,0.1073462962962963,positive
positive_508.jpg,/kaggle/input/musait/dataset/basket/positive_508.jpg,1,"Happy Independence Day
2020","[{'x': 432, 'y': 611}, {'x': 1118, 'y': 611}, {'x': 1118, 'y': 780}, {'x': 432, 'y': 780}]",4:3,horizontal,1080000,Other,other,115934,0.1073462962962963,positive
positive_509.jpeg,/kaggle/input/musait/dataset/basket/positive_509.jpeg,1,"""
If the plan doesn't work, change
the plan but never the goal.","[{'x': 48, 'y': 209}, {'x': 644, 'y': 209}, {'x': 644, 'y': 429}, {'x': 48, 'y': 429}]",1:1,box,518400,Other,other,131120,0.2529320987654321,positive
positive_510.jpeg,/kaggle/input/musait/dataset/basket/positive_510.jpeg,1,"""
If the plan doesn't work, change
the plan but never the goal.","[{'x': 48, 'y': 209}, {'x': 644, 'y': 209}, {'x': 644, 'y': 429}, {'x': 48, 'y': 429}]",1:1,box,518400,Other,other,131120,0.2529320987654321,positive
positive_511.jpeg,/kaggle/input/musait/dataset/basket/positive_511.jpeg,1,"When things really hurts you
@Rakshya khadka
they makes you quiet.","[{'x': 142, 'y': 315}, {'x': 572, 'y': 315}, {'x': 572, 'y': 719}, {'x': 142, 'y': 719}]",1:1,box,518400,1:1,box,173720,0.335108024691358,positive
positive_512.jpeg,/kaggle/input/musait/dataset/basket/positive_512.jpeg,1,"RVC rvcjinsta
RVCJ
www.EVCI.COM
20-YEAR OLD PRIYANJALI GUPTA
FROM DELHI CREATES AN AI MODEL THAT
CAN UNDERSTAND SIGN LANGUAGE
hello: 63%
RVCJ
WWW.AVC.COM
iloveyou: 100%
""THE MODEL TRANSLATES A FEW ASL SIGNS TO
ENGLISH USING TRANSFER LEARNING FROM
PRETRAINED ssd_mobilenet MODEL,"" SHE SAID
IT ANALYSES MOTIONS TO CONVERT SIGN
LANGUAGE TO ENGLISH. WONDERFUL
RVCJ Media
Google Play","[{'x': 29, 'y': 24}, {'x': 693, 'y': 24}, {'x': 693, 'y': 910}, {'x': 29, 'y': 910}]",3:4,vertical,663840,3:4,vertical,588304,0.8862135454326344,positive
positive_513.jpeg,/kaggle/input/musait/dataset/basket/positive_513.jpeg,1,"RVC rvcjinsta
RVCJ
www.EVCI.COM
20-YEAR OLD PRIYANJALI GUPTA
FROM DELHI CREATES AN AI MODEL THAT
CAN UNDERSTAND SIGN LANGUAGE
hello: 63%
RVCJ
WWW.AVC.COM
iloveyou: 100%
""THE MODEL TRANSLATES A FEW ASL SIGNS TO
ENGLISH USING TRANSFER LEARNING FROM
PRETRAINED ssd_mobilenet MODEL,"" SHE SAID
IT ANALYSES MOTIONS TO CONVERT SIGN
LANGUAGE TO ENGLISH. WONDERFUL
RVCJ Media
Google Play","[{'x': 29, 'y': 24}, {'x': 693, 'y': 24}, {'x': 693, 'y': 910}, {'x': 29, 'y': 910}]",3:4,vertical,663840,3:4,vertical,588304,0.8862135454326344,positive
positive_514.jpeg,/kaggle/input/musait/dataset/basket/positive_514.jpeg,1,"What is the single biggest thing you can do
to help you towards professional success?
People do not have to follow up,
when you commit to doing something.
That's it.
""","[{'x': 71, 'y': 351}, {'x': 914, 'y': 351}, {'x': 914, 'y': 801}, {'x': 71, 'y': 801}]",1:1,box,983052,16:9,horizontal,379350,0.3858900648185447,positive
positive_515.jpeg,/kaggle/input/musait/dataset/basket/positive_515.jpeg,1,"What is the single biggest thing you can do
to help you towards professional success?
People do not have to follow up,
when you commit to doing something.
That's it.
""","[{'x': 71, 'y': 351}, {'x': 914, 'y': 351}, {'x': 914, 'y': 801}, {'x': 71, 'y': 801}]",1:1,box,983052,16:9,horizontal,379350,0.3858900648185447,positive
positive_516.jpeg,/kaggle/input/musait/dataset/basket/positive_516.jpeg,1,"Mind
is not a dustbin to
keep anger hatred
and jealousy.
But it's a treasure box
to keep love happiness
and sweet memories.
- Swami Vivekananda","[{'x': 63, 'y': 248}, {'x': 449, 'y': 248}, {'x': 449, 'y': 629}, {'x': 63, 'y': 629}]",3:4,vertical,328320,1:1,box,147066,0.4479349415204678,positive
positive_517.jpeg,/kaggle/input/musait/dataset/basket/positive_517.jpeg,1,"Mind
is not a dustbin to
keep anger hatred
and jealousy.
But it's a treasure box
to keep love happiness
and sweet memories.
- Swami Vivekananda","[{'x': 63, 'y': 248}, {'x': 449, 'y': 248}, {'x': 449, 'y': 629}, {'x': 63, 'y': 629}]",3:4,vertical,328320,1:1,box,147066,0.4479349415204678,positive
positive_518.jpeg,/kaggle/input/musait/dataset/basket/positive_518.jpeg,1,"Consistency
is attractive.","[{'x': 205, 'y': 607}, {'x': 548, 'y': 607}, {'x': 548, 'y': 699}, {'x': 205, 'y': 699}]",3:4,vertical,648000,Other,other,31556,0.0486975308641975,positive
positive_519.jpeg,/kaggle/input/musait/dataset/basket/positive_519.jpeg,1,"Consistency
is attractive.","[{'x': 205, 'y': 607}, {'x': 548, 'y': 607}, {'x': 548, 'y': 699}, {'x': 205, 'y': 699}]",3:4,vertical,648000,Other,other,31556,0.0486975308641975,positive
positive_520.jpeg,/kaggle/input/musait/dataset/basket/positive_520.jpeg,1,"Start making your own
happiness a priority.
Via (Dark Secrets)","[{'x': 113, 'y': 446}, {'x': 644, 'y': 446}, {'x': 644, 'y': 581}, {'x': 113, 'y': 581}]",3:4,vertical,648000,Other,other,71685,0.110625,positive
positive_521.jpeg,/kaggle/input/musait/dataset/basket/positive_521.jpeg,1,"Start making your own
happiness a priority.
Via (Dark Secrets)","[{'x': 113, 'y': 446}, {'x': 644, 'y': 446}, {'x': 644, 'y': 581}, {'x': 113, 'y': 581}]",3:4,vertical,648000,Other,other,71685,0.110625,positive
positive_522.jpeg,/kaggle/input/musait/dataset/basket/positive_522.jpeg,1,"Dealing with it alone is
powerful.
-SANGEETA RANA","[{'x': 185, 'y': 181}, {'x': 553, 'y': 181}, {'x': 553, 'y': 321}, {'x': 185, 'y': 321}]",4:3,horizontal,434880,Other,other,51520,0.1184694628403237,positive
positive_523.jpeg,/kaggle/input/musait/dataset/basket/positive_523.jpeg,1,"Dealing with it alone is
powerful.
-SANGEETA RANA","[{'x': 185, 'y': 181}, {'x': 553, 'y': 181}, {'x': 553, 'y': 321}, {'x': 185, 'y': 321}]",4:3,horizontal,434880,Other,other,51520,0.1184694628403237,positive
positive_524.jpeg,/kaggle/input/musait/dataset/basket/positive_524.jpeg,1,"HRDC
PROFESSIONAL
She supported him when
he had nothing
Pov
Star
Av
Now she is with him when
he has everything
This is how you define the
loyalty of a woman","[{'x': 150, 'y': 139}, {'x': 859, 'y': 139}, {'x': 859, 'y': 1182}, {'x': 150, 'y': 1182}]",3:4,vertical,1199328,3:4,vertical,739487,0.6165844539608848,positive
positive_525.jpeg,/kaggle/input/musait/dataset/basket/positive_525.jpeg,1,"HRDC
PROFESSIONAL
She supported him when
he had nothing
Pov
Star
Av
Now she is with him when
he has everything
This is how you define the
loyalty of a woman","[{'x': 150, 'y': 139}, {'x': 859, 'y': 139}, {'x': 859, 'y': 1182}, {'x': 150, 'y': 1182}]",3:4,vertical,1199328,3:4,vertical,739487,0.6165844539608848,positive
positive_526.jpeg,/kaggle/input/musait/dataset/basket/positive_526.jpeg,1,vibe alone until you're valued.,"[{'x': 181, 'y': 453}, {'x': 531, 'y': 453}, {'x': 531, 'y': 482}, {'x': 181, 'y': 482}]",3:4,vertical,648000,Other,other,10150,0.0156635802469135,positive
positive_527.jpeg,/kaggle/input/musait/dataset/basket/positive_527.jpeg,1,vibe alone until you're valued.,"[{'x': 181, 'y': 453}, {'x': 531, 'y': 453}, {'x': 531, 'y': 482}, {'x': 181, 'y': 482}]",3:4,vertical,648000,Other,other,10150,0.0156635802469135,positive
positive_528.jpeg,/kaggle/input/musait/dataset/basket/positive_528.jpeg,1,"Love all, trust few.
Not everything
is real & not everyone
is true.","[{'x': 87, 'y': 261}, {'x': 440, 'y': 261}, {'x': 440, 'y': 393}, {'x': 87, 'y': 393}]",1:1,box,274572,Other,other,46596,0.1697041213233687,positive
positive_529.jpeg,/kaggle/input/musait/dataset/basket/positive_529.jpeg,1,"Karma says,
Never loose your
self respect for someone
who don't care about your
feelings and
emotions.
SPIRIT OF LIFE","[{'x': 7, 'y': 98}, {'x': 466, 'y': 98}, {'x': 466, 'y': 700}, {'x': 7, 'y': 700}]",3:4,vertical,366480,3:4,vertical,276318,0.7539783889980354,positive
positive_530.jpeg,/kaggle/input/musait/dataset/basket/positive_530.jpeg,1,"Karma says,
Never loose your
self respect for someone
who don't care about your
feelings and
emotions.
SPIRIT OF LIFE","[{'x': 7, 'y': 98}, {'x': 466, 'y': 98}, {'x': 466, 'y': 700}, {'x': 7, 'y': 700}]",3:4,vertical,366480,3:4,vertical,276318,0.7539783889980354,positive
positive_531.jpeg,/kaggle/input/musait/dataset/basket/positive_531.jpeg,1,"Jokermotivationofficial
IF THEY ARE FINE
WITHOUT YOU, THEN
BE FINE WITHOUT
THEM TOO.","[{'x': 122, 'y': 624}, {'x': 587, 'y': 624}, {'x': 587, 'y': 888}, {'x': 122, 'y': 888}]",3:4,vertical,648000,16:9,horizontal,122760,0.1894444444444444,positive
positive_532.jpeg,/kaggle/input/musait/dataset/basket/positive_532.jpeg,1,"Unemployed Graduate
I think our best memories always
remain unphotographed, no?
Unemployed Graduate_7
UG","[{'x': 6, 'y': 1}, {'x': 710, 'y': 1}, {'x': 710, 'y': 715}, {'x': 6, 'y': 715}]",1:1,box,518400,1:1,box,502656,0.9696296296296296,positive
positive_533.jpeg,/kaggle/input/musait/dataset/basket/positive_533.jpeg,1,"Understand more,
Judge less.
A","[{'x': 227, 'y': 397}, {'x': 661, 'y': 397}, {'x': 661, 'y': 518}, {'x': 227, 'y': 518}]",3:4,vertical,653760,Other,other,52514,0.0803261135584924,positive
positive_534.jpeg,/kaggle/input/musait/dataset/basket/positive_534.jpeg,1,"Understand more,
Judge less.
A","[{'x': 227, 'y': 397}, {'x': 661, 'y': 397}, {'x': 661, 'y': 518}, {'x': 227, 'y': 518}]",3:4,vertical,653760,Other,other,52514,0.0803261135584924,positive
positive_535.jpeg,/kaggle/input/musait/dataset/basket/positive_535.jpeg,1,"Be kind, don't judge, and
have respect for others.
@successpictures
@successpictures
@successpictures","[{'x': 42, 'y': 24}, {'x': 684, 'y': 24}, {'x': 684, 'y': 661}, {'x': 42, 'y': 661}]",1:1,box,518400,1:1,box,408954,0.7888773148148148,positive
positive_536.jpeg,/kaggle/input/musait/dataset/basket/positive_536.jpeg,1,"Be kind, don't judge, and
have respect for others.
@successpictures
@successpictures
@successpictures","[{'x': 42, 'y': 24}, {'x': 684, 'y': 24}, {'x': 684, 'y': 661}, {'x': 42, 'y': 661}]",1:1,box,518400,1:1,box,408954,0.7888773148148148,positive
positive_537.jpeg,/kaggle/input/musait/dataset/basket/positive_537.jpeg,1,"DON'T ALLOW SOMEONE ELSE
TO KILL YOUR DREAMS.
@successpictures
@successpictures","[{'x': 37, 'y': 23}, {'x': 693, 'y': 23}, {'x': 693, 'y': 454}, {'x': 37, 'y': 454}]",1:1,box,518400,3:2,horizontal,282736,0.5454012345679012,positive
positive_538.jpeg,/kaggle/input/musait/dataset/basket/positive_538.jpeg,1,"DIFFERENT DEPICTIONS OF HALLUCIGENIA
BY LINARYTHISMS
(Conway Morris, 1997)
(Ramsköld, 1992)
(Smith & Caron, 2015)
(Isayama, 2020)
LinaryThisms","[{'x': 28, 'y': 9}, {'x': 458, 'y': 9}, {'x': 458, 'y': 627}, {'x': 28, 'y': 627}]",3:4,vertical,307200,3:4,vertical,265740,0.8650390625,positive
positive_539.jpeg,/kaggle/input/musait/dataset/basket/positive_539.jpeg,1,"You must teach
your heart to accept
what cannot be
changed.
(Thoughts Wonder)
For Cold
Drink
433
Thoughts Wonder","[{'x': 115, 'y': 182}, {'x': 591, 'y': 182}, {'x': 591, 'y': 849}, {'x': 115, 'y': 849}]",3:4,vertical,647280,3:4,vertical,317492,0.4905017921146953,positive
positive_540.jpeg,/kaggle/input/musait/dataset/basket/positive_540.jpeg,1,"You must teach
your heart to accept
what cannot be
changed.
(Thoughts Wonder)
For Cold
Drink
433
Thoughts Wonder","[{'x': 115, 'y': 182}, {'x': 591, 'y': 182}, {'x': 591, 'y': 849}, {'x': 115, 'y': 849}]",3:4,vertical,647280,3:4,vertical,317492,0.4905017921146953,positive
positive_541.jpeg,/kaggle/input/musait/dataset/basket/positive_541.jpeg,1,"fb/Doraemon memes
ig/doraemon_memes90
社会
Hemant Dwivedi
Stop thinking about your past because the
more you think, the more it will hurt.","[{'x': 5, 'y': 3}, {'x': 648, 'y': 3}, {'x': 648, 'y': 719}, {'x': 5, 'y': 719}]",1:1,box,518400,1:1,box,460388,0.8880941358024691,positive
positive_542.jpeg,/kaggle/input/musait/dataset/basket/positive_542.jpeg,1,"You only
fail when
@Meltblogs
you stop
trying.","[{'x': 144, 'y': 276}, {'x': 495, 'y': 276}, {'x': 495, 'y': 653}, {'x': 144, 'y': 653}]",3:4,vertical,777600,1:1,box,132327,0.1701736111111111,positive
positive_543.jpeg,/kaggle/input/musait/dataset/basket/positive_543.jpeg,1,"You only
fail when
@Meltblogs
you stop
trying.","[{'x': 144, 'y': 276}, {'x': 495, 'y': 276}, {'x': 495, 'y': 653}, {'x': 144, 'y': 653}]",3:4,vertical,777600,1:1,box,132327,0.1701736111111111,positive
positive_544.jpeg,/kaggle/input/musait/dataset/basket/positive_544.jpeg,1,"@suc
spictures
2
DIFFERENT
MINDSETS
@successpictures
successpictures","[{'x': 157, 'y': 49}, {'x': 627, 'y': 49}, {'x': 627, 'y': 590}, {'x': 157, 'y': 590}]",1:1,box,516960,1:1,box,254270,0.4918562364593005,positive
positive_545.jpeg,/kaggle/input/musait/dataset/basket/positive_545.jpeg,1,"@suc
spictures
2
DIFFERENT
MINDSETS
@successpictures
successpictures","[{'x': 157, 'y': 49}, {'x': 627, 'y': 49}, {'x': 627, 'y': 590}, {'x': 157, 'y': 590}]",1:1,box,516960,1:1,box,254270,0.4918562364593005,positive
positive_546.jpeg,/kaggle/input/musait/dataset/basket/positive_546.jpeg,1,"fb/Doraemon memes
ig/doraemon_memes90
A
Are you feeling lonely?
Hemant Dwivedi
Never mind, you're not the only one to feel like.","[{'x': 0, 'y': 1}, {'x': 688, 'y': 1}, {'x': 688, 'y': 717}, {'x': 0, 'y': 717}]",1:1,box,518400,1:1,box,492608,0.9502469135802468,positive
positive_547.jpeg,/kaggle/input/musait/dataset/basket/positive_547.jpeg,1,"Practice positive
self-talk. Your mind is
always listening.
Via (Dark Secrets)","[{'x': 99, 'y': 367}, {'x': 650, 'y': 367}, {'x': 650, 'y': 577}, {'x': 99, 'y': 577}]",3:4,vertical,648000,Other,other,115710,0.1785648148148148,positive
positive_548.jpeg,/kaggle/input/musait/dataset/basket/positive_548.jpeg,1,"Practice positive
self-talk. Your mind is
always listening.
Via (Dark Secrets)","[{'x': 99, 'y': 367}, {'x': 650, 'y': 367}, {'x': 650, 'y': 577}, {'x': 99, 'y': 577}]",3:4,vertical,648000,Other,other,115710,0.1785648148148148,positive
positive_549.jpeg,/kaggle/input/musait/dataset/basket/positive_549.jpeg,1,"Go out in nature,
ground yourself
and relax.
- Via (Dark Secrets)","[{'x': 175, 'y': 552}, {'x': 527, 'y': 552}, {'x': 527, 'y': 744}, {'x': 175, 'y': 744}]",3:4,vertical,648000,16:9,horizontal,67584,0.1042962962962962,positive
positive_550.jpeg,/kaggle/input/musait/dataset/basket/positive_550.jpeg,1,"Go out in nature,
ground yourself
and relax.
- Via (Dark Secrets)","[{'x': 175, 'y': 552}, {'x': 527, 'y': 552}, {'x': 527, 'y': 744}, {'x': 175, 'y': 744}]",3:4,vertical,648000,16:9,horizontal,67584,0.1042962962962962,positive
positive_551.jpeg,/kaggle/input/musait/dataset/basket/positive_551.jpeg,1,"Win your mind and you will win the world.
~Adeep","[{'x': 121, 'y': 213}, {'x': 629, 'y': 213}, {'x': 629, 'y': 307}, {'x': 121, 'y': 307}]",3:4,vertical,691200,Other,other,47752,0.0690856481481481,positive
positive_552.jpeg,/kaggle/input/musait/dataset/basket/positive_552.jpeg,1,"Win your mind and you will win the world.
~Adeep","[{'x': 121, 'y': 213}, {'x': 629, 'y': 213}, {'x': 629, 'y': 307}, {'x': 121, 'y': 307}]",3:4,vertical,691200,Other,other,47752,0.0690856481481481,positive
positive_553.jpeg,/kaggle/input/musait/dataset/basket/positive_553.jpeg,1,"Wow! WHAT A
BEAUTIFUL DAY!
theAwkwardYeti.com","[{'x': 58, 'y': 32}, {'x': 514, 'y': 32}, {'x': 514, 'y': 699}, {'x': 58, 'y': 699}]",3:4,vertical,399600,3:4,vertical,304152,0.7611411411411412,positive
positive_554.jpeg,/kaggle/input/musait/dataset/basket/positive_554.jpeg,1,"100
@succe
WE FALL, WE FAIL, WE BREAK
THEN WE RISE, WE HEAL
AND WE OVERCOME.","[{'x': 57, 'y': 394}, {'x': 662, 'y': 394}, {'x': 662, 'y': 824}, {'x': 57, 'y': 824}]",3:4,vertical,622800,4:3,horizontal,260150,0.4177103403982016,positive
positive_555.jpeg,/kaggle/input/musait/dataset/basket/positive_555.jpeg,1,"100
@succe
WE FALL, WE FAIL, WE BREAK
THEN WE RISE, WE HEAL
AND WE OVERCOME.","[{'x': 57, 'y': 394}, {'x': 662, 'y': 394}, {'x': 662, 'y': 824}, {'x': 57, 'y': 824}]",3:4,vertical,622800,4:3,horizontal,260150,0.4177103403982016,positive
positive_556.jpeg,/kaggle/input/musait/dataset/basket/positive_556.jpeg,1,"AS LONG AS YOU BELIEVE IN YOURSELF
THERE WILL ALWAYS BE A WAY FOR YOU
@successpictures
@successpictures
@successpictures","[{'x': 32, 'y': 26}, {'x': 686, 'y': 26}, {'x': 686, 'y': 674}, {'x': 32, 'y': 674}]",1:1,box,519120,1:1,box,423792,0.8163661581137309,positive
positive_557.jpeg,/kaggle/input/musait/dataset/basket/positive_557.jpeg,1,"AS LONG AS YOU BELIEVE IN YOURSELF
THERE WILL ALWAYS BE A WAY FOR YOU
@successpictures
@successpictures
@successpictures","[{'x': 32, 'y': 26}, {'x': 686, 'y': 26}, {'x': 686, 'y': 674}, {'x': 32, 'y': 674}]",1:1,box,519120,1:1,box,423792,0.8163661581137309,positive
positive_558.jpeg,/kaggle/input/musait/dataset/basket/positive_558.jpeg,1,"Don't make up
problems if there are
none.
@successpictures
I","[{'x': 56, 'y': 5}, {'x': 641, 'y': 5}, {'x': 641, 'y': 461}, {'x': 56, 'y': 461}]",1:1,box,518400,4:3,horizontal,266760,0.5145833333333333,positive
positive_559.jpeg,/kaggle/input/musait/dataset/basket/positive_559.jpeg,1,"Don't make up
problems if there are
none.
@successpictures
I","[{'x': 56, 'y': 5}, {'x': 641, 'y': 5}, {'x': 641, 'y': 461}, {'x': 56, 'y': 461}]",1:1,box,518400,4:3,horizontal,266760,0.5145833333333333,positive
positive_560.jpeg,/kaggle/input/musait/dataset/basket/positive_560.jpeg,1,"Failure is not the
opposite of success;
it's part of success.
Via (Dark Secrets)","[{'x': 106, 'y': 419}, {'x': 624, 'y': 419}, {'x': 624, 'y': 637}, {'x': 106, 'y': 637}]",3:4,vertical,648000,21:9,horizontal,112924,0.1742654320987654,positive
positive_561.jpeg,/kaggle/input/musait/dataset/basket/positive_561.jpeg,1,"Failure is not the
opposite of success;
it's part of success.
Via (Dark Secrets)","[{'x': 106, 'y': 419}, {'x': 624, 'y': 419}, {'x': 624, 'y': 637}, {'x': 106, 'y': 637}]",3:4,vertical,648000,21:9,horizontal,112924,0.1742654320987654,positive
positive_562.jpeg,/kaggle/input/musait/dataset/basket/positive_562.jpeg,1,"Stay out, let them
fix their own karma.
- Via (Dark Secrets)","[{'x': 144, 'y': 522}, {'x': 618, 'y': 522}, {'x': 618, 'y': 685}, {'x': 144, 'y': 685}]",3:4,vertical,648000,Other,other,77262,0.1192314814814814,positive
positive_563.jpeg,/kaggle/input/musait/dataset/basket/positive_563.jpeg,1,"DIRECTION IS MORE IMPORTANT
THAN SPEED. MANY ARE GOING
FAST BUT IN A WRONG DIRECTION.
@successpictures
2
جی
@successpictures
☑
@successpictures","[{'x': 32, 'y': 34}, {'x': 709, 'y': 34}, {'x': 709, 'y': 690}, {'x': 32, 'y': 690}]",1:1,box,519120,1:1,box,444112,0.8555093234704885,positive
positive_564.jpeg,/kaggle/input/musait/dataset/basket/positive_564.jpeg,1,"You don't need to be liked
by everyone, not everyone
has a good taste.","[{'x': 56, 'y': 468}, {'x': 584, 'y': 468}, {'x': 584, 'y': 598}, {'x': 56, 'y': 598}]",3:4,vertical,512000,Other,other,68640,0.1340625,positive
positive_565.jpeg,/kaggle/input/musait/dataset/basket/positive_565.jpeg,1,"You don't need to be liked
by everyone, not everyone
has a good taste.","[{'x': 56, 'y': 468}, {'x': 584, 'y': 468}, {'x': 584, 'y': 598}, {'x': 56, 'y': 598}]",3:4,vertical,512000,Other,other,68640,0.1340625,positive
positive_566.jpeg,/kaggle/input/musait/dataset/basket/positive_566.jpeg,1,"ALL GREAT ACHIEVEMENTS
REQUIRE TIME
@successpictures
NCH
@successpictures","[{'x': 32, 'y': 30}, {'x': 688, 'y': 30}, {'x': 688, 'y': 608}, {'x': 32, 'y': 608}]",1:1,box,519840,1:1,box,379168,0.7293936595875654,positive
positive_567.jpeg,/kaggle/input/musait/dataset/basket/positive_567.jpeg,1,"ALL GREAT ACHIEVEMENTS
REQUIRE TIME
@successpictures
NCH
@successpictures","[{'x': 32, 'y': 30}, {'x': 688, 'y': 30}, {'x': 688, 'y': 608}, {'x': 32, 'y': 608}]",1:1,box,519840,1:1,box,379168,0.7293936595875654,positive
positive_568.jpeg,/kaggle/input/musait/dataset/basket/positive_568.jpeg,1,"let them be them, let us be us.","[{'x': 160, 'y': 304}, {'x': 602, 'y': 304}, {'x': 602, 'y': 338}, {'x': 160, 'y': 338}]",1:1,box,484560,Other,other,15028,0.0310137031533762,positive
positive_569.jpeg,/kaggle/input/musait/dataset/basket/positive_569.jpeg,1,"Stay out, let them
fix their own karma.
- Via (Dark Secrets)","[{'x': 144, 'y': 522}, {'x': 619, 'y': 522}, {'x': 619, 'y': 685}, {'x': 144, 'y': 685}]",3:4,vertical,648000,Other,other,77425,0.119483024691358,positive
positive_570.jpeg,/kaggle/input/musait/dataset/basket/positive_570.jpeg,1,"f
Happy
Birthday
Wishes
FOR FACEBOOK FRIENDS
**YOURFATES.COM
تثق","[{'x': 10, 'y': 32}, {'x': 210, 'y': 32}, {'x': 210, 'y': 181}, {'x': 10, 'y': 181}]",4:3,horizontal,50470,4:3,horizontal,29800,0.5904497721418664,positive
positive_571.jpeg,/kaggle/input/musait/dataset/basket/positive_571.jpeg,1,"f
Happy
Birthday
Wishes
FOR FACEBOOK FRIENDS
**YOURFATES.COM
تثق","[{'x': 10, 'y': 32}, {'x': 210, 'y': 32}, {'x': 210, 'y': 181}, {'x': 10, 'y': 181}]",4:3,horizontal,50470,4:3,horizontal,29800,0.5904497721418664,positive
positive_572.jpeg,/kaggle/input/musait/dataset/basket/positive_572.jpeg,1,Celebration,"[{'x': 143, 'y': 48}, {'x': 225, 'y': 48}, {'x': 225, 'y': 56}, {'x': 143, 'y': 56}]",Other,other,50320,Other,other,656,0.0130365659777424,positive
positive_573.jpeg,/kaggle/input/musait/dataset/basket/positive_573.jpeg,1,Celebration,"[{'x': 143, 'y': 48}, {'x': 225, 'y': 48}, {'x': 225, 'y': 56}, {'x': 143, 'y': 56}]",Other,other,50320,Other,other,656,0.0130365659777424,positive
positive_574.jpeg,/kaggle/input/musait/dataset/basket/positive_574.jpeg,1,"Marriage is a
Lifetime Affair
JD
celebration
www.jdcelebration.in","[{'x': 4, 'y': 1}, {'x': 222, 'y': 1}, {'x': 222, 'y': 223}, {'x': 4, 'y': 223}]",1:1,box,50625,1:1,box,48396,0.9559703703703704,positive
positive_575.jpeg,/kaggle/input/musait/dataset/basket/positive_575.jpeg,1,"Marriage is a
Lifetime Affair
JD
celebration
www.jdcelebration.in","[{'x': 4, 'y': 1}, {'x': 222, 'y': 1}, {'x': 222, 'y': 223}, {'x': 4, 'y': 223}]",1:1,box,50625,1:1,box,48396,0.9559703703703704,positive
positive_576.jpeg,/kaggle/input/musait/dataset/basket/positive_576.jpeg,1,"The Best
WEDDING RECEPTION...Ever!
TOUR GUIDE TO CREATING AN UNFORGETTABLY FUN CELEBRATION
PETER MERRY","[{'x': 2, 'y': 3}, {'x': 196, 'y': 3}, {'x': 196, 'y': 250}, {'x': 2, 'y': 250}]",3:4,vertical,50400,3:4,vertical,47918,0.9507539682539684,positive
positive_577.jpeg,/kaggle/input/musait/dataset/basket/positive_577.jpeg,1,"The Best
WEDDING RECEPTION...Ever!
TOUR GUIDE TO CREATING AN UNFORGETTABLY FUN CELEBRATION
PETER MERRY","[{'x': 2, 'y': 3}, {'x': 196, 'y': 3}, {'x': 196, 'y': 250}, {'x': 2, 'y': 250}]",3:4,vertical,50400,3:4,vertical,47918,0.9507539682539684,positive
positive_578.jpeg,/kaggle/input/musait/dataset/basket/positive_578.jpeg,1,"Whatever the occasion, we at shaad moments, make
certain that everything goes as per your desire. We
provide end to end services to transform your event
into wonderful CELEBRATION
CELEBRATION-MARRIAGE cum BANQUET HALL
9431190666/9430302444","[{'x': 1, 'y': 1}, {'x': 218, 'y': 1}, {'x': 218, 'y': 219}, {'x': 1, 'y': 219}]",1:1,box,50625,1:1,box,47306,0.9344395061728396,positive
positive_579.jpeg,/kaggle/input/musait/dataset/basket/positive_579.jpeg,1,"Whatever the occasion, we at shaad moments, make
certain that everything goes as per your desire. We
provide end to end services to transform your event
into wonderful CELEBRATION
CELEBRATION-MARRIAGE cum BANQUET HALL
9431190666/9430302444","[{'x': 1, 'y': 1}, {'x': 218, 'y': 1}, {'x': 218, 'y': 219}, {'x': 1, 'y': 219}]",1:1,box,50625,1:1,box,47306,0.9344395061728396,positive
positive_580.jpeg,/kaggle/input/musait/dataset/basket/positive_580.jpeg,1,"shaadicelebration
shaadicelebration.kolkata
Shaadi
Celebration
Team
Shandi Celebration
wishing you all
Diwali
+31 7435454671
+31 6420588130","[{'x': 14, 'y': 30}, {'x': 205, 'y': 30}, {'x': 205, 'y': 232}, {'x': 14, 'y': 232}]",1:1,box,50328,1:1,box,38582,0.7666110316324909,positive
positive_581.jpeg,/kaggle/input/musait/dataset/basket/positive_581.jpeg,1,"shaadicelebration
shaadicelebration.kolkata
Shaadi
Celebration
Team
Shandi Celebration
wishing you all
Diwali
+31 7435454671
+31 6420588130","[{'x': 14, 'y': 30}, {'x': 205, 'y': 30}, {'x': 205, 'y': 232}, {'x': 14, 'y': 232}]",1:1,box,50328,1:1,box,38582,0.7666110316324909,positive
positive_582.jpeg,/kaggle/input/musait/dataset/basket/positive_582.jpeg,1,"MONTH DEAL
CIVIL WEDDING
MANAGEMENT
Inclusio
tance of procuring, processing & filing of marriage
Wedding officiant & ve
info, flange us or set an appointment at our office.","[{'x': 52, 'y': 63}, {'x': 192, 'y': 63}, {'x': 192, 'y': 173}, {'x': 52, 'y': 173}]",1:1,box,50625,4:3,horizontal,15400,0.3041975308641975,positive
positive_583.jpeg,/kaggle/input/musait/dataset/basket/positive_583.jpeg,1,"Happy
Independence Day
Today we come together,
Be the cause for the unity,
Make it Beautiful day another...
Fight against corruption,
Spurl the flag of On NATION
VANDE MATRAM","[{'x': 16, 'y': 9}, {'x': 236, 'y': 9}, {'x': 236, 'y': 158}, {'x': 16, 'y': 158}]",4:3,horizontal,50500,4:3,horizontal,32780,0.6491089108910891,positive
positive_584.jpeg,/kaggle/input/musait/dataset/basket/positive_584.jpeg,1,"Happy
Independence Day
Today we come together,
Be the cause for the unity,
Make it Beautiful day another...
Fight against corruption,
Spurl the flag of On NATION
VANDE MATRAM","[{'x': 16, 'y': 9}, {'x': 236, 'y': 9}, {'x': 236, 'y': 158}, {'x': 16, 'y': 158}]",4:3,horizontal,50500,4:3,horizontal,32780,0.6491089108910891,positive
positive_585.jpeg,/kaggle/input/musait/dataset/basket/positive_585.jpeg,1,HAPPY INDEPENDENCE DAY,"[{'x': 19, 'y': 3}, {'x': 312, 'y': 3}, {'x': 312, 'y': 24}, {'x': 19, 'y': 24}]",2:1,horizontal,50232,Other,other,6153,0.1224916387959866,positive
positive_586.jpeg,/kaggle/input/musait/dataset/basket/positive_586.jpeg,1,HAPPY INDEPENDENCE DAY,"[{'x': 19, 'y': 3}, {'x': 312, 'y': 3}, {'x': 312, 'y': 24}, {'x': 19, 'y': 24}]",2:1,horizontal,50232,Other,other,6153,0.1224916387959866,positive
positive_587.jpeg,/kaggle/input/musait/dataset/basket/positive_587.jpeg,1,"HAPPY
MOTHER'S
DAY
MAY 2020
Sending love and hugs across
the miles to the best Mom ever.
www.website.com
Your
Logo","[{'x': 16, 'y': 37}, {'x': 214, 'y': 37}, {'x': 214, 'y': 217}, {'x': 16, 'y': 217}]",1:1,box,50625,1:1,box,35640,0.704,positive
positive_588.jpeg,/kaggle/input/musait/dataset/basket/positive_588.jpeg,1,"HAPPY
MOTHER'S
DAY
MAY 2020
Sending love and hugs across
the miles to the best Mom ever.
www.website.com
Your
Logo","[{'x': 16, 'y': 37}, {'x': 214, 'y': 37}, {'x': 214, 'y': 217}, {'x': 16, 'y': 217}]",1:1,box,50625,1:1,box,35640,0.704,positive
positive_589.jpeg,/kaggle/input/musait/dataset/basket/positive_589.jpeg,1,"HAPPY
Mother's Day
WE HONOR AND LOVE YOU","[{'x': 1, 'y': 23}, {'x': 257, 'y': 23}, {'x': 257, 'y': 186}, {'x': 1, 'y': 186}]",4:3,horizontal,50505,3:2,horizontal,41728,0.8262152262152263,positive
positive_590.jpeg,/kaggle/input/musait/dataset/basket/positive_590.jpeg,1,"HAPPY
Mother's Day
WE HONOR AND LOVE YOU","[{'x': 1, 'y': 23}, {'x': 257, 'y': 23}, {'x': 257, 'y': 186}, {'x': 1, 'y': 186}]",4:3,horizontal,50505,3:2,horizontal,41728,0.8262152262152263,positive
positive_591.jpeg,/kaggle/input/musait/dataset/basket/positive_591.jpeg,1,"Happy
Valentine's
Day","[{'x': 105, 'y': 65}, {'x': 222, 'y': 65}, {'x': 222, 'y': 160}, {'x': 105, 'y': 160}]",1:1,box,50625,4:3,horizontal,11115,0.2195555555555555,positive
positive_592.jpeg,/kaggle/input/musait/dataset/basket/positive_592.jpeg,1,"Happy
Valentine's
Day","[{'x': 105, 'y': 65}, {'x': 222, 'y': 65}, {'x': 222, 'y': 160}, {'x': 105, 'y': 160}]",1:1,box,50625,4:3,horizontal,11115,0.2195555555555555,positive
positive_593.jpeg,/kaggle/input/musait/dataset/basket/positive_593.jpeg,1,"Happy
Valentine's
Day","[{'x': 54, 'y': 52}, {'x': 187, 'y': 52}, {'x': 187, 'y': 148}, {'x': 54, 'y': 148}]",4:3,horizontal,50344,4:3,horizontal,12768,0.253615127919911,positive
positive_594.jpeg,/kaggle/input/musait/dataset/basket/positive_594.jpeg,1,"Happy
Valentine's
Day","[{'x': 54, 'y': 52}, {'x': 187, 'y': 52}, {'x': 187, 'y': 148}, {'x': 54, 'y': 148}]",4:3,horizontal,50344,4:3,horizontal,12768,0.253615127919911,positive
positive_595.jpeg,/kaggle/input/musait/dataset/basket/positive_595.jpeg,1,"Everyone says you only
fall in love once but
that's not true
because
every time
when I see you,
I fall in love
all over again.","[{'x': 59, 'y': 27}, {'x': 239, 'y': 27}, {'x': 239, 'y': 163}, {'x': 59, 'y': 163}]",4:3,horizontal,50440,4:3,horizontal,24480,0.4853291038858049,positive
positive_596.jpeg,/kaggle/input/musait/dataset/basket/positive_596.jpeg,1,"Everyone says you only
fall in love once but
that's not true
because
every time
when I see you,
I fall in love
all over again.","[{'x': 59, 'y': 27}, {'x': 239, 'y': 27}, {'x': 239, 'y': 163}, {'x': 59, 'y': 163}]",4:3,horizontal,50440,4:3,horizontal,24480,0.4853291038858049,positive
positive_597.jpg,/kaggle/input/musait/dataset/basket/positive_597.jpg,1,"Happy
Ratha Yatra
www.allimagegreetings.com","[{'x': 41, 'y': 62}, {'x': 348, 'y': 62}, {'x': 348, 'y': 514}, {'x': 41, 'y': 514}]",3:2,horizontal,425600,3:4,vertical,138764,0.3260432330827068,positive
positive_598.jpeg,/kaggle/input/musait/dataset/basket/positive_598.jpeg,1,"When
you wish good for
others, good things
come back to you.
This is the law
of nature.
(Wonders Dairy)
Wonders Dairy
www.wondersdairy.com","[{'x': 108, 'y': 151}, {'x': 600, 'y': 151}, {'x': 600, 'y': 859}, {'x': 108, 'y': 859}]",3:4,vertical,648000,3:4,vertical,348336,0.5375555555555556,positive
positive_599.jpeg,/kaggle/input/musait/dataset/basket/positive_599.jpeg,1,"When
you wish good for
others, good things
come back to you.
This is the law
of nature.
(Wonders Dairy)
Wonders Dairy
www.wondersdairy.com","[{'x': 108, 'y': 151}, {'x': 600, 'y': 151}, {'x': 600, 'y': 859}, {'x': 108, 'y': 859}]",3:4,vertical,648000,3:4,vertical,348336,0.5375555555555556,positive
positive_600.jpeg,/kaggle/input/musait/dataset/basket/positive_600.jpeg,1,"The more you heal, the more
you detach from anything
holding you back.
- Via (Dark Secrets)","[{'x': 50, 'y': 424}, {'x': 703, 'y': 424}, {'x': 703, 'y': 670}, {'x': 50, 'y': 670}]",3:4,vertical,648000,Other,other,160638,0.2478981481481481,positive
positive_601.jpeg,/kaggle/input/musait/dataset/basket/positive_601.jpeg,1,"The more you heal, the more
you detach from anything
holding you back.
- Via (Dark Secrets)","[{'x': 50, 'y': 424}, {'x': 703, 'y': 424}, {'x': 703, 'y': 670}, {'x': 50, 'y': 670}]",3:4,vertical,648000,Other,other,160638,0.2478981481481481,positive
positive_602.jpeg,/kaggle/input/musait/dataset/basket/positive_602.jpeg,1,"Listen closely to yourself when
you're feeling uncomfortable.
Honor your needs.
- Via (Dark Secrets)","[{'x': 41, 'y': 487}, {'x': 697, 'y': 487}, {'x': 697, 'y': 660}, {'x': 41, 'y': 660}]",3:4,vertical,648000,Other,other,113488,0.1751358024691358,positive
positive_603.jpeg,/kaggle/input/musait/dataset/basket/positive_603.jpeg,1,"Listen closely to yourself when
you're feeling uncomfortable.
Honor your needs.
- Via (Dark Secrets)","[{'x': 41, 'y': 487}, {'x': 697, 'y': 487}, {'x': 697, 'y': 660}, {'x': 41, 'y': 660}]",3:4,vertical,648000,Other,other,113488,0.1751358024691358,positive
positive_604.jpeg,/kaggle/input/musait/dataset/basket/positive_604.jpeg,1,"Beauty is hidden in
everything, just learn
how to observe.
-Ritu Ghatourey
@InspirationalQuotes720","[{'x': 251, 'y': 356}, {'x': 653, 'y': 356}, {'x': 653, 'y': 961}, {'x': 251, 'y': 961}]",3:4,vertical,778320,3:4,vertical,243210,0.3124807277212457,positive
positive_605.jpeg,/kaggle/input/musait/dataset/basket/positive_605.jpeg,1,"Beauty is hidden in
everything, just learn
how to observe.
-Ritu Ghatourey
@InspirationalQuotes720","[{'x': 251, 'y': 356}, {'x': 653, 'y': 356}, {'x': 653, 'y': 961}, {'x': 251, 'y': 961}]",3:4,vertical,778320,3:4,vertical,243210,0.3124807277212457,positive
positive_606.jpeg,/kaggle/input/musait/dataset/basket/positive_606.jpeg,1,"Distance is my new
answer, I no longer
react, I no longer
argue, I simply withdraw
Joker Theory","[{'x': 101, 'y': 306}, {'x': 613, 'y': 306}, {'x': 613, 'y': 568}, {'x': 101, 'y': 568}]",3:4,vertical,648000,16:9,horizontal,134144,0.2070123456790123,positive
positive_607.jpg,/kaggle/input/musait/dataset/basket/positive_607.jpg,1,"Don't be upset with people
and situations in your life,
because both are powerless
without your reaction.
@InspirationalQuotes720","[{'x': 157, 'y': 233}, {'x': 574, 'y': 233}, {'x': 574, 'y': 655}, {'x': 157, 'y': 655}]",1:1,box,550080,1:1,box,175974,0.3199061954624781,positive
positive_608.jpg,/kaggle/input/musait/dataset/basket/positive_608.jpg,1,"I have found that if you love life,
life will love you back.
- Arthur Rubinstein
@InspirationalQuotes720","[{'x': 51, 'y': 276}, {'x': 680, 'y': 276}, {'x': 680, 'y': 701}, {'x': 51, 'y': 701}]",1:1,box,571680,4:3,horizontal,267325,0.4676130002798768,positive
positive_609.jpg,/kaggle/input/musait/dataset/basket/positive_609.jpg,1,"I have found that if you love life,
life will love you back.
- Arthur Rubinstein
@InspirationalQuotes720","[{'x': 51, 'y': 276}, {'x': 680, 'y': 276}, {'x': 680, 'y': 701}, {'x': 51, 'y': 701}]",1:1,box,571680,4:3,horizontal,267325,0.4676130002798768,positive
positive_610.jpg,/kaggle/input/musait/dataset/basket/positive_610.jpg,1,"Not taking
things personally
is a very important
life skill.
Via (Dark Secrets)","[{'x': 136, 'y': 474}, {'x': 615, 'y': 474}, {'x': 615, 'y': 728}, {'x': 136, 'y': 728}]",3:4,vertical,648000,16:9,horizontal,121666,0.1877561728395061,positive
positive_611.jpg,/kaggle/input/musait/dataset/basket/positive_611.jpg,1,"Not taking
things personally
is a very important
life skill.
Via (Dark Secrets)","[{'x': 136, 'y': 474}, {'x': 615, 'y': 474}, {'x': 615, 'y': 728}, {'x': 136, 'y': 728}]",3:4,vertical,648000,16:9,horizontal,121666,0.1877561728395061,positive
positive_612.jpg,/kaggle/input/musait/dataset/basket/positive_612.jpg,1,"Never regret focusing your
energy on building a better
life for yourself.
- Via (Dark Secrets)","[{'x': 150, 'y': 371}, {'x': 589, 'y': 371}, {'x': 589, 'y': 602}, {'x': 150, 'y': 602}]",3:4,vertical,648000,16:9,horizontal,101409,0.1564953703703703,positive
positive_613.jpg,/kaggle/input/musait/dataset/basket/positive_613.jpg,1,"Never regret focusing your
energy on building a better
life for yourself.
- Via (Dark Secrets)","[{'x': 150, 'y': 371}, {'x': 589, 'y': 371}, {'x': 589, 'y': 602}, {'x': 150, 'y': 602}]",3:4,vertical,648000,16:9,horizontal,101409,0.1564953703703703,positive
positive_614.jpeg,/kaggle/input/musait/dataset/basket/positive_614.jpeg,1,you need sleep more than people.,"[{'x': 160, 'y': 498}, {'x': 548, 'y': 498}, {'x': 548, 'y': 531}, {'x': 160, 'y': 531}]",3:4,vertical,648000,Other,other,12804,0.0197592592592592,positive
positive_615.jpeg,/kaggle/input/musait/dataset/basket/positive_615.jpeg,1,you need sleep more than people.,"[{'x': 160, 'y': 498}, {'x': 548, 'y': 498}, {'x': 548, 'y': 531}, {'x': 160, 'y': 531}]",3:4,vertical,648000,Other,other,12804,0.0197592592592592,positive
positive_616.jpeg,/kaggle/input/musait/dataset/basket/positive_616.jpeg,1,"Not everyone deserves
an invite to your next
chapter, doesn't matter
who they are.
- Via (Dark Secrets)","[{'x': 95, 'y': 481}, {'x': 648, 'y': 481}, {'x': 648, 'y': 759}, {'x': 95, 'y': 759}]",3:4,vertical,648000,16:9,horizontal,153734,0.2372438271604938,positive
positive_617.jpeg,/kaggle/input/musait/dataset/basket/positive_617.jpeg,1,"Conceive. Believe. Achieve.
If your mind can conceive and
your heart believes it then you
can achieve it.
- Via (Dark Secrets)","[{'x': 106, 'y': 274}, {'x': 668, 'y': 274}, {'x': 668, 'y': 662}, {'x': 106, 'y': 662}]",3:4,vertical,648000,4:3,horizontal,218056,0.3365061728395062,positive
positive_618.jpeg,/kaggle/input/musait/dataset/basket/positive_618.jpeg,1,"Conceive. Believe. Achieve.
If your mind can conceive and
your heart believes it then you
can achieve it.
- Via (Dark Secrets)","[{'x': 106, 'y': 274}, {'x': 668, 'y': 274}, {'x': 668, 'y': 662}, {'x': 106, 'y': 662}]",3:4,vertical,648000,4:3,horizontal,218056,0.3365061728395062,positive
positive_619.jpeg,/kaggle/input/musait/dataset/basket/positive_619.jpeg,1,"Be a good person
in real life, not in
social media.
(Thoughts Wonder)
Thoughts Wonder","[{'x': 135, 'y': 130}, {'x': 583, 'y': 130}, {'x': 583, 'y': 850}, {'x': 135, 'y': 850}]",3:4,vertical,647280,3:4,vertical,322560,0.4983314794215795,positive
positive_620.jpeg,/kaggle/input/musait/dataset/basket/positive_620.jpeg,1,"Be a good person
in real life, not in
social media.
(Thoughts Wonder)
Thoughts Wonder","[{'x': 135, 'y': 130}, {'x': 583, 'y': 130}, {'x': 583, 'y': 850}, {'x': 135, 'y': 850}]",3:4,vertical,647280,3:4,vertical,322560,0.4983314794215795,positive
positive_621.jpeg,/kaggle/input/musait/dataset/basket/positive_621.jpeg,1,"When life knocks you
down, roll over and
look at the stars.
-
- Via (Dark Secrets)","[{'x': 107, 'y': 355}, {'x': 617, 'y': 355}, {'x': 617, 'y': 591}, {'x': 107, 'y': 591}]",3:4,vertical,648000,Other,other,120360,0.1857407407407407,positive
positive_622.jpeg,/kaggle/input/musait/dataset/basket/positive_622.jpeg,1,"When life knocks you
down, roll over and
look at the stars.
-
- Via (Dark Secrets)","[{'x': 107, 'y': 355}, {'x': 617, 'y': 355}, {'x': 617, 'y': 591}, {'x': 107, 'y': 591}]",3:4,vertical,648000,Other,other,120360,0.1857407407407407,positive
positive_623.jpeg,/kaggle/input/musait/dataset/basket/positive_623.jpeg,1,"The struggle you
are in today is
developing the
strength you need
@Motivational Life
for tomorrow.","[{'x': 62, 'y': 191}, {'x': 671, 'y': 191}, {'x': 671, 'y': 667}, {'x': 62, 'y': 667}]",3:4,vertical,777600,4:3,horizontal,289884,0.3727932098765432,positive
positive_624.jpeg,/kaggle/input/musait/dataset/basket/positive_624.jpeg,1,"The struggle you
are in today is
developing the
strength you need
@Motivational Life
for tomorrow.","[{'x': 62, 'y': 191}, {'x': 671, 'y': 191}, {'x': 671, 'y': 667}, {'x': 62, 'y': 667}]",3:4,vertical,777600,4:3,horizontal,289884,0.3727932098765432,positive
positive_625.jpg,/kaggle/input/musait/dataset/basket/positive_625.jpg,1,"All truths are easy to understand
once they are discovered;
the point is to discover them.
- Galileo Galilei
AZ QUOTES","[{'x': 41, 'y': 185}, {'x': 733, 'y': 185}, {'x': 733, 'y': 612}, {'x': 41, 'y': 612}]",16:9,horizontal,768000,3:2,horizontal,295484,0.3847447916666666,positive
positive_626.jpg,/kaggle/input/musait/dataset/basket/positive_626.jpg,1,"All truths are easy to understand
once they are discovered;
the point is to discover them.
- Galileo Galilei
AZ QUOTES","[{'x': 41, 'y': 185}, {'x': 733, 'y': 185}, {'x': 733, 'y': 612}, {'x': 41, 'y': 612}]",16:9,horizontal,768000,3:2,horizontal,295484,0.3847447916666666,positive
positive_627.png,/kaggle/input/musait/dataset/basket/positive_627.png,1,"www.psartworks.in
Art is never finished,
only abandoned.
-Leonardo da Vinci","[{'x': 74, 'y': 27}, {'x': 457, 'y': 27}, {'x': 457, 'y': 339}, {'x': 74, 'y': 339}]",4:3,horizontal,173520,4:3,horizontal,119496,0.6886583679114799,positive
positive_628.jpg,/kaggle/input/musait/dataset/basket/positive_628.jpg,1,"Dependence Is Misery.
Independence Is Happiness.
SWAMI VIVEKANANDA
Statustown.com","[{'x': 258, 'y': 241}, {'x': 1125, 'y': 241}, {'x': 1125, 'y': 600}, {'x': 258, 'y': 600}]",16:9,horizontal,756000,21:9,horizontal,311253,0.4117103174603174,positive
positive_629.jpg,/kaggle/input/musait/dataset/basket/positive_629.jpg,1,"Dependence Is Misery.
Independence Is Happiness.
SWAMI VIVEKANANDA
Statustown.com","[{'x': 258, 'y': 241}, {'x': 1125, 'y': 241}, {'x': 1125, 'y': 600}, {'x': 258, 'y': 600}]",16:9,horizontal,756000,21:9,horizontal,311253,0.4117103174603174,positive
positive_630.jpg,/kaggle/input/musait/dataset/basket/positive_630.jpg,1,"One ounce of practice is worth
a thousand pounds of theory.
Vivekanande","[{'x': 74, 'y': 521}, {'x': 948, 'y': 521}, {'x': 948, 'y': 785}, {'x': 74, 'y': 785}]",1:1,box,1048576,Other,other,230736,0.2200469970703125,positive
positive_631.jpg,/kaggle/input/musait/dataset/basket/positive_631.jpg,1,"One ounce of practice is worth
a thousand pounds of theory.
Vivekanande","[{'x': 74, 'y': 521}, {'x': 948, 'y': 521}, {'x': 948, 'y': 785}, {'x': 74, 'y': 785}]",1:1,box,1048576,Other,other,230736,0.2200469970703125,positive
positive_632.jpg,/kaggle/input/musait/dataset/basket/positive_632.jpg,1,"""Whatever you think
that you will be.
if you think yourself weak,
weak you will be;
if you think yourself strong,
you will be.'
Swami Vivekananda","[{'x': 95, 'y': 84}, {'x': 664, 'y': 84}, {'x': 664, 'y': 316}, {'x': 95, 'y': 316}]",16:9,horizontal,322500,21:9,horizontal,132008,0.4093271317829457,positive
positive_633.jpg,/kaggle/input/musait/dataset/basket/positive_633.jpg,1,"""Whatever you think
that you will be.
if you think yourself weak,
weak you will be;
if you think yourself strong,
you will be.'
Swami Vivekananda","[{'x': 95, 'y': 84}, {'x': 664, 'y': 84}, {'x': 664, 'y': 316}, {'x': 95, 'y': 316}]",16:9,horizontal,322500,21:9,horizontal,132008,0.4093271317829457,positive
positive_634.jpg,/kaggle/input/musait/dataset/basket/positive_634.jpg,1,"""Arise, awake,
stop not until
your goal is
achieved.""
- Swami Vivekananda","[{'x': 279, 'y': 265}, {'x': 652, 'y': 265}, {'x': 652, 'y': 498}, {'x': 279, 'y': 498}]",16:9,horizontal,753600,3:2,horizontal,86909,0.1153251061571125,positive
positive_635.jpg,/kaggle/input/musait/dataset/basket/positive_635.jpg,1,"""Arise, awake,
stop not until
your goal is
achieved.""
- Swami Vivekananda","[{'x': 279, 'y': 265}, {'x': 652, 'y': 265}, {'x': 652, 'y': 498}, {'x': 279, 'y': 498}]",16:9,horizontal,753600,3:2,horizontal,86909,0.1153251061571125,positive
positive_636.jpg,/kaggle/input/musait/dataset/basket/positive_636.jpg,1,"""Arise, awake,
stop not until
your goal is
achieved.""
- Swami Vivekananda","[{'x': 279, 'y': 265}, {'x': 652, 'y': 265}, {'x': 652, 'y': 498}, {'x': 279, 'y': 498}]",16:9,horizontal,753600,3:2,horizontal,86909,0.1153251061571125,positive
positive_637.jpg,/kaggle/input/musait/dataset/basket/positive_637.jpg,1,"""People are just as happy as they make up
their minds to be.""
Abraham Lincoln
Invajy.com
Self improvement","[{'x': 100, 'y': 17}, {'x': 1102, 'y': 17}, {'x': 1102, 'y': 738}, {'x': 100, 'y': 738}]",3:2,horizontal,960000,4:3,horizontal,722442,0.75254375,positive
positive_638.jpg,/kaggle/input/musait/dataset/basket/positive_638.jpg,1,"The happiness
of your life depends on
the quality of your
thoughts
~Marcus Aurelius
To legally use for training,
presentations or any
other purpose please
purchase at
www.OpenTheMeeting.com
Purchased video does not
include the above statement.","[{'x': 178, 'y': 81}, {'x': 814, 'y': 81}, {'x': 814, 'y': 698}, {'x': 178, 'y': 698}]",16:9,horizontal,921600,1:1,box,392412,0.4257942708333333,positive
positive_639.jpg,/kaggle/input/musait/dataset/basket/positive_639.jpg,1,"HAPPY PEOPLE
ARE ALWAYS BEAUTIFUL","[{'x': 78, 'y': 23}, {'x': 1094, 'y': 23}, {'x': 1094, 'y': 753}, {'x': 78, 'y': 753}]",3:2,horizontal,927600,4:3,horizontal,741680,0.7995687796463993,positive
positive_640.jpg,/kaggle/input/musait/dataset/basket/positive_640.jpg,1,"QUOTEMENT.COM
""Very little is needed to
make a happy life; it is
all within yourself, in
your way of thinking.""
- Marcus Aurelius
Antoninus","[{'x': 101, 'y': 71}, {'x': 893, 'y': 71}, {'x': 893, 'y': 853}, {'x': 101, 'y': 853}]",3:4,vertical,1500000,1:1,box,619344,0.412896,positive
positive_641.jpg,/kaggle/input/musait/dataset/basket/positive_641.jpg,1,"Some people think they need
more to be happy. But the truly
happy people are those who learn
to enjoy life with exactly what they
have at each moment.
Lifehayat.com","[{'x': 299, 'y': 413}, {'x': 960, 'y': 413}, {'x': 960, 'y': 995}, {'x': 299, 'y': 995}]",1:1,box,1166400,1:1,box,384702,0.3298199588477366,positive
positive_642.jpg,/kaggle/input/musait/dataset/basket/positive_642.jpg,1,"I feel the best,
when I am happy.
Cool Funny Quotes.com","[{'x': 40, 'y': 149}, {'x': 519, 'y': 149}, {'x': 519, 'y': 381}, {'x': 40, 'y': 381}]",4:3,horizontal,216150,2:1,horizontal,111128,0.5141244506130003,positive
positive_643.jpg,/kaggle/input/musait/dataset/basket/positive_643.jpg,1,"ΠΛ
ΠΛ
INTERNATIONAL DAY OF HAPPINESS
MARCH 20","[{'x': 101, 'y': 44}, {'x': 1099, 'y': 44}, {'x': 1099, 'y': 646}, {'x': 101, 'y': 646}]",16:9,horizontal,810000,Other,other,600796,0.7417234567901234,positive
positive_644.jpg,/kaggle/input/musait/dataset/basket/positive_644.jpg,1,"Make someone happy,
Make just one someone happy,
And you will be happy, too.
-Jimmy Durante
AZ QUOTES","[{'x': 10, 'y': 43}, {'x': 175, 'y': 43}, {'x': 175, 'y': 157}, {'x': 10, 'y': 157}]",16:9,horizontal,50512,4:3,horizontal,18810,0.3723867595818815,positive
positive_645.jpg,/kaggle/input/musait/dataset/basket/positive_645.jpg,1,"Start smiling from the
heart it will make
your life more
beautiful and happy.
DreamsQuote.Com","[{'x': 86, 'y': 282}, {'x': 723, 'y': 282}, {'x': 723, 'y': 627}, {'x': 86, 'y': 627}]",5:4,horizontal,487500,16:9,horizontal,219765,0.4508,positive
positive_646.jpg,/kaggle/input/musait/dataset/basket/positive_646.jpg,1,"You can't go back and
change the beginning, but
you can start where you are
and change the ending.
Funkylife.in","[{'x': 272, 'y': 397}, {'x': 1884, 'y': 397}, {'x': 1884, 'y': 1888}, {'x': 272, 'y': 1888}]",1:1,box,3686400,1:1,box,2403492,0.6519889322916667,positive
positive_647.jpg,/kaggle/input/musait/dataset/basket/positive_647.jpg,1,"TORONTO SUN NEWS MONDAY, JANUARY 2006
I'm Not Brown I'm Human
VERONICA ENSU
Grade 5 student James Valitchka's new book, I'm Not Brown I'm Human, details how
children can learn to overcome racism. This is the 11-year-old Toronto boy's sixth book.
27
A good heart
is colour-blind
11-year-old author teaches how to overcome racism
MICHELE HENRY
Toronto Sun
James Valitchka is no
stranger to the soul-piercing
sting of racist remarks.
One of only two black kids
attending an affluent ele-
mentary school in a predom
inantly white Ottawa neigh-
bourhood, the 11-year-old
was often teased, beaten up
and belittled because of his
skin colour.
""I had to leave that school,""
said the pre-teen, who moved
to Toronto with his mother
last year. ""It made me feel
really bad about myself.""
Sensing there were other
kids grappling with the same
stresses, the Grade 5 student
put pen to paper and wrote
his sixth book, which is titled
I'm Not Brown I'm Human
and details how children can
learn to overcome racism. Re-
leased in a limited number
of local bookstores this week,
the young author waved it
proudly about the Dominion
ballroom at the Sheraton
Centre yesterday during the
Toronto kickoff of Black His-
tory Month in Canada.
Just bullying
""Racism is just bullying be-
cause of skin colour, he said.
Rosemary Sadlier, presi-
dent of the Ontario Black His
tory Society, addressed the
crowd yesterday and told lo
cal politicians and commu
nity members alike that cele-
brating black history and
culture is paramount to de-
feating hatred.
""Where we see so much
negativity we lose sight of the
contribution that people of
African origin have made
since the very beginning of
this country,"" she said. To
have Black History Month in
Toronto right now is of criti-
cal importance because it's
one of the pro-active things to
address some of the issues
that affect us all right now,
such as gun violence.""
Among the books by black
authors and illustrations by
black artists that filled the en-
trance to the ballroom, was a
demonstration of the Black
History Canada website.
Developed by Historica,
blackhistorycanada.ca was
launched at the event and is a
resource for teachers seek-
ing information about black
history in Canada.
michele.herry@tor.sunpub.com","[{'x': 8, 'y': 5}, {'x': 1139, 'y': 5}, {'x': 1139, 'y': 695}, {'x': 8, 'y': 695}]",Other,other,805035,3:2,horizontal,780390,0.9693864241927368,positive
positive_648.jpg,/kaggle/input/musait/dataset/basket/positive_648.jpg,1,"y being
one who
and vow
ty
Toppy at
al.co.uk
EXMOUTH JOURNAL
Take a paws to help
guide dog charity
A WITINYCOMBE woman is asking
other dog lovers and their pets to
Join her on a fundraising walk in
aid of guide dogs.
Laura Waddell, 24, of Denmark
Road is organising the walk as
part of Guide Dogs for the Blind's
national Go Walkies event
The walk will be along the Exmouth
to Budleigh cycle track, and art
from the bridge in Capel Lane at
10am on May 18
There will be goody bags at the
end for all those taking part, as well
as a chance to win a six month sup
ply of Eukanuba dog food.
Laura will be doing the walk with
ber seven-year-old beagle Amber,
and wants as many dogs and their
owners as possible to join them
She said ""Guide Dogs for the
do an amazing job
I see a lot of the training pups
around town with their volunteering
trainers, as well as guide dogs with
their owners who make a real differ
ence to their lives
Doing this walk will hopefully
raise some money but also aware
ness about how de changing the
dogs are in this charity. Also I just
the dog walkers on the day to
IN
EXH
SHOUTH
since
1858
JOURNAL
Dean Road resident Laura Wade is gang og was part of the Guide
some bind Go was even on Saturday May 18 Laure is pred
with her dog Aniber and the was will start at 10am from the cycle path on Capel Lane
to Budleigh Salterton and back Photo by Simon Hom Ref exe 3083-16 134
have a fun time together
book page at www.facebook.com/
Anyone who would lie to join events/300668706228406
To sponsor the walken, visit
admin http://uk.virginmoneygiving.com/
team/ExmouthGoWas
Laura on the walk can contact be
by emailing
con, or can visit the event's Face
THE
cha","[{'x': 6, 'y': 10}, {'x': 435, 'y': 10}, {'x': 435, 'y': 346}, {'x': 6, 'y': 346}]",4:3,horizontal,162078,4:3,horizontal,144144,0.8893495724280902,positive
positive_649.jpg,/kaggle/input/musait/dataset/basket/positive_649.jpg,1,"""All the News
We Hope to Print
VOL CLVI..No. 54,631
The New York Times
Nation Sets Its Sights on
NEW YORK, SATURDAY, JULY 4, 2009
Special Edition
FREE
Building Sane Economy IRAQ WAR ENDS
True Cost Tax, Salary Caps, Trust Busting Top List
The bedr
Troops to Return
Immediately
mander ""True Cost Account
gaphand withdrawal from
Try bill seeks to
property of all cr
Much so, aber the
G Depoput the bra
Why SwNancy whop
Maximum Wage TREASURY
Law Succeeds ANNOUNCES
Salary Caps Will Help
Stabilize Economy
By JE MALONE
C.S. Arap helicopters begin moving to and from Ha's former place
""TRUE COST"" cabers Train for New Life USA Patriot Act Repel
TAX PLAN
By MARCUS
Ex-Secretary
Apologizes for
W.M.D. Scare
WANTON
Op
Det
D
""This is the best a
withdrew from","[{'x': 19, 'y': 8}, {'x': 460, 'y': 8}, {'x': 460, 'y': 349}, {'x': 19, 'y': 349}]",4:3,horizontal,168480,4:3,horizontal,150381,0.8925747863247864,positive
positive_650.jpg,/kaggle/input/musait/dataset/basket/positive_650.jpg,1,LIST OF MOST HAPPY COUNTRIES,"[{'x': 52, 'y': 582}, {'x': 1148, 'y': 582}, {'x': 1148, 'y': 630}, {'x': 52, 'y': 630}]",16:9,horizontal,810000,Other,other,52608,0.0649481481481481,positive
positive_651.jpg,/kaggle/input/musait/dataset/basket/positive_651.jpg,1,"""Be true. Be wild
Be Happy.""
FunZumo.Com","[{'x': 416, 'y': 272}, {'x': 875, 'y': 272}, {'x': 875, 'y': 582}, {'x': 416, 'y': 582}]",3:2,horizontal,516560,4:3,horizontal,142290,0.2754568685147902,positive
positive_652.jpg,/kaggle/input/musait/dataset/basket/positive_652.jpg,1,"Positive thinking will
let you do everything
better than negative
thinking will.
Zig Ziglar
BrainyQuote","[{'x': 80, 'y': 21}, {'x': 231, 'y': 21}, {'x': 231, 'y': 159}, {'x': 80, 'y': 159}]",16:9,horizontal,50530,1:1,box,20838,0.4123886799920839,positive
positive_653.jpg,/kaggle/input/musait/dataset/basket/positive_653.jpg,1,"""Nothing will work
unless you do.""
- Maya Angelou
Parade","[{'x': 209, 'y': 440}, {'x': 1151, 'y': 440}, {'x': 1151, 'y': 1153}, {'x': 209, 'y': 1153}]",1:1,box,1440000,4:3,horizontal,671646,0.4664208333333333,positive
positive_654.jpg,/kaggle/input/musait/dataset/basket/positive_654.jpg,1,"BELIEVE YOU'RE BORN
TO ACHIEVE GREAT THINGS
THEGOALCHASER.COM","[{'x': 70, 'y': 463}, {'x': 738, 'y': 463}, {'x': 738, 'y': 893}, {'x': 70, 'y': 893}]",1:1,box,853776,3:2,horizontal,287240,0.3364348494218624,positive
positive_655.jpg,/kaggle/input/musait/dataset/basket/positive_655.jpg,1,"FITNESS
WAY OF
ITS A WAY
LIFE
YOUR LOGO","[{'x': 161, 'y': 51}, {'x': 669, 'y': 51}, {'x': 669, 'y': 465}, {'x': 161, 'y': 465}]",1:1,box,477481,4:3,horizontal,210312,0.4404615052745554,positive
positive_656.jpg,/kaggle/input/musait/dataset/basket/positive_656.jpg,1,"HAPPINESS
QUOTES
81 Quotes about
Happiness and
Finding Joy in Life","[{'x': 549, 'y': 43}, {'x': 1001, 'y': 43}, {'x': 1001, 'y': 473}, {'x': 549, 'y': 473}]",16:9,horizontal,524288,1:1,box,194360,0.3707122802734375,positive
positive_657.jpg,/kaggle/input/musait/dataset/basket/positive_657.jpg,1,"PUSH
YOURSELF
NO ONE IS GOING TO DO IT FOR YOU","[{'x': 388, 'y': 146}, {'x': 1059, 'y': 146}, {'x': 1059, 'y': 677}, {'x': 388, 'y': 677}]",4:3,horizontal,1344000,4:3,horizontal,356301,0.2651049107142857,positive
positive_658.jpg,/kaggle/input/musait/dataset/basket/positive_658.jpg,1,"Fit is not a destination.
It's a way of life.","[{'x': 203, 'y': 510}, {'x': 1024, 'y': 510}, {'x': 1024, 'y': 670}, {'x': 203, 'y': 670}]",1:1,box,1440000,Other,other,131360,0.0912222222222222,positive
positive_659.jpg,/kaggle/input/musait/dataset/basket/positive_659.jpg,1,"""Willpower is
like a muscle,
the more
frequently
you train it,
the stronger
it gets.""
-Unknown
www.shackinginsneakers.com","[{'x': 10, 'y': 57}, {'x': 494, 'y': 57}, {'x': 494, 'y': 765}, {'x': 10, 'y': 765}]",4:3,horizontal,740720,3:4,vertical,342672,0.4626201533642942,positive
positive_660.jpg,/kaggle/input/musait/dataset/basket/positive_660.jpg,1,"A GOOD
WORKOUT
IS A GREAT WAY
TO CREAR
YOUR MIND
www.THOUGHTSGURUJI.COM","[{'x': 142, 'y': 68}, {'x': 875, 'y': 68}, {'x': 875, 'y': 974}, {'x': 142, 'y': 974}]",1:1,box,1048576,3:4,vertical,664098,0.6333332061767578,positive
positive_661.jpg,/kaggle/input/musait/dataset/basket/positive_661.jpg,1,Congratulations,"[{'x': 275, 'y': 831}, {'x': 1269, 'y': 831}, {'x': 1269, 'y': 996}, {'x': 275, 'y': 996}]",3:4,vertical,2650500,Other,other,164010,0.0618788907753254,positive
positive_662.jpg,/kaggle/input/musait/dataset/basket/positive_662.jpg,1,"CONGRATULATIONS
o e o co o o do","[{'x': 4, 'y': 5}, {'x': 432, 'y': 5}, {'x': 432, 'y': 115}, {'x': 4, 'y': 115}]",Other,other,50460,Other,other,47080,0.933016250495442,positive
positive_663.jpg,/kaggle/input/musait/dataset/basket/positive_663.jpg,1,"CON RATS
""
""","[{'x': 15, 'y': 276}, {'x': 391, 'y': 276}, {'x': 391, 'y': 399}, {'x': 15, 'y': 399}]",1:1,box,165640,Other,other,46248,0.2792079207920792,positive
positive_664.jpg,/kaggle/input/musait/dataset/basket/positive_664.jpg,1,"""EVERYONE WANTS TO
LIVE ON TOP OF THE MOUNTAIN,
BUT ALL THE HAPPINESS
AND GROWTH OCCURS
WHILE YOU'RE CLIMBING IT.""
-Andy Rooney
WALK MY WORLD","[{'x': 19, 'y': 22}, {'x': 675, 'y': 22}, {'x': 675, 'y': 1020}, {'x': 19, 'y': 1020}]",3:4,vertical,735000,3:4,vertical,654688,0.8907319727891156,positive
positive_665.jpg,/kaggle/input/musait/dataset/basket/positive_665.jpg,1,"“THE HARDEST MOUNTAIN
TO CLIMB
IS THE ONE WITHIN.""
-J.Lynn
WALK MY WORLD","[{'x': 6, 'y': 27}, {'x': 687, 'y': 27}, {'x': 687, 'y': 1011}, {'x': 6, 'y': 1011}]",3:4,vertical,735000,3:4,vertical,670104,0.9117061224489796,positive
positive_666.jpg,/kaggle/input/musait/dataset/basket/positive_666.jpg,1,"The
best vi
view
comes after
the hardest
climb
THEWANDERLUST WITHIN.COM","[{'x': 66, 'y': 55}, {'x': 516, 'y': 55}, {'x': 516, 'y': 889}, {'x': 66, 'y': 889}]",3:4,vertical,539100,2:3,vertical,375300,0.6961602671118531,positive
positive_667.jpg,/kaggle/input/musait/dataset/basket/positive_667.jpg,1,"I learn
something
EVERY TIME I GO
INTO THE
MOUNTAINS.
-
· Michael Kennedy
TALE OF 2 BACKPACKERS","[{'x': 137, 'y': 136}, {'x': 535, 'y': 136}, {'x': 535, 'y': 963}, {'x': 137, 'y': 963}]",3:4,vertical,699392,9:16,vertical,329146,0.4706173362005856,positive
positive_668.jpg,/kaggle/input/musait/dataset/basket/positive_668.jpg,1,"FEEL
dreams one
GOOD","[{'x': 191, 'y': 273}, {'x': 616, 'y': 273}, {'x': 616, 'y': 486}, {'x': 191, 'y': 486}]",1:1,box,640000,16:9,horizontal,90525,0.1414453125,positive
positive_669.jpg,/kaggle/input/musait/dataset/basket/positive_669.jpg,1,"Real beauty is to be
true to oneself.
That's what makes
me feel good.
Laetitia Casta
BrainyQuote","[{'x': 77, 'y': 14}, {'x': 233, 'y': 14}, {'x': 233, 'y': 160}, {'x': 77, 'y': 160}]",16:9,horizontal,50530,1:1,box,22776,0.4507421333861072,positive
positive_670.jpg,/kaggle/input/musait/dataset/basket/positive_670.jpg,1,"The greatest healing therapy is
friendship and love
Hubert H Humphrey
WELL","[{'x': 32, 'y': 36}, {'x': 573, 'y': 36}, {'x': 573, 'y': 581}, {'x': 32, 'y': 581}]",4:3,horizontal,480000,1:1,box,294845,0.6142604166666666,positive
positive_671.jpg,/kaggle/input/musait/dataset/basket/positive_671.jpg,1,"Do good, feel good;
feel good, do good.
Gretchen Rubin
quotefancy","[{'x': 595, 'y': 636}, {'x': 3222, 'y': 636}, {'x': 3222, 'y': 1809}, {'x': 595, 'y': 1809}]",16:9,horizontal,8294400,21:9,horizontal,3081471,0.3715122251157407,positive
positive_672.jpg,/kaggle/input/musait/dataset/basket/positive_672.jpg,1,"The shoreline at sunset
is simply...beautiful.","[{'x': 185, 'y': 344}, {'x': 465, 'y': 344}, {'x': 465, 'y': 396}, {'x': 185, 'y': 396}]",3:2,horizontal,274104,Other,other,14560,0.0531185243557189,positive
positive_673.jpg,/kaggle/input/musait/dataset/basket/positive_673.jpg,1,"The sunset casts a golden glow
across the valley.","[{'x': 137, 'y': 333}, {'x': 512, 'y': 333}, {'x': 512, 'y': 387}, {'x': 137, 'y': 387}]",3:2,horizontal,274104,Other,other,20250,0.0738770685579196,positive
positive_674.jpg,/kaggle/input/musait/dataset/basket/positive_674.jpg,1,"66
A good marriage is like
a casserole, only those
responsible for it really
know what goes in it.""
1000
woman's day","[{'x': 298, 'y': 149}, {'x': 1791, 'y': 149}, {'x': 1791, 'y': 2026}, {'x': 298, 'y': 2026}]",1:1,box,4338889,3:4,vertical,2802361,0.6458706364693819,positive
positive_675.jpg,/kaggle/input/musait/dataset/basket/positive_675.jpg,1,"Two years later and
we're just as in love as
111
the day we said 'I do.""
woman's day","[{'x': 328, 'y': 1368}, {'x': 1744, 'y': 1368}, {'x': 1744, 'y': 2021}, {'x': 328, 'y': 2021}]",1:1,box,4338889,Other,other,924648,0.2131070880126226,positive
positive_676.jpg,/kaggle/input/musait/dataset/basket/positive_676.jpg,1,"66
One year down,
forever to go.
woman's day","[{'x': 541, 'y': 148}, {'x': 1554, 'y': 148}, {'x': 1554, 'y': 2023}, {'x': 541, 'y': 2023}]",1:1,box,4338889,2:3,vertical,1899375,0.4377560707360801,positive
positive_677.jpg,/kaggle/input/musait/dataset/basket/positive_677.jpg,1,"Life doesn't
come with a
manual
it
comes with a
mother.","[{'x': 138, 'y': 159}, {'x': 1049, 'y': 159}, {'x': 1049, 'y': 1026}, {'x': 138, 'y': 1026}]",1:1,box,1440000,1:1,box,789837,0.5484979166666667,positive
positive_678.jpg,/kaggle/input/musait/dataset/basket/positive_678.jpg,1,"""TIME SPENT AMONGST TREES IS
NEVER WASTED TIME.""
- KATRINA MAYER
WALK MY WORLD","[{'x': 18, 'y': 63}, {'x': 980, 'y': 63}, {'x': 980, 'y': 1461}, {'x': 18, 'y': 1461}]",3:4,vertical,1500000,3:4,vertical,1344876,0.896584,positive
positive_679.jpg,/kaggle/input/musait/dataset/basket/positive_679.jpg,1,"WHEN YOU STOP
CHASING
THE WRONG THINGS
YOU ALLOW
THE RIGHT THINGS
TO CATCH YOU","[{'x': 115, 'y': 146}, {'x': 569, 'y': 146}, {'x': 569, 'y': 529}, {'x': 115, 'y': 529}]",1:1,box,490000,4:3,horizontal,173882,0.3548612244897959,positive
positive_680.jpg,/kaggle/input/musait/dataset/basket/positive_680.jpg,1,"QUOTEMENT.COM
A clear blue sky puts
everyone in a good
mood.","[{'x': 210, 'y': 86}, {'x': 806, 'y': 86}, {'x': 806, 'y': 480}, {'x': 210, 'y': 480}]",3:4,vertical,1500000,3:2,horizontal,234824,0.1565493333333333,positive
positive_681.jpg,/kaggle/input/musait/dataset/basket/positive_681.jpg,1,"Ask yourself if what
you're doing today is
getting you closer to
where you want to be
tomorrow.","[{'x': 10, 'y': 138}, {'x': 488, 'y': 138}, {'x': 488, 'y': 522}, {'x': 10, 'y': 522}]",3:4,vertical,375000,4:3,horizontal,183552,0.489472,positive
positive_682.jpg,/kaggle/input/musait/dataset/basket/positive_682.jpg,1,"Start each day
with a positive
thought and a
grateful heart.
Roy T. Bennett","[{'x': 120, 'y': 267}, {'x': 439, 'y': 267}, {'x': 439, 'y': 658}, {'x': 120, 'y': 658}]",3:4,vertical,435675,3:4,vertical,124729,0.2862890916394101,positive
positive_683.jpg,/kaggle/input/musait/dataset/basket/positive_683.jpg,1,"""Be a Good Person
But
Don't Try to Prove it""","[{'x': 61, 'y': 75}, {'x': 262, 'y': 75}, {'x': 262, 'y': 139}, {'x': 61, 'y': 139}]",3:2,horizontal,50268,Other,other,12864,0.2559083313439961,positive
positive_684.jpg,/kaggle/input/musait/dataset/basket/positive_684.jpg,1,"by impl
Fall in love with
taking care of my body.","[{'x': 88, 'y': 152}, {'x': 569, 'y': 152}, {'x': 569, 'y': 403}, {'x': 88, 'y': 403}]",3:2,horizontal,281450,16:9,horizontal,120731,0.4289607390300231,positive
positive_685.jpg,/kaggle/input/musait/dataset/basket/positive_685.jpg,1,"BURNLAB
eza
#readytosweat
THE ONLY BAD
WORKOUT IS THE ONE
THAT DIDN'T HAPPEN.
7.5KG
BURNLA","[{'x': 32, 'y': 36}, {'x': 1047, 'y': 36}, {'x': 1047, 'y': 1029}, {'x': 32, 'y': 1029}]",1:1,box,1166400,1:1,box,1007895,0.8641075102880659,positive
positive_686.jpg,/kaggle/input/musait/dataset/basket/positive_686.jpg,1,"I feel the best,
when I am happy.
Cool Funny Quotes.com","[{'x': 19, 'y': 72}, {'x': 253, 'y': 72}, {'x': 253, 'y': 186}, {'x': 19, 'y': 186}]",4:3,horizontal,50540,2:1,horizontal,26676,0.5278195488721804,positive
positive_687.jpg,/kaggle/input/musait/dataset/basket/positive_687.jpg,1,"I don't want a perfect life.
Jwant a happy life.
QImagine Quotes
www.imainequotes.com","[{'x': 77, 'y': 383}, {'x': 637, 'y': 383}, {'x': 637, 'y': 488}, {'x': 77, 'y': 488}]",4:3,horizontal,325000,Other,other,58800,0.1809230769230769,positive
positive_688.jpg,/kaggle/input/musait/dataset/basket/positive_688.jpg,1,"Happiness depends not on material
things but our view on the things.
SHAYARI777.com","[{'x': 169, 'y': 804}, {'x': 922, 'y': 804}, {'x': 922, 'y': 1043}, {'x': 169, 'y': 1043}]",1:1,box,1166400,Other,other,179967,0.154292695473251,positive
positive_689.jpg,/kaggle/input/musait/dataset/basket/positive_689.jpg,1,"live life be happy and
have fun..
allpoetrylife.com","[{'x': 27, 'y': 171}, {'x': 433, 'y': 171}, {'x': 433, 'y': 346}, {'x': 27, 'y': 346}]",5:4,horizontal,352000,21:9,horizontal,71050,0.2018465909090909,positive
positive_690.jpg,/kaggle/input/musait/dataset/basket/positive_690.jpg,1,"LIFE IS TOO SHORT,
7
SO NEVER REGRET SOMETHING
THAT MAKES YOU HAPPY.
QuotesLifetime.com","[{'x': 76, 'y': 75}, {'x': 583, 'y': 75}, {'x': 583, 'y': 310}, {'x': 76, 'y': 310}]",1:1,box,490000,Other,other,119145,0.2431530612244898,positive
positive_691.jpg,/kaggle/input/musait/dataset/basket/positive_691.jpg,1,"Just smile and be the reason
for someone to smile
sana_wr8s12","[{'x': 80, 'y': 138}, {'x': 702, 'y': 138}, {'x': 702, 'y': 299}, {'x': 80, 'y': 299}]",1:1,box,541696,Other,other,100142,0.184867527173913,positive
positive_692.jpg,/kaggle/input/musait/dataset/basket/positive_692.jpg,1,"today
IS THE°
Perfect
day to be
happy!","[{'x': 98, 'y': 23}, {'x': 237, 'y': 23}, {'x': 237, 'y': 209}, {'x': 98, 'y': 209}]",3:2,horizontal,76050,3:4,vertical,25854,0.3399605522682445,positive
positive_693.jpg,/kaggle/input/musait/dataset/basket/positive_693.jpg,1,"Be the reason of
someone's smile today
Storymirror.com","[{'x': 7, 'y': 43}, {'x': 292, 'y': 43}, {'x': 292, 'y': 193}, {'x': 7, 'y': 193}]",3:2,horizontal,60000,16:9,horizontal,42750,0.7125,positive
positive_694.jpg,/kaggle/input/musait/dataset/basket/positive_694.jpg,1,"Smiling is good
for the heart.
laughing is
good for the soul.
and loving will
keep you living,
Jaughing & smiling.
TrueShayari","[{'x': 185, 'y': 59}, {'x': 287, 'y': 59}, {'x': 287, 'y': 169}, {'x': 185, 'y': 169}]",Other,other,50460,1:1,box,11220,0.2223543400713436,positive
positive_695.jpg,/kaggle/input/musait/dataset/basket/positive_695.jpg,1,"I KNOW MY PRIORITIES
THAT'S WHY I AM HAPPY.
QuotesLifetime.com","[{'x': 139, 'y': 102}, {'x': 561, 'y': 102}, {'x': 561, 'y': 260}, {'x': 139, 'y': 260}]",1:1,box,490000,Other,other,66676,0.1360734693877551,positive
positive_696.jpg,/kaggle/input/musait/dataset/basket/positive_696.jpg,1,"""
DON'T CRY BECAUSE
IT'S OVER, SMILE BECAUSE
IT HAPPENED.
Dr. Seuss","[{'x': 48, 'y': 55}, {'x': 423, 'y': 55}, {'x': 423, 'y': 216}, {'x': 48, 'y': 216}]",3:4,vertical,345600,21:9,horizontal,60375,0.1746961805555555,positive
positive_697.jpg,/kaggle/input/musait/dataset/basket/positive_697.jpg,1,"Shayarisova.com
YOU DO NOT FIND THE HAPPY
LIFE. YOU MAKE IT.","[{'x': 5, 'y': 3}, {'x': 679, 'y': 3}, {'x': 679, 'y': 359}, {'x': 5, 'y': 359}]",3:2,horizontal,345600,16:9,horizontal,239944,0.6942824074074074,positive
positive_698.jpg,/kaggle/input/musait/dataset/basket/positive_698.jpg,1,"HAPPINESS IS A CHOICE, NOT A
RESULT. NOTHING WILL MAKE
YOU HAPPY UNTIL YOU
CHOOSE TO BE HAPPY.
@Inspired Living","[{'x': 65, 'y': 63}, {'x': 640, 'y': 63}, {'x': 640, 'y': 948}, {'x': 65, 'y': 948}]",3:4,vertical,676800,3:4,vertical,508875,0.7518838652482269,positive
positive_699.jpg,/kaggle/input/musait/dataset/basket/positive_699.jpg,1,"HAPPY
BROTHERS DAY
Quotes","[{'x': 61, 'y': 721}, {'x': 1135, 'y': 721}, {'x': 1135, 'y': 1214}, {'x': 61, 'y': 1214}]",16:9,horizontal,2822400,Other,other,529482,0.1875999149659863,positive
positive_700.jpg,/kaggle/input/musait/dataset/basket/positive_700.jpg,1,"May the Divine light of Diwali bring
peace, happiness, and prosperity to
your life..
Wish you all a very HAPPY DIWALI
thebestshayari.in","[{'x': 120, 'y': 124}, {'x': 1178, 'y': 124}, {'x': 1178, 'y': 964}, {'x': 120, 'y': 964}]",1:1,box,1638400,4:3,horizontal,888720,0.542431640625,positive
positive_701.jpg,/kaggle/input/musait/dataset/basket/positive_701.jpg,1,"Happy
International Children's
Day
Smit Creation
.com
""There is nothing as pure, as adorable as
the innocence of a child.....
Keep it alive to keep this world alive.""","[{'x': 63, 'y': 49}, {'x': 1165, 'y': 49}, {'x': 1165, 'y': 1163}, {'x': 63, 'y': 1163}]",1:1,box,1440000,1:1,box,1227628,0.8525194444444445,positive
positive_702.jpg,/kaggle/input/musait/dataset/basket/positive_702.jpg,1,"HAPPY
FRIENDSHIP DAY
QUOTES","[{'x': 161, 'y': 58}, {'x': 295, 'y': 58}, {'x': 295, 'y': 119}, {'x': 161, 'y': 119}]",16:9,horizontal,50382,21:9,horizontal,8174,0.1622404827120797,positive
positive_703.jpg,/kaggle/input/musait/dataset/basket/positive_703.jpg,1,"The Role Pene
Smiling is the best way
to face every problem
statuswhatsapp.co.in","[{'x': 85, 'y': 168}, {'x': 525, 'y': 168}, {'x': 525, 'y': 384}, {'x': 85, 'y': 384}]",3:2,horizontal,238800,16:9,horizontal,95040,0.3979899497487437,positive
positive_704.jpg,/kaggle/input/musait/dataset/basket/positive_704.jpg,1,"Wish You
Happy Diwali","[{'x': 28, 'y': 68}, {'x': 318, 'y': 68}, {'x': 318, 'y': 186}, {'x': 28, 'y': 186}]",Other,other,263340,21:9,horizontal,34220,0.1299460773144983,positive
positive_705.jpg,/kaggle/input/musait/dataset/basket/positive_705.jpg,1,"HAPPY
FATHER'S
DAY
The power of a dad in a child's life
is unmatched.","[{'x': 45, 'y': 1}, {'x': 338, 'y': 1}, {'x': 338, 'y': 397}, {'x': 45, 'y': 397}]",16:9,horizontal,307500,3:4,vertical,116028,0.3773268292682927,positive
positive_706.jpg,/kaggle/input/musait/dataset/basket/positive_706.jpg,1,"TeachersDayWishes.com
HAPPY
TEACHER'S DAY
You are an amazing teacher, and
you only deserve the best.
HIOX","[{'x': 98, 'y': 64}, {'x': 1777, 'y': 64}, {'x': 1777, 'y': 1033}, {'x': 98, 'y': 1033}]",16:9,horizontal,2073600,Other,other,1626951,0.7846021412037038,positive
positive_707.jpg,/kaggle/input/musait/dataset/basket/positive_707.jpg,1,"HAPPY
66
THER
HAPPY L
FATHER'S
DAY
F
DA","[{'x': 8, 'y': 1}, {'x': 1723, 'y': 1}, {'x': 1723, 'y': 1173}, {'x': 8, 'y': 1173}]",3:2,horizontal,2163001,4:3,horizontal,2009980,0.9292552338163506,positive
positive_708.jpg,/kaggle/input/musait/dataset/basket/positive_708.jpg,1,"675
""I have chosen
to be HAPPY
because its
good for my
HEALTH""
For more Quotes: www.Inspiring Quotes.in","[{'x': 16, 'y': 212}, {'x': 430, 'y': 212}, {'x': 430, 'y': 575}, {'x': 16, 'y': 575}]",1:1,box,291500,1:1,box,150282,0.5155471698113208,positive
positive_709.jpg,/kaggle/input/musait/dataset/basket/positive_709.jpg,1,"TrueShayari.in
You only live once
but if you work right,
Once is enough.","[{'x': 17, 'y': 14}, {'x': 651, 'y': 14}, {'x': 651, 'y': 115}, {'x': 17, 'y': 115}]",3:2,horizontal,278520,Other,other,64034,0.2299080855952893,positive
positive_710.jpg,/kaggle/input/musait/dataset/basket/positive_710.jpg,1,"HAPPY
Mother's
DAY","[{'x': 34, 'y': 93}, {'x': 140, 'y': 93}, {'x': 140, 'y': 133}, {'x': 34, 'y': 133}]",3:2,horizontal,50325,Other,other,4240,0.0842523596621957,positive
positive_711.jpg,/kaggle/input/musait/dataset/basket/positive_711.jpg,1,"JnanaKadali
www.jnanakadali.com
BE HAPPY
Inapakadali
Enjoy Every Moment of
Your Life, Life is Too Short
to Weaste on Grudges.
Laugh when You Can,
Apoligze When you Should..","[{'x': 9, 'y': 29}, {'x': 993, 'y': 29}, {'x': 993, 'y': 621}, {'x': 9, 'y': 621}]",3:2,horizontal,650760,Other,other,582528,0.895150285819657,positive
positive_712.jpg,/kaggle/input/musait/dataset/basket/positive_712.jpg,1,"A dad is someone who
wants to catch you
before you fall but
instead picks you up,
brushes you off and lets
you try again.
Happy Father's Day!","[{'x': 302, 'y': 30}, {'x': 587, 'y': 30}, {'x': 587, 'y': 431}, {'x': 302, 'y': 431}]",4:3,horizontal,270000,3:4,vertical,114285,0.4232777777777777,positive
positive_713.jpg,/kaggle/input/musait/dataset/basket/positive_713.jpg,1,"Day
Happy Youth L
Share Best Wishes and Quotes","[{'x': 109, 'y': 26}, {'x': 572, 'y': 26}, {'x': 572, 'y': 217}, {'x': 109, 'y': 217}]",4:3,horizontal,367500,21:9,horizontal,88433,0.2406340136054421,positive
positive_714.jpg,/kaggle/input/musait/dataset/basket/positive_714.jpg,1,"THE SIMPLE MANTRA TO BE HAPPY
IS TO MAKE OTHERS HAPPY.
QuotesLifetime.com","[{'x': 74, 'y': 457}, {'x': 624, 'y': 457}, {'x': 624, 'y': 627}, {'x': 74, 'y': 627}]",1:1,box,490000,Other,other,93500,0.1908163265306122,positive
positive_715.jpg,/kaggle/input/musait/dataset/basket/positive_715.jpg,1,"Good Morning
Have a Great Day
www.AllQuotesicon.com","[{'x': 29, 'y': 202}, {'x': 420, 'y': 202}, {'x': 420, 'y': 355}, {'x': 29, 'y': 355}]",16:9,horizontal,230400,Other,other,59823,0.2596484375,positive
positive_716.jpg,/kaggle/input/musait/dataset/basket/positive_716.jpg,1,"66
Happy Brother's Day dear. You are
my first and forever best friend.
www.bigenter.info","[{'x': 99, 'y': 394}, {'x': 874, 'y': 394}, {'x': 874, 'y': 787}, {'x': 99, 'y': 787}]",4:3,horizontal,740720,16:9,horizontal,304575,0.4111877632573712,positive
positive_717.jpg,/kaggle/input/musait/dataset/basket/positive_717.jpg,1,"Every Child Is A Different Kind Of
Fower And All Together,
Make This World.
A Beautiful Garden
WWW.DAILYSMSCOLLECTION.IN","[{'x': 27, 'y': 3}, {'x': 394, 'y': 3}, {'x': 394, 'y': 252}, {'x': 27, 'y': 252}]",3:2,horizontal,106400,4:3,horizontal,91383,0.8588627819548872,positive
positive_718.jpg,/kaggle/input/musait/dataset/basket/positive_718.jpg,1,SUPER HAPPY,"[{'x': 5, 'y': 14}, {'x': 212, 'y': 14}, {'x': 212, 'y': 49}, {'x': 5, 'y': 49}]",1:1,box,50358,Other,other,7245,0.1438698915763136,positive
positive_719.jpg,/kaggle/input/musait/dataset/basket/positive_719.jpg,1,"SMILE AND
HAVE A GREAT DAY!
DIGITAL MOMBLOGES","[{'x': 42, 'y': 38}, {'x': 794, 'y': 38}, {'x': 794, 'y': 762}, {'x': 42, 'y': 762}]",1:1,box,640000,1:1,box,544448,0.8507,positive
positive_720.jpg,/kaggle/input/musait/dataset/basket/positive_720.jpg,1,"GOOD
NEWS
TODAY","[{'x': 219, 'y': 177}, {'x': 958, 'y': 177}, {'x': 958, 'y': 719}, {'x': 219, 'y': 719}]",16:9,horizontal,921600,4:3,horizontal,400538,0.4346115451388889,positive
positive_721.jpg,/kaggle/input/musait/dataset/basket/positive_721.jpg,1,"CHALLENGING RISKS WILL
MAKE YOU CRAVE
FOR MORE SUCCESS.
QuotesLifetime.com","[{'x': 127, 'y': 122}, {'x': 674, 'y': 122}, {'x': 674, 'y': 349}, {'x': 127, 'y': 349}]",1:1,box,640000,21:9,horizontal,124169,0.1940140625,positive
positive_722.jpg,/kaggle/input/musait/dataset/basket/positive_722.jpg,1,"GOOD
MORNING!
Wishing you a day
full of sunny smiles
and happy thoughts!
Have a Fantastic Day!","[{'x': 35, 'y': 19}, {'x': 718, 'y': 19}, {'x': 718, 'y': 634}, {'x': 35, 'y': 634}]",3:4,vertical,881265,1:1,box,420045,0.4766386955115657,positive
positive_723.jpg,/kaggle/input/musait/dataset/basket/positive_723.jpg,1,"Invaly.com
Good Morning!!
have a beautiful day","[{'x': 85, 'y': 68}, {'x': 454, 'y': 68}, {'x': 454, 'y': 489}, {'x': 85, 'y': 489}]",1:1,box,265225,1:1,box,155349,0.5857253275520784,positive
positive_724.jpg,/kaggle/input/musait/dataset/basket/positive_724.jpg,1,"THEY SAY A PERSON
NEEDS JUST THREE THINGS
TO BE TRULY HAPPY IN THIS
WORLD: SOMEONE TO
LOVE, SOMETHING TO DO,
AND SOMETHING
TO HOPE FOR.""
Tom Bodett","[{'x': 25, 'y': 72}, {'x': 453, 'y': 72}, {'x': 453, 'y': 328}, {'x': 25, 'y': 328}]",3:4,vertical,345600,Other,other,109568,0.317037037037037,positive
positive_725.jpg,/kaggle/input/musait/dataset/basket/positive_725.jpg,1,"""Be happy for this
moment.
This moment is your
life.""
Omar Khayyam
Routinely Nomadic","[{'x': 86, 'y': 83}, {'x': 686, 'y': 83}, {'x': 686, 'y': 1017}, {'x': 86, 'y': 1017}]",3:4,vertical,786432,3:4,vertical,560400,0.71258544921875,positive
positive_726.jpg,/kaggle/input/musait/dataset/basket/positive_726.jpg,1,BE HAPPY,"[{'x': 105, 'y': 322}, {'x': 424, 'y': 322}, {'x': 424, 'y': 423}, {'x': 105, 'y': 423}]",3:4,vertical,387600,Other,other,32219,0.0831243550051599,positive
positive_727.jpg,/kaggle/input/musait/dataset/basket/positive_727.jpg,1,"A POSITIVE DAY
BEGINS WITH
A POSITIVE
MINDSET.
WWW.GIRLBOSSVIBES.COM","[{'x': 73, 'y': 318}, {'x': 614, 'y': 318}, {'x': 614, 'y': 747}, {'x': 73, 'y': 747}]",3:4,vertical,699392,4:3,horizontal,232089,0.331843944454612,positive
positive_728.jpg,/kaggle/input/musait/dataset/basket/positive_728.jpg,1,"m3
ल
m
The art of
being happy is
to be satisfied
with what you
have.","[{'x': 35, 'y': 206}, {'x': 462, 'y': 206}, {'x': 462, 'y': 563}, {'x': 35, 'y': 563}]",3:4,vertical,300000,4:3,horizontal,152439,0.50813,positive
positive_729.jpg,/kaggle/input/musait/dataset/basket/positive_729.jpg,1,"POSITIVE QUOTES
QUOTE
BOLDÜ","[{'x': 69, 'y': 29}, {'x': 786, 'y': 29}, {'x': 786, 'y': 785}, {'x': 69, 'y': 785}]",1:1,box,640000,1:1,box,542052,0.84695625,positive
positive_730.jpg,/kaggle/input/musait/dataset/basket/positive_730.jpg,1,"You attract the
energy that you give off.
Spread good vibes. Think
positively. Enjoy life.
Power of Positively","[{'x': 91, 'y': 92}, {'x': 615, 'y': 92}, {'x': 615, 'y': 662}, {'x': 91, 'y': 662}]",1:1,box,497025,1:1,box,298680,0.6009355666213974,positive
positive_731.jpg,/kaggle/input/musait/dataset/basket/positive_731.jpg,1,"The secret of
being
HAPPY
Is accepting
where you are in
life
And making the
most out of
everyday
www.brainwavelove.com","[{'x': 46, 'y': 45}, {'x': 947, 'y': 45}, {'x': 947, 'y': 640}, {'x': 46, 'y': 640}]",4:3,horizontal,691200,3:2,horizontal,536095,0.7756004050925925,positive
positive_732.jpg,/kaggle/input/musait/dataset/basket/positive_732.jpg,1,"Good Morning
Start
your day
with
positive comme
energy
and happy
thoughts.","[{'x': 26, 'y': 33}, {'x': 549, 'y': 33}, {'x': 549, 'y': 463}, {'x': 26, 'y': 463}]",3:2,horizontal,427200,4:3,horizontal,224890,0.5264279026217229,positive
positive_733.jpg,/kaggle/input/musait/dataset/basket/positive_733.jpg,1,"""Being Happy
Never Goes
Out of Style""
Lilly Pulitzer","[{'x': 79, 'y': 206}, {'x': 537, 'y': 206}, {'x': 537, 'y': 587}, {'x': 79, 'y': 587}]",3:4,vertical,484704,4:3,horizontal,174498,0.3600094078035254,positive
positive_734.jpg,/kaggle/input/musait/dataset/basket/positive_734.jpg,1,"""Act as if what
you do makes a
difference. It does.""
—WILLIAM JAMES
RS","[{'x': 116, 'y': 777}, {'x': 1434, 'y': 777}, {'x': 1434, 'y': 1449}, {'x': 116, 'y': 1449}]",1:1,box,2250000,16:9,horizontal,885696,0.3936426666666666,positive
positive_735.jpg,/kaggle/input/musait/dataset/basket/positive_735.jpg,1,"Stay Positive
Stay Happy","[{'x': 146, 'y': 351}, {'x': 579, 'y': 351}, {'x': 579, 'y': 518}, {'x': 146, 'y': 518}]",1:1,box,1166400,Other,other,72311,0.0619950274348422,positive
positive_736.jpg,/kaggle/input/musait/dataset/basket/positive_736.jpg,1,"Of you stay positive
in a negative situation
you win.
HAPPY SUNDAY
HappySundayimages.com
HIOX","[{'x': 18, 'y': 31}, {'x': 886, 'y': 31}, {'x': 886, 'y': 515}, {'x': 18, 'y': 515}]",16:9,horizontal,498756,16:9,horizontal,420112,0.8423196913921838,positive
positive_737.jpg,/kaggle/input/musait/dataset/basket/positive_737.jpg,1,"It doesn't really
matter who
you used to be,
what matters
is who
FB MOTIVATIONAL QUOTES
you're becoming.
MQ","[{'x': 167, 'y': 184}, {'x': 743, 'y': 184}, {'x': 743, 'y': 797}, {'x': 167, 'y': 797}]",3:4,vertical,1080000,1:1,box,353088,0.3269333333333333,positive
positive_738.jpg,/kaggle/input/musait/dataset/basket/positive_738.jpg,1,"""Every day may
not be good...
but there is
something good
in every day.
""
ALICE MORSE EARL
HealthyPlace.com","[{'x': 102, 'y': 112}, {'x': 701, 'y': 112}, {'x': 701, 'y': 1037}, {'x': 102, 'y': 1037}]",3:4,vertical,864000,3:4,vertical,554075,0.6412905092592592,positive
positive_739.jpg,/kaggle/input/musait/dataset/basket/positive_739.jpg,1,"YOU ARE
STRONGER
THAN YOU
THINK","[{'x': 34, 'y': 30}, {'x': 137, 'y': 30}, {'x': 137, 'y': 133}, {'x': 34, 'y': 133}]",4:3,horizontal,50246,1:1,box,10609,0.2111411853679894,positive
positive_740.jpg,/kaggle/input/musait/dataset/basket/positive_740.jpg,1,"You are so much
STRONGER
Than you think","[{'x': 177, 'y': 254}, {'x': 598, 'y': 254}, {'x': 598, 'y': 437}, {'x': 177, 'y': 437}]",4:3,horizontal,294220,21:9,horizontal,77043,0.2618550744340969,positive
positive_741.jpg,/kaggle/input/musait/dataset/basket/positive_741.jpg,1,"Good
things
take
time.","[{'x': 212, 'y': 53}, {'x': 469, 'y': 53}, {'x': 469, 'y': 544}, {'x': 212, 'y': 544}]",3:2,horizontal,667000,2:3,vertical,126187,0.1891859070464767,positive
positive_742.jpg,/kaggle/input/musait/dataset/basket/positive_742.jpg,1,"""The best way to
make your
dreams come true
is to wake up.""
- Paul Valery, French poet
11
12
10
2
19
3
8
76 5","[{'x': 28, 'y': 96}, {'x': 903, 'y': 96}, {'x': 903, 'y': 485}, {'x': 28, 'y': 485}]",16:9,horizontal,663552,21:9,horizontal,340375,0.5129590446566358,positive
positive_743.jpg,/kaggle/input/musait/dataset/basket/positive_743.jpg,1,"Every day is a fresh start,
wake up with a thankful heart.","[{'x': 110, 'y': 55}, {'x': 476, 'y': 55}, {'x': 476, 'y': 112}, {'x': 110, 'y': 112}]",3:2,horizontal,249696,Other,other,20862,0.0835495963091118,positive
positive_744.jpg,/kaggle/input/musait/dataset/basket/positive_744.jpg,1,"66
A LITTLE
PROGRESS
EACH DAY
ADDS UP TO
BIG
RESULTS
99","[{'x': 311, 'y': 186}, {'x': 1219, 'y': 186}, {'x': 1219, 'y': 1230}, {'x': 311, 'y': 1230}]",1:1,box,2250000,1:1,box,947952,0.421312,positive
positive_745.jpg,/kaggle/input/musait/dataset/basket/positive_745.jpg,1,"A great
ATTITUDE
becomes
a great DAY
WHICH
becomes
a greaT
YEAR","[{'x': 218, 'y': 261}, {'x': 593, 'y': 261}, {'x': 593, 'y': 829}, {'x': 218, 'y': 829}]",3:4,vertical,786432,3:4,vertical,213000,0.270843505859375,positive
positive_746.jpg,/kaggle/input/musait/dataset/basket/positive_746.jpg,1,"THINK POSITIVELY
YOU WILL NEVER LOSE
BECAUSE POSITIVITY
ALWAYS WINS.
Quotes Lifetime.com","[{'x': 82, 'y': 99}, {'x': 471, 'y': 99}, {'x': 471, 'y': 437}, {'x': 82, 'y': 437}]",1:1,box,640000,5:4,horizontal,131482,0.205440625,positive
positive_747.jpg,/kaggle/input/musait/dataset/basket/positive_747.jpg,1,"A POSITIVE VIBE
CAN SORT ALL OF
YOUR PROBLEMS.
QuotesLifetime.com","[{'x': 220, 'y': 123}, {'x': 580, 'y': 123}, {'x': 580, 'y': 425}, {'x': 220, 'y': 425}]",1:1,box,640000,4:3,horizontal,108720,0.169875,positive
positive_748.jpg,/kaggle/input/musait/dataset/basket/positive_748.jpg,1,"""Believe you
can and you're
halfway there.”
-THEODORE ROOSEVELT
RS","[{'x': 270, 'y': 810}, {'x': 1435, 'y': 810}, {'x': 1435, 'y': 1449}, {'x': 270, 'y': 1449}]",1:1,box,2250000,16:9,horizontal,744435,0.33086,positive
positive_749.jpg,/kaggle/input/musait/dataset/basket/positive_749.jpg,1,"The mind is
everything. What you
think you become.
Buddha
EVERYDAY POWER","[{'x': 53, 'y': 143}, {'x': 395, 'y': 143}, {'x': 395, 'y': 421}, {'x': 53, 'y': 421}]",1:1,box,202500,4:3,horizontal,95076,0.4695111111111111,positive
positive_750.jpg,/kaggle/input/musait/dataset/basket/positive_750.jpg,1,"All things are difficult
before they are easy.
Thomas Fuller
quotefancy","[{'x': 559, 'y': 657}, {'x': 3270, 'y': 657}, {'x': 3270, 'y': 1811}, {'x': 559, 'y': 1811}]",16:9,horizontal,8294400,21:9,horizontal,3128494,0.3771814718364197,positive
positive_751.jpg,/kaggle/input/musait/dataset/basket/positive_751.jpg,1,"Think positive,
be positive and positive
things will happen.,,
WishesMsg.com","[{'x': 48, 'y': 56}, {'x': 644, 'y': 56}, {'x': 644, 'y': 509}, {'x': 48, 'y': 509}]",4:3,horizontal,334750,4:3,horizontal,269988,0.8065362210604929,positive
positive_752.jpg,/kaggle/input/musait/dataset/basket/positive_752.jpg,1,"A positive mindset
brings positive things.","[{'x': 122, 'y': 20}, {'x': 286, 'y': 20}, {'x': 286, 'y': 56}, {'x': 122, 'y': 56}]",16:9,horizontal,50400,Other,other,5904,0.1171428571428571,positive
positive_753.jpg,/kaggle/input/musait/dataset/basket/positive_753.jpg,1,"AN ULTIMATE COLLECTION
POSITIVE
THOUGHTS
To Change Your Negative Mindset
SWAN OLIGHT
EDITED BY: S. B. KHANDARE","[{'x': 113, 'y': 184}, {'x': 571, 'y': 184}, {'x': 571, 'y': 585}, {'x': 113, 'y': 585}]",3:4,vertical,667000,1:1,box,183658,0.2753493253373313,positive
positive_754.jpg,/kaggle/input/musait/dataset/basket/positive_754.jpg,1,"""Inspiration comes from
within yourself. One has
to be positive. When
you're positive, good
things happen.""
-
Deep Roy
Routinely Nomadic","[{'x': 82, 'y': 82}, {'x': 685, 'y': 82}, {'x': 685, 'y': 1007}, {'x': 82, 'y': 1007}]",3:4,vertical,786432,3:4,vertical,557775,0.7092475891113281,positive
positive_755.jpg,/kaggle/input/musait/dataset/basket/positive_755.jpg,1,"Parade
""Because of your
smile, you make life
more beautiful.'
- Thich Nhat Hanh
""","[{'x': 211, 'y': 69}, {'x': 988, 'y': 69}, {'x': 988, 'y': 1147}, {'x': 211, 'y': 1147}]",1:1,box,1440000,3:4,vertical,837606,0.5816708333333334,positive
positive_756.jpg,/kaggle/input/musait/dataset/basket/positive_756.jpg,1,"Our strength
grows out of our
weakness.
Emerson
Bestlifehayat
Lifehayat.com","[{'x': 210, 'y': 344}, {'x': 853, 'y': 344}, {'x': 853, 'y': 910}, {'x': 210, 'y': 910}]",1:1,box,989184,1:1,box,363938,0.3679173945393375,positive
positive_757.jpg,/kaggle/input/musait/dataset/basket/positive_757.jpg,1,"""If you stay
positive in a
negative
situation,
you win.""","[{'x': 89, 'y': 87}, {'x': 290, 'y': 87}, {'x': 290, 'y': 298}, {'x': 89, 'y': 298}]",1:1,box,160800,1:1,box,42411,0.26375,positive
positive_758.jpg,/kaggle/input/musait/dataset/basket/positive_758.jpg,1,"Positive thoughts lead to
positive results.
Maria V. Snyder
CoolNSmart.com","[{'x': 151, 'y': 216}, {'x': 707, 'y': 216}, {'x': 707, 'y': 587}, {'x': 151, 'y': 587}]",3:2,horizontal,540000,3:2,horizontal,206276,0.3819925925925926,positive
positive_759.jpg,/kaggle/input/musait/dataset/basket/positive_759.jpg,1,"""A
positive attitude will
get you positive results.""
Moses Chikoti
Photography
Dr Moses Simuyemba","[{'x': 44, 'y': 34}, {'x': 827, 'y': 34}, {'x': 827, 'y': 625}, {'x': 44, 'y': 625}]",4:3,horizontal,559872,4:3,horizontal,462753,0.8265335648148148,positive
positive_760.jpg,/kaggle/input/musait/dataset/basket/positive_760.jpg,1,"POSITIVE THOUGHTS CAN
CHANGE YOUR WHOLE
DAY AND POSITIVE
MINDSET CAN CHANGE
YOUR WHOLE LIFE.
-ANONYMOUS
QUOTESPEDIA.ORG","[{'x': 208, 'y': 170}, {'x': 2333, 'y': 170}, {'x': 2333, 'y': 1596}, {'x': 208, 'y': 1596}]",3:2,horizontal,4096000,3:2,horizontal,3030250,0.73980712890625,positive
positive_761.jpg,/kaggle/input/musait/dataset/basket/positive_761.jpg,1,"""Plant beautiful thoughts
in your mind, to
create beauty
in your life.
Dr Moses Simuyemba
Moses Chikoti
Photography","[{'x': 23, 'y': 31}, {'x': 896, 'y': 31}, {'x': 896, 'y': 593}, {'x': 23, 'y': 593}]",3:2,horizontal,567030,3:2,horizontal,490626,0.8652558065710809,positive
positive_762.jpg,/kaggle/input/musait/dataset/basket/positive_762.jpg,1,"We're in each others's
life for a reason.
Thanks for
showing up","[{'x': 61, 'y': 230}, {'x': 430, 'y': 230}, {'x': 430, 'y': 413}, {'x': 61, 'y': 413}]",3:4,vertical,383904,16:9,horizontal,67527,0.175895536384096,positive
positive_763.jpg,/kaggle/input/musait/dataset/basket/positive_763.jpg,1,"GOOD THINGS WILL
HAPPEN IN YOUR LIFE,
BUT FIRST YOU HAVE
TO BELIEVE SO. BE
POSITIVE.
Routinely Nomadic","[{'x': 91, 'y': 105}, {'x': 680, 'y': 105}, {'x': 680, 'y': 1008}, {'x': 91, 'y': 1008}]",3:4,vertical,786432,3:4,vertical,531867,0.6763038635253906,positive
positive_764.jpg,/kaggle/input/musait/dataset/basket/positive_764.jpg,1,"pik
freepik
freepik
freepik
THOUGHTS
GROW
*
POS
freepik","[{'x': 323, 'y': 121}, {'x': 1463, 'y': 121}, {'x': 1463, 'y': 1835}, {'x': 323, 'y': 1835}]",1:1,box,4000000,3:4,vertical,1953960,0.48849,positive
positive_765.jpg,/kaggle/input/musait/dataset/basket/positive_765.jpg,1,"Once I knew you
I never wanted to know anyone else.
Leo Christopher
Your Lango","[{'x': 267, 'y': 297}, {'x': 931, 'y': 297}, {'x': 931, 'y': 577}, {'x': 267, 'y': 577}]",16:9,horizontal,718800,21:9,horizontal,185920,0.2586533110740122,positive
positive_766.jpg,/kaggle/input/musait/dataset/basket/positive_766.jpg,1,"It is never too late to be
who you might have been.
George Elliot
sourcesofinsight.com","[{'x': 141, 'y': 17}, {'x': 812, 'y': 17}, {'x': 812, 'y': 540}, {'x': 141, 'y': 540}]",3:2,horizontal,476861,4:3,horizontal,350933,0.7359230467578602,positive
positive_767.jpg,/kaggle/input/musait/dataset/basket/positive_767.jpg,1,"The more you feed
your mind with positive
thoughts, the more you
attract great things into
your life.
Lifehayat.com","[{'x': 355, 'y': 365}, {'x': 963, 'y': 365}, {'x': 963, 'y': 1021}, {'x': 355, 'y': 1021}]",1:1,box,1166400,1:1,box,398848,0.3419478737997256,positive
positive_768.jpg,/kaggle/input/musait/dataset/basket/positive_768.jpg,1,"Today's GOAL:
DON'T FORGET TO
BE AWESOME!
->>>","[{'x': 76, 'y': 37}, {'x': 209, 'y': 37}, {'x': 209, 'y': 124}, {'x': 76, 'y': 124}]",3:2,horizontal,50552,3:2,horizontal,11571,0.2288930210476341,positive
positive_769.jpg,/kaggle/input/musait/dataset/basket/positive_769.jpg,1,"It doesn't really
matter who
you used to be,
what matters
is who
FB MOTIVATIONAL QUOTES
you're becoming.
MQ","[{'x': 167, 'y': 184}, {'x': 743, 'y': 184}, {'x': 743, 'y': 797}, {'x': 167, 'y': 797}]",3:4,vertical,1080000,1:1,box,353088,0.3269333333333333,positive
positive_770.jpg,/kaggle/input/musait/dataset/basket/positive_770.jpg,1,"WORK HARD
IN SILENCE;
LET SUCCESS
MAKE THE
NOISE.","[{'x': 123, 'y': 131}, {'x': 474, 'y': 131}, {'x': 474, 'y': 500}, {'x': 123, 'y': 500}]",1:1,box,374544,1:1,box,129519,0.3458044982698962,positive
positive_771.jpg,/kaggle/input/musait/dataset/basket/positive_771.jpg,1,"Conquer yourself and the
whole universe is yours.
-Swami Vivekanand
motivation.kamkibat.com","[{'x': 67, 'y': 366}, {'x': 714, 'y': 366}, {'x': 714, 'y': 967}, {'x': 67, 'y': 967}]",1:1,box,1000000,1:1,box,388847,0.388847,positive
positive_772.jpg,/kaggle/input/musait/dataset/basket/positive_772.jpg,1,"Every day is a fresh start,
wake up with a thankful heart.","[{'x': 110, 'y': 55}, {'x': 476, 'y': 55}, {'x': 476, 'y': 112}, {'x': 110, 'y': 112}]",3:2,horizontal,249696,Other,other,20862,0.0835495963091118,positive
positive_773.jpg,/kaggle/input/musait/dataset/basket/positive_773.jpg,1,"FAILURE
IS NOT THE OPPOSITE OF
SUCCESS.
IT IS PART OF
SUCCESS.","[{'x': 25, 'y': 53}, {'x': 271, 'y': 53}, {'x': 271, 'y': 113}, {'x': 25, 'y': 113}]",16:9,horizontal,50400,Other,other,14760,0.2928571428571428,positive
positive_774.jpg,/kaggle/input/musait/dataset/basket/positive_774.jpg,1,"THINK LIKE
A PROTON,
ALWAYS
POSITIVE
Fetch
C
great
Quotes","[{'x': 57, 'y': 83}, {'x': 368, 'y': 83}, {'x': 368, 'y': 738}, {'x': 57, 'y': 738}]",1:1,box,611499,9:16,vertical,203705,0.3331240116500599,positive
positive_775.jpg,/kaggle/input/musait/dataset/basket/positive_775.jpg,1,"S
VK
PROGRESS HAS LITTLE
300 32TO DO WITH SPEED,
NW BUT MUCH TO DO
WITH DIRECTION.
Unknown
3
OL.08
40 60
NE
MARE
PACIFI-
cv M.","[{'x': 0, 'y': 4}, {'x': 999, 'y': 4}, {'x': 999, 'y': 1023}, {'x': 0, 'y': 1023}]",1:1,box,1048576,1:1,box,1017981,0.9708223342895508,positive
positive_776.jpg,/kaggle/input/musait/dataset/basket/positive_776.jpg,1,"STOCK
BIGS
BIGST
BIG
STOCK
BIGST
THE BEST
BIG
STOCK
BIGSTOCK
BIG
BIGSTOCK
VIEW
COMES
BIG
AFTER
BIGSTOCK
MOCK
THE
BIG
BIGSTOCK
BIG
HARDEST
BIGSTOCK
CLIMB
BIGS
BIGSTOCK
BIGSTOCK
Image ID: 385623743
bigstock.com
BIGSTOCK","[{'x': 0, 'y': 0}, {'x': 1458, 'y': 0}, {'x': 1458, 'y': 1582}, {'x': 0, 'y': 1582}]",1:1,box,2428500,1:1,box,2306556,0.949786287831995,positive
positive_777.jpg,/kaggle/input/musait/dataset/basket/positive_777.jpg,1,"THINGS MAY COME TO
THOSE WHO WAIT,
BUT ONLY THE THINGS
LEFT BY THOSE WHO
HUSTLE.
Abraham Lincoln","[{'x': 102, 'y': 130}, {'x': 903, 'y': 130}, {'x': 903, 'y': 614}, {'x': 102, 'y': 614}]",1:1,box,1048576,Other,other,387684,0.3697242736816406,positive
positive_778.jpg,/kaggle/input/musait/dataset/basket/positive_778.jpg,1,"The trick is to enjoy life.
Don't wish away your days,
waiting for better ones ahead.
MARJORIE PAY HINCKLEY
Your Lango","[{'x': 314, 'y': 220}, {'x': 883, 'y': 220}, {'x': 883, 'y': 579}, {'x': 314, 'y': 579}]",16:9,horizontal,718800,3:2,horizontal,204271,0.2841833611574847,positive
positive_779.jpg,/kaggle/input/musait/dataset/basket/positive_779.jpg,1,"""YOU NEVER
FAIL UNTIL YOU
STOP TRYING.""
-
- ALBERT EINSTEIN
Routinely Nomadic","[{'x': 107, 'y': 69}, {'x': 662, 'y': 69}, {'x': 662, 'y': 1017}, {'x': 107, 'y': 1017}]",3:4,vertical,786432,2:3,vertical,526140,0.6690216064453125,positive
positive_780.jpg,/kaggle/input/musait/dataset/basket/positive_780.jpg,1,"66
""It's failure that gives you
the proper perspective on
success.""
Ellen DeGeneres","[{'x': 78, 'y': 104}, {'x': 598, 'y': 104}, {'x': 598, 'y': 463}, {'x': 78, 'y': 463}]",16:9,horizontal,663552,4:3,horizontal,186680,0.2813343942901234,positive
positive_781.jpg,/kaggle/input/musait/dataset/basket/positive_781.jpg,1,"DARE TO LIVE
the life
YOU'VE ALWAYS
WANTED","[{'x': 649, 'y': 362}, {'x': 1326, 'y': 362}, {'x': 1326, 'y': 967}, {'x': 649, 'y': 967}]",3:2,horizontal,2666000,1:1,box,409585,0.1536327831957989,positive
positive_782.jpg,/kaggle/input/musait/dataset/basket/positive_782.jpg,1,"I WON'T
GIVE UP","[{'x': 51, 'y': 45}, {'x': 373, 'y': 45}, {'x': 373, 'y': 201}, {'x': 51, 'y': 201}]",3:2,horizontal,164000,2:1,horizontal,50232,0.3062926829268292,positive
positive_783.jpg,/kaggle/input/musait/dataset/basket/positive_783.jpg,1,"""NEVER LEAVE THAT
TILL TOMORROW
WHICH YOU CAN
DO TODAY.""
- BENJAMIN FRANKLIN
Routinely Nomadic","[{'x': 88, 'y': 139}, {'x': 669, 'y': 139}, {'x': 669, 'y': 1020}, {'x': 88, 'y': 1020}]",3:4,vertical,786432,3:4,vertical,511861,0.6508649190266927,positive
positive_784.jpg,/kaggle/input/musait/dataset/basket/positive_784.jpg,1,"If you can dream it, you can do it.
NEVER GIVE UP","[{'x': 62, 'y': 199}, {'x': 500, 'y': 199}, {'x': 500, 'y': 288}, {'x': 62, 'y': 288}]",3:2,horizontal,516560,Other,other,38982,0.0754646120489391,positive
positive_785.jpg,/kaggle/input/musait/dataset/basket/positive_785.jpg,1,"NOTHING
worth
HAVING COMES
EASY","[{'x': 320, 'y': 53}, {'x': 469, 'y': 53}, {'x': 469, 'y': 187}, {'x': 320, 'y': 187}]",1:1,box,250000,1:1,box,19966,0.079864,positive
positive_786.jpg,/kaggle/input/musait/dataset/basket/positive_786.jpg,1,"*
TECHWEK.COM
""It's a new day!
I will win,
strive and
conquer.""","[{'x': 27, 'y': 150}, {'x': 577, 'y': 150}, {'x': 577, 'y': 769}, {'x': 27, 'y': 769}]",3:4,vertical,480000,1:1,box,340450,0.7092708333333333,positive
positive_787.jpg,/kaggle/input/musait/dataset/basket/positive_787.jpg,1,"GO WHERE
YOU FEEL THE
MOST ALIVE
shutterstock.com .2199325451","[{'x': 97, 'y': 82}, {'x': 340, 'y': 82}, {'x': 340, 'y': 277}, {'x': 97, 'y': 277}]",4:3,horizontal,97160,4:3,horizontal,47385,0.4877006998764924,positive
positive_788.jpg,/kaggle/input/musait/dataset/basket/positive_788.jpg,1,"""I'd rather
regret the
things I've done
than regret
the things I
haven't done""
- Lucille Ball","[{'x': 659, 'y': 122}, {'x': 1139, 'y': 122}, {'x': 1139, 'y': 672}, {'x': 659, 'y': 672}]",3:2,horizontal,960000,1:1,box,264000,0.275,positive
positive_789.jpg,/kaggle/input/musait/dataset/basket/positive_789.jpg,1,"Just one
small positive
thought
in the morning
can change
your whole day.","[{'x': 235, 'y': 178}, {'x': 587, 'y': 178}, {'x': 587, 'y': 505}, {'x': 235, 'y': 505}]",3:2,horizontal,426400,1:1,box,115104,0.2699437148217636,positive
positive_790.jpg,/kaggle/input/musait/dataset/basket/positive_790.jpg,1,"Hello
Monday!
New Monday
New Week
New Start
New Goals","[{'x': 129, 'y': 47}, {'x': 497, 'y': 47}, {'x': 497, 'y': 240}, {'x': 129, 'y': 240}]",16:9,horizontal,169332,16:9,horizontal,71024,0.4194363735147521,positive
positive_791.jpg,/kaggle/input/musait/dataset/basket/positive_791.jpg,1,"O BrightDrops
Life is like
photography.
You use the
negatives to
develop.
Ziad K. Abdelnour","[{'x': 227, 'y': 97}, {'x': 983, 'y': 97}, {'x': 983, 'y': 854}, {'x': 227, 'y': 854}]",3:4,vertical,2025600,1:1,box,572292,0.2825296208530806,positive
positive_792.jpg,/kaggle/input/musait/dataset/basket/positive_792.jpg,1,"66
Impossible
is for
the unwilling.
www.rishikajain.com","[{'x': 25, 'y': 113}, {'x': 205, 'y': 113}, {'x': 205, 'y': 323}, {'x': 25, 'y': 323}]",1:1,box,260000,1:1,box,37800,0.1453846153846154,positive
positive_793.jpg,/kaggle/input/musait/dataset/basket/positive_793.jpg,1,"English Quotes
Latest Collection of Quotes
Let us always meet
each other with a smile,
for the smile is the
beginning of love.
aa
- Mother Teresa
www.theenglishquotes.com","[{'x': 36, 'y': 15}, {'x': 681, 'y': 15}, {'x': 681, 'y': 990}, {'x': 36, 'y': 990}]",1:1,box,1000000,3:4,vertical,628875,0.628875,positive
positive_794.jpg,/kaggle/input/musait/dataset/basket/positive_794.jpg,1,"""A smile is a
curve that sets
everything
straight.'
- Phyllis Diller
Parade","[{'x': 313, 'y': 202}, {'x': 1150, 'y': 202}, {'x': 1150, 'y': 1151}, {'x': 313, 'y': 1151}]",1:1,box,1440000,1:1,box,794313,0.55160625,positive
positive_795.jpg,/kaggle/input/musait/dataset/basket/positive_795.jpg,1,"103 Smile Quotes
To Make Your Day
Better","[{'x': 230, 'y': 215}, {'x': 984, 'y': 215}, {'x': 984, 'y': 470}, {'x': 230, 'y': 470}]",16:9,horizontal,810000,Other,other,192270,0.2373703703703703,positive
positive_796.jpg,/kaggle/input/musait/dataset/basket/positive_796.jpg,1,"Always wear a smile,
because your
smile is a
reason for
many others
to smile
Winnie The Pooh
KEVMRC.COM","[{'x': 4, 'y': 0}, {'x': 618, 'y': 0}, {'x': 618, 'y': 938}, {'x': 4, 'y': 938}]",3:4,vertical,633750,3:4,vertical,575932,0.9087684418145956,positive
positive_797.jpg,/kaggle/input/musait/dataset/basket/positive_797.jpg,1,"The smile of
God is victory.
linepoetry.com","[{'x': 21, 'y': 98}, {'x': 279, 'y': 98}, {'x': 279, 'y': 374}, {'x': 21, 'y': 374}]",1:1,box,160801,1:1,box,71208,0.4428330669585388,positive
positive_798.jpg,/kaggle/input/musait/dataset/basket/positive_798.jpg,1,"Smile at strangers
and you just might
change a life.
Steve Maraboli
EVERYDAY POWER","[{'x': 75, 'y': 137}, {'x': 375, 'y': 137}, {'x': 375, 'y': 421}, {'x': 75, 'y': 421}]",1:1,box,202500,1:1,box,85200,0.4207407407407407,positive
positive_799.jpg,/kaggle/input/musait/dataset/basket/positive_799.jpg,1,"A
Your smile
conquers my
heart
Pure Love Quotes.com","[{'x': 38, 'y': 17}, {'x': 622, 'y': 17}, {'x': 622, 'y': 734}, {'x': 38, 'y': 734}]",1:1,box,499800,3:4,vertical,418728,0.8377911164465787,positive
positive_800.jpg,/kaggle/input/musait/dataset/basket/positive_800.jpg,1,"Share your smile
with the world. It's a
symbol of friendship
and peace.
Christie Brinkley
EVERYDAY POWER","[{'x': 57, 'y': 110}, {'x': 391, 'y': 110}, {'x': 391, 'y': 421}, {'x': 57, 'y': 421}]",1:1,box,202500,1:1,box,103874,0.512958024691358,positive
positive_801.jpg,/kaggle/input/musait/dataset/basket/positive_801.jpg,1,"A smile is happiness
you'll find right
under your nose.","[{'x': 185, 'y': 698}, {'x': 847, 'y': 698}, {'x': 847, 'y': 969}, {'x': 185, 'y': 969}]",1:1,box,1166400,21:9,horizontal,179402,0.1538082990397805,positive
positive_802.jpg,/kaggle/input/musait/dataset/basket/positive_802.jpg,1,"Happiness is
everything the little things
in life.","[{'x': 211, 'y': 225}, {'x': 876, 'y': 225}, {'x': 876, 'y': 442}, {'x': 211, 'y': 442}]",1:1,box,1166400,Other,other,144305,0.1237182784636488,positive
positive_803.jpg,/kaggle/input/musait/dataset/basket/positive_803.jpg,1,"The
ones with wisdom
don't take life too seriously.
Maxime Lagacé","[{'x': 135, 'y': 188}, {'x': 1063, 'y': 188}, {'x': 1063, 'y': 444}, {'x': 135, 'y': 444}]",16:9,horizontal,756000,Other,other,237568,0.3142433862433862,positive
positive_804.jpg,/kaggle/input/musait/dataset/basket/positive_804.jpg,1,"USE YOUR SMILE TO
CHANGE THIS WORLD,
BUT DON'T LET
THIS WORLD
CHANGE
YOUR SMILE.
For more Quotes: www.Inspiring Quotes.in","[{'x': 5, 'y': 39}, {'x': 406, 'y': 39}, {'x': 406, 'y': 499}, {'x': 5, 'y': 499}]",4:3,horizontal,362880,1:1,box,184460,0.5083223104056437,positive
positive_805.jpg,/kaggle/input/musait/dataset/basket/positive_805.jpg,1,"KEEP SMILING, BECAUSE LIFE
IS A BEAUTIFUL THING
AND THERE'S SO MUCH TO
SMILE ABOUT.
-MARILYN MONROE
QUOTESPEDIA.ORG","[{'x': 128, 'y': 539}, {'x': 2399, 'y': 539}, {'x': 2399, 'y': 1595}, {'x': 128, 'y': 1595}]",3:2,horizontal,4096000,Other,other,2398176,0.5854921875,positive
positive_806.jpg,/kaggle/input/musait/dataset/basket/positive_806.jpg,1,"English Quotes
Latest Collection of Quotes
୧୧
Nothing shakes
the smiling heart. ǝa
-
- Santosh Kalwar
aa
'www.theenglishquotes.com","[{'x': 49, 'y': 15}, {'x': 987, 'y': 15}, {'x': 987, 'y': 989}, {'x': 49, 'y': 989}]",1:1,box,1000000,1:1,box,913612,0.913612,positive
positive_807.jpg,/kaggle/input/musait/dataset/basket/positive_807.jpg,1,"A smile is a friend
maker.
Bangambiki Habyarimana
EVERYDAY POWER","[{'x': 76, 'y': 169}, {'x': 374, 'y': 169}, {'x': 374, 'y': 422}, {'x': 76, 'y': 422}]",1:1,box,202500,5:4,horizontal,75394,0.372316049382716,positive
positive_808.jpg,/kaggle/input/musait/dataset/basket/positive_808.jpg,1,"A perfect day is
when the soul smile.","[{'x': 325, 'y': 838}, {'x': 919, 'y': 838}, {'x': 919, 'y': 983}, {'x': 325, 'y': 983}]",1:1,box,1166400,Other,other,86130,0.0738425925925926,positive
positive_809.jpg,/kaggle/input/musait/dataset/basket/positive_809.jpg,1,"""Have you bring
smile on someone's
face today? Do it
and see the
difference in your
life."" -Invajy","[{'x': 151, 'y': 15}, {'x': 298, 'y': 15}, {'x': 298, 'y': 140}, {'x': 151, 'y': 140}]",3:2,horizontal,56400,5:4,horizontal,18375,0.3257978723404255,positive
positive_810.jpg,/kaggle/input/musait/dataset/basket/positive_810.jpg,1,"ALL THE
STATISTICS IN
THE WORLD
CAN'T MEASURE
THE WARMTH
OF A SMILE.
CHRIS HART
HAPPIERHUMAN.COM","[{'x': 18, 'y': 42}, {'x': 165, 'y': 42}, {'x': 165, 'y': 274}, {'x': 18, 'y': 274}]",3:4,vertical,50325,3:4,vertical,34104,0.6776751117734724,positive
positive_811.jpg,/kaggle/input/musait/dataset/basket/positive_811.jpg,1,"You have a smile that
is so bright that it puts
the sun to shame.
linepoetry.com","[{'x': 58, 'y': 43}, {'x': 343, 'y': 43}, {'x': 343, 'y': 373}, {'x': 58, 'y': 373}]",1:1,box,160801,1:1,box,94050,0.5848844223605575,positive
positive_812.jpg,/kaggle/input/musait/dataset/basket/positive_812.jpg,1,"A SMILE IS
HAPPINESS YOU'LL
FIND RIGHT UNDER
YOUR NOSE.
TOM WILSON
Lifehack","[{'x': 97, 'y': 372}, {'x': 641, 'y': 372}, {'x': 641, 'y': 1045}, {'x': 97, 'y': 1045}]",3:4,vertical,809970,3:4,vertical,366112,0.4520068644517698,positive
positive_813.jpg,/kaggle/input/musait/dataset/basket/positive_813.jpg,1,"There is fear when
frowning. There is
love when smiling.
linepoetry.com","[{'x': 26, 'y': 35}, {'x': 292, 'y': 35}, {'x': 292, 'y': 373}, {'x': 26, 'y': 373}]",1:1,box,160801,3:4,vertical,89908,0.5591258760828601,positive
positive_814.jpg,/kaggle/input/musait/dataset/basket/positive_814.jpg,1,"English Quotes
Latest Collection of Quotes
A warm smile
is the universal language
of kindness.
- William Arthur Ward
aa
www.theenglishquotes.com","[{'x': 40, 'y': 15}, {'x': 681, 'y': 15}, {'x': 681, 'y': 989}, {'x': 40, 'y': 989}]",1:1,box,1000000,3:4,vertical,624334,0.624334,positive
positive_815.jpg,/kaggle/input/musait/dataset/basket/positive_815.jpg,1,"When I saw you
I fell in love
and you smiled
because you knew
WWW.ARAIOFLIGHT.COM","[{'x': 70, 'y': 267}, {'x': 425, 'y': 267}, {'x': 425, 'y': 742}, {'x': 70, 'y': 742}]",3:4,vertical,375000,3:4,vertical,168625,0.4496666666666666,positive
positive_816.jpg,/kaggle/input/musait/dataset/basket/positive_816.jpg,1,"KEEPINSPIRING.ME
66
Smile is
the beauty of
the soul.
-
- Lailah Gifty Akita -","[{'x': 124, 'y': 92}, {'x': 620, 'y': 92}, {'x': 620, 'y': 1026}, {'x': 124, 'y': 1026}]",3:4,vertical,808500,2:3,vertical,463264,0.5729919604205318,positive
positive_817.jpg,/kaggle/input/musait/dataset/basket/positive_817.jpg,1,"Don't let someone snatch
your smile!","[{'x': 266, 'y': 775}, {'x': 1018, 'y': 775}, {'x': 1018, 'y': 924}, {'x': 266, 'y': 924}]",1:1,box,1166400,Other,other,112048,0.0960631001371742,positive
positive_818.jpg,/kaggle/input/musait/dataset/basket/positive_818.jpg,1,"""It takes a lot of
energy to be
negative. You
have to work at
it. But smiling is
painless. I'd
rather spend my
energy smiling.""
1000
Eric Davis
HAPPIERHUMAN.COM
66","[{'x': 90, 'y': 83}, {'x': 734, 'y': 83}, {'x': 734, 'y': 1084}, {'x': 90, 'y': 1084}]",3:4,vertical,809970,3:4,vertical,644644,0.7958862673926195,positive
positive_819.jpg,/kaggle/input/musait/dataset/basket/positive_819.jpg,1,"Smile at the
obstacle, for it
is a bridge.
Medusa The Poet
EVERYDAYPOWER","[{'x': 49, 'y': 161}, {'x': 870, 'y': 161}, {'x': 870, 'y': 870}, {'x': 49, 'y': 870}]",1:1,box,853776,5:4,horizontal,582089,0.6817818725286258,positive
positive_820.jpg,/kaggle/input/musait/dataset/basket/positive_820.jpg,1,"Smile! It increases
your face value.
-Robert Harling
Quotesjin.Com","[{'x': 193, 'y': 26}, {'x': 470, 'y': 26}, {'x': 470, 'y': 312}, {'x': 193, 'y': 312}]",4:3,horizontal,163200,1:1,box,79222,0.4854289215686274,positive
positive_821.jpg,/kaggle/input/musait/dataset/basket/positive_821.jpg,1,"""A smile is a curve that sets
everything straight.""- Phyllis Diller
invay.com","[{'x': 21, 'y': 2}, {'x': 280, 'y': 2}, {'x': 280, 'y': 188}, {'x': 21, 'y': 188}]",3:2,horizontal,60000,4:3,horizontal,48174,0.8029,positive
positive_822.jpg,/kaggle/input/musait/dataset/basket/positive_822.jpg,1,"You'll find that life
is still worthwhile
if you just smile.
Charlie Chaplin
EVERYDAY POWER","[{'x': 78, 'y': 142}, {'x': 373, 'y': 142}, {'x': 373, 'y': 421}, {'x': 78, 'y': 421}]",1:1,box,202500,1:1,box,82305,0.4064444444444444,positive
positive_823.jpg,/kaggle/input/musait/dataset/basket/positive_823.jpg,1,"QUOTES HINDI ENGLISH
""Because of your
smile, you make life
more beautiful.""
- Thich Nhat Hanh","[{'x': 86, 'y': 26}, {'x': 277, 'y': 26}, {'x': 277, 'y': 137}, {'x': 86, 'y': 137}]",16:9,horizontal,50400,Other,other,21201,0.4206547619047619,positive
positive_824.jpg,/kaggle/input/musait/dataset/basket/positive_824.jpg,1,"YOU MAKE ME
SMILE, LAUGH AND HAPPY.
WITH YOU EVERYTHING
MAKES PERFECT SENSE.
My Dear Valentine","[{'x': 26, 'y': 252}, {'x': 571, 'y': 252}, {'x': 571, 'y': 472}, {'x': 26, 'y': 472}]",1:1,box,360000,21:9,horizontal,119900,0.3330555555555555,positive
positive_825.jpg,/kaggle/input/musait/dataset/basket/positive_825.jpg,1,"Your smile may be the
only smile a child sees
today. Smile a lot.
linepoetry.com","[{'x': 25, 'y': 24}, {'x': 376, 'y': 24}, {'x': 376, 'y': 322}, {'x': 25, 'y': 322}]",1:1,box,160801,5:4,horizontal,104598,0.6504810293468324,positive
positive_826.jpg,/kaggle/input/musait/dataset/basket/positive_826.jpg,1,"""Smiling is the best way to
face every problem, to crush
every fear and to hide every
pain."" - Invajy","[{'x': 43, 'y': 28}, {'x': 258, 'y': 28}, {'x': 258, 'y': 93}, {'x': 43, 'y': 93}]",16:9,horizontal,48600,Other,other,13975,0.2875514403292181,positive
positive_827.jpg,/kaggle/input/musait/dataset/basket/positive_827.jpg,1,"Smiling is the best way to face
every problem, to crush every fear,
to hide every pain.","[{'x': 131, 'y': 226}, {'x': 609, 'y': 226}, {'x': 609, 'y': 382}, {'x': 131, 'y': 382}]",3:4,vertical,656512,Other,other,74568,0.113582082277247,positive
positive_828.jpg,/kaggle/input/musait/dataset/basket/positive_828.jpg,1,"66
Smile, it's free
therapy.","[{'x': 84, 'y': 110}, {'x': 411, 'y': 110}, {'x': 411, 'y': 348}, {'x': 84, 'y': 348}]",1:1,box,231000,4:3,horizontal,77826,0.3369090909090909,positive
positive_829.jpg,/kaggle/input/musait/dataset/basket/positive_829.jpg,1,"A SMILE IS THE
EASIEST GIFT
TO GIVE.
Routinely Nomadic","[{'x': 104, 'y': 447}, {'x': 673, 'y': 447}, {'x': 673, 'y': 1015}, {'x': 104, 'y': 1015}]",3:4,vertical,786432,1:1,box,323192,0.4109598795572917,positive
positive_830.jpg,/kaggle/input/musait/dataset/basket/positive_830.jpg,1,"""Be the reason
someone
smiles today.""","[{'x': 60, 'y': 74}, {'x': 232, 'y': 74}, {'x': 232, 'y': 165}, {'x': 60, 'y': 165}]",16:9,horizontal,92000,16:9,horizontal,15652,0.1701304347826087,positive
positive_831.jpg,/kaggle/input/musait/dataset/basket/positive_831.jpg,1,"Because of your smile,
you make life more
beautiful.","[{'x': 4, 'y': 68}, {'x': 153, 'y': 68}, {'x': 153, 'y': 122}, {'x': 4, 'y': 122}]",16:9,horizontal,50382,Other,other,8046,0.1596998928188638,positive
positive_832.jpg,/kaggle/input/musait/dataset/basket/positive_832.jpg,1,"30 Best Happy Quotes
Which Really
Makes You Smile","[{'x': 19, 'y': 462}, {'x': 473, 'y': 462}, {'x': 473, 'y': 654}, {'x': 19, 'y': 654}]",3:4,vertical,394236,21:9,horizontal,87168,0.2211061394697592,positive
positive_833.jpg,/kaggle/input/musait/dataset/basket/positive_833.jpg,1,"Every time
i see you
I fall in love
all over again.
Free Download Sanjay Jangom App
www.helophus.com
Cheloplus.com","[{'x': 126, 'y': 121}, {'x': 592, 'y': 121}, {'x': 592, 'y': 597}, {'x': 126, 'y': 597}]",1:1,box,360000,1:1,box,221816,0.6161555555555556,positive
positive_834.jpg,/kaggle/input/musait/dataset/basket/positive_834.jpg,1,"Smiles are great investments
the more you collect, the
better you feel.
GOOD MORNING
FUNKYLIFE.IN","[{'x': 358, 'y': 321}, {'x': 1443, 'y': 321}, {'x': 1443, 'y': 1057}, {'x': 358, 'y': 1057}]",1:1,box,3686400,4:3,horizontal,798560,0.2166232638888889,positive
positive_835.jpg,/kaggle/input/musait/dataset/basket/positive_835.jpg,1,"Keep smiling because
life is a beautiful thing
and there's so much to
smile about..","[{'x': 216, 'y': 623}, {'x': 873, 'y': 623}, {'x': 873, 'y': 963}, {'x': 216, 'y': 963}]",1:1,box,1166400,16:9,horizontal,223380,0.1915123456790123,positive
positive_836.jpg,/kaggle/input/musait/dataset/basket/positive_836.jpg,1,"Smile is the real power of
every person.","[{'x': 9, 'y': 116}, {'x': 192, 'y': 116}, {'x': 192, 'y': 153}, {'x': 9, 'y': 153}]",3:4,vertical,50388,Other,other,6771,0.1343772326744463,positive
positive_837.jpg,/kaggle/input/musait/dataset/basket/positive_837.jpg,1,"KEVMRC.COM
YOU CAN CHANGE
HATER'S MIND WITH
YOUR SMILE.","[{'x': 95, 'y': 56}, {'x': 557, 'y': 56}, {'x': 557, 'y': 357}, {'x': 95, 'y': 357}]",3:4,vertical,633750,3:2,horizontal,139062,0.2194272189349112,positive
positive_838.jpg,/kaggle/input/musait/dataset/basket/positive_838.jpg,1,"Foto:4Quate.com
Smile
it's a free therapy and it looks
good on you.
Foto 4Qui
40
foto+Quote.com","[{'x': 67, 'y': 486}, {'x': 797, 'y': 486}, {'x': 797, 'y': 1179}, {'x': 67, 'y': 1179}]",3:4,vertical,958400,1:1,box,505890,0.5278484974958264,positive
positive_839.jpg,/kaggle/input/musait/dataset/basket/positive_839.jpg,1,"Smile!
It increases your
face value.
ROBERT HARLING -
MEDITATIVEMIND","[{'x': 308, 'y': 108}, {'x': 773, 'y': 108}, {'x': 773, 'y': 1862}, {'x': 308, 'y': 1862}]",2:3,vertical,2073600,2:5,vertical,815610,0.3933304398148148,positive
positive_840.jpg,/kaggle/input/musait/dataset/basket/positive_840.jpg,1,"A perfect day is
when the soul smile.
@therandomvibez","[{'x': 146, 'y': 142}, {'x': 929, 'y': 142}, {'x': 929, 'y': 391}, {'x': 146, 'y': 391}]",1:1,box,1164241,Other,other,194967,0.1674627504099237,positive
positive_841.jpg,/kaggle/input/musait/dataset/basket/positive_841.jpg,1,"a smile is the best
makeup any girl can
wear
-Marilyn Monroe
Quotesjin.Com","[{'x': 34, 'y': 70}, {'x': 283, 'y': 70}, {'x': 283, 'y': 312}, {'x': 34, 'y': 312}]",4:3,horizontal,163200,1:1,box,60258,0.3692279411764705,positive
positive_842.jpg,/kaggle/input/musait/dataset/basket/positive_842.jpg,1,"It's your smile that
makes life your
more beautiful.","[{'x': 93, 'y': 70}, {'x': 635, 'y': 70}, {'x': 635, 'y': 266}, {'x': 93, 'y': 266}]",3:4,vertical,777600,Other,other,106232,0.1366152263374485,positive
positive_843.jpg,/kaggle/input/musait/dataset/basket/positive_843.jpg,1,"Happy
Friendship
Day","[{'x': 710, 'y': 392}, {'x': 1141, 'y': 392}, {'x': 1141, 'y': 835}, {'x': 710, 'y': 835}]",4:3,horizontal,1228800,1:1,box,190933,0.1553816731770833,positive
positive_844.jpg,/kaggle/input/musait/dataset/basket/positive_844.jpg,1,"Cood
Morning
Live life to the fullest, and
focus on the positive.
allpoetrylife.com","[{'x': 158, 'y': 153}, {'x': 564, 'y': 153}, {'x': 564, 'y': 508}, {'x': 158, 'y': 508}]",5:4,horizontal,352000,1:1,box,144130,0.4094602272727273,positive
positive_845.jpg,/kaggle/input/musait/dataset/basket/positive_845.jpg,1,"Shayarisove
Smile, smile at your mind as
often as possible. Your smiling
will considerably reduce vOUP
mind's tearing tension.","[{'x': 17, 'y': 17}, {'x': 1119, 'y': 17}, {'x': 1119, 'y': 797}, {'x': 17, 'y': 797}]",3:2,horizontal,1044480,4:3,horizontal,859560,0.8229549632352942,positive
positive_846.jpg,/kaggle/input/musait/dataset/basket/positive_846.jpg,1,"If you have only
one smile in you
give it to the people
you love.
Maya Angelou
EVERYDAY POWER","[{'x': 64, 'y': 113}, {'x': 386, 'y': 113}, {'x': 386, 'y': 421}, {'x': 64, 'y': 421}]",1:1,box,202500,1:1,box,99176,0.489758024691358,positive
positive_847.jpg,/kaggle/input/musait/dataset/basket/positive_847.jpg,1,"Because of your
smile, you make
life more
beautiful
LOVESOVE.COM","[{'x': 180, 'y': 242}, {'x': 619, 'y': 242}, {'x': 619, 'y': 741}, {'x': 180, 'y': 741}]",1:1,box,640000,1:1,box,219061,0.3422828125,positive
positive_848.jpg,/kaggle/input/musait/dataset/basket/positive_848.jpg,1,"YF
I JUST WANT TO
TELL YOU THAT
YOU MAKE ME
HAPPY AND I
THINK I CAN NEVER
THANK YOU
ENOUGH FOR IT.
YOURFATES.COM","[{'x': 22, 'y': 27}, {'x': 1797, 'y': 27}, {'x': 1797, 'y': 1230}, {'x': 22, 'y': 1230}]",3:2,horizontal,2355640,4:3,horizontal,2135325,0.9064734000101884,positive
positive_849.jpg,/kaggle/input/musait/dataset/basket/positive_849.jpg,1,"""SMILE to change
the World, don't let
the World change
your SMILE.""
- Sandeep Maheshwari
www.yourselfquotes.com","[{'x': 247, 'y': 681}, {'x': 1233, 'y': 681}, {'x': 1233, 'y': 1208}, {'x': 247, 'y': 1208}]",1:1,box,1557504,16:9,horizontal,519622,0.3336248253616042,positive
positive_850.jpg,/kaggle/input/musait/dataset/basket/positive_850.jpg,1,"I have witnessed the
softening of the hardest of
hearts by a simple smile.
Goldie Hawn
BrainyQuote","[{'x': 34, 'y': 34}, {'x': 275, 'y': 34}, {'x': 275, 'y': 160}, {'x': 34, 'y': 160}]",16:9,horizontal,50530,16:9,horizontal,30366,0.6009499307342173,positive
positive_851.jpg,/kaggle/input/musait/dataset/basket/positive_851.jpg,1,"Let us always meet each
other with smile, for the
smile is the beginning of
love.
-Mother Teresa
© Lifehack","[{'x': 91, 'y': 256}, {'x': 625, 'y': 256}, {'x': 625, 'y': 995}, {'x': 91, 'y': 995}]",3:4,vertical,809970,3:4,vertical,394626,0.4872106374310159,positive
positive_852.jpg,/kaggle/input/musait/dataset/basket/positive_852.jpg,1,"""Let us always meet
each other with smile,
for the smile is the
beginning of love.""
Mother Teresa
Parade","[{'x': 162, 'y': 146}, {'x': 1152, 'y': 146}, {'x': 1152, 'y': 1151}, {'x': 162, 'y': 1151}]",1:1,box,1440000,1:1,box,994950,0.6909375,positive
positive_853.jpg,/kaggle/input/musait/dataset/basket/positive_853.jpg,1,"THE ONLY THING THAT
MATTERS THE MOST
IS YOUR HAPPINESS.
QuotesLifetime.com","[{'x': 77, 'y': 136}, {'x': 414, 'y': 136}, {'x': 414, 'y': 387}, {'x': 77, 'y': 387}]",1:1,box,490000,4:3,horizontal,84587,0.1726265306122449,positive
positive_854.jpg,/kaggle/input/musait/dataset/basket/positive_854.jpg,1,"FIND YOUR INSPIRATION.
THIS IS WHAT MAKES
LIFE SO EASY AND AMAZING.
QuotesLifetime.com","[{'x': 125, 'y': 58}, {'x': 574, 'y': 58}, {'x': 574, 'y': 287}, {'x': 125, 'y': 287}]",1:1,box,490000,16:9,horizontal,102821,0.209838775510204,positive
positive_855.jpg,/kaggle/input/musait/dataset/basket/positive_855.jpg,1,"I like it when you smile.
But I Love it when I'm the reason.","[{'x': 77, 'y': 48}, {'x': 1180, 'y': 48}, {'x': 1180, 'y': 209}, {'x': 77, 'y': 209}]",16:9,horizontal,921600,Other,other,177583,0.1926898871527777,positive
positive_856.jpg,/kaggle/input/musait/dataset/basket/positive_856.jpg,1,"66
Go ahead, make
me smile.
LOVE KNOW","[{'x': 193, 'y': 141}, {'x': 295, 'y': 141}, {'x': 295, 'y': 217}, {'x': 193, 'y': 217}]",3:2,horizontal,76840,4:3,horizontal,7752,0.1008849557522123,positive
positive_857.jpg,/kaggle/input/musait/dataset/basket/positive_857.jpg,1,"Smile in the mirror. Do that every
morning and you'll start to see a
big difference in your life.
Yoko Ono
BrainyQuote","[{'x': 21, 'y': 37}, {'x': 287, 'y': 37}, {'x': 287, 'y': 160}, {'x': 21, 'y': 160}]",16:9,horizontal,50530,Other,other,32718,0.6474965367108648,positive
positive_858.jpg,/kaggle/input/musait/dataset/basket/positive_858.jpg,1,"Never
LEX regret
EXPERIENCE
anything
that made
you smile.
- Mark
Twain
EVERYDAY POWER
US
AMAZING","[{'x': 52, 'y': 141}, {'x': 990, 'y': 141}, {'x': 990, 'y': 714}, {'x': 52, 'y': 714}]",4:3,horizontal,786432,3:2,horizontal,537474,0.6834335327148438,positive
positive_859.jpg,/kaggle/input/musait/dataset/basket/positive_859.jpg,1,"Unknown
I've never seen a
smiling face that
was not beautiful.
www.MOTIVE4YOU.COM","[{'x': 29, 'y': 237}, {'x': 206, 'y': 237}, {'x': 206, 'y': 350}, {'x': 29, 'y': 350}]",3:4,vertical,82955,3:2,horizontal,20001,0.2411066240732927,positive
positive_860.jpg,/kaggle/input/musait/dataset/basket/positive_860.jpg,1,"66
You are the
sunshine that
brightens my
world with love.
LOVE KNOW","[{'x': 23, 'y': 72}, {'x': 131, 'y': 72}, {'x': 131, 'y': 193}, {'x': 23, 'y': 193}]",3:2,horizontal,76840,1:1,box,13068,0.1700676730869338,positive
positive_861.jpg,/kaggle/input/musait/dataset/basket/positive_861.jpg,1,"""Now I smile more
often than I used to
and that is only
because of you.
LoveBoy","[{'x': 9, 'y': 15}, {'x': 129, 'y': 15}, {'x': 129, 'y': 214}, {'x': 9, 'y': 214}]",1:1,box,50625,3:4,vertical,23880,0.4717037037037037,positive
positive_862.jpg,/kaggle/input/musait/dataset/basket/positive_862.jpg,1,"66
The brilliance
of your
loving heart
fills my life
with sunshine.
LOVE KNOW","[{'x': 227, 'y': 52}, {'x': 316, 'y': 52}, {'x': 316, 'y': 172}, {'x': 227, 'y': 172}]",3:2,horizontal,76840,3:4,vertical,10680,0.1389901093180635,positive
positive_863.jpg,/kaggle/input/musait/dataset/basket/positive_863.jpg,1,"103
Smile Quotes
To Make Your Day
Better
wisdomquotes.com","[{'x': 92, 'y': 554}, {'x': 915, 'y': 554}, {'x': 915, 'y': 1480}, {'x': 92, 'y': 1480}]",3:4,vertical,1500000,1:1,box,762098,0.5080653333333334,positive
positive_864.jpg,/kaggle/input/musait/dataset/basket/positive_864.jpg,1,"My heart
skips a beat
when I think
of you.
YOUR
DICTIONARY","[{'x': 74, 'y': 213}, {'x': 535, 'y': 213}, {'x': 535, 'y': 776}, {'x': 74, 'y': 776}]",3:2,horizontal,960000,3:4,vertical,259543,0.2703572916666666,positive
positive_865.jpg,/kaggle/input/musait/dataset/basket/positive_865.jpg,1,"Keep love in
your heart. A
life without it is
like a sunless
garden when the
flowers are dead.","[{'x': 39, 'y': 44}, {'x': 282, 'y': 44}, {'x': 282, 'y': 292}, {'x': 39, 'y': 292}]",3:2,horizontal,233020,1:1,box,60264,0.2586215775469916,positive
positive_866.jpg,/kaggle/input/musait/dataset/basket/positive_866.jpg,1,"I don't need sunlight in my
life, your smile is enough to
brighten up my day and make
me feel good.
Good Morning
""
- FUNKYLIFE.IN","[{'x': 395, 'y': 219}, {'x': 1645, 'y': 219}, {'x': 1645, 'y': 1747}, {'x': 395, 'y': 1747}]",1:1,box,3686400,3:4,vertical,1910000,0.5181206597222222,positive
positive_867.jpg,/kaggle/input/musait/dataset/basket/positive_867.jpg,1,"I choose you.
And I'll choose you
over and over and over.
Without pause,
without a doubt,
in a heartbeat.
I'll keep choosing you.","[{'x': 511, 'y': 64}, {'x': 1228, 'y': 64}, {'x': 1228, 'y': 669}, {'x': 511, 'y': 669}]",16:9,horizontal,921600,4:3,horizontal,433785,0.4706868489583333,positive
positive_868.jpg,/kaggle/input/musait/dataset/basket/positive_868.jpg,1,"Wishing you
a very happy Share
A Smile Day!
Your smile
is infectious and has
the power to
brighten up even
the darkest of days.
DESICOMMENTS
COM","[{'x': 19, 'y': 69}, {'x': 493, 'y': 69}, {'x': 493, 'y': 451}, {'x': 19, 'y': 451}]",1:1,box,315000,4:3,horizontal,181068,0.5748190476190477,positive
positive_869.jpg,/kaggle/input/musait/dataset/basket/positive_869.jpg,1,"You won't have a happy life if you worry
about what others say about you.
SHAYARI777.com","[{'x': 95, 'y': 815}, {'x': 987, 'y': 815}, {'x': 987, 'y': 1043}, {'x': 95, 'y': 1043}]",1:1,box,1166400,Other,other,203376,0.1743621399176954,positive
positive_870.jpg,/kaggle/input/musait/dataset/basket/positive_870.jpg,1,"One of the most rewarding
things in life is to always put
a smile on your face.
Quotesjin.Com","[{'x': 63, 'y': 91}, {'x': 418, 'y': 91}, {'x': 418, 'y': 311}, {'x': 63, 'y': 311}]",4:3,horizontal,163200,3:2,horizontal,78100,0.4785539215686274,positive
positive_871.jpg,/kaggle/input/musait/dataset/basket/positive_871.jpg,1,"Good Morning
May every step you take
be filled with
hapiness, love and
peace
allpoetrylife.com","[{'x': 94, 'y': 61}, {'x': 615, 'y': 61}, {'x': 615, 'y': 593}, {'x': 94, 'y': 593}]",1:1,box,390400,1:1,box,277172,0.709969262295082,positive
positive_872.jpg,/kaggle/input/musait/dataset/basket/positive_872.jpg,1,"On this Thursday, let your
passion fuel your actions and
lead you to your purpose.
Happy Thursday
ayar Maze.com","[{'x': 214, 'y': 179}, {'x': 1178, 'y': 179}, {'x': 1178, 'y': 1390}, {'x': 214, 'y': 1390}]",1:1,box,1960000,3:4,vertical,1167404,0.5956142857142858,positive
positive_873.jpg,/kaggle/input/musait/dataset/basket/positive_873.jpg,1,"LOVESOVE.COM
""The greatest self is a peaceful smile,
that always sees the world smiling back.""
- Bryant H. McGill","[{'x': 23, 'y': 24}, {'x': 598, 'y': 24}, {'x': 598, 'y': 406}, {'x': 23, 'y': 406}]",4:3,horizontal,280534,3:2,horizontal,219650,0.7829710480726044,positive
positive_874.jpg,/kaggle/input/musait/dataset/basket/positive_874.jpg,1,"All the statistics in
the world can't
measure the
warmth of a smile.
Chris Hart
EVERYDAY POWER","[{'x': 74, 'y': 107}, {'x': 374, 'y': 107}, {'x': 374, 'y': 421}, {'x': 74, 'y': 421}]",1:1,box,202500,1:1,box,94200,0.4651851851851852,positive
positive_875.jpg,/kaggle/input/musait/dataset/basket/positive_875.jpg,1,"overallmotivation.com
THERE'S ALWAYS A
REASON TO SMILE.","[{'x': 41, 'y': 190}, {'x': 468, 'y': 190}, {'x': 468, 'y': 339}, {'x': 41, 'y': 339}]",1:1,box,1166400,Other,other,63623,0.0545464677640603,positive
positive_876.jpg,/kaggle/input/musait/dataset/basket/positive_876.jpg,1,"THERE IS ALWAYS
A REASON TO SMILE
FIND IT.
www.dpsayings.com","[{'x': 160, 'y': 602}, {'x': 761, 'y': 602}, {'x': 761, 'y': 992}, {'x': 160, 'y': 992}]",1:1,box,946176,3:2,horizontal,234390,0.2477234679383116,positive
positive_877.jpg,/kaggle/input/musait/dataset/basket/positive_877.jpg,1,"you are
Someone's reason
smile.
to","[{'x': 75, 'y': 36}, {'x': 351, 'y': 36}, {'x': 351, 'y': 188}, {'x': 75, 'y': 188}]",1:1,box,162409,16:9,horizontal,41952,0.258310807898577,positive
positive_878.jpg,/kaggle/input/musait/dataset/basket/positive_878.jpg,1,"GOOD
Morning
BE SO HAPPY THAT
WHEN OTHERS LOOK
AT YOU, THEY BECOME
HAPPY TOO.
- FUNKYLIFE.IN","[{'x': 208, 'y': 454}, {'x': 1105, 'y': 454}, {'x': 1105, 'y': 1604}, {'x': 208, 'y': 1604}]",1:1,box,3571200,3:4,vertical,1031550,0.2888524865591398,positive
positive_879.jpg,/kaggle/input/musait/dataset/basket/positive_879.jpg,1,"66
His smile makes
my heart sing.
LOVE KNOW","[{'x': 200, 'y': 37}, {'x': 303, 'y': 37}, {'x': 303, 'y': 118}, {'x': 200, 'y': 118}]",3:2,horizontal,76840,4:3,horizontal,8343,0.1085762623633524,positive
positive_880.jpg,/kaggle/input/musait/dataset/basket/positive_880.jpg,1,"66
""A smile is happiness
you'll find right
under your nose.
- Tom Wilson
99
Parade","[{'x': 178, 'y': 586}, {'x': 1153, 'y': 586}, {'x': 1153, 'y': 1152}, {'x': 178, 'y': 1152}]",1:1,box,1440000,Other,other,551850,0.3832291666666667,positive
positive_881.jpg,/kaggle/input/musait/dataset/basket/positive_881.jpg,1,"There are only two things,
that i want to be with you
now and forever.
esanjayjangam.com","[{'x': 81, 'y': 138}, {'x': 593, 'y': 138}, {'x': 593, 'y': 599}, {'x': 81, 'y': 599}]",1:1,box,360000,1:1,box,236032,0.6556444444444445,positive
positive_882.jpg,/kaggle/input/musait/dataset/basket/positive_882.jpg,1,"I wish I could turn back the clock
I'd find you sooner and love you longer...
- myfeeling.co","[{'x': 69, 'y': 222}, {'x': 584, 'y': 222}, {'x': 584, 'y': 319}, {'x': 69, 'y': 319}]",3:4,vertical,648000,Other,other,49955,0.077091049382716,positive
positive_883.jpg,/kaggle/input/musait/dataset/basket/positive_883.jpg,1,"I will always stay loyal and
committed to you and only you..","[{'x': 92, 'y': 419}, {'x': 784, 'y': 419}, {'x': 784, 'y': 537}, {'x': 92, 'y': 537}]",1:1,box,1291680,Other,other,81656,0.0632168958255914,positive
positive_884.jpg,/kaggle/input/musait/dataset/basket/positive_884.jpg,1,"You are my
everything.","[{'x': 180, 'y': 543}, {'x': 536, 'y': 543}, {'x': 536, 'y': 654}, {'x': 180, 'y': 654}]",1:1,box,486948,Other,other,39516,0.0811503487025308,positive
positive_885.jpg,/kaggle/input/musait/dataset/basket/positive_885.jpg,1,"Isn't it nice to think
that tomorrow is a
new day with no
mistakes in it yet?
Anne of Green Gables by L.M. Montgomery
inside of happiness.com","[{'x': 25, 'y': 95}, {'x': 407, 'y': 95}, {'x': 407, 'y': 789}, {'x': 25, 'y': 789}]",3:4,vertical,480000,2:3,vertical,265108,0.5523083333333333,positive
positive_886.jpg,/kaggle/input/musait/dataset/basket/positive_886.jpg,1,"A peaceful smile
inspire others
to live in peace too.
Maxime Lagacé","[{'x': 258, 'y': 154}, {'x': 943, 'y': 154}, {'x': 943, 'y': 506}, {'x': 258, 'y': 506}]",16:9,horizontal,810000,16:9,horizontal,241120,0.297679012345679,positive
positive_887.jpg,/kaggle/input/musait/dataset/basket/positive_887.jpg,1,"Every time you
smile at someone,
it is an action of
love, a gift to
that person, a
beautiful thing.
-
- Mother Teresa
YourSelf
Quotes","[{'x': 24, 'y': 112}, {'x': 736, 'y': 112}, {'x': 736, 'y': 606}, {'x': 24, 'y': 606}]",4:3,horizontal,458800,4:3,horizontal,351728,0.7666259808195292,positive
positive_888.jpg,/kaggle/input/musait/dataset/basket/positive_888.jpg,1,"Smiles are free
but they are worth a
lot..
© Lifehack","[{'x': 89, 'y': 374}, {'x': 649, 'y': 374}, {'x': 649, 'y': 1031}, {'x': 89, 'y': 1031}]",3:4,vertical,809970,1:1,box,367920,0.4542390458905885,positive
positive_889.jpg,/kaggle/input/musait/dataset/basket/positive_889.jpg,1,"I think that wrybody that
smiles automatically looks
better.
- Diane Lane
Quotesjin.Com","[{'x': 83, 'y': 78}, {'x': 377, 'y': 78}, {'x': 377, 'y': 311}, {'x': 83, 'y': 311}]",4:3,horizontal,163200,4:3,horizontal,68502,0.4197426470588235,positive
positive_890.jpg,/kaggle/input/musait/dataset/basket/positive_890.jpg,1,"BEST SWEET GOOD MORNING
MESSAGES TO MAKE HER SMILE
TH","[{'x': 163, 'y': 289}, {'x': 837, 'y': 289}, {'x': 837, 'y': 653}, {'x': 163, 'y': 653}]",3:2,horizontal,667000,16:9,horizontal,245336,0.3678200899550224,positive
positive_891.jpg,/kaggle/input/musait/dataset/basket/positive_891.jpg,1,"Nojoto
your face is a world to
me...
And...
... your smile is mah
life!!
Himanshu Chaturvedi","[{'x': 59, 'y': 181}, {'x': 755, 'y': 181}, {'x': 755, 'y': 739}, {'x': 59, 'y': 739}]",1:1,box,624100,4:3,horizontal,388368,0.6222848902419484,positive
positive_892.jpg,/kaggle/input/musait/dataset/basket/positive_892.jpg,1,"Add life to your days
not days to your life.
Free Download Sanjay Jangam App:
www.anjay.mim.com
Good Morning!
esanjayjangam.com","[{'x': 31, 'y': 162}, {'x': 593, 'y': 162}, {'x': 593, 'y': 598}, {'x': 31, 'y': 598}]",1:1,box,360000,4:3,horizontal,245032,0.6806444444444445,positive
positive_893.jpg,/kaggle/input/musait/dataset/basket/positive_893.jpg,1,"7 Best
Texts To
Make
Her DAY!","[{'x': 63, 'y': 17}, {'x': 708, 'y': 17}, {'x': 708, 'y': 689}, {'x': 63, 'y': 689}]",16:9,horizontal,921600,1:1,box,433440,0.4703125,positive
positive_894.jpg,/kaggle/input/musait/dataset/basket/positive_894.jpg,1,"I am head over
heels, deeply
and crazily in
love with you.","[{'x': 64, 'y': 302}, {'x': 587, 'y': 302}, {'x': 587, 'y': 700}, {'x': 64, 'y': 700}]",16:9,horizontal,1776222,4:3,horizontal,208154,0.1171891801813061,positive
positive_895.jpg,/kaggle/input/musait/dataset/basket/positive_895.jpg,1,"www
- love
YOUR
DICTIONARY
Me + you
=","[{'x': 121, 'y': 0}, {'x': 1177, 'y': 0}, {'x': 1177, 'y': 655}, {'x': 121, 'y': 655}]",16:9,horizontal,808800,3:2,horizontal,691680,0.855192878338279,positive
positive_896.jpg,/kaggle/input/musait/dataset/basket/positive_896.jpg,1,"66
""If you try to please everyone,
you will please no one. It is
impossible to lead your life for
others' happiness.""
Sudha Murty
HER STORY","[{'x': 621, 'y': 97}, {'x': 1124, 'y': 97}, {'x': 1124, 'y': 537}, {'x': 621, 'y': 537}]",16:9,horizontal,663552,1:1,box,221320,0.3335382908950617,positive
positive_897.jpg,/kaggle/input/musait/dataset/basket/positive_897.jpg,1,"I HOPE YOUR
MORNING IS
AS BRIGHT AS
YOUR SMILE
GoodMorning Wishes.Pics","[{'x': 11, 'y': 44}, {'x': 129, 'y': 44}, {'x': 129, 'y': 158}, {'x': 11, 'y': 158}]",16:9,horizontal,50490,1:1,box,13452,0.2664289958407606,positive
positive_898.jpg,/kaggle/input/musait/dataset/basket/positive_898.jpg,1,"Your smile has this
incredible way of making
me happy.
www.bigenter.info","[{'x': 119, 'y': 473}, {'x': 823, 'y': 473}, {'x': 823, 'y': 786}, {'x': 119, 'y': 786}]",4:3,horizontal,740720,21:9,horizontal,220352,0.297483529538827,positive
positive_899.jpg,/kaggle/input/musait/dataset/basket/positive_899.jpg,1,"ENGLISH
Jagran
For all the times you've
brought a smile
and made my days seem
brighter.
Happy
• Women's Day","[{'x': 302, 'y': 16}, {'x': 634, 'y': 16}, {'x': 634, 'y': 354}, {'x': 302, 'y': 354}]",4:3,horizontal,351000,1:1,box,112216,0.3197037037037037,positive
positive_900.jpg,/kaggle/input/musait/dataset/basket/positive_900.jpg,1,"Good EveningSms.com
GOOD EVENING
Share your smile with the World
HIOX","[{'x': 36, 'y': 32}, {'x': 887, 'y': 32}, {'x': 887, 'y': 516}, {'x': 36, 'y': 516}]",16:9,horizontal,498756,16:9,horizontal,411884,0.8258226467451019,positive
positive_901.jpg,/kaggle/input/musait/dataset/basket/positive_901.jpg,1,"HAPPY
66
THER
HAPPY L
FATHER'S
DAY
F
DA","[{'x': 8, 'y': 1}, {'x': 1723, 'y': 1}, {'x': 1723, 'y': 1173}, {'x': 8, 'y': 1173}]",3:2,horizontal,2163001,4:3,horizontal,2009980,0.9292552338163506,positive
positive_902.jpg,/kaggle/input/musait/dataset/basket/positive_902.jpg,1,"Shayarisove
Shayarisove.com
""I don't want a perfect life,
I want a happy life""..","[{'x': 44, 'y': 28}, {'x': 1186, 'y': 28}, {'x': 1186, 'y': 668}, {'x': 44, 'y': 668}]",16:9,horizontal,921600,16:9,horizontal,730880,0.7930555555555555,positive
positive_903.jpg,/kaggle/input/musait/dataset/basket/positive_903.jpg,1,"pretty, rich and famous.
Me?
I just want to be happy.
EnlighteningQuotes.com","[{'x': 38, 'y': 2}, {'x': 312, 'y': 2}, {'x': 312, 'y': 164}, {'x': 38, 'y': 164}]",3:2,horizontal,80500,Other,other,44388,0.5514037267080746,positive
positive_904.jpg,/kaggle/input/musait/dataset/basket/positive_904.jpg,1,you're my everything,"[{'x': 15, 'y': 67}, {'x': 220, 'y': 67}, {'x': 220, 'y': 134}, {'x': 15, 'y': 134}]",1:1,box,50625,Other,other,13735,0.2713086419753086,positive
positive_905.jpg,/kaggle/input/musait/dataset/basket/positive_905.jpg,1,"When I fell in love
with you I realized
I wanted to spend the
rest of my life with you.","[{'x': 85, 'y': 11}, {'x': 262, 'y': 11}, {'x': 262, 'y': 91}, {'x': 85, 'y': 91}]",16:9,horizontal,50400,21:9,horizontal,14160,0.2809523809523809,positive
positive_906.jpg,/kaggle/input/musait/dataset/basket/positive_906.jpg,1,"LET US ALWAYS
MEET EACH OTHER
WITH SMILE, FOR
THE SMILE IS THE
BEGINNING
OF LOVE.
GOODate
MORNING.com","[{'x': 355, 'y': 114}, {'x': 1042, 'y': 114}, {'x': 1042, 'y': 1038}, {'x': 355, 'y': 1038}]",1:1,box,1166400,3:4,vertical,634788,0.5442283950617284,positive
positive_907.jpg,/kaggle/input/musait/dataset/basket/positive_907.jpg,1,"O/OurHappy LifePage
I may not be
the best, but I
sure am trying my
best.","[{'x': 7, 'y': 312}, {'x': 474, 'y': 312}, {'x': 474, 'y': 634}, {'x': 7, 'y': 634}]",3:4,vertical,307200,4:3,horizontal,150374,0.4894986979166666,positive
positive_908.jpg,/kaggle/input/musait/dataset/basket/positive_908.jpg,1,"""Pure happiness is found in nothing
but in the innocent smile of a baby,
99
Myhappybirthdays.com","[{'x': 92, 'y': 321}, {'x': 673, 'y': 321}, {'x': 673, 'y': 453}, {'x': 92, 'y': 453}]",3:2,horizontal,315104,Other,other,76692,0.2433863105514369,positive
positive_909.jpg,/kaggle/input/musait/dataset/basket/positive_909.jpg,1,"66
Life is too short
not to smile.
LOVE KNOW","[{'x': 29, 'y': 53}, {'x': 131, 'y': 53}, {'x': 131, 'y': 133}, {'x': 29, 'y': 133}]",3:2,horizontal,76840,4:3,horizontal,8160,0.1061946902654867,positive
positive_910.jpg,/kaggle/input/musait/dataset/basket/positive_910.jpg,1,"Sweet Sig
I like to watch you smile
because your smile
means the world to me
B","[{'x': 130, 'y': 298}, {'x': 767, 'y': 298}, {'x': 767, 'y': 764}, {'x': 130, 'y': 764}]",1:1,box,640000,4:3,horizontal,296842,0.463815625,positive
positive_911.jpg,/kaggle/input/musait/dataset/basket/positive_911.jpg,1,"THE SHOWER OF
YOUR SMILE,
GAVE ME ENERGY
BOOST POWER..
www.statusannal.com","[{'x': 616, 'y': 165}, {'x': 1007, 'y': 165}, {'x': 1007, 'y': 717}, {'x': 616, 'y': 717}]",4:3,horizontal,741376,3:4,vertical,215832,0.2911235324585635,positive
positive_912.jpg,/kaggle/input/musait/dataset/basket/positive_912.jpg,1,"LIFE is simply
bursting with
JOY!
www.facebook.com/SoulSpeaking
Sue Krebs","[{'x': 22, 'y': 395}, {'x': 689, 'y': 395}, {'x': 689, 'y': 910}, {'x': 22, 'y': 910}]",3:4,vertical,691200,4:3,horizontal,343505,0.4969690393518518,positive
positive_913.jpg,/kaggle/input/musait/dataset/basket/positive_913.jpg,1,"Rise and shine, it's a happy
Wednesday! Let your smile
light up the world today.
Happy Wednesday
ShayariMaza.com","[{'x': 229, 'y': 119}, {'x': 1170, 'y': 119}, {'x': 1170, 'y': 1392}, {'x': 229, 'y': 1392}]",1:1,box,1960000,3:4,vertical,1197893,0.6111698979591836,positive
positive_914.jpg,/kaggle/input/musait/dataset/basket/positive_914.jpg,1,"66
Smilin' out loud.
LOVE KNOW","[{'x': 33, 'y': 138}, {'x': 139, 'y': 138}, {'x': 139, 'y': 204}, {'x': 33, 'y': 204}]",3:2,horizontal,76840,3:2,horizontal,6996,0.0910463300364393,positive
positive_915.jpg,/kaggle/input/musait/dataset/basket/positive_915.jpg,1,"66
A smile
can help you
weather even the
strongest storm.
LOVE KNOW","[{'x': 202, 'y': 77}, {'x': 305, 'y': 77}, {'x': 305, 'y': 190}, {'x': 202, 'y': 190}]",3:2,horizontal,76840,1:1,box,11639,0.1514705882352941,positive
positive_916.jpg,/kaggle/input/musait/dataset/basket/positive_916.jpg,1,"COOKING WAS NEVER MY PASSION
UNTIL I KNEW YOUR FAVORITE FOOD.
Pickup Lines
For Girl
feeding trends.com
BB
B","[{'x': 46, 'y': 127}, {'x': 754, 'y': 127}, {'x': 754, 'y': 472}, {'x': 46, 'y': 472}]",3:2,horizontal,400000,2:1,horizontal,244260,0.61065,positive
positive_917.jpg,/kaggle/input/musait/dataset/basket/positive_917.jpg,1,"WHEN I THINK
ABOUT YOU I END UP
HAVING A STUPID
GRIN ON MY FACE.","[{'x': 59, 'y': 143}, {'x': 667, 'y': 143}, {'x': 667, 'y': 487}, {'x': 59, 'y': 487}]",16:9,horizontal,718800,16:9,horizontal,209152,0.2909738452977184,positive
positive_918.jpg,/kaggle/input/musait/dataset/basket/positive_918.jpg,1,"Innocent people are
not stupid. They just
think everyone has a
good heart.
LET'S TALK
KARMA","[{'x': 112, 'y': 656}, {'x': 625, 'y': 656}, {'x': 625, 'y': 1042}, {'x': 112, 'y': 1042}]",3:4,vertical,809970,4:3,horizontal,198018,0.2444757213230119,positive
positive_919.jpg,/kaggle/input/musait/dataset/basket/positive_919.jpg,1,"You're the most beautiful girl
I've ever met.
www.True Wordings.com","[{'x': 46, 'y': 8}, {'x': 692, 'y': 8}, {'x': 692, 'y': 91}, {'x': 46, 'y': 91}]",3:2,horizontal,309720,Other,other,53618,0.1731176546558181,positive
positive_920.jpg,/kaggle/input/musait/dataset/basket/positive_920.jpg,1,"८८
THE BEST WAY TO CHEER
YOURSELF IS TO TRY TO
CHEER SOMEONE ELSE UP.
Mark Twain","[{'x': 53, 'y': 199}, {'x': 423, 'y': 199}, {'x': 423, 'y': 360}, {'x': 53, 'y': 360}]",3:4,vertical,345600,21:9,horizontal,59570,0.1723668981481481,positive
positive_921.jpg,/kaggle/input/musait/dataset/basket/positive_921.jpg,1,"The best thing in the world
is seeing your baby smile
@proudhappymama
because of you.
PROUD HAPPY MAMA","[{'x': 34, 'y': 65}, {'x': 652, 'y': 65}, {'x': 652, 'y': 942}, {'x': 34, 'y': 942}]",3:4,vertical,699392,3:4,vertical,541986,0.7749388039897511,positive
positive_922.jpg,/kaggle/input/musait/dataset/basket/positive_922.jpg,1,"115
You Mean
The World
To Me
Quotes
www.LUVZE.com","[{'x': 212, 'y': 197}, {'x': 537, 'y': 197}, {'x': 537, 'y': 686}, {'x': 212, 'y': 686}]",1:1,box,562500,3:4,vertical,158925,0.2825333333333333,positive
positive_923.jpg,/kaggle/input/musait/dataset/basket/positive_923.jpg,1,"INSPIRATIONAL
LOVE QUOTES","[{'x': 100, 'y': 260}, {'x': 742, 'y': 260}, {'x': 742, 'y': 409}, {'x': 100, 'y': 409}]",4:3,horizontal,581916,Other,other,95658,0.1643845503474728,positive
positive_924.jpg,/kaggle/input/musait/dataset/basket/positive_924.jpg,1,"""A baby's smile is a dancing flower
of twinkling stars.
-ApolloM
Myhappybirthdays.com","[{'x': 107, 'y': 310}, {'x': 674, 'y': 310}, {'x': 674, 'y': 447}, {'x': 107, 'y': 447}]",3:2,horizontal,315792,Other,other,77679,0.2459815321477428,positive
positive_925.jpg,/kaggle/input/musait/dataset/basket/positive_925.jpg,1,"""Take responsibility of your
own happiness; never put it
in other people's hands.""
- Roy T. Bennett
BeAnInspirer
Spread the Inspiration
.COM","[{'x': 448, 'y': 101}, {'x': 1154, 'y': 101}, {'x': 1154, 'y': 583}, {'x': 448, 'y': 583}]",16:9,horizontal,756000,4:3,horizontal,340292,0.4501216931216931,positive
positive_926.jpg,/kaggle/input/musait/dataset/basket/positive_926.jpg,1,"66
The path from dreams to
success does exist.
-Kalpana Chawla
English","[{'x': 155, 'y': 27}, {'x': 640, 'y': 27}, {'x': 640, 'y': 533}, {'x': 155, 'y': 533}]",4:3,horizontal,351000,1:1,box,245410,0.6991737891737891,positive
positive_927.jpg,/kaggle/input/musait/dataset/basket/positive_927.jpg,1,"Happy Birthday
Your smile always lights up every room.
Keep shining
Happy birthday!","[{'x': 74, 'y': 26}, {'x': 330, 'y': 26}, {'x': 330, 'y': 252}, {'x': 74, 'y': 252}]",4:3,horizontal,108800,1:1,box,57856,0.5317647058823529,positive
positive_928.jpg,/kaggle/input/musait/dataset/basket/positive_928.jpg,1,"CONCHAY TO
Live your best
life today and
every day, my bro!
Have a wonderful
birthday!
Happy Birthday
UniGreet.com","[{'x': 141, 'y': 328}, {'x': 1199, 'y': 328}, {'x': 1199, 'y': 1727}, {'x': 141, 'y': 1727}]",3:4,vertical,2078400,3:4,vertical,1480142,0.7121545419553502,positive
positive_929.jpg,/kaggle/input/musait/dataset/basket/positive_929.jpg,1,"""Everyone
smiles in the
same
language.
George Carlin","[{'x': 39, 'y': 66}, {'x': 128, 'y': 66}, {'x': 128, 'y': 164}, {'x': 39, 'y': 164}]",3:2,horizontal,60000,1:1,box,8722,0.1453666666666666,positive
positive_930.jpg,/kaggle/input/musait/dataset/basket/positive_930.jpg,1,"Thursday is a reminder that you
are capable of achieving
greatness. Believe in yourself!
Happy Thursday","[{'x': 192, 'y': 126}, {'x': 1210, 'y': 126}, {'x': 1210, 'y': 627}, {'x': 192, 'y': 627}]",1:1,box,1960000,16:9,horizontal,510018,0.2602132653061224,positive
positive_931.jpg,/kaggle/input/musait/dataset/basket/positive_931.jpg,1,"A child without mom
Is like
A god without temple
LOVE YOU MAA
- chidipothu Rohith
YourQuote.in","[{'x': 91, 'y': 14}, {'x': 712, 'y': 14}, {'x': 712, 'y': 464}, {'x': 91, 'y': 464}]",1:1,box,518400,4:3,horizontal,279450,0.5390625,positive
positive_932.jpg,/kaggle/input/musait/dataset/basket/positive_932.jpg,1,"overallmotivation.com
I LOVE THOSE RANDOM MEMORIES
THAT MAKE ME SMILE.","[{'x': 169, 'y': 448}, {'x': 907, 'y': 448}, {'x': 907, 'y': 591}, {'x': 169, 'y': 591}]",1:1,box,1166400,Other,other,105534,0.0904783950617283,positive
positive_933.jpg,/kaggle/input/musait/dataset/basket/positive_933.jpg,1,"YOU MAKE ME SMILE
IN EVERY WAY I CAN
WISH FOR. FOR ME,
YOUR SMILE AND
YOUR LOVE ARE THE
INFINITE SOURCES OF
HAPPINESS IN THIS
BORING LIFE.
Myhappybirthdays.com","[{'x': 8, 'y': 86}, {'x': 1001, 'y': 86}, {'x': 1001, 'y': 663}, {'x': 8, 'y': 663}]",3:2,horizontal,699392,Other,other,572961,0.8192272716874085,positive
positive_934.jpg,/kaggle/input/musait/dataset/basket/positive_934.jpg,1,"ALWAYS BE HAPPY AND KEEP SMILING QUOTES
Quotes OF Quote","[{'x': 38, 'y': 83}, {'x': 1357, 'y': 83}, {'x': 1357, 'y': 722}, {'x': 38, 'y': 722}]",16:9,horizontal,1103200,2:1,horizontal,842841,0.7639965554749819,positive
positive_935.jpg,/kaggle/input/musait/dataset/basket/positive_935.jpg,1,"Smile at people
who
are having a
rough day!
www.Mesmerizing Quotes.com","[{'x': 3, 'y': 0}, {'x': 570, 'y': 0}, {'x': 570, 'y': 579}, {'x': 3, 'y': 579}]",1:1,box,412750,1:1,box,328293,0.7953797698364627,positive
positive_936.jpeg,/kaggle/input/musait/dataset/basket/positive_936.jpeg,1,"ONE DAY EVERYTHING WILL BE OKAY.
BOOK OF PROSPERITY","[{'x': 83, 'y': 80}, {'x': 570, 'y': 80}, {'x': 570, 'y': 125}, {'x': 83, 'y': 125}]",1:1,box,398161,Other,other,21915,0.0550405489236766,positive
positive_937.jpeg,/kaggle/input/musait/dataset/basket/positive_937.jpeg,1,Good News!,"[{'x': 23, 'y': 44}, {'x': 203, 'y': 44}, {'x': 203, 'y': 66}, {'x': 23, 'y': 66}]",1:1,box,50625,Other,other,3960,0.0782222222222222,positive
positive_938.png,/kaggle/input/musait/dataset/basket/positive_938.png,1,The Ministry of Good News,"[{'x': 5, 'y': 150}, {'x': 221, 'y': 150}, {'x': 221, 'y': 167}, {'x': 5, 'y': 167}]",1:1,box,50625,Other,other,3672,0.0725333333333333,positive
positive_939.jpg,/kaggle/input/musait/dataset/basket/positive_939.jpg,1,"There are so many
beautiful
reasons to be happy.","[{'x': 35, 'y': 134}, {'x': 587, 'y': 134}, {'x': 587, 'y': 302}, {'x': 35, 'y': 302}]",1:1,box,374544,Other,other,92736,0.247597078046905,positive
positive_940.jpg,/kaggle/input/musait/dataset/basket/positive_940.jpg,1,"live
laugh
sing &
BE
happy
ON LIFE
ON TOP","[{'x': 82, 'y': 115}, {'x': 573, 'y': 115}, {'x': 573, 'y': 541}, {'x': 82, 'y': 541}]",3:2,horizontal,667000,5:4,horizontal,209166,0.313592203898051,positive
positive_941.jpg,/kaggle/input/musait/dataset/basket/positive_941.jpg,1,"Царрум
Thank You
For Making Me
HAPPY
WishesMsg.com","[{'x': 144, 'y': 175}, {'x': 968, 'y': 175}, {'x': 968, 'y': 563}, {'x': 144, 'y': 563}]",16:9,horizontal,921600,2:1,horizontal,319712,0.3469097222222222,positive
positive_942.jpg,/kaggle/input/musait/dataset/basket/positive_942.jpg,1,"Daily Status Quotes.Com
HAPPINESS IS
A CRAZY
MATHEMATICS,
BECAUSE
IT MULTIPLIES
WHEN
YOU DIVIDE IT.
DailyStatusQuotes.com","[{'x': 33, 'y': 5}, {'x': 534, 'y': 5}, {'x': 534, 'y': 648}, {'x': 33, 'y': 648}]",4:3,horizontal,552500,3:4,vertical,322143,0.5830642533936652,positive
positive_943.jpg,/kaggle/input/musait/dataset/basket/positive_943.jpg,1,"www.THOUGHTS.com
BE
THEBEST
VERSION
OF YOU","[{'x': 58, 'y': 65}, {'x': 213, 'y': 65}, {'x': 213, 'y': 189}, {'x': 58, 'y': 189}]",1:1,box,50625,4:3,horizontal,19220,0.3796543209876543,positive
positive_944.jpg,/kaggle/input/musait/dataset/basket/positive_944.jpg,1,"STAY POSITIVE.
ATTITUDE IS
EVERYTHING.","[{'x': 30, 'y': 70}, {'x': 193, 'y': 70}, {'x': 193, 'y': 149}, {'x': 30, 'y': 149}]",1:1,box,50625,2:1,horizontal,12877,0.2543604938271604,positive
positive_945.jpg,/kaggle/input/musait/dataset/basket/positive_945.jpg,1,"BELIEVE IN
YOURSELF
AND YOU WILL BE
UNSTOPPABLE
P KATARINA HOLST","[{'x': 41, 'y': 261}, {'x': 734, 'y': 261}, {'x': 734, 'y': 1303}, {'x': 41, 'y': 1303}]",2:3,vertical,962688,3:4,vertical,722106,0.7500934882329477,positive
positive_946.jpg,/kaggle/input/musait/dataset/basket/positive_946.jpg,1,"GOOD THINGS COME
TO THOSE WHO
sweat.
2.5KG
POPSUGAR","[{'x': 20, 'y': 130}, {'x': 529, 'y': 130}, {'x': 529, 'y': 353}, {'x': 20, 'y': 353}]",3:2,horizontal,201850,21:9,horizontal,113507,0.5623334159028982,positive
positive_947.jpg,/kaggle/input/musait/dataset/basket/positive_947.jpg,1,"I USED TO BE ABSOLUTELY
ADDICTED TO THE GYM AND
I DO STILL LOVE IT.
Freema Agyeman
pixelsquote.net","[{'x': 11, 'y': 87}, {'x': 464, 'y': 87}, {'x': 464, 'y': 467}, {'x': 11, 'y': 467}]",1:1,box,230400,4:3,horizontal,172140,0.7471354166666667,positive
positive_948.jpg,/kaggle/input/musait/dataset/basket/positive_948.jpg,1,"ARWY
STAY
STRONG
BE
POSITIVE","[{'x': 1, 'y': 4}, {'x': 333, 'y': 4}, {'x': 333, 'y': 264}, {'x': 1, 'y': 264}]",1:1,box,236500,4:3,horizontal,86320,0.3649894291754756,positive
positive_949.jpg,/kaggle/input/musait/dataset/basket/positive_949.jpg,1,Believe in yourself,"[{'x': 92, 'y': 143}, {'x': 366, 'y': 143}, {'x': 366, 'y': 185}, {'x': 92, 'y': 185}]",5:4,horizontal,212500,Other,other,11508,0.054155294117647,positive
positive_950.jpg,/kaggle/input/musait/dataset/basket/positive_950.jpg,1,"BURNLAR
BURNLAB
#readytosweat
Your diet is a bank
account. Good food
choices are
GOOD
INVESTMENTS.","[{'x': 2, 'y': 34}, {'x': 1062, 'y': 34}, {'x': 1062, 'y': 1059}, {'x': 2, 'y': 1059}]",1:1,box,1166400,1:1,box,1086500,0.9314986282578877,positive
positive_951.jpg,/kaggle/input/musait/dataset/basket/positive_951.jpg,1,"shutter
Prem Sheela
utterstock
shutterstock
Prem Sheela
IT NEVER
Stutterstock
shutter
GETS EASIER,
YOU JUST
shutostock
GET BETTER.
stock
hutters
2
shutterstor
IMAGE ID: 1234836901
www.shutterstock.com","[{'x': 0, 'y': 0}, {'x': 1499, 'y': 0}, {'x': 1499, 'y': 1271}, {'x': 0, 'y': 1271}]",5:4,horizontal,1950000,5:4,horizontal,1905229,0.9770405128205129,positive
positive_952.jpg,/kaggle/input/musait/dataset/basket/positive_952.jpg,1,"Good
things
take
time.","[{'x': 212, 'y': 53}, {'x': 469, 'y': 53}, {'x': 469, 'y': 544}, {'x': 212, 'y': 544}]",3:2,horizontal,667000,2:3,vertical,126187,0.1891859070464767,positive
positive_953.jpg,/kaggle/input/musait/dataset/basket/positive_953.jpg,1,"""You're braver than
you believe, stronger
than you seem,
and smarter than
you think.”
A.A. MILNE, AUTHOR & POET
GH","[{'x': 155, 'y': 501}, {'x': 842, 'y': 501}, {'x': 842, 'y': 1440}, {'x': 155, 'y': 1440}]",3:4,vertical,1500000,3:4,vertical,645093,0.430062,positive
positive_954.jpg,/kaggle/input/musait/dataset/basket/positive_954.jpg,1,"My goal is not to
be better than
anyone else, but
to be better than I
used to be
www.Rishikajain.com","[{'x': 65, 'y': 11}, {'x': 396, 'y': 11}, {'x': 396, 'y': 257}, {'x': 65, 'y': 257}]",1:1,box,248500,4:3,horizontal,81426,0.3276700201207243,positive
positive_955.jpg,/kaggle/input/musait/dataset/basket/positive_955.jpg,1,"LET'S
START THE
JOURNEY
->>>","[{'x': 283, 'y': 262}, {'x': 670, 'y': 262}, {'x': 670, 'y': 596}, {'x': 283, 'y': 596}]",4:3,horizontal,740720,5:4,horizontal,129258,0.1745031860892105,positive
positive_956.jpg,/kaggle/input/musait/dataset/basket/positive_956.jpg,1,"Don't Cry
BECAUSE IT'S OVER
Smile X
BECAUSE IT HAPPENED
Х Х
=
X","[{'x': 32, 'y': 319}, {'x': 727, 'y': 319}, {'x': 727, 'y': 876}, {'x': 32, 'y': 876}]",3:4,vertical,750000,4:3,horizontal,387115,0.5161533333333334,positive
positive_957.jpg,/kaggle/input/musait/dataset/basket/positive_957.jpg,1,"GOOD THINGS
WILL COME
FACEBOOK.COM/HUmtsvartal Quote","[{'x': 15, 'y': 112}, {'x': 211, 'y': 112}, {'x': 211, 'y': 224}, {'x': 15, 'y': 224}]",1:1,box,50625,16:9,horizontal,21952,0.4336197530864197,positive
positive_958.jpg,/kaggle/input/musait/dataset/basket/positive_958.jpg,1,"IN A GENTLE WAY,
YOU CAN SHAKE
THE WORLD
MAHATMA GANDHI
Happy 360
lives
WWW.HAPPYLIVES 360.COM","[{'x': 133, 'y': 278}, {'x': 563, 'y': 278}, {'x': 563, 'y': 794}, {'x': 133, 'y': 794}]",3:4,vertical,585900,3:4,vertical,221880,0.3786994367639529,positive
positive_959.jpg,/kaggle/input/musait/dataset/basket/positive_959.jpg,1,"""HOWEVER DIFFICULT LIFE
MAY SEEM, THERE IS ALWAYS
SOMETHING YOU CAN DO AND
SUCCEED AT.""","[{'x': 239, 'y': 59}, {'x': 538, 'y': 59}, {'x': 538, 'y': 167}, {'x': 239, 'y': 167}]",Other,other,114400,Other,other,32292,0.2822727272727273,positive
positive_960.jpg,/kaggle/input/musait/dataset/basket/positive_960.jpg,1,"m3
ल
m
The art of
being happy is
to be satisfied
with what you
have.","[{'x': 35, 'y': 206}, {'x': 462, 'y': 206}, {'x': 462, 'y': 563}, {'x': 35, 'y': 563}]",3:4,vertical,300000,4:3,horizontal,152439,0.50813,positive
positive_961.jpg,/kaggle/input/musait/dataset/basket/positive_961.jpg,1,"Happy
Mind
Happy
Life.","[{'x': 351, 'y': 368}, {'x': 871, 'y': 368}, {'x': 871, 'y': 967}, {'x': 351, 'y': 967}]",1:1,box,1440000,1:1,box,311480,0.2163055555555555,positive
positive_962.jpg,/kaggle/input/musait/dataset/basket/positive_962.jpg,1,"BE HAPPY AND
SMILE
Estd.
1991 ist","[{'x': 133, 'y': 52}, {'x': 1773, 'y': 52}, {'x': 1773, 'y': 1871}, {'x': 133, 'y': 1871}]",1:1,box,3686400,1:1,box,2983160,0.8092339409722222,positive
positive_963.jpg,/kaggle/input/musait/dataset/basket/positive_963.jpg,1,"Happy are those who take
life day by day, complain
very little, and are thankful
for the small things
in life.
Daily funny Quotes.com","[{'x': 116, 'y': 379}, {'x': 590, 'y': 379}, {'x': 590, 'y': 1020}, {'x': 116, 'y': 1020}]",3:4,vertical,734300,3:4,vertical,303834,0.4137736619910118,positive
positive_964.jpg,/kaggle/input/musait/dataset/basket/positive_964.jpg,1,"A POSITIVE DAY
BEGINS WITH
A POSITIVE
MINDSET.
WWW.GIRLBOSSVIBES.COM","[{'x': 73, 'y': 318}, {'x': 614, 'y': 318}, {'x': 614, 'y': 747}, {'x': 73, 'y': 747}]",3:4,vertical,699392,4:3,horizontal,232089,0.331843944454612,positive
positive_965.jpg,/kaggle/input/musait/dataset/basket/positive_965.jpg,1,"· HAPPINESS
IS A MOOD.
POSITIVITY
IS A MINDSET.
@POSITIVELY PRESENT
*","[{'x': 32, 'y': 147}, {'x': 622, 'y': 147}, {'x': 622, 'y': 543}, {'x': 32, 'y': 543}]",1:1,box,518400,3:2,horizontal,233640,0.4506944444444444,positive
positive_966.jpg,/kaggle/input/musait/dataset/basket/positive_966.jpg,1,BE HAPPY,"[{'x': 105, 'y': 322}, {'x': 424, 'y': 322}, {'x': 424, 'y': 423}, {'x': 105, 'y': 423}]",3:4,vertical,387600,Other,other,32219,0.0831243550051599,positive
positive_967.jpg,/kaggle/input/musait/dataset/basket/positive_967.jpg,1,"Life goes by too quickly.
So laugh, love and try new things.
Forgive, forget and don't hold grudges.
Choose to be HAPPY.","[{'x': 27, 'y': 130}, {'x': 539, 'y': 130}, {'x': 539, 'y': 316}, {'x': 27, 'y': 316}]",1:1,box,346521,Other,other,95232,0.2748231708900759,positive
positive_968.jpg,/kaggle/input/musait/dataset/basket/positive_968.jpg,1,"Take
time to
do what
makes
your
Soul
happy","[{'x': 246, 'y': 153}, {'x': 513, 'y': 153}, {'x': 513, 'y': 823}, {'x': 246, 'y': 823}]",3:4,vertical,808500,2:5,vertical,178890,0.2212615955473098,positive
positive_969.jpg,/kaggle/input/musait/dataset/basket/positive_969.jpg,1,"""WHEN YOU FINALLY
LEARN YOUR
SELF-WORTH...
YOU STOP GIVING
OTHERS
DISCOUNTS""
quoteslife143.online","[{'x': 14, 'y': 133}, {'x': 706, 'y': 133}, {'x': 706, 'y': 1032}, {'x': 14, 'y': 1032}]",3:4,vertical,810705,3:4,vertical,622108,0.7673666746843797,positive
positive_970.jpg,/kaggle/input/musait/dataset/basket/positive_970.jpg,1,"ALWAYS
REMEMBER.
YOUR FOCUS
DETERMINES
YOUR REALITY 99
George Lucas","[{'x': 61, 'y': 172}, {'x': 461, 'y': 172}, {'x': 461, 'y': 595}, {'x': 61, 'y': 595}]",1:1,box,540225,1:1,box,169200,0.3132028321532695,positive
positive_971.jpg,/kaggle/input/musait/dataset/basket/positive_971.jpg,1,"""Life isn't about finding
yourself. Life is about
creating yourself.
-George Bernard Shaw","[{'x': 73, 'y': 130}, {'x': 632, 'y': 130}, {'x': 632, 'y': 408}, {'x': 73, 'y': 408}]",1:1,box,540225,16:9,horizontal,155402,0.2876616224721181,positive
positive_972.jpg,/kaggle/input/musait/dataset/basket/positive_972.jpg,1,"""Miracles happen
everyday, change your
perception of what a
miracle is and you'll see
them all around you.
-Jon Bon Jovi","[{'x': 79, 'y': 117}, {'x': 660, 'y': 117}, {'x': 660, 'y': 534}, {'x': 79, 'y': 534}]",1:1,box,540225,4:3,horizontal,242277,0.4484742468415937,positive
positive_973.jpg,/kaggle/input/musait/dataset/basket/positive_973.jpg,1,"Don't try to overhaul
your life overnight.
Instead, focus on making one
small change at a time.
Over time, those small changes
will add up to big
transformation.
Don't give up!","[{'x': 54, 'y': 75}, {'x': 688, 'y': 75}, {'x': 688, 'y': 691}, {'x': 54, 'y': 691}]",1:1,box,532875,1:1,box,390544,0.7328998357963875,positive
positive_974.jpg,/kaggle/input/musait/dataset/basket/positive_974.jpg,1,"Stay positive and happy.
Work hard and don't give up
hope. Be open to criticism
and keep learning. Surround
yourself with happy, warm
and genuine people.
DreamsQuote.Com","[{'x': 108, 'y': 364}, {'x': 629, 'y': 364}, {'x': 629, 'y': 1084}, {'x': 108, 'y': 1084}]",3:4,vertical,809235,3:4,vertical,375120,0.4635489073013401,positive
positive_975.jpg,/kaggle/input/musait/dataset/basket/positive_975.jpg,1,"LIFE
IS LIKE RIDING
A BICYCLE.
TO KEEP YOUR
BALANCE YOU MUST
KEEP MOVING.
ALBERT EINSTEIN","[{'x': 351, 'y': 160}, {'x': 696, 'y': 160}, {'x': 696, 'y': 628}, {'x': 351, 'y': 628}]",1:1,box,540225,3:4,vertical,161460,0.2988754685547688,positive
positive_976.jpg,/kaggle/input/musait/dataset/basket/positive_976.jpg,1,"The rain will pass. Keep
your head up. Look for
the rainbow.
DreamsQuote.Com","[{'x': 110, 'y': 355}, {'x': 628, 'y': 355}, {'x': 628, 'y': 1083}, {'x': 110, 'y': 1083}]",3:4,vertical,809235,3:4,vertical,377104,0.4660006055101423,positive
positive_977.jpg,/kaggle/input/musait/dataset/basket/positive_977.jpg,1,"❝❝ WE MAY
ENCOUNTER
MANY
DEFEATS
BUT WE MUST
NOT BE
DEFEATED.""
-Maya Angelou","[{'x': 37, 'y': 75}, {'x': 582, 'y': 75}, {'x': 582, 'y': 601}, {'x': 37, 'y': 601}]",1:1,box,540225,1:1,box,286670,0.5306492665093249,positive
positive_978.jpg,/kaggle/input/musait/dataset/basket/positive_978.jpg,1,"""Only in the darkness
can you see the
stars.""
- Martin Luther King","[{'x': 58, 'y': 75}, {'x': 673, 'y': 75}, {'x': 673, 'y': 483}, {'x': 58, 'y': 483}]",2:3,vertical,926100,3:2,horizontal,250920,0.2709426627793975,positive
positive_979.jpg,/kaggle/input/musait/dataset/basket/positive_979.jpg,1,"Keep putting out good. It will
come back to you tenfold in
unexpected ways.
DreamsQuote.Com","[{'x': 113, 'y': 356}, {'x': 631, 'y': 356}, {'x': 631, 'y': 1081}, {'x': 113, 'y': 1081}]",3:4,vertical,809235,3:4,vertical,375550,0.4640802733445785,positive
positive_980.jpg,/kaggle/input/musait/dataset/basket/positive_980.jpg,1,"The safest
place to be
is within
the will
of God.
howtopraythescriptures.com","[{'x': 33, 'y': 83}, {'x': 701, 'y': 83}, {'x': 701, 'y': 737}, {'x': 33, 'y': 737}]",1:1,box,560805,1:1,box,436872,0.7790087463556852,positive
positive_981.jpg,/kaggle/input/musait/dataset/basket/positive_981.jpg,1,"""To improve is to change;
to be perfect is to change often.
-Winston Churchill","[{'x': 76, 'y': 120}, {'x': 661, 'y': 120}, {'x': 661, 'y': 299}, {'x': 76, 'y': 299}]",1:1,box,540225,Other,other,104715,0.1938359017076218,positive
positive_982.jpg,/kaggle/input/musait/dataset/basket/positive_982.jpg,1,"3
Corporate Bytes
IF YOU CAN REMAIN CALM
IN A STRESSFUL SITUATION,
YOU WIN.","[{'x': 35, 'y': 291}, {'x': 701, 'y': 291}, {'x': 701, 'y': 557}, {'x': 35, 'y': 557}]",1:1,box,540225,Other,other,177156,0.3279300291545189,positive
positive_983.jpg,/kaggle/input/musait/dataset/basket/positive_983.jpg,1,"BEING HAPPY
DOESN'T MEAN THAT
EVERYTHING IS
PERFECT. IT MEANS
THAT YOU'VE DECIDED
TO LOOK BEYOND
THE IMPERFECTIONS.
KUSHANDWIZDOM","[{'x': 102, 'y': 300}, {'x': 632, 'y': 300}, {'x': 632, 'y': 702}, {'x': 102, 'y': 702}]",3:4,vertical,720300,4:3,horizontal,213060,0.2957934194085798,positive
positive_984.jpg,/kaggle/input/musait/dataset/basket/positive_984.jpg,1,"The two
most important
days in your
life are the
day you
are born
and the day
you find
out why.
Mark Twain
List Inspire","[{'x': 79, 'y': 275}, {'x': 729, 'y': 275}, {'x': 729, 'y': 1164}, {'x': 79, 'y': 1164}]",3:4,vertical,863625,3:4,vertical,577850,0.6690982776089159,positive
positive_985.jpg,/kaggle/input/musait/dataset/basket/positive_985.jpg,1,"""The most wasted
of all days is one
without laughter.""
Nicholas Chamfort","[{'x': 35, 'y': 66}, {'x': 684, 'y': 66}, {'x': 684, 'y': 359}, {'x': 35, 'y': 359}]",1:1,box,540225,21:9,horizontal,190157,0.3519959276227498,positive
positive_986.jpg,/kaggle/input/musait/dataset/basket/positive_986.jpg,1,"66 Sometimes you
will never know
the value of a
moment until
it becomes
a memory.
.""
Dr. Seuss","[{'x': 50, 'y': 87}, {'x': 645, 'y': 87}, {'x': 645, 'y': 638}, {'x': 50, 'y': 638}]",1:1,box,540225,1:1,box,327845,0.6068675089083252,positive
positive_987.jpg,/kaggle/input/musait/dataset/basket/positive_987.jpg,1,"JUST BECAUSE
MY PATH
IS DIFFERENT
DOESN'T MEAN
I'M LOST.","[{'x': 96, 'y': 233}, {'x': 637, 'y': 233}, {'x': 637, 'y': 867}, {'x': 96, 'y': 867}]",3:4,vertical,753375,1:1,box,342994,0.4552765886842542,positive
positive_988.jpg,/kaggle/input/musait/dataset/basket/positive_988.jpg,1,"NOTHING
worth having
COMES EASY","[{'x': 145, 'y': 308}, {'x': 584, 'y': 308}, {'x': 584, 'y': 797}, {'x': 145, 'y': 797}]",3:4,vertical,768075,1:1,box,214671,0.279492237086222,positive
positive_989.jpg,/kaggle/input/musait/dataset/basket/positive_989.jpg,1,"TODAYS
Мама
合
Shoot fe
the
moon.
Even you miss,
you'll land among the
stars.
-Les Brown","[{'x': 16, 'y': 122}, {'x': 633, 'y': 122}, {'x': 633, 'y': 544}, {'x': 16, 'y': 544}]",4:3,horizontal,404985,4:3,horizontal,260374,0.6429225773794092,positive
positive_990.jpg,/kaggle/input/musait/dataset/basket/positive_990.jpg,1,"""Live with no
excuses and
travel with no
regrets""
A ADVENTURE IN YOU","[{'x': 105, 'y': 256}, {'x': 626, 'y': 256}, {'x': 626, 'y': 1065}, {'x': 105, 'y': 1065}]",3:4,vertical,803355,3:4,vertical,421489,0.5246609531278202,positive
positive_991.jpg,/kaggle/input/musait/dataset/basket/positive_991.jpg,1,"Life is too short to argue and
fight. Count your blessings.
Love the friends & family that
are always there for you. Smile
more often and make the most
of every day.
-
- Unknown","[{'x': 98, 'y': 366}, {'x': 638, 'y': 366}, {'x': 638, 'y': 872}, {'x': 98, 'y': 872}]",3:4,vertical,808500,1:1,box,273240,0.3379591836734694,positive
positive_992.jpg,/kaggle/input/musait/dataset/basket/positive_992.jpg,1,"3.
Celebrate
BE THE REASON
SOMEBODY
SMILES TODAY.
Helen Barry, Positive Vibes Amalayana
be happy
beauty","[{'x': 8, 'y': 13}, {'x': 727, 'y': 13}, {'x': 727, 'y': 734}, {'x': 8, 'y': 734}]",1:1,box,540225,1:1,box,518399,0.9595983155166828,positive
positive_993.jpg,/kaggle/input/musait/dataset/basket/positive_993.jpg,1,"Sometimes you have to
stop thinking so much
and just go where your
heart takes
you.
ExplorePic.Com","[{'x': 111, 'y': 355}, {'x': 626, 'y': 355}, {'x': 626, 'y': 1085}, {'x': 111, 'y': 1085}]",3:4,vertical,808500,3:4,vertical,375950,0.4649969078540507,positive
positive_994.jpg,/kaggle/input/musait/dataset/basket/positive_994.jpg,1,"Your best teacher is
your last mistake.
DreamsQuote.Com","[{'x': 145, 'y': 353}, {'x': 588, 'y': 353}, {'x': 588, 'y': 1076}, {'x': 145, 'y': 1076}]",3:4,vertical,809235,3:4,vertical,320289,0.3957923223785426,positive
positive_995.jpg,/kaggle/input/musait/dataset/basket/positive_995.jpg,1,"66
Just keep taking
chances and
having fun,,
Garth Brooks","[{'x': 129, 'y': 157}, {'x': 587, 'y': 157}, {'x': 587, 'y': 466}, {'x': 129, 'y': 466}]",1:1,box,540225,4:3,horizontal,141522,0.2619686241843676,positive
positive_996.jpg,/kaggle/input/musait/dataset/basket/positive_996.jpg,1,"66
Never regret anything
that made you smile,,
- Mark Twain","[{'x': 15, 'y': 144}, {'x': 710, 'y': 144}, {'x': 710, 'y': 392}, {'x': 15, 'y': 392}]",1:1,box,540225,Other,other,172360,0.3190522467490397,positive
positive_997.jpg,/kaggle/input/musait/dataset/basket/positive_997.jpg,1,"Click Here
if you don't
imagine, nothing
ever happens
at all.
- JOHN GREEN
MrGreat","[{'x': 29, 'y': 32}, {'x': 608, 'y': 32}, {'x': 608, 'y': 1126}, {'x': 29, 'y': 1126}]",3:4,vertical,843045,2:3,vertical,633426,0.7513549098802556,positive
positive_998.jpg,/kaggle/input/musait/dataset/basket/positive_998.jpg,1,"OF COURSE IT'S HARD.
IT'S SUPPOSED TO BE
HARD. IF IT WERE EASY,
EVERYBODY WOULD DO
IT. HARD IS WHAT
MAKES IT GREAT.
DAILYFUNNYQUOTE.COM","[{'x': 78, 'y': 296}, {'x': 660, 'y': 296}, {'x': 660, 'y': 1051}, {'x': 78, 'y': 1051}]",3:4,vertical,810705,3:4,vertical,439410,0.5420097322700612,positive
positive_999.jpg,/kaggle/input/musait/dataset/basket/positive_999.jpg,1,"IT IS A LONG ROAD,
IT SEEMS IMPOSSIBLE
BUT IT WILL BE
WORTH IT
DAILYFUNNYQUOTE.COM","[{'x': 61, 'y': 347}, {'x': 667, 'y': 347}, {'x': 667, 'y': 1051}, {'x': 61, 'y': 1051}]",3:4,vertical,810705,1:1,box,426624,0.5262382740947694,positive
