filename,filepath,text-detected,gen-text,sentiment
negative_001.jpg,/kaggle/input/musait/dataset/basket/negative_001.jpg,1,,negative
negative_002.jpg,/kaggle/input/musait/dataset/basket/negative_002.jpg,1,,negative
negative_003.jpg,/kaggle/input/musait/dataset/basket/negative_003.jpg,0,a group of people standing around a building that has been demolished,negative
negative_004.jpg,/kaggle/input/musait/dataset/basket/negative_004.jpg,0,a boy stands in rubble near a destroyed building,negative
negative_006.jpg,/kaggle/input/musait/dataset/basket/negative_006.jpg,1,,negative
negative_007.jpg,/kaggle/input/musait/dataset/basket/negative_007.jpg,1,,negative
negative_008.jpg,/kaggle/input/musait/dataset/basket/negative_008.jpg,1,,negative
negative_009.jpg,/kaggle/input/musait/dataset/basket/negative_009.jpg,0,people walk through a flooded street in venice,negative
negative_011.jpg,/kaggle/input/musait/dataset/basket/negative_011.jpg,1,,negative
negative_012.jpg,/kaggle/input/musait/dataset/basket/negative_012.jpg,1,,negative
negative_013.jpg,/kaggle/input/musait/dataset/basket/negative_013.jpg,0,a man walks through a destroyed street in haiti,negative
negative_014.jpg,/kaggle/input/musait/dataset/basket/negative_014.jpg,0,people walk along the beach as waves crash into the shore,negative
negative_016.jpg,/kaggle/input/musait/dataset/basket/negative_016.jpg,1,,negative
negative_018.jpg,/kaggle/input/musait/dataset/basket/negative_018.jpg,0,a street with rubble and trees in the background,negative
negative_019.jpg,/kaggle/input/musait/dataset/basket/negative_019.jpg,0,a woman holding a child in a flooded area,negative
negative_020.jpg,/kaggle/input/musait/dataset/basket/negative_020.jpg,1,,negative
negative_021.jpeg,/kaggle/input/musait/dataset/basket/negative_021.jpeg,1,,negative
negative_024.jpg,/kaggle/input/musait/dataset/basket/negative_024.jpg,0,people are washing dishes in a muddy area,negative
negative_025.jpg,/kaggle/input/musait/dataset/basket/negative_025.jpg,0,people walk down a street in the aftermath of typhoon person,negative
negative_026.jpeg,/kaggle/input/musait/dataset/basket/negative_026.jpeg,1,,negative
negative_028.jpg,/kaggle/input/musait/dataset/basket/negative_028.jpg,0,workers are working on a house that has been damaged by a landslide,negative
negative_029.jpg,/kaggle/input/musait/dataset/basket/negative_029.jpg,0,a building is being demolished in front of a large building,negative
negative_030.jpg,/kaggle/input/musait/dataset/basket/negative_030.jpg,1,,negative
negative_031.jpg,/kaggle/input/musait/dataset/basket/negative_031.jpg,1,,negative
negative_033.jpg,/kaggle/input/musait/dataset/basket/negative_033.jpg,0,a fire burns in the forest near trees,negative
negative_034.jpg,/kaggle/input/musait/dataset/basket/negative_034.jpg,0,women in india pray for rain,negative
negative_035.jpg,/kaggle/input/musait/dataset/basket/negative_035.jpg,1,,negative
negative_036.jpeg,/kaggle/input/musait/dataset/basket/negative_036.jpeg,1,,negative
negative_037.jpg,/kaggle/input/musait/dataset/basket/negative_037.jpg,1,,negative
negative_038.jpg,/kaggle/input/musait/dataset/basket/negative_038.jpg,0,people are standing around a mattress in a yard,negative
negative_041.jpeg,/kaggle/input/musait/dataset/basket/negative_041.jpeg,1,,negative
negative_043.jpg,/kaggle/input/musait/dataset/basket/negative_043.jpg,0,a firefighter is standing in front of a burning house,negative
negative_044.jpg,/kaggle/input/musait/dataset/basket/negative_044.jpg,0,people walk through rubble in a city,negative
negative_045.jpg,/kaggle/input/musait/dataset/basket/negative_045.jpg,1,,negative
negative_046.jpeg,/kaggle/input/musait/dataset/basket/negative_046.jpeg,1,,negative
negative_048.jpg,/kaggle/input/musait/dataset/basket/negative_048.jpg,0,a man carries a baby in his arms as he walks through a crowd,negative
negative_049.jpg,/kaggle/input/musait/dataset/basket/negative_049.jpg,1,,negative
negative_050.jpg,/kaggle/input/musait/dataset/basket/negative_050.jpg,1,,negative
negative_051.jpeg,/kaggle/input/musait/dataset/basket/negative_051.jpeg,1,,negative
negative_052.jpg,/kaggle/input/musait/dataset/basket/negative_052.jpg,1,,negative
negative_053.jpg,/kaggle/input/musait/dataset/basket/negative_053.jpg,0,a woman stands in front of a pile of rubble,negative
negative_054.jpg,/kaggle/input/musait/dataset/basket/negative_054.jpg,0,a group of soldiers are in the field with a gun,negative
negative_056.jpeg,/kaggle/input/musait/dataset/basket/negative_056.jpeg,1,,negative
negative_057.jpg,/kaggle/input/musait/dataset/basket/negative_057.jpg,1,,negative
negative_058.jpeg,/kaggle/input/musait/dataset/basket/negative_058.jpeg,0,"the cover of the book, the battle of the bulge",negative
negative_059.jpg,/kaggle/input/musait/dataset/basket/negative_059.jpg,0,the battle of the great battle of the civil war,negative
negative_061.jpeg,/kaggle/input/musait/dataset/basket/negative_061.jpeg,1,,negative
negative_063.jpeg,/kaggle/input/musait/dataset/basket/negative_063.jpeg,0,a group of tanks in a field with people standing around them,negative
negative_064.jpg,/kaggle/input/musait/dataset/basket/negative_064.jpg,0,soldiers running through a field with smoke coming out of the ground,negative
negative_065.jpg,/kaggle/input/musait/dataset/basket/negative_065.jpg,1,,negative
negative_066.jpeg,/kaggle/input/musait/dataset/basket/negative_066.jpeg,1,,negative
negative_067.jpg,/kaggle/input/musait/dataset/basket/negative_067.jpg,1,,negative
negative_068.jpeg,/kaggle/input/musait/dataset/basket/negative_068.jpeg,0,two men walking in a field with helicopters flying overhead,negative
negative_069.jpg,/kaggle/input/musait/dataset/basket/negative_069.jpg,0,the battle of the bulge,negative
negative_071.jpeg,/kaggle/input/musait/dataset/basket/negative_071.jpeg,0,a black and white photo of soldiers flying over a field,negative
negative_072.jpg,/kaggle/input/musait/dataset/basket/negative_072.jpg,0,rescuers carry a body of a person from the rubble of a destroyed building in the town of,negative
negative_073.png,/kaggle/input/musait/dataset/basket/negative_073.png,1,,negative
negative_075.png,/kaggle/input/musait/dataset/basket/negative_075.png,1,,negative
negative_077.jpg,/kaggle/input/musait/dataset/basket/negative_077.jpg,0,a building that has been destroyed by the earthquake,negative
negative_078.jpeg,/kaggle/input/musait/dataset/basket/negative_078.jpeg,1,,negative
negative_080.jpeg,/kaggle/input/musait/dataset/basket/negative_080.jpeg,1,,negative
negative_081.jpg,/kaggle/input/musait/dataset/basket/negative_081.jpg,1,,negative
negative_082.jpg,/kaggle/input/musait/dataset/basket/negative_082.jpg,0,a car that has been destroyed by a truck,negative
negative_085.jpg,/kaggle/input/musait/dataset/basket/negative_085.jpg,1,,negative
negative_087.jpeg,/kaggle/input/musait/dataset/basket/negative_087.jpeg,1,,negative
negative_088.jpeg,/kaggle/input/musait/dataset/basket/negative_088.jpeg,1,,negative
negative_089.jpg,/kaggle/input/musait/dataset/basket/negative_089.jpg,1,,negative
negative_091.jpeg,/kaggle/input/musait/dataset/basket/negative_091.jpeg,1,,negative
negative_092.jpeg,/kaggle/input/musait/dataset/basket/negative_092.jpeg,1,,negative
negative_093.jpg,/kaggle/input/musait/dataset/basket/negative_093.jpg,1,,negative
negative_094.jpg,/kaggle/input/musait/dataset/basket/negative_094.jpg,0,a child in a park,negative
negative_096.jpeg,/kaggle/input/musait/dataset/basket/negative_096.jpeg,1,,negative
negative_098.jpg,/kaggle/input/musait/dataset/basket/negative_098.jpg,1,,negative
negative_099.jpg,/kaggle/input/musait/dataset/basket/negative_099.jpg,1,,negative
negative_101.png,/kaggle/input/musait/dataset/basket/negative_101.png,1,,negative
negative_102.jpg,/kaggle/input/musait/dataset/basket/negative_102.jpg,1,,negative
negative_103.jpg,/kaggle/input/musait/dataset/basket/negative_103.jpg,1,,negative
negative_104.jpeg,/kaggle/input/musait/dataset/basket/negative_104.jpeg,1,,negative
negative_105.jpg,/kaggle/input/musait/dataset/basket/negative_105.jpg,1,,negative
negative_106.jpg,/kaggle/input/musait/dataset/basket/negative_106.jpg,0,a boy in a purple shirt is crying,negative
negative_108.jpeg,/kaggle/input/musait/dataset/basket/negative_108.jpeg,1,,negative
negative_110.jpg,/kaggle/input/musait/dataset/basket/negative_110.jpg,0,a man and woman are sitting on the couch and holding tissues,negative
negative_111.jpg,/kaggle/input/musait/dataset/basket/negative_111.jpg,1,,negative
negative_112.jpeg,/kaggle/input/musait/dataset/basket/negative_112.jpeg,1,,negative
negative_115.jpg,/kaggle/input/musait/dataset/basket/negative_115.jpg,1,,negative
negative_116.jpeg,/kaggle/input/musait/dataset/basket/negative_116.jpeg,1,,negative
negative_118.jpg,/kaggle/input/musait/dataset/basket/negative_118.jpg,0,two men standing next to an airplane that has been destroyed,negative
negative_119.jpg,/kaggle/input/musait/dataset/basket/negative_119.jpg,1,,negative
negative_120.jpeg,/kaggle/input/musait/dataset/basket/negative_120.jpeg,1,,negative
negative_122.jpg,/kaggle/input/musait/dataset/basket/negative_122.jpg,0,two women and a man are fighting in a room,negative
negative_123.jpg,/kaggle/input/musait/dataset/basket/negative_123.jpg,1,,negative
negative_124.jpeg,/kaggle/input/musait/dataset/basket/negative_124.jpeg,1,,negative
negative_125.jpg,/kaggle/input/musait/dataset/basket/negative_125.jpg,0,a woman is being pushed by a crowd of people,negative
negative_126.jpeg,/kaggle/input/musait/dataset/basket/negative_126.jpeg,1,,negative
negative_129.jpg,/kaggle/input/musait/dataset/basket/negative_129.jpg,1,,negative
negative_130.jpeg,/kaggle/input/musait/dataset/basket/negative_130.jpeg,1,,negative
negative_131.jpg,/kaggle/input/musait/dataset/basket/negative_131.jpg,0,a man sits on the ground near a pile of bags,negative
negative_133.jpg,/kaggle/input/musait/dataset/basket/negative_133.jpg,0,people wearing face masks in a crowd,negative
negative_134.png,/kaggle/input/musait/dataset/basket/negative_134.png,1,,negative
negative_137.jpg,/kaggle/input/musait/dataset/basket/negative_137.jpg,0,a framed photo of a man sitting on a chair,negative
negative_138.jpg,/kaggle/input/musait/dataset/basket/negative_138.jpg,1,,negative
negative_140.jpg,/kaggle/input/musait/dataset/basket/negative_140.jpg,0,a man is sitting on a bench with a large bed,negative
negative_141.jpg,/kaggle/input/musait/dataset/basket/negative_141.jpg,1,,negative
negative_142.jpg,/kaggle/input/musait/dataset/basket/negative_142.jpg,1,,negative
negative_143.jpg,/kaggle/input/musait/dataset/basket/negative_143.jpg,0,two women wearing face masks sit in the back seat of a car,negative
negative_145.jpg,/kaggle/input/musait/dataset/basket/negative_145.jpg,1,,negative
negative_146.jpg,/kaggle/input/musait/dataset/basket/negative_146.jpg,0,people gather around a child who is lying on the ground,negative
negative_149.jpg,/kaggle/input/musait/dataset/basket/negative_149.jpg,0,a man in white robes kneeling by a fire,negative
negative_150.jpg,/kaggle/input/musait/dataset/basket/negative_150.jpg,1,,negative
negative_151.jpeg,/kaggle/input/musait/dataset/basket/negative_151.jpeg,1,,negative
negative_152.jpg,/kaggle/input/musait/dataset/basket/negative_152.jpg,0,a hospital room with beds and medical equipment,negative
negative_154.jpeg,/kaggle/input/musait/dataset/basket/negative_154.jpeg,1,,negative
negative_159.jpeg,/kaggle/input/musait/dataset/basket/negative_159.jpeg,1,,negative
negative_160.jpg,/kaggle/input/musait/dataset/basket/negative_160.jpg,1,,negative
negative_161.jpg,/kaggle/input/musait/dataset/basket/negative_161.jpg,1,,negative
negative_163.jpeg,/kaggle/input/musait/dataset/basket/negative_163.jpeg,0,gold bangles on a black background,negative
negative_165.jpg,/kaggle/input/musait/dataset/basket/negative_165.jpg,1,,negative
negative_166.jpg,/kaggle/input/musait/dataset/basket/negative_166.jpg,1,,negative
negative_168.jpg,/kaggle/input/musait/dataset/basket/negative_168.jpg,1,,negative
negative_171.jpg,/kaggle/input/musait/dataset/basket/negative_171.jpg,1,,negative
negative_173.jpg,/kaggle/input/musait/dataset/basket/negative_173.jpg,1,,negative
negative_175.jpg,/kaggle/input/musait/dataset/basket/negative_175.jpg,1,,negative
negative_177.jpg,/kaggle/input/musait/dataset/basket/negative_177.jpg,1,,negative
negative_179.jpg,/kaggle/input/musait/dataset/basket/negative_179.jpg,1,,negative
negative_180.jpg,/kaggle/input/musait/dataset/basket/negative_180.jpg,1,,negative
negative_183.jpg,/kaggle/input/musait/dataset/basket/negative_183.jpg,1,,negative
negative_184.jpg,/kaggle/input/musait/dataset/basket/negative_184.jpg,1,,negative
negative_186.jpeg,/kaggle/input/musait/dataset/basket/negative_186.jpeg,1,,negative
negative_188.jpg,/kaggle/input/musait/dataset/basket/negative_188.jpg,1,,negative
negative_191.jpg,/kaggle/input/musait/dataset/basket/negative_191.jpg,1,,negative
negative_193.jpeg,/kaggle/input/musait/dataset/basket/negative_193.jpeg,1,,negative
negative_194.jpeg,/kaggle/input/musait/dataset/basket/negative_194.jpeg,1,,negative
negative_197.jpeg,/kaggle/input/musait/dataset/basket/negative_197.jpeg,1,,negative
negative_199.jpg,/kaggle/input/musait/dataset/basket/negative_199.jpg,1,,negative
negative_200.jpg,/kaggle/input/musait/dataset/basket/negative_200.jpg,1,,negative
negative_203.jpeg,/kaggle/input/musait/dataset/basket/negative_203.jpeg,1,,negative
negative_205.jpeg,/kaggle/input/musait/dataset/basket/negative_205.jpeg,1,,negative
negative_206.jpeg,/kaggle/input/musait/dataset/basket/negative_206.jpeg,1,,negative
negative_209.jpeg,/kaggle/input/musait/dataset/basket/negative_209.jpeg,1,,negative
negative_210.jpeg,/kaggle/input/musait/dataset/basket/negative_210.jpeg,1,,negative
negative_213.jpeg,/kaggle/input/musait/dataset/basket/negative_213.jpeg,1,,negative
negative_215.jpg,/kaggle/input/musait/dataset/basket/negative_215.jpg,1,,negative
negative_216.jpg,/kaggle/input/musait/dataset/basket/negative_216.jpg,1,,negative
negative_218.jpg,/kaggle/input/musait/dataset/basket/negative_218.jpg,1,,negative
negative_221.jpg,/kaggle/input/musait/dataset/basket/negative_221.jpg,1,,negative
negative_223.jpg,/kaggle/input/musait/dataset/basket/negative_223.jpg,1,,negative
negative_225.jpg,/kaggle/input/musait/dataset/basket/negative_225.jpg,1,,negative
negative_227.jpg,/kaggle/input/musait/dataset/basket/negative_227.jpg,1,,negative
negative_229.jpg,/kaggle/input/musait/dataset/basket/negative_229.jpg,1,,negative
negative_230.jpg,/kaggle/input/musait/dataset/basket/negative_230.jpg,1,,negative
negative_232.jpg,/kaggle/input/musait/dataset/basket/negative_232.jpg,1,,negative
negative_235.jpg,/kaggle/input/musait/dataset/basket/negative_235.jpg,1,,negative
negative_236.jpg,/kaggle/input/musait/dataset/basket/negative_236.jpg,1,,negative
negative_238.jpg,/kaggle/input/musait/dataset/basket/negative_238.jpg,1,,negative
negative_241.jpg,/kaggle/input/musait/dataset/basket/negative_241.jpg,1,,negative
negative_243.jpg,/kaggle/input/musait/dataset/basket/negative_243.jpg,1,,negative
negative_246.jpg,/kaggle/input/musait/dataset/basket/negative_246.jpg,1,,negative
negative_248.jpg,/kaggle/input/musait/dataset/basket/negative_248.jpg,1,,negative
negative_250.jpg,/kaggle/input/musait/dataset/basket/negative_250.jpg,1,,negative
negative_251.jpg,/kaggle/input/musait/dataset/basket/negative_251.jpg,1,,negative
negative_252.jpg,/kaggle/input/musait/dataset/basket/negative_252.jpg,1,,negative
negative_254.jpg,/kaggle/input/musait/dataset/basket/negative_254.jpg,1,,negative
negative_257.jpg,/kaggle/input/musait/dataset/basket/negative_257.jpg,1,,negative
negative_259.jpg,/kaggle/input/musait/dataset/basket/negative_259.jpg,1,,negative
negative_260.jpg,/kaggle/input/musait/dataset/basket/negative_260.jpg,1,,negative
negative_262.jpg,/kaggle/input/musait/dataset/basket/negative_262.jpg,1,,negative
negative_264.jpg,/kaggle/input/musait/dataset/basket/negative_264.jpg,1,,negative
negative_267.jpg,/kaggle/input/musait/dataset/basket/negative_267.jpg,1,,negative
negative_269.jpg,/kaggle/input/musait/dataset/basket/negative_269.jpg,1,,negative
negative_270.jpg,/kaggle/input/musait/dataset/basket/negative_270.jpg,1,,negative
negative_273.jpg,/kaggle/input/musait/dataset/basket/negative_273.jpg,1,,negative
negative_274.jpg,/kaggle/input/musait/dataset/basket/negative_274.jpg,1,,negative
negative_277.jpg,/kaggle/input/musait/dataset/basket/negative_277.jpg,1,,negative
negative_278.jpeg,/kaggle/input/musait/dataset/basket/negative_278.jpeg,1,,negative
negative_280.jpg,/kaggle/input/musait/dataset/basket/negative_280.jpg,1,,negative
negative_283.jpg,/kaggle/input/musait/dataset/basket/negative_283.jpg,1,,negative
negative_285.jpg,/kaggle/input/musait/dataset/basket/negative_285.jpg,1,,negative
negative_286.jpeg,/kaggle/input/musait/dataset/basket/negative_286.jpeg,1,,negative
negative_288.jpeg,/kaggle/input/musait/dataset/basket/negative_288.jpeg,1,,negative
negative_290.jpeg,/kaggle/input/musait/dataset/basket/negative_290.jpeg,1,,negative
negative_293.jpeg,/kaggle/input/musait/dataset/basket/negative_293.jpeg,1,,negative
negative_294.jpg,/kaggle/input/musait/dataset/basket/negative_294.jpg,1,,negative
negative_297.jpg,/kaggle/input/musait/dataset/basket/negative_297.jpg,1,,negative
negative_298.jpg,/kaggle/input/musait/dataset/basket/negative_298.jpg,1,,negative
negative_301.jpg,/kaggle/input/musait/dataset/basket/negative_301.jpg,1,,negative
negative_302.jpeg,/kaggle/input/musait/dataset/basket/negative_302.jpeg,1,,negative
negative_304.jpeg,/kaggle/input/musait/dataset/basket/negative_304.jpeg,1,,negative
negative_307.jpeg,/kaggle/input/musait/dataset/basket/negative_307.jpeg,1,,negative
negative_308.jpg,/kaggle/input/musait/dataset/basket/negative_308.jpg,1,,negative
negative_311.jpg,/kaggle/input/musait/dataset/basket/negative_311.jpg,1,,negative
negative_313.jpg,/kaggle/input/musait/dataset/basket/negative_313.jpg,1,,negative
negative_314.jpeg,/kaggle/input/musait/dataset/basket/negative_314.jpeg,1,,negative
negative_317.jpeg,/kaggle/input/musait/dataset/basket/negative_317.jpeg,1,,negative
negative_318.jpeg,/kaggle/input/musait/dataset/basket/negative_318.jpeg,1,,negative
negative_321.jpeg,/kaggle/input/musait/dataset/basket/negative_321.jpeg,1,,negative
negative_322.jpeg,/kaggle/input/musait/dataset/basket/negative_322.jpeg,1,,negative
negative_324.jpeg,/kaggle/input/musait/dataset/basket/negative_324.jpeg,1,,negative
negative_327.jpeg,/kaggle/input/musait/dataset/basket/negative_327.jpeg,1,,negative
negative_329.jpeg,/kaggle/input/musait/dataset/basket/negative_329.jpeg,1,,negative
negative_331.jpeg,/kaggle/input/musait/dataset/basket/negative_331.jpeg,1,,negative
negative_333.jpg,/kaggle/input/musait/dataset/basket/negative_333.jpg,1,,negative
negative_335.jpg,/kaggle/input/musait/dataset/basket/negative_335.jpg,1,,negative
negative_337.jpeg,/kaggle/input/musait/dataset/basket/negative_337.jpeg,1,,negative
negative_339.jpeg,/kaggle/input/musait/dataset/basket/negative_339.jpeg,1,,negative
negative_341.jpeg,/kaggle/input/musait/dataset/basket/negative_341.jpeg,1,,negative
negative_343.jpeg,/kaggle/input/musait/dataset/basket/negative_343.jpeg,1,,negative
negative_344.jpeg,/kaggle/input/musait/dataset/basket/negative_344.jpeg,1,,negative
negative_347.jpeg,/kaggle/input/musait/dataset/basket/negative_347.jpeg,1,,negative
negative_349.jpg,/kaggle/input/musait/dataset/basket/negative_349.jpg,1,,negative
negative_350.jpg,/kaggle/input/musait/dataset/basket/negative_350.jpg,1,,negative
negative_352.jpeg,/kaggle/input/musait/dataset/basket/negative_352.jpeg,1,,negative
negative_354.jpeg,/kaggle/input/musait/dataset/basket/negative_354.jpeg,1,,negative
negative_357.jpeg,/kaggle/input/musait/dataset/basket/negative_357.jpeg,1,,negative
negative_359.jpeg,/kaggle/input/musait/dataset/basket/negative_359.jpeg,1,,negative
negative_360.jpeg,/kaggle/input/musait/dataset/basket/negative_360.jpeg,1,,negative
negative_362.jpeg,/kaggle/input/musait/dataset/basket/negative_362.jpeg,1,,negative
negative_364.jpg,/kaggle/input/musait/dataset/basket/negative_364.jpg,1,,negative
negative_367.jpg,/kaggle/input/musait/dataset/basket/negative_367.jpg,1,,negative
negative_371.jpg,/kaggle/input/musait/dataset/basket/negative_371.jpg,1,,negative
negative_372.jpeg,/kaggle/input/musait/dataset/basket/negative_372.jpeg,1,,negative
negative_375.jpeg,/kaggle/input/musait/dataset/basket/negative_375.jpeg,1,,negative
negative_377.jpeg,/kaggle/input/musait/dataset/basket/negative_377.jpeg,1,,negative
negative_379.jpg,/kaggle/input/musait/dataset/basket/negative_379.jpg,1,,negative
negative_380.jpg,/kaggle/input/musait/dataset/basket/negative_380.jpg,1,,negative
negative_384.jpeg,/kaggle/input/musait/dataset/basket/negative_384.jpeg,1,,negative
negative_387.jpeg,/kaggle/input/musait/dataset/basket/negative_387.jpeg,1,,negative
negative_388.jpeg,/kaggle/input/musait/dataset/basket/negative_388.jpeg,1,,negative
negative_390.jpeg,/kaggle/input/musait/dataset/basket/negative_390.jpeg,1,,negative
negative_393.jpeg,/kaggle/input/musait/dataset/basket/negative_393.jpeg,1,,negative
negative_394.jpeg,/kaggle/input/musait/dataset/basket/negative_394.jpeg,1,,negative
negative_397.jpeg,/kaggle/input/musait/dataset/basket/negative_397.jpeg,1,,negative
negative_399.jpeg,/kaggle/input/musait/dataset/basket/negative_399.jpeg,1,,negative
negative_400.jpeg,/kaggle/input/musait/dataset/basket/negative_400.jpeg,1,,negative
negative_403.jpeg,/kaggle/input/musait/dataset/basket/negative_403.jpeg,1,,negative
negative_404.jpeg,/kaggle/input/musait/dataset/basket/negative_404.jpeg,1,,negative
negative_406.jpeg,/kaggle/input/musait/dataset/basket/negative_406.jpeg,1,,negative
negative_408.jpeg,/kaggle/input/musait/dataset/basket/negative_408.jpeg,1,,negative
negative_410.jpg,/kaggle/input/musait/dataset/basket/negative_410.jpg,1,,negative
negative_413.jpeg,/kaggle/input/musait/dataset/basket/negative_413.jpeg,1,,negative
negative_415.jpeg,/kaggle/input/musait/dataset/basket/negative_415.jpeg,1,,negative
negative_416.jpg,/kaggle/input/musait/dataset/basket/negative_416.jpg,1,,negative
negative_419.jpeg,/kaggle/input/musait/dataset/basket/negative_419.jpeg,1,,negative
negative_420.jpeg,/kaggle/input/musait/dataset/basket/negative_420.jpeg,1,,negative
negative_422.jpeg,/kaggle/input/musait/dataset/basket/negative_422.jpeg,1,,negative
negative_425.jpeg,/kaggle/input/musait/dataset/basket/negative_425.jpeg,1,,negative
negative_426.jpeg,/kaggle/input/musait/dataset/basket/negative_426.jpeg,1,,negative
negative_429.jpg,/kaggle/input/musait/dataset/basket/negative_429.jpg,1,,negative
negative_430.jpeg,/kaggle/input/musait/dataset/basket/negative_430.jpeg,1,,negative
negative_432.jpg,/kaggle/input/musait/dataset/basket/negative_432.jpg,1,,negative
negative_433.jpg,/kaggle/input/musait/dataset/basket/negative_433.jpg,1,,negative
negative_436.jpeg,/kaggle/input/musait/dataset/basket/negative_436.jpeg,1,,negative
negative_438.jpeg,/kaggle/input/musait/dataset/basket/negative_438.jpeg,1,,negative
negative_439.jpeg,/kaggle/input/musait/dataset/basket/negative_439.jpeg,1,,negative
negative_441.jpg,/kaggle/input/musait/dataset/basket/negative_441.jpg,1,,negative
negative_444.jpeg,/kaggle/input/musait/dataset/basket/negative_444.jpeg,1,,negative
negative_445.jpg,/kaggle/input/musait/dataset/basket/negative_445.jpg,1,,negative
negative_448.jpeg,/kaggle/input/musait/dataset/basket/negative_448.jpeg,1,,negative
negative_449.jpg,/kaggle/input/musait/dataset/basket/negative_449.jpg,1,,negative
negative_451.jpeg,/kaggle/input/musait/dataset/basket/negative_451.jpeg,1,,negative
negative_453.jpeg,/kaggle/input/musait/dataset/basket/negative_453.jpeg,1,,negative
negative_454.jpeg,/kaggle/input/musait/dataset/basket/negative_454.jpeg,1,,negative
negative_456.jpeg,/kaggle/input/musait/dataset/basket/negative_456.jpeg,1,,negative
negative_458.jpeg,/kaggle/input/musait/dataset/basket/negative_458.jpeg,1,,negative
negative_460.jpg,/kaggle/input/musait/dataset/basket/negative_460.jpg,1,,negative
negative_463.jpg,/kaggle/input/musait/dataset/basket/negative_463.jpg,1,,negative
negative_465.jpeg,/kaggle/input/musait/dataset/basket/negative_465.jpeg,1,,negative
negative_466.jpeg,/kaggle/input/musait/dataset/basket/negative_466.jpeg,1,,negative
negative_469.jpeg,/kaggle/input/musait/dataset/basket/negative_469.jpeg,1,,negative
negative_470.jpeg,/kaggle/input/musait/dataset/basket/negative_470.jpeg,1,,negative
negative_473.jpeg,/kaggle/input/musait/dataset/basket/negative_473.jpeg,1,,negative
negative_474.jpeg,/kaggle/input/musait/dataset/basket/negative_474.jpeg,1,,negative
negative_476.jpeg,/kaggle/input/musait/dataset/basket/negative_476.jpeg,1,,negative
negative_477.jpeg,/kaggle/input/musait/dataset/basket/negative_477.jpeg,1,,negative
negative_478.jpg,/kaggle/input/musait/dataset/basket/negative_478.jpg,1,,negative
negative_479.jpg,/kaggle/input/musait/dataset/basket/negative_479.jpg,1,,negative
negative_480.jpg,/kaggle/input/musait/dataset/basket/negative_480.jpg,1,,negative
negative_481.jpg,/kaggle/input/musait/dataset/basket/negative_481.jpg,1,,negative
negative_483.jpg,/kaggle/input/musait/dataset/basket/negative_483.jpg,1,,negative
negative_484.jpg,/kaggle/input/musait/dataset/basket/negative_484.jpg,1,,negative
negative_486.jpg,/kaggle/input/musait/dataset/basket/negative_486.jpg,1,,negative
negative_488.jpg,/kaggle/input/musait/dataset/basket/negative_488.jpg,1,,negative
negative_490.jpg,/kaggle/input/musait/dataset/basket/negative_490.jpg,1,,negative
negative_492.jpg,/kaggle/input/musait/dataset/basket/negative_492.jpg,1,,negative
negative_494.png,/kaggle/input/musait/dataset/basket/negative_494.png,1,,negative
negative_495.jpg,/kaggle/input/musait/dataset/basket/negative_495.jpg,1,,negative
negative_497.jpg,/kaggle/input/musait/dataset/basket/negative_497.jpg,1,,negative
negative_498.jpg,/kaggle/input/musait/dataset/basket/negative_498.jpg,1,,negative
negative_500.jpeg,/kaggle/input/musait/dataset/basket/negative_500.jpeg,1,,negative
negative_502.jpg,/kaggle/input/musait/dataset/basket/negative_502.jpg,1,,negative
negative_503.jpg,/kaggle/input/musait/dataset/basket/negative_503.jpg,1,,negative
negative_505.jpeg,/kaggle/input/musait/dataset/basket/negative_505.jpeg,1,,negative
negative_507.jpeg,/kaggle/input/musait/dataset/basket/negative_507.jpeg,1,,negative
negative_509.jpeg,/kaggle/input/musait/dataset/basket/negative_509.jpeg,1,,negative
negative_510.jpeg,/kaggle/input/musait/dataset/basket/negative_510.jpeg,1,,negative
negative_512.jpeg,/kaggle/input/musait/dataset/basket/negative_512.jpeg,1,,negative
negative_513.jpg,/kaggle/input/musait/dataset/basket/negative_513.jpg,1,,negative
negative_514.jpeg,/kaggle/input/musait/dataset/basket/negative_514.jpeg,1,,negative
negative_516.jpeg,/kaggle/input/musait/dataset/basket/negative_516.jpeg,1,,negative
negative_518.jpg,/kaggle/input/musait/dataset/basket/negative_518.jpg,1,,negative
negative_520.jpeg,/kaggle/input/musait/dataset/basket/negative_520.jpeg,1,,negative
negative_521.jpeg,/kaggle/input/musait/dataset/basket/negative_521.jpeg,1,,negative
negative_523.jpg,/kaggle/input/musait/dataset/basket/negative_523.jpg,1,,negative
negative_524.jpeg,/kaggle/input/musait/dataset/basket/negative_524.jpeg,1,,negative
negative_525.jpeg,/kaggle/input/musait/dataset/basket/negative_525.jpeg,1,,negative
negative_527.jpeg,/kaggle/input/musait/dataset/basket/negative_527.jpeg,1,,negative
negative_529.jpeg,/kaggle/input/musait/dataset/basket/negative_529.jpeg,1,,negative
negative_530.jpeg,/kaggle/input/musait/dataset/basket/negative_530.jpeg,1,,negative
negative_532.jpeg,/kaggle/input/musait/dataset/basket/negative_532.jpeg,1,,negative
negative_533.jpg,/kaggle/input/musait/dataset/basket/negative_533.jpg,1,,negative
negative_534.jpeg,/kaggle/input/musait/dataset/basket/negative_534.jpeg,1,,negative
negative_535.jpeg,/kaggle/input/musait/dataset/basket/negative_535.jpeg,1,,negative
negative_538.jpeg,/kaggle/input/musait/dataset/basket/negative_538.jpeg,1,,negative
negative_539.jpeg,/kaggle/input/musait/dataset/basket/negative_539.jpeg,1,,negative
negative_540.jpeg,/kaggle/input/musait/dataset/basket/negative_540.jpeg,1,,negative
negative_542.jpeg,/kaggle/input/musait/dataset/basket/negative_542.jpeg,1,,negative
negative_545.jpeg,/kaggle/input/musait/dataset/basket/negative_545.jpeg,1,,negative
negative_546.jpeg,/kaggle/input/musait/dataset/basket/negative_546.jpeg,1,,negative
negative_547.jpeg,/kaggle/input/musait/dataset/basket/negative_547.jpeg,1,,negative
negative_549.jpg,/kaggle/input/musait/dataset/basket/negative_549.jpg,1,,negative
negative_551.jpg,/kaggle/input/musait/dataset/basket/negative_551.jpg,1,,negative
negative_552.jpg,/kaggle/input/musait/dataset/basket/negative_552.jpg,1,,negative
negative_554.jpeg,/kaggle/input/musait/dataset/basket/negative_554.jpeg,1,,negative
negative_555.png,/kaggle/input/musait/dataset/basket/negative_555.png,1,,negative
negative_556.jpeg,/kaggle/input/musait/dataset/basket/negative_556.jpeg,1,,negative
negative_557.jpeg,/kaggle/input/musait/dataset/basket/negative_557.jpeg,1,,negative
negative_558.jpg,/kaggle/input/musait/dataset/basket/negative_558.jpg,1,,negative
negative_560.jpeg,/kaggle/input/musait/dataset/basket/negative_560.jpeg,1,,negative
negative_562.jpg,/kaggle/input/musait/dataset/basket/negative_562.jpg,1,,negative
negative_564.jpeg,/kaggle/input/musait/dataset/basket/negative_564.jpeg,1,,negative
negative_565.jpeg,/kaggle/input/musait/dataset/basket/negative_565.jpeg,1,,negative
negative_566.jpeg,/kaggle/input/musait/dataset/basket/negative_566.jpeg,1,,negative
negative_568.jpg,/kaggle/input/musait/dataset/basket/negative_568.jpg,1,,negative
negative_569.jpeg,/kaggle/input/musait/dataset/basket/negative_569.jpeg,1,,negative
negative_570.jpeg,/kaggle/input/musait/dataset/basket/negative_570.jpeg,1,,negative
negative_571.jpeg,/kaggle/input/musait/dataset/basket/negative_571.jpeg,1,,negative
negative_573.jpeg,/kaggle/input/musait/dataset/basket/negative_573.jpeg,1,,negative
negative_574.jpeg,/kaggle/input/musait/dataset/basket/negative_574.jpeg,1,,negative
negative_575.jpg,/kaggle/input/musait/dataset/basket/negative_575.jpg,1,,negative
negative_576.jpg,/kaggle/input/musait/dataset/basket/negative_576.jpg,1,,negative
negative_577.jpg,/kaggle/input/musait/dataset/basket/negative_577.jpg,1,,negative
negative_579.jpg,/kaggle/input/musait/dataset/basket/negative_579.jpg,1,,negative
negative_580.jpg,/kaggle/input/musait/dataset/basket/negative_580.jpg,1,,negative
negative_581.jpg,/kaggle/input/musait/dataset/basket/negative_581.jpg,1,,negative
negative_583.jpg,/kaggle/input/musait/dataset/basket/negative_583.jpg,1,,negative
negative_585.jpg,/kaggle/input/musait/dataset/basket/negative_585.jpg,1,,negative
negative_587.jpg,/kaggle/input/musait/dataset/basket/negative_587.jpg,1,,negative
negative_589.jpeg,/kaggle/input/musait/dataset/basket/negative_589.jpeg,1,,negative
negative_590.jpeg,/kaggle/input/musait/dataset/basket/negative_590.jpeg,1,,negative
negative_591.jpeg,/kaggle/input/musait/dataset/basket/negative_591.jpeg,1,,negative
negative_592.jpg,/kaggle/input/musait/dataset/basket/negative_592.jpg,1,,negative
negative_593.jpeg,/kaggle/input/musait/dataset/basket/negative_593.jpeg,1,,negative
negative_594.jpg,/kaggle/input/musait/dataset/basket/negative_594.jpg,1,,negative
negative_596.jpg,/kaggle/input/musait/dataset/basket/negative_596.jpg,1,,negative
negative_597.jpeg,/kaggle/input/musait/dataset/basket/negative_597.jpeg,1,,negative
negative_598.jpeg,/kaggle/input/musait/dataset/basket/negative_598.jpeg,1,,negative
negative_599.jpeg,/kaggle/input/musait/dataset/basket/negative_599.jpeg,1,,negative
negative_600.jpeg,/kaggle/input/musait/dataset/basket/negative_600.jpeg,1,,negative
negative_601.jpeg,/kaggle/input/musait/dataset/basket/negative_601.jpeg,1,,negative
negative_603.jpeg,/kaggle/input/musait/dataset/basket/negative_603.jpeg,1,,negative
negative_605.jpg,/kaggle/input/musait/dataset/basket/negative_605.jpg,1,,negative
negative_606.jpg,/kaggle/input/musait/dataset/basket/negative_606.jpg,1,,negative
negative_609.jpg,/kaggle/input/musait/dataset/basket/negative_609.jpg,1,,negative
negative_610.jpg,/kaggle/input/musait/dataset/basket/negative_610.jpg,1,,negative
negative_612.jpg,/kaggle/input/musait/dataset/basket/negative_612.jpg,1,,negative
negative_614.jpg,/kaggle/input/musait/dataset/basket/negative_614.jpg,1,,negative
negative_615.jpg,/kaggle/input/musait/dataset/basket/negative_615.jpg,1,,negative
negative_618.jpg,/kaggle/input/musait/dataset/basket/negative_618.jpg,1,,negative
negative_619.jpeg,/kaggle/input/musait/dataset/basket/negative_619.jpeg,1,,negative
negative_620.jpeg,/kaggle/input/musait/dataset/basket/negative_620.jpeg,1,,negative
negative_621.jpeg,/kaggle/input/musait/dataset/basket/negative_621.jpeg,1,,negative
negative_622.jpeg,/kaggle/input/musait/dataset/basket/negative_622.jpeg,1,,negative
negative_623.jpg,/kaggle/input/musait/dataset/basket/negative_623.jpg,1,,negative
negative_626.jpg,/kaggle/input/musait/dataset/basket/negative_626.jpg,1,,negative
negative_627.jpg,/kaggle/input/musait/dataset/basket/negative_627.jpg,1,,negative
negative_629.jpeg,/kaggle/input/musait/dataset/basket/negative_629.jpeg,1,,negative
negative_631.jpeg,/kaggle/input/musait/dataset/basket/negative_631.jpeg,1,,negative
negative_633.jpg,/kaggle/input/musait/dataset/basket/negative_633.jpg,1,,negative
negative_634.jpg,/kaggle/input/musait/dataset/basket/negative_634.jpg,1,,negative
negative_635.jpg,/kaggle/input/musait/dataset/basket/negative_635.jpg,1,,negative
negative_636.jpg,/kaggle/input/musait/dataset/basket/negative_636.jpg,1,,negative
negative_637.jpg,/kaggle/input/musait/dataset/basket/negative_637.jpg,1,,negative
negative_638.jpg,/kaggle/input/musait/dataset/basket/negative_638.jpg,1,,negative
negative_639.jpg,/kaggle/input/musait/dataset/basket/negative_639.jpg,1,,negative
negative_640.jpg,/kaggle/input/musait/dataset/basket/negative_640.jpg,1,,negative
negative_641.jpg,/kaggle/input/musait/dataset/basket/negative_641.jpg,1,,negative
negative_642.jpg,/kaggle/input/musait/dataset/basket/negative_642.jpg,1,,negative
negative_643.jpg,/kaggle/input/musait/dataset/basket/negative_643.jpg,1,,negative
negative_644.jpg,/kaggle/input/musait/dataset/basket/negative_644.jpg,1,,negative
negative_645.jpg,/kaggle/input/musait/dataset/basket/negative_645.jpg,1,,negative
negative_646.JPG,/kaggle/input/musait/dataset/basket/negative_646.JPG,1,,negative
negative_647.jpg,/kaggle/input/musait/dataset/basket/negative_647.jpg,1,,negative
negative_648.jpg,/kaggle/input/musait/dataset/basket/negative_648.jpg,1,,negative
negative_649.jpg,/kaggle/input/musait/dataset/basket/negative_649.jpg,1,,negative
negative_650.jpg,/kaggle/input/musait/dataset/basket/negative_650.jpg,1,,negative
negative_651.jpg,/kaggle/input/musait/dataset/basket/negative_651.jpg,1,,negative
negative_652.jpg,/kaggle/input/musait/dataset/basket/negative_652.jpg,1,,negative
negative_653.jpg,/kaggle/input/musait/dataset/basket/negative_653.jpg,1,,negative
negative_654.jpg,/kaggle/input/musait/dataset/basket/negative_654.jpg,1,,negative
negative_655.jpg,/kaggle/input/musait/dataset/basket/negative_655.jpg,1,,negative
negative_656.jpg,/kaggle/input/musait/dataset/basket/negative_656.jpg,1,,negative
negative_657.jpg,/kaggle/input/musait/dataset/basket/negative_657.jpg,1,,negative
negative_658.jpg,/kaggle/input/musait/dataset/basket/negative_658.jpg,1,,negative
negative_659.jpg,/kaggle/input/musait/dataset/basket/negative_659.jpg,1,,negative
negative_660.jpg,/kaggle/input/musait/dataset/basket/negative_660.jpg,1,,negative
negative_661.jpg,/kaggle/input/musait/dataset/basket/negative_661.jpg,1,,negative
negative_662.jpg,/kaggle/input/musait/dataset/basket/negative_662.jpg,1,,negative
negative_663.jpg,/kaggle/input/musait/dataset/basket/negative_663.jpg,1,,negative
negative_664.jpg,/kaggle/input/musait/dataset/basket/negative_664.jpg,1,,negative
negative_665.jpg,/kaggle/input/musait/dataset/basket/negative_665.jpg,1,,negative
negative_666.jpg,/kaggle/input/musait/dataset/basket/negative_666.jpg,1,,negative
negative_667.jpg,/kaggle/input/musait/dataset/basket/negative_667.jpg,1,,negative
negative_668.jpg,/kaggle/input/musait/dataset/basket/negative_668.jpg,1,,negative
negative_669.jpg,/kaggle/input/musait/dataset/basket/negative_669.jpg,1,,negative
negative_670.jpg,/kaggle/input/musait/dataset/basket/negative_670.jpg,1,,negative
negative_671.jpg,/kaggle/input/musait/dataset/basket/negative_671.jpg,1,,negative
negative_672.jpg,/kaggle/input/musait/dataset/basket/negative_672.jpg,1,,negative
negative_673.jpg,/kaggle/input/musait/dataset/basket/negative_673.jpg,1,,negative
negative_674.jpg,/kaggle/input/musait/dataset/basket/negative_674.jpg,1,,negative
negative_675.jpg,/kaggle/input/musait/dataset/basket/negative_675.jpg,1,,negative
negative_676.jpg,/kaggle/input/musait/dataset/basket/negative_676.jpg,1,,negative
negative_677.jpg,/kaggle/input/musait/dataset/basket/negative_677.jpg,1,,negative
negative_678.jpeg,/kaggle/input/musait/dataset/basket/negative_678.jpeg,1,,negative
negative_679.jpg,/kaggle/input/musait/dataset/basket/negative_679.jpg,1,,negative
negative_680.jpg,/kaggle/input/musait/dataset/basket/negative_680.jpg,1,,negative
negative_681.jpg,/kaggle/input/musait/dataset/basket/negative_681.jpg,1,,negative
negative_682.jpg,/kaggle/input/musait/dataset/basket/negative_682.jpg,1,,negative
negative_683.jpg,/kaggle/input/musait/dataset/basket/negative_683.jpg,1,,negative
negative_684.jpg,/kaggle/input/musait/dataset/basket/negative_684.jpg,1,,negative
negative_685.jpg,/kaggle/input/musait/dataset/basket/negative_685.jpg,1,,negative
negative_686.jpg,/kaggle/input/musait/dataset/basket/negative_686.jpg,1,,negative
negative_687.jpg,/kaggle/input/musait/dataset/basket/negative_687.jpg,1,,negative
negative_688.jpg,/kaggle/input/musait/dataset/basket/negative_688.jpg,1,,negative
negative_689.jpg,/kaggle/input/musait/dataset/basket/negative_689.jpg,1,,negative
negative_690.jpg,/kaggle/input/musait/dataset/basket/negative_690.jpg,1,,negative
negative_691.jpg,/kaggle/input/musait/dataset/basket/negative_691.jpg,1,,negative
negative_692.jpg,/kaggle/input/musait/dataset/basket/negative_692.jpg,1,,negative
negative_693.jpg,/kaggle/input/musait/dataset/basket/negative_693.jpg,1,,negative
negative_694.jpg,/kaggle/input/musait/dataset/basket/negative_694.jpg,1,,negative
negative_695.jpg,/kaggle/input/musait/dataset/basket/negative_695.jpg,1,,negative
negative_696.jpg,/kaggle/input/musait/dataset/basket/negative_696.jpg,1,,negative
negative_697.jpg,/kaggle/input/musait/dataset/basket/negative_697.jpg,1,,negative
negative_698.jpg,/kaggle/input/musait/dataset/basket/negative_698.jpg,1,,negative
negative_699.jpg,/kaggle/input/musait/dataset/basket/negative_699.jpg,1,,negative
negative_700.jpg,/kaggle/input/musait/dataset/basket/negative_700.jpg,1,,negative
negative_701.jpg,/kaggle/input/musait/dataset/basket/negative_701.jpg,1,,negative
negative_702.jpg,/kaggle/input/musait/dataset/basket/negative_702.jpg,1,,negative
negative_703.jpg,/kaggle/input/musait/dataset/basket/negative_703.jpg,1,,negative
negative_704.jpg,/kaggle/input/musait/dataset/basket/negative_704.jpg,1,,negative
negative_705.jpg,/kaggle/input/musait/dataset/basket/negative_705.jpg,1,,negative
negative_706.jpg,/kaggle/input/musait/dataset/basket/negative_706.jpg,1,,negative
negative_707.jpg,/kaggle/input/musait/dataset/basket/negative_707.jpg,1,,negative
negative_708.jpg,/kaggle/input/musait/dataset/basket/negative_708.jpg,1,,negative
negative_709.jpg,/kaggle/input/musait/dataset/basket/negative_709.jpg,1,,negative
negative_710.jpg,/kaggle/input/musait/dataset/basket/negative_710.jpg,1,,negative
negative_711.jpg,/kaggle/input/musait/dataset/basket/negative_711.jpg,1,,negative
negative_712.jpg,/kaggle/input/musait/dataset/basket/negative_712.jpg,1,,negative
negative_713.jpg,/kaggle/input/musait/dataset/basket/negative_713.jpg,1,,negative
negative_714.jpg,/kaggle/input/musait/dataset/basket/negative_714.jpg,1,,negative
negative_715.jpg,/kaggle/input/musait/dataset/basket/negative_715.jpg,1,,negative
negative_716.jpg,/kaggle/input/musait/dataset/basket/negative_716.jpg,1,,negative
negative_717.jpg,/kaggle/input/musait/dataset/basket/negative_717.jpg,1,,negative
negative_718.jpg,/kaggle/input/musait/dataset/basket/negative_718.jpg,1,,negative
negative_719.jpg,/kaggle/input/musait/dataset/basket/negative_719.jpg,1,,negative
negative_720.jpg,/kaggle/input/musait/dataset/basket/negative_720.jpg,1,,negative
negative_721.jpg,/kaggle/input/musait/dataset/basket/negative_721.jpg,1,,negative
negative_722.jpg,/kaggle/input/musait/dataset/basket/negative_722.jpg,1,,negative
negative_723.jpg,/kaggle/input/musait/dataset/basket/negative_723.jpg,1,,negative
negative_724.jpg,/kaggle/input/musait/dataset/basket/negative_724.jpg,1,,negative
negative_725.jpg,/kaggle/input/musait/dataset/basket/negative_725.jpg,1,,negative
negative_726.jpg,/kaggle/input/musait/dataset/basket/negative_726.jpg,1,,negative
negative_727.jpg,/kaggle/input/musait/dataset/basket/negative_727.jpg,1,,negative
negative_728.jpg,/kaggle/input/musait/dataset/basket/negative_728.jpg,1,,negative
negative_729.jpg,/kaggle/input/musait/dataset/basket/negative_729.jpg,1,,negative
negative_730.jpg,/kaggle/input/musait/dataset/basket/negative_730.jpg,1,,negative
negative_731.jpg,/kaggle/input/musait/dataset/basket/negative_731.jpg,1,,negative
negative_732.jpg,/kaggle/input/musait/dataset/basket/negative_732.jpg,1,,negative
negative_733.jpg,/kaggle/input/musait/dataset/basket/negative_733.jpg,1,,negative
negative_734.jpg,/kaggle/input/musait/dataset/basket/negative_734.jpg,1,,negative
negative_735.jpg,/kaggle/input/musait/dataset/basket/negative_735.jpg,1,,negative
negative_736.jpg,/kaggle/input/musait/dataset/basket/negative_736.jpg,1,,negative
negative_737.jpg,/kaggle/input/musait/dataset/basket/negative_737.jpg,1,,negative
negative_738.jpg,/kaggle/input/musait/dataset/basket/negative_738.jpg,1,,negative
negative_739.jpg,/kaggle/input/musait/dataset/basket/negative_739.jpg,1,,negative
negative_740.jpg,/kaggle/input/musait/dataset/basket/negative_740.jpg,1,,negative
negative_741.jpg,/kaggle/input/musait/dataset/basket/negative_741.jpg,1,,negative
negative_742.jpg,/kaggle/input/musait/dataset/basket/negative_742.jpg,1,,negative
negative_743.jpg,/kaggle/input/musait/dataset/basket/negative_743.jpg,1,,negative
negative_744.jpg,/kaggle/input/musait/dataset/basket/negative_744.jpg,1,,negative
negative_745.jpg,/kaggle/input/musait/dataset/basket/negative_745.jpg,1,,negative
negative_746.jpg,/kaggle/input/musait/dataset/basket/negative_746.jpg,1,,negative
negative_747.jpg,/kaggle/input/musait/dataset/basket/negative_747.jpg,1,,negative
negative_748.jpg,/kaggle/input/musait/dataset/basket/negative_748.jpg,1,,negative
negative_749.jpg,/kaggle/input/musait/dataset/basket/negative_749.jpg,1,,negative
negative_750.jpg,/kaggle/input/musait/dataset/basket/negative_750.jpg,1,,negative
negative_751.jpg,/kaggle/input/musait/dataset/basket/negative_751.jpg,1,,negative
negative_752.jpg,/kaggle/input/musait/dataset/basket/negative_752.jpg,1,,negative
negative_753.jpg,/kaggle/input/musait/dataset/basket/negative_753.jpg,1,,negative
negative_754.jpg,/kaggle/input/musait/dataset/basket/negative_754.jpg,1,,negative
negative_755.jpg,/kaggle/input/musait/dataset/basket/negative_755.jpg,1,,negative
negative_756.jpg,/kaggle/input/musait/dataset/basket/negative_756.jpg,1,,negative
negative_757.jpg,/kaggle/input/musait/dataset/basket/negative_757.jpg,1,,negative
negative_758.jpg,/kaggle/input/musait/dataset/basket/negative_758.jpg,1,,negative
negative_759.jpg,/kaggle/input/musait/dataset/basket/negative_759.jpg,1,,negative
negative_760.jpg,/kaggle/input/musait/dataset/basket/negative_760.jpg,1,,negative
negative_761.jpg,/kaggle/input/musait/dataset/basket/negative_761.jpg,1,,negative
negative_762.jpg,/kaggle/input/musait/dataset/basket/negative_762.jpg,1,,negative
negative_763.jpg,/kaggle/input/musait/dataset/basket/negative_763.jpg,1,,negative
negative_764.jpg,/kaggle/input/musait/dataset/basket/negative_764.jpg,1,,negative
negative_765.jpg,/kaggle/input/musait/dataset/basket/negative_765.jpg,1,,negative
negative_766.jpg,/kaggle/input/musait/dataset/basket/negative_766.jpg,1,,negative
negative_767.jpg,/kaggle/input/musait/dataset/basket/negative_767.jpg,1,,negative
negative_768.jpg,/kaggle/input/musait/dataset/basket/negative_768.jpg,1,,negative
negative_769.jpg,/kaggle/input/musait/dataset/basket/negative_769.jpg,1,,negative
negative_770.jpg,/kaggle/input/musait/dataset/basket/negative_770.jpg,1,,negative
negative_771.jpg,/kaggle/input/musait/dataset/basket/negative_771.jpg,1,,negative
negative_772.jpg,/kaggle/input/musait/dataset/basket/negative_772.jpg,1,,negative
negative_773.jpg,/kaggle/input/musait/dataset/basket/negative_773.jpg,1,,negative
negative_774.jpg,/kaggle/input/musait/dataset/basket/negative_774.jpg,1,,negative
negative_775.jpg,/kaggle/input/musait/dataset/basket/negative_775.jpg,1,,negative
negative_776.jpg,/kaggle/input/musait/dataset/basket/negative_776.jpg,1,,negative
negative_777.jpg,/kaggle/input/musait/dataset/basket/negative_777.jpg,1,,negative
negative_778.jpg,/kaggle/input/musait/dataset/basket/negative_778.jpg,1,,negative
negative_779.jpg,/kaggle/input/musait/dataset/basket/negative_779.jpg,1,,negative
negative_780.jpg,/kaggle/input/musait/dataset/basket/negative_780.jpg,1,,negative
negative_781.jpg,/kaggle/input/musait/dataset/basket/negative_781.jpg,1,,negative
negative_782.jpg,/kaggle/input/musait/dataset/basket/negative_782.jpg,1,,negative
negative_783.jpg,/kaggle/input/musait/dataset/basket/negative_783.jpg,1,,negative
negative_784.jpg,/kaggle/input/musait/dataset/basket/negative_784.jpg,1,,negative
negative_785.jpg,/kaggle/input/musait/dataset/basket/negative_785.jpg,1,,negative
negative_786.jpg,/kaggle/input/musait/dataset/basket/negative_786.jpg,1,,negative
negative_787.jpg,/kaggle/input/musait/dataset/basket/negative_787.jpg,1,,negative
negative_788.jpg,/kaggle/input/musait/dataset/basket/negative_788.jpg,1,,negative
negative_789.jpg,/kaggle/input/musait/dataset/basket/negative_789.jpg,1,,negative
negative_790.jpg,/kaggle/input/musait/dataset/basket/negative_790.jpg,1,,negative
negative_791.jpg,/kaggle/input/musait/dataset/basket/negative_791.jpg,1,,negative
negative_792.jpg,/kaggle/input/musait/dataset/basket/negative_792.jpg,1,,negative
negative_793.jpg,/kaggle/input/musait/dataset/basket/negative_793.jpg,1,,negative
negative_794.jpg,/kaggle/input/musait/dataset/basket/negative_794.jpg,1,,negative
negative_795.jpg,/kaggle/input/musait/dataset/basket/negative_795.jpg,1,,negative
negative_796.jpg,/kaggle/input/musait/dataset/basket/negative_796.jpg,1,,negative
negative_797.jpg,/kaggle/input/musait/dataset/basket/negative_797.jpg,1,,negative
negative_798.jpg,/kaggle/input/musait/dataset/basket/negative_798.jpg,1,,negative
negative_799.jpg,/kaggle/input/musait/dataset/basket/negative_799.jpg,1,,negative
negative_800.jpg,/kaggle/input/musait/dataset/basket/negative_800.jpg,1,,negative
negative_801.jpg,/kaggle/input/musait/dataset/basket/negative_801.jpg,1,,negative
negative_802.jpg,/kaggle/input/musait/dataset/basket/negative_802.jpg,1,,negative
negative_803.jpg,/kaggle/input/musait/dataset/basket/negative_803.jpg,1,,negative
negative_804.jpg,/kaggle/input/musait/dataset/basket/negative_804.jpg,1,,negative
negative_805.jpg,/kaggle/input/musait/dataset/basket/negative_805.jpg,1,,negative
negative_806.jpg,/kaggle/input/musait/dataset/basket/negative_806.jpg,1,,negative
negative_807.jpg,/kaggle/input/musait/dataset/basket/negative_807.jpg,1,,negative
negative_808.jpg,/kaggle/input/musait/dataset/basket/negative_808.jpg,1,,negative
negative_809.jpg,/kaggle/input/musait/dataset/basket/negative_809.jpg,1,,negative
negative_810.jpg,/kaggle/input/musait/dataset/basket/negative_810.jpg,1,,negative
negative_811.jpg,/kaggle/input/musait/dataset/basket/negative_811.jpg,1,,negative
negative_812.jpg,/kaggle/input/musait/dataset/basket/negative_812.jpg,1,,negative
negative_813.jpg,/kaggle/input/musait/dataset/basket/negative_813.jpg,1,,negative
negative_814.jpg,/kaggle/input/musait/dataset/basket/negative_814.jpg,1,,negative
negative_815.jpg,/kaggle/input/musait/dataset/basket/negative_815.jpg,1,,negative
negative_816.jpg,/kaggle/input/musait/dataset/basket/negative_816.jpg,1,,negative
negative_817.jpg,/kaggle/input/musait/dataset/basket/negative_817.jpg,1,,negative
negative_818.jpg,/kaggle/input/musait/dataset/basket/negative_818.jpg,1,,negative
negative_819.jpg,/kaggle/input/musait/dataset/basket/negative_819.jpg,1,,negative
negative_820.jpg,/kaggle/input/musait/dataset/basket/negative_820.jpg,1,,negative
negative_821.jpg,/kaggle/input/musait/dataset/basket/negative_821.jpg,1,,negative
negative_822.jpg,/kaggle/input/musait/dataset/basket/negative_822.jpg,1,,negative
negative_823.jpg,/kaggle/input/musait/dataset/basket/negative_823.jpg,1,,negative
negative_824.jpg,/kaggle/input/musait/dataset/basket/negative_824.jpg,1,,negative
negative_825.jpg,/kaggle/input/musait/dataset/basket/negative_825.jpg,1,,negative
negative_826.jpg,/kaggle/input/musait/dataset/basket/negative_826.jpg,1,,negative
negative_827.jpg,/kaggle/input/musait/dataset/basket/negative_827.jpg,1,,negative
negative_828.jpg,/kaggle/input/musait/dataset/basket/negative_828.jpg,1,,negative
negative_829.jpg,/kaggle/input/musait/dataset/basket/negative_829.jpg,1,,negative
negative_830.jpg,/kaggle/input/musait/dataset/basket/negative_830.jpg,1,,negative
negative_831.jpg,/kaggle/input/musait/dataset/basket/negative_831.jpg,1,,negative
negative_832.jpg,/kaggle/input/musait/dataset/basket/negative_832.jpg,1,,negative
negative_833.jpg,/kaggle/input/musait/dataset/basket/negative_833.jpg,1,,negative
negative_834.jpg,/kaggle/input/musait/dataset/basket/negative_834.jpg,1,,negative
negative_835.jpg,/kaggle/input/musait/dataset/basket/negative_835.jpg,1,,negative
negative_836.jpg,/kaggle/input/musait/dataset/basket/negative_836.jpg,1,,negative
negative_837.jpg,/kaggle/input/musait/dataset/basket/negative_837.jpg,1,,negative
negative_838.jpg,/kaggle/input/musait/dataset/basket/negative_838.jpg,1,,negative
negative_839.jpg,/kaggle/input/musait/dataset/basket/negative_839.jpg,1,,negative
negative_840.jpg,/kaggle/input/musait/dataset/basket/negative_840.jpg,1,,negative
negative_841.jpg,/kaggle/input/musait/dataset/basket/negative_841.jpg,1,,negative
negative_842.jpg,/kaggle/input/musait/dataset/basket/negative_842.jpg,1,,negative
negative_843.jpg,/kaggle/input/musait/dataset/basket/negative_843.jpg,1,,negative
negative_844.jpg,/kaggle/input/musait/dataset/basket/negative_844.jpg,1,,negative
negative_845.jpg,/kaggle/input/musait/dataset/basket/negative_845.jpg,1,,negative
negative_846.jpg,/kaggle/input/musait/dataset/basket/negative_846.jpg,1,,negative
negative_847.jpg,/kaggle/input/musait/dataset/basket/negative_847.jpg,1,,negative
negative_848.jpg,/kaggle/input/musait/dataset/basket/negative_848.jpg,1,,negative
negative_849.jpg,/kaggle/input/musait/dataset/basket/negative_849.jpg,1,,negative
negative_850.jpg,/kaggle/input/musait/dataset/basket/negative_850.jpg,1,,negative
negative_851.jpg,/kaggle/input/musait/dataset/basket/negative_851.jpg,1,,negative
negative_852.jpg,/kaggle/input/musait/dataset/basket/negative_852.jpg,1,,negative
negative_853.jpg,/kaggle/input/musait/dataset/basket/negative_853.jpg,1,,negative
negative_854.jpg,/kaggle/input/musait/dataset/basket/negative_854.jpg,1,,negative
negative_855.jpg,/kaggle/input/musait/dataset/basket/negative_855.jpg,1,,negative
negative_856.jpg,/kaggle/input/musait/dataset/basket/negative_856.jpg,1,,negative
negative_857.jpg,/kaggle/input/musait/dataset/basket/negative_857.jpg,1,,negative
negative_858.jpg,/kaggle/input/musait/dataset/basket/negative_858.jpg,1,,negative
negative_859.jpg,/kaggle/input/musait/dataset/basket/negative_859.jpg,1,,negative
negative_860.jpg,/kaggle/input/musait/dataset/basket/negative_860.jpg,1,,negative
negative_861.jpg,/kaggle/input/musait/dataset/basket/negative_861.jpg,1,,negative
negative_862.jpg,/kaggle/input/musait/dataset/basket/negative_862.jpg,1,,negative
negative_863.jpg,/kaggle/input/musait/dataset/basket/negative_863.jpg,1,,negative
negative_864.jpg,/kaggle/input/musait/dataset/basket/negative_864.jpg,1,,negative
negative_865.jpg,/kaggle/input/musait/dataset/basket/negative_865.jpg,1,,negative
negative_866.jpg,/kaggle/input/musait/dataset/basket/negative_866.jpg,1,,negative
negative_867.jpg,/kaggle/input/musait/dataset/basket/negative_867.jpg,1,,negative
negative_868.jpg,/kaggle/input/musait/dataset/basket/negative_868.jpg,1,,negative
negative_869.jpg,/kaggle/input/musait/dataset/basket/negative_869.jpg,1,,negative
negative_870.jpg,/kaggle/input/musait/dataset/basket/negative_870.jpg,1,,negative
negative_871.jpg,/kaggle/input/musait/dataset/basket/negative_871.jpg,1,,negative
negative_872.jpg,/kaggle/input/musait/dataset/basket/negative_872.jpg,1,,negative
negative_873.jpg,/kaggle/input/musait/dataset/basket/negative_873.jpg,1,,negative
negative_874.jpg,/kaggle/input/musait/dataset/basket/negative_874.jpg,1,,negative
negative_875.jpg,/kaggle/input/musait/dataset/basket/negative_875.jpg,1,,negative
negative_876.jpg,/kaggle/input/musait/dataset/basket/negative_876.jpg,1,,negative
negative_877.jpg,/kaggle/input/musait/dataset/basket/negative_877.jpg,1,,negative
negative_878.jpg,/kaggle/input/musait/dataset/basket/negative_878.jpg,1,,negative
negative_879.jpg,/kaggle/input/musait/dataset/basket/negative_879.jpg,1,,negative
negative_880.jpg,/kaggle/input/musait/dataset/basket/negative_880.jpg,1,,negative
negative_881.jpg,/kaggle/input/musait/dataset/basket/negative_881.jpg,1,,negative
negative_882.jpg,/kaggle/input/musait/dataset/basket/negative_882.jpg,1,,negative
negative_883.jpg,/kaggle/input/musait/dataset/basket/negative_883.jpg,1,,negative
negative_884.jpg,/kaggle/input/musait/dataset/basket/negative_884.jpg,1,,negative
negative_885.jpg,/kaggle/input/musait/dataset/basket/negative_885.jpg,1,,negative
negative_886.jpg,/kaggle/input/musait/dataset/basket/negative_886.jpg,1,,negative
negative_887.jpg,/kaggle/input/musait/dataset/basket/negative_887.jpg,1,,negative
negative_888.jpg,/kaggle/input/musait/dataset/basket/negative_888.jpg,1,,negative
negative_889.jpg,/kaggle/input/musait/dataset/basket/negative_889.jpg,1,,negative
negative_890.jpg,/kaggle/input/musait/dataset/basket/negative_890.jpg,1,,negative
negative_891.jpg,/kaggle/input/musait/dataset/basket/negative_891.jpg,1,,negative
negative_892.jpg,/kaggle/input/musait/dataset/basket/negative_892.jpg,1,,negative
negative_893.jpg,/kaggle/input/musait/dataset/basket/negative_893.jpg,1,,negative
negative_894.jpg,/kaggle/input/musait/dataset/basket/negative_894.jpg,1,,negative
negative_895.jpg,/kaggle/input/musait/dataset/basket/negative_895.jpg,1,,negative
negative_896.jpg,/kaggle/input/musait/dataset/basket/negative_896.jpg,1,,negative
negative_897.jpg,/kaggle/input/musait/dataset/basket/negative_897.jpg,1,,negative
negative_898.jpg,/kaggle/input/musait/dataset/basket/negative_898.jpg,1,,negative
negative_899.jpg,/kaggle/input/musait/dataset/basket/negative_899.jpg,1,,negative
negative_902.jpeg,/kaggle/input/musait/dataset/basket/negative_902.jpeg,1,,negative
negative_903.jpeg,/kaggle/input/musait/dataset/basket/negative_903.jpeg,1,,negative
negative_907.jpg,/kaggle/input/musait/dataset/basket/negative_907.jpg,1,,negative
neutral_001.jpeg,/kaggle/input/musait/dataset/basket/neutral_001.jpeg,1,,neutral
neutral_003.jpg,/kaggle/input/musait/dataset/basket/neutral_003.jpg,1,,neutral
neutral_004.jpg,/kaggle/input/musait/dataset/basket/neutral_004.jpg,0,a group of women sitting on the ground with children,neutral
neutral_005.jpg,/kaggle/input/musait/dataset/basket/neutral_005.jpg,1,,neutral
neutral_006.jpeg,/kaggle/input/musait/dataset/basket/neutral_006.jpeg,1,,neutral
neutral_008.jpg,/kaggle/input/musait/dataset/basket/neutral_008.jpg,1,,neutral
neutral_011.jpg,/kaggle/input/musait/dataset/basket/neutral_011.jpg,1,,neutral
neutral_013.jpg,/kaggle/input/musait/dataset/basket/neutral_013.jpg,0,a group of people on a boat with a man carrying a child,neutral
neutral_014.jpg,/kaggle/input/musait/dataset/basket/neutral_014.jpg,1,,neutral
neutral_016.jpeg,/kaggle/input/musait/dataset/basket/neutral_016.jpeg,1,,neutral
neutral_017.jpg,/kaggle/input/musait/dataset/basket/neutral_017.jpg,1,,neutral
neutral_019.jpg,/kaggle/input/musait/dataset/basket/neutral_019.jpg,0,the acura is a white car with a black background,neutral
neutral_021.jpeg,/kaggle/input/musait/dataset/basket/neutral_021.jpeg,1,,neutral
neutral_022.jpg,/kaggle/input/musait/dataset/basket/neutral_022.jpg,1,,neutral
neutral_024.jpg,/kaggle/input/musait/dataset/basket/neutral_024.jpg,1,,neutral
neutral_026.jpeg,/kaggle/input/musait/dataset/basket/neutral_026.jpeg,1,,neutral
neutral_028.jpg,/kaggle/input/musait/dataset/basket/neutral_028.jpg,0,the white acura is parked in front of a building,neutral
neutral_029.jpg,/kaggle/input/musait/dataset/basket/neutral_029.jpg,0,the 2010 acura is shown in this photo,neutral
neutral_031.jpeg,/kaggle/input/musait/dataset/basket/neutral_031.jpeg,1,,neutral
neutral_033.jpg,/kaggle/input/musait/dataset/basket/neutral_033.jpg,0,a yellow hummer truck parked in front of a building,neutral
neutral_034.jpg,/kaggle/input/musait/dataset/basket/neutral_034.jpg,1,,neutral
neutral_036.jpeg,/kaggle/input/musait/dataset/basket/neutral_036.jpeg,1,,neutral
neutral_037.jpg,/kaggle/input/musait/dataset/basket/neutral_037.jpg,1,,neutral
neutral_038.jpg,/kaggle/input/musait/dataset/basket/neutral_038.jpg,0,the acura is parked on the side of the road,neutral
neutral_039.jpg,/kaggle/input/musait/dataset/basket/neutral_039.jpg,0,a large airplane parked next to a control tower,neutral
neutral_041.jpeg,/kaggle/input/musait/dataset/basket/neutral_041.jpeg,1,,neutral
neutral_043.jpg,/kaggle/input/musait/dataset/basket/neutral_043.jpg,1,,neutral
neutral_044.jpg,/kaggle/input/musait/dataset/basket/neutral_044.jpg,0,a military plane flying in the sky with a large propeller,neutral
neutral_045.jpg,/kaggle/input/musait/dataset/basket/neutral_045.jpg,1,,neutral
neutral_046.jpg,/kaggle/input/musait/dataset/basket/neutral_046.jpg,1,,neutral
neutral_047.png,/kaggle/input/musait/dataset/basket/neutral_047.png,1,,neutral
neutral_049.jpg,/kaggle/input/musait/dataset/basket/neutral_049.jpg,0,a large white airplane on the runway,neutral
neutral_051.jpeg,/kaggle/input/musait/dataset/basket/neutral_051.jpeg,1,,neutral
neutral_053.jpeg,/kaggle/input/musait/dataset/basket/neutral_053.jpeg,1,,neutral
neutral_054.jpg,/kaggle/input/musait/dataset/basket/neutral_054.jpg,1,,neutral
neutral_055.jpeg,/kaggle/input/musait/dataset/basket/neutral_055.jpeg,1,,neutral
neutral_057.jpg,/kaggle/input/musait/dataset/basket/neutral_057.jpg,0,a man sitting on the ground next to a mountain,neutral
neutral_058.jpg,/kaggle/input/musait/dataset/basket/neutral_058.jpg,1,,neutral
neutral_059.jpg,/kaggle/input/musait/dataset/basket/neutral_059.jpg,1,,neutral
neutral_060.jpeg,/kaggle/input/musait/dataset/basket/neutral_060.jpeg,1,,neutral
neutral_062.png,/kaggle/input/musait/dataset/basket/neutral_062.png,1,,neutral
neutral_063.jpg,/kaggle/input/musait/dataset/basket/neutral_063.jpg,1,,neutral
neutral_065.jpeg,/kaggle/input/musait/dataset/basket/neutral_065.jpeg,1,,neutral
neutral_066.jpg,/kaggle/input/musait/dataset/basket/neutral_066.jpg,1,,neutral
neutral_067.jpeg,/kaggle/input/musait/dataset/basket/neutral_067.jpeg,1,,neutral
neutral_068.jpg,/kaggle/input/musait/dataset/basket/neutral_068.jpg,0,the blue bmw m235i sedan is parked on the road,neutral
neutral_069.jpeg,/kaggle/input/musait/dataset/basket/neutral_069.jpeg,1,,neutral
neutral_071.png,/kaggle/input/musait/dataset/basket/neutral_071.png,1,,neutral
neutral_072.jpg,/kaggle/input/musait/dataset/basket/neutral_072.jpg,0,a canoe sits on the shore of a lake,neutral
neutral_073.jpg,/kaggle/input/musait/dataset/basket/neutral_073.jpg,0,a tiger standing on a rock in front of a large rock wall,neutral
neutral_074.jpg,/kaggle/input/musait/dataset/basket/neutral_074.jpg,1,,neutral
neutral_075.jpeg,/kaggle/input/musait/dataset/basket/neutral_075.jpeg,1,,neutral
neutral_076.jpg,/kaggle/input/musait/dataset/basket/neutral_076.jpg,0,a highway with trucks and cars on it,neutral
neutral_077.png,/kaggle/input/musait/dataset/basket/neutral_077.png,1,,neutral
neutral_079.jpeg,/kaggle/input/musait/dataset/basket/neutral_079.jpeg,1,,neutral
neutral_080.jpg,/kaggle/input/musait/dataset/basket/neutral_080.jpg,1,,neutral
neutral_082.jpeg,/kaggle/input/musait/dataset/basket/neutral_082.jpeg,1,,neutral
neutral_083.jpeg,/kaggle/input/musait/dataset/basket/neutral_083.jpeg,1,,neutral
neutral_084.jpg,/kaggle/input/musait/dataset/basket/neutral_084.jpg,1,,neutral
neutral_085.jpg,/kaggle/input/musait/dataset/basket/neutral_085.jpg,0,a man walking down the road with his dog,neutral
neutral_087.jpeg,/kaggle/input/musait/dataset/basket/neutral_087.jpeg,1,,neutral
neutral_090.png,/kaggle/input/musait/dataset/basket/neutral_090.png,1,,neutral
neutral_091.jpeg,/kaggle/input/musait/dataset/basket/neutral_091.jpeg,1,,neutral
neutral_092.jpg,/kaggle/input/musait/dataset/basket/neutral_092.jpg,0,a fox is sitting on the edge of a glass window,neutral
neutral_094.jpeg,/kaggle/input/musait/dataset/basket/neutral_094.jpeg,1,,neutral
neutral_095.jpeg,/kaggle/input/musait/dataset/basket/neutral_095.jpeg,1,,neutral
neutral_096.jpg,/kaggle/input/musait/dataset/basket/neutral_096.jpg,1,,neutral
neutral_097.jpeg,/kaggle/input/musait/dataset/basket/neutral_097.jpeg,0,a speed boat traveling on the water,neutral
neutral_099.jpeg,/kaggle/input/musait/dataset/basket/neutral_099.jpeg,1,,neutral
neutral_101.jpeg,/kaggle/input/musait/dataset/basket/neutral_101.jpeg,0,"the cover of the book, the ocean and the sky",neutral
neutral_102.png,/kaggle/input/musait/dataset/basket/neutral_102.png,1,,neutral
neutral_103.jpeg,/kaggle/input/musait/dataset/basket/neutral_103.jpeg,1,,neutral
neutral_104.jpeg,/kaggle/input/musait/dataset/basket/neutral_104.jpeg,1,,neutral
neutral_105.jpeg,/kaggle/input/musait/dataset/basket/neutral_105.jpeg,0,a man sitting by a waterfall,neutral
neutral_107.jpeg,/kaggle/input/musait/dataset/basket/neutral_107.jpeg,1,,neutral
neutral_108.jpg,/kaggle/input/musait/dataset/basket/neutral_108.jpg,1,,neutral
neutral_109.jpeg,/kaggle/input/musait/dataset/basket/neutral_109.jpeg,1,,neutral
neutral_111.jpeg,/kaggle/input/musait/dataset/basket/neutral_111.jpeg,1,,neutral
neutral_115.jpeg,/kaggle/input/musait/dataset/basket/neutral_115.jpeg,1,,neutral
neutral_116.jpeg,/kaggle/input/musait/dataset/basket/neutral_116.jpeg,1,,neutral
neutral_117.jpeg,/kaggle/input/musait/dataset/basket/neutral_117.jpeg,0,a man with glasses and a shirt is looking at the camera,neutral
neutral_119.jpeg,/kaggle/input/musait/dataset/basket/neutral_119.jpeg,1,,neutral
neutral_121.jpeg,/kaggle/input/musait/dataset/basket/neutral_121.jpeg,0,woman typing on laptop at desk,neutral
neutral_122.jpg,/kaggle/input/musait/dataset/basket/neutral_122.jpg,1,,neutral
neutral_123.jpeg,/kaggle/input/musait/dataset/basket/neutral_123.jpeg,1,,neutral
neutral_124.png,/kaggle/input/musait/dataset/basket/neutral_124.png,1,,neutral
neutral_127.jpeg,/kaggle/input/musait/dataset/basket/neutral_127.jpeg,1,,neutral
neutral_129.jpeg,/kaggle/input/musait/dataset/basket/neutral_129.jpeg,0,a man sitting at a desk with papers and a pen,neutral
neutral_130.jpeg,/kaggle/input/musait/dataset/basket/neutral_130.jpeg,1,,neutral
neutral_131.jpeg,/kaggle/input/musait/dataset/basket/neutral_131.jpeg,0,a ladder leading to a cloud with a ladder on top,neutral
neutral_132.jpg,/kaggle/input/musait/dataset/basket/neutral_132.jpg,1,,neutral
neutral_134.jpg,/kaggle/input/musait/dataset/basket/neutral_134.jpg,1,,neutral
neutral_137.png,/kaggle/input/musait/dataset/basket/neutral_137.png,1,,neutral
neutral_140.jpeg,/kaggle/input/musait/dataset/basket/neutral_140.jpeg,1,,neutral
neutral_141.jpg,/kaggle/input/musait/dataset/basket/neutral_141.jpg,1,,neutral
neutral_142.jpg,/kaggle/input/musait/dataset/basket/neutral_142.jpg,0,a group of people standing on a beach,neutral
neutral_144.jpg,/kaggle/input/musait/dataset/basket/neutral_144.jpg,0,a group of people sitting on the ground with their bags,neutral
neutral_146.png,/kaggle/input/musait/dataset/basket/neutral_146.png,1,,neutral
neutral_148.jpg,/kaggle/input/musait/dataset/basket/neutral_148.jpg,1,,neutral
neutral_149.jpeg,/kaggle/input/musait/dataset/basket/neutral_149.jpeg,1,,neutral
neutral_150.jpg,/kaggle/input/musait/dataset/basket/neutral_150.jpg,1,,neutral
neutral_153.jpeg,/kaggle/input/musait/dataset/basket/neutral_153.jpeg,1,,neutral
neutral_154.png,/kaggle/input/musait/dataset/basket/neutral_154.png,1,,neutral
neutral_156.jpeg,/kaggle/input/musait/dataset/basket/neutral_156.jpeg,1,,neutral
neutral_157.jpeg,/kaggle/input/musait/dataset/basket/neutral_157.jpeg,0,a hand reaching for a magnifying glass in a trash can,neutral
neutral_160.jpg,/kaggle/input/musait/dataset/basket/neutral_160.jpg,1,,neutral
neutral_162.jpeg,/kaggle/input/musait/dataset/basket/neutral_162.jpeg,0,the bird nest is lit up at night,neutral
neutral_164.png,/kaggle/input/musait/dataset/basket/neutral_164.png,0,three iphones with different text messages on them,neutral
neutral_166.jpeg,/kaggle/input/musait/dataset/basket/neutral_166.jpeg,1,,neutral
neutral_168.jpg,/kaggle/input/musait/dataset/basket/neutral_168.jpg,1,,neutral
neutral_170.png,/kaggle/input/musait/dataset/basket/neutral_170.png,1,,neutral
neutral_171.jpeg,/kaggle/input/musait/dataset/basket/neutral_171.jpeg,1,,neutral
neutral_176.png,/kaggle/input/musait/dataset/basket/neutral_176.png,1,,neutral
neutral_177.jpeg,/kaggle/input/musait/dataset/basket/neutral_177.jpeg,1,,neutral
neutral_181.png,/kaggle/input/musait/dataset/basket/neutral_181.png,1,,neutral
neutral_182.jpeg,/kaggle/input/musait/dataset/basket/neutral_182.jpeg,1,,neutral
neutral_183.jpg,/kaggle/input/musait/dataset/basket/neutral_183.jpg,1,,neutral
neutral_184.jpg,/kaggle/input/musait/dataset/basket/neutral_184.jpg,1,,neutral
neutral_185.png,/kaggle/input/musait/dataset/basket/neutral_185.png,1,,neutral
neutral_187.jpeg,/kaggle/input/musait/dataset/basket/neutral_187.jpeg,1,,neutral
neutral_188.jpg,/kaggle/input/musait/dataset/basket/neutral_188.jpg,1,,neutral
neutral_191.png,/kaggle/input/musait/dataset/basket/neutral_191.png,1,,neutral
neutral_192.jpeg,/kaggle/input/musait/dataset/basket/neutral_192.jpeg,1,,neutral
neutral_193.jpg,/kaggle/input/musait/dataset/basket/neutral_193.jpg,1,,neutral
neutral_194.png,/kaggle/input/musait/dataset/basket/neutral_194.png,1,,neutral
neutral_197.jpeg,/kaggle/input/musait/dataset/basket/neutral_197.jpeg,1,,neutral
neutral_198.jpg,/kaggle/input/musait/dataset/basket/neutral_198.jpg,1,,neutral
neutral_199.jpg,/kaggle/input/musait/dataset/basket/neutral_199.jpg,1,,neutral
neutral_200.png,/kaggle/input/musait/dataset/basket/neutral_200.png,1,,neutral
neutral_201.jpeg,/kaggle/input/musait/dataset/basket/neutral_201.jpeg,1,,neutral
neutral_202.jpg,/kaggle/input/musait/dataset/basket/neutral_202.jpg,1,,neutral
neutral_204.png,/kaggle/input/musait/dataset/basket/neutral_204.png,1,,neutral
neutral_205.jpeg,/kaggle/input/musait/dataset/basket/neutral_205.jpeg,1,,neutral
neutral_207.jpg,/kaggle/input/musait/dataset/basket/neutral_207.jpg,1,,neutral
neutral_209.png,/kaggle/input/musait/dataset/basket/neutral_209.png,1,,neutral
neutral_211.jpeg,/kaggle/input/musait/dataset/basket/neutral_211.jpeg,1,,neutral
neutral_213.jpg,/kaggle/input/musait/dataset/basket/neutral_213.jpg,1,,neutral
neutral_215.png,/kaggle/input/musait/dataset/basket/neutral_215.png,1,,neutral
neutral_217.jpeg,/kaggle/input/musait/dataset/basket/neutral_217.jpeg,1,,neutral
neutral_219.jpg,/kaggle/input/musait/dataset/basket/neutral_219.jpg,1,,neutral
neutral_221.png,/kaggle/input/musait/dataset/basket/neutral_221.png,1,,neutral
neutral_223.jpeg,/kaggle/input/musait/dataset/basket/neutral_223.jpeg,1,,neutral
neutral_224.jpg,/kaggle/input/musait/dataset/basket/neutral_224.jpg,1,,neutral
neutral_226.png,/kaggle/input/musait/dataset/basket/neutral_226.png,1,,neutral
neutral_228.jpeg,/kaggle/input/musait/dataset/basket/neutral_228.jpeg,1,,neutral
neutral_230.jpg,/kaggle/input/musait/dataset/basket/neutral_230.jpg,1,,neutral
neutral_232.png,/kaggle/input/musait/dataset/basket/neutral_232.png,1,,neutral
neutral_234.jpeg,/kaggle/input/musait/dataset/basket/neutral_234.jpeg,1,,neutral
neutral_236.jpg,/kaggle/input/musait/dataset/basket/neutral_236.jpg,1,,neutral
neutral_237.png,/kaggle/input/musait/dataset/basket/neutral_237.png,1,,neutral
neutral_239.jpeg,/kaggle/input/musait/dataset/basket/neutral_239.jpeg,1,,neutral
neutral_242.jpg,/kaggle/input/musait/dataset/basket/neutral_242.jpg,1,,neutral
neutral_243.png,/kaggle/input/musait/dataset/basket/neutral_243.png,1,,neutral
neutral_246.jpeg,/kaggle/input/musait/dataset/basket/neutral_246.jpeg,1,,neutral
neutral_247.jpg,/kaggle/input/musait/dataset/basket/neutral_247.jpg,1,,neutral
neutral_249.jpeg,/kaggle/input/musait/dataset/basket/neutral_249.jpeg,1,,neutral
neutral_251.jpg,/kaggle/input/musait/dataset/basket/neutral_251.jpg,1,,neutral
neutral_253.jpeg,/kaggle/input/musait/dataset/basket/neutral_253.jpeg,1,,neutral
neutral_254.jpg,/kaggle/input/musait/dataset/basket/neutral_254.jpg,1,,neutral
neutral_257.jpeg,/kaggle/input/musait/dataset/basket/neutral_257.jpeg,1,,neutral
neutral_258.jpg,/kaggle/input/musait/dataset/basket/neutral_258.jpg,1,,neutral
neutral_260.jpeg,/kaggle/input/musait/dataset/basket/neutral_260.jpeg,1,,neutral
neutral_261.jpg,/kaggle/input/musait/dataset/basket/neutral_261.jpg,1,,neutral
neutral_263.jpeg,/kaggle/input/musait/dataset/basket/neutral_263.jpeg,1,,neutral
neutral_264.jpg,/kaggle/input/musait/dataset/basket/neutral_264.jpg,1,,neutral
neutral_266.jpeg,/kaggle/input/musait/dataset/basket/neutral_266.jpeg,1,,neutral
neutral_268.jpg,/kaggle/input/musait/dataset/basket/neutral_268.jpg,1,,neutral
neutral_272.jpg,/kaggle/input/musait/dataset/basket/neutral_272.jpg,1,,neutral
neutral_273.jpeg,/kaggle/input/musait/dataset/basket/neutral_273.jpeg,1,,neutral
neutral_276.jpg,/kaggle/input/musait/dataset/basket/neutral_276.jpg,1,,neutral
neutral_278.jpeg,/kaggle/input/musait/dataset/basket/neutral_278.jpeg,1,,neutral
neutral_280.jpg,/kaggle/input/musait/dataset/basket/neutral_280.jpg,1,,neutral
neutral_281.jpeg,/kaggle/input/musait/dataset/basket/neutral_281.jpeg,1,,neutral
neutral_284.jpg,/kaggle/input/musait/dataset/basket/neutral_284.jpg,1,,neutral
neutral_286.jpeg,/kaggle/input/musait/dataset/basket/neutral_286.jpeg,1,,neutral
neutral_288.jpg,/kaggle/input/musait/dataset/basket/neutral_288.jpg,1,,neutral
neutral_290.jpeg,/kaggle/input/musait/dataset/basket/neutral_290.jpeg,1,,neutral
neutral_291.jpg,/kaggle/input/musait/dataset/basket/neutral_291.jpg,1,,neutral
neutral_293.jpeg,/kaggle/input/musait/dataset/basket/neutral_293.jpeg,1,,neutral
neutral_296.jpg,/kaggle/input/musait/dataset/basket/neutral_296.jpg,1,,neutral
neutral_298.jpeg,/kaggle/input/musait/dataset/basket/neutral_298.jpeg,1,,neutral
neutral_300.jpg,/kaggle/input/musait/dataset/basket/neutral_300.jpg,1,,neutral
neutral_302.jpeg,/kaggle/input/musait/dataset/basket/neutral_302.jpeg,1,,neutral
neutral_304.jpg,/kaggle/input/musait/dataset/basket/neutral_304.jpg,1,,neutral
neutral_306.jpeg,/kaggle/input/musait/dataset/basket/neutral_306.jpeg,1,,neutral
neutral_307.jpg,/kaggle/input/musait/dataset/basket/neutral_307.jpg,1,,neutral
neutral_310.jpeg,/kaggle/input/musait/dataset/basket/neutral_310.jpeg,1,,neutral
neutral_311.jpg,/kaggle/input/musait/dataset/basket/neutral_311.jpg,1,,neutral
neutral_313.jpeg,/kaggle/input/musait/dataset/basket/neutral_313.jpeg,1,,neutral
neutral_316.jpg,/kaggle/input/musait/dataset/basket/neutral_316.jpg,1,,neutral
neutral_318.jpeg,/kaggle/input/musait/dataset/basket/neutral_318.jpeg,1,,neutral
neutral_320.jpg,/kaggle/input/musait/dataset/basket/neutral_320.jpg,1,,neutral
neutral_321.jpeg,/kaggle/input/musait/dataset/basket/neutral_321.jpeg,1,,neutral
neutral_323.jpg,/kaggle/input/musait/dataset/basket/neutral_323.jpg,1,,neutral
neutral_325.jpeg,/kaggle/input/musait/dataset/basket/neutral_325.jpeg,1,,neutral
neutral_327.jpg,/kaggle/input/musait/dataset/basket/neutral_327.jpg,1,,neutral
neutral_328.jpeg,/kaggle/input/musait/dataset/basket/neutral_328.jpeg,1,,neutral
neutral_331.jpg,/kaggle/input/musait/dataset/basket/neutral_331.jpg,1,,neutral
neutral_332.jpeg,/kaggle/input/musait/dataset/basket/neutral_332.jpeg,1,,neutral
neutral_334.jpg,/kaggle/input/musait/dataset/basket/neutral_334.jpg,1,,neutral
neutral_336.jpeg,/kaggle/input/musait/dataset/basket/neutral_336.jpeg,1,,neutral
neutral_338.jpg,/kaggle/input/musait/dataset/basket/neutral_338.jpg,1,,neutral
neutral_340.jpeg,/kaggle/input/musait/dataset/basket/neutral_340.jpeg,1,,neutral
neutral_342.jpg,/kaggle/input/musait/dataset/basket/neutral_342.jpg,1,,neutral
neutral_343.jpeg,/kaggle/input/musait/dataset/basket/neutral_343.jpeg,1,,neutral
neutral_345.jpg,/kaggle/input/musait/dataset/basket/neutral_345.jpg,1,,neutral
neutral_347.jpeg,/kaggle/input/musait/dataset/basket/neutral_347.jpeg,1,,neutral
neutral_350.jpg,/kaggle/input/musait/dataset/basket/neutral_350.jpg,1,,neutral
neutral_351.jpeg,/kaggle/input/musait/dataset/basket/neutral_351.jpeg,1,,neutral
neutral_354.jpg,/kaggle/input/musait/dataset/basket/neutral_354.jpg,1,,neutral
neutral_355.jpeg,/kaggle/input/musait/dataset/basket/neutral_355.jpeg,1,,neutral
neutral_358.jpg,/kaggle/input/musait/dataset/basket/neutral_358.jpg,1,,neutral
neutral_360.jpeg,/kaggle/input/musait/dataset/basket/neutral_360.jpeg,1,,neutral
neutral_361.jpg,/kaggle/input/musait/dataset/basket/neutral_361.jpg,1,,neutral
neutral_364.jpeg,/kaggle/input/musait/dataset/basket/neutral_364.jpeg,1,,neutral
neutral_366.jpg,/kaggle/input/musait/dataset/basket/neutral_366.jpg,1,,neutral
neutral_368.jpeg,/kaggle/input/musait/dataset/basket/neutral_368.jpeg,1,,neutral
neutral_370.jpg,/kaggle/input/musait/dataset/basket/neutral_370.jpg,1,,neutral
neutral_371.jpeg,/kaggle/input/musait/dataset/basket/neutral_371.jpeg,1,,neutral
neutral_373.jpg,/kaggle/input/musait/dataset/basket/neutral_373.jpg,1,,neutral
neutral_375.jpeg,/kaggle/input/musait/dataset/basket/neutral_375.jpeg,1,,neutral
neutral_376.jpg,/kaggle/input/musait/dataset/basket/neutral_376.jpg,1,,neutral
neutral_379.jpeg,/kaggle/input/musait/dataset/basket/neutral_379.jpeg,1,,neutral
neutral_381.jpg,/kaggle/input/musait/dataset/basket/neutral_381.jpg,1,,neutral
neutral_383.jpeg,/kaggle/input/musait/dataset/basket/neutral_383.jpeg,1,,neutral
neutral_384.jpg,/kaggle/input/musait/dataset/basket/neutral_384.jpg,1,,neutral
neutral_387.jpeg,/kaggle/input/musait/dataset/basket/neutral_387.jpeg,1,,neutral
neutral_389.jpg,/kaggle/input/musait/dataset/basket/neutral_389.jpg,1,,neutral
neutral_391.jpeg,/kaggle/input/musait/dataset/basket/neutral_391.jpeg,1,,neutral
neutral_393.jpg,/kaggle/input/musait/dataset/basket/neutral_393.jpg,1,,neutral
neutral_395.jpeg,/kaggle/input/musait/dataset/basket/neutral_395.jpeg,1,,neutral
neutral_397.jpg,/kaggle/input/musait/dataset/basket/neutral_397.jpg,1,,neutral
neutral_399.jpeg,/kaggle/input/musait/dataset/basket/neutral_399.jpeg,1,,neutral
neutral_401.jpg,/kaggle/input/musait/dataset/basket/neutral_401.jpg,1,,neutral
neutral_402.jpeg,/kaggle/input/musait/dataset/basket/neutral_402.jpeg,0,a fountain pen and a notebook,neutral
neutral_404.jpg,/kaggle/input/musait/dataset/basket/neutral_404.jpg,1,,neutral
neutral_407.jpeg,/kaggle/input/musait/dataset/basket/neutral_407.jpeg,1,,neutral
neutral_408.jpg,/kaggle/input/musait/dataset/basket/neutral_408.jpg,1,,neutral
neutral_410.jpeg,/kaggle/input/musait/dataset/basket/neutral_410.jpeg,1,,neutral
neutral_413.jpg,/kaggle/input/musait/dataset/basket/neutral_413.jpg,1,,neutral
neutral_414.jpeg,/kaggle/input/musait/dataset/basket/neutral_414.jpeg,1,,neutral
neutral_416.jpg,/kaggle/input/musait/dataset/basket/neutral_416.jpg,1,,neutral
neutral_418.jpeg,/kaggle/input/musait/dataset/basket/neutral_418.jpeg,1,,neutral
neutral_421.jpg,/kaggle/input/musait/dataset/basket/neutral_421.jpg,1,,neutral
neutral_422.jpeg,/kaggle/input/musait/dataset/basket/neutral_422.jpeg,1,,neutral
neutral_425.jpg,/kaggle/input/musait/dataset/basket/neutral_425.jpg,1,,neutral
neutral_426.jpeg,/kaggle/input/musait/dataset/basket/neutral_426.jpeg,1,,neutral
neutral_427.jpg,/kaggle/input/musait/dataset/basket/neutral_427.jpg,1,,neutral
neutral_430.jpeg,/kaggle/input/musait/dataset/basket/neutral_430.jpeg,1,,neutral
neutral_431.jpg,/kaggle/input/musait/dataset/basket/neutral_431.jpg,1,,neutral
neutral_434.jpeg,/kaggle/input/musait/dataset/basket/neutral_434.jpeg,1,,neutral
neutral_436.jpg,/kaggle/input/musait/dataset/basket/neutral_436.jpg,1,,neutral
neutral_437.jpeg,/kaggle/input/musait/dataset/basket/neutral_437.jpeg,1,,neutral
neutral_439.jpg,/kaggle/input/musait/dataset/basket/neutral_439.jpg,1,,neutral
neutral_440.jpeg,/kaggle/input/musait/dataset/basket/neutral_440.jpeg,1,,neutral
neutral_442.jpg,/kaggle/input/musait/dataset/basket/neutral_442.jpg,1,,neutral
neutral_445.jpeg,/kaggle/input/musait/dataset/basket/neutral_445.jpeg,1,,neutral
neutral_446.jpg,/kaggle/input/musait/dataset/basket/neutral_446.jpg,1,,neutral
neutral_448.jpeg,/kaggle/input/musait/dataset/basket/neutral_448.jpeg,1,,neutral
neutral_449.jpg,/kaggle/input/musait/dataset/basket/neutral_449.jpg,1,,neutral
neutral_451.jpeg,/kaggle/input/musait/dataset/basket/neutral_451.jpeg,1,,neutral
neutral_453.jpg,/kaggle/input/musait/dataset/basket/neutral_453.jpg,1,,neutral
neutral_456.jpeg,/kaggle/input/musait/dataset/basket/neutral_456.jpeg,1,,neutral
neutral_457.jpg,/kaggle/input/musait/dataset/basket/neutral_457.jpg,1,,neutral
neutral_458.jpeg,/kaggle/input/musait/dataset/basket/neutral_458.jpeg,1,,neutral
neutral_462.jpeg,/kaggle/input/musait/dataset/basket/neutral_462.jpeg,1,,neutral
neutral_464.jpg,/kaggle/input/musait/dataset/basket/neutral_464.jpg,1,,neutral
neutral_466.jpeg,/kaggle/input/musait/dataset/basket/neutral_466.jpeg,1,,neutral
neutral_467.jpg,/kaggle/input/musait/dataset/basket/neutral_467.jpg,1,,neutral
neutral_469.jpeg,/kaggle/input/musait/dataset/basket/neutral_469.jpeg,1,,neutral
neutral_472.jpg,/kaggle/input/musait/dataset/basket/neutral_472.jpg,1,,neutral
neutral_473.jpeg,/kaggle/input/musait/dataset/basket/neutral_473.jpeg,1,,neutral
neutral_476.jpg,/kaggle/input/musait/dataset/basket/neutral_476.jpg,1,,neutral
neutral_477.jpeg,/kaggle/input/musait/dataset/basket/neutral_477.jpeg,1,,neutral
neutral_479.jpg,/kaggle/input/musait/dataset/basket/neutral_479.jpg,1,,neutral
neutral_481.jpeg,/kaggle/input/musait/dataset/basket/neutral_481.jpeg,1,,neutral
neutral_483.jpg,/kaggle/input/musait/dataset/basket/neutral_483.jpg,1,,neutral
neutral_485.jpeg,/kaggle/input/musait/dataset/basket/neutral_485.jpeg,1,,neutral
neutral_488.jpg,/kaggle/input/musait/dataset/basket/neutral_488.jpg,1,,neutral
neutral_490.jpeg,/kaggle/input/musait/dataset/basket/neutral_490.jpeg,1,,neutral
neutral_492.jpg,/kaggle/input/musait/dataset/basket/neutral_492.jpg,1,,neutral
neutral_494.jpeg,/kaggle/input/musait/dataset/basket/neutral_494.jpeg,1,,neutral
neutral_495.jpg,/kaggle/input/musait/dataset/basket/neutral_495.jpg,1,,neutral
neutral_497.jpeg,/kaggle/input/musait/dataset/basket/neutral_497.jpeg,1,,neutral
neutral_498.jpg,/kaggle/input/musait/dataset/basket/neutral_498.jpg,1,,neutral
neutral_501.jpeg,/kaggle/input/musait/dataset/basket/neutral_501.jpeg,1,,neutral
neutral_503.jpg,/kaggle/input/musait/dataset/basket/neutral_503.jpg,1,,neutral
neutral_504.jpeg,/kaggle/input/musait/dataset/basket/neutral_504.jpeg,1,,neutral
neutral_507.jpg,/kaggle/input/musait/dataset/basket/neutral_507.jpg,1,,neutral
neutral_509.jpeg,/kaggle/input/musait/dataset/basket/neutral_509.jpeg,1,,neutral
neutral_510.jpg,/kaggle/input/musait/dataset/basket/neutral_510.jpg,1,,neutral
neutral_512.jpeg,/kaggle/input/musait/dataset/basket/neutral_512.jpeg,1,,neutral
neutral_514.jpg,/kaggle/input/musait/dataset/basket/neutral_514.jpg,0,a computer screen showing a code editor,neutral
neutral_517.jpeg,/kaggle/input/musait/dataset/basket/neutral_517.jpeg,1,,neutral
neutral_519.jpg,/kaggle/input/musait/dataset/basket/neutral_519.jpg,1,,neutral
neutral_520.jpeg,/kaggle/input/musait/dataset/basket/neutral_520.jpeg,0,a child using a laptop computer on a bed,neutral
neutral_522.jpg,/kaggle/input/musait/dataset/basket/neutral_522.jpg,1,,neutral
neutral_524.jpeg,/kaggle/input/musait/dataset/basket/neutral_524.jpeg,1,,neutral
neutral_526.jpg,/kaggle/input/musait/dataset/basket/neutral_526.jpg,1,,neutral
neutral_529.jpeg,/kaggle/input/musait/dataset/basket/neutral_529.jpeg,1,,neutral
neutral_531.jpg,/kaggle/input/musait/dataset/basket/neutral_531.jpg,1,,neutral
neutral_533.jpeg,/kaggle/input/musait/dataset/basket/neutral_533.jpeg,1,,neutral
neutral_535.jpg,/kaggle/input/musait/dataset/basket/neutral_535.jpg,1,,neutral
neutral_537.jpeg,/kaggle/input/musait/dataset/basket/neutral_537.jpeg,1,,neutral
neutral_538.jpg,/kaggle/input/musait/dataset/basket/neutral_538.jpg,1,,neutral
neutral_541.jpeg,/kaggle/input/musait/dataset/basket/neutral_541.jpeg,1,,neutral
neutral_542.jpg,/kaggle/input/musait/dataset/basket/neutral_542.jpg,1,,neutral
neutral_544.jpeg,/kaggle/input/musait/dataset/basket/neutral_544.jpeg,1,,neutral
neutral_546.jpg,/kaggle/input/musait/dataset/basket/neutral_546.jpg,1,,neutral
neutral_549.jpeg,/kaggle/input/musait/dataset/basket/neutral_549.jpeg,1,,neutral
neutral_550.jpg,/kaggle/input/musait/dataset/basket/neutral_550.jpg,1,,neutral
neutral_551.jpg,/kaggle/input/musait/dataset/basket/neutral_551.jpg,1,,neutral
neutral_552.jpeg,/kaggle/input/musait/dataset/basket/neutral_552.jpeg,1,,neutral
neutral_554.jpg,/kaggle/input/musait/dataset/basket/neutral_554.jpg,0,clouds in the sky with a question mark,neutral
neutral_555.jpeg,/kaggle/input/musait/dataset/basket/neutral_555.jpeg,1,,neutral
neutral_558.jpg,/kaggle/input/musait/dataset/basket/neutral_558.jpg,1,,neutral
neutral_559.jpeg,/kaggle/input/musait/dataset/basket/neutral_559.jpeg,1,,neutral
neutral_562.jpg,/kaggle/input/musait/dataset/basket/neutral_562.jpg,1,,neutral
neutral_563.jpeg,/kaggle/input/musait/dataset/basket/neutral_563.jpeg,1,,neutral
neutral_566.jpg,/kaggle/input/musait/dataset/basket/neutral_566.jpg,1,,neutral
neutral_567.jpeg,/kaggle/input/musait/dataset/basket/neutral_567.jpeg,1,,neutral
neutral_569.jpg,/kaggle/input/musait/dataset/basket/neutral_569.jpg,1,,neutral
neutral_571.jpeg,/kaggle/input/musait/dataset/basket/neutral_571.jpeg,1,,neutral
neutral_575.jpeg,/kaggle/input/musait/dataset/basket/neutral_575.jpeg,1,,neutral
neutral_578.jpg,/kaggle/input/musait/dataset/basket/neutral_578.jpg,1,,neutral
neutral_579.jpeg,/kaggle/input/musait/dataset/basket/neutral_579.jpeg,1,,neutral
neutral_582.jpg,/kaggle/input/musait/dataset/basket/neutral_582.jpg,1,,neutral
neutral_583.jpeg,/kaggle/input/musait/dataset/basket/neutral_583.jpeg,1,,neutral
neutral_588.jpeg,/kaggle/input/musait/dataset/basket/neutral_588.jpeg,1,,neutral
neutral_591.jpeg,/kaggle/input/musait/dataset/basket/neutral_591.jpeg,1,,neutral
neutral_592.jpg,/kaggle/input/musait/dataset/basket/neutral_592.jpg,1,,neutral
neutral_593.jpeg,/kaggle/input/musait/dataset/basket/neutral_593.jpeg,1,,neutral
neutral_595.jpg,/kaggle/input/musait/dataset/basket/neutral_595.jpg,1,,neutral
neutral_597.jpeg,/kaggle/input/musait/dataset/basket/neutral_597.jpeg,1,,neutral
neutral_599.jpg,/kaggle/input/musait/dataset/basket/neutral_599.jpg,1,,neutral
neutral_601.jpeg,/kaggle/input/musait/dataset/basket/neutral_601.jpeg,1,,neutral
neutral_602.jpg,/kaggle/input/musait/dataset/basket/neutral_602.jpg,1,,neutral
neutral_605.jpeg,/kaggle/input/musait/dataset/basket/neutral_605.jpeg,1,,neutral
neutral_606.jpg,/kaggle/input/musait/dataset/basket/neutral_606.jpg,1,,neutral
neutral_609.jpg,/kaggle/input/musait/dataset/basket/neutral_609.jpg,1,,neutral
neutral_612.jpg,/kaggle/input/musait/dataset/basket/neutral_612.jpg,1,,neutral
neutral_615.jpeg,/kaggle/input/musait/dataset/basket/neutral_615.jpeg,0,the sun is shining t shirt,neutral
neutral_616.jpg,/kaggle/input/musait/dataset/basket/neutral_616.jpg,1,,neutral
neutral_620.jpg,/kaggle/input/musait/dataset/basket/neutral_620.jpg,1,,neutral
neutral_621.jpeg,/kaggle/input/musait/dataset/basket/neutral_621.jpeg,1,,neutral
neutral_623.jpg,/kaggle/input/musait/dataset/basket/neutral_623.jpg,1,,neutral
neutral_625.jpeg,/kaggle/input/musait/dataset/basket/neutral_625.jpeg,1,,neutral
neutral_627.jpg,/kaggle/input/musait/dataset/basket/neutral_627.jpg,1,,neutral
neutral_630.jpeg,/kaggle/input/musait/dataset/basket/neutral_630.jpeg,1,,neutral
neutral_632.jpg,/kaggle/input/musait/dataset/basket/neutral_632.jpg,1,,neutral
neutral_633.jpeg,/kaggle/input/musait/dataset/basket/neutral_633.jpeg,1,,neutral
neutral_635.jpg,/kaggle/input/musait/dataset/basket/neutral_635.jpg,1,,neutral
neutral_637.jpeg,/kaggle/input/musait/dataset/basket/neutral_637.jpeg,1,,neutral
neutral_639.jpg,/kaggle/input/musait/dataset/basket/neutral_639.jpg,1,,neutral
neutral_641.jpeg,/kaggle/input/musait/dataset/basket/neutral_641.jpeg,1,,neutral
neutral_643.jpeg,/kaggle/input/musait/dataset/basket/neutral_643.jpeg,1,,neutral
neutral_645.jpeg,/kaggle/input/musait/dataset/basket/neutral_645.jpeg,1,,neutral
neutral_647.jpeg,/kaggle/input/musait/dataset/basket/neutral_647.jpeg,1,,neutral
neutral_648.jpeg,/kaggle/input/musait/dataset/basket/neutral_648.jpeg,1,,neutral
neutral_649.jpeg,/kaggle/input/musait/dataset/basket/neutral_649.jpeg,1,,neutral
neutral_651.jpeg,/kaggle/input/musait/dataset/basket/neutral_651.jpeg,1,,neutral
neutral_653.jpg,/kaggle/input/musait/dataset/basket/neutral_653.jpg,1,,neutral
neutral_654.jpg,/kaggle/input/musait/dataset/basket/neutral_654.jpg,1,,neutral
neutral_655.jpg,/kaggle/input/musait/dataset/basket/neutral_655.jpg,1,,neutral
neutral_656.jpg,/kaggle/input/musait/dataset/basket/neutral_656.jpg,1,,neutral
neutral_657.jpg,/kaggle/input/musait/dataset/basket/neutral_657.jpg,1,,neutral
neutral_658.jpg,/kaggle/input/musait/dataset/basket/neutral_658.jpg,1,,neutral
neutral_659.jpg,/kaggle/input/musait/dataset/basket/neutral_659.jpg,1,,neutral
neutral_660.jpg,/kaggle/input/musait/dataset/basket/neutral_660.jpg,1,,neutral
neutral_661.jpg,/kaggle/input/musait/dataset/basket/neutral_661.jpg,1,,neutral
neutral_662.jpg,/kaggle/input/musait/dataset/basket/neutral_662.jpg,1,,neutral
neutral_663.jpg,/kaggle/input/musait/dataset/basket/neutral_663.jpg,1,,neutral
neutral_664.jpg,/kaggle/input/musait/dataset/basket/neutral_664.jpg,1,,neutral
neutral_665.jpg,/kaggle/input/musait/dataset/basket/neutral_665.jpg,1,,neutral
neutral_666.jpg,/kaggle/input/musait/dataset/basket/neutral_666.jpg,1,,neutral
neutral_667.jpg,/kaggle/input/musait/dataset/basket/neutral_667.jpg,1,,neutral
neutral_668.jpg,/kaggle/input/musait/dataset/basket/neutral_668.jpg,1,,neutral
neutral_669.jpg,/kaggle/input/musait/dataset/basket/neutral_669.jpg,1,,neutral
neutral_670.jpg,/kaggle/input/musait/dataset/basket/neutral_670.jpg,1,,neutral
neutral_671.jpg,/kaggle/input/musait/dataset/basket/neutral_671.jpg,1,,neutral
neutral_672.jpg,/kaggle/input/musait/dataset/basket/neutral_672.jpg,1,,neutral
neutral_673.jpg,/kaggle/input/musait/dataset/basket/neutral_673.jpg,1,,neutral
neutral_674.jpg,/kaggle/input/musait/dataset/basket/neutral_674.jpg,1,,neutral
neutral_675.jpg,/kaggle/input/musait/dataset/basket/neutral_675.jpg,1,,neutral
neutral_676.jpg,/kaggle/input/musait/dataset/basket/neutral_676.jpg,1,,neutral
neutral_677.jpg,/kaggle/input/musait/dataset/basket/neutral_677.jpg,1,,neutral
neutral_678.jpg,/kaggle/input/musait/dataset/basket/neutral_678.jpg,1,,neutral
neutral_679.jpg,/kaggle/input/musait/dataset/basket/neutral_679.jpg,1,,neutral
neutral_680.jpg,/kaggle/input/musait/dataset/basket/neutral_680.jpg,1,,neutral
neutral_681.jpg,/kaggle/input/musait/dataset/basket/neutral_681.jpg,1,,neutral
neutral_682.jpg,/kaggle/input/musait/dataset/basket/neutral_682.jpg,1,,neutral
neutral_683.jpg,/kaggle/input/musait/dataset/basket/neutral_683.jpg,1,,neutral
neutral_684.jpg,/kaggle/input/musait/dataset/basket/neutral_684.jpg,1,,neutral
neutral_685.jpg,/kaggle/input/musait/dataset/basket/neutral_685.jpg,1,,neutral
neutral_686.jpg,/kaggle/input/musait/dataset/basket/neutral_686.jpg,1,,neutral
neutral_687.jpg,/kaggle/input/musait/dataset/basket/neutral_687.jpg,1,,neutral
neutral_688.jpg,/kaggle/input/musait/dataset/basket/neutral_688.jpg,1,,neutral
neutral_689.jpg,/kaggle/input/musait/dataset/basket/neutral_689.jpg,1,,neutral
neutral_690.jpg,/kaggle/input/musait/dataset/basket/neutral_690.jpg,1,,neutral
neutral_691.jpg,/kaggle/input/musait/dataset/basket/neutral_691.jpg,1,,neutral
neutral_692.jpg,/kaggle/input/musait/dataset/basket/neutral_692.jpg,1,,neutral
neutral_693.jpg,/kaggle/input/musait/dataset/basket/neutral_693.jpg,1,,neutral
neutral_694.jpg,/kaggle/input/musait/dataset/basket/neutral_694.jpg,1,,neutral
neutral_695.jpg,/kaggle/input/musait/dataset/basket/neutral_695.jpg,1,,neutral
neutral_696.jpg,/kaggle/input/musait/dataset/basket/neutral_696.jpg,1,,neutral
neutral_697.jpg,/kaggle/input/musait/dataset/basket/neutral_697.jpg,1,,neutral
neutral_698.jpg,/kaggle/input/musait/dataset/basket/neutral_698.jpg,1,,neutral
neutral_699.jpg,/kaggle/input/musait/dataset/basket/neutral_699.jpg,1,,neutral
neutral_700.jpg,/kaggle/input/musait/dataset/basket/neutral_700.jpg,1,,neutral
neutral_701.jpg,/kaggle/input/musait/dataset/basket/neutral_701.jpg,1,,neutral
neutral_702.jpg,/kaggle/input/musait/dataset/basket/neutral_702.jpg,1,,neutral
neutral_703.jpg,/kaggle/input/musait/dataset/basket/neutral_703.jpg,1,,neutral
neutral_704.jpg,/kaggle/input/musait/dataset/basket/neutral_704.jpg,1,,neutral
neutral_705.jpg,/kaggle/input/musait/dataset/basket/neutral_705.jpg,1,,neutral
neutral_706.jpg,/kaggle/input/musait/dataset/basket/neutral_706.jpg,1,,neutral
neutral_707.jpg,/kaggle/input/musait/dataset/basket/neutral_707.jpg,1,,neutral
neutral_708.jpg,/kaggle/input/musait/dataset/basket/neutral_708.jpg,1,,neutral
neutral_709.jpg,/kaggle/input/musait/dataset/basket/neutral_709.jpg,1,,neutral
neutral_710.jpg,/kaggle/input/musait/dataset/basket/neutral_710.jpg,1,,neutral
neutral_711.jpg,/kaggle/input/musait/dataset/basket/neutral_711.jpg,1,,neutral
neutral_712.jpg,/kaggle/input/musait/dataset/basket/neutral_712.jpg,1,,neutral
neutral_713.jpg,/kaggle/input/musait/dataset/basket/neutral_713.jpg,1,,neutral
neutral_714.jpg,/kaggle/input/musait/dataset/basket/neutral_714.jpg,1,,neutral
neutral_715.jpg,/kaggle/input/musait/dataset/basket/neutral_715.jpg,1,,neutral
neutral_716.jpg,/kaggle/input/musait/dataset/basket/neutral_716.jpg,1,,neutral
neutral_717.jpg,/kaggle/input/musait/dataset/basket/neutral_717.jpg,1,,neutral
neutral_718.jpg,/kaggle/input/musait/dataset/basket/neutral_718.jpg,1,,neutral
neutral_719.jpg,/kaggle/input/musait/dataset/basket/neutral_719.jpg,1,,neutral
neutral_720.jpg,/kaggle/input/musait/dataset/basket/neutral_720.jpg,1,,neutral
neutral_721.jpg,/kaggle/input/musait/dataset/basket/neutral_721.jpg,1,,neutral
neutral_722.jpg,/kaggle/input/musait/dataset/basket/neutral_722.jpg,1,,neutral
neutral_723.jpg,/kaggle/input/musait/dataset/basket/neutral_723.jpg,1,,neutral
neutral_724.jpg,/kaggle/input/musait/dataset/basket/neutral_724.jpg,1,,neutral
neutral_725.jpg,/kaggle/input/musait/dataset/basket/neutral_725.jpg,1,,neutral
neutral_726.jpg,/kaggle/input/musait/dataset/basket/neutral_726.jpg,1,,neutral
neutral_727.jpg,/kaggle/input/musait/dataset/basket/neutral_727.jpg,1,,neutral
neutral_728.jpg,/kaggle/input/musait/dataset/basket/neutral_728.jpg,1,,neutral
neutral_729.jpg,/kaggle/input/musait/dataset/basket/neutral_729.jpg,1,,neutral
neutral_730.jpg,/kaggle/input/musait/dataset/basket/neutral_730.jpg,1,,neutral
neutral_731.jpg,/kaggle/input/musait/dataset/basket/neutral_731.jpg,1,,neutral
neutral_732.jpg,/kaggle/input/musait/dataset/basket/neutral_732.jpg,1,,neutral
neutral_733.jpg,/kaggle/input/musait/dataset/basket/neutral_733.jpg,1,,neutral
neutral_734.jpg,/kaggle/input/musait/dataset/basket/neutral_734.jpg,1,,neutral
neutral_735.jpg,/kaggle/input/musait/dataset/basket/neutral_735.jpg,1,,neutral
neutral_736.jpg,/kaggle/input/musait/dataset/basket/neutral_736.jpg,1,,neutral
neutral_737.jpg,/kaggle/input/musait/dataset/basket/neutral_737.jpg,1,,neutral
neutral_738.jpg,/kaggle/input/musait/dataset/basket/neutral_738.jpg,1,,neutral
neutral_739.jpg,/kaggle/input/musait/dataset/basket/neutral_739.jpg,1,,neutral
neutral_740.jpg,/kaggle/input/musait/dataset/basket/neutral_740.jpg,1,,neutral
neutral_741.jpg,/kaggle/input/musait/dataset/basket/neutral_741.jpg,1,,neutral
neutral_742.jpg,/kaggle/input/musait/dataset/basket/neutral_742.jpg,1,,neutral
neutral_743.jpg,/kaggle/input/musait/dataset/basket/neutral_743.jpg,1,,neutral
neutral_744.jpg,/kaggle/input/musait/dataset/basket/neutral_744.jpg,1,,neutral
neutral_745.jpg,/kaggle/input/musait/dataset/basket/neutral_745.jpg,1,,neutral
neutral_746.jpg,/kaggle/input/musait/dataset/basket/neutral_746.jpg,1,,neutral
neutral_747.jpg,/kaggle/input/musait/dataset/basket/neutral_747.jpg,1,,neutral
neutral_748.jpg,/kaggle/input/musait/dataset/basket/neutral_748.jpg,1,,neutral
neutral_749.jpg,/kaggle/input/musait/dataset/basket/neutral_749.jpg,1,,neutral
neutral_750.jpg,/kaggle/input/musait/dataset/basket/neutral_750.jpg,1,,neutral
neutral_751.jpg,/kaggle/input/musait/dataset/basket/neutral_751.jpg,1,,neutral
neutral_752.jpg,/kaggle/input/musait/dataset/basket/neutral_752.jpg,1,,neutral
neutral_753.jpg,/kaggle/input/musait/dataset/basket/neutral_753.jpg,1,,neutral
neutral_754.jpg,/kaggle/input/musait/dataset/basket/neutral_754.jpg,1,,neutral
neutral_755.jpg,/kaggle/input/musait/dataset/basket/neutral_755.jpg,1,,neutral
neutral_756.jpg,/kaggle/input/musait/dataset/basket/neutral_756.jpg,1,,neutral
neutral_757.jpg,/kaggle/input/musait/dataset/basket/neutral_757.jpg,1,,neutral
neutral_758.jpg,/kaggle/input/musait/dataset/basket/neutral_758.jpg,1,,neutral
neutral_759.jpg,/kaggle/input/musait/dataset/basket/neutral_759.jpg,1,,neutral
neutral_760.jpg,/kaggle/input/musait/dataset/basket/neutral_760.jpg,1,,neutral
neutral_761.jpg,/kaggle/input/musait/dataset/basket/neutral_761.jpg,1,,neutral
neutral_762.jpg,/kaggle/input/musait/dataset/basket/neutral_762.jpg,1,,neutral
neutral_763.jpg,/kaggle/input/musait/dataset/basket/neutral_763.jpg,1,,neutral
neutral_764.jpg,/kaggle/input/musait/dataset/basket/neutral_764.jpg,1,,neutral
neutral_765.jpg,/kaggle/input/musait/dataset/basket/neutral_765.jpg,1,,neutral
neutral_766.jpg,/kaggle/input/musait/dataset/basket/neutral_766.jpg,1,,neutral
neutral_767.jpg,/kaggle/input/musait/dataset/basket/neutral_767.jpg,1,,neutral
neutral_768.jpg,/kaggle/input/musait/dataset/basket/neutral_768.jpg,1,,neutral
neutral_769.jpg,/kaggle/input/musait/dataset/basket/neutral_769.jpg,1,,neutral
neutral_770.jpg,/kaggle/input/musait/dataset/basket/neutral_770.jpg,1,,neutral
neutral_771.jpg,/kaggle/input/musait/dataset/basket/neutral_771.jpg,1,,neutral
neutral_772.jpg,/kaggle/input/musait/dataset/basket/neutral_772.jpg,1,,neutral
neutral_773.jpg,/kaggle/input/musait/dataset/basket/neutral_773.jpg,1,,neutral
neutral_774.jpg,/kaggle/input/musait/dataset/basket/neutral_774.jpg,1,,neutral
neutral_775.jpg,/kaggle/input/musait/dataset/basket/neutral_775.jpg,1,,neutral
neutral_776.jpg,/kaggle/input/musait/dataset/basket/neutral_776.jpg,1,,neutral
neutral_777.jpg,/kaggle/input/musait/dataset/basket/neutral_777.jpg,1,,neutral
neutral_778.jpg,/kaggle/input/musait/dataset/basket/neutral_778.jpg,1,,neutral
neutral_779.jpg,/kaggle/input/musait/dataset/basket/neutral_779.jpg,1,,neutral
neutral_780.jpg,/kaggle/input/musait/dataset/basket/neutral_780.jpg,1,,neutral
neutral_781.jpg,/kaggle/input/musait/dataset/basket/neutral_781.jpg,1,,neutral
neutral_782.jpg,/kaggle/input/musait/dataset/basket/neutral_782.jpg,1,,neutral
neutral_783.jpg,/kaggle/input/musait/dataset/basket/neutral_783.jpg,1,,neutral
neutral_784.jpg,/kaggle/input/musait/dataset/basket/neutral_784.jpg,1,,neutral
neutral_785.jpg,/kaggle/input/musait/dataset/basket/neutral_785.jpg,1,,neutral
neutral_786.jpg,/kaggle/input/musait/dataset/basket/neutral_786.jpg,1,,neutral
neutral_787.jpg,/kaggle/input/musait/dataset/basket/neutral_787.jpg,1,,neutral
neutral_788.jpg,/kaggle/input/musait/dataset/basket/neutral_788.jpg,1,,neutral
neutral_789.jpg,/kaggle/input/musait/dataset/basket/neutral_789.jpg,1,,neutral
neutral_790.jpg,/kaggle/input/musait/dataset/basket/neutral_790.jpg,1,,neutral
neutral_791.jpg,/kaggle/input/musait/dataset/basket/neutral_791.jpg,1,,neutral
neutral_792.jpg,/kaggle/input/musait/dataset/basket/neutral_792.jpg,1,,neutral
neutral_793.jpg,/kaggle/input/musait/dataset/basket/neutral_793.jpg,1,,neutral
neutral_794.jpg,/kaggle/input/musait/dataset/basket/neutral_794.jpg,1,,neutral
neutral_795.jpg,/kaggle/input/musait/dataset/basket/neutral_795.jpg,1,,neutral
neutral_796.jpg,/kaggle/input/musait/dataset/basket/neutral_796.jpg,1,,neutral
neutral_797.jpg,/kaggle/input/musait/dataset/basket/neutral_797.jpg,1,,neutral
neutral_798.jpg,/kaggle/input/musait/dataset/basket/neutral_798.jpg,1,,neutral
neutral_799.jpg,/kaggle/input/musait/dataset/basket/neutral_799.jpg,1,,neutral
neutral_800.jpg,/kaggle/input/musait/dataset/basket/neutral_800.jpg,1,,neutral
neutral_801.jpg,/kaggle/input/musait/dataset/basket/neutral_801.jpg,1,,neutral
neutral_802.jpg,/kaggle/input/musait/dataset/basket/neutral_802.jpg,1,,neutral
neutral_803.jpg,/kaggle/input/musait/dataset/basket/neutral_803.jpg,1,,neutral
neutral_804.jpg,/kaggle/input/musait/dataset/basket/neutral_804.jpg,1,,neutral
neutral_805.jpg,/kaggle/input/musait/dataset/basket/neutral_805.jpg,1,,neutral
neutral_806.jpg,/kaggle/input/musait/dataset/basket/neutral_806.jpg,1,,neutral
neutral_807.jpg,/kaggle/input/musait/dataset/basket/neutral_807.jpg,1,,neutral
neutral_808.jpg,/kaggle/input/musait/dataset/basket/neutral_808.jpg,1,,neutral
neutral_809.jpg,/kaggle/input/musait/dataset/basket/neutral_809.jpg,1,,neutral
neutral_810.jpg,/kaggle/input/musait/dataset/basket/neutral_810.jpg,1,,neutral
neutral_811.jpg,/kaggle/input/musait/dataset/basket/neutral_811.jpg,1,,neutral
neutral_812.jpg,/kaggle/input/musait/dataset/basket/neutral_812.jpg,1,,neutral
neutral_813.jpg,/kaggle/input/musait/dataset/basket/neutral_813.jpg,1,,neutral
neutral_814.jpg,/kaggle/input/musait/dataset/basket/neutral_814.jpg,1,,neutral
neutral_815.jpg,/kaggle/input/musait/dataset/basket/neutral_815.jpg,1,,neutral
neutral_816.jpg,/kaggle/input/musait/dataset/basket/neutral_816.jpg,1,,neutral
neutral_817.jpg,/kaggle/input/musait/dataset/basket/neutral_817.jpg,1,,neutral
neutral_818.jpg,/kaggle/input/musait/dataset/basket/neutral_818.jpg,1,,neutral
neutral_819.jpg,/kaggle/input/musait/dataset/basket/neutral_819.jpg,1,,neutral
neutral_820.jpg,/kaggle/input/musait/dataset/basket/neutral_820.jpg,1,,neutral
neutral_821.jpg,/kaggle/input/musait/dataset/basket/neutral_821.jpg,1,,neutral
neutral_822.jpg,/kaggle/input/musait/dataset/basket/neutral_822.jpg,1,,neutral
neutral_823.jpg,/kaggle/input/musait/dataset/basket/neutral_823.jpg,1,,neutral
neutral_824.jpg,/kaggle/input/musait/dataset/basket/neutral_824.jpg,1,,neutral
neutral_825.jpg,/kaggle/input/musait/dataset/basket/neutral_825.jpg,1,,neutral
neutral_826.jpg,/kaggle/input/musait/dataset/basket/neutral_826.jpg,1,,neutral
neutral_827.jpg,/kaggle/input/musait/dataset/basket/neutral_827.jpg,1,,neutral
neutral_828.jpg,/kaggle/input/musait/dataset/basket/neutral_828.jpg,1,,neutral
neutral_829.jpg,/kaggle/input/musait/dataset/basket/neutral_829.jpg,1,,neutral
neutral_830.jpg,/kaggle/input/musait/dataset/basket/neutral_830.jpg,1,,neutral
neutral_831.jpg,/kaggle/input/musait/dataset/basket/neutral_831.jpg,1,,neutral
neutral_832.jpg,/kaggle/input/musait/dataset/basket/neutral_832.jpg,1,,neutral
neutral_833.jpg,/kaggle/input/musait/dataset/basket/neutral_833.jpg,1,,neutral
neutral_834.jpg,/kaggle/input/musait/dataset/basket/neutral_834.jpg,1,,neutral
neutral_835.jpg,/kaggle/input/musait/dataset/basket/neutral_835.jpg,1,,neutral
neutral_836.jpg,/kaggle/input/musait/dataset/basket/neutral_836.jpg,1,,neutral
neutral_837.jpg,/kaggle/input/musait/dataset/basket/neutral_837.jpg,1,,neutral
neutral_838.jpg,/kaggle/input/musait/dataset/basket/neutral_838.jpg,1,,neutral
neutral_839.jpg,/kaggle/input/musait/dataset/basket/neutral_839.jpg,1,,neutral
neutral_840.jpg,/kaggle/input/musait/dataset/basket/neutral_840.jpg,1,,neutral
neutral_841.jpg,/kaggle/input/musait/dataset/basket/neutral_841.jpg,1,,neutral
neutral_842.jpg,/kaggle/input/musait/dataset/basket/neutral_842.jpg,1,,neutral
neutral_843.jpg,/kaggle/input/musait/dataset/basket/neutral_843.jpg,1,,neutral
neutral_844.jpg,/kaggle/input/musait/dataset/basket/neutral_844.jpg,1,,neutral
neutral_845.jpg,/kaggle/input/musait/dataset/basket/neutral_845.jpg,1,,neutral
neutral_846.jpg,/kaggle/input/musait/dataset/basket/neutral_846.jpg,1,,neutral
neutral_847.jpg,/kaggle/input/musait/dataset/basket/neutral_847.jpg,1,,neutral
neutral_848.jpg,/kaggle/input/musait/dataset/basket/neutral_848.jpg,1,,neutral
neutral_849.jpg,/kaggle/input/musait/dataset/basket/neutral_849.jpg,1,,neutral
neutral_850.jpg,/kaggle/input/musait/dataset/basket/neutral_850.jpg,1,,neutral
neutral_851.jpg,/kaggle/input/musait/dataset/basket/neutral_851.jpg,1,,neutral
neutral_852.jpg,/kaggle/input/musait/dataset/basket/neutral_852.jpg,1,,neutral
neutral_853.jpg,/kaggle/input/musait/dataset/basket/neutral_853.jpg,1,,neutral
neutral_854.jpg,/kaggle/input/musait/dataset/basket/neutral_854.jpg,1,,neutral
neutral_855.jpg,/kaggle/input/musait/dataset/basket/neutral_855.jpg,1,,neutral
neutral_856.jpg,/kaggle/input/musait/dataset/basket/neutral_856.jpg,1,,neutral
neutral_857.jpg,/kaggle/input/musait/dataset/basket/neutral_857.jpg,1,,neutral
neutral_858.jpg,/kaggle/input/musait/dataset/basket/neutral_858.jpg,1,,neutral
neutral_859.jpg,/kaggle/input/musait/dataset/basket/neutral_859.jpg,1,,neutral
neutral_860.jpg,/kaggle/input/musait/dataset/basket/neutral_860.jpg,1,,neutral
neutral_861.jpg,/kaggle/input/musait/dataset/basket/neutral_861.jpg,1,,neutral
neutral_862.jpg,/kaggle/input/musait/dataset/basket/neutral_862.jpg,1,,neutral
neutral_863.jpg,/kaggle/input/musait/dataset/basket/neutral_863.jpg,1,,neutral
neutral_864.jpg,/kaggle/input/musait/dataset/basket/neutral_864.jpg,1,,neutral
neutral_865.jpg,/kaggle/input/musait/dataset/basket/neutral_865.jpg,1,,neutral
neutral_866.jpg,/kaggle/input/musait/dataset/basket/neutral_866.jpg,1,,neutral
neutral_867.jpg,/kaggle/input/musait/dataset/basket/neutral_867.jpg,1,,neutral
neutral_868.jpg,/kaggle/input/musait/dataset/basket/neutral_868.jpg,1,,neutral
neutral_869.jpg,/kaggle/input/musait/dataset/basket/neutral_869.jpg,1,,neutral
neutral_870.jpg,/kaggle/input/musait/dataset/basket/neutral_870.jpg,1,,neutral
neutral_871.jpg,/kaggle/input/musait/dataset/basket/neutral_871.jpg,1,,neutral
neutral_872.jpg,/kaggle/input/musait/dataset/basket/neutral_872.jpg,1,,neutral
neutral_873.jpg,/kaggle/input/musait/dataset/basket/neutral_873.jpg,1,,neutral
neutral_874.jpg,/kaggle/input/musait/dataset/basket/neutral_874.jpg,1,,neutral
neutral_875.jpg,/kaggle/input/musait/dataset/basket/neutral_875.jpg,1,,neutral
neutral_876.jpg,/kaggle/input/musait/dataset/basket/neutral_876.jpg,1,,neutral
neutral_877.jpg,/kaggle/input/musait/dataset/basket/neutral_877.jpg,1,,neutral
neutral_878.jpg,/kaggle/input/musait/dataset/basket/neutral_878.jpg,1,,neutral
neutral_879.jpg,/kaggle/input/musait/dataset/basket/neutral_879.jpg,1,,neutral
neutral_880.jpg,/kaggle/input/musait/dataset/basket/neutral_880.jpg,1,,neutral
neutral_881.jpg,/kaggle/input/musait/dataset/basket/neutral_881.jpg,1,,neutral
neutral_882.jpg,/kaggle/input/musait/dataset/basket/neutral_882.jpg,1,,neutral
neutral_883.jpg,/kaggle/input/musait/dataset/basket/neutral_883.jpg,1,,neutral
neutral_884.jpg,/kaggle/input/musait/dataset/basket/neutral_884.jpg,1,,neutral
neutral_885.jpg,/kaggle/input/musait/dataset/basket/neutral_885.jpg,1,,neutral
neutral_886.jpg,/kaggle/input/musait/dataset/basket/neutral_886.jpg,1,,neutral
neutral_887.jpg,/kaggle/input/musait/dataset/basket/neutral_887.jpg,1,,neutral
neutral_888.jpg,/kaggle/input/musait/dataset/basket/neutral_888.jpg,1,,neutral
neutral_889.jpg,/kaggle/input/musait/dataset/basket/neutral_889.jpg,1,,neutral
neutral_890.jpg,/kaggle/input/musait/dataset/basket/neutral_890.jpg,1,,neutral
neutral_891.jpg,/kaggle/input/musait/dataset/basket/neutral_891.jpg,1,,neutral
neutral_892.jpg,/kaggle/input/musait/dataset/basket/neutral_892.jpg,1,,neutral
neutral_893.jpg,/kaggle/input/musait/dataset/basket/neutral_893.jpg,1,,neutral
neutral_894.jpg,/kaggle/input/musait/dataset/basket/neutral_894.jpg,1,,neutral
neutral_895.jpg,/kaggle/input/musait/dataset/basket/neutral_895.jpg,1,,neutral
neutral_896.jpg,/kaggle/input/musait/dataset/basket/neutral_896.jpg,1,,neutral
neutral_897.jpg,/kaggle/input/musait/dataset/basket/neutral_897.jpg,1,,neutral
neutral_898.jpg,/kaggle/input/musait/dataset/basket/neutral_898.jpg,1,,neutral
neutral_899.jpg,/kaggle/input/musait/dataset/basket/neutral_899.jpg,1,,neutral
neutral_900.jpg,/kaggle/input/musait/dataset/basket/neutral_900.jpg,1,,neutral
neutral_901.jpg,/kaggle/input/musait/dataset/basket/neutral_901.jpg,1,,neutral
neutral_902.jpg,/kaggle/input/musait/dataset/basket/neutral_902.jpg,1,,neutral
neutral_903.jpg,/kaggle/input/musait/dataset/basket/neutral_903.jpg,1,,neutral
neutral_904.jpg,/kaggle/input/musait/dataset/basket/neutral_904.jpg,1,,neutral
neutral_905.jpg,/kaggle/input/musait/dataset/basket/neutral_905.jpg,1,,neutral
neutral_906.jpg,/kaggle/input/musait/dataset/basket/neutral_906.jpg,1,,neutral
neutral_907.jpg,/kaggle/input/musait/dataset/basket/neutral_907.jpg,1,,neutral
neutral_908.jpg,/kaggle/input/musait/dataset/basket/neutral_908.jpg,1,,neutral
neutral_909.jpg,/kaggle/input/musait/dataset/basket/neutral_909.jpg,1,,neutral
neutral_910.jpg,/kaggle/input/musait/dataset/basket/neutral_910.jpg,1,,neutral
neutral_911.jpg,/kaggle/input/musait/dataset/basket/neutral_911.jpg,1,,neutral
neutral_912.jpg,/kaggle/input/musait/dataset/basket/neutral_912.jpg,1,,neutral
neutral_913.jpg,/kaggle/input/musait/dataset/basket/neutral_913.jpg,1,,neutral
neutral_914.jpg,/kaggle/input/musait/dataset/basket/neutral_914.jpg,1,,neutral
neutral_915.jpg,/kaggle/input/musait/dataset/basket/neutral_915.jpg,1,,neutral
neutral_916.jpg,/kaggle/input/musait/dataset/basket/neutral_916.jpg,1,,neutral
neutral_917.jpg,/kaggle/input/musait/dataset/basket/neutral_917.jpg,1,,neutral
neutral_918.jpg,/kaggle/input/musait/dataset/basket/neutral_918.jpg,1,,neutral
neutral_919.jpg,/kaggle/input/musait/dataset/basket/neutral_919.jpg,1,,neutral
neutral_920.jpg,/kaggle/input/musait/dataset/basket/neutral_920.jpg,1,,neutral
neutral_921.jpg,/kaggle/input/musait/dataset/basket/neutral_921.jpg,1,,neutral
neutral_922.jpg,/kaggle/input/musait/dataset/basket/neutral_922.jpg,1,,neutral
neutral_923.jpg,/kaggle/input/musait/dataset/basket/neutral_923.jpg,1,,neutral
neutral_924.jpg,/kaggle/input/musait/dataset/basket/neutral_924.jpg,1,,neutral
neutral_925.jpg,/kaggle/input/musait/dataset/basket/neutral_925.jpg,1,,neutral
neutral_926.jpg,/kaggle/input/musait/dataset/basket/neutral_926.jpg,1,,neutral
neutral_927.jpg,/kaggle/input/musait/dataset/basket/neutral_927.jpg,1,,neutral
neutral_928.jpg,/kaggle/input/musait/dataset/basket/neutral_928.jpg,1,,neutral
neutral_929.jpg,/kaggle/input/musait/dataset/basket/neutral_929.jpg,1,,neutral
neutral_930.jpg,/kaggle/input/musait/dataset/basket/neutral_930.jpg,1,,neutral
neutral_931.jpg,/kaggle/input/musait/dataset/basket/neutral_931.jpg,1,,neutral
neutral_932.jpg,/kaggle/input/musait/dataset/basket/neutral_932.jpg,1,,neutral
neutral_933.jpg,/kaggle/input/musait/dataset/basket/neutral_933.jpg,1,,neutral
neutral_934.jpg,/kaggle/input/musait/dataset/basket/neutral_934.jpg,1,,neutral
neutral_935.jpg,/kaggle/input/musait/dataset/basket/neutral_935.jpg,1,,neutral
neutral_936.jpg,/kaggle/input/musait/dataset/basket/neutral_936.jpg,1,,neutral
neutral_937.jpg,/kaggle/input/musait/dataset/basket/neutral_937.jpg,1,,neutral
neutral_938.jpg,/kaggle/input/musait/dataset/basket/neutral_938.jpg,1,,neutral
neutral_939.jpg,/kaggle/input/musait/dataset/basket/neutral_939.jpg,1,,neutral
neutral_940.jpg,/kaggle/input/musait/dataset/basket/neutral_940.jpg,1,,neutral
neutral_941.png,/kaggle/input/musait/dataset/basket/neutral_941.png,1,,neutral
neutral_942.jpg,/kaggle/input/musait/dataset/basket/neutral_942.jpg,1,,neutral
neutral_943.jpeg,/kaggle/input/musait/dataset/basket/neutral_943.jpeg,1,,neutral
neutral_944.png,/kaggle/input/musait/dataset/basket/neutral_944.png,1,,neutral
neutral_945.jpeg,/kaggle/input/musait/dataset/basket/neutral_945.jpeg,1,,neutral
neutral_946.png,/kaggle/input/musait/dataset/basket/neutral_946.png,1,,neutral
neutral_947.png,/kaggle/input/musait/dataset/basket/neutral_947.png,1,,neutral
positive_001.jpeg,/kaggle/input/musait/dataset/basket/positive_001.jpeg,1,,positive
positive_002.jpg,/kaggle/input/musait/dataset/basket/positive_002.jpg,1,,positive
positive_003.jpg,/kaggle/input/musait/dataset/basket/positive_003.jpg,1,,positive
positive_004.jpeg,/kaggle/input/musait/dataset/basket/positive_004.jpeg,1,,positive
positive_007.jpeg,/kaggle/input/musait/dataset/basket/positive_007.jpeg,1,,positive
positive_008.jpg,/kaggle/input/musait/dataset/basket/positive_008.jpg,1,,positive
positive_009.jpg,/kaggle/input/musait/dataset/basket/positive_009.jpg,1,,positive
positive_011.jpeg,/kaggle/input/musait/dataset/basket/positive_011.jpeg,0,a group of people gathered around a table with a birthday cake,positive
positive_012.jpeg,/kaggle/input/musait/dataset/basket/positive_012.jpeg,1,,positive
positive_013.jpeg,/kaggle/input/musait/dataset/basket/positive_013.jpeg,1,,positive
positive_014.jpg,/kaggle/input/musait/dataset/basket/positive_014.jpg,0,a black and white photo of a girl holding a dog,positive
positive_015.jpg,/kaggle/input/musait/dataset/basket/positive_015.jpg,1,,positive
positive_016.jpeg,/kaggle/input/musait/dataset/basket/positive_016.jpeg,1,,positive
positive_017.jpeg,/kaggle/input/musait/dataset/basket/positive_017.jpeg,1,,positive
positive_019.jpeg,/kaggle/input/musait/dataset/basket/positive_019.jpeg,1,,positive
positive_020.jpg,/kaggle/input/musait/dataset/basket/positive_020.jpg,1,,positive
positive_021.jpg,/kaggle/input/musait/dataset/basket/positive_021.jpg,1,,positive
positive_023.jpeg,/kaggle/input/musait/dataset/basket/positive_023.jpeg,1,,positive
positive_024.jpeg,/kaggle/input/musait/dataset/basket/positive_024.jpeg,1,,positive
positive_025.jpeg,/kaggle/input/musait/dataset/basket/positive_025.jpeg,1,,positive
positive_026.jpg,/kaggle/input/musait/dataset/basket/positive_026.jpg,0,a large room with colorful balloons and tables,positive
positive_027.jpg,/kaggle/input/musait/dataset/basket/positive_027.jpg,1,,positive
positive_029.jpeg,/kaggle/input/musait/dataset/basket/positive_029.jpeg,1,,positive
positive_030.jpeg,/kaggle/input/musait/dataset/basket/positive_030.jpeg,1,,positive
positive_031.jpeg,/kaggle/input/musait/dataset/basket/positive_031.jpeg,1,,positive
positive_033.jpg,/kaggle/input/musait/dataset/basket/positive_033.jpg,1,,positive
positive_034.jpeg,/kaggle/input/musait/dataset/basket/positive_034.jpeg,1,,positive
positive_035.jpeg,/kaggle/input/musait/dataset/basket/positive_035.jpeg,0,a woman is standing next to an elephant,positive
positive_036.jpeg,/kaggle/input/musait/dataset/basket/positive_036.jpeg,1,,positive
positive_038.jpg,/kaggle/input/musait/dataset/basket/positive_038.jpg,1,,positive
positive_040.jpeg,/kaggle/input/musait/dataset/basket/positive_040.jpeg,0,the actress is laughing on the show,positive
positive_041.jpeg,/kaggle/input/musait/dataset/basket/positive_041.jpeg,1,,positive
positive_042.jpeg,/kaggle/input/musait/dataset/basket/positive_042.jpeg,1,,positive
positive_044.jpg,/kaggle/input/musait/dataset/basket/positive_044.jpg,1,,positive
positive_045.jpeg,/kaggle/input/musait/dataset/basket/positive_045.jpeg,1,,positive
positive_047.jpg,/kaggle/input/musait/dataset/basket/positive_047.jpg,1,,positive
positive_048.jpeg,/kaggle/input/musait/dataset/basket/positive_048.jpeg,1,,positive
positive_050.jpg,/kaggle/input/musait/dataset/basket/positive_050.jpg,1,,positive
positive_051.jpeg,/kaggle/input/musait/dataset/basket/positive_051.jpeg,1,,positive
positive_052.jpg,/kaggle/input/musait/dataset/basket/positive_052.jpg,1,,positive
positive_053.jpg,/kaggle/input/musait/dataset/basket/positive_053.jpg,1,,positive
positive_054.jpeg,/kaggle/input/musait/dataset/basket/positive_054.jpeg,1,,positive
positive_055.jpg,/kaggle/input/musait/dataset/basket/positive_055.jpg,1,,positive
positive_056.jpg,/kaggle/input/musait/dataset/basket/positive_056.jpg,1,,positive
positive_057.jpg,/kaggle/input/musait/dataset/basket/positive_057.jpg,1,,positive
positive_058.jpg,/kaggle/input/musait/dataset/basket/positive_058.jpg,0,a group of women wearing face masks in front of a statue,positive
positive_059.jpeg,/kaggle/input/musait/dataset/basket/positive_059.jpeg,1,,positive
positive_061.jpg,/kaggle/input/musait/dataset/basket/positive_061.jpg,0,a man in red and black is carrying a dog through the mud,positive
positive_062.jpg,/kaggle/input/musait/dataset/basket/positive_062.jpg,0,the sun sets over a lake with clouds and trees,positive
positive_063.jpg,/kaggle/input/musait/dataset/basket/positive_063.jpg,1,,positive
positive_064.jpeg,/kaggle/input/musait/dataset/basket/positive_064.jpeg,1,,positive
positive_066.jpg,/kaggle/input/musait/dataset/basket/positive_066.jpg,0,a family of children stand in front of a tent,positive
positive_067.jpg,/kaggle/input/musait/dataset/basket/positive_067.jpg,0,the sun is reflected in the water and trees,positive
positive_068.jpg,/kaggle/input/musait/dataset/basket/positive_068.jpg,1,,positive
positive_069.jpg,/kaggle/input/musait/dataset/basket/positive_069.jpg,1,,positive
positive_070.png,/kaggle/input/musait/dataset/basket/positive_070.png,1,,positive
positive_071.jpg,/kaggle/input/musait/dataset/basket/positive_071.jpg,1,,positive
positive_073.jpeg,/kaggle/input/musait/dataset/basket/positive_073.jpeg,1,,positive
positive_074.jpg,/kaggle/input/musait/dataset/basket/positive_074.jpg,1,,positive
positive_075.jpeg,/kaggle/input/musait/dataset/basket/positive_075.jpeg,1,,positive
positive_076.jpg,/kaggle/input/musait/dataset/basket/positive_076.jpg,0,a person holding a small purple flower in front of a sunset,positive
positive_078.jpeg,/kaggle/input/musait/dataset/basket/positive_078.jpeg,1,,positive
positive_079.jpg,/kaggle/input/musait/dataset/basket/positive_079.jpg,1,,positive
positive_080.jpeg,/kaggle/input/musait/dataset/basket/positive_080.jpeg,1,,positive
positive_081.jpg,/kaggle/input/musait/dataset/basket/positive_081.jpg,1,,positive
positive_083.jpeg,/kaggle/input/musait/dataset/basket/positive_083.jpeg,1,,positive
positive_084.jpg,/kaggle/input/musait/dataset/basket/positive_084.jpg,1,,positive
positive_085.jpg,/kaggle/input/musait/dataset/basket/positive_085.jpg,0,a winding road in the mountains with green roofs,positive
positive_086.jpeg,/kaggle/input/musait/dataset/basket/positive_086.jpeg,1,,positive
positive_087.jpg,/kaggle/input/musait/dataset/basket/positive_087.jpg,1,,positive
positive_088.jpg,/kaggle/input/musait/dataset/basket/positive_088.jpg,0,a man holding a dog in the back of a car,positive
positive_089.jpeg,/kaggle/input/musait/dataset/basket/positive_089.jpeg,1,,positive
positive_090.jpg,/kaggle/input/musait/dataset/basket/positive_090.jpg,1,,positive
positive_091.jpg,/kaggle/input/musait/dataset/basket/positive_091.jpg,0,the best pasta dishes in the world,positive
positive_092.jpeg,/kaggle/input/musait/dataset/basket/positive_092.jpeg,1,,positive
positive_093.jpg,/kaggle/input/musait/dataset/basket/positive_093.jpg,0,a family poses for a photo at their wedding,positive
positive_095.jpeg,/kaggle/input/musait/dataset/basket/positive_095.jpeg,1,,positive
positive_096.jpeg,/kaggle/input/musait/dataset/basket/positive_096.jpeg,1,,positive
positive_097.jpg,/kaggle/input/musait/dataset/basket/positive_097.jpg,0,a couple kissing while holding a cat,positive
positive_099.jpeg,/kaggle/input/musait/dataset/basket/positive_099.jpeg,1,,positive
positive_100.jpeg,/kaggle/input/musait/dataset/basket/positive_100.jpeg,1,,positive
positive_1000.jpg,/kaggle/input/musait/dataset/basket/positive_1000.jpg,1,,positive
positive_1001.jpg,/kaggle/input/musait/dataset/basket/positive_1001.jpg,1,,positive
positive_1002.jpg,/kaggle/input/musait/dataset/basket/positive_1002.jpg,1,,positive
positive_1003.jpg,/kaggle/input/musait/dataset/basket/positive_1003.jpg,1,,positive
positive_1004.jpg,/kaggle/input/musait/dataset/basket/positive_1004.jpg,1,,positive
positive_1005.jpg,/kaggle/input/musait/dataset/basket/positive_1005.jpg,1,,positive
positive_1006.jpg,/kaggle/input/musait/dataset/basket/positive_1006.jpg,1,,positive
positive_1007.jpg,/kaggle/input/musait/dataset/basket/positive_1007.jpg,1,,positive
positive_1008.jpg,/kaggle/input/musait/dataset/basket/positive_1008.jpg,1,,positive
positive_1009.jpg,/kaggle/input/musait/dataset/basket/positive_1009.jpg,1,,positive
positive_101.jpg,/kaggle/input/musait/dataset/basket/positive_101.jpg,1,,positive
positive_1010.jpg,/kaggle/input/musait/dataset/basket/positive_1010.jpg,1,,positive
positive_1011.jpg,/kaggle/input/musait/dataset/basket/positive_1011.jpg,1,,positive
positive_1012.jpg,/kaggle/input/musait/dataset/basket/positive_1012.jpg,1,,positive
positive_1013.jpg,/kaggle/input/musait/dataset/basket/positive_1013.jpg,1,,positive
positive_1014.jpg,/kaggle/input/musait/dataset/basket/positive_1014.jpg,1,,positive
positive_1015.jpg,/kaggle/input/musait/dataset/basket/positive_1015.jpg,1,,positive
positive_1016.jpg,/kaggle/input/musait/dataset/basket/positive_1016.jpg,1,,positive
positive_1017.jpg,/kaggle/input/musait/dataset/basket/positive_1017.jpg,1,,positive
positive_1018.jpg,/kaggle/input/musait/dataset/basket/positive_1018.jpg,1,,positive
positive_1019.jpg,/kaggle/input/musait/dataset/basket/positive_1019.jpg,1,,positive
positive_1020.jpg,/kaggle/input/musait/dataset/basket/positive_1020.jpg,1,,positive
positive_1021.jpg,/kaggle/input/musait/dataset/basket/positive_1021.jpg,1,,positive
positive_103.jpeg,/kaggle/input/musait/dataset/basket/positive_103.jpeg,1,,positive
positive_104.jpeg,/kaggle/input/musait/dataset/basket/positive_104.jpeg,0,happy family at birthday party stock photo image,positive
positive_105.jpg,/kaggle/input/musait/dataset/basket/positive_105.jpg,0,a flower garden with many different colored tulips,positive
positive_106.jpeg,/kaggle/input/musait/dataset/basket/positive_106.jpeg,1,,positive
positive_109.jpg,/kaggle/input/musait/dataset/basket/positive_109.jpg,1,,positive
positive_110.jpeg,/kaggle/input/musait/dataset/basket/positive_110.jpeg,1,,positive
positive_112.jpeg,/kaggle/input/musait/dataset/basket/positive_112.jpeg,1,,positive
positive_113.jpg,/kaggle/input/musait/dataset/basket/positive_113.jpg,0,orange rose in the garden,positive
positive_114.jpeg,/kaggle/input/musait/dataset/basket/positive_114.jpeg,1,,positive
positive_116.jpeg,/kaggle/input/musait/dataset/basket/positive_116.jpeg,1,,positive
positive_117.jpg,/kaggle/input/musait/dataset/basket/positive_117.jpg,1,,positive
positive_119.jpeg,/kaggle/input/musait/dataset/basket/positive_119.jpeg,1,,positive
positive_120.jpeg,/kaggle/input/musait/dataset/basket/positive_120.jpeg,1,,positive
positive_121.jpg,/kaggle/input/musait/dataset/basket/positive_121.jpg,0,a woman rock climbing on a mountain,positive
positive_122.jpeg,/kaggle/input/musait/dataset/basket/positive_122.jpeg,1,,positive
positive_124.jpeg,/kaggle/input/musait/dataset/basket/positive_124.jpeg,1,,positive
positive_127.jpeg,/kaggle/input/musait/dataset/basket/positive_127.jpeg,1,,positive
positive_128.jpeg,/kaggle/input/musait/dataset/basket/positive_128.jpeg,1,,positive
positive_130.jpeg,/kaggle/input/musait/dataset/basket/positive_130.jpeg,1,,positive
positive_132.jpeg,/kaggle/input/musait/dataset/basket/positive_132.jpeg,1,,positive
positive_134.jpeg,/kaggle/input/musait/dataset/basket/positive_134.jpeg,1,,positive
positive_135.jpeg,/kaggle/input/musait/dataset/basket/positive_135.jpeg,1,,positive
positive_137.jpeg,/kaggle/input/musait/dataset/basket/positive_137.jpeg,1,,positive
positive_138.jpeg,/kaggle/input/musait/dataset/basket/positive_138.jpeg,1,,positive
positive_139.jpg,/kaggle/input/musait/dataset/basket/positive_139.jpg,0,a woman holding a flower in her hand,positive
positive_141.jpeg,/kaggle/input/musait/dataset/basket/positive_141.jpeg,1,,positive
positive_142.jpg,/kaggle/input/musait/dataset/basket/positive_142.jpg,0,a young man with long hair smiling,positive
positive_144.jpg,/kaggle/input/musait/dataset/basket/positive_144.jpg,0,a man with curly hair wearing a blue shirt and medal,positive
positive_145.jpeg,/kaggle/input/musait/dataset/basket/positive_145.jpeg,1,,positive
positive_147.jpg,/kaggle/input/musait/dataset/basket/positive_147.jpg,0,a smiling man in a suit and tie,positive
positive_148.jpeg,/kaggle/input/musait/dataset/basket/positive_148.jpeg,1,,positive
positive_149.jpeg,/kaggle/input/musait/dataset/basket/positive_149.jpeg,1,,positive
positive_150.jpg,/kaggle/input/musait/dataset/basket/positive_150.jpg,0,a smiling older man wearing glasses and a suit,positive
positive_152.jpeg,/kaggle/input/musait/dataset/basket/positive_152.jpeg,1,,positive
positive_153.jpg,/kaggle/input/musait/dataset/basket/positive_153.jpg,0,a young man with a medal and a smile,positive
positive_156.jpg,/kaggle/input/musait/dataset/basket/positive_156.jpg,0,a man in a suit and sunglasses smiling,positive
positive_157.jpeg,/kaggle/input/musait/dataset/basket/positive_157.jpeg,1,,positive
positive_158.jpeg,/kaggle/input/musait/dataset/basket/positive_158.jpeg,1,,positive
positive_159.jpg,/kaggle/input/musait/dataset/basket/positive_159.jpg,0,a woman holding a tennis trophy on a court,positive
positive_160.jpg,/kaggle/input/musait/dataset/basket/positive_160.jpg,1,,positive
positive_161.jpg,/kaggle/input/musait/dataset/basket/positive_161.jpg,0,a woman smiling while holding a tennis racket,positive
positive_164.jpg,/kaggle/input/musait/dataset/basket/positive_164.jpg,0,a woman is smiling while holding a tennis racket,positive
positive_165.jpg,/kaggle/input/musait/dataset/basket/positive_165.jpg,1,,positive
positive_167.jpg,/kaggle/input/musait/dataset/basket/positive_167.jpg,1,,positive
positive_168.jpg,/kaggle/input/musait/dataset/basket/positive_168.jpg,1,,positive
positive_170.jpeg,/kaggle/input/musait/dataset/basket/positive_170.jpeg,1,,positive
positive_173.jpeg,/kaggle/input/musait/dataset/basket/positive_173.jpeg,1,,positive
positive_175.jpeg,/kaggle/input/musait/dataset/basket/positive_175.jpeg,1,,positive
positive_176.jpeg,/kaggle/input/musait/dataset/basket/positive_176.jpeg,1,,positive
positive_178.jpeg,/kaggle/input/musait/dataset/basket/positive_178.jpeg,1,,positive
positive_179.jpeg,/kaggle/input/musait/dataset/basket/positive_179.jpeg,1,,positive
positive_181.jpeg,/kaggle/input/musait/dataset/basket/positive_181.jpeg,1,,positive
positive_183.jpg,/kaggle/input/musait/dataset/basket/positive_183.jpg,1,,positive
positive_186.jpg,/kaggle/input/musait/dataset/basket/positive_186.jpg,1,,positive
positive_187.jpg,/kaggle/input/musait/dataset/basket/positive_187.jpg,1,,positive
positive_190.jpg,/kaggle/input/musait/dataset/basket/positive_190.jpg,1,,positive
positive_192.jpg,/kaggle/input/musait/dataset/basket/positive_192.jpg,1,,positive
positive_193.jpg,/kaggle/input/musait/dataset/basket/positive_193.jpg,1,,positive
positive_196.jpeg,/kaggle/input/musait/dataset/basket/positive_196.jpeg,1,,positive
positive_197.png,/kaggle/input/musait/dataset/basket/positive_197.png,1,,positive
positive_200.jpeg,/kaggle/input/musait/dataset/basket/positive_200.jpeg,1,,positive
positive_202.jpeg,/kaggle/input/musait/dataset/basket/positive_202.jpeg,1,,positive
positive_203.jpeg,/kaggle/input/musait/dataset/basket/positive_203.jpeg,1,,positive
positive_206.jpeg,/kaggle/input/musait/dataset/basket/positive_206.jpeg,1,,positive
positive_207.jpeg,/kaggle/input/musait/dataset/basket/positive_207.jpeg,1,,positive
positive_210.jpg,/kaggle/input/musait/dataset/basket/positive_210.jpg,1,,positive
positive_212.jpg,/kaggle/input/musait/dataset/basket/positive_212.jpg,1,,positive
positive_214.jpeg,/kaggle/input/musait/dataset/basket/positive_214.jpeg,1,,positive
positive_215.jpeg,/kaggle/input/musait/dataset/basket/positive_215.jpeg,1,,positive
positive_218.jpeg,/kaggle/input/musait/dataset/basket/positive_218.jpeg,1,,positive
positive_220.jpeg,/kaggle/input/musait/dataset/basket/positive_220.jpeg,1,,positive
positive_221.jpeg,/kaggle/input/musait/dataset/basket/positive_221.jpeg,1,,positive
positive_223.jpeg,/kaggle/input/musait/dataset/basket/positive_223.jpeg,1,,positive
positive_225.jpeg,/kaggle/input/musait/dataset/basket/positive_225.jpeg,1,,positive
positive_226.jpeg,/kaggle/input/musait/dataset/basket/positive_226.jpeg,1,,positive
positive_227.jpeg,/kaggle/input/musait/dataset/basket/positive_227.jpeg,1,,positive
positive_229.jpeg,/kaggle/input/musait/dataset/basket/positive_229.jpeg,1,,positive
positive_232.jpeg,/kaggle/input/musait/dataset/basket/positive_232.jpeg,1,,positive
positive_233.jpeg,/kaggle/input/musait/dataset/basket/positive_233.jpeg,1,,positive
positive_235.jpeg,/kaggle/input/musait/dataset/basket/positive_235.jpeg,1,,positive
positive_237.jpeg,/kaggle/input/musait/dataset/basket/positive_237.jpeg,1,,positive
positive_238.jpeg,/kaggle/input/musait/dataset/basket/positive_238.jpeg,1,,positive
positive_240.jpg,/kaggle/input/musait/dataset/basket/positive_240.jpg,1,,positive
positive_241.jpg,/kaggle/input/musait/dataset/basket/positive_241.jpg,1,,positive
positive_242.jpg,/kaggle/input/musait/dataset/basket/positive_242.jpg,1,,positive
positive_244.jpg,/kaggle/input/musait/dataset/basket/positive_244.jpg,1,,positive
positive_247.jpg,/kaggle/input/musait/dataset/basket/positive_247.jpg,1,,positive
positive_248.jpg,/kaggle/input/musait/dataset/basket/positive_248.jpg,1,,positive
positive_249.jpg,/kaggle/input/musait/dataset/basket/positive_249.jpg,1,,positive
positive_251.jpg,/kaggle/input/musait/dataset/basket/positive_251.jpg,1,,positive
positive_253.jpg,/kaggle/input/musait/dataset/basket/positive_253.jpg,1,,positive
positive_255.jpg,/kaggle/input/musait/dataset/basket/positive_255.jpg,1,,positive
positive_256.jpg,/kaggle/input/musait/dataset/basket/positive_256.jpg,1,,positive
positive_259.jpg,/kaggle/input/musait/dataset/basket/positive_259.jpg,1,,positive
positive_260.jpg,/kaggle/input/musait/dataset/basket/positive_260.jpg,1,,positive
positive_262.jpg,/kaggle/input/musait/dataset/basket/positive_262.jpg,1,,positive
positive_263.jpg,/kaggle/input/musait/dataset/basket/positive_263.jpg,1,,positive
positive_265.jpg,/kaggle/input/musait/dataset/basket/positive_265.jpg,1,,positive
positive_267.jpg,/kaggle/input/musait/dataset/basket/positive_267.jpg,1,,positive
positive_269.jpg,/kaggle/input/musait/dataset/basket/positive_269.jpg,1,,positive
positive_271.jpg,/kaggle/input/musait/dataset/basket/positive_271.jpg,1,,positive
positive_274.jpg,/kaggle/input/musait/dataset/basket/positive_274.jpg,1,,positive
positive_275.jpg,/kaggle/input/musait/dataset/basket/positive_275.jpg,1,,positive
positive_277.jpg,/kaggle/input/musait/dataset/basket/positive_277.jpg,1,,positive
positive_279.jpg,/kaggle/input/musait/dataset/basket/positive_279.jpg,1,,positive
positive_282.jpg,/kaggle/input/musait/dataset/basket/positive_282.jpg,1,,positive
positive_284.jpg,/kaggle/input/musait/dataset/basket/positive_284.jpg,1,,positive
positive_285.jpg,/kaggle/input/musait/dataset/basket/positive_285.jpg,1,,positive
positive_287.jpg,/kaggle/input/musait/dataset/basket/positive_287.jpg,1,,positive
positive_290.jpeg,/kaggle/input/musait/dataset/basket/positive_290.jpeg,1,,positive
positive_292.jpeg,/kaggle/input/musait/dataset/basket/positive_292.jpeg,1,,positive
positive_294.jpeg,/kaggle/input/musait/dataset/basket/positive_294.jpeg,1,,positive
positive_295.jpeg,/kaggle/input/musait/dataset/basket/positive_295.jpeg,1,,positive
positive_297.jpeg,/kaggle/input/musait/dataset/basket/positive_297.jpeg,1,,positive
positive_299.jpeg,/kaggle/input/musait/dataset/basket/positive_299.jpeg,1,,positive
positive_301.jpeg,/kaggle/input/musait/dataset/basket/positive_301.jpeg,1,,positive
positive_303.jpeg,/kaggle/input/musait/dataset/basket/positive_303.jpeg,1,,positive
positive_305.jpeg,/kaggle/input/musait/dataset/basket/positive_305.jpeg,1,,positive
positive_308.jpeg,/kaggle/input/musait/dataset/basket/positive_308.jpeg,1,,positive
positive_310.jpeg,/kaggle/input/musait/dataset/basket/positive_310.jpeg,1,,positive
positive_311.jpg,/kaggle/input/musait/dataset/basket/positive_311.jpg,1,,positive
positive_314.jpeg,/kaggle/input/musait/dataset/basket/positive_314.jpeg,1,,positive
positive_316.png,/kaggle/input/musait/dataset/basket/positive_316.png,1,,positive
positive_317.jpeg,/kaggle/input/musait/dataset/basket/positive_317.jpeg,1,,positive
positive_319.jpeg,/kaggle/input/musait/dataset/basket/positive_319.jpeg,1,,positive
positive_321.jpg,/kaggle/input/musait/dataset/basket/positive_321.jpg,1,,positive
positive_324.jpeg,/kaggle/input/musait/dataset/basket/positive_324.jpeg,1,,positive
positive_325.jpeg,/kaggle/input/musait/dataset/basket/positive_325.jpeg,1,,positive
positive_328.jpg,/kaggle/input/musait/dataset/basket/positive_328.jpg,1,,positive
positive_329.jpg,/kaggle/input/musait/dataset/basket/positive_329.jpg,1,,positive
positive_331.jpg,/kaggle/input/musait/dataset/basket/positive_331.jpg,1,,positive
positive_333.jpeg,/kaggle/input/musait/dataset/basket/positive_333.jpeg,1,,positive
positive_335.jpeg,/kaggle/input/musait/dataset/basket/positive_335.jpeg,1,,positive
positive_338.jpeg,/kaggle/input/musait/dataset/basket/positive_338.jpeg,1,,positive
positive_339.jpeg,/kaggle/input/musait/dataset/basket/positive_339.jpeg,1,,positive
positive_341.jpeg,/kaggle/input/musait/dataset/basket/positive_341.jpeg,1,,positive
positive_343.jpeg,/kaggle/input/musait/dataset/basket/positive_343.jpeg,1,,positive
positive_346.jpeg,/kaggle/input/musait/dataset/basket/positive_346.jpeg,1,,positive
positive_348.jpeg,/kaggle/input/musait/dataset/basket/positive_348.jpeg,1,,positive
positive_350.jpg,/kaggle/input/musait/dataset/basket/positive_350.jpg,1,,positive
positive_352.jpeg,/kaggle/input/musait/dataset/basket/positive_352.jpeg,1,,positive
positive_353.jpeg,/kaggle/input/musait/dataset/basket/positive_353.jpeg,1,,positive
positive_355.jpeg,/kaggle/input/musait/dataset/basket/positive_355.jpeg,1,,positive
positive_357.jpeg,/kaggle/input/musait/dataset/basket/positive_357.jpeg,1,,positive
positive_359.jpeg,/kaggle/input/musait/dataset/basket/positive_359.jpeg,1,,positive
positive_360.jpeg,/kaggle/input/musait/dataset/basket/positive_360.jpeg,1,,positive
positive_362.jpeg,/kaggle/input/musait/dataset/basket/positive_362.jpeg,1,,positive
positive_363.jpeg,/kaggle/input/musait/dataset/basket/positive_363.jpeg,1,,positive
positive_365.jpeg,/kaggle/input/musait/dataset/basket/positive_365.jpeg,1,,positive
positive_368.jpeg,/kaggle/input/musait/dataset/basket/positive_368.jpeg,1,,positive
positive_370.jpeg,/kaggle/input/musait/dataset/basket/positive_370.jpeg,1,,positive
positive_371.png,/kaggle/input/musait/dataset/basket/positive_371.png,1,,positive
positive_373.jpeg,/kaggle/input/musait/dataset/basket/positive_373.jpeg,1,,positive
positive_375.jpeg,/kaggle/input/musait/dataset/basket/positive_375.jpeg,1,,positive
positive_378.jpeg,/kaggle/input/musait/dataset/basket/positive_378.jpeg,1,,positive
positive_380.jpeg,/kaggle/input/musait/dataset/basket/positive_380.jpeg,1,,positive
positive_382.jpeg,/kaggle/input/musait/dataset/basket/positive_382.jpeg,1,,positive
positive_384.jpeg,/kaggle/input/musait/dataset/basket/positive_384.jpeg,1,,positive
positive_386.jpeg,/kaggle/input/musait/dataset/basket/positive_386.jpeg,1,,positive
positive_387.jpeg,/kaggle/input/musait/dataset/basket/positive_387.jpeg,1,,positive
positive_389.jpeg,/kaggle/input/musait/dataset/basket/positive_389.jpeg,1,,positive
positive_391.jpeg,/kaggle/input/musait/dataset/basket/positive_391.jpeg,1,,positive
positive_393.jpeg,/kaggle/input/musait/dataset/basket/positive_393.jpeg,1,,positive
positive_395.jpeg,/kaggle/input/musait/dataset/basket/positive_395.jpeg,1,,positive
positive_396.jpeg,/kaggle/input/musait/dataset/basket/positive_396.jpeg,1,,positive
positive_397.jpeg,/kaggle/input/musait/dataset/basket/positive_397.jpeg,1,,positive
positive_400.jpeg,/kaggle/input/musait/dataset/basket/positive_400.jpeg,1,,positive
positive_401.jpeg,/kaggle/input/musait/dataset/basket/positive_401.jpeg,1,,positive
positive_403.jpeg,/kaggle/input/musait/dataset/basket/positive_403.jpeg,1,,positive
positive_405.jpeg,/kaggle/input/musait/dataset/basket/positive_405.jpeg,1,,positive
positive_407.jpeg,/kaggle/input/musait/dataset/basket/positive_407.jpeg,1,,positive
positive_408.jpg,/kaggle/input/musait/dataset/basket/positive_408.jpg,1,,positive
positive_411.png,/kaggle/input/musait/dataset/basket/positive_411.png,1,,positive
positive_413.jpeg,/kaggle/input/musait/dataset/basket/positive_413.jpeg,1,,positive
positive_415.jpg,/kaggle/input/musait/dataset/basket/positive_415.jpg,1,,positive
positive_417.png,/kaggle/input/musait/dataset/basket/positive_417.png,1,,positive
positive_419.jpeg,/kaggle/input/musait/dataset/basket/positive_419.jpeg,1,,positive
positive_421.jpg,/kaggle/input/musait/dataset/basket/positive_421.jpg,1,,positive
positive_423.png,/kaggle/input/musait/dataset/basket/positive_423.png,1,,positive
positive_424.jpeg,/kaggle/input/musait/dataset/basket/positive_424.jpeg,1,,positive
positive_427.jpg,/kaggle/input/musait/dataset/basket/positive_427.jpg,1,,positive
positive_429.jpeg,/kaggle/input/musait/dataset/basket/positive_429.jpeg,1,,positive
positive_431.jpeg,/kaggle/input/musait/dataset/basket/positive_431.jpeg,1,,positive
positive_433.jpg,/kaggle/input/musait/dataset/basket/positive_433.jpg,1,,positive
positive_434.jpeg,/kaggle/input/musait/dataset/basket/positive_434.jpeg,1,,positive
positive_436.jpg,/kaggle/input/musait/dataset/basket/positive_436.jpg,1,,positive
positive_437.jpeg,/kaggle/input/musait/dataset/basket/positive_437.jpeg,1,,positive
positive_439.jpg,/kaggle/input/musait/dataset/basket/positive_439.jpg,1,,positive
positive_442.jpeg,/kaggle/input/musait/dataset/basket/positive_442.jpeg,1,,positive
positive_446.jpeg,/kaggle/input/musait/dataset/basket/positive_446.jpeg,1,,positive
positive_448.jpg,/kaggle/input/musait/dataset/basket/positive_448.jpg,1,,positive
positive_450.jpeg,/kaggle/input/musait/dataset/basket/positive_450.jpeg,1,,positive
positive_454.jpeg,/kaggle/input/musait/dataset/basket/positive_454.jpeg,1,,positive
positive_456.jpeg,/kaggle/input/musait/dataset/basket/positive_456.jpeg,1,,positive
positive_460.jpeg,/kaggle/input/musait/dataset/basket/positive_460.jpeg,1,,positive
positive_464.jpeg,/kaggle/input/musait/dataset/basket/positive_464.jpeg,1,,positive
positive_467.jpeg,/kaggle/input/musait/dataset/basket/positive_467.jpeg,1,,positive
positive_469.jpg,/kaggle/input/musait/dataset/basket/positive_469.jpg,1,,positive
positive_470.jpeg,/kaggle/input/musait/dataset/basket/positive_470.jpeg,1,,positive
positive_473.jpg,/kaggle/input/musait/dataset/basket/positive_473.jpg,1,,positive
positive_475.jpeg,/kaggle/input/musait/dataset/basket/positive_475.jpeg,1,,positive
positive_476.jpg,/kaggle/input/musait/dataset/basket/positive_476.jpg,1,,positive
positive_478.jpeg,/kaggle/input/musait/dataset/basket/positive_478.jpeg,1,,positive
positive_480.jpg,/kaggle/input/musait/dataset/basket/positive_480.jpg,1,,positive
positive_482.jpeg,/kaggle/input/musait/dataset/basket/positive_482.jpeg,1,,positive
positive_483.jpg,/kaggle/input/musait/dataset/basket/positive_483.jpg,1,,positive
positive_485.jpeg,/kaggle/input/musait/dataset/basket/positive_485.jpeg,1,,positive
positive_486.jpg,/kaggle/input/musait/dataset/basket/positive_486.jpg,1,,positive
positive_488.jpeg,/kaggle/input/musait/dataset/basket/positive_488.jpeg,1,,positive
positive_489.jpg,/kaggle/input/musait/dataset/basket/positive_489.jpg,1,,positive
positive_490.jpeg,/kaggle/input/musait/dataset/basket/positive_490.jpeg,1,,positive
positive_492.jpg,/kaggle/input/musait/dataset/basket/positive_492.jpg,1,,positive
positive_494.jpeg,/kaggle/input/musait/dataset/basket/positive_494.jpeg,1,,positive
positive_495.jpg,/kaggle/input/musait/dataset/basket/positive_495.jpg,1,,positive
positive_497.jpeg,/kaggle/input/musait/dataset/basket/positive_497.jpeg,1,,positive
positive_498.jpg,/kaggle/input/musait/dataset/basket/positive_498.jpg,1,,positive
positive_500.jpeg,/kaggle/input/musait/dataset/basket/positive_500.jpeg,1,,positive
positive_501.jpg,/kaggle/input/musait/dataset/basket/positive_501.jpg,1,,positive
positive_503.jpeg,/kaggle/input/musait/dataset/basket/positive_503.jpeg,1,,positive
positive_504.jpg,/kaggle/input/musait/dataset/basket/positive_504.jpg,1,,positive
positive_506.jpeg,/kaggle/input/musait/dataset/basket/positive_506.jpeg,1,,positive
positive_507.jpg,/kaggle/input/musait/dataset/basket/positive_507.jpg,1,,positive
positive_509.jpeg,/kaggle/input/musait/dataset/basket/positive_509.jpeg,1,,positive
positive_511.jpeg,/kaggle/input/musait/dataset/basket/positive_511.jpeg,1,,positive
positive_513.jpeg,/kaggle/input/musait/dataset/basket/positive_513.jpeg,1,,positive
positive_514.jpeg,/kaggle/input/musait/dataset/basket/positive_514.jpeg,1,,positive
positive_516.jpeg,/kaggle/input/musait/dataset/basket/positive_516.jpeg,1,,positive
positive_518.jpeg,/kaggle/input/musait/dataset/basket/positive_518.jpeg,1,,positive
positive_520.jpeg,/kaggle/input/musait/dataset/basket/positive_520.jpeg,1,,positive
positive_522.jpeg,/kaggle/input/musait/dataset/basket/positive_522.jpeg,1,,positive
positive_525.jpeg,/kaggle/input/musait/dataset/basket/positive_525.jpeg,1,,positive
positive_526.jpeg,/kaggle/input/musait/dataset/basket/positive_526.jpeg,1,,positive
positive_528.jpeg,/kaggle/input/musait/dataset/basket/positive_528.jpeg,1,,positive
positive_530.jpeg,/kaggle/input/musait/dataset/basket/positive_530.jpeg,1,,positive
positive_531.jpeg,/kaggle/input/musait/dataset/basket/positive_531.jpeg,1,,positive
positive_532.jpeg,/kaggle/input/musait/dataset/basket/positive_532.jpeg,1,,positive
positive_534.jpeg,/kaggle/input/musait/dataset/basket/positive_534.jpeg,1,,positive
positive_535.jpeg,/kaggle/input/musait/dataset/basket/positive_535.jpeg,1,,positive
positive_537.jpeg,/kaggle/input/musait/dataset/basket/positive_537.jpeg,1,,positive
positive_538.jpeg,/kaggle/input/musait/dataset/basket/positive_538.jpeg,1,,positive
positive_540.jpeg,/kaggle/input/musait/dataset/basket/positive_540.jpeg,1,,positive
positive_541.jpeg,/kaggle/input/musait/dataset/basket/positive_541.jpeg,1,,positive
positive_543.jpeg,/kaggle/input/musait/dataset/basket/positive_543.jpeg,1,,positive
positive_545.jpeg,/kaggle/input/musait/dataset/basket/positive_545.jpeg,1,,positive
positive_546.jpeg,/kaggle/input/musait/dataset/basket/positive_546.jpeg,1,,positive
positive_547.jpeg,/kaggle/input/musait/dataset/basket/positive_547.jpeg,1,,positive
positive_550.jpeg,/kaggle/input/musait/dataset/basket/positive_550.jpeg,1,,positive
positive_551.jpeg,/kaggle/input/musait/dataset/basket/positive_551.jpeg,1,,positive
positive_553.jpeg,/kaggle/input/musait/dataset/basket/positive_553.jpeg,1,,positive
positive_554.jpeg,/kaggle/input/musait/dataset/basket/positive_554.jpeg,1,,positive
positive_556.jpeg,/kaggle/input/musait/dataset/basket/positive_556.jpeg,1,,positive
positive_559.jpeg,/kaggle/input/musait/dataset/basket/positive_559.jpeg,1,,positive
positive_560.jpeg,/kaggle/input/musait/dataset/basket/positive_560.jpeg,1,,positive
positive_562.jpeg,/kaggle/input/musait/dataset/basket/positive_562.jpeg,1,,positive
positive_563.jpeg,/kaggle/input/musait/dataset/basket/positive_563.jpeg,1,,positive
positive_565.jpeg,/kaggle/input/musait/dataset/basket/positive_565.jpeg,1,,positive
positive_566.jpeg,/kaggle/input/musait/dataset/basket/positive_566.jpeg,1,,positive
positive_568.jpeg,/kaggle/input/musait/dataset/basket/positive_568.jpeg,1,,positive
positive_569.jpeg,/kaggle/input/musait/dataset/basket/positive_569.jpeg,1,,positive
positive_571.jpeg,/kaggle/input/musait/dataset/basket/positive_571.jpeg,1,,positive
positive_573.jpeg,/kaggle/input/musait/dataset/basket/positive_573.jpeg,1,,positive
positive_575.jpeg,/kaggle/input/musait/dataset/basket/positive_575.jpeg,1,,positive
positive_576.jpeg,/kaggle/input/musait/dataset/basket/positive_576.jpeg,1,,positive
positive_579.jpeg,/kaggle/input/musait/dataset/basket/positive_579.jpeg,1,,positive
positive_581.jpeg,/kaggle/input/musait/dataset/basket/positive_581.jpeg,1,,positive
positive_582.jpeg,/kaggle/input/musait/dataset/basket/positive_582.jpeg,1,,positive
positive_584.jpeg,/kaggle/input/musait/dataset/basket/positive_584.jpeg,1,,positive
positive_586.jpeg,/kaggle/input/musait/dataset/basket/positive_586.jpeg,1,,positive
positive_588.jpeg,/kaggle/input/musait/dataset/basket/positive_588.jpeg,1,,positive
positive_589.jpeg,/kaggle/input/musait/dataset/basket/positive_589.jpeg,1,,positive
positive_591.jpeg,/kaggle/input/musait/dataset/basket/positive_591.jpeg,1,,positive
positive_594.jpeg,/kaggle/input/musait/dataset/basket/positive_594.jpeg,1,,positive
positive_595.jpeg,/kaggle/input/musait/dataset/basket/positive_595.jpeg,1,,positive
positive_597.jpg,/kaggle/input/musait/dataset/basket/positive_597.jpg,1,,positive
positive_598.jpeg,/kaggle/input/musait/dataset/basket/positive_598.jpeg,1,,positive
positive_601.jpeg,/kaggle/input/musait/dataset/basket/positive_601.jpeg,1,,positive
positive_603.jpeg,/kaggle/input/musait/dataset/basket/positive_603.jpeg,1,,positive
positive_605.jpeg,/kaggle/input/musait/dataset/basket/positive_605.jpeg,1,,positive
positive_606.jpeg,/kaggle/input/musait/dataset/basket/positive_606.jpeg,1,,positive
positive_607.jpg,/kaggle/input/musait/dataset/basket/positive_607.jpg,1,,positive
positive_609.jpg,/kaggle/input/musait/dataset/basket/positive_609.jpg,1,,positive
positive_610.jpg,/kaggle/input/musait/dataset/basket/positive_610.jpg,1,,positive
positive_612.jpg,/kaggle/input/musait/dataset/basket/positive_612.jpg,1,,positive
positive_615.jpeg,/kaggle/input/musait/dataset/basket/positive_615.jpeg,1,,positive
positive_616.jpeg,/kaggle/input/musait/dataset/basket/positive_616.jpeg,1,,positive
positive_618.jpeg,/kaggle/input/musait/dataset/basket/positive_618.jpeg,1,,positive
positive_620.jpeg,/kaggle/input/musait/dataset/basket/positive_620.jpeg,1,,positive
positive_621.jpeg,/kaggle/input/musait/dataset/basket/positive_621.jpeg,1,,positive
positive_623.jpeg,/kaggle/input/musait/dataset/basket/positive_623.jpeg,1,,positive
positive_626.jpg,/kaggle/input/musait/dataset/basket/positive_626.jpg,1,,positive
positive_627.png,/kaggle/input/musait/dataset/basket/positive_627.png,1,,positive
positive_628.jpg,/kaggle/input/musait/dataset/basket/positive_628.jpg,1,,positive
positive_631.jpg,/kaggle/input/musait/dataset/basket/positive_631.jpg,1,,positive
positive_632.jpg,/kaggle/input/musait/dataset/basket/positive_632.jpg,1,,positive
positive_635.jpg,/kaggle/input/musait/dataset/basket/positive_635.jpg,1,,positive
positive_637.jpg,/kaggle/input/musait/dataset/basket/positive_637.jpg,1,,positive
positive_638.jpg,/kaggle/input/musait/dataset/basket/positive_638.jpg,1,,positive
positive_639.jpg,/kaggle/input/musait/dataset/basket/positive_639.jpg,1,,positive
positive_640.jpg,/kaggle/input/musait/dataset/basket/positive_640.jpg,1,,positive
positive_641.jpg,/kaggle/input/musait/dataset/basket/positive_641.jpg,1,,positive
positive_642.jpg,/kaggle/input/musait/dataset/basket/positive_642.jpg,1,,positive
positive_643.jpg,/kaggle/input/musait/dataset/basket/positive_643.jpg,1,,positive
positive_644.jpg,/kaggle/input/musait/dataset/basket/positive_644.jpg,1,,positive
positive_645.jpg,/kaggle/input/musait/dataset/basket/positive_645.jpg,1,,positive
positive_646.jpg,/kaggle/input/musait/dataset/basket/positive_646.jpg,1,,positive
positive_647.jpg,/kaggle/input/musait/dataset/basket/positive_647.jpg,1,,positive
positive_648.jpg,/kaggle/input/musait/dataset/basket/positive_648.jpg,1,,positive
positive_649.jpg,/kaggle/input/musait/dataset/basket/positive_649.jpg,1,,positive
positive_650.jpg,/kaggle/input/musait/dataset/basket/positive_650.jpg,1,,positive
positive_651.jpg,/kaggle/input/musait/dataset/basket/positive_651.jpg,1,,positive
positive_652.jpg,/kaggle/input/musait/dataset/basket/positive_652.jpg,1,,positive
positive_653.jpg,/kaggle/input/musait/dataset/basket/positive_653.jpg,1,,positive
positive_654.jpg,/kaggle/input/musait/dataset/basket/positive_654.jpg,1,,positive
positive_655.jpg,/kaggle/input/musait/dataset/basket/positive_655.jpg,1,,positive
positive_656.jpg,/kaggle/input/musait/dataset/basket/positive_656.jpg,1,,positive
positive_657.jpg,/kaggle/input/musait/dataset/basket/positive_657.jpg,1,,positive
positive_658.jpg,/kaggle/input/musait/dataset/basket/positive_658.jpg,1,,positive
positive_659.jpg,/kaggle/input/musait/dataset/basket/positive_659.jpg,1,,positive
positive_660.jpg,/kaggle/input/musait/dataset/basket/positive_660.jpg,1,,positive
positive_661.jpg,/kaggle/input/musait/dataset/basket/positive_661.jpg,1,,positive
positive_662.jpg,/kaggle/input/musait/dataset/basket/positive_662.jpg,1,,positive
positive_663.jpg,/kaggle/input/musait/dataset/basket/positive_663.jpg,1,,positive
positive_664.jpg,/kaggle/input/musait/dataset/basket/positive_664.jpg,1,,positive
positive_665.jpg,/kaggle/input/musait/dataset/basket/positive_665.jpg,1,,positive
positive_666.jpg,/kaggle/input/musait/dataset/basket/positive_666.jpg,1,,positive
positive_667.jpg,/kaggle/input/musait/dataset/basket/positive_667.jpg,1,,positive
positive_668.jpg,/kaggle/input/musait/dataset/basket/positive_668.jpg,1,,positive
positive_669.jpg,/kaggle/input/musait/dataset/basket/positive_669.jpg,1,,positive
positive_670.jpg,/kaggle/input/musait/dataset/basket/positive_670.jpg,1,,positive
positive_671.jpg,/kaggle/input/musait/dataset/basket/positive_671.jpg,1,,positive
positive_672.jpg,/kaggle/input/musait/dataset/basket/positive_672.jpg,1,,positive
positive_673.jpg,/kaggle/input/musait/dataset/basket/positive_673.jpg,1,,positive
positive_674.jpg,/kaggle/input/musait/dataset/basket/positive_674.jpg,1,,positive
positive_675.jpg,/kaggle/input/musait/dataset/basket/positive_675.jpg,1,,positive
positive_676.jpg,/kaggle/input/musait/dataset/basket/positive_676.jpg,1,,positive
positive_677.jpg,/kaggle/input/musait/dataset/basket/positive_677.jpg,1,,positive
positive_678.jpg,/kaggle/input/musait/dataset/basket/positive_678.jpg,1,,positive
positive_679.jpg,/kaggle/input/musait/dataset/basket/positive_679.jpg,1,,positive
positive_680.jpg,/kaggle/input/musait/dataset/basket/positive_680.jpg,1,,positive
positive_681.jpg,/kaggle/input/musait/dataset/basket/positive_681.jpg,1,,positive
positive_682.jpg,/kaggle/input/musait/dataset/basket/positive_682.jpg,1,,positive
positive_683.jpg,/kaggle/input/musait/dataset/basket/positive_683.jpg,1,,positive
positive_684.jpg,/kaggle/input/musait/dataset/basket/positive_684.jpg,1,,positive
positive_685.jpg,/kaggle/input/musait/dataset/basket/positive_685.jpg,1,,positive
positive_686.jpg,/kaggle/input/musait/dataset/basket/positive_686.jpg,1,,positive
positive_687.jpg,/kaggle/input/musait/dataset/basket/positive_687.jpg,1,,positive
positive_688.jpg,/kaggle/input/musait/dataset/basket/positive_688.jpg,1,,positive
positive_689.jpg,/kaggle/input/musait/dataset/basket/positive_689.jpg,1,,positive
positive_690.jpg,/kaggle/input/musait/dataset/basket/positive_690.jpg,1,,positive
positive_691.jpg,/kaggle/input/musait/dataset/basket/positive_691.jpg,1,,positive
positive_692.jpg,/kaggle/input/musait/dataset/basket/positive_692.jpg,1,,positive
positive_693.jpg,/kaggle/input/musait/dataset/basket/positive_693.jpg,1,,positive
positive_694.jpg,/kaggle/input/musait/dataset/basket/positive_694.jpg,1,,positive
positive_695.jpg,/kaggle/input/musait/dataset/basket/positive_695.jpg,1,,positive
positive_696.jpg,/kaggle/input/musait/dataset/basket/positive_696.jpg,1,,positive
positive_697.jpg,/kaggle/input/musait/dataset/basket/positive_697.jpg,1,,positive
positive_698.jpg,/kaggle/input/musait/dataset/basket/positive_698.jpg,1,,positive
positive_699.jpg,/kaggle/input/musait/dataset/basket/positive_699.jpg,1,,positive
positive_700.jpg,/kaggle/input/musait/dataset/basket/positive_700.jpg,1,,positive
positive_701.jpg,/kaggle/input/musait/dataset/basket/positive_701.jpg,1,,positive
positive_702.jpg,/kaggle/input/musait/dataset/basket/positive_702.jpg,1,,positive
positive_703.jpg,/kaggle/input/musait/dataset/basket/positive_703.jpg,1,,positive
positive_704.jpg,/kaggle/input/musait/dataset/basket/positive_704.jpg,1,,positive
positive_705.jpg,/kaggle/input/musait/dataset/basket/positive_705.jpg,1,,positive
positive_706.jpg,/kaggle/input/musait/dataset/basket/positive_706.jpg,1,,positive
positive_708.jpg,/kaggle/input/musait/dataset/basket/positive_708.jpg,1,,positive
positive_709.jpg,/kaggle/input/musait/dataset/basket/positive_709.jpg,1,,positive
positive_710.jpg,/kaggle/input/musait/dataset/basket/positive_710.jpg,1,,positive
positive_711.jpg,/kaggle/input/musait/dataset/basket/positive_711.jpg,1,,positive
positive_712.jpg,/kaggle/input/musait/dataset/basket/positive_712.jpg,1,,positive
positive_713.jpg,/kaggle/input/musait/dataset/basket/positive_713.jpg,1,,positive
positive_714.jpg,/kaggle/input/musait/dataset/basket/positive_714.jpg,1,,positive
positive_715.jpg,/kaggle/input/musait/dataset/basket/positive_715.jpg,1,,positive
positive_716.jpg,/kaggle/input/musait/dataset/basket/positive_716.jpg,1,,positive
positive_717.jpg,/kaggle/input/musait/dataset/basket/positive_717.jpg,1,,positive
positive_718.jpg,/kaggle/input/musait/dataset/basket/positive_718.jpg,1,,positive
positive_719.jpg,/kaggle/input/musait/dataset/basket/positive_719.jpg,1,,positive
positive_720.jpg,/kaggle/input/musait/dataset/basket/positive_720.jpg,1,,positive
positive_721.jpg,/kaggle/input/musait/dataset/basket/positive_721.jpg,1,,positive
positive_722.jpg,/kaggle/input/musait/dataset/basket/positive_722.jpg,1,,positive
positive_723.jpg,/kaggle/input/musait/dataset/basket/positive_723.jpg,1,,positive
positive_724.jpg,/kaggle/input/musait/dataset/basket/positive_724.jpg,1,,positive
positive_725.jpg,/kaggle/input/musait/dataset/basket/positive_725.jpg,1,,positive
positive_726.jpg,/kaggle/input/musait/dataset/basket/positive_726.jpg,1,,positive
positive_728.jpg,/kaggle/input/musait/dataset/basket/positive_728.jpg,1,,positive
positive_729.jpg,/kaggle/input/musait/dataset/basket/positive_729.jpg,1,,positive
positive_730.jpg,/kaggle/input/musait/dataset/basket/positive_730.jpg,1,,positive
positive_731.jpg,/kaggle/input/musait/dataset/basket/positive_731.jpg,1,,positive
positive_732.jpg,/kaggle/input/musait/dataset/basket/positive_732.jpg,1,,positive
positive_733.jpg,/kaggle/input/musait/dataset/basket/positive_733.jpg,1,,positive
positive_734.jpg,/kaggle/input/musait/dataset/basket/positive_734.jpg,1,,positive
positive_735.jpg,/kaggle/input/musait/dataset/basket/positive_735.jpg,1,,positive
positive_736.jpg,/kaggle/input/musait/dataset/basket/positive_736.jpg,1,,positive
positive_737.jpg,/kaggle/input/musait/dataset/basket/positive_737.jpg,1,,positive
positive_738.jpg,/kaggle/input/musait/dataset/basket/positive_738.jpg,1,,positive
positive_739.jpg,/kaggle/input/musait/dataset/basket/positive_739.jpg,1,,positive
positive_740.jpg,/kaggle/input/musait/dataset/basket/positive_740.jpg,1,,positive
positive_742.jpg,/kaggle/input/musait/dataset/basket/positive_742.jpg,1,,positive
positive_743.jpg,/kaggle/input/musait/dataset/basket/positive_743.jpg,1,,positive
positive_744.jpg,/kaggle/input/musait/dataset/basket/positive_744.jpg,1,,positive
positive_745.jpg,/kaggle/input/musait/dataset/basket/positive_745.jpg,1,,positive
positive_746.jpg,/kaggle/input/musait/dataset/basket/positive_746.jpg,1,,positive
positive_747.jpg,/kaggle/input/musait/dataset/basket/positive_747.jpg,1,,positive
positive_748.jpg,/kaggle/input/musait/dataset/basket/positive_748.jpg,1,,positive
positive_749.jpg,/kaggle/input/musait/dataset/basket/positive_749.jpg,1,,positive
positive_750.jpg,/kaggle/input/musait/dataset/basket/positive_750.jpg,1,,positive
positive_751.jpg,/kaggle/input/musait/dataset/basket/positive_751.jpg,1,,positive
positive_752.jpg,/kaggle/input/musait/dataset/basket/positive_752.jpg,1,,positive
positive_753.jpg,/kaggle/input/musait/dataset/basket/positive_753.jpg,1,,positive
positive_754.jpg,/kaggle/input/musait/dataset/basket/positive_754.jpg,1,,positive
positive_755.jpg,/kaggle/input/musait/dataset/basket/positive_755.jpg,1,,positive
positive_756.jpg,/kaggle/input/musait/dataset/basket/positive_756.jpg,1,,positive
positive_757.jpg,/kaggle/input/musait/dataset/basket/positive_757.jpg,1,,positive
positive_758.jpg,/kaggle/input/musait/dataset/basket/positive_758.jpg,1,,positive
positive_759.jpg,/kaggle/input/musait/dataset/basket/positive_759.jpg,1,,positive
positive_760.jpg,/kaggle/input/musait/dataset/basket/positive_760.jpg,1,,positive
positive_761.jpg,/kaggle/input/musait/dataset/basket/positive_761.jpg,1,,positive
positive_762.jpg,/kaggle/input/musait/dataset/basket/positive_762.jpg,1,,positive
positive_763.jpg,/kaggle/input/musait/dataset/basket/positive_763.jpg,1,,positive
positive_764.jpg,/kaggle/input/musait/dataset/basket/positive_764.jpg,1,,positive
positive_765.jpg,/kaggle/input/musait/dataset/basket/positive_765.jpg,1,,positive
positive_766.jpg,/kaggle/input/musait/dataset/basket/positive_766.jpg,1,,positive
positive_767.jpg,/kaggle/input/musait/dataset/basket/positive_767.jpg,1,,positive
positive_768.jpg,/kaggle/input/musait/dataset/basket/positive_768.jpg,1,,positive
positive_770.jpg,/kaggle/input/musait/dataset/basket/positive_770.jpg,1,,positive
positive_771.jpg,/kaggle/input/musait/dataset/basket/positive_771.jpg,1,,positive
positive_773.jpg,/kaggle/input/musait/dataset/basket/positive_773.jpg,1,,positive
positive_774.jpg,/kaggle/input/musait/dataset/basket/positive_774.jpg,1,,positive
positive_775.jpg,/kaggle/input/musait/dataset/basket/positive_775.jpg,1,,positive
positive_776.jpg,/kaggle/input/musait/dataset/basket/positive_776.jpg,1,,positive
positive_777.jpg,/kaggle/input/musait/dataset/basket/positive_777.jpg,1,,positive
positive_778.jpg,/kaggle/input/musait/dataset/basket/positive_778.jpg,1,,positive
positive_779.jpg,/kaggle/input/musait/dataset/basket/positive_779.jpg,1,,positive
positive_780.jpg,/kaggle/input/musait/dataset/basket/positive_780.jpg,1,,positive
positive_781.jpg,/kaggle/input/musait/dataset/basket/positive_781.jpg,1,,positive
positive_782.jpg,/kaggle/input/musait/dataset/basket/positive_782.jpg,1,,positive
positive_783.jpg,/kaggle/input/musait/dataset/basket/positive_783.jpg,1,,positive
positive_784.jpg,/kaggle/input/musait/dataset/basket/positive_784.jpg,1,,positive
positive_785.jpg,/kaggle/input/musait/dataset/basket/positive_785.jpg,1,,positive
positive_786.jpg,/kaggle/input/musait/dataset/basket/positive_786.jpg,1,,positive
positive_787.jpg,/kaggle/input/musait/dataset/basket/positive_787.jpg,1,,positive
positive_788.jpg,/kaggle/input/musait/dataset/basket/positive_788.jpg,1,,positive
positive_789.jpg,/kaggle/input/musait/dataset/basket/positive_789.jpg,1,,positive
positive_790.jpg,/kaggle/input/musait/dataset/basket/positive_790.jpg,1,,positive
positive_791.jpg,/kaggle/input/musait/dataset/basket/positive_791.jpg,1,,positive
positive_792.jpg,/kaggle/input/musait/dataset/basket/positive_792.jpg,1,,positive
positive_793.jpg,/kaggle/input/musait/dataset/basket/positive_793.jpg,1,,positive
positive_794.jpg,/kaggle/input/musait/dataset/basket/positive_794.jpg,1,,positive
positive_795.jpg,/kaggle/input/musait/dataset/basket/positive_795.jpg,1,,positive
positive_796.jpg,/kaggle/input/musait/dataset/basket/positive_796.jpg,1,,positive
positive_797.jpg,/kaggle/input/musait/dataset/basket/positive_797.jpg,1,,positive
positive_798.jpg,/kaggle/input/musait/dataset/basket/positive_798.jpg,1,,positive
positive_799.jpg,/kaggle/input/musait/dataset/basket/positive_799.jpg,1,,positive
positive_800.jpg,/kaggle/input/musait/dataset/basket/positive_800.jpg,1,,positive
positive_801.jpg,/kaggle/input/musait/dataset/basket/positive_801.jpg,1,,positive
positive_802.jpg,/kaggle/input/musait/dataset/basket/positive_802.jpg,1,,positive
positive_803.jpg,/kaggle/input/musait/dataset/basket/positive_803.jpg,1,,positive
positive_804.jpg,/kaggle/input/musait/dataset/basket/positive_804.jpg,1,,positive
positive_805.jpg,/kaggle/input/musait/dataset/basket/positive_805.jpg,1,,positive
positive_806.jpg,/kaggle/input/musait/dataset/basket/positive_806.jpg,1,,positive
positive_807.jpg,/kaggle/input/musait/dataset/basket/positive_807.jpg,1,,positive
positive_808.jpg,/kaggle/input/musait/dataset/basket/positive_808.jpg,1,,positive
positive_809.jpg,/kaggle/input/musait/dataset/basket/positive_809.jpg,1,,positive
positive_810.jpg,/kaggle/input/musait/dataset/basket/positive_810.jpg,1,,positive
positive_811.jpg,/kaggle/input/musait/dataset/basket/positive_811.jpg,1,,positive
positive_812.jpg,/kaggle/input/musait/dataset/basket/positive_812.jpg,1,,positive
positive_813.jpg,/kaggle/input/musait/dataset/basket/positive_813.jpg,1,,positive
positive_814.jpg,/kaggle/input/musait/dataset/basket/positive_814.jpg,1,,positive
positive_815.jpg,/kaggle/input/musait/dataset/basket/positive_815.jpg,1,,positive
positive_816.jpg,/kaggle/input/musait/dataset/basket/positive_816.jpg,1,,positive
positive_817.jpg,/kaggle/input/musait/dataset/basket/positive_817.jpg,1,,positive
positive_818.jpg,/kaggle/input/musait/dataset/basket/positive_818.jpg,1,,positive
positive_819.jpg,/kaggle/input/musait/dataset/basket/positive_819.jpg,1,,positive
positive_820.jpg,/kaggle/input/musait/dataset/basket/positive_820.jpg,1,,positive
positive_821.jpg,/kaggle/input/musait/dataset/basket/positive_821.jpg,1,,positive
positive_822.jpg,/kaggle/input/musait/dataset/basket/positive_822.jpg,1,,positive
positive_823.jpg,/kaggle/input/musait/dataset/basket/positive_823.jpg,1,,positive
positive_824.jpg,/kaggle/input/musait/dataset/basket/positive_824.jpg,1,,positive
positive_825.jpg,/kaggle/input/musait/dataset/basket/positive_825.jpg,1,,positive
positive_826.jpg,/kaggle/input/musait/dataset/basket/positive_826.jpg,1,,positive
positive_827.jpg,/kaggle/input/musait/dataset/basket/positive_827.jpg,1,,positive
positive_828.jpg,/kaggle/input/musait/dataset/basket/positive_828.jpg,1,,positive
positive_829.jpg,/kaggle/input/musait/dataset/basket/positive_829.jpg,1,,positive
positive_830.jpg,/kaggle/input/musait/dataset/basket/positive_830.jpg,1,,positive
positive_831.jpg,/kaggle/input/musait/dataset/basket/positive_831.jpg,1,,positive
positive_832.jpg,/kaggle/input/musait/dataset/basket/positive_832.jpg,1,,positive
positive_833.jpg,/kaggle/input/musait/dataset/basket/positive_833.jpg,1,,positive
positive_834.jpg,/kaggle/input/musait/dataset/basket/positive_834.jpg,1,,positive
positive_835.jpg,/kaggle/input/musait/dataset/basket/positive_835.jpg,1,,positive
positive_836.jpg,/kaggle/input/musait/dataset/basket/positive_836.jpg,1,,positive
positive_837.jpg,/kaggle/input/musait/dataset/basket/positive_837.jpg,1,,positive
positive_838.jpg,/kaggle/input/musait/dataset/basket/positive_838.jpg,1,,positive
positive_839.jpg,/kaggle/input/musait/dataset/basket/positive_839.jpg,1,,positive
positive_840.jpg,/kaggle/input/musait/dataset/basket/positive_840.jpg,1,,positive
positive_841.jpg,/kaggle/input/musait/dataset/basket/positive_841.jpg,1,,positive
positive_842.jpg,/kaggle/input/musait/dataset/basket/positive_842.jpg,1,,positive
positive_843.jpg,/kaggle/input/musait/dataset/basket/positive_843.jpg,1,,positive
positive_844.jpg,/kaggle/input/musait/dataset/basket/positive_844.jpg,1,,positive
positive_845.jpg,/kaggle/input/musait/dataset/basket/positive_845.jpg,1,,positive
positive_846.jpg,/kaggle/input/musait/dataset/basket/positive_846.jpg,1,,positive
positive_847.jpg,/kaggle/input/musait/dataset/basket/positive_847.jpg,1,,positive
positive_848.jpg,/kaggle/input/musait/dataset/basket/positive_848.jpg,1,,positive
positive_849.jpg,/kaggle/input/musait/dataset/basket/positive_849.jpg,1,,positive
positive_850.jpg,/kaggle/input/musait/dataset/basket/positive_850.jpg,1,,positive
positive_851.jpg,/kaggle/input/musait/dataset/basket/positive_851.jpg,1,,positive
positive_852.jpg,/kaggle/input/musait/dataset/basket/positive_852.jpg,1,,positive
positive_853.jpg,/kaggle/input/musait/dataset/basket/positive_853.jpg,1,,positive
positive_854.jpg,/kaggle/input/musait/dataset/basket/positive_854.jpg,1,,positive
positive_855.jpg,/kaggle/input/musait/dataset/basket/positive_855.jpg,1,,positive
positive_856.jpg,/kaggle/input/musait/dataset/basket/positive_856.jpg,1,,positive
positive_857.jpg,/kaggle/input/musait/dataset/basket/positive_857.jpg,1,,positive
positive_858.jpg,/kaggle/input/musait/dataset/basket/positive_858.jpg,1,,positive
positive_859.jpg,/kaggle/input/musait/dataset/basket/positive_859.jpg,1,,positive
positive_860.jpg,/kaggle/input/musait/dataset/basket/positive_860.jpg,1,,positive
positive_861.jpg,/kaggle/input/musait/dataset/basket/positive_861.jpg,1,,positive
positive_862.jpg,/kaggle/input/musait/dataset/basket/positive_862.jpg,1,,positive
positive_863.jpg,/kaggle/input/musait/dataset/basket/positive_863.jpg,1,,positive
positive_864.jpg,/kaggle/input/musait/dataset/basket/positive_864.jpg,1,,positive
positive_865.jpg,/kaggle/input/musait/dataset/basket/positive_865.jpg,1,,positive
positive_866.jpg,/kaggle/input/musait/dataset/basket/positive_866.jpg,1,,positive
positive_867.jpg,/kaggle/input/musait/dataset/basket/positive_867.jpg,1,,positive
positive_868.jpg,/kaggle/input/musait/dataset/basket/positive_868.jpg,1,,positive
positive_869.jpg,/kaggle/input/musait/dataset/basket/positive_869.jpg,1,,positive
positive_870.jpg,/kaggle/input/musait/dataset/basket/positive_870.jpg,1,,positive
positive_871.jpg,/kaggle/input/musait/dataset/basket/positive_871.jpg,1,,positive
positive_872.jpg,/kaggle/input/musait/dataset/basket/positive_872.jpg,1,,positive
positive_873.jpg,/kaggle/input/musait/dataset/basket/positive_873.jpg,1,,positive
positive_874.jpg,/kaggle/input/musait/dataset/basket/positive_874.jpg,1,,positive
positive_875.jpg,/kaggle/input/musait/dataset/basket/positive_875.jpg,1,,positive
positive_876.jpg,/kaggle/input/musait/dataset/basket/positive_876.jpg,1,,positive
positive_877.jpg,/kaggle/input/musait/dataset/basket/positive_877.jpg,1,,positive
positive_878.jpg,/kaggle/input/musait/dataset/basket/positive_878.jpg,1,,positive
positive_879.jpg,/kaggle/input/musait/dataset/basket/positive_879.jpg,1,,positive
positive_880.jpg,/kaggle/input/musait/dataset/basket/positive_880.jpg,1,,positive
positive_881.jpg,/kaggle/input/musait/dataset/basket/positive_881.jpg,1,,positive
positive_882.jpg,/kaggle/input/musait/dataset/basket/positive_882.jpg,1,,positive
positive_883.jpg,/kaggle/input/musait/dataset/basket/positive_883.jpg,1,,positive
positive_884.jpg,/kaggle/input/musait/dataset/basket/positive_884.jpg,1,,positive
positive_885.jpg,/kaggle/input/musait/dataset/basket/positive_885.jpg,1,,positive
positive_886.jpg,/kaggle/input/musait/dataset/basket/positive_886.jpg,1,,positive
positive_887.jpg,/kaggle/input/musait/dataset/basket/positive_887.jpg,1,,positive
positive_888.jpg,/kaggle/input/musait/dataset/basket/positive_888.jpg,1,,positive
positive_889.jpg,/kaggle/input/musait/dataset/basket/positive_889.jpg,1,,positive
positive_890.jpg,/kaggle/input/musait/dataset/basket/positive_890.jpg,1,,positive
positive_891.jpg,/kaggle/input/musait/dataset/basket/positive_891.jpg,1,,positive
positive_892.jpg,/kaggle/input/musait/dataset/basket/positive_892.jpg,1,,positive
positive_893.jpg,/kaggle/input/musait/dataset/basket/positive_893.jpg,1,,positive
positive_894.jpg,/kaggle/input/musait/dataset/basket/positive_894.jpg,1,,positive
positive_895.jpg,/kaggle/input/musait/dataset/basket/positive_895.jpg,1,,positive
positive_896.jpg,/kaggle/input/musait/dataset/basket/positive_896.jpg,1,,positive
positive_897.jpg,/kaggle/input/musait/dataset/basket/positive_897.jpg,1,,positive
positive_898.jpg,/kaggle/input/musait/dataset/basket/positive_898.jpg,1,,positive
positive_899.jpg,/kaggle/input/musait/dataset/basket/positive_899.jpg,1,,positive
positive_900.jpg,/kaggle/input/musait/dataset/basket/positive_900.jpg,1,,positive
positive_901.jpg,/kaggle/input/musait/dataset/basket/positive_901.jpg,1,,positive
positive_902.jpg,/kaggle/input/musait/dataset/basket/positive_902.jpg,1,,positive
positive_903.jpg,/kaggle/input/musait/dataset/basket/positive_903.jpg,1,,positive
positive_904.jpg,/kaggle/input/musait/dataset/basket/positive_904.jpg,1,,positive
positive_905.jpg,/kaggle/input/musait/dataset/basket/positive_905.jpg,1,,positive
positive_906.jpg,/kaggle/input/musait/dataset/basket/positive_906.jpg,1,,positive
positive_907.jpg,/kaggle/input/musait/dataset/basket/positive_907.jpg,1,,positive
positive_908.jpg,/kaggle/input/musait/dataset/basket/positive_908.jpg,1,,positive
positive_909.jpg,/kaggle/input/musait/dataset/basket/positive_909.jpg,1,,positive
positive_910.jpg,/kaggle/input/musait/dataset/basket/positive_910.jpg,1,,positive
positive_911.jpg,/kaggle/input/musait/dataset/basket/positive_911.jpg,1,,positive
positive_912.jpg,/kaggle/input/musait/dataset/basket/positive_912.jpg,1,,positive
positive_913.jpg,/kaggle/input/musait/dataset/basket/positive_913.jpg,1,,positive
positive_914.jpg,/kaggle/input/musait/dataset/basket/positive_914.jpg,1,,positive
positive_915.jpg,/kaggle/input/musait/dataset/basket/positive_915.jpg,1,,positive
positive_916.jpg,/kaggle/input/musait/dataset/basket/positive_916.jpg,1,,positive
positive_917.jpg,/kaggle/input/musait/dataset/basket/positive_917.jpg,1,,positive
positive_918.jpg,/kaggle/input/musait/dataset/basket/positive_918.jpg,1,,positive
positive_919.jpg,/kaggle/input/musait/dataset/basket/positive_919.jpg,1,,positive
positive_920.jpg,/kaggle/input/musait/dataset/basket/positive_920.jpg,1,,positive
positive_921.jpg,/kaggle/input/musait/dataset/basket/positive_921.jpg,1,,positive
positive_922.jpg,/kaggle/input/musait/dataset/basket/positive_922.jpg,1,,positive
positive_923.jpg,/kaggle/input/musait/dataset/basket/positive_923.jpg,1,,positive
positive_924.jpg,/kaggle/input/musait/dataset/basket/positive_924.jpg,1,,positive
positive_925.jpg,/kaggle/input/musait/dataset/basket/positive_925.jpg,1,,positive
positive_926.jpg,/kaggle/input/musait/dataset/basket/positive_926.jpg,1,,positive
positive_927.jpg,/kaggle/input/musait/dataset/basket/positive_927.jpg,1,,positive
positive_928.jpg,/kaggle/input/musait/dataset/basket/positive_928.jpg,1,,positive
positive_929.jpg,/kaggle/input/musait/dataset/basket/positive_929.jpg,1,,positive
positive_930.jpg,/kaggle/input/musait/dataset/basket/positive_930.jpg,1,,positive
positive_931.jpg,/kaggle/input/musait/dataset/basket/positive_931.jpg,1,,positive
positive_932.jpg,/kaggle/input/musait/dataset/basket/positive_932.jpg,1,,positive
positive_933.jpg,/kaggle/input/musait/dataset/basket/positive_933.jpg,1,,positive
positive_934.jpg,/kaggle/input/musait/dataset/basket/positive_934.jpg,1,,positive
positive_935.jpg,/kaggle/input/musait/dataset/basket/positive_935.jpg,1,,positive
positive_939.jpg,/kaggle/input/musait/dataset/basket/positive_939.jpg,1,,positive
positive_940.jpg,/kaggle/input/musait/dataset/basket/positive_940.jpg,1,,positive
positive_941.jpg,/kaggle/input/musait/dataset/basket/positive_941.jpg,1,,positive
positive_942.jpg,/kaggle/input/musait/dataset/basket/positive_942.jpg,1,,positive
positive_943.jpg,/kaggle/input/musait/dataset/basket/positive_943.jpg,1,,positive
positive_944.jpg,/kaggle/input/musait/dataset/basket/positive_944.jpg,1,,positive
positive_945.jpg,/kaggle/input/musait/dataset/basket/positive_945.jpg,1,,positive
positive_946.jpg,/kaggle/input/musait/dataset/basket/positive_946.jpg,1,,positive
positive_947.jpg,/kaggle/input/musait/dataset/basket/positive_947.jpg,1,,positive
positive_948.jpg,/kaggle/input/musait/dataset/basket/positive_948.jpg,1,,positive
positive_949.jpg,/kaggle/input/musait/dataset/basket/positive_949.jpg,1,,positive
positive_950.jpg,/kaggle/input/musait/dataset/basket/positive_950.jpg,1,,positive
positive_951.jpg,/kaggle/input/musait/dataset/basket/positive_951.jpg,1,,positive
positive_952.jpg,/kaggle/input/musait/dataset/basket/positive_952.jpg,1,,positive
positive_953.jpg,/kaggle/input/musait/dataset/basket/positive_953.jpg,1,,positive
positive_954.jpg,/kaggle/input/musait/dataset/basket/positive_954.jpg,1,,positive
positive_955.jpg,/kaggle/input/musait/dataset/basket/positive_955.jpg,1,,positive
positive_956.jpg,/kaggle/input/musait/dataset/basket/positive_956.jpg,1,,positive
positive_957.jpg,/kaggle/input/musait/dataset/basket/positive_957.jpg,1,,positive
positive_958.jpg,/kaggle/input/musait/dataset/basket/positive_958.jpg,1,,positive
positive_959.jpg,/kaggle/input/musait/dataset/basket/positive_959.jpg,1,,positive
positive_961.jpg,/kaggle/input/musait/dataset/basket/positive_961.jpg,1,,positive
positive_962.jpg,/kaggle/input/musait/dataset/basket/positive_962.jpg,1,,positive
positive_963.jpg,/kaggle/input/musait/dataset/basket/positive_963.jpg,1,,positive
positive_964.jpg,/kaggle/input/musait/dataset/basket/positive_964.jpg,1,,positive
positive_965.jpg,/kaggle/input/musait/dataset/basket/positive_965.jpg,1,,positive
positive_967.jpg,/kaggle/input/musait/dataset/basket/positive_967.jpg,1,,positive
positive_968.jpg,/kaggle/input/musait/dataset/basket/positive_968.jpg,1,,positive
positive_969.jpg,/kaggle/input/musait/dataset/basket/positive_969.jpg,1,,positive
positive_970.jpg,/kaggle/input/musait/dataset/basket/positive_970.jpg,1,,positive
positive_971.jpg,/kaggle/input/musait/dataset/basket/positive_971.jpg,1,,positive
positive_972.jpg,/kaggle/input/musait/dataset/basket/positive_972.jpg,1,,positive
positive_973.jpg,/kaggle/input/musait/dataset/basket/positive_973.jpg,1,,positive
positive_974.jpg,/kaggle/input/musait/dataset/basket/positive_974.jpg,1,,positive
positive_975.jpg,/kaggle/input/musait/dataset/basket/positive_975.jpg,1,,positive
positive_976.jpg,/kaggle/input/musait/dataset/basket/positive_976.jpg,1,,positive
positive_977.jpg,/kaggle/input/musait/dataset/basket/positive_977.jpg,1,,positive
positive_978.jpg,/kaggle/input/musait/dataset/basket/positive_978.jpg,1,,positive
positive_979.jpg,/kaggle/input/musait/dataset/basket/positive_979.jpg,1,,positive
positive_980.jpg,/kaggle/input/musait/dataset/basket/positive_980.jpg,1,,positive
positive_981.jpg,/kaggle/input/musait/dataset/basket/positive_981.jpg,1,,positive
positive_982.jpg,/kaggle/input/musait/dataset/basket/positive_982.jpg,1,,positive
positive_983.jpg,/kaggle/input/musait/dataset/basket/positive_983.jpg,1,,positive
positive_984.jpg,/kaggle/input/musait/dataset/basket/positive_984.jpg,1,,positive
positive_985.jpg,/kaggle/input/musait/dataset/basket/positive_985.jpg,1,,positive
positive_986.jpg,/kaggle/input/musait/dataset/basket/positive_986.jpg,1,,positive
positive_987.jpg,/kaggle/input/musait/dataset/basket/positive_987.jpg,1,,positive
positive_988.jpg,/kaggle/input/musait/dataset/basket/positive_988.jpg,1,,positive
positive_989.jpg,/kaggle/input/musait/dataset/basket/positive_989.jpg,1,,positive
positive_990.jpg,/kaggle/input/musait/dataset/basket/positive_990.jpg,1,,positive
positive_991.jpg,/kaggle/input/musait/dataset/basket/positive_991.jpg,1,,positive
positive_992.jpg,/kaggle/input/musait/dataset/basket/positive_992.jpg,1,,positive
positive_993.jpg,/kaggle/input/musait/dataset/basket/positive_993.jpg,1,,positive
positive_994.jpg,/kaggle/input/musait/dataset/basket/positive_994.jpg,1,,positive
positive_995.jpg,/kaggle/input/musait/dataset/basket/positive_995.jpg,1,,positive
positive_996.jpg,/kaggle/input/musait/dataset/basket/positive_996.jpg,1,,positive
positive_997.jpg,/kaggle/input/musait/dataset/basket/positive_997.jpg,1,,positive
positive_998.jpg,/kaggle/input/musait/dataset/basket/positive_998.jpg,1,,positive
positive_999.jpg,/kaggle/input/musait/dataset/basket/positive_999.jpg,1,,positive
