filename,filepath,img_height,img_width,text_detected,ocr,coordinates,text_height,text_width,sentiment
1.jpg,/kaggle/input/mvsasingle/MVSA_Single/data/1.jpg,325,551,True,"ONE DOES NOT SIMPLY
WALK AFTER LEG DAY
quickmeme.com","[{'x': 56, 'y': 18}, {'x': 549, 'y': 18}, {'x': 549, 'y': 324}, {'x': 56, 'y': 324}]",306,493,positive
10.jpg,/kaggle/input/mvsasingle/MVSA_Single/data/10.jpg,450,600,False,,[],0,0,positive
100.jpg,/kaggle/input/mvsasingle/MVSA_Single/data/100.jpg,337,599,True,"GHIRARDELLI
CHOCOLATE
SQUARES
Caramel
Filing
Happy
Valentine's Day!","[{'x': 172, 'y': 21}, {'x': 514, 'y': 21}, {'x': 514, 'y': 287}, {'x': 172, 'y': 287}]",266,342,positive
1000.jpg,/kaggle/input/mvsasingle/MVSA_Single/data/1000.jpg,600,600,True,C,"[{'x': 277, 'y': 331}, {'x': 346, 'y': 331}, {'x': 346, 'y': 394}, {'x': 277, 'y': 394}]",63,69,positive
1001.jpg,/kaggle/input/mvsasingle/MVSA_Single/data/1001.jpg,961,436,True,"Nig what u saying
iMessage","[{'x': 21, 'y': 470}, {'x': 158, 'y': 470}, {'x': 158, 'y': 948}, {'x': 21, 'y': 948}]",478,137,positive
1002.jpg,/kaggle/input/mvsasingle/MVSA_Single/data/1002.jpg,387,600,False,,[],0,0,positive
1003.jpg,/kaggle/input/mvsasingle/MVSA_Single/data/1003.jpg,1024,577,True,"8
Workout time. Reach this goal#####","[{'x': 31, 'y': 39}, {'x': 543, 'y': 39}, {'x': 543, 'y': 673}, {'x': 31, 'y': 673}]",634,512,positive
1004.jpg,/kaggle/input/mvsasingle/MVSA_Single/data/1004.jpg,1024,576,True,"30 DAY SQUAT CHALLENGE
Day 16 Rest
Day 1
50 squats
Day 2
55 squats
Day 17 150 squats
Day 3
60 squats
Day 18
155 squats
Day 4
Rest
Day 19
160 squats
Day 5
70 squats
Day 20
Rest
Day 6
75 squats
Day 21
180 squats
Day 7
80 squats
Day 22
185 squats
Day 8
Rest
Day 9
100 squats
Day 10
105 squats
Day 11
110 squats
Day 12 Rest
Day 27
Day 23 190 squats
Day 24
Rest
Day 25 220 squats
Day 26 225 squats
230 squats
Day 13
130 squats
Day 28
Rest
Day 14
135 squats
Day 15
140 squats
Day 29 240 squats
Day 30 250 squats","[{'x': 18, 'y': 256}, {'x': 564, 'y': 256}, {'x': 564, 'y': 750}, {'x': 18, 'y': 750}]",494,546,positive
1005.jpg,/kaggle/input/mvsasingle/MVSA_Single/data/1005.jpg,584,600,True,"$500
REWARD
If you have any
info, please call:
1-800-222-8477","[{'x': 16, 'y': 14}, {'x': 219, 'y': 14}, {'x': 219, 'y': 237}, {'x': 16, 'y': 237}]",223,203,positive
1006.jpg,/kaggle/input/mvsasingle/MVSA_Single/data/1006.jpg,450,600,True,NEWS,"[{'x': 159, 'y': 42}, {'x': 264, 'y': 42}, {'x': 264, 'y': 76}, {'x': 159, 'y': 76}]",34,105,negative
1007.jpg,/kaggle/input/mvsasingle/MVSA_Single/data/1007.jpg,502,599,True,"I'm not fat.
Shared by
Grammarly
I'm just a little Husky.","[{'x': 35, 'y': 19}, {'x': 580, 'y': 19}, {'x': 580, 'y': 479}, {'x': 35, 'y': 479}]",460,545,positive
1008.jpg,/kaggle/input/mvsasingle/MVSA_Single/data/1008.jpg,450,600,True,"0 min
Endless Bummer
directed by
TJ House","[{'x': 112, 'y': 149}, {'x': 472, 'y': 149}, {'x': 472, 'y': 418}, {'x': 112, 'y': 418}]",269,360,positive
1009.jpg,/kaggle/input/mvsasingle/MVSA_Single/data/1009.jpg,602,600,True,"SHOP NOW >
KANDU","[{'x': 0, 'y': 451}, {'x': 565, 'y': 451}, {'x': 565, 'y': 576}, {'x': 0, 'y': 576}]",125,565,positive
101.jpg,/kaggle/input/mvsasingle/MVSA_Single/data/101.jpg,800,600,False,,[],0,0,positive
1010.jpg,/kaggle/input/mvsasingle/MVSA_Single/data/1010.jpg,800,600,True,"Express Worldwide Delivery
www.parcelforce.com
1159 WOH
VIGNY
FORCE","[{'x': 98, 'y': 250}, {'x': 351, 'y': 250}, {'x': 351, 'y': 358}, {'x': 98, 'y': 358}]",108,253,positive
1011.jpg,/kaggle/input/mvsasingle/MVSA_Single/data/1011.jpg,498,600,True,"KYLIE
mythm of love","[{'x': 82, 'y': 234}, {'x': 513, 'y': 234}, {'x': 513, 'y': 328}, {'x': 82, 'y': 328}]",94,431,positive
1012.jpg,/kaggle/input/mvsasingle/MVSA_Single/data/1012.jpg,400,599,True,Christophe Vasselin Caters News,"[{'x': 10, 'y': 392}, {'x': 131, 'y': 392}, {'x': 131, 'y': 399}, {'x': 10, 'y': 399}]",7,121,positive
1013.jpg,/kaggle/input/mvsasingle/MVSA_Single/data/1013.jpg,640,480,False,,[],0,0,positive
1014.jpg,/kaggle/input/mvsasingle/MVSA_Single/data/1014.jpg,1024,576,False,,[],0,0,negative
1015.jpg,/kaggle/input/mvsasingle/MVSA_Single/data/1015.jpg,360,480,True,"Main Wich
KEEK","[{'x': 214, 'y': 331}, {'x': 400, 'y': 331}, {'x': 400, 'y': 359}, {'x': 214, 'y': 359}]",28,186,positive
1016.jpg,/kaggle/input/mvsasingle/MVSA_Single/data/1016.jpg,800,600,True,"Chant
Exit
163
EUCY
Announcement
PA. in progress
Lucy
CH
0447
Longuages","[{'x': 65, 'y': 47}, {'x': 580, 'y': 47}, {'x': 580, 'y': 451}, {'x': 65, 'y': 451}]",404,515,positive
1017.jpg,/kaggle/input/mvsasingle/MVSA_Single/data/1017.jpg,600,600,True,RADI,"[{'x': 64, 'y': 35}, {'x': 240, 'y': 35}, {'x': 240, 'y': 220}, {'x': 64, 'y': 220}]",185,176,negative
1018.jpg,/kaggle/input/mvsasingle/MVSA_Single/data/1018.jpg,600,600,True,"وانان
SEPT","[{'x': 481, 'y': 238}, {'x': 530, 'y': 238}, {'x': 530, 'y': 354}, {'x': 481, 'y': 354}]",116,49,positive
1019.jpg,/kaggle/input/mvsasingle/MVSA_Single/data/1019.jpg,800,600,True,"2005
145 UNDER
CHAMPIONS
adiators
4800
NG
F
JAGA
NG 8
2002-201
MAJOR LEAGUERILLER
WORLD CHAMPI
MARPLEBLADIAT
ROSACY
NORTH AMERICAN GRAPPLING ASSOCIATION
NAGAFIGHTER.CO","[{'x': 0, 'y': 191}, {'x': 599, 'y': 191}, {'x': 599, 'y': 736}, {'x': 0, 'y': 736}]",545,599,neutral
102.jpg,/kaggle/input/mvsasingle/MVSA_Single/data/102.jpg,450,600,True,A,"[{'x': 340, 'y': 41}, {'x': 533, 'y': 41}, {'x': 533, 'y': 282}, {'x': 340, 'y': 282}]",241,193,neutral
1020.jpg,/kaggle/input/mvsasingle/MVSA_Single/data/1020.jpg,450,600,False,,[],0,0,neutral
1021.jpg,/kaggle/input/mvsasingle/MVSA_Single/data/1021.jpg,400,600,True,"ayesha ahmad
PHOTOGRAPHY","[{'x': 485, 'y': 364}, {'x': 583, 'y': 364}, {'x': 583, 'y': 390}, {'x': 485, 'y': 390}]",26,98,neutral
1022.jpg,/kaggle/input/mvsasingle/MVSA_Single/data/1022.jpg,532,599,True,"#CHAPELHILL SHOOTING
3 YOUNG
MUSLIMS KILLED
BY A LONE GUNNER?
NO BREAKING
NEWS HERE!
MAIN
STREAM
MEDIA
LATUEE
2015
MIDDLE
EAST
MONITOR","[{'x': 6, 'y': 20}, {'x': 588, 'y': 20}, {'x': 588, 'y': 519}, {'x': 6, 'y': 519}]",499,582,positive
1023.jpg,/kaggle/input/mvsasingle/MVSA_Single/data/1023.jpg,600,600,False,,[],0,0,positive
1024.jpg,/kaggle/input/mvsasingle/MVSA_Single/data/1024.jpg,800,600,True,"tv
BETTER
Saul
THE COMPLETE FIRST SEASON
Season 1
SONY","[{'x': 0, 'y': 41}, {'x': 442, 'y': 41}, {'x': 442, 'y': 689}, {'x': 0, 'y': 689}]",648,442,negative
1025.jpg,/kaggle/input/mvsasingle/MVSA_Single/data/1025.jpg,399,599,False,,[],0,0,positive
1026.jpg,/kaggle/input/mvsasingle/MVSA_Single/data/1026.jpg,600,600,True,CARING,"[{'x': 53, 'y': 188}, {'x': 504, 'y': 188}, {'x': 504, 'y': 252}, {'x': 53, 'y': 252}]",64,451,positive
1027.jpg,/kaggle/input/mvsasingle/MVSA_Single/data/1027.jpg,1024,577,True,"ooo EE
Search
18:44
61%
Suzie Housen The New
Facebay For Tunbridge Wells
1 hour ago
LT
*VINTAGE * WW2 duvet pattern
£35 Barden Road Tonbridge
Like
5
榮
Comment
Share
Write a comment...
News Feed Requests Messenger Notifications
Post
More","[{'x': 8, 'y': 10}, {'x': 554, 'y': 10}, {'x': 554, 'y': 1022}, {'x': 8, 'y': 1022}]",1012,546,neutral
1028.jpg,/kaggle/input/mvsasingle/MVSA_Single/data/1028.jpg,800,600,True,Dou,"[{'x': 365, 'y': 781}, {'x': 397, 'y': 781}, {'x': 397, 'y': 795}, {'x': 365, 'y': 795}]",14,32,positive
1029.jpg,/kaggle/input/mvsasingle/MVSA_Single/data/1029.jpg,600,600,True,"Motivation is What Gets You Started.
Habit Is What Keeps You Going.
After 4 days on the plan. Lost 11lbs and 2
inches of my waist. Very happy
Juice PLUS+ and a clean diet. Going to
keep it going but extremely happy with the
progress and even happier with the
business! Feel free to share
DOB","[{'x': 45, 'y': 23}, {'x': 540, 'y': 23}, {'x': 540, 'y': 446}, {'x': 45, 'y': 446}]",423,495,positive
103.jpg,/kaggle/input/mvsasingle/MVSA_Single/data/103.jpg,751,599,True,Digital Photography,"[{'x': 54, 'y': 681}, {'x': 208, 'y': 681}, {'x': 208, 'y': 701}, {'x': 54, 'y': 701}]",20,154,positive
1030.jpg,/kaggle/input/mvsasingle/MVSA_Single/data/1030.jpg,800,600,True,"San
Sanli
Cessi","[{'x': 234, 'y': 287}, {'x': 277, 'y': 287}, {'x': 277, 'y': 500}, {'x': 234, 'y': 500}]",213,43,negative
1031.jpg,/kaggle/input/mvsasingle/MVSA_Single/data/1031.jpg,336,598,True,"THAR
AR
15
HARVARD ARVARD
C
HARVA
12
Reebok
TARVAR
13
H
¥
VAUGHN","[{'x': 27, 'y': 46}, {'x': 563, 'y': 46}, {'x': 563, 'y': 313}, {'x': 27, 'y': 313}]",267,536,positive
1032.jpg,/kaggle/input/mvsasingle/MVSA_Single/data/1032.jpg,800,600,True,"STRIKE
ON STRIKE
Respect
On 1
ON STRIKE
W
ONA
He Children
Get Health Care
at School
herfingert
BREATHE","[{'x': 204, 'y': 83}, {'x': 554, 'y': 83}, {'x': 554, 'y': 799}, {'x': 204, 'y': 799}]",716,350,neutral
1033.jpg,/kaggle/input/mvsasingle/MVSA_Single/data/1033.jpg,800,600,False,,[],0,0,positive
1034.jpg,/kaggle/input/mvsasingle/MVSA_Single/data/1034.jpg,600,600,True,"WE WHO ARE
STRONG
MUST BE CONSIDERATE
OF THOSE WHO ARE
SENSITIVE
ABOUT THINGS LIKE THIS.
WE MUST NOT JUST PLEASE OURSELVES.
ROMANS 15:1 NLT
KLOVE","[{'x': 46, 'y': 68}, {'x': 577, 'y': 68}, {'x': 577, 'y': 583}, {'x': 46, 'y': 583}]",515,531,negative
1035.jpg,/kaggle/input/mvsasingle/MVSA_Single/data/1035.jpg,900,600,True,83,"[{'x': 329, 'y': 547}, {'x': 356, 'y': 547}, {'x': 356, 'y': 572}, {'x': 329, 'y': 572}]",25,27,positive
1036.jpg,/kaggle/input/mvsasingle/MVSA_Single/data/1036.jpg,900,599,False,,[],0,0,positive
1037.jpg,/kaggle/input/mvsasingle/MVSA_Single/data/1037.jpg,600,600,True,"Aw
e HeawPaw
MaggieMeowlaw","[{'x': 4, 'y': 71}, {'x': 307, 'y': 71}, {'x': 307, 'y': 575}, {'x': 4, 'y': 575}]",504,303,positive
1038.jpg,/kaggle/input/mvsasingle/MVSA_Single/data/1038.jpg,1024,576,True,"NUTATION
TRITIO
THERMO
SHOTS
Play Hard-Train Hard-Stay Hard
THERMO
SHOTS
Play Hard-Train Hard-Stay Hard
60
30
FOOD SUPPLEMENT
30
60
2000 TUPPLEMENT
SERVINGS
THERMO
SHOTS
Play Hard-Train Hard-Stay Hard
60
+FOOD SUPPLIEDKENT
30
57","[{'x': 141, 'y': 189}, {'x': 498, 'y': 189}, {'x': 498, 'y': 882}, {'x': 141, 'y': 882}]",693,357,positive
1039.jpg,/kaggle/input/mvsasingle/MVSA_Single/data/1039.jpg,1024,576,False,,[],0,0,neutral
104.jpg,/kaggle/input/mvsasingle/MVSA_Single/data/104.jpg,600,600,True,"12
10
TIMEX
2
-9
3-
.8
4.
765","[{'x': 206, 'y': 214}, {'x': 376, 'y': 214}, {'x': 376, 'y': 370}, {'x': 206, 'y': 370}]",156,170,positive
1040.jpg,/kaggle/input/mvsasingle/MVSA_Single/data/1040.jpg,504,504,True,"A HEALTHY
OUTSIDE
STARTS
FROM THE
INSIDE
#BIKINIREADYLIFESTYLE","[{'x': 17, 'y': 136}, {'x': 212, 'y': 136}, {'x': 212, 'y': 398}, {'x': 17, 'y': 398}]",262,195,positive
1041.jpg,/kaggle/input/mvsasingle/MVSA_Single/data/1041.jpg,1024,576,False,,[],0,0,positive
1042.jpg,/kaggle/input/mvsasingle/MVSA_Single/data/1042.jpg,800,600,True,"Down the line
CLUB SPEED
ATTACK ANG.
SWING DIR.
°
FACE ANG.
400
50
111.3
mph
CLUB PATH
1.5
HEIGHT
93.0
deg
1.2
0.2
CARRY
-1.2
deg
deg
TOTAL
293.9 323.4
2.3
deg
deg
FACE TO PATH
TO
20
Cory Renfrew, Dr, Premium, 915 10.5, Jan 23, 2015 1:59 PM
yds
yds
SPIN RATE
SMASH FAC
BALL SPEED
1901
1.49 165.3
rpm
mph","[{'x': 29, 'y': 205}, {'x': 599, 'y': 205}, {'x': 599, 'y': 584}, {'x': 29, 'y': 584}]",379,570,negative
1043.jpg,/kaggle/input/mvsasingle/MVSA_Single/data/1043.jpg,936,600,True,"REBEL
-STUDIO
AN ANIRUDH MUSICAL
AAKKO
DIRECTED BY
M. SHYAM KUMAR
DOP SHIVA.GRN
LYRICS BY VIGNESH SHIVANA R.C.VELU EDITING RUBAN
TLS MURUGADOSS COSTUME PADMA PRIYA EXECUTIVE PRODUCER D.BALAN PRO SURESH CHANDRA
PRODUCED BY DEEPAN BOOPATHY & RATESH VELU
SONY MUSIC
FEB
14
SINGLE
RELEASE
EM&C, CHENNAI","[{'x': 23, 'y': 24}, {'x': 594, 'y': 24}, {'x': 594, 'y': 906}, {'x': 23, 'y': 906}]",882,571,neutral
1044.jpg,/kaggle/input/mvsasingle/MVSA_Single/data/1044.jpg,800,600,True,Economic Growth,"[{'x': 363, 'y': 6}, {'x': 456, 'y': 6}, {'x': 456, 'y': 39}, {'x': 363, 'y': 39}]",33,93,negative
1045.jpg,/kaggle/input/mvsasingle/MVSA_Single/data/1045.jpg,600,600,True,"50% LESS FAT
than double cream
Elmle
Double light
ative to cream
serving su","[{'x': 0, 'y': 34}, {'x': 561, 'y': 34}, {'x': 561, 'y': 599}, {'x': 0, 'y': 599}]",565,561,positive
1046.jpg,/kaggle/input/mvsasingle/MVSA_Single/data/1046.jpg,400,600,False,,[],0,0,positive
1047.jpg,/kaggle/input/mvsasingle/MVSA_Single/data/1047.jpg,511,600,True,"STUMPED
574MPED","[{'x': 144, 'y': 25}, {'x': 288, 'y': 25}, {'x': 288, 'y': 216}, {'x': 144, 'y': 216}]",191,144,negative
1048.jpg,/kaggle/input/mvsasingle/MVSA_Single/data/1048.jpg,333,599,False,,[],0,0,neutral
1049.jpg,/kaggle/input/mvsasingle/MVSA_Single/data/1049.jpg,388,552,False,,[],0,0,neutral
105.jpg,/kaggle/input/mvsasingle/MVSA_Single/data/105.jpg,447,599,False,,[],0,0,positive
1050.jpg,/kaggle/input/mvsasingle/MVSA_Single/data/1050.jpg,960,488,True,"""Rap is the new rock and roll.
We the rock stars, and
I'm the biggest of them all.""
-Kanye West
LOL
Bitch, PLEASE.","[{'x': 118, 'y': 103}, {'x': 486, 'y': 103}, {'x': 486, 'y': 716}, {'x': 118, 'y': 716}]",613,368,positive
1051.jpg,/kaggle/input/mvsasingle/MVSA_Single/data/1051.jpg,800,600,True,Each Bo,"[{'x': 248, 'y': 79}, {'x': 257, 'y': 79}, {'x': 257, 'y': 101}, {'x': 248, 'y': 101}]",22,9,positive
1052.jpg,/kaggle/input/mvsasingle/MVSA_Single/data/1052.jpg,793,599,False,,[],0,0,positive
1053.jpg,/kaggle/input/mvsasingle/MVSA_Single/data/1053.jpg,600,600,True,SONY,"[{'x': 243, 'y': 370}, {'x': 274, 'y': 370}, {'x': 274, 'y': 396}, {'x': 243, 'y': 396}]",26,31,neutral
1054.jpg,/kaggle/input/mvsasingle/MVSA_Single/data/1054.jpg,525,536,True,"OTA
da
ID","[{'x': 53, 'y': 162}, {'x': 489, 'y': 162}, {'x': 489, 'y': 451}, {'x': 53, 'y': 451}]",289,436,positive
1055.jpg,/kaggle/input/mvsasingle/MVSA_Single/data/1055.jpg,1024,553,False,,[],0,0,negative
1056.jpg,/kaggle/input/mvsasingle/MVSA_Single/data/1056.jpg,295,295,True,"But I love you!!!
TSEK!!!!!!!!","[{'x': 111, 'y': 7}, {'x': 294, 'y': 7}, {'x': 294, 'y': 112}, {'x': 111, 'y': 112}]",105,183,positive
1057.jpg,/kaggle/input/mvsasingle/MVSA_Single/data/1057.jpg,1024,576,False,,[],0,0,positive
1058.jpg,/kaggle/input/mvsasingle/MVSA_Single/data/1058.jpg,800,600,False,,[],0,0,positive
1059.jpg,/kaggle/input/mvsasingle/MVSA_Single/data/1059.jpg,1024,577,True,"3
OOOOON","[{'x': 18, 'y': 114}, {'x': 548, 'y': 114}, {'x': 548, 'y': 807}, {'x': 18, 'y': 807}]",693,530,positive
106.jpg,/kaggle/input/mvsasingle/MVSA_Single/data/106.jpg,800,600,True,"PLAYBILL
LYCEUM THEATRE
DISGRACED","[{'x': 67, 'y': 58}, {'x': 518, 'y': 58}, {'x': 518, 'y': 519}, {'x': 67, 'y': 519}]",461,451,negative
1060.jpg,/kaggle/input/mvsasingle/MVSA_Single/data/1060.jpg,399,599,True,"Is this a ""resistance""?
posters4israel
Or the red carpet at the Oscars?
And who is he about to throw that rock at?","[{'x': 60, 'y': 32}, {'x': 590, 'y': 32}, {'x': 590, 'y': 355}, {'x': 60, 'y': 355}]",323,530,positive
1061.jpg,/kaggle/input/mvsasingle/MVSA_Single/data/1061.jpg,600,600,False,,[],0,0,positive
1062.jpg,/kaggle/input/mvsasingle/MVSA_Single/data/1062.jpg,975,600,False,,[],0,0,negative
1063.jpg,/kaggle/input/mvsasingle/MVSA_Single/data/1063.jpg,1024,577,False,,[],0,0,neutral
1064.jpg,/kaggle/input/mvsasingle/MVSA_Single/data/1064.jpg,899,600,True,"#AsiasGotTalent
©2015 SP works-Asia Pte Ltd. All rights reserved. AXN is a registered trademark of AXN Network, Inc.
HOME OF ASIA'S GOT TALENT
AXN","[{'x': 15, 'y': 17}, {'x': 593, 'y': 17}, {'x': 593, 'y': 891}, {'x': 15, 'y': 891}]",874,578,neutral
1065.jpg,/kaggle/input/mvsasingle/MVSA_Single/data/1065.jpg,450,600,True,"Aa
Dun wit M
Camry Cd 1
Chwick Start
Mersing of
garden party is
00 vichi bershaw
Audio
Chat
Abdus Salam
L
Card
subhash
Connected","[{'x': 30, 'y': 40}, {'x': 597, 'y': 40}, {'x': 597, 'y': 324}, {'x': 30, 'y': 324}]",284,567,negative
1066.jpg,/kaggle/input/mvsasingle/MVSA_Single/data/1066.jpg,1024,576,True,"JOSEPH
HELLER
THE POLYMESMERIC NOVEL THAT
NO ONE WILL FORGET
CATCH
22","[{'x': 21, 'y': 65}, {'x': 536, 'y': 65}, {'x': 536, 'y': 794}, {'x': 21, 'y': 794}]",729,515,positive
1067.jpg,/kaggle/input/mvsasingle/MVSA_Single/data/1067.jpg,900,600,True,TW,"[{'x': 407, 'y': 698}, {'x': 471, 'y': 698}, {'x': 471, 'y': 767}, {'x': 407, 'y': 767}]",69,64,positive
1068.jpg,/kaggle/input/mvsasingle/MVSA_Single/data/1068.jpg,600,600,False,,[],0,0,positive
1069.jpg,/kaggle/input/mvsasingle/MVSA_Single/data/1069.jpg,394,599,True,"ELITE
15
ALL","[{'x': 348, 'y': 173}, {'x': 578, 'y': 173}, {'x': 578, 'y': 231}, {'x': 348, 'y': 231}]",58,230,positive
107.jpg,/kaggle/input/mvsasingle/MVSA_Single/data/107.jpg,830,600,False,,[],0,0,negative
1070.jpg,/kaggle/input/mvsasingle/MVSA_Single/data/1070.jpg,800,600,False,,[],0,0,positive
1071.jpg,/kaggle/input/mvsasingle/MVSA_Single/data/1071.jpg,450,600,True,EXIT,"[{'x': 337, 'y': 240}, {'x': 352, 'y': 240}, {'x': 352, 'y': 245}, {'x': 337, 'y': 245}]",5,15,neutral
1072.jpg,/kaggle/input/mvsasingle/MVSA_Single/data/1072.jpg,337,599,False,,[],0,0,positive
1073.jpg,/kaggle/input/mvsasingle/MVSA_Single/data/1073.jpg,600,600,False,,[],0,0,neutral
1074.jpg,/kaggle/input/mvsasingle/MVSA_Single/data/1074.jpg,550,507,False,,[],0,0,neutral
1075.jpg,/kaggle/input/mvsasingle/MVSA_Single/data/1075.jpg,325,300,True,"ROCK OR BUST WORLD TOUR
SEPTEMBER 15","[{'x': 22, 'y': 125}, {'x': 275, 'y': 125}, {'x': 275, 'y': 310}, {'x': 22, 'y': 310}]",185,253,neutral
1076.jpg,/kaggle/input/mvsasingle/MVSA_Single/data/1076.jpg,450,600,True,THE HERD,"[{'x': 147, 'y': 203}, {'x': 447, 'y': 203}, {'x': 447, 'y': 255}, {'x': 147, 'y': 255}]",52,300,negative
1077.jpg,/kaggle/input/mvsasingle/MVSA_Single/data/1077.jpg,800,600,False,,[],0,0,positive
1078.jpg,/kaggle/input/mvsasingle/MVSA_Single/data/1078.jpg,400,600,True,x,"[{'x': 472, 'y': 277}, {'x': 495, 'y': 277}, {'x': 495, 'y': 289}, {'x': 472, 'y': 289}]",12,23,positive
1079.jpg,/kaggle/input/mvsasingle/MVSA_Single/data/1079.jpg,350,462,True,"114th CONGRESS
Lisa201516
Dist by Wash Potterap","[{'x': 142, 'y': 11}, {'x': 457, 'y': 11}, {'x': 457, 'y': 343}, {'x': 142, 'y': 343}]",332,315,positive
108.jpg,/kaggle/input/mvsasingle/MVSA_Single/data/108.jpg,393,599,True,"109
807","[{'x': 138, 'y': 72}, {'x': 454, 'y': 72}, {'x': 454, 'y': 271}, {'x': 138, 'y': 271}]",199,316,positive
1080.jpg,/kaggle/input/mvsasingle/MVSA_Single/data/1080.jpg,369,599,True,FOXTV,"[{'x': 576, 'y': 361}, {'x': 598, 'y': 361}, {'x': 598, 'y': 367}, {'x': 576, 'y': 367}]",6,22,positive
1081.jpg,/kaggle/input/mvsasingle/MVSA_Single/data/1081.jpg,600,600,True,"Happy
Hour:
4-9pm
Daily
EVERY
TUESDAY
1/2-Off Drinks &
Drafts 4-7pm +
$5 Signature
Cocktails, 7-9pm
Office
BAR
NORTH PARK
Blip-Co& TrueBass present:
Trapped
*DUBSTEP
*TRAP
@The Office
Resident DJ Ramsey
weekly guests
True
as blipco","[{'x': 20, 'y': 40}, {'x': 578, 'y': 40}, {'x': 578, 'y': 576}, {'x': 20, 'y': 576}]",536,558,negative
1082.jpg,/kaggle/input/mvsasingle/MVSA_Single/data/1082.jpg,450,600,True,RECUM,"[{'x': 140, 'y': 236}, {'x': 491, 'y': 236}, {'x': 491, 'y': 297}, {'x': 140, 'y': 297}]",61,351,positive
1083.jpg,/kaggle/input/mvsasingle/MVSA_Single/data/1083.jpg,600,600,False,,[],0,0,positive
1084.jpg,/kaggle/input/mvsasingle/MVSA_Single/data/1084.jpg,800,600,False,,[],0,0,positive
1085.jpg,/kaggle/input/mvsasingle/MVSA_Single/data/1085.jpg,800,600,False,,[],0,0,negative
1086.jpg,/kaggle/input/mvsasingle/MVSA_Single/data/1086.jpg,1024,576,False,,[],0,0,positive
1087.jpg,/kaggle/input/mvsasingle/MVSA_Single/data/1087.jpg,600,600,False,,[],0,0,positive
1088.jpg,/kaggle/input/mvsasingle/MVSA_Single/data/1088.jpg,496,600,True,"GUESS WHO! ??????????72
CLICK TO SEE »>
Instagram","[{'x': 14, 'y': 440}, {'x': 593, 'y': 440}, {'x': 593, 'y': 491}, {'x': 14, 'y': 491}]",51,579,positive
1089.jpg,/kaggle/input/mvsasingle/MVSA_Single/data/1089.jpg,800,553,True,"José Ramos
amos.com
WE asked me to be in the
Hall of Fame, and I turned
it down. You know why?
They put Pete Rose in the
wrestling Hall of Fame.
This guy can't even get
into his own Hall of Fame.
e your Life (shouttr.net?","[{'x': 0, 'y': 9}, {'x': 538, 'y': 9}, {'x': 538, 'y': 764}, {'x': 0, 'y': 764}]",755,538,positive
109.jpg,/kaggle/input/mvsasingle/MVSA_Single/data/109.jpg,800,600,False,,[],0,0,positive
1090.jpg,/kaggle/input/mvsasingle/MVSA_Single/data/1090.jpg,600,600,True,"Itstotallyam
BROK","[{'x': 199, 'y': 123}, {'x': 353, 'y': 123}, {'x': 353, 'y': 494}, {'x': 199, 'y': 494}]",371,154,positive
1091.jpg,/kaggle/input/mvsasingle/MVSA_Single/data/1091.jpg,600,600,True,"590
480
XJI
BHO
198
INGER
1288
1300
1900
4.
2290
6.
1398
750號
290€
R
OOHO
ВИННЫЙ
Хлеб
200 Morge","[{'x': 170, 'y': 203}, {'x': 577, 'y': 203}, {'x': 577, 'y': 599}, {'x': 170, 'y': 599}]",396,407,neutral
1092.jpg,/kaggle/input/mvsasingle/MVSA_Single/data/1092.jpg,400,600,False,,[],0,0,neutral
1093.jpg,/kaggle/input/mvsasingle/MVSA_Single/data/1093.jpg,600,600,False,,[],0,0,neutral
1094.jpg,/kaggle/input/mvsasingle/MVSA_Single/data/1094.jpg,300,600,True,MARKER,"[{'x': 144, 'y': 261}, {'x': 189, 'y': 261}, {'x': 189, 'y': 274}, {'x': 144, 'y': 274}]",13,45,positive
1095.jpg,/kaggle/input/mvsasingle/MVSA_Single/data/1095.jpg,900,600,False,,[],0,0,neutral
1096.jpg,/kaggle/input/mvsasingle/MVSA_Single/data/1096.jpg,800,600,True,"CELEBRATIONS
SOPENING TIMES
HAPPY
Shah-
CAS
PAYN
13
13
13.
13
13
13
13","[{'x': 161, 'y': 48}, {'x': 424, 'y': 48}, {'x': 424, 'y': 412}, {'x': 161, 'y': 412}]",364,263,positive
1097.jpg,/kaggle/input/mvsasingle/MVSA_Single/data/1097.jpg,201,598,False,,[],0,0,negative
1098.jpg,/kaggle/input/mvsasingle/MVSA_Single/data/1098.jpg,450,600,False,,[],0,0,positive
1099.jpg,/kaggle/input/mvsasingle/MVSA_Single/data/1099.jpg,600,600,True,se,"[{'x': 264, 'y': 287}, {'x': 273, 'y': 287}, {'x': 273, 'y': 305}, {'x': 264, 'y': 305}]",18,9,positive
11.jpg,/kaggle/input/mvsasingle/MVSA_Single/data/11.jpg,450,600,True,"B.S
Stia
T
B
IT 3
гр
T
KILK
2015
UUD
Q116
2.1:
ய
PUS
DEVILS","[{'x': 95, 'y': 147}, {'x': 529, 'y': 147}, {'x': 529, 'y': 338}, {'x': 95, 'y': 338}]",191,434,positive
110.jpg,/kaggle/input/mvsasingle/MVSA_Single/data/110.jpg,600,600,False,,[],0,0,positive
1100.jpg,/kaggle/input/mvsasingle/MVSA_Single/data/1100.jpg,600,600,True,"STYLE
is a reflection of your
ATTITUDE
and your
PERSONALITY
Rangriti","[{'x': 14, 'y': 24}, {'x': 201, 'y': 24}, {'x': 201, 'y': 297}, {'x': 14, 'y': 297}]",273,187,positive
1101.jpg,/kaggle/input/mvsasingle/MVSA_Single/data/1101.jpg,612,599,True,"FRESH
max","[{'x': 289, 'y': 131}, {'x': 549, 'y': 131}, {'x': 549, 'y': 596}, {'x': 289, 'y': 596}]",465,260,neutral
1102.jpg,/kaggle/input/mvsasingle/MVSA_Single/data/1102.jpg,600,600,False,,[],0,0,neutral
1103.jpg,/kaggle/input/mvsasingle/MVSA_Single/data/1103.jpg,435,600,False,,[],0,0,negative
1104.jpg,/kaggle/input/mvsasingle/MVSA_Single/data/1104.jpg,343,347,True,"BULIMIA HELP METHOD
HOME TREATMENT PROGRAM","[{'x': 79, 'y': 245}, {'x': 306, 'y': 245}, {'x': 306, 'y': 278}, {'x': 79, 'y': 278}]",33,227,negative
1105.jpg,/kaggle/input/mvsasingle/MVSA_Single/data/1105.jpg,387,600,False,,[],0,0,positive
1106.jpg,/kaggle/input/mvsasingle/MVSA_Single/data/1106.jpg,160,160,True,*],"[{'x': 30, 'y': 53}, {'x': 41, 'y': 53}, {'x': 41, 'y': 55}, {'x': 30, 'y': 55}]",2,11,positive
1107.jpg,/kaggle/input/mvsasingle/MVSA_Single/data/1107.jpg,800,600,False,,[],0,0,positive
1108.jpg,/kaggle/input/mvsasingle/MVSA_Single/data/1108.jpg,383,600,False,,[],0,0,positive
1109.jpg,/kaggle/input/mvsasingle/MVSA_Single/data/1109.jpg,600,600,False,,[],0,0,positive
111.jpg,/kaggle/input/mvsasingle/MVSA_Single/data/111.jpg,800,600,True,"MELISSA LANDERS
MELISSA LANDERS
Alienated
A perfect blend of sizzling romance, action, and suspense.""
-New York Times #1 best-selling author Jennifer L. Armentrout
Invaded
an Alienated novel","[{'x': 50, 'y': 34}, {'x': 581, 'y': 34}, {'x': 581, 'y': 729}, {'x': 50, 'y': 729}]",695,531,positive
1110.jpg,/kaggle/input/mvsasingle/MVSA_Single/data/1110.jpg,600,600,False,,[],0,0,positive
1111.jpg,/kaggle/input/mvsasingle/MVSA_Single/data/1111.jpg,601,456,True,"Ascenta
SPARK
SUPPORTS BRAIN HEALTH,
MEMORY & FOCUS
OMEGA-3 PHOSPHATIDYLSERNE
ANTIOXIDANTS VITAMIN D
Marilu
HENNER
150 ml (5.1 fl. oz)
Dietary supplement Tangerine flavor","[{'x': 186, 'y': 280}, {'x': 408, 'y': 280}, {'x': 408, 'y': 533}, {'x': 186, 'y': 533}]",253,222,neutral
1112.jpg,/kaggle/input/mvsasingle/MVSA_Single/data/1112.jpg,667,499,False,,[],0,0,neutral
1113.jpg,/kaggle/input/mvsasingle/MVSA_Single/data/1113.jpg,450,600,True,"NOW A MAJOR BORTY SERIES
AMONGST
WOMEN
JOHN MCGAHERN","[{'x': 126, 'y': 41}, {'x': 298, 'y': 41}, {'x': 298, 'y': 138}, {'x': 126, 'y': 138}]",97,172,positive
1114.jpg,/kaggle/input/mvsasingle/MVSA_Single/data/1114.jpg,363,599,True,661,"[{'x': 0, 'y': 289}, {'x': 11, 'y': 289}, {'x': 11, 'y': 296}, {'x': 0, 'y': 296}]",7,11,negative
1115.jpg,/kaggle/input/mvsasingle/MVSA_Single/data/1115.jpg,600,600,True,"""Compassion is a mind
that is motivated by
cherishing other living
beings and wishes to
release them from their
suffering.""
Geshe Kelsang Gyatso","[{'x': 9, 'y': 25}, {'x': 312, 'y': 25}, {'x': 312, 'y': 250}, {'x': 9, 'y': 250}]",225,303,negative
1116.jpg,/kaggle/input/mvsasingle/MVSA_Single/data/1116.jpg,1024,576,False,,[],0,0,positive
1117.jpg,/kaggle/input/mvsasingle/MVSA_Single/data/1117.jpg,600,600,True,SAD,"[{'x': 147, 'y': 257}, {'x': 422, 'y': 257}, {'x': 422, 'y': 378}, {'x': 147, 'y': 378}]",121,275,positive
1118.jpg,/kaggle/input/mvsasingle/MVSA_Single/data/1118.jpg,800,600,False,,[],0,0,negative
1119.jpg,/kaggle/input/mvsasingle/MVSA_Single/data/1119.jpg,333,500,False,,[],0,0,positive
112.jpg,/kaggle/input/mvsasingle/MVSA_Single/data/112.jpg,819,552,True,"We Once Ruled Side by Side
Let's Get Back
2
Our Rightful Places","[{'x': 34, 'y': 19}, {'x': 524, 'y': 19}, {'x': 524, 'y': 605}, {'x': 34, 'y': 605}]",586,490,neutral
1120.jpg,/kaggle/input/mvsasingle/MVSA_Single/data/1120.jpg,450,600,True,吸氣,"[{'x': 299, 'y': 214}, {'x': 472, 'y': 214}, {'x': 472, 'y': 295}, {'x': 299, 'y': 295}]",81,173,positive
1121.jpg,/kaggle/input/mvsasingle/MVSA_Single/data/1121.jpg,452,599,True,"You are invited to the vibrant &
colourful event of throw
cushions, covers and
accessories
Atelier
Cushions Festival
On Friday 13th February, 2015
10.30 am onwards
At 97, Anand Park, ITI Road,
Aundh, Pune 411007","[{'x': 417, 'y': 84}, {'x': 593, 'y': 84}, {'x': 593, 'y': 383}, {'x': 417, 'y': 383}]",299,176,positive
1122.jpg,/kaggle/input/mvsasingle/MVSA_Single/data/1122.jpg,800,600,False,,[],0,0,neutral
1123.jpg,/kaggle/input/mvsasingle/MVSA_Single/data/1123.jpg,332,505,False,,[],0,0,neutral
1124.jpg,/kaggle/input/mvsasingle/MVSA_Single/data/1124.jpg,600,600,True,"DON'T LET
YOUR SINS
BECOME
HANDCUFFS","[{'x': 221, 'y': 229}, {'x': 384, 'y': 229}, {'x': 384, 'y': 373}, {'x': 221, 'y': 373}]",144,163,positive
1125.jpg,/kaggle/input/mvsasingle/MVSA_Single/data/1125.jpg,568,320,True,"2:43
ORIGINAL MOTION PICTURE SOUNDTRACK
VOLUME 1 & 2
BEET
-2:08
THIS COULD BE THE NIGHT
Cindy Mizelle
Beat Street Soundtrack","[{'x': 4, 'y': 4}, {'x': 316, 'y': 4}, {'x': 316, 'y': 492}, {'x': 4, 'y': 492}]",488,312,neutral
1126.jpg,/kaggle/input/mvsasingle/MVSA_Single/data/1126.jpg,800,600,False,,[],0,0,neutral
1127.jpg,/kaggle/input/mvsasingle/MVSA_Single/data/1127.jpg,800,600,True,--25 11:02 AM,"[{'x': 45, 'y': 593}, {'x': 68, 'y': 593}, {'x': 68, 'y': 739}, {'x': 45, 'y': 739}]",146,23,positive
1128.jpg,/kaggle/input/mvsasingle/MVSA_Single/data/1128.jpg,285,480,True,"Go down a waterslide
while it isn't wet and
then you'll underdstand
why foreplay is so
important.....;)","[{'x': 233, 'y': 22}, {'x': 454, 'y': 22}, {'x': 454, 'y': 151}, {'x': 233, 'y': 151}]",129,221,positive
1129.jpg,/kaggle/input/mvsasingle/MVSA_Single/data/1129.jpg,450,600,False,,[],0,0,neutral
113.jpg,/kaggle/input/mvsasingle/MVSA_Single/data/113.jpg,600,600,False,,[],0,0,positive
1130.jpg,/kaggle/input/mvsasingle/MVSA_Single/data/1130.jpg,600,600,False,,[],0,0,positive
1131.jpg,/kaggle/input/mvsasingle/MVSA_Single/data/1131.jpg,600,600,False,,[],0,0,positive
1132.jpg,/kaggle/input/mvsasingle/MVSA_Single/data/1132.jpg,194,259,False,,[],0,0,positive
1133.jpg,/kaggle/input/mvsasingle/MVSA_Single/data/1133.jpg,798,599,True,"Reese
Кобуд
be Si
res
PEANUT BUTT CUPS CANDY
FRIANDISE MOULD
Enjoy you
on -day... fat fuck.
MILK CHOCOLATE
+
PEANUT
BUTTER
CHOCOLAT AU LA
рохом
BEURRE
DARACHIDES","[{'x': 74, 'y': 468}, {'x': 567, 'y': 468}, {'x': 567, 'y': 797}, {'x': 74, 'y': 797}]",329,493,positive
1134.jpg,/kaggle/input/mvsasingle/MVSA_Single/data/1134.jpg,1024,576,False,,[],0,0,positive
1135.jpg,/kaggle/input/mvsasingle/MVSA_Single/data/1135.jpg,327,480,True,www.famousanduncensored.com,"[{'x': 227, 'y': 305}, {'x': 471, 'y': 305}, {'x': 471, 'y': 320}, {'x': 227, 'y': 320}]",15,244,neutral
1136.jpg,/kaggle/input/mvsasingle/MVSA_Single/data/1136.jpg,600,600,True,"HINIL
tain's leading
Golde","[{'x': 50, 'y': 114}, {'x': 553, 'y': 114}, {'x': 553, 'y': 232}, {'x': 50, 'y': 232}]",118,503,positive
1137.jpg,/kaggle/input/mvsasingle/MVSA_Single/data/1137.jpg,600,600,True,"HM
coffee","[{'x': 179, 'y': 145}, {'x': 225, 'y': 145}, {'x': 225, 'y': 184}, {'x': 179, 'y': 184}]",39,46,neutral
1138.jpg,/kaggle/input/mvsasingle/MVSA_Single/data/1138.jpg,600,600,False,,[],0,0,positive
1139.jpg,/kaggle/input/mvsasingle/MVSA_Single/data/1139.jpg,400,600,False,,[],0,0,positive
114.jpg,/kaggle/input/mvsasingle/MVSA_Single/data/114.jpg,158,199,True,PA,"[{'x': 190, 'y': 1}, {'x': 197, 'y': 1}, {'x': 197, 'y': 14}, {'x': 190, 'y': 14}]",13,7,negative
1140.jpg,/kaggle/input/mvsasingle/MVSA_Single/data/1140.jpg,600,600,False,,[],0,0,neutral
1141.jpg,/kaggle/input/mvsasingle/MVSA_Single/data/1141.jpg,337,599,True,Z,"[{'x': 55, 'y': 243}, {'x': 88, 'y': 243}, {'x': 88, 'y': 272}, {'x': 55, 'y': 272}]",29,33,positive
1142.jpg,/kaggle/input/mvsasingle/MVSA_Single/data/1142.jpg,450,600,False,,[],0,0,positive
1143.jpg,/kaggle/input/mvsasingle/MVSA_Single/data/1143.jpg,172,293,False,,[],0,0,positive
1144.jpg,/kaggle/input/mvsasingle/MVSA_Single/data/1144.jpg,600,600,False,,[],0,0,positive
1145.jpg,/kaggle/input/mvsasingle/MVSA_Single/data/1145.jpg,337,599,True,KETS MAGES,"[{'x': 548, 'y': 5}, {'x': 593, 'y': 5}, {'x': 593, 'y': 12}, {'x': 548, 'y': 12}]",7,45,negative
1146.jpg,/kaggle/input/mvsasingle/MVSA_Single/data/1146.jpg,333,599,True,"7:15
35°
16
LIAN OFFICIALS SAY STOPPED TERROR ATTACK... US EMBASSY IN YEMEN EVACUATED.","[{'x': 58, 'y': 255}, {'x': 598, 'y': 255}, {'x': 598, 'y': 321}, {'x': 58, 'y': 321}]",66,540,neutral
1147.jpg,/kaggle/input/mvsasingle/MVSA_Single/data/1147.jpg,1024,576,False,,[],0,0,positive
1148.jpg,/kaggle/input/mvsasingle/MVSA_Single/data/1148.jpg,800,600,True,238,"[{'x': 3, 'y': 125}, {'x': 67, 'y': 125}, {'x': 67, 'y': 314}, {'x': 3, 'y': 314}]",189,64,neutral
1149.jpg,/kaggle/input/mvsasingle/MVSA_Single/data/1149.jpg,453,599,False,,[],0,0,positive
115.jpg,/kaggle/input/mvsasingle/MVSA_Single/data/115.jpg,600,600,False,,[],0,0,negative
1150.jpg,/kaggle/input/mvsasingle/MVSA_Single/data/1150.jpg,339,499,False,,[],0,0,neutral
1151.jpg,/kaggle/input/mvsasingle/MVSA_Single/data/1151.jpg,402,600,False,,[],0,0,positive
1152.jpg,/kaggle/input/mvsasingle/MVSA_Single/data/1152.jpg,454,600,True,Joel Eade 2011,"[{'x': 24, 'y': 398}, {'x': 183, 'y': 398}, {'x': 183, 'y': 422}, {'x': 24, 'y': 422}]",24,159,positive
1153.jpg,/kaggle/input/mvsasingle/MVSA_Single/data/1153.jpg,600,600,True,"* NEW YORK TIMES BESTSELL**
wild
FROM LOST TO YOUR ON THE PACIFIC CREST NAIL
WOW A
MAJOR MOTION
PICTURE
Cheryl Strayed
""Spectacular....A literary and human triumph.""
-THE NEW YORK TIMES BOOK REVIEW","[{'x': 133, 'y': 143}, {'x': 503, 'y': 143}, {'x': 503, 'y': 506}, {'x': 133, 'y': 506}]",363,370,neutral
1154.jpg,/kaggle/input/mvsasingle/MVSA_Single/data/1154.jpg,570,599,True,"Will Dining
Will Dining
Will Dung","[{'x': 190, 'y': 199}, {'x': 517, 'y': 199}, {'x': 517, 'y': 522}, {'x': 190, 'y': 522}]",323,327,neutral
1155.jpg,/kaggle/input/mvsasingle/MVSA_Single/data/1155.jpg,394,599,False,,[],0,0,positive
1156.jpg,/kaggle/input/mvsasingle/MVSA_Single/data/1156.jpg,1024,579,False,,[],0,0,positive
1157.jpg,/kaggle/input/mvsasingle/MVSA_Single/data/1157.jpg,600,600,True,"I HAVE NO IDEA
WHAT IAM DOING
Make a Meme+","[{'x': 46, 'y': 37}, {'x': 595, 'y': 37}, {'x': 595, 'y': 595}, {'x': 46, 'y': 595}]",558,549,positive
1158.jpg,/kaggle/input/mvsasingle/MVSA_Single/data/1158.jpg,600,600,True,"325
CHE
49-
49","[{'x': 320, 'y': 0}, {'x': 599, 'y': 0}, {'x': 599, 'y': 371}, {'x': 320, 'y': 371}]",371,279,positive
1159.jpg,/kaggle/input/mvsasingle/MVSA_Single/data/1159.jpg,800,600,True,"Butcher's K
Selection
at ASDA
Chicken
Thigh Fillets
Selected and prepared by hand
for succulence and flavour
Fresh class A skinless chicken thigh fillets
£
ASP1409722
3.58
UK
5037
EC
E/kg
6.95
WEIGHT/kg
UK
554204
1513 HBP
>
515g
USE BY:
09FEB
KEEP REFRIGERATED
AT-2°C TO +4°C
5050834-767852
Fresh Class A
Produced in the U.K., chicken
from the U.K., packed in the
U.K. for Asda Stores Limited,
Leeds LS11 SAD.
Phone us on: 0800 952 0101
Freezable","[{'x': 141, 'y': 302}, {'x': 370, 'y': 302}, {'x': 370, 'y': 699}, {'x': 141, 'y': 699}]",397,229,negative
116.jpg,/kaggle/input/mvsasingle/MVSA_Single/data/116.jpg,450,600,True,"LYCEUM
DISGRACED
DISGRACED","[{'x': 2, 'y': 63}, {'x': 445, 'y': 63}, {'x': 445, 'y': 304}, {'x': 2, 'y': 304}]",241,443,neutral
1160.jpg,/kaggle/input/mvsasingle/MVSA_Single/data/1160.jpg,301,460,False,,[],0,0,neutral
1161.jpg,/kaggle/input/mvsasingle/MVSA_Single/data/1161.jpg,337,599,True,"S
Sainsbury's
S.
was sus
WS
SNILDIMS
RESPECT
NO
sisbury
HONESTY
TO
TO
TOOL
GADES
TOM
Sainsbury's","[{'x': 5, 'y': 10}, {'x': 506, 'y': 10}, {'x': 506, 'y': 332}, {'x': 5, 'y': 332}]",322,501,positive
1162.jpg,/kaggle/input/mvsasingle/MVSA_Single/data/1162.jpg,800,600,True,"94
NFL
LEGENDS
K
SKI
33
8
70 GREATEST REDSKINE
BAUGH COLLECTIBLE 3
BRONCOS
HOME
PACK) A MARK/UNMARK
HELP
CONTINUE
SAMSUNG","[{'x': 4, 'y': 98}, {'x': 599, 'y': 98}, {'x': 599, 'y': 761}, {'x': 4, 'y': 761}]",663,595,neutral
1163.jpg,/kaggle/input/mvsasingle/MVSA_Single/data/1163.jpg,342,512,False,,[],0,0,neutral
1164.jpg,/kaggle/input/mvsasingle/MVSA_Single/data/1164.jpg,600,600,True,"""YOU'RE THE JELLY TO MY BURGER, THE
KNIFE TO MY SOUP, THE GLITTER TO MY
SUSHI, AND THE KETCHUP TO MY
ICECREAM
INSTAGRAM
@INSTAHYSTERICAL
""MY POINT IS, YOU'RE
WORTHLESS.","[{'x': 15, 'y': 8}, {'x': 582, 'y': 8}, {'x': 582, 'y': 586}, {'x': 15, 'y': 586}]",578,567,positive
1165.jpg,/kaggle/input/mvsasingle/MVSA_Single/data/1165.jpg,401,600,True,www.qwickaid.com/culinary,"[{'x': 4, 'y': 377}, {'x': 276, 'y': 377}, {'x': 276, 'y': 397}, {'x': 4, 'y': 397}]",20,272,negative
1166.jpg,/kaggle/input/mvsasingle/MVSA_Single/data/1166.jpg,600,600,True,"ROZEN GAISER
NOAH RETGAN","[{'x': 199, 'y': 234}, {'x': 409, 'y': 234}, {'x': 409, 'y': 578}, {'x': 199, 'y': 578}]",344,210,positive
1167.jpg,/kaggle/input/mvsasingle/MVSA_Single/data/1167.jpg,190,190,True,"MOVE ALONG
NOTHING TO SEE HERE","[{'x': 3, 'y': 9}, {'x': 189, 'y': 9}, {'x': 189, 'y': 182}, {'x': 3, 'y': 182}]",173,186,negative
1168.jpg,/kaggle/input/mvsasingle/MVSA_Single/data/1168.jpg,338,600,True,"Household Bank
MasterCard","[{'x': 161, 'y': 59}, {'x': 390, 'y': 59}, {'x': 390, 'y': 232}, {'x': 161, 'y': 232}]",173,229,neutral
1169.jpg,/kaggle/input/mvsasingle/MVSA_Single/data/1169.jpg,600,600,True,"I feel like screaming because I don't have
anyone to talk to","[{'x': 54, 'y': 435}, {'x': 560, 'y': 435}, {'x': 560, 'y': 489}, {'x': 54, 'y': 489}]",54,506,neutral
117.jpg,/kaggle/input/mvsasingle/MVSA_Single/data/117.jpg,480,600,False,,[],0,0,positive
1170.jpg,/kaggle/input/mvsasingle/MVSA_Single/data/1170.jpg,600,600,True,MODELS,"[{'x': 424, 'y': 301}, {'x': 479, 'y': 301}, {'x': 479, 'y': 319}, {'x': 424, 'y': 319}]",18,55,positive
1171.jpg,/kaggle/input/mvsasingle/MVSA_Single/data/1171.jpg,449,599,True,WRECKED,"[{'x': 38, 'y': 268}, {'x': 308, 'y': 268}, {'x': 308, 'y': 309}, {'x': 38, 'y': 309}]",41,270,positive
1172.jpg,/kaggle/input/mvsasingle/MVSA_Single/data/1172.jpg,384,459,False,,[],0,0,negative
1173.jpg,/kaggle/input/mvsasingle/MVSA_Single/data/1173.jpg,399,600,False,,[],0,0,negative
1174.jpg,/kaggle/input/mvsasingle/MVSA_Single/data/1174.jpg,399,599,False,,[],0,0,negative
1175.jpg,/kaggle/input/mvsasingle/MVSA_Single/data/1175.jpg,252,397,True,Méditation Facile,"[{'x': 8, 'y': 8}, {'x': 174, 'y': 8}, {'x': 174, 'y': 23}, {'x': 8, 'y': 23}]",15,166,positive
1176.jpg,/kaggle/input/mvsasingle/MVSA_Single/data/1176.jpg,392,500,False,,[],0,0,neutral
1177.jpg,/kaggle/input/mvsasingle/MVSA_Single/data/1177.jpg,409,500,True,Buttons,"[{'x': 140, 'y': 355}, {'x': 353, 'y': 355}, {'x': 353, 'y': 397}, {'x': 140, 'y': 397}]",42,213,positive
1178.jpg,/kaggle/input/mvsasingle/MVSA_Single/data/1178.jpg,294,600,True,"Do You Want To Learn To Cook 6 Dishes
Like These For Your Whole Family","[{'x': 35, 'y': 12}, {'x': 563, 'y': 12}, {'x': 563, 'y': 73}, {'x': 35, 'y': 73}]",61,528,positive
1179.jpg,/kaggle/input/mvsasingle/MVSA_Single/data/1179.jpg,324,600,True,Introducción Módulo I - Fortaleciendo la base (las piernas),"[{'x': 101, 'y': 8}, {'x': 497, 'y': 8}, {'x': 497, 'y': 21}, {'x': 101, 'y': 21}]",13,396,negative
118.jpg,/kaggle/input/mvsasingle/MVSA_Single/data/118.jpg,136,599,False,,[],0,0,negative
1180.jpg,/kaggle/input/mvsasingle/MVSA_Single/data/1180.jpg,350,600,True,"POLICE LINE D
12:04 33 HD
ACTION 3 NEWS
FORT CALHOUN
TODAY'S HIGH 43 TONIGHT'S LOW 20","[{'x': 0, 'y': 221}, {'x': 518, 'y': 221}, {'x': 518, 'y': 326}, {'x': 0, 'y': 326}]",105,518,negative
1181.jpg,/kaggle/input/mvsasingle/MVSA_Single/data/1181.jpg,388,600,False,,[],0,0,negative
1182.jpg,/kaggle/input/mvsasingle/MVSA_Single/data/1182.jpg,309,534,True,"~L TO THE AURA ~
sustainability, compassion, inspiration
about","[{'x': 31, 'y': 46}, {'x': 359, 'y': 46}, {'x': 359, 'y': 287}, {'x': 31, 'y': 287}]",241,328,negative
1183.jpg,/kaggle/input/mvsasingle/MVSA_Single/data/1183.jpg,250,468,True,"Their Loss Is Your Gain...
100% Clean and Legal Profits?","[{'x': 105, 'y': 188}, {'x': 359, 'y': 188}, {'x': 359, 'y': 232}, {'x': 105, 'y': 232}]",44,254,negative
1184.jpg,/kaggle/input/mvsasingle/MVSA_Single/data/1184.jpg,437,435,True,"Remediosherbales
Remedios caseros y naturales y terapias alternativas","[{'x': 29, 'y': 39}, {'x': 407, 'y': 39}, {'x': 407, 'y': 84}, {'x': 29, 'y': 84}]",45,378,positive
1185.jpg,/kaggle/input/mvsasingle/MVSA_Single/data/1185.jpg,800,600,True,"Providing caring and compasionate elderly care
MICHIGAN
PERSONALIZED HOME CARE","[{'x': 27, 'y': 30}, {'x': 572, 'y': 30}, {'x': 572, 'y': 725}, {'x': 27, 'y': 725}]",695,545,negative
1186.jpg,/kaggle/input/mvsasingle/MVSA_Single/data/1186.jpg,1066,600,False,,[],0,0,positive
1187.jpg,/kaggle/input/mvsasingle/MVSA_Single/data/1187.jpg,448,600,False,,[],0,0,positive
1188.jpg,/kaggle/input/mvsasingle/MVSA_Single/data/1188.jpg,450,600,False,,[],0,0,neutral
1189.jpg,/kaggle/input/mvsasingle/MVSA_Single/data/1189.jpg,222,600,True,"KAARIS
LE BRUIT DE MON AME
SORTIE LE 30 MARS
EN PRE-COMMANDE LE 02 MARS
09","[{'x': 384, 'y': 34}, {'x': 589, 'y': 34}, {'x': 589, 'y': 186}, {'x': 384, 'y': 186}]",152,205,positive
119.jpg,/kaggle/input/mvsasingle/MVSA_Single/data/119.jpg,670,599,True,"take my life away
you can break my soul
beat me
hurt me
kill me
but for the love of Go
don't touch
him","[{'x': 76, 'y': 72}, {'x': 538, 'y': 72}, {'x': 538, 'y': 583}, {'x': 76, 'y': 583}]",511,462,positive
1190.jpg,/kaggle/input/mvsasingle/MVSA_Single/data/1190.jpg,260,598,False,,[],0,0,positive
1191.jpg,/kaggle/input/mvsasingle/MVSA_Single/data/1191.jpg,600,600,False,,[],0,0,positive
1192.jpg,/kaggle/input/mvsasingle/MVSA_Single/data/1192.jpg,600,600,False,,[],0,0,positive
1193.jpg,/kaggle/input/mvsasingle/MVSA_Single/data/1193.jpg,334,501,False,,[],0,0,positive
1194.jpg,/kaggle/input/mvsasingle/MVSA_Single/data/1194.jpg,282,423,False,,[],0,0,positive
1195.jpg,/kaggle/input/mvsasingle/MVSA_Single/data/1195.jpg,798,599,True,nexus,"[{'x': 45, 'y': 0}, {'x': 97, 'y': 0}, {'x': 97, 'y': 161}, {'x': 45, 'y': 161}]",161,52,neutral
1196.jpg,/kaggle/input/mvsasingle/MVSA_Single/data/1196.jpg,600,600,False,,[],0,0,positive
1197.jpg,/kaggle/input/mvsasingle/MVSA_Single/data/1197.jpg,600,600,True,"new business
loop models
MODELOS
DE NEGOCIO
QUE HACEN
única
TU EMPRESA
▸ Detectamos
oportunidades de mercado
Estructuramos
modelos de negocio
▸ Desarrollamos
categorías de producto y
servicio
ZIPPY
Es único
www.loop-cn.com","[{'x': 22, 'y': 41}, {'x': 369, 'y': 41}, {'x': 369, 'y': 592}, {'x': 22, 'y': 592}]",551,347,positive
1198.jpg,/kaggle/input/mvsasingle/MVSA_Single/data/1198.jpg,600,600,False,,[],0,0,positive
1199.jpg,/kaggle/input/mvsasingle/MVSA_Single/data/1199.jpg,800,600,False,,[],0,0,positive
12.jpg,/kaggle/input/mvsasingle/MVSA_Single/data/12.jpg,337,599,True,>,"[{'x': 271, 'y': 185}, {'x': 299, 'y': 185}, {'x': 299, 'y': 211}, {'x': 271, 'y': 211}]",26,28,positive
120.jpg,/kaggle/input/mvsasingle/MVSA_Single/data/120.jpg,600,600,False,,[],0,0,positive
1200.jpg,/kaggle/input/mvsasingle/MVSA_Single/data/1200.jpg,299,500,False,,[],0,0,positive
1201.jpg,/kaggle/input/mvsasingle/MVSA_Single/data/1201.jpg,600,600,True,DIPPY SU,"[{'x': 316, 'y': 423}, {'x': 343, 'y': 423}, {'x': 343, 'y': 461}, {'x': 316, 'y': 461}]",38,27,positive
1202.jpg,/kaggle/input/mvsasingle/MVSA_Single/data/1202.jpg,481,600,False,,[],0,0,positive
1203.jpg,/kaggle/input/mvsasingle/MVSA_Single/data/1203.jpg,600,600,False,,[],0,0,positive
1204.jpg,/kaggle/input/mvsasingle/MVSA_Single/data/1204.jpg,1024,579,False,,[],0,0,positive
1205.jpg,/kaggle/input/mvsasingle/MVSA_Single/data/1205.jpg,816,600,False,,[],0,0,positive
1206.jpg,/kaggle/input/mvsasingle/MVSA_Single/data/1206.jpg,600,600,True,"Se não puder fazer tudo,
faça tudo que puder.
Dr. Fábio Cardoso
Consultoria em Medicina Preventiva e do Esporte","[{'x': 5, 'y': 207}, {'x': 593, 'y': 207}, {'x': 593, 'y': 591}, {'x': 5, 'y': 591}]",384,588,negative
1207.jpg,/kaggle/input/mvsasingle/MVSA_Single/data/1207.jpg,600,600,False,,[],0,0,positive
1208.jpg,/kaggle/input/mvsasingle/MVSA_Single/data/1208.jpg,450,600,True,53,"[{'x': 3, 'y': 404}, {'x': 22, 'y': 404}, {'x': 22, 'y': 417}, {'x': 3, 'y': 417}]",13,19,negative
1209.jpg,/kaggle/input/mvsasingle/MVSA_Single/data/1209.jpg,624,599,True,"Somehow a lot of us have become suspicious
of compassion, as if it were a sign of
weakness. Somehow we've come to the
conclusion that those with sympathy for
animals are less logical. But compassion is
not a weakness of mind. It's a strength of
the heart. And we need both strong hearts
and strong minds. ~John Robbins
EVOLVE!
Campaigns","[{'x': 32, 'y': 27}, {'x': 561, 'y': 27}, {'x': 561, 'y': 550}, {'x': 32, 'y': 550}]",523,529,positive
121.jpg,/kaggle/input/mvsasingle/MVSA_Single/data/121.jpg,800,600,True,"MELISSA LANDERS
Invaded
an Alienated novel","[{'x': 52, 'y': 41}, {'x': 474, 'y': 41}, {'x': 474, 'y': 498}, {'x': 52, 'y': 498}]",457,422,positive
1210.jpg,/kaggle/input/mvsasingle/MVSA_Single/data/1210.jpg,355,599,True,"""ONE CHILD,
ONE TEACHER,
ONE BOOK,
AND ONE PEN
CAN CHANGE
THE WORLD.
-MALALA YOUSAFZAI
77
facebook.com","[{'x': 344, 'y': 9}, {'x': 594, 'y': 9}, {'x': 594, 'y': 352}, {'x': 344, 'y': 352}]",343,250,positive
1211.jpg,/kaggle/input/mvsasingle/MVSA_Single/data/1211.jpg,449,421,False,,[],0,0,positive
1212.jpg,/kaggle/input/mvsasingle/MVSA_Single/data/1212.jpg,640,480,False,,[],0,0,positive
1213.jpg,/kaggle/input/mvsasingle/MVSA_Single/data/1213.jpg,1024,576,False,,[],0,0,neutral
1214.jpg,/kaggle/input/mvsasingle/MVSA_Single/data/1214.jpg,600,600,False,,[],0,0,positive
1215.jpg,/kaggle/input/mvsasingle/MVSA_Single/data/1215.jpg,480,600,True,"FOCUS
KEEP YOURSELF IN THE NOW!","[{'x': 173, 'y': 369}, {'x': 425, 'y': 369}, {'x': 425, 'y': 434}, {'x': 173, 'y': 434}]",65,252,positive
1216.jpg,/kaggle/input/mvsasingle/MVSA_Single/data/1216.jpg,600,600,False,,[],0,0,neutral
1217.jpg,/kaggle/input/mvsasingle/MVSA_Single/data/1217.jpg,504,599,True,"connor be changed
eping our thinking
Albert Einstien","[{'x': 348, 'y': 0}, {'x': 598, 'y': 0}, {'x': 598, 'y': 308}, {'x': 348, 'y': 308}]",308,250,positive
1218.jpg,/kaggle/input/mvsasingle/MVSA_Single/data/1218.jpg,445,600,False,,[],0,0,neutral
1219.jpg,/kaggle/input/mvsasingle/MVSA_Single/data/1219.jpg,600,600,False,,[],0,0,negative
122.jpg,/kaggle/input/mvsasingle/MVSA_Single/data/122.jpg,337,599,True,OFB,"[{'x': 91, 'y': 261}, {'x': 126, 'y': 261}, {'x': 126, 'y': 287}, {'x': 91, 'y': 287}]",26,35,positive
1220.jpg,/kaggle/input/mvsasingle/MVSA_Single/data/1220.jpg,600,600,True,"I.I
arter
տա աստ ախս արա ախտ ախա տախտ տես աս սոս աթո աու","[{'x': 0, 'y': 1}, {'x': 593, 'y': 1}, {'x': 593, 'y': 322}, {'x': 0, 'y': 322}]",321,593,negative
1221.jpg,/kaggle/input/mvsasingle/MVSA_Single/data/1221.jpg,600,600,True,SUPERNOVAARSWEDEN,"[{'x': 73, 'y': 283}, {'x': 475, 'y': 283}, {'x': 475, 'y': 309}, {'x': 73, 'y': 309}]",26,402,negative
1222.jpg,/kaggle/input/mvsasingle/MVSA_Single/data/1222.jpg,589,499,True,1991,"[{'x': 168, 'y': 496}, {'x': 297, 'y': 496}, {'x': 297, 'y': 580}, {'x': 168, 'y': 580}]",84,129,negative
1223.jpg,/kaggle/input/mvsasingle/MVSA_Single/data/1223.jpg,600,600,False,,[],0,0,positive
1224.jpg,/kaggle/input/mvsasingle/MVSA_Single/data/1224.jpg,450,600,False,,[],0,0,positive
1225.jpg,/kaggle/input/mvsasingle/MVSA_Single/data/1225.jpg,440,440,False,,[],0,0,negative
1226.jpg,/kaggle/input/mvsasingle/MVSA_Single/data/1226.jpg,600,600,False,,[],0,0,negative
1227.jpg,/kaggle/input/mvsasingle/MVSA_Single/data/1227.jpg,800,600,False,,[],0,0,negative
1228.jpg,/kaggle/input/mvsasingle/MVSA_Single/data/1228.jpg,100,100,False,,[],0,0,neutral
1229.jpg,/kaggle/input/mvsasingle/MVSA_Single/data/1229.jpg,600,600,False,,[],0,0,positive
123.jpg,/kaggle/input/mvsasingle/MVSA_Single/data/123.jpg,600,600,True,י,"[{'x': 54, 'y': 218}, {'x': 69, 'y': 218}, {'x': 69, 'y': 236}, {'x': 54, 'y': 236}]",18,15,negative
1230.jpg,/kaggle/input/mvsasingle/MVSA_Single/data/1230.jpg,383,486,True,"Pig in Australia Steals 18 Beers from Campers, Gets
Drunk, Fights Cow
Craig ONeal, Flickr Forget crocodiles and snakes, the real animal threat in Australia
is wild pigs. At least if you're camping. At a campground in Western Australia over...
GADLING.COM","[{'x': 19, 'y': 268}, {'x': 465, 'y': 268}, {'x': 465, 'y': 366}, {'x': 19, 'y': 366}]",98,446,positive
1231.jpg,/kaggle/input/mvsasingle/MVSA_Single/data/1231.jpg,800,600,False,,[],0,0,negative
1232.jpg,/kaggle/input/mvsasingle/MVSA_Single/data/1232.jpg,964,600,False,,[],0,0,positive
1233.jpg,/kaggle/input/mvsasingle/MVSA_Single/data/1233.jpg,640,480,True,"Candy
CAMERA","[{'x': 371, 'y': 586}, {'x': 472, 'y': 586}, {'x': 472, 'y': 628}, {'x': 371, 'y': 628}]",42,101,positive
1234.jpg,/kaggle/input/mvsasingle/MVSA_Single/data/1234.jpg,800,600,True,"FR
HOICE
HAND
BLOOR
ARM
LLS THE
L OF JOHN
PUSHER
PT.
RA
ULINE
1-800-295-5810
ATE
5-167","[{'x': 126, 'y': 29}, {'x': 484, 'y': 29}, {'x': 484, 'y': 499}, {'x': 126, 'y': 499}]",470,358,positive
1235.jpg,/kaggle/input/mvsasingle/MVSA_Single/data/1235.jpg,450,600,False,,[],0,0,negative
1236.jpg,/kaggle/input/mvsasingle/MVSA_Single/data/1236.jpg,600,600,False,,[],0,0,positive
1237.jpg,/kaggle/input/mvsasingle/MVSA_Single/data/1237.jpg,600,600,True,"KITTENS
WITH
DANCE
HOW TO
डाह
How To
MANAGE
A
KICKSTARTER
CAMPAIGN
project.theawkwardyeti.com","[{'x': 120, 'y': 52}, {'x': 548, 'y': 52}, {'x': 548, 'y': 584}, {'x': 120, 'y': 584}]",532,428,positive
1238.jpg,/kaggle/input/mvsasingle/MVSA_Single/data/1238.jpg,600,600,True,SANTISANED,"[{'x': 172, 'y': 29}, {'x': 446, 'y': 29}, {'x': 446, 'y': 59}, {'x': 172, 'y': 59}]",30,274,positive
1239.jpg,/kaggle/input/mvsasingle/MVSA_Single/data/1239.jpg,835,599,True,"ONE
Awards
ONE
We provide
qualifications
behalf of N
Winner
Age UK
County Durham
credit-based Awarding
Organisation.
delivering services on behalf of
nocn
CREATING OPPORTUNITIES
(A)Access
www.oneawards.org.uk","[{'x': 234, 'y': 123}, {'x': 409, 'y': 123}, {'x': 409, 'y': 700}, {'x': 234, 'y': 700}]",577,175,positive
124.jpg,/kaggle/input/mvsasingle/MVSA_Single/data/124.jpg,1024,577,True,"...oo AT&T
11:18 AM
PLAYING FROM PLAYLIST
Today's Top Hits
39
STEAL MY GIRL
@10%
ONE DIRECTION
39
REMIX COMPETITION WINNER
(+)
88 Ninety's 'Raiders of the
One Direction
2:15
[z
K
||
H
4:42","[{'x': 10, 'y': 7}, {'x': 547, 'y': 7}, {'x': 547, 'y': 996}, {'x': 10, 'y': 996}]",989,537,neutral
1240.jpg,/kaggle/input/mvsasingle/MVSA_Single/data/1240.jpg,278,380,False,,[],0,0,positive
1241.jpg,/kaggle/input/mvsasingle/MVSA_Single/data/1241.jpg,600,600,True,"ROACHE
PAPAROACHE
PAR
PAPARONCHE
PAPAROACHE
PAPAFORCH
SIC
PAPAROACHE
bach","[{'x': 3, 'y': 102}, {'x': 532, 'y': 102}, {'x': 532, 'y': 457}, {'x': 3, 'y': 457}]",355,529,positive
1242.jpg,/kaggle/input/mvsasingle/MVSA_Single/data/1242.jpg,800,600,False,,[],0,0,negative
1243.jpg,/kaggle/input/mvsasingle/MVSA_Single/data/1243.jpg,360,480,False,,[],0,0,negative
1244.jpg,/kaggle/input/mvsasingle/MVSA_Single/data/1244.jpg,450,600,False,,[],0,0,positive
1245.jpg,/kaggle/input/mvsasingle/MVSA_Single/data/1245.jpg,450,600,True,"Brussels Sprouts
with Chia, Ginger andMushroom","[{'x': 123, 'y': 160}, {'x': 504, 'y': 160}, {'x': 504, 'y': 247}, {'x': 123, 'y': 247}]",87,381,positive
1246.jpg,/kaggle/input/mvsasingle/MVSA_Single/data/1246.jpg,253,484,False,,[],0,0,positive
1247.jpg,/kaggle/input/mvsasingle/MVSA_Single/data/1247.jpg,528,396,True,"BULLS
13
WIN
SOME
LOSES
NONE","[{'x': 83, 'y': 159}, {'x': 250, 'y': 159}, {'x': 250, 'y': 356}, {'x': 83, 'y': 356}]",197,167,positive
1248.jpg,/kaggle/input/mvsasingle/MVSA_Single/data/1248.jpg,450,600,True,Retriba,"[{'x': 531, 'y': 395}, {'x': 568, 'y': 395}, {'x': 568, 'y': 407}, {'x': 531, 'y': 407}]",12,37,positive
1249.jpg,/kaggle/input/mvsasingle/MVSA_Single/data/1249.jpg,900,600,False,,[],0,0,positive
125.jpg,/kaggle/input/mvsasingle/MVSA_Single/data/125.jpg,800,600,True,環樣,"[{'x': 178, 'y': 396}, {'x': 199, 'y': 396}, {'x': 199, 'y': 410}, {'x': 178, 'y': 410}]",14,21,negative
1250.jpg,/kaggle/input/mvsasingle/MVSA_Single/data/1250.jpg,544,502,True,"Kevin Carter's Pulitzer Prize winning photo taken in 1994 during the
Sudane famine. The picture depicts a famine stricken child being
stalked by a vulture. The child is crawling towards a United Nations
food camp, located a kilometer away.
No one knows what happened to the child, including the photographer
who left the scene as soon as the photo was taken. He later confided
to friends that he wished he had intervened. Journalists at the time
were warned never to touch famine victims for fear of disease
Three months later, and only weeks after being bestowed with the
Pulitzer Prize, Kevin Carter committed suicide.","[{'x': 4, 'y': 396}, {'x': 481, 'y': 396}, {'x': 481, 'y': 538}, {'x': 4, 'y': 538}]",142,477,positive
1251.jpg,/kaggle/input/mvsasingle/MVSA_Single/data/1251.jpg,800,600,True,BOBBY VAN'S,"[{'x': 272, 'y': 273}, {'x': 457, 'y': 273}, {'x': 457, 'y': 327}, {'x': 272, 'y': 327}]",54,185,positive
1252.jpg,/kaggle/input/mvsasingle/MVSA_Single/data/1252.jpg,600,600,False,,[],0,0,positive
1253.jpg,/kaggle/input/mvsasingle/MVSA_Single/data/1253.jpg,448,600,False,,[],0,0,positive
1254.jpg,/kaggle/input/mvsasingle/MVSA_Single/data/1254.jpg,1024,576,False,,[],0,0,negative
1255.jpg,/kaggle/input/mvsasingle/MVSA_Single/data/1255.jpg,392,580,False,,[],0,0,positive
1256.jpg,/kaggle/input/mvsasingle/MVSA_Single/data/1256.jpg,1024,576,False,,[],0,0,neutral
1257.jpg,/kaggle/input/mvsasingle/MVSA_Single/data/1257.jpg,600,600,False,,[],0,0,positive
1258.jpg,/kaggle/input/mvsasingle/MVSA_Single/data/1258.jpg,600,600,True,"EMPO
PAPAROACHE
FEAR
Samsung
Teufel GALAXY S5
MEGA-GEWINNSPIEL
Alle Infos auf S. 6-schnell umblättern
Neues Merchandise & neue Alben von: Blind Guardian Nightwish While She Sleeps","[{'x': 108, 'y': 29}, {'x': 494, 'y': 29}, {'x': 494, 'y': 585}, {'x': 108, 'y': 585}]",556,386,positive
1259.jpg,/kaggle/input/mvsasingle/MVSA_Single/data/1259.jpg,800,600,False,,[],0,0,positive
126.jpg,/kaggle/input/mvsasingle/MVSA_Single/data/126.jpg,293,599,False,,[],0,0,positive
1260.jpg,/kaggle/input/mvsasingle/MVSA_Single/data/1260.jpg,400,600,False,,[],0,0,positive
1261.jpg,/kaggle/input/mvsasingle/MVSA_Single/data/1261.jpg,450,600,False,,[],0,0,positive
1262.jpg,/kaggle/input/mvsasingle/MVSA_Single/data/1262.jpg,600,600,True,TRAPPED,"[{'x': 115, 'y': 197}, {'x': 444, 'y': 197}, {'x': 444, 'y': 332}, {'x': 115, 'y': 332}]",135,329,positive
1263.jpg,/kaggle/input/mvsasingle/MVSA_Single/data/1263.jpg,450,600,False,,[],0,0,positive
1264.jpg,/kaggle/input/mvsasingle/MVSA_Single/data/1264.jpg,439,599,True,"GLOBOTEATROFESTIVAL.COM
foto di P.Kajzar/ A. Pellicanò","[{'x': 441, 'y': 6}, {'x': 588, 'y': 6}, {'x': 588, 'y': 28}, {'x': 441, 'y': 28}]",22,147,negative
1265.jpg,/kaggle/input/mvsasingle/MVSA_Single/data/1265.jpg,400,600,False,,[],0,0,negative
1266.jpg,/kaggle/input/mvsasingle/MVSA_Single/data/1266.jpg,450,600,True,"STONE
Stéphanie C.C. I","[{'x': 296, 'y': 208}, {'x': 589, 'y': 208}, {'x': 589, 'y': 428}, {'x': 296, 'y': 428}]",220,293,positive
1267.jpg,/kaggle/input/mvsasingle/MVSA_Single/data/1267.jpg,800,600,True,"ilka
Milka
Alpine Milk Chocolate
STRAWBERRY
YOGHURT
CLOSE AND
ENJOY LONGER
STRA
VOCHURE","[{'x': 17, 'y': 280}, {'x': 570, 'y': 280}, {'x': 570, 'y': 618}, {'x': 17, 'y': 618}]",338,553,positive
1268.jpg,/kaggle/input/mvsasingle/MVSA_Single/data/1268.jpg,600,600,False,,[],0,0,positive
1269.jpg,/kaggle/input/mvsasingle/MVSA_Single/data/1269.jpg,600,600,False,,[],0,0,negative
127.jpg,/kaggle/input/mvsasingle/MVSA_Single/data/127.jpg,399,599,True,Associated Press,"[{'x': 520, 'y': 386}, {'x': 593, 'y': 386}, {'x': 593, 'y': 393}, {'x': 520, 'y': 393}]",7,73,negative
1270.jpg,/kaggle/input/mvsasingle/MVSA_Single/data/1270.jpg,333,499,False,,[],0,0,neutral
1271.jpg,/kaggle/input/mvsasingle/MVSA_Single/data/1271.jpg,500,500,True,"AN
EST
AND
Giordano
Lower Ground Floor -Gate IA
ادسي
مول
RED SEA
MALL
ANO
جيوردانو
الدور السفلي- بوابه 14","[{'x': 6, 'y': 150}, {'x': 455, 'y': 150}, {'x': 455, 'y': 486}, {'x': 6, 'y': 486}]",336,449,positive
1272.jpg,/kaggle/input/mvsasingle/MVSA_Single/data/1272.jpg,336,598,False,,[],0,0,neutral
1273.jpg,/kaggle/input/mvsasingle/MVSA_Single/data/1273.jpg,600,600,False,,[],0,0,positive
1274.jpg,/kaggle/input/mvsasingle/MVSA_Single/data/1274.jpg,600,600,True,"dyedpretty
2w","[{'x': 90, 'y': 1}, {'x': 582, 'y': 1}, {'x': 582, 'y': 23}, {'x': 90, 'y': 23}]",22,492,neutral
1275.jpg,/kaggle/input/mvsasingle/MVSA_Single/data/1275.jpg,600,600,False,,[],0,0,positive
1276.jpg,/kaggle/input/mvsasingle/MVSA_Single/data/1276.jpg,1024,576,False,,[],0,0,positive
1277.jpg,/kaggle/input/mvsasingle/MVSA_Single/data/1277.jpg,600,600,True,"jwo
Em đã yêm anh, chỉ không anh, hãng môn ở bên em","[{'x': 33, 'y': 20}, {'x': 593, 'y': 20}, {'x': 593, 'y': 84}, {'x': 33, 'y': 84}]",64,560,neutral
1278.jpg,/kaggle/input/mvsasingle/MVSA_Single/data/1278.jpg,600,600,True,"M
J
A
OMOHAMEDALWAZZAN","[{'x': 6, 'y': 418}, {'x': 90, 'y': 418}, {'x': 90, 'y': 493}, {'x': 6, 'y': 493}]",75,84,positive
1279.jpg,/kaggle/input/mvsasingle/MVSA_Single/data/1279.jpg,399,599,True,Ch,"[{'x': 10, 'y': 373}, {'x': 29, 'y': 373}, {'x': 29, 'y': 383}, {'x': 10, 'y': 383}]",10,19,negative
128.jpg,/kaggle/input/mvsasingle/MVSA_Single/data/128.jpg,450,600,True,"Slono
111","[{'x': 264, 'y': 249}, {'x': 392, 'y': 249}, {'x': 392, 'y': 323}, {'x': 264, 'y': 323}]",74,128,negative
1280.jpg,/kaggle/input/mvsasingle/MVSA_Single/data/1280.jpg,450,600,True,22,"[{'x': 308, 'y': 26}, {'x': 317, 'y': 26}, {'x': 317, 'y': 44}, {'x': 308, 'y': 44}]",18,9,positive
1281.jpg,/kaggle/input/mvsasingle/MVSA_Single/data/1281.jpg,800,600,False,,[],0,0,positive
1282.jpg,/kaggle/input/mvsasingle/MVSA_Single/data/1282.jpg,238,570,True,"5+x-10
AJ-B
C","[{'x': 361, 'y': 24}, {'x': 542, 'y': 24}, {'x': 542, 'y': 237}, {'x': 361, 'y': 237}]",213,181,negative
1283.jpg,/kaggle/input/mvsasingle/MVSA_Single/data/1283.jpg,640,600,False,,[],0,0,positive
1284.jpg,/kaggle/input/mvsasingle/MVSA_Single/data/1284.jpg,800,600,False,,[],0,0,negative
1285.jpg,/kaggle/input/mvsasingle/MVSA_Single/data/1285.jpg,600,600,True,"1
10
C","[{'x': 84, 'y': 253}, {'x': 554, 'y': 253}, {'x': 554, 'y': 599}, {'x': 84, 'y': 599}]",346,470,negative
1286.jpg,/kaggle/input/mvsasingle/MVSA_Single/data/1286.jpg,651,500,False,,[],0,0,negative
1287.jpg,/kaggle/input/mvsasingle/MVSA_Single/data/1287.jpg,800,600,False,,[],0,0,positive
1288.jpg,/kaggle/input/mvsasingle/MVSA_Single/data/1288.jpg,387,600,False,,[],0,0,positive
1289.jpg,/kaggle/input/mvsasingle/MVSA_Single/data/1289.jpg,903,600,False,,[],0,0,negative
129.jpg,/kaggle/input/mvsasingle/MVSA_Single/data/129.jpg,800,600,False,,[],0,0,positive
1290.jpg,/kaggle/input/mvsasingle/MVSA_Single/data/1290.jpg,600,600,True,"oh! the Places
Go!
A NEW YORK TIMES BESTSELLER
""Thrilling, beautiful, and blisteringly smart,
We Were Liars is utterly unforgettable.""
-John Green, Neue Bork Times bestselling author of The Fault in Our Stars
e. lockhart
we
were
iars","[{'x': 9, 'y': 15}, {'x': 499, 'y': 15}, {'x': 499, 'y': 525}, {'x': 9, 'y': 525}]",510,490,positive
1291.jpg,/kaggle/input/mvsasingle/MVSA_Single/data/1291.jpg,399,599,False,,[],0,0,positive
1292.jpg,/kaggle/input/mvsasingle/MVSA_Single/data/1292.jpg,329,600,False,,[],0,0,negative
1293.jpg,/kaggle/input/mvsasingle/MVSA_Single/data/1293.jpg,333,504,False,,[],0,0,positive
1294.jpg,/kaggle/input/mvsasingle/MVSA_Single/data/1294.jpg,401,600,False,,[],0,0,positive
1295.jpg,/kaggle/input/mvsasingle/MVSA_Single/data/1295.jpg,600,600,True,B612,"[{'x': 453, 'y': 532}, {'x': 508, 'y': 532}, {'x': 508, 'y': 569}, {'x': 453, 'y': 569}]",37,55,neutral
1296.jpg,/kaggle/input/mvsasingle/MVSA_Single/data/1296.jpg,450,600,False,,[],0,0,negative
1297.jpg,/kaggle/input/mvsasingle/MVSA_Single/data/1297.jpg,1024,577,True,"oo SKT LTE
오후 2:41
66%
←
미쳐
4minute
1663
SOHYU
GAYOOK
CRAZY
6TH MINI ALBUM
4MINUTE
JIHYUN
JIYOOK
HYUNA
Look for the set of J
EQ
comar
chrom
CRAZY 따라 해
CRAZY 모두 다 미쳐
02:03
03:11 X
ΟΞ
K
II","[{'x': 20, 'y': 10}, {'x': 543, 'y': 10}, {'x': 543, 'y': 986}, {'x': 20, 'y': 986}]",976,523,positive
1298.jpg,/kaggle/input/mvsasingle/MVSA_Single/data/1298.jpg,800,600,True,"LEVEL
SECTION
ROW
SEAT
5
CLUB 137
E
3
CLUBSEATING
2014-15 BOSTON BRUINS DGARDE
37
CCM
THE
PREMIUM
CLUB
goulston&storrs
YOU'RE
IN
GAME 30 vs DALLAS
TUESDAY, FEB. 10, 2015 - 7:00
CLUB SEATING
LEVEL
SECTION
ROW
SEAT
5
CLUB 137
E
3
AR","[{'x': 138, 'y': 5}, {'x': 439, 'y': 5}, {'x': 439, 'y': 748}, {'x': 138, 'y': 748}]",743,301,negative
1299.jpg,/kaggle/input/mvsasingle/MVSA_Single/data/1299.jpg,397,565,True,ET,"[{'x': 551, 'y': 238}, {'x': 562, 'y': 238}, {'x': 562, 'y': 250}, {'x': 551, 'y': 250}]",12,11,negative
13.jpg,/kaggle/input/mvsasingle/MVSA_Single/data/13.jpg,800,600,True,"MELISSA LANDERS
MELISSA LANDERS
Alienated
A perfect blend of sizzling romance, action, and suspense.""
-New York Times #1 best-selling author Jennifer L. Armentrout
Invaded
an Alienated novel","[{'x': 50, 'y': 34}, {'x': 581, 'y': 34}, {'x': 581, 'y': 729}, {'x': 50, 'y': 729}]",695,531,neutral
130.jpg,/kaggle/input/mvsasingle/MVSA_Single/data/130.jpg,500,500,True,"Come to me
all you who are weary
and burdened
and I will give you rest.
Matthew 11:28 NIV
TodaysBible Verse.com
©2012 Christian.org","[{'x': 15, 'y': 18}, {'x': 495, 'y': 18}, {'x': 495, 'y': 494}, {'x': 15, 'y': 494}]",476,480,positive
1300.jpg,/kaggle/input/mvsasingle/MVSA_Single/data/1300.jpg,600,600,True,"USHL
USHL
20
ME
CAPITOLS
MARCARSHOCKEY FOM","[{'x': 158, 'y': 189}, {'x': 493, 'y': 189}, {'x': 493, 'y': 599}, {'x': 158, 'y': 599}]",410,335,positive
1301.jpg,/kaggle/input/mvsasingle/MVSA_Single/data/1301.jpg,960,540,True,"(Pod
515","[{'x': 72, 'y': 307}, {'x': 373, 'y': 307}, {'x': 373, 'y': 439}, {'x': 72, 'y': 439}]",132,301,positive
1302.jpg,/kaggle/input/mvsasingle/MVSA_Single/data/1302.jpg,800,600,True,305,"[{'x': 277, 'y': 349}, {'x': 296, 'y': 349}, {'x': 296, 'y': 395}, {'x': 277, 'y': 395}]",46,19,positive
1303.jpg,/kaggle/input/mvsasingle/MVSA_Single/data/1303.jpg,800,600,True,"Stors
M","[{'x': 393, 'y': 104}, {'x': 508, 'y': 104}, {'x': 508, 'y': 668}, {'x': 393, 'y': 668}]",564,115,neutral
1304.jpg,/kaggle/input/mvsasingle/MVSA_Single/data/1304.jpg,1024,576,False,,[],0,0,positive
1305.jpg,/kaggle/input/mvsasingle/MVSA_Single/data/1305.jpg,294,460,True,"ANCE
de BNR STAT
laca se ascund
su cui raspunde
CAND BANCA
NE MINTEA,
BNR
CLAR STIA","[{'x': 25, 'y': 27}, {'x': 282, 'y': 27}, {'x': 282, 'y': 181}, {'x': 25, 'y': 181}]",154,257,positive
1306.jpg,/kaggle/input/mvsasingle/MVSA_Single/data/1306.jpg,800,600,True,"EQUIR
EVANGELIZE
EFOUR
NEW HOPE","[{'x': 92, 'y': 56}, {'x': 575, 'y': 56}, {'x': 575, 'y': 771}, {'x': 92, 'y': 771}]",715,483,neutral
1307.jpg,/kaggle/input/mvsasingle/MVSA_Single/data/1307.jpg,520,460,True,"MY REACTION WHEN THE
DR ASKS
VIA 9GAG.COM
HOW MANY DRINKS I HAVE
A WEEK","[{'x': 16, 'y': 17}, {'x': 433, 'y': 17}, {'x': 433, 'y': 504}, {'x': 16, 'y': 504}]",487,417,negative
1308.jpg,/kaggle/input/mvsasingle/MVSA_Single/data/1308.jpg,447,599,True,"W
DUIW
DUIW
QUINQU
QUIW
QU","[{'x': 111, 'y': 239}, {'x': 518, 'y': 239}, {'x': 518, 'y': 398}, {'x': 111, 'y': 398}]",159,407,negative
1309.jpg,/kaggle/input/mvsasingle/MVSA_Single/data/1309.jpg,450,600,False,,[],0,0,positive
131.jpg,/kaggle/input/mvsasingle/MVSA_Single/data/131.jpg,439,600,True,[Right...],"[{'x': 256, 'y': 386}, {'x': 339, 'y': 386}, {'x': 339, 'y': 397}, {'x': 256, 'y': 397}]",11,83,negative
1310.jpg,/kaggle/input/mvsasingle/MVSA_Single/data/1310.jpg,631,599,True,"PAUL MITCHELL.
III
awapuhi
wild ginger
awapuhi
wild ginger
KERATIN
NTENSIVE TREATMEN
CHEN
wapuni
TRIPLEX
TREATMENT
MOL WTCHELL
Some 515 or
LMTOR","[{'x': 26, 'y': 37}, {'x': 541, 'y': 37}, {'x': 541, 'y': 566}, {'x': 26, 'y': 566}]",529,515,negative
1311.jpg,/kaggle/input/mvsasingle/MVSA_Single/data/1311.jpg,450,600,False,,[],0,0,negative
1312.jpg,/kaggle/input/mvsasingle/MVSA_Single/data/1312.jpg,432,600,False,,[],0,0,neutral
1313.jpg,/kaggle/input/mvsasingle/MVSA_Single/data/1313.jpg,600,600,True,"CHON PAGO
2014 2015
DAMAGED
Jordan
Suckley
MYSTIC","[{'x': 52, 'y': 31}, {'x': 526, 'y': 31}, {'x': 526, 'y': 576}, {'x': 52, 'y': 576}]",545,474,positive
1314.jpg,/kaggle/input/mvsasingle/MVSA_Single/data/1314.jpg,535,599,True,"besta
seller
best
seller best
BEST
SELLER
oved new & impro
seller,
&improved
improved
new
NEW &
IMPROVED
new & i
&improved
seller
best
as
seen in:
COSMOPOLITAN
BEAUTY
AWARDS
2014
TROPIC
Tamanu Healing Balm
Super intensive treatment
for scars&damaged skin
www.tropicskincare.co.uk/shop/deemcintosh","[{'x': 24, 'y': 16}, {'x': 554, 'y': 16}, {'x': 554, 'y': 502}, {'x': 24, 'y': 502}]",486,530,positive
1315.jpg,/kaggle/input/mvsasingle/MVSA_Single/data/1315.jpg,615,599,True,M,"[{'x': 463, 'y': 539}, {'x': 485, 'y': 539}, {'x': 485, 'y': 560}, {'x': 463, 'y': 560}]",21,22,neutral
1316.jpg,/kaggle/input/mvsasingle/MVSA_Single/data/1316.jpg,600,600,True,"TEAM
140","[{'x': 244, 'y': 324}, {'x': 288, 'y': 324}, {'x': 288, 'y': 355}, {'x': 244, 'y': 355}]",31,44,negative
1317.jpg,/kaggle/input/mvsasingle/MVSA_Single/data/1317.jpg,800,600,True,"Shojo Beat Manga
VA
Washington County Free Library
32395030225979
KNIGHT
HAG
FEB 2015
Story & Art by
Matsuri Hino","[{'x': 101, 'y': 86}, {'x': 487, 'y': 86}, {'x': 487, 'y': 730}, {'x': 101, 'y': 730}]",644,386,positive
1318.jpg,/kaggle/input/mvsasingle/MVSA_Single/data/1318.jpg,640,480,False,,[],0,0,neutral
1319.jpg,/kaggle/input/mvsasingle/MVSA_Single/data/1319.jpg,304,460,False,,[],0,0,positive
132.jpg,/kaggle/input/mvsasingle/MVSA_Single/data/132.jpg,700,500,False,,[],0,0,neutral
1320.jpg,/kaggle/input/mvsasingle/MVSA_Single/data/1320.jpg,919,600,True,MAG,"[{'x': 425, 'y': 470}, {'x': 547, 'y': 470}, {'x': 547, 'y': 535}, {'x': 425, 'y': 535}]",65,122,positive
1321.jpg,/kaggle/input/mvsasingle/MVSA_Single/data/1321.jpg,804,600,True,"SOJU
Music Club Live Bond
KUALA LUMPUR","[{'x': 156, 'y': 532}, {'x': 326, 'y': 532}, {'x': 326, 'y': 615}, {'x': 156, 'y': 615}]",83,170,positive
1322.jpg,/kaggle/input/mvsasingle/MVSA_Single/data/1322.jpg,600,600,True,"TRESemmé
USED BY PROFESSIONALS
TRESemmé
USED BY PROFESSIONALS
PLATINUM
STRENGTH
REPARIN
10
YEARS
TRESemmé
USED BY PROFESSIONALS
PLATINUM
STRENGTH
HEAT DEFENCE
STYLING SPRAY
wing complex
STRENGTHENING
CONDITIONER
SALON QUALITY
BAR
wing complex
STRENGTHENING
SHAMPOO
Le
MOTECTS
YEARS","[{'x': 124, 'y': 217}, {'x': 493, 'y': 217}, {'x': 493, 'y': 528}, {'x': 124, 'y': 528}]",311,369,neutral
1323.jpg,/kaggle/input/mvsasingle/MVSA_Single/data/1323.jpg,300,600,True,"मैं हूँ आम आदमी
HAND IN HAND,
AAM IN ARM?
Amul
Amul
CHIEF MASKA!
Folow us on:aul.coop.mu.com","[{'x': 15, 'y': 9}, {'x': 589, 'y': 9}, {'x': 589, 'y': 290}, {'x': 15, 'y': 290}]",281,574,negative
1324.jpg,/kaggle/input/mvsasingle/MVSA_Single/data/1324.jpg,800,600,True,"Mixed flowers
Choose a blend of shades from the same
palette, or an eclectic bunch of blooms
CORSAGE
HAIR CIRCLET
TABLECENTRE
500
Floral Designs
GROWERS & ACCESSORS
wwwweld","[{'x': 0, 'y': 26}, {'x': 536, 'y': 26}, {'x': 536, 'y': 766}, {'x': 0, 'y': 766}]",740,536,positive
1325.jpg,/kaggle/input/mvsasingle/MVSA_Single/data/1325.jpg,466,462,False,,[],0,0,negative
1326.jpg,/kaggle/input/mvsasingle/MVSA_Single/data/1326.jpg,397,599,False,,[],0,0,positive
1327.jpg,/kaggle/input/mvsasingle/MVSA_Single/data/1327.jpg,287,520,False,,[],0,0,positive
1328.jpg,/kaggle/input/mvsasingle/MVSA_Single/data/1328.jpg,337,599,True,"S
Sainsbury's
S.
was sus
WS
SNILDIMS
NO
sisbury
RESPECT
HONESTY
TO
TO
STOOL
GADES
TOM
Sainsbury's","[{'x': 5, 'y': 10}, {'x': 506, 'y': 10}, {'x': 506, 'y': 330}, {'x': 5, 'y': 330}]",320,501,negative
1329.jpg,/kaggle/input/mvsasingle/MVSA_Single/data/1329.jpg,600,600,False,,[],0,0,positive
133.jpg,/kaggle/input/mvsasingle/MVSA_Single/data/133.jpg,336,598,True,Damaged,"[{'x': 269, 'y': 112}, {'x': 310, 'y': 112}, {'x': 310, 'y': 129}, {'x': 269, 'y': 129}]",17,41,positive
1330.jpg,/kaggle/input/mvsasingle/MVSA_Single/data/1330.jpg,530,600,True,"City&
Guilds
APPROVED
CENTRE","[{'x': 191, 'y': 285}, {'x': 294, 'y': 285}, {'x': 294, 'y': 409}, {'x': 191, 'y': 409}]",124,103,negative
1331.jpg,/kaggle/input/mvsasingle/MVSA_Single/data/1331.jpg,282,460,False,,[],0,0,negative
1332.jpg,/kaggle/input/mvsasingle/MVSA_Single/data/1332.jpg,208,500,True,"You wear a mask for so long,
you forget who you were beneath it.","[{'x': 148, 'y': 172}, {'x': 351, 'y': 172}, {'x': 351, 'y': 201}, {'x': 148, 'y': 201}]",29,203,positive
1333.jpg,/kaggle/input/mvsasingle/MVSA_Single/data/1333.jpg,800,600,True,"100%
OFFE","[{'x': 53, 'y': 715}, {'x': 183, 'y': 715}, {'x': 183, 'y': 799}, {'x': 53, 'y': 799}]",84,130,negative
1334.jpg,/kaggle/input/mvsasingle/MVSA_Single/data/1334.jpg,600,600,True,ZON,"[{'x': 18, 'y': 351}, {'x': 67, 'y': 351}, {'x': 67, 'y': 382}, {'x': 18, 'y': 382}]",31,49,neutral
1335.jpg,/kaggle/input/mvsasingle/MVSA_Single/data/1335.jpg,600,600,False,,[],0,0,negative
1336.jpg,/kaggle/input/mvsasingle/MVSA_Single/data/1336.jpg,800,600,True,"SoView
slski hard. ride hard.
Be safe.
BUGGED","[{'x': 232, 'y': 182}, {'x': 572, 'y': 182}, {'x': 572, 'y': 378}, {'x': 232, 'y': 378}]",196,340,neutral
1337.jpg,/kaggle/input/mvsasingle/MVSA_Single/data/1337.jpg,371,500,True,"ANKEES
SUCK","[{'x': 233, 'y': 202}, {'x': 335, 'y': 202}, {'x': 335, 'y': 264}, {'x': 233, 'y': 264}]",62,102,negative
1338.jpg,/kaggle/input/mvsasingle/MVSA_Single/data/1338.jpg,383,396,True,"ANOREXIC
BROKEN
@theunknowngir
DON'T BE DECEIVED.
DYING
SUICIDAL
LONELY
DEPRESSED","[{'x': 0, 'y': 26}, {'x': 395, 'y': 26}, {'x': 395, 'y': 267}, {'x': 0, 'y': 267}]",241,395,positive
1339.jpg,/kaggle/input/mvsasingle/MVSA_Single/data/1339.jpg,750,500,True,"Don't worry about the people who hurt
or hate you, worry about the
people who love you, because that's where
your happiness is.
KUSHANDWIZDOM","[{'x': 92, 'y': 321}, {'x': 496, 'y': 321}, {'x': 496, 'y': 746}, {'x': 92, 'y': 746}]",425,404,negative
134.jpg,/kaggle/input/mvsasingle/MVSA_Single/data/134.jpg,600,600,True,"ARTUR ERITTAIN TULEN VNING EXTREMT STAR
POPPAMIES
150g
SYNKKÄ SALMIAKKI
TULINEN KARAMELLI
A g
23101
1721
Poppas PL 338
TERER S/Tyskland
6430034 019
pingviinikirjat
Olavi Paavolainen
Synkkä
/ksinpuhelu
eaminnen Synkkä yksinpuhelu","[{'x': 38, 'y': 97}, {'x': 531, 'y': 97}, {'x': 531, 'y': 461}, {'x': 38, 'y': 461}]",364,493,positive
1340.jpg,/kaggle/input/mvsasingle/MVSA_Single/data/1340.jpg,800,600,False,,[],0,0,neutral
1341.jpg,/kaggle/input/mvsasingle/MVSA_Single/data/1341.jpg,450,600,False,,[],0,0,negative
1342.jpg,/kaggle/input/mvsasingle/MVSA_Single/data/1342.jpg,600,600,False,,[],0,0,negative
1343.jpg,/kaggle/input/mvsasingle/MVSA_Single/data/1343.jpg,600,600,False,,[],0,0,negative
1344.jpg,/kaggle/input/mvsasingle/MVSA_Single/data/1344.jpg,600,600,True,"IF YOU BE MY STAR
I'LL BE YOUR SKY.","[{'x': 164, 'y': 132}, {'x': 488, 'y': 132}, {'x': 488, 'y': 197}, {'x': 164, 'y': 197}]",65,324,negative
1345.jpg,/kaggle/input/mvsasingle/MVSA_Single/data/1345.jpg,315,504,True,"carrienet™
LICENSED ONLINE THERAPY
www.carienet.com
facebook.com/carriemusgrove
I fantasize about not telling anyone
and going off to some random place...
and I'd just disappear and they'd
never see me again.","[{'x': 18, 'y': 17}, {'x': 446, 'y': 17}, {'x': 446, 'y': 306}, {'x': 18, 'y': 306}]",289,428,negative
1346.jpg,/kaggle/input/mvsasingle/MVSA_Single/data/1346.jpg,330,600,True,"Sometimes What
Keeps Us Righteous
& Close To God Is
Our Many Afflictions!
Psalms 34:19","[{'x': 21, 'y': 52}, {'x': 333, 'y': 52}, {'x': 333, 'y': 218}, {'x': 21, 'y': 218}]",166,312,positive
1347.jpg,/kaggle/input/mvsasingle/MVSA_Single/data/1347.jpg,292,403,True,"Words hurt.
MORON
PRAINS
worthless
TV HL SIS
fool
spoile","[{'x': 4, 'y': 124}, {'x': 397, 'y': 124}, {'x': 397, 'y': 291}, {'x': 4, 'y': 291}]",167,393,positive
1348.jpg,/kaggle/input/mvsasingle/MVSA_Single/data/1348.jpg,486,324,False,,[],0,0,negative
1349.jpg,/kaggle/input/mvsasingle/MVSA_Single/data/1349.jpg,600,600,False,,[],0,0,negative
135.jpg,/kaggle/input/mvsasingle/MVSA_Single/data/135.jpg,399,599,True,REVOLT,"[{'x': 232, 'y': 8}, {'x': 293, 'y': 8}, {'x': 293, 'y': 24}, {'x': 232, 'y': 24}]",16,61,positive
1350.jpg,/kaggle/input/mvsasingle/MVSA_Single/data/1350.jpg,306,400,True,Ove,"[{'x': 179, 'y': 146}, {'x': 245, 'y': 146}, {'x': 245, 'y': 165}, {'x': 179, 'y': 165}]",19,66,negative
1351.jpg,/kaggle/input/mvsasingle/MVSA_Single/data/1351.jpg,600,600,True,Enua,"[{'x': 221, 'y': 412}, {'x': 279, 'y': 412}, {'x': 279, 'y': 457}, {'x': 221, 'y': 457}]",45,58,positive
1352.jpg,/kaggle/input/mvsasingle/MVSA_Single/data/1352.jpg,450,600,False,,[],0,0,positive
1353.jpg,/kaggle/input/mvsasingle/MVSA_Single/data/1353.jpg,450,600,False,,[],0,0,positive
1354.jpg,/kaggle/input/mvsasingle/MVSA_Single/data/1354.jpg,400,600,True,"Take all the time you
need to heal emotionally
Moving on doesn't take a day,
it takes a lot of little steps
to be able to break free of
your broken self
carrienet
LICENSED ONLINE THERAPY
www.carrienet.com","[{'x': 5, 'y': 11}, {'x': 580, 'y': 11}, {'x': 580, 'y': 391}, {'x': 5, 'y': 391}]",380,575,neutral
1355.jpg,/kaggle/input/mvsasingle/MVSA_Single/data/1355.jpg,658,500,True,"gho realized her Courage
was standing
Tight in
front of
hor
and
So
she
took
it by
the
hand
Created Life she
a
Loved","[{'x': 44, 'y': 38}, {'x': 385, 'y': 38}, {'x': 385, 'y': 623}, {'x': 44, 'y': 623}]",585,341,positive
1356.jpg,/kaggle/input/mvsasingle/MVSA_Single/data/1356.jpg,224,526,True,"carrienet
LICENSED ONLINE THERAPY
www.cament.com
facebook.com/carriemusgrove
""Someone is always hurting
worse than you, but that does
not lessen your pain. There is no
shame in feeling bad. If you are
hurting, be good to yourself. You
deserve happiness as much as
anyone. Do what YOU need to do.
Be happy. Be healthy.""
~Carrie","[{'x': 12, 'y': 31}, {'x': 499, 'y': 31}, {'x': 499, 'y': 212}, {'x': 12, 'y': 212}]",181,487,negative
1357.jpg,/kaggle/input/mvsasingle/MVSA_Single/data/1357.jpg,904,599,True,"Super Cool
#Spoonies Rule
@osaxy
HUGS & LOVE","[{'x': 22, 'y': 17}, {'x': 576, 'y': 17}, {'x': 576, 'y': 866}, {'x': 22, 'y': 866}]",849,554,positive
1358.jpg,/kaggle/input/mvsasingle/MVSA_Single/data/1358.jpg,282,420,True,"carrienet
LICENSED ONLINE THERAPY
www.cam.com
facebook cawamamag
i miss you...
IM","[{'x': 42, 'y': 0}, {'x': 412, 'y': 0}, {'x': 412, 'y': 203}, {'x': 42, 'y': 203}]",203,370,negative
1359.jpg,/kaggle/input/mvsasingle/MVSA_Single/data/1359.jpg,291,599,False,,[],0,0,positive
136.jpg,/kaggle/input/mvsasingle/MVSA_Single/data/136.jpg,845,600,False,,[],0,0,negative
1360.jpg,/kaggle/input/mvsasingle/MVSA_Single/data/1360.jpg,600,600,False,,[],0,0,positive
1361.jpg,/kaggle/input/mvsasingle/MVSA_Single/data/1361.jpg,449,599,True,"Intuition
(in-tu-i-shen) Noun;
1. A natural ability or power that
makes it possible to know some-
thing without any proof or
evidence.
2. Quick and ready insight.
3. A feeling that guides a person to
act a certain way without fully
understanding why.
www.carrienet.com","[{'x': 18, 'y': 18}, {'x': 423, 'y': 18}, {'x': 423, 'y': 434}, {'x': 18, 'y': 434}]",416,405,positive
1362.jpg,/kaggle/input/mvsasingle/MVSA_Single/data/1362.jpg,578,600,True,"YOU DON'T HAVE TO
LOOK LIKE YOU HAVE
AN EATING DISORDER
TO HAVE ONE.","[{'x': 117, 'y': 9}, {'x': 473, 'y': 9}, {'x': 473, 'y': 237}, {'x': 117, 'y': 237}]",228,356,neutral
1363.jpg,/kaggle/input/mvsasingle/MVSA_Single/data/1363.jpg,800,600,True,"THE FACU
bbc.co.uk/getinspi
THE FA
THE FA CUP
William HILL
THE FA CUP
bbc.co.uk/getinspired
Reading manager Steve Cotterill
reveals his lucky charm","[{'x': 60, 'y': 113}, {'x': 597, 'y': 113}, {'x': 597, 'y': 628}, {'x': 60, 'y': 628}]",515,537,positive
1364.jpg,/kaggle/input/mvsasingle/MVSA_Single/data/1364.jpg,756,506,True,"Copyrighted Material
Depression and
Bipolar Disorder
Your Guide to Recovery
Understand biological and psychological causes
Become empowered to take charge of your recovery
Find the best treatment approach for your situation
William R. Marchand, MD
Copyrighted Mata","[{'x': 38, 'y': 17}, {'x': 468, 'y': 17}, {'x': 468, 'y': 743}, {'x': 38, 'y': 743}]",726,430,positive
1365.jpg,/kaggle/input/mvsasingle/MVSA_Single/data/1365.jpg,375,599,False,,[],0,0,positive
1366.jpg,/kaggle/input/mvsasingle/MVSA_Single/data/1366.jpg,450,600,True,"8500170 AP11089
SA","[{'x': 291, 'y': 193}, {'x': 320, 'y': 193}, {'x': 320, 'y': 367}, {'x': 291, 'y': 367}]",174,29,positive
1367.jpg,/kaggle/input/mvsasingle/MVSA_Single/data/1367.jpg,600,600,True,Ojmerrickvideo,"[{'x': 434, 'y': 571}, {'x': 566, 'y': 571}, {'x': 566, 'y': 587}, {'x': 434, 'y': 587}]",16,132,positive
1368.jpg,/kaggle/input/mvsasingle/MVSA_Single/data/1368.jpg,600,600,False,,[],0,0,positive
1369.jpg,/kaggle/input/mvsasingle/MVSA_Single/data/1369.jpg,591,443,True,"They Feed
Each
Other!
Maria Menounos
and boyfriend Kevin
Undergaro ate Breyers
Gelato Indulgences
in L.A. Jan. 22.
STA
THE
JUS","[{'x': 23, 'y': 212}, {'x': 442, 'y': 212}, {'x': 442, 'y': 590}, {'x': 23, 'y': 590}]",378,419,positive
137.jpg,/kaggle/input/mvsasingle/MVSA_Single/data/137.jpg,800,600,True,"TURTLES
TURTLES
PINK
K
PAY
UC
L","[{'x': 231, 'y': 256}, {'x': 599, 'y': 256}, {'x': 599, 'y': 636}, {'x': 231, 'y': 636}]",380,368,negative
1370.jpg,/kaggle/input/mvsasingle/MVSA_Single/data/1370.jpg,800,600,True,"GOLD
TAKING BACK SUNDAY
Tell all your friends
152
VICTORY
RECORDS","[{'x': 124, 'y': 14}, {'x': 564, 'y': 14}, {'x': 564, 'y': 343}, {'x': 124, 'y': 343}]",329,440,neutral
1371.jpg,/kaggle/input/mvsasingle/MVSA_Single/data/1371.jpg,451,306,True,Allstar Cinetext/LUCASFILM,"[{'x': 16, 'y': 439}, {'x': 176, 'y': 439}, {'x': 176, 'y': 448}, {'x': 16, 'y': 448}]",9,160,negative
1372.jpg,/kaggle/input/mvsasingle/MVSA_Single/data/1372.jpg,337,599,True,15,"[{'x': 501, 'y': 106}, {'x': 520, 'y': 106}, {'x': 520, 'y': 127}, {'x': 501, 'y': 127}]",21,19,positive
1373.jpg,/kaggle/input/mvsasingle/MVSA_Single/data/1373.jpg,655,599,False,,[],0,0,neutral
1374.jpg,/kaggle/input/mvsasingle/MVSA_Single/data/1374.jpg,600,600,False,,[],0,0,negative
1375.jpg,/kaggle/input/mvsasingle/MVSA_Single/data/1375.jpg,600,600,True,"I HAVE NO IDEA
WHAT IAM DOING
Make a Meme+","[{'x': 46, 'y': 37}, {'x': 595, 'y': 37}, {'x': 595, 'y': 595}, {'x': 46, 'y': 595}]",558,549,positive
1376.jpg,/kaggle/input/mvsasingle/MVSA_Single/data/1376.jpg,800,600,False,,[],0,0,positive
1377.jpg,/kaggle/input/mvsasingle/MVSA_Single/data/1377.jpg,600,600,False,,[],0,0,positive
1378.jpg,/kaggle/input/mvsasingle/MVSA_Single/data/1378.jpg,397,479,False,,[],0,0,neutral
1379.jpg,/kaggle/input/mvsasingle/MVSA_Single/data/1379.jpg,600,600,False,,[],0,0,positive
138.jpg,/kaggle/input/mvsasingle/MVSA_Single/data/138.jpg,600,600,False,,[],0,0,neutral
1380.jpg,/kaggle/input/mvsasingle/MVSA_Single/data/1380.jpg,426,599,False,,[],0,0,negative
1381.jpg,/kaggle/input/mvsasingle/MVSA_Single/data/1381.jpg,886,599,True,"nal
tional
tival""
tif","[{'x': 0, 'y': 16}, {'x': 598, 'y': 16}, {'x': 598, 'y': 341}, {'x': 0, 'y': 341}]",325,598,neutral
1382.jpg,/kaggle/input/mvsasingle/MVSA_Single/data/1382.jpg,520,520,True,"AGANT
MICHAEL
RS
60
10","[{'x': 190, 'y': 33}, {'x': 461, 'y': 33}, {'x': 461, 'y': 337}, {'x': 190, 'y': 337}]",304,271,positive
1383.jpg,/kaggle/input/mvsasingle/MVSA_Single/data/1383.jpg,499,376,False,,[],0,0,neutral
1384.jpg,/kaggle/input/mvsasingle/MVSA_Single/data/1384.jpg,600,600,False,,[],0,0,neutral
1385.jpg,/kaggle/input/mvsasingle/MVSA_Single/data/1385.jpg,600,600,False,,[],0,0,negative
1386.jpg,/kaggle/input/mvsasingle/MVSA_Single/data/1386.jpg,950,570,True,Twitter,"[{'x': 535, 'y': 940}, {'x': 566, 'y': 940}, {'x': 566, 'y': 947}, {'x': 535, 'y': 947}]",7,31,positive
1387.jpg,/kaggle/input/mvsasingle/MVSA_Single/data/1387.jpg,800,600,True,"ARY
PAL NETWORK
श","[{'x': 0, 'y': 389}, {'x': 351, 'y': 389}, {'x': 351, 'y': 527}, {'x': 0, 'y': 527}]",138,351,positive
1388.jpg,/kaggle/input/mvsasingle/MVSA_Single/data/1388.jpg,914,600,False,,[],0,0,neutral
1389.jpg,/kaggle/input/mvsasingle/MVSA_Single/data/1389.jpg,337,599,False,,[],0,0,positive
139.jpg,/kaggle/input/mvsasingle/MVSA_Single/data/139.jpg,100,70,False,,[],0,0,positive
1390.jpg,/kaggle/input/mvsasingle/MVSA_Single/data/1390.jpg,800,600,True,"naar
Fully Revised Fourth Edition
THE NEW OXFORD
ANNOTATED BIBLE
New Revised
Standard Version
With The Apocrypha
College Edition
An Ecumenical Study Bible
a
erte","[{'x': 202, 'y': 2}, {'x': 599, 'y': 2}, {'x': 599, 'y': 499}, {'x': 202, 'y': 499}]",497,397,neutral
1391.jpg,/kaggle/input/mvsasingle/MVSA_Single/data/1391.jpg,800,600,False,,[],0,0,neutral
1392.jpg,/kaggle/input/mvsasingle/MVSA_Single/data/1392.jpg,800,600,False,,[],0,0,positive
1393.jpg,/kaggle/input/mvsasingle/MVSA_Single/data/1393.jpg,399,599,False,,[],0,0,positive
1394.jpg,/kaggle/input/mvsasingle/MVSA_Single/data/1394.jpg,800,600,False,,[],0,0,positive
1395.jpg,/kaggle/input/mvsasingle/MVSA_Single/data/1395.jpg,450,600,False,,[],0,0,positive
1396.jpg,/kaggle/input/mvsasingle/MVSA_Single/data/1396.jpg,407,600,False,,[],0,0,negative
1397.jpg,/kaggle/input/mvsasingle/MVSA_Single/data/1397.jpg,620,599,True,"INTERNATIONAL NEW YORK TIMES
WHY
SHOULD MY
TAXES PAY
FOR ROADS
AND BRIDGES
?
DDDDDDD
WHEN I
DON'T REALLY
USE THEM?
sola1214 mbg hours):90901
CHAPPATTE","[{'x': 12, 'y': 49}, {'x': 595, 'y': 49}, {'x': 595, 'y': 558}, {'x': 12, 'y': 558}]",509,583,positive
1398.jpg,/kaggle/input/mvsasingle/MVSA_Single/data/1398.jpg,600,600,False,,[],0,0,positive
1399.jpg,/kaggle/input/mvsasingle/MVSA_Single/data/1399.jpg,557,459,True,I WON'T EAT.,"[{'x': 68, 'y': 225}, {'x': 400, 'y': 225}, {'x': 400, 'y': 269}, {'x': 68, 'y': 269}]",44,332,positive
14.jpg,/kaggle/input/mvsasingle/MVSA_Single/data/14.jpg,800,600,True,"MAIN
STAGE
pennis
WAY
ForD
อาย","[{'x': 120, 'y': 245}, {'x': 547, 'y': 245}, {'x': 547, 'y': 427}, {'x': 120, 'y': 427}]",182,427,positive
140.jpg,/kaggle/input/mvsasingle/MVSA_Single/data/140.jpg,199,599,False,,[],0,0,positive
1400.jpg,/kaggle/input/mvsasingle/MVSA_Single/data/1400.jpg,450,600,True,"LYCEUM
DISGRACED
DISGRACED","[{'x': 1, 'y': 63}, {'x': 445, 'y': 63}, {'x': 445, 'y': 304}, {'x': 1, 'y': 304}]",241,444,negative
1401.jpg,/kaggle/input/mvsasingle/MVSA_Single/data/1401.jpg,450,600,True,"A special Prada project created exclusively for LOVE.
in which Kim Kardashian West wears the new spring collection
alongside spring/summer 2012 pieces remade in this season's fabrics
and archive Prada and Miu Miu
""I like to see my clothes worn in a different way on someone unexpected.""
says Miuccia Prada
KIM
WEARS
PRADA","[{'x': 14, 'y': 49}, {'x': 269, 'y': 49}, {'x': 269, 'y': 301}, {'x': 14, 'y': 301}]",252,255,neutral
1402.jpg,/kaggle/input/mvsasingle/MVSA_Single/data/1402.jpg,450,600,False,,[],0,0,negative
1403.jpg,/kaggle/input/mvsasingle/MVSA_Single/data/1403.jpg,847,600,True,"2013
Winner
PULITZER
Prize
Drama
BY AYAD AKHTAR
DISGRACED
NORMAN STEHR | BRONWYNN
MERTZ-PENZINGER | LYNNE ANN
WILLIAMS | DAVE
DAVID A. RODRIGUEZ
MOSKIN |
Director: Joanna Godwin-Seidl
vienna
Premiere 9. February 2015
Further shows 10. February until 21. February 2015
Theater Drachengasse Bar & Co
Fleischmarkt 22, 1010 Wien
Tickets: Tel.: 01/5131444, Mail: karten@drachengasse.at
Online: www.drachengasse.at/karten.asp
WWW.VIENNATHEATREPROJECT.COM
BAR
theatre & CO
projectENGASSE
THEATER
Couch SOXESOTA
Tere
9000
Photo Marcel Jatr","[{'x': 15, 'y': 26}, {'x': 593, 'y': 26}, {'x': 593, 'y': 841}, {'x': 15, 'y': 841}]",815,578,negative
1404.jpg,/kaggle/input/mvsasingle/MVSA_Single/data/1404.jpg,600,600,True,"ROONEY MARA is TIGER LILY
IT'LL MAKE YOU FALL IN LOVE WITH
RACISM ALL OVER AGAIN.
EVERY
LEGEND HAS
A BEGINNING.
PAN
SUMMER 2015","[{'x': 214, 'y': 37}, {'x': 378, 'y': 37}, {'x': 378, 'y': 543}, {'x': 214, 'y': 543}]",506,164,negative
1405.jpg,/kaggle/input/mvsasingle/MVSA_Single/data/1405.jpg,600,600,True,MATTR,"[{'x': 80, 'y': 177}, {'x': 90, 'y': 177}, {'x': 90, 'y': 219}, {'x': 80, 'y': 219}]",42,10,negative
1406.jpg,/kaggle/input/mvsasingle/MVSA_Single/data/1406.jpg,373,599,False,,[],0,0,negative
1407.jpg,/kaggle/input/mvsasingle/MVSA_Single/data/1407.jpg,450,600,True,mark harris (mark nick@yahoo.com),"[{'x': 274, 'y': 414}, {'x': 571, 'y': 414}, {'x': 571, 'y': 432}, {'x': 274, 'y': 432}]",18,297,positive
1408.jpg,/kaggle/input/mvsasingle/MVSA_Single/data/1408.jpg,720,405,True,"Pelecking & Delicior
Flavored
San Miguel
Apple
Mon
Beer","[{'x': 163, 'y': 42}, {'x': 273, 'y': 42}, {'x': 273, 'y': 146}, {'x': 163, 'y': 146}]",104,110,positive
1409.jpg,/kaggle/input/mvsasingle/MVSA_Single/data/1409.jpg,600,600,False,,[],0,0,negative
141.jpg,/kaggle/input/mvsasingle/MVSA_Single/data/141.jpg,600,600,True,Pioneer,"[{'x': 465, 'y': 490}, {'x': 592, 'y': 490}, {'x': 592, 'y': 509}, {'x': 465, 'y': 509}]",19,127,positive
1410.jpg,/kaggle/input/mvsasingle/MVSA_Single/data/1410.jpg,435,600,True,Sein Dogganseandoggan.com,"[{'x': 434, 'y': 415}, {'x': 541, 'y': 415}, {'x': 541, 'y': 423}, {'x': 434, 'y': 423}]",8,107,negative
1411.jpg,/kaggle/input/mvsasingle/MVSA_Single/data/1411.jpg,600,600,True,"VII VII
XXX
XI XII","[{'x': 191, 'y': 161}, {'x': 307, 'y': 161}, {'x': 307, 'y': 352}, {'x': 191, 'y': 352}]",191,116,negative
1412.jpg,/kaggle/input/mvsasingle/MVSA_Single/data/1412.jpg,337,599,False,,[],0,0,negative
1413.jpg,/kaggle/input/mvsasingle/MVSA_Single/data/1413.jpg,738,554,False,,[],0,0,negative
1414.jpg,/kaggle/input/mvsasingle/MVSA_Single/data/1414.jpg,600,600,True,"ত
Want
You
To
Know
RHEA FRANCANI","[{'x': 15, 'y': 60}, {'x': 581, 'y': 60}, {'x': 581, 'y': 584}, {'x': 15, 'y': 584}]",524,566,positive
1415.jpg,/kaggle/input/mvsasingle/MVSA_Single/data/1415.jpg,337,599,False,,[],0,0,positive
1416.jpg,/kaggle/input/mvsasingle/MVSA_Single/data/1416.jpg,600,600,False,,[],0,0,positive
1417.jpg,/kaggle/input/mvsasingle/MVSA_Single/data/1417.jpg,450,600,False,,[],0,0,positive
1418.jpg,/kaggle/input/mvsasingle/MVSA_Single/data/1418.jpg,600,600,True,"m
cseresznye
Hathoz
oklorid
megfázás
enyhítésére
tásra
s enyhítésére
ra","[{'x': 0, 'y': 12}, {'x': 216, 'y': 12}, {'x': 216, 'y': 540}, {'x': 0, 'y': 540}]",528,216,negative
1419.jpg,/kaggle/input/mvsasingle/MVSA_Single/data/1419.jpg,1024,576,False,,[],0,0,positive
142.jpg,/kaggle/input/mvsasingle/MVSA_Single/data/142.jpg,256,256,True,g+,"[{'x': 57, 'y': 64}, {'x': 186, 'y': 64}, {'x': 186, 'y': 186}, {'x': 57, 'y': 186}]",122,129,negative
1420.jpg,/kaggle/input/mvsasingle/MVSA_Single/data/1420.jpg,600,600,True,SEM,"[{'x': 131, 'y': 0}, {'x': 302, 'y': 0}, {'x': 302, 'y': 70}, {'x': 131, 'y': 70}]",70,171,positive
1421.jpg,/kaggle/input/mvsasingle/MVSA_Single/data/1421.jpg,592,592,True,"10
A child can teach
us three things:
1] To be happy
for no reason
2] To always be
curious
3] To fight
tirelessly for
something
Paulo Coelho","[{'x': 253, 'y': 54}, {'x': 571, 'y': 54}, {'x': 571, 'y': 571}, {'x': 253, 'y': 571}]",517,318,positive
1422.jpg,/kaggle/input/mvsasingle/MVSA_Single/data/1422.jpg,600,600,False,,[],0,0,positive
1423.jpg,/kaggle/input/mvsasingle/MVSA_Single/data/1423.jpg,600,600,True,"5 SECONDS
OF SUMMER
rock
OUT
A
with your
SOCKS
Out
2015
LA","[{'x': 97, 'y': 43}, {'x': 582, 'y': 43}, {'x': 582, 'y': 581}, {'x': 97, 'y': 581}]",538,485,negative
1424.jpg,/kaggle/input/mvsasingle/MVSA_Single/data/1424.jpg,600,600,False,,[],0,0,positive
1425.jpg,/kaggle/input/mvsasingle/MVSA_Single/data/1425.jpg,600,600,True,EIN,"[{'x': 332, 'y': 368}, {'x': 373, 'y': 368}, {'x': 373, 'y': 398}, {'x': 332, 'y': 398}]",30,41,positive
1426.jpg,/kaggle/input/mvsasingle/MVSA_Single/data/1426.jpg,450,600,False,,[],0,0,positive
1427.jpg,/kaggle/input/mvsasingle/MVSA_Single/data/1427.jpg,600,600,True,"זיון
FRANKIE
(Pankibelle) MUA","[{'x': 4, 'y': 4}, {'x': 569, 'y': 4}, {'x': 569, 'y': 269}, {'x': 4, 'y': 269}]",265,565,positive
1428.jpg,/kaggle/input/mvsasingle/MVSA_Single/data/1428.jpg,596,600,False,,[],0,0,positive
1429.jpg,/kaggle/input/mvsasingle/MVSA_Single/data/1429.jpg,800,600,True,PIN,"[{'x': 304, 'y': 737}, {'x': 320, 'y': 737}, {'x': 320, 'y': 747}, {'x': 304, 'y': 747}]",10,16,negative
143.jpg,/kaggle/input/mvsasingle/MVSA_Single/data/143.jpg,369,600,True,"A ""flash crash"" or some other
extreme market fluctuation can't
hurt an investor any more than an
erratic and mouthy neighbor can
hurt my farm investment.
Indeed, tumbling markets can be
helpful to the true investor if he
has cash available when prices
get far out of line with values.
A climate of fear is your friend
when investing; a euphoric world
is your enemy.
Warren Buffett
@EdMatts","[{'x': 13, 'y': 21}, {'x': 259, 'y': 21}, {'x': 259, 'y': 341}, {'x': 13, 'y': 341}]",320,246,positive
1430.jpg,/kaggle/input/mvsasingle/MVSA_Single/data/1430.jpg,337,599,True,"R CANADA
nterprise
2
8200
(icaCola","[{'x': 4, 'y': 103}, {'x': 530, 'y': 103}, {'x': 530, 'y': 168}, {'x': 4, 'y': 168}]",65,526,positive
1431.jpg,/kaggle/input/mvsasingle/MVSA_Single/data/1431.jpg,720,480,True,"HEY KANYE
CALIN
lack
Solie
F
RUMQURUM
PRAY TO GOD
THAT I NEVER WIN A GRAMMY","[{'x': 49, 'y': 20}, {'x': 439, 'y': 20}, {'x': 439, 'y': 699}, {'x': 49, 'y': 699}]",679,390,positive
1432.jpg,/kaggle/input/mvsasingle/MVSA_Single/data/1432.jpg,550,498,False,,[],0,0,neutral
1433.jpg,/kaggle/input/mvsasingle/MVSA_Single/data/1433.jpg,600,600,True,"Me 3
Esmu
You were the beat of my 3.
TRUE","[{'x': 47, 'y': 34}, {'x': 570, 'y': 34}, {'x': 570, 'y': 577}, {'x': 47, 'y': 577}]",543,523,negative
1434.jpg,/kaggle/input/mvsasingle/MVSA_Single/data/1434.jpg,800,600,True,B 6 12,"[{'x': 442, 'y': 747}, {'x': 574, 'y': 747}, {'x': 574, 'y': 772}, {'x': 442, 'y': 772}]",25,132,negative
1435.jpg,/kaggle/input/mvsasingle/MVSA_Single/data/1435.jpg,600,600,True,nnr,"[{'x': 0, 'y': 203}, {'x': 54, 'y': 203}, {'x': 54, 'y': 217}, {'x': 0, 'y': 217}]",14,54,negative
1436.jpg,/kaggle/input/mvsasingle/MVSA_Single/data/1436.jpg,409,599,True,"OBAMA
RE
PELOSI","[{'x': 95, 'y': 16}, {'x': 549, 'y': 16}, {'x': 549, 'y': 176}, {'x': 95, 'y': 176}]",160,454,positive
1437.jpg,/kaggle/input/mvsasingle/MVSA_Single/data/1437.jpg,400,600,True,Mendo Blav,"[{'x': 528, 'y': 9}, {'x': 587, 'y': 9}, {'x': 587, 'y': 18}, {'x': 528, 'y': 18}]",9,59,positive
1438.jpg,/kaggle/input/mvsasingle/MVSA_Single/data/1438.jpg,600,600,True,bill morris,"[{'x': 489, 'y': 574}, {'x': 585, 'y': 574}, {'x': 585, 'y': 587}, {'x': 489, 'y': 587}]",13,96,negative
1439.jpg,/kaggle/input/mvsasingle/MVSA_Single/data/1439.jpg,800,600,True,EMERGENCY EXIT BREAK GLASS,"[{'x': 57, 'y': 61}, {'x': 203, 'y': 61}, {'x': 203, 'y': 76}, {'x': 57, 'y': 76}]",15,146,positive
144.jpg,/kaggle/input/mvsasingle/MVSA_Single/data/144.jpg,384,600,True,"Q
ONLY","[{'x': 0, 'y': 87}, {'x': 196, 'y': 87}, {'x': 196, 'y': 244}, {'x': 0, 'y': 244}]",157,196,positive
1440.jpg,/kaggle/input/mvsasingle/MVSA_Single/data/1440.jpg,600,600,False,,[],0,0,positive
1441.jpg,/kaggle/input/mvsasingle/MVSA_Single/data/1441.jpg,600,600,False,,[],0,0,positive
1442.jpg,/kaggle/input/mvsasingle/MVSA_Single/data/1442.jpg,600,600,True,"by: Jonaxx
""I've seen Noah in all his naked
glory but this Noah in front of me
right now is scary hot.""
from WORTHLESS
jonaxx
wattpad
Available on Android and iOS","[{'x': 74, 'y': 0}, {'x': 528, 'y': 0}, {'x': 528, 'y': 575}, {'x': 74, 'y': 575}]",575,454,positive
1443.jpg,/kaggle/input/mvsasingle/MVSA_Single/data/1443.jpg,400,599,False,,[],0,0,positive
1444.jpg,/kaggle/input/mvsasingle/MVSA_Single/data/1444.jpg,1024,576,False,,[],0,0,positive
1445.jpg,/kaggle/input/mvsasingle/MVSA_Single/data/1445.jpg,800,600,True,"29 Hopd
O
la 138 pla","[{'x': 4, 'y': 555}, {'x': 370, 'y': 555}, {'x': 370, 'y': 596}, {'x': 4, 'y': 596}]",41,366,positive
1446.jpg,/kaggle/input/mvsasingle/MVSA_Single/data/1446.jpg,800,600,True,"Ctrl
CHOBANI","[{'x': 42, 'y': 458}, {'x': 254, 'y': 458}, {'x': 254, 'y': 768}, {'x': 42, 'y': 768}]",310,212,positive
1447.jpg,/kaggle/input/mvsasingle/MVSA_Single/data/1447.jpg,368,491,False,,[],0,0,positive
1448.jpg,/kaggle/input/mvsasingle/MVSA_Single/data/1448.jpg,260,346,False,,[],0,0,positive
1449.jpg,/kaggle/input/mvsasingle/MVSA_Single/data/1449.jpg,600,600,False,,[],0,0,positive
145.jpg,/kaggle/input/mvsasingle/MVSA_Single/data/145.jpg,600,600,False,,[],0,0,neutral
1450.jpg,/kaggle/input/mvsasingle/MVSA_Single/data/1450.jpg,750,535,True,SPA,"[{'x': 388, 'y': 378}, {'x': 446, 'y': 378}, {'x': 446, 'y': 435}, {'x': 388, 'y': 435}]",57,58,positive
1451.jpg,/kaggle/input/mvsasingle/MVSA_Single/data/1451.jpg,600,600,False,,[],0,0,positive
1452.jpg,/kaggle/input/mvsasingle/MVSA_Single/data/1452.jpg,600,600,True,"Hazel Tree Photography
With Emily Sisk
Welcome Home, Ezra! *Sneak Peek* Oct 13,
2014
View Full Size Send as Message · Report
Photo","[{'x': 81, 'y': 408}, {'x': 529, 'y': 408}, {'x': 529, 'y': 591}, {'x': 81, 'y': 591}]",183,448,neutral
1453.jpg,/kaggle/input/mvsasingle/MVSA_Single/data/1453.jpg,450,600,True,"Mr & Mrs Grundling
BMW X5","[{'x': 36, 'y': 29}, {'x': 545, 'y': 29}, {'x': 545, 'y': 407}, {'x': 36, 'y': 407}]",378,509,positive
1454.jpg,/kaggle/input/mvsasingle/MVSA_Single/data/1454.jpg,600,600,True,LET,"[{'x': 49, 'y': 331}, {'x': 81, 'y': 331}, {'x': 81, 'y': 345}, {'x': 49, 'y': 345}]",14,32,positive
1455.jpg,/kaggle/input/mvsasingle/MVSA_Single/data/1455.jpg,332,500,False,,[],0,0,positive
1456.jpg,/kaggle/input/mvsasingle/MVSA_Single/data/1456.jpg,842,484,True,"2000 BC
2000 AD","[{'x': 108, 'y': 29}, {'x': 304, 'y': 29}, {'x': 304, 'y': 486}, {'x': 108, 'y': 486}]",457,196,positive
1457.jpg,/kaggle/input/mvsasingle/MVSA_Single/data/1457.jpg,1032,581,True,"Welcom
forty
Perry Timms
adju
W
People & Transform
Changing the world of work: one c
HR: The Chang
People Pow
and a new form of
#GivebackUK","[{'x': 41, 'y': 0}, {'x': 580, 'y': 0}, {'x': 580, 'y': 527}, {'x': 41, 'y': 527}]",527,539,positive
1458.jpg,/kaggle/input/mvsasingle/MVSA_Single/data/1458.jpg,401,600,False,,[],0,0,neutral
1459.jpg,/kaggle/input/mvsasingle/MVSA_Single/data/1459.jpg,337,599,True,"HE MOVEMENT
DEVENTS HUMAN MENTA
TO A FORCE THAT
PINS THE GLOBE
THE MOVEMENT
TRAMPLES DOWN WALES
AND ERADICATES RE
MOVEMENT","[{'x': 0, 'y': 29}, {'x': 409, 'y': 29}, {'x': 409, 'y': 66}, {'x': 0, 'y': 66}]",37,409,positive
146.jpg,/kaggle/input/mvsasingle/MVSA_Single/data/146.jpg,799,599,True,"S
Ⓡ
SHARE
SIZE
ize Candies
ficia
202.1y)","[{'x': 0, 'y': 202}, {'x': 444, 'y': 202}, {'x': 444, 'y': 532}, {'x': 0, 'y': 532}]",330,444,positive
1460.jpg,/kaggle/input/mvsasingle/MVSA_Single/data/1460.jpg,337,599,False,,[],0,0,positive
1461.jpg,/kaggle/input/mvsasingle/MVSA_Single/data/1461.jpg,450,600,True,"0.00
029
The Bachelor
2:33","[{'x': 175, 'y': 265}, {'x': 483, 'y': 265}, {'x': 483, 'y': 295}, {'x': 175, 'y': 295}]",30,308,positive
1462.jpg,/kaggle/input/mvsasingle/MVSA_Single/data/1462.jpg,447,444,True,"§3
怒
Life's truest happiness is found
in the friendships we make
along the way","[{'x': 6, 'y': 157}, {'x': 439, 'y': 157}, {'x': 439, 'y': 444}, {'x': 6, 'y': 444}]",287,433,neutral
1463.jpg,/kaggle/input/mvsasingle/MVSA_Single/data/1463.jpg,600,600,True,THICK,"[{'x': 71, 'y': 249}, {'x': 514, 'y': 249}, {'x': 514, 'y': 403}, {'x': 71, 'y': 403}]",154,443,neutral
1464.jpg,/kaggle/input/mvsasingle/MVSA_Single/data/1464.jpg,800,600,True,GOOR G,"[{'x': 472, 'y': 234}, {'x': 520, 'y': 234}, {'x': 520, 'y': 251}, {'x': 472, 'y': 251}]",17,48,negative
1465.jpg,/kaggle/input/mvsasingle/MVSA_Single/data/1465.jpg,600,600,False,,[],0,0,positive
1466.jpg,/kaggle/input/mvsasingle/MVSA_Single/data/1466.jpg,600,600,True,"AGNEZ MO
ROCKS USA!
LEA
CLEA","[{'x': 0, 'y': 53}, {'x': 599, 'y': 53}, {'x': 599, 'y': 522}, {'x': 0, 'y': 522}]",469,599,positive
1467.jpg,/kaggle/input/mvsasingle/MVSA_Single/data/1467.jpg,400,600,False,,[],0,0,positive
1468.jpg,/kaggle/input/mvsasingle/MVSA_Single/data/1468.jpg,800,600,True,"0000
900
RPS-50
IDC-50%
FDM-
LAW-B
MAN-
SOF-Ba","[{'x': 12, 'y': 324}, {'x': 599, 'y': 324}, {'x': 599, 'y': 799}, {'x': 12, 'y': 799}]",475,587,negative
1469.jpg,/kaggle/input/mvsasingle/MVSA_Single/data/1469.jpg,1024,577,True,"3
OOOOON","[{'x': 18, 'y': 114}, {'x': 548, 'y': 114}, {'x': 548, 'y': 807}, {'x': 18, 'y': 807}]",693,530,positive
147.jpg,/kaggle/input/mvsasingle/MVSA_Single/data/147.jpg,640,571,True,"Just
NEW YORK POST sta
TUESDAY, FEBRUARY 10, 2015 / Clearing, 41' / Weather: P. 14 LATE CITY FINALI nypost.com
Buck!
$1.00
DATE
WITH
DEATH
Kin to let Bobbi
die on same
day as Whitney
EXCLUSIVE
Bobbi Kristina Brown's rela-
tives have made the anguished
decision to take her off life sup
port, but want it done tomorrow
so she can die on the same
date as ber mom, Whitney Hous-
ton (above left, with a young
Bobbil, sources told The Post.
The idea was floated by matri-
arch Cissy Houston and has the
blessing of the Brown family
SEE PAGE 5","[{'x': 1, 'y': 1}, {'x': 570, 'y': 1}, {'x': 570, 'y': 624}, {'x': 1, 'y': 624}]",623,569,positive
1470.jpg,/kaggle/input/mvsasingle/MVSA_Single/data/1470.jpg,600,600,True,"SOPRANO
NOXL
Alma
ClearSkin
TM
Ima
Laser
TM
arLif
PRANO
Cle","[{'x': 0, 'y': 5}, {'x': 550, 'y': 5}, {'x': 550, 'y': 583}, {'x': 0, 'y': 583}]",578,550,positive
1471.jpg,/kaggle/input/mvsasingle/MVSA_Single/data/1471.jpg,384,600,True,"Lyfe
Lyfe Tea
14 De
Exrning Desen Tre
Lyfe Tea
Lyfe Tea
Lyfe Tea
Get a Lyfel
Lyfe Tea
14 De MoTo","[{'x': 2, 'y': 13}, {'x': 571, 'y': 13}, {'x': 571, 'y': 372}, {'x': 2, 'y': 372}]",359,569,positive
1472.jpg,/kaggle/input/mvsasingle/MVSA_Single/data/1472.jpg,600,600,True,"DUCK COMMANDER
Devotions
for Kids","[{'x': 348, 'y': 336}, {'x': 454, 'y': 336}, {'x': 454, 'y': 400}, {'x': 348, 'y': 400}]",64,106,positive
1473.jpg,/kaggle/input/mvsasingle/MVSA_Single/data/1473.jpg,600,600,False,,[],0,0,neutral
1474.jpg,/kaggle/input/mvsasingle/MVSA_Single/data/1474.jpg,450,600,True,live,"[{'x': 488, 'y': 213}, {'x': 583, 'y': 213}, {'x': 583, 'y': 306}, {'x': 488, 'y': 306}]",93,95,negative
1475.jpg,/kaggle/input/mvsasingle/MVSA_Single/data/1475.jpg,302,598,True,"please look at me please look at me please look at me please look at me please look at me please look at me please look at me please look at me please look at me please lok
please look at me please look at me please look at me please look at me please look at me please look at me please look at me please look at me please look at me please lo
look
look
look
PLEASE LOOK AT ME!!!
look at
me
Sise
look
at
ease
please look at me please look at me please look at me please look at me please look at me please look at me please look at me please look at me please look at me please i
please look at me please look at me please look at me please look at me please look at me please look at me please look at me please look at me please look at me please log
please look at me please look at me please look at me please look at me please look at me please look at me please look at me please look at me please look at me please loo","[{'x': 0, 'y': 5}, {'x': 596, 'y': 5}, {'x': 596, 'y': 85}, {'x': 0, 'y': 85}]",80,596,positive
1476.jpg,/kaggle/input/mvsasingle/MVSA_Single/data/1476.jpg,600,600,True,"17
elislime
Покурить
B
Год
скайп
Goa PoNiCA","[{'x': 2, 'y': 81}, {'x': 525, 'y': 81}, {'x': 525, 'y': 580}, {'x': 2, 'y': 580}]",499,523,neutral
1477.jpg,/kaggle/input/mvsasingle/MVSA_Single/data/1477.jpg,449,599,True,WRECKED,"[{'x': 38, 'y': 268}, {'x': 308, 'y': 268}, {'x': 308, 'y': 309}, {'x': 38, 'y': 309}]",41,270,positive
1478.jpg,/kaggle/input/mvsasingle/MVSA_Single/data/1478.jpg,337,599,True,"Fear instantly improves
vision & decision-making
coursmos","[{'x': 116, 'y': 40}, {'x': 596, 'y': 40}, {'x': 596, 'y': 316}, {'x': 116, 'y': 316}]",276,480,positive
1479.jpg,/kaggle/input/mvsasingle/MVSA_Single/data/1479.jpg,421,599,True,"COURAGE
1
CONQUER FEAR, IGNITE SELF-CONFIDENCE","[{'x': 84, 'y': 7}, {'x': 512, 'y': 7}, {'x': 512, 'y': 398}, {'x': 84, 'y': 398}]",391,428,positive
148.jpg,/kaggle/input/mvsasingle/MVSA_Single/data/148.jpg,705,438,True,00,"[{'x': 45, 'y': 354}, {'x': 62, 'y': 354}, {'x': 62, 'y': 361}, {'x': 45, 'y': 361}]",7,17,positive
1480.jpg,/kaggle/input/mvsasingle/MVSA_Single/data/1480.jpg,483,599,True,"HUSH
SOMETHING WAITS IN THE DARKNESS","[{'x': 48, 'y': 9}, {'x': 533, 'y': 9}, {'x': 533, 'y': 436}, {'x': 48, 'y': 436}]",427,485,positive
1481.jpg,/kaggle/input/mvsasingle/MVSA_Single/data/1481.jpg,450,600,True,"LEARN TO CONTROL FEAR OR IT WILL CONTROL YOU
FEAR AND DREAMS","[{'x': 112, 'y': 17}, {'x': 528, 'y': 17}, {'x': 528, 'y': 189}, {'x': 112, 'y': 189}]",172,416,positive
1482.jpg,/kaggle/input/mvsasingle/MVSA_Single/data/1482.jpg,500,500,True,"Life is a long pilgrimage from Fear to Love.
- Paulo Coelho","[{'x': 53, 'y': 55}, {'x': 471, 'y': 55}, {'x': 471, 'y': 116}, {'x': 53, 'y': 116}]",61,418,positive
1483.jpg,/kaggle/input/mvsasingle/MVSA_Single/data/1483.jpg,618,600,True,"6
/11
BAND
CD/AUX
CONFIG
Ноннан
INFO
AS
BACK
FAV
PASSENGER AUR BAG
OFF
MENU
SEL","[{'x': 54, 'y': 26}, {'x': 516, 'y': 26}, {'x': 516, 'y': 489}, {'x': 54, 'y': 489}]",463,462,negative
1484.jpg,/kaggle/input/mvsasingle/MVSA_Single/data/1484.jpg,640,480,False,,[],0,0,positive
1485.jpg,/kaggle/input/mvsasingle/MVSA_Single/data/1485.jpg,600,600,True,SLAY THE DRAGON,"[{'x': 139, 'y': 456}, {'x': 463, 'y': 456}, {'x': 463, 'y': 482}, {'x': 139, 'y': 482}]",26,324,positive
1486.jpg,/kaggle/input/mvsasingle/MVSA_Single/data/1486.jpg,480,480,False,,[],0,0,negative
1487.jpg,/kaggle/input/mvsasingle/MVSA_Single/data/1487.jpg,300,600,True,"HAPPINESS HABITS
START NOW","[{'x': 47, 'y': 26}, {'x': 430, 'y': 26}, {'x': 430, 'y': 114}, {'x': 47, 'y': 114}]",88,383,negative
1488.jpg,/kaggle/input/mvsasingle/MVSA_Single/data/1488.jpg,394,296,True,"EmilysQuotes.com
You will never be free
until you free yourself
from the prison of your
own false thoughts.
-Philip Arnold-","[{'x': 3, 'y': 4}, {'x': 288, 'y': 4}, {'x': 288, 'y': 376}, {'x': 3, 'y': 376}]",372,285,positive
1489.jpg,/kaggle/input/mvsasingle/MVSA_Single/data/1489.jpg,800,600,False,,[],0,0,positive
149.jpg,/kaggle/input/mvsasingle/MVSA_Single/data/149.jpg,734,550,False,,[],0,0,neutral
1490.jpg,/kaggle/input/mvsasingle/MVSA_Single/data/1490.jpg,600,600,True,FRIENDLY,"[{'x': 210, 'y': 429}, {'x': 267, 'y': 429}, {'x': 267, 'y': 487}, {'x': 210, 'y': 487}]",58,57,positive
1491.jpg,/kaggle/input/mvsasingle/MVSA_Single/data/1491.jpg,800,600,False,,[],0,0,positive
1492.jpg,/kaggle/input/mvsasingle/MVSA_Single/data/1492.jpg,600,600,False,,[],0,0,positive
1493.jpg,/kaggle/input/mvsasingle/MVSA_Single/data/1493.jpg,600,600,False,,[],0,0,negative
1494.jpg,/kaggle/input/mvsasingle/MVSA_Single/data/1494.jpg,236,236,False,,[],0,0,negative
1495.jpg,/kaggle/input/mvsasingle/MVSA_Single/data/1495.jpg,600,600,False,,[],0,0,neutral
1496.jpg,/kaggle/input/mvsasingle/MVSA_Single/data/1496.jpg,600,600,False,,[],0,0,positive
1497.jpg,/kaggle/input/mvsasingle/MVSA_Single/data/1497.jpg,600,600,True,"Sdoor
66-66","[{'x': 31, 'y': 213}, {'x': 377, 'y': 213}, {'x': 377, 'y': 371}, {'x': 31, 'y': 371}]",158,346,positive
1498.jpg,/kaggle/input/mvsasingle/MVSA_Single/data/1498.jpg,600,600,True,"ARTIST
JUNE 17","[{'x': 487, 'y': 467}, {'x': 586, 'y': 467}, {'x': 586, 'y': 523}, {'x': 487, 'y': 523}]",56,99,positive
1499.jpg,/kaggle/input/mvsasingle/MVSA_Single/data/1499.jpg,400,600,True,VMU,"[{'x': 270, 'y': 375}, {'x': 322, 'y': 375}, {'x': 322, 'y': 399}, {'x': 270, 'y': 399}]",24,52,positive
15.jpg,/kaggle/input/mvsasingle/MVSA_Single/data/15.jpg,800,600,True,"хо
KEW FOUND FLORY
20
F3
800 FA
F2
#
#3
3
HIT
S
NEC
NOW
FOUND
GLORY
Songs
NEW
FOUND
GLORY
NOT WITHOUT A FIGHT
LBACK
NIC
4
54
$
5
%
25
6
9 >
&
7
7
44
27
►11
16
E
R
T
Y
U
D
FL
G
H
* ∞
*
'
8
9
O
0
$10
J
K
L
P","[{'x': 1, 'y': 1}, {'x': 599, 'y': 1}, {'x': 599, 'y': 791}, {'x': 1, 'y': 791}]",790,598,neutral
150.jpg,/kaggle/input/mvsasingle/MVSA_Single/data/150.jpg,735,490,True,"This woman is paid
by dog fighters to
obtain free or cheap
animals for bait
Location:
South Yorkshire
th Fuller/PA Wire","[{'x': 8, 'y': 436}, {'x': 430, 'y': 436}, {'x': 430, 'y': 730}, {'x': 8, 'y': 730}]",294,422,negative
1500.jpg,/kaggle/input/mvsasingle/MVSA_Single/data/1500.jpg,506,600,True,"Want You
fi. AJ Alegria
By: DSP","[{'x': 246, 'y': 21}, {'x': 599, 'y': 21}, {'x': 599, 'y': 477}, {'x': 246, 'y': 477}]",456,353,neutral
1501.jpg,/kaggle/input/mvsasingle/MVSA_Single/data/1501.jpg,337,599,False,,[],0,0,positive
1502.jpg,/kaggle/input/mvsasingle/MVSA_Single/data/1502.jpg,399,599,False,,[],0,0,positive
1503.jpg,/kaggle/input/mvsasingle/MVSA_Single/data/1503.jpg,492,333,True,LAWLESS,"[{'x': 119, 'y': 269}, {'x': 317, 'y': 269}, {'x': 317, 'y': 348}, {'x': 119, 'y': 348}]",79,198,positive
1504.jpg,/kaggle/input/mvsasingle/MVSA_Single/data/1504.jpg,725,600,True,"Parents In
Recovery
I'm beautifully broken, perfectly
imperfect, beautiful in my flaws.
All together, I am a
beautiful disaster
-Kate McCarthy","[{'x': 50, 'y': 55}, {'x': 555, 'y': 55}, {'x': 555, 'y': 681}, {'x': 50, 'y': 681}]",626,505,positive
1505.jpg,/kaggle/input/mvsasingle/MVSA_Single/data/1505.jpg,300,500,True,"WE ARE BEAUTIFUL
IN EVERY SINGLE WAY.
-CHRISTINA AGUILERA
QUOTETHATTALK.TUMBLR.COM","[{'x': 109, 'y': 132}, {'x': 391, 'y': 132}, {'x': 391, 'y': 194}, {'x': 109, 'y': 194}]",62,282,positive
1506.jpg,/kaggle/input/mvsasingle/MVSA_Single/data/1506.jpg,519,599,True,"F14 WED
00
FI4WED","[{'x': 113, 'y': 32}, {'x': 493, 'y': 32}, {'x': 493, 'y': 429}, {'x': 113, 'y': 429}]",397,380,positive
1507.jpg,/kaggle/input/mvsasingle/MVSA_Single/data/1507.jpg,600,600,True,"CONT
GROW
4P...
Erow
Love","[{'x': 162, 'y': 128}, {'x': 547, 'y': 128}, {'x': 547, 'y': 428}, {'x': 162, 'y': 428}]",300,385,negative
1508.jpg,/kaggle/input/mvsasingle/MVSA_Single/data/1508.jpg,450,600,True,"我们说
e-
7-2
Dani
TAT
Th
2015
the me
maney!
#
Serv
NGE
Ke","[{'x': 38, 'y': 150}, {'x': 599, 'y': 150}, {'x': 599, 'y': 439}, {'x': 38, 'y': 439}]",289,561,positive
1509.jpg,/kaggle/input/mvsasingle/MVSA_Single/data/1509.jpg,800,600,True,"ndar social
MANDA
Bassinas?
9
BG KD
FW-Vyda-PVE-Reino02
Conquistutor
Infinity
Knights,
DrVlad
0
cce
W
Dist
Requer Facçã
40'44: 5'16","[{'x': 0, 'y': 27}, {'x': 577, 'y': 27}, {'x': 577, 'y': 660}, {'x': 0, 'y': 660}]",633,577,negative
151.jpg,/kaggle/input/mvsasingle/MVSA_Single/data/151.jpg,390,570,True,"X
HUGS
Kisses","[{'x': 98, 'y': 108}, {'x': 252, 'y': 108}, {'x': 252, 'y': 234}, {'x': 98, 'y': 234}]",126,154,positive
1510.jpg,/kaggle/input/mvsasingle/MVSA_Single/data/1510.jpg,800,600,True,"Cadence Theatre Company & The New Theatre present the World Premiere of
One Is Not
Oneself
By Gerard Lee
2nd-14th FEB 2015
7.30pm €15/12/10
Preview 2nd & 3rd
Directed by
Matthew Ralli
A play inspired by Noel
Coward, and including a
selection of his songs
the
new
theatre
Mark O'Regan
Paula Greevy-Lee
Ronan Murray
The New Theatre, 43 East Essex Street, Dublin 2 www.thenewtheatre.com 01 670 3361","[{'x': 106, 'y': 29}, {'x': 559, 'y': 29}, {'x': 559, 'y': 626}, {'x': 106, 'y': 626}]",597,453,positive
1511.jpg,/kaggle/input/mvsasingle/MVSA_Single/data/1511.jpg,600,600,True,"2
Thessalonians 3:16
THE LORD IS
WITH
YOU","[{'x': 35, 'y': 51}, {'x': 552, 'y': 51}, {'x': 552, 'y': 521}, {'x': 35, 'y': 521}]",470,517,positive
1512.jpg,/kaggle/input/mvsasingle/MVSA_Single/data/1512.jpg,800,600,True,"SCHOOL BUS
SCHOOL BU
VINLAUFUL SO PASS
TED COURTS ARE PLAY","[{'x': 100, 'y': 237}, {'x': 599, 'y': 237}, {'x': 599, 'y': 383}, {'x': 100, 'y': 383}]",146,499,positive
1513.jpg,/kaggle/input/mvsasingle/MVSA_Single/data/1513.jpg,600,600,True,"YOU
WERE
GIVEN
THIS LIFE
BECAUSE YOU ARE
STRONG ENOUGH
TO LIVE IT
Quotes Tags.com App","[{'x': 159, 'y': 195}, {'x': 576, 'y': 195}, {'x': 576, 'y': 599}, {'x': 159, 'y': 599}]",404,417,positive
1514.jpg,/kaggle/input/mvsasingle/MVSA_Single/data/1514.jpg,300,300,True,"an ocean between us
AS I LAY DYING","[{'x': 66, 'y': 112}, {'x': 282, 'y': 112}, {'x': 282, 'y': 174}, {'x': 66, 'y': 174}]",62,216,negative
1515.jpg,/kaggle/input/mvsasingle/MVSA_Single/data/1515.jpg,900,600,False,,[],0,0,negative
1516.jpg,/kaggle/input/mvsasingle/MVSA_Single/data/1516.jpg,1024,576,False,,[],0,0,positive
1517.jpg,/kaggle/input/mvsasingle/MVSA_Single/data/1517.jpg,626,469,False,,[],0,0,positive
1518.jpg,/kaggle/input/mvsasingle/MVSA_Single/data/1518.jpg,600,600,False,,[],0,0,positive
1519.jpg,/kaggle/input/mvsasingle/MVSA_Single/data/1519.jpg,800,600,False,,[],0,0,positive
152.jpg,/kaggle/input/mvsasingle/MVSA_Single/data/152.jpg,674,600,True,"70m 17 & Lip
GREMLINS 2
THE NEW BATCH
TATHATHORP
WARNING DOING WARD","[{'x': 91, 'y': 77}, {'x': 387, 'y': 77}, {'x': 387, 'y': 490}, {'x': 91, 'y': 490}]",413,296,neutral
1520.jpg,/kaggle/input/mvsasingle/MVSA_Single/data/1520.jpg,600,600,True,"HAMLET
tegy
ABANDON
THE TAKING
MACAUSTER
AREN M
DARKLY
HANG
NO
LECT
KENYON
non
XAS
STARGAZER
AD AUDIE IN","[{'x': 30, 'y': 47}, {'x': 592, 'y': 47}, {'x': 592, 'y': 577}, {'x': 30, 'y': 577}]",530,562,neutral
1521.jpg,/kaggle/input/mvsasingle/MVSA_Single/data/1521.jpg,434,599,True,alysha,"[{'x': 52, 'y': 378}, {'x': 95, 'y': 378}, {'x': 95, 'y': 396}, {'x': 52, 'y': 396}]",18,43,neutral
1522.jpg,/kaggle/input/mvsasingle/MVSA_Single/data/1522.jpg,600,600,True,"D
SCH
@inspirations luxury","[{'x': 8, 'y': 51}, {'x': 588, 'y': 51}, {'x': 588, 'y': 591}, {'x': 8, 'y': 591}]",540,580,positive
1523.jpg,/kaggle/input/mvsasingle/MVSA_Single/data/1523.jpg,360,480,True,"HAST&
CURIOUS
SECONDO TRAILER UFFICIALE","[{'x': 73, 'y': 109}, {'x': 404, 'y': 109}, {'x': 404, 'y': 232}, {'x': 73, 'y': 232}]",123,331,positive
1524.jpg,/kaggle/input/mvsasingle/MVSA_Single/data/1524.jpg,600,600,False,,[],0,0,positive
1525.jpg,/kaggle/input/mvsasingle/MVSA_Single/data/1525.jpg,360,480,True,FURIOUS 60,"[{'x': 11, 'y': 65}, {'x': 464, 'y': 65}, {'x': 464, 'y': 119}, {'x': 11, 'y': 119}]",54,453,neutral
1526.jpg,/kaggle/input/mvsasingle/MVSA_Single/data/1526.jpg,680,600,False,,[],0,0,neutral
1527.jpg,/kaggle/input/mvsasingle/MVSA_Single/data/1527.jpg,950,600,True,"ONE LAST RIDE
FURIOUS7
APRIL 3
PG-13
IN THEATERS AND IMAX
BRIGNALTIEN","[{'x': 19, 'y': 416}, {'x': 488, 'y': 416}, {'x': 488, 'y': 936}, {'x': 19, 'y': 936}]",520,469,neutral
1528.jpg,/kaggle/input/mvsasingle/MVSA_Single/data/1528.jpg,400,600,True,ALTERNATIVE PASTORS,"[{'x': 13, 'y': 19}, {'x': 72, 'y': 19}, {'x': 72, 'y': 26}, {'x': 13, 'y': 26}]",7,59,negative
1529.jpg,/kaggle/input/mvsasingle/MVSA_Single/data/1529.jpg,800,600,True,"4-2015
fic
லே","[{'x': 0, 'y': 176}, {'x': 167, 'y': 176}, {'x': 167, 'y': 288}, {'x': 0, 'y': 288}]",112,167,positive
153.jpg,/kaggle/input/mvsasingle/MVSA_Single/data/153.jpg,450,600,False,,[],0,0,neutral
1530.jpg,/kaggle/input/mvsasingle/MVSA_Single/data/1530.jpg,248,600,False,,[],0,0,positive
1531.jpg,/kaggle/input/mvsasingle/MVSA_Single/data/1531.jpg,600,600,True,"AM
SAFE
PSALM 275","[{'x': 149, 'y': 213}, {'x': 440, 'y': 213}, {'x': 440, 'y': 444}, {'x': 149, 'y': 444}]",231,291,negative
1532.jpg,/kaggle/input/mvsasingle/MVSA_Single/data/1532.jpg,798,599,True,ALLE,"[{'x': 224, 'y': 400}, {'x': 477, 'y': 400}, {'x': 477, 'y': 585}, {'x': 224, 'y': 585}]",185,253,positive
1533.jpg,/kaggle/input/mvsasingle/MVSA_Single/data/1533.jpg,800,600,False,,[],0,0,positive
1534.jpg,/kaggle/input/mvsasingle/MVSA_Single/data/1534.jpg,480,480,False,,[],0,0,negative
1535.jpg,/kaggle/input/mvsasingle/MVSA_Single/data/1535.jpg,808,600,False,,[],0,0,negative
1536.jpg,/kaggle/input/mvsasingle/MVSA_Single/data/1536.jpg,600,600,True,"IN-N-OUT
BURGER
EQUILIBRIC
Папа
Don't cut or luck
NEC.org","[{'x': 93, 'y': 320}, {'x': 513, 'y': 320}, {'x': 513, 'y': 593}, {'x': 93, 'y': 593}]",273,420,positive
1537.jpg,/kaggle/input/mvsasingle/MVSA_Single/data/1537.jpg,337,599,False,,[],0,0,positive
1538.jpg,/kaggle/input/mvsasingle/MVSA_Single/data/1538.jpg,600,600,False,,[],0,0,positive
1539.jpg,/kaggle/input/mvsasingle/MVSA_Single/data/1539.jpg,600,600,True,ard,"[{'x': 176, 'y': 237}, {'x': 254, 'y': 237}, {'x': 254, 'y': 266}, {'x': 176, 'y': 266}]",29,78,positive
154.jpg,/kaggle/input/mvsasingle/MVSA_Single/data/154.jpg,337,599,True,"NATIONA
STATES OF
SECURITY
AMERICA
CY
*","[{'x': 50, 'y': 0}, {'x': 495, 'y': 0}, {'x': 495, 'y': 336}, {'x': 50, 'y': 336}]",336,445,negative
1540.jpg,/kaggle/input/mvsasingle/MVSA_Single/data/1540.jpg,600,600,False,,[],0,0,positive
1541.jpg,/kaggle/input/mvsasingle/MVSA_Single/data/1541.jpg,600,600,False,,[],0,0,positive
1542.jpg,/kaggle/input/mvsasingle/MVSA_Single/data/1542.jpg,401,599,False,,[],0,0,positive
1543.jpg,/kaggle/input/mvsasingle/MVSA_Single/data/1543.jpg,336,598,True,Alfprint,"[{'x': 504, 'y': 142}, {'x': 532, 'y': 142}, {'x': 532, 'y': 154}, {'x': 504, 'y': 154}]",12,28,negative
1544.jpg,/kaggle/input/mvsasingle/MVSA_Single/data/1544.jpg,800,600,False,,[],0,0,positive
1545.jpg,/kaggle/input/mvsasingle/MVSA_Single/data/1545.jpg,1024,576,True,"07:13
Great start to the day outside ...","[{'x': 87, 'y': 436}, {'x': 479, 'y': 436}, {'x': 479, 'y': 723}, {'x': 87, 'y': 723}]",287,392,neutral
1546.jpg,/kaggle/input/mvsasingle/MVSA_Single/data/1546.jpg,500,593,False,,[],0,0,neutral
1547.jpg,/kaggle/input/mvsasingle/MVSA_Single/data/1547.jpg,600,600,False,,[],0,0,neutral
1548.jpg,/kaggle/input/mvsasingle/MVSA_Single/data/1548.jpg,355,600,True,"darkness
overcomes you","[{'x': 28, 'y': 261}, {'x': 140, 'y': 261}, {'x': 140, 'y': 293}, {'x': 28, 'y': 293}]",32,112,positive
1549.jpg,/kaggle/input/mvsasingle/MVSA_Single/data/1549.jpg,227,400,True,LGANGE,"[{'x': 155, 'y': 48}, {'x': 330, 'y': 48}, {'x': 330, 'y': 128}, {'x': 155, 'y': 128}]",80,175,positive
155.jpg,/kaggle/input/mvsasingle/MVSA_Single/data/155.jpg,178,312,True,"ON
RESULTS
OH
vacation?
HOW
LONG?!","[{'x': 22, 'y': 11}, {'x': 293, 'y': 11}, {'x': 293, 'y': 62}, {'x': 22, 'y': 62}]",51,271,positive
1550.jpg,/kaggle/input/mvsasingle/MVSA_Single/data/1550.jpg,600,600,False,,[],0,0,neutral
1551.jpg,/kaggle/input/mvsasingle/MVSA_Single/data/1551.jpg,322,599,True,Sabbat,"[{'x': 17, 'y': 24}, {'x': 577, 'y': 24}, {'x': 577, 'y': 311}, {'x': 17, 'y': 311}]",287,560,positive
1552.jpg,/kaggle/input/mvsasingle/MVSA_Single/data/1552.jpg,600,600,False,,[],0,0,positive
1553.jpg,/kaggle/input/mvsasingle/MVSA_Single/data/1553.jpg,625,599,True,"Worrying does not empty
tomorrow of its troubles,
it empties today
of its strength.
-Corrie Ten Boom","[{'x': 126, 'y': 174}, {'x': 470, 'y': 174}, {'x': 470, 'y': 375}, {'x': 126, 'y': 375}]",201,344,neutral
1554.jpg,/kaggle/input/mvsasingle/MVSA_Single/data/1554.jpg,335,334,False,,[],0,0,neutral
1555.jpg,/kaggle/input/mvsasingle/MVSA_Single/data/1555.jpg,600,500,False,,[],0,0,positive
1556.jpg,/kaggle/input/mvsasingle/MVSA_Single/data/1556.jpg,278,600,True,"Xo
:)
):
I","[{'x': 84, 'y': 46}, {'x': 410, 'y': 46}, {'x': 410, 'y': 103}, {'x': 84, 'y': 103}]",57,326,positive
1557.jpg,/kaggle/input/mvsasingle/MVSA_Single/data/1557.jpg,1024,576,True,"PE-girls
WA
COLORFUL
R
藤井荻花
LIVE TOUR 2015
KAREN
Flower Happiness
Flower
00
E-girls
Happiness","[{'x': 13, 'y': 12}, {'x': 568, 'y': 12}, {'x': 568, 'y': 1014}, {'x': 13, 'y': 1014}]",1002,555,neutral
1558.jpg,/kaggle/input/mvsasingle/MVSA_Single/data/1558.jpg,325,600,True,"""We tend to forget that Happiness doesn't come as a result
of getting something we don't have, but rather of recognizing
and appreciating what we do have."" Frederick Keowig","[{'x': 18, 'y': 28}, {'x': 567, 'y': 28}, {'x': 567, 'y': 120}, {'x': 18, 'y': 120}]",92,549,neutral
1559.jpg,/kaggle/input/mvsasingle/MVSA_Single/data/1559.jpg,600,600,True,FT,"[{'x': 275, 'y': 322}, {'x': 287, 'y': 322}, {'x': 287, 'y': 331}, {'x': 275, 'y': 331}]",9,12,neutral
156.jpg,/kaggle/input/mvsasingle/MVSA_Single/data/156.jpg,755,537,False,,[],0,0,positive
1560.jpg,/kaggle/input/mvsasingle/MVSA_Single/data/1560.jpg,941,600,False,,[],0,0,negative
1561.jpg,/kaggle/input/mvsasingle/MVSA_Single/data/1561.jpg,600,300,False,,[],0,0,positive
1562.jpg,/kaggle/input/mvsasingle/MVSA_Single/data/1562.jpg,336,600,True,"POWER RECLINING SECTIONAL
HEATED SEATS
TOUCH SCREEN CONT
EING CUP HOLD
ORIGINAL PRICE: $2799 SALE: $1999","[{'x': 12, 'y': 272}, {'x': 281, 'y': 272}, {'x': 281, 'y': 330}, {'x': 12, 'y': 330}]",58,269,neutral
1563.jpg,/kaggle/input/mvsasingle/MVSA_Single/data/1563.jpg,600,600,False,,[],0,0,negative
1564.jpg,/kaggle/input/mvsasingle/MVSA_Single/data/1564.jpg,600,600,True,"Help them
They cant speak but we have to understand!","[{'x': 53, 'y': 513}, {'x': 551, 'y': 513}, {'x': 551, 'y': 567}, {'x': 53, 'y': 567}]",54,498,negative
1565.jpg,/kaggle/input/mvsasingle/MVSA_Single/data/1565.jpg,480,480,True,"A BABY ELEPHANT THAT LOST HER
MOTHER GREETS THE MAN THAT IS
CARING FOR HER.","[{'x': 11, 'y': 392}, {'x': 457, 'y': 392}, {'x': 457, 'y': 466}, {'x': 11, 'y': 466}]",74,446,positive
1566.jpg,/kaggle/input/mvsasingle/MVSA_Single/data/1566.jpg,600,600,True,"1:13
AT&T
8:49 PM
@ 16%
Hopeless
Breaking Benjamin - Dear Agony
||
-2:06
breaking benjamin
DEAR AGONY","[{'x': 42, 'y': 10}, {'x': 553, 'y': 10}, {'x': 553, 'y': 353}, {'x': 42, 'y': 353}]",343,511,positive
1567.jpg,/kaggle/input/mvsasingle/MVSA_Single/data/1567.jpg,900,600,False,,[],0,0,negative
1568.jpg,/kaggle/input/mvsasingle/MVSA_Single/data/1568.jpg,500,540,False,,[],0,0,negative
1569.jpg,/kaggle/input/mvsasingle/MVSA_Single/data/1569.jpg,437,599,True,"""Why aren't you helping me?""
PETA","[{'x': 34, 'y': 63}, {'x': 587, 'y': 63}, {'x': 587, 'y': 429}, {'x': 34, 'y': 429}]",366,553,positive
157.jpg,/kaggle/input/mvsasingle/MVSA_Single/data/157.jpg,424,600,True,"ZINDAGINOOR
colos","[{'x': 122, 'y': 177}, {'x': 599, 'y': 177}, {'x': 599, 'y': 324}, {'x': 122, 'y': 324}]",147,477,positive
1570.jpg,/kaggle/input/mvsasingle/MVSA_Single/data/1570.jpg,820,496,True,"Enemy Botlane
My Botlane
League of Legends
Handcrafted by League Of Humor for iFunny :)
ifunny mobi","[{'x': 9, 'y': 8}, {'x': 481, 'y': 8}, {'x': 481, 'y': 819}, {'x': 9, 'y': 819}]",811,472,negative
1571.jpg,/kaggle/input/mvsasingle/MVSA_Single/data/1571.jpg,351,599,True,"33333
D
ก
BLOBS COUNTER
5/6
11
14
2400
2800","[{'x': 23, 'y': 9}, {'x': 590, 'y': 9}, {'x': 590, 'y': 346}, {'x': 23, 'y': 346}]",337,567,neutral
1572.jpg,/kaggle/input/mvsasingle/MVSA_Single/data/1572.jpg,600,600,True,"L
BOW 4 ME GP
23al
Breeas","[{'x': 161, 'y': 62}, {'x': 599, 'y': 62}, {'x': 599, 'y': 302}, {'x': 161, 'y': 302}]",240,438,positive
1573.jpg,/kaggle/input/mvsasingle/MVSA_Single/data/1573.jpg,250,300,False,,[],0,0,positive
1574.jpg,/kaggle/input/mvsasingle/MVSA_Single/data/1574.jpg,183,236,False,,[],0,0,positive
1575.jpg,/kaggle/input/mvsasingle/MVSA_Single/data/1575.jpg,261,261,False,,[],0,0,negative
1576.jpg,/kaggle/input/mvsasingle/MVSA_Single/data/1576.jpg,424,600,True,"Have you engaged in self-
injury in the past 2 weeks?
You may be eligible for an
online study.
#OnlineSelfInjuryStudy","[{'x': 14, 'y': 69}, {'x': 330, 'y': 69}, {'x': 330, 'y': 388}, {'x': 14, 'y': 388}]",319,316,negative
1577.jpg,/kaggle/input/mvsasingle/MVSA_Single/data/1577.jpg,600,600,False,,[],0,0,positive
1578.jpg,/kaggle/input/mvsasingle/MVSA_Single/data/1578.jpg,1024,576,True,"oo Sprint
3:49 PM
173%
Captain Tyin Knots
@Conor Gilldo
No
Ev
34
C
Or
@
Pending
Blocked
You have been blocked from
following this account at the request
of the user.
send a follow request.
OK
Timelines
Notifications Messages
Me","[{'x': 21, 'y': 10}, {'x': 531, 'y': 10}, {'x': 531, 'y': 1015}, {'x': 21, 'y': 1015}]",1005,510,positive
1579.jpg,/kaggle/input/mvsasingle/MVSA_Single/data/1579.jpg,800,600,False,,[],0,0,positive
158.jpg,/kaggle/input/mvsasingle/MVSA_Single/data/158.jpg,828,500,True,"HOLLY SAY MY NAME
HEI-SEN-BERG
YOU'RE GODDAMN RIGHT","[{'x': 13, 'y': 178}, {'x': 491, 'y': 178}, {'x': 491, 'y': 804}, {'x': 13, 'y': 804}]",626,478,positive
1580.jpg,/kaggle/input/mvsasingle/MVSA_Single/data/1580.jpg,341,341,True,"GUSTAVO CERATI
FUERZANATURAL","[{'x': 41, 'y': 12}, {'x': 272, 'y': 12}, {'x': 272, 'y': 57}, {'x': 41, 'y': 57}]",45,231,positive
1581.jpg,/kaggle/input/mvsasingle/MVSA_Single/data/1581.jpg,800,600,True,"EQUIR
EVANGELIZE
EFOUR
NEW HOPE","[{'x': 92, 'y': 56}, {'x': 575, 'y': 56}, {'x': 575, 'y': 771}, {'x': 92, 'y': 771}]",715,483,neutral
1582.jpg,/kaggle/input/mvsasingle/MVSA_Single/data/1582.jpg,600,600,True,@Elena pravia,"[{'x': 151, 'y': 418}, {'x': 238, 'y': 418}, {'x': 238, 'y': 446}, {'x': 151, 'y': 446}]",28,87,positive
1583.jpg,/kaggle/input/mvsasingle/MVSA_Single/data/1583.jpg,800,600,True,0,"[{'x': 336, 'y': 645}, {'x': 403, 'y': 645}, {'x': 403, 'y': 723}, {'x': 336, 'y': 723}]",78,67,positive
1584.jpg,/kaggle/input/mvsasingle/MVSA_Single/data/1584.jpg,600,600,False,,[],0,0,positive
1585.jpg,/kaggle/input/mvsasingle/MVSA_Single/data/1585.jpg,588,600,True,"Remember no one can
make you feel inferior
without your consent
-Eleanor Roosevelt
spire your Life {shouttr.net}","[{'x': 7, 'y': 146}, {'x': 584, 'y': 146}, {'x': 584, 'y': 562}, {'x': 7, 'y': 562}]",416,577,positive
1586.jpg,/kaggle/input/mvsasingle/MVSA_Single/data/1586.jpg,800,600,True,"T
THROWS
RIGHT
All Hen
Pantera
THROWS
RIGHT
player profiles
KYLE ESTAND #29
YR
POS D.O.B. HT WT BATS THROWS
SO RHP
09/13/94 5'11"" 170 RIGHT RIGHT
Hometown: Evergreen Park, IL
High School: St. Laurence High School
Major: Criminal Justice
Minor: Sociology
Favorite MLB Player: lan Kinsler
Favorite MLB Team: Chicago White Sox
HS Highlights: All IMG tournament team, being elected into
the Catholic League All-Star team, winning the Catholic League Blue Conference two years
in a row, winning regionals two years in a row, and coming in third in Summer State playoffs.
People to Thank: I would like to thank my mother, father, both brothers, sister, grandpar-
ents, and everyone involved in my life.
College Highlights: Throwing two scoreless innings against Wayne State in Florida.
Hobbies: Shredding in Guitar Hero, hanging out with the boys, and watching Netflix.
CHASE FIELDHOUSE #6
YR
POS D.O.B. HT WT
BATS THROWS
JR
OF
06/10/93 5'10"" 205 RIGHT RIGHT
Hometown: St. John, IN
High School: Lake Central High School
Major: Communication
Minor: Business","[{'x': 0, 'y': 219}, {'x': 596, 'y': 219}, {'x': 596, 'y': 799}, {'x': 0, 'y': 799}]",580,596,positive
1587.jpg,/kaggle/input/mvsasingle/MVSA_Single/data/1587.jpg,600,600,False,,[],0,0,positive
1588.jpg,/kaggle/input/mvsasingle/MVSA_Single/data/1588.jpg,800,600,True,"HOME
155
FOULS
00:0
PERIOO
GUEST
44
BONUS>>
PLAYER FOUL
FOULS
MATCH
SCORE
Coca-Cola
zero
00:0
HOME
55
FOULS
PERIOD
P4 P
<BONUS
PLAYER
Coca-Cola
zero
GUEST
FOUL
41
FOULS
9 142 10
SCORE
MATCH
SCORE","[{'x': 21, 'y': 272}, {'x': 425, 'y': 272}, {'x': 425, 'y': 514}, {'x': 21, 'y': 514}]",242,404,positive
1589.jpg,/kaggle/input/mvsasingle/MVSA_Single/data/1589.jpg,337,599,True,"Gov Cuomo
You're
Wrong","[{'x': 264, 'y': 157}, {'x': 351, 'y': 157}, {'x': 351, 'y': 239}, {'x': 264, 'y': 239}]",82,87,negative
159.jpg,/kaggle/input/mvsasingle/MVSA_Single/data/159.jpg,600,600,True,"""Does cold exist?
In fact, cold does not exist. According to the laws of physics,
what we consider cold is in reality the absence of heat.
Does darkness exist?
Darkness does not exist either. Darkness is in reality the absence of light.
Light we can study, but not darkness.
Evil does not exist. It is just like darkness and cold. God did not create evil.
Evil is the result of what happens when man does not have God's love
present in his heart.""
Albert Einstein (1879-1955)","[{'x': 47, 'y': 276}, {'x': 543, 'y': 276}, {'x': 543, 'y': 595}, {'x': 47, 'y': 595}]",319,496,negative
1590.jpg,/kaggle/input/mvsasingle/MVSA_Single/data/1590.jpg,800,600,True,"61
ONA
AG
MUSKRATS","[{'x': 190, 'y': 169}, {'x': 518, 'y': 169}, {'x': 518, 'y': 721}, {'x': 190, 'y': 721}]",552,328,positive
1591.jpg,/kaggle/input/mvsasingle/MVSA_Single/data/1591.jpg,450,600,True,"دلا
8m20s
acer
KLYN","[{'x': 55, 'y': 66}, {'x': 533, 'y': 66}, {'x': 533, 'y': 395}, {'x': 55, 'y': 395}]",329,478,positive
1592.jpg,/kaggle/input/mvsasingle/MVSA_Single/data/1592.jpg,450,600,False,,[],0,0,positive
1593.jpg,/kaggle/input/mvsasingle/MVSA_Single/data/1593.jpg,600,600,False,,[],0,0,negative
1594.jpg,/kaggle/input/mvsasingle/MVSA_Single/data/1594.jpg,342,600,False,,[],0,0,positive
1595.jpg,/kaggle/input/mvsasingle/MVSA_Single/data/1595.jpg,800,600,True,C,"[{'x': 317, 'y': 84}, {'x': 405, 'y': 84}, {'x': 405, 'y': 182}, {'x': 317, 'y': 182}]",98,88,positive
1596.jpg,/kaggle/input/mvsasingle/MVSA_Single/data/1596.jpg,600,600,False,,[],0,0,negative
1597.jpg,/kaggle/input/mvsasingle/MVSA_Single/data/1597.jpg,600,600,False,,[],0,0,positive
1598.jpg,/kaggle/input/mvsasingle/MVSA_Single/data/1598.jpg,723,599,False,,[],0,0,positive
1599.jpg,/kaggle/input/mvsasingle/MVSA_Single/data/1599.jpg,810,600,True,"Is it good
enough for
my Dad?
bubbly
Caring attitude
knowledgeable
about
expectations
Joutgoing not
prepared always
to be
daft
can see
from Resident's
Somebody he
what
Point of view
is aware of
Jeb entails
bitchy singing
dancing how
willing to leam
reliable
Able to work with /
DIFFERENT staff
helpful
Happy
understands
serious the
Job is
Tattentive to needs
able to work
without instruction team player
good memory flexible mix of
calming
natural
with people
ahead
of
the
game.
Jalways
on time
Good with
Sense
cares about
make/fence
appearance honest
Lorganised
families of humour (trusting / trustworthy/clean
Calling Special [strong stomach
Don't take
name calling
to heart
Smell
nice
Confident/god
Prefer
good time keeper
able to
with
listener/talker/cope wil
even
P/T. Consistent/co
FIT
tactful
peer
takes it
to heart
strength
or
weaknes","[{'x': 61, 'y': 4}, {'x': 598, 'y': 4}, {'x': 598, 'y': 679}, {'x': 61, 'y': 679}]",675,537,negative
16.jpg,/kaggle/input/mvsasingle/MVSA_Single/data/16.jpg,562,600,False,,[],0,0,negative
160.jpg,/kaggle/input/mvsasingle/MVSA_Single/data/160.jpg,640,307,True,تولين,"[{'x': 187, 'y': 318}, {'x': 259, 'y': 318}, {'x': 259, 'y': 354}, {'x': 187, 'y': 354}]",36,72,neutral
1600.jpg,/kaggle/input/mvsasingle/MVSA_Single/data/1600.jpg,640,480,False,,[],0,0,positive
1601.jpg,/kaggle/input/mvsasingle/MVSA_Single/data/1601.jpg,600,600,True,おけい,"[{'x': 558, 'y': 546}, {'x': 599, 'y': 546}, {'x': 599, 'y': 596}, {'x': 558, 'y': 596}]",50,41,negative
1602.jpg,/kaggle/input/mvsasingle/MVSA_Single/data/1602.jpg,184,274,False,,[],0,0,negative
1603.jpg,/kaggle/input/mvsasingle/MVSA_Single/data/1603.jpg,286,181,False,,[],0,0,positive
1604.jpg,/kaggle/input/mvsasingle/MVSA_Single/data/1604.jpg,1024,576,True,"Poor excuse for a sprinkled donut
Houtrag","[{'x': 0, 'y': 126}, {'x': 524, 'y': 126}, {'x': 524, 'y': 902}, {'x': 0, 'y': 902}]",776,524,negative
1605.jpg,/kaggle/input/mvsasingle/MVSA_Single/data/1605.jpg,150,130,True,"$
setterrim","[{'x': 31, 'y': 21}, {'x': 121, 'y': 21}, {'x': 121, 'y': 149}, {'x': 31, 'y': 149}]",128,90,positive
1606.jpg,/kaggle/input/mvsasingle/MVSA_Single/data/1606.jpg,450,600,True,501,"[{'x': 511, 'y': 55}, {'x': 546, 'y': 55}, {'x': 546, 'y': 77}, {'x': 511, 'y': 77}]",22,35,negative
1607.jpg,/kaggle/input/mvsasingle/MVSA_Single/data/1607.jpg,480,600,True,"I'M
OUTRAGED!
made on imgur","[{'x': 15, 'y': 184}, {'x': 598, 'y': 184}, {'x': 598, 'y': 479}, {'x': 15, 'y': 479}]",295,583,neutral
1608.jpg,/kaggle/input/mvsasingle/MVSA_Single/data/1608.jpg,1024,576,True,"U.S.
NOPECTED
EST. 748
HOFFY
Bacon Wrapped
Hot Dogs
KEEP REFRIGERATED
HOLLYWOOD'S
ORIGINAL
NET WT 14 OZ","[{'x': 137, 'y': 237}, {'x': 448, 'y': 237}, {'x': 448, 'y': 751}, {'x': 137, 'y': 751}]",514,311,neutral
1609.jpg,/kaggle/input/mvsasingle/MVSA_Single/data/1609.jpg,305,459,True,"OIL HAS GONE DOWN AROUND 60% A
BARREL, BUT THE PRICE AT THE PUMP IS
DOWN ONLY 30%
VIA 9GAG.COM
MEMEFUL.COM
BUT THAT'S NONE OF MY
BUSINESS","[{'x': 36, 'y': 13}, {'x': 458, 'y': 13}, {'x': 458, 'y': 304}, {'x': 36, 'y': 304}]",291,422,positive
161.jpg,/kaggle/input/mvsasingle/MVSA_Single/data/161.jpg,800,600,True,"A book signing in Norwich with
TANYA BURR
Saturday 28 February 2015, 3pm
PLEASE SHOW THIS TICKET TO GAIN ENTRY
This ticket is also proof of purchase for one copy of the author's book and a poster
which will be given to you at the event
Please look out for an email on Thursday 26 February
for exact details of the venue.
Please ensure you read the terms and conditions overleaf
JARROLD
Girls
ha","[{'x': 0, 'y': 50}, {'x': 599, 'y': 50}, {'x': 599, 'y': 719}, {'x': 0, 'y': 719}]",669,599,negative
1610.jpg,/kaggle/input/mvsasingle/MVSA_Single/data/1610.jpg,450,600,False,,[],0,0,positive
1611.jpg,/kaggle/input/mvsasingle/MVSA_Single/data/1611.jpg,450,600,False,,[],0,0,positive
1612.jpg,/kaggle/input/mvsasingle/MVSA_Single/data/1612.jpg,600,600,True,"JUNIC
ELECTION
The Case for Loving
by Selina Alko
illustrated by Selina Alko
and Sean Qualls","[{'x': 167, 'y': 0}, {'x': 492, 'y': 0}, {'x': 492, 'y': 565}, {'x': 167, 'y': 565}]",565,325,positive
1613.jpg,/kaggle/input/mvsasingle/MVSA_Single/data/1613.jpg,450,600,True,"Sally tested and recommended to
CAUTION/WARNING
警告:
金玩具經安全試驗。
RHA
ested and recommended for children 3 years and de
比玩具組安全試驗,適合3歲或以上
asted and recommended for children 3 years and over
ON WARNING
PERHATIAN: Tak
注意/警告:可能含細小已有,不
elah diuj keamanannya untuk akus
CAUTION/WARNING: May contain small parts. Net intended for o
years and over
Noted for chicken unders
無使用。
「不要合3歲以下只童使用。
usia 3 tahun dan keatas
anak-anak usia di bawah 3 tahun
gian-bagian kecil
Peso Nasional Food
mat untukkanak 3
ANT
kack
MG
*使用。
gkingandungi bahagian-bahsde M
經安全,百合3歲或以上。
dak sesuai untuk kanak-kanak di bawah tahun
Dual Enton, Malaysia
รับเด็กอายุ 3 ขวบขึ้นไป
帳/廣告:可者含無小配件,不適合3維。
a untuk anak-anak un 3 bihun dan kes
Shatan Fak disarankan untuk anak-anak
ngin mengandung begian-bagian p
sional Food
kanak-kanak berumur 3
ngkin
-7643
dang bah
優
เค
M","[{'x': 0, 'y': 55}, {'x': 599, 'y': 55}, {'x': 599, 'y': 366}, {'x': 0, 'y': 366}]",311,599,positive
1614.jpg,/kaggle/input/mvsasingle/MVSA_Single/data/1614.jpg,600,600,True,"1010
posts
268
followers
191
following
Edit Your Profile
Adrianna Keith
| redeemed photographer | girlfriend to @webblo15 |
www.facebook.com/justaboutanythingphotography
1010
posts
268
followers
191
following
Edit Your Profile
Adrianna Keith
| redeemed photographer | @webblo15 's fiancé |
www.facebook.com/justaboutanythingphotography","[{'x': 29, 'y': 43}, {'x': 556, 'y': 43}, {'x': 556, 'y': 557}, {'x': 29, 'y': 557}]",514,527,negative
1615.jpg,/kaggle/input/mvsasingle/MVSA_Single/data/1615.jpg,800,600,True,"y this
ar is","[{'x': 166, 'y': 340}, {'x': 273, 'y': 340}, {'x': 273, 'y': 421}, {'x': 166, 'y': 421}]",81,107,positive
1616.jpg,/kaggle/input/mvsasingle/MVSA_Single/data/1616.jpg,337,599,True,"TREPIDATION
Deuteronomy 31:6 Be
strong and
courageous. Do not be
afraid or terrified
because of them, for
the LORD your God
goes with you; he will
never leave you nor
forsake you.""","[{'x': 9, 'y': 12}, {'x': 581, 'y': 12}, {'x': 581, 'y': 322}, {'x': 9, 'y': 322}]",310,572,negative
1617.jpg,/kaggle/input/mvsasingle/MVSA_Single/data/1617.jpg,241,473,True,"www.MyPomlocker.com
MY
PORN BLOCKER
Protect Your Family's That Important
MY
PORN BLOCKER
PORN BLOCKER
The #1 Internet
Filtering Software
Guaranteed To
Protect Your
Family From
ALL Unwanted
Adult Content!
TM
MY PORN BLOCKER","[{'x': 60, 'y': 13}, {'x': 431, 'y': 13}, {'x': 431, 'y': 223}, {'x': 60, 'y': 223}]",210,371,positive
1618.jpg,/kaggle/input/mvsasingle/MVSA_Single/data/1618.jpg,960,540,True,"cel
177 D","[{'x': 12, 'y': 773}, {'x': 539, 'y': 773}, {'x': 539, 'y': 836}, {'x': 12, 'y': 836}]",63,527,negative
1619.jpg,/kaggle/input/mvsasingle/MVSA_Single/data/1619.jpg,903,599,True,"Episode 8:
Melissa Walsh
NSPIRING
AWESOME","[{'x': 20, 'y': 32}, {'x': 583, 'y': 32}, {'x': 583, 'y': 864}, {'x': 20, 'y': 864}]",832,563,negative
162.jpg,/kaggle/input/mvsasingle/MVSA_Single/data/162.jpg,1024,561,False,,[],0,0,neutral
1620.jpg,/kaggle/input/mvsasingle/MVSA_Single/data/1620.jpg,800,600,True,81,"[{'x': 7, 'y': 239}, {'x': 36, 'y': 239}, {'x': 36, 'y': 261}, {'x': 7, 'y': 261}]",22,29,positive
1621.jpg,/kaggle/input/mvsasingle/MVSA_Single/data/1621.jpg,337,599,True,"RIVIUM
Full nap
Octane
Traffic A
8:31
37
Octane
Rock
Paralysed
Flunss
ESPN Rad
CHIC
The Highw Ht 1
Dutere
اد","[{'x': 31, 'y': 52}, {'x': 497, 'y': 52}, {'x': 497, 'y': 329}, {'x': 31, 'y': 329}]",277,466,neutral
1622.jpg,/kaggle/input/mvsasingle/MVSA_Single/data/1622.jpg,241,459,True,"Sentencing Today for Attempted Murder
> Damone Lewis","[{'x': 47, 'y': 23}, {'x': 403, 'y': 23}, {'x': 403, 'y': 206}, {'x': 47, 'y': 206}]",183,356,positive
1623.jpg,/kaggle/input/mvsasingle/MVSA_Single/data/1623.jpg,240,600,True,MIND THE GAP,"[{'x': 211, 'y': 108}, {'x': 403, 'y': 108}, {'x': 403, 'y': 127}, {'x': 211, 'y': 127}]",19,192,positive
1624.jpg,/kaggle/input/mvsasingle/MVSA_Single/data/1624.jpg,800,600,True,"I wanted to be heavier.
Soul Mates:
A Diary of My Gain
I entered a gaining
contest & my BF put
45 pounds on me in
32 days.
A novella by
JM Ross
I kept a diary
of my changes as
my body grew.
I wanted
more curves.
He changed my body
& transformed
my life.","[{'x': 18, 'y': 48}, {'x': 574, 'y': 48}, {'x': 574, 'y': 756}, {'x': 18, 'y': 756}]",708,556,positive
1625.jpg,/kaggle/input/mvsasingle/MVSA_Single/data/1625.jpg,600,600,True,"COLLYER
COLLYER
COLLYER
t
E
J.S. COLLYE
J.S. COLLYE
J.S. COLLYE
J.S. COLLYE
J.S. COLLYE
NERD J.S.
J.S.
NE
NERO J.S
ZER ZERUER
S. COLLY
J.S. COLLYER
COLLYE","[{'x': 0, 'y': 1}, {'x': 599, 'y': 1}, {'x': 599, 'y': 425}, {'x': 0, 'y': 425}]",424,599,neutral
1626.jpg,/kaggle/input/mvsasingle/MVSA_Single/data/1626.jpg,400,400,True,".PokerM.ag
OFFERS TO GetMe@ToxicDomains.com","[{'x': 95, 'y': 156}, {'x': 334, 'y': 156}, {'x': 334, 'y': 246}, {'x': 95, 'y': 246}]",90,239,positive
1627.jpg,/kaggle/input/mvsasingle/MVSA_Single/data/1627.jpg,338,600,False,,[],0,0,negative
1628.jpg,/kaggle/input/mvsasingle/MVSA_Single/data/1628.jpg,900,600,False,,[],0,0,negative
1629.jpg,/kaggle/input/mvsasingle/MVSA_Single/data/1629.jpg,400,600,False,,[],0,0,negative
163.jpg,/kaggle/input/mvsasingle/MVSA_Single/data/163.jpg,565,565,True,"Hum Yahake
Robinhood
Hai
One Man Army","[{'x': 30, 'y': 5}, {'x': 341, 'y': 5}, {'x': 341, 'y': 523}, {'x': 30, 'y': 523}]",518,311,positive
1630.jpg,/kaggle/input/mvsasingle/MVSA_Single/data/1630.jpg,787,600,True,Cafe,"[{'x': 44, 'y': 140}, {'x': 112, 'y': 140}, {'x': 112, 'y': 174}, {'x': 44, 'y': 174}]",34,68,neutral
1631.jpg,/kaggle/input/mvsasingle/MVSA_Single/data/1631.jpg,691,500,False,,[],0,0,positive
1632.jpg,/kaggle/input/mvsasingle/MVSA_Single/data/1632.jpg,581,401,True,COPYRIGHT MM OOSTHUIZEN,"[{'x': 184, 'y': 559}, {'x': 349, 'y': 559}, {'x': 349, 'y': 570}, {'x': 184, 'y': 570}]",11,165,positive
1633.jpg,/kaggle/input/mvsasingle/MVSA_Single/data/1633.jpg,750,500,False,,[],0,0,positive
1634.jpg,/kaggle/input/mvsasingle/MVSA_Single/data/1634.jpg,500,500,True,"""
Healthy snacks for ?
C
""Every day is a fashion sh
and the world is your run
-COCO CHANEL","[{'x': 61, 'y': 32}, {'x': 288, 'y': 32}, {'x': 288, 'y': 381}, {'x': 61, 'y': 381}]",349,227,positive
1635.jpg,/kaggle/input/mvsasingle/MVSA_Single/data/1635.jpg,600,600,False,,[],0,0,neutral
1636.jpg,/kaggle/input/mvsasingle/MVSA_Single/data/1636.jpg,775,570,False,,[],0,0,positive
1637.jpg,/kaggle/input/mvsasingle/MVSA_Single/data/1637.jpg,788,500,True,HYAME,"[{'x': 439, 'y': 768}, {'x': 469, 'y': 768}, {'x': 469, 'y': 780}, {'x': 439, 'y': 780}]",12,30,positive
1638.jpg,/kaggle/input/mvsasingle/MVSA_Single/data/1638.jpg,799,599,True,".
JPMORGAN CHASE & Can","[{'x': 222, 'y': 0}, {'x': 424, 'y': 0}, {'x': 424, 'y': 402}, {'x': 222, 'y': 402}]",402,202,positive
1639.jpg,/kaggle/input/mvsasingle/MVSA_Single/data/1639.jpg,914,500,True,"sssa
HYAMEI","[{'x': 319, 'y': 470}, {'x': 473, 'y': 470}, {'x': 473, 'y': 911}, {'x': 319, 'y': 911}]",441,154,positive
164.jpg,/kaggle/input/mvsasingle/MVSA_Single/data/164.jpg,480,384,False,,[],0,0,positive
1640.jpg,/kaggle/input/mvsasingle/MVSA_Single/data/1640.jpg,600,599,False,,[],0,0,positive
1641.jpg,/kaggle/input/mvsasingle/MVSA_Single/data/1641.jpg,500,500,True,"DRINK
Merry","[{'x': 179, 'y': 353}, {'x': 234, 'y': 353}, {'x': 234, 'y': 391}, {'x': 179, 'y': 391}]",38,55,positive
1642.jpg,/kaggle/input/mvsasingle/MVSA_Single/data/1642.jpg,600,600,True,"17
m
Now it
K+B+","[{'x': 354, 'y': 238}, {'x': 508, 'y': 238}, {'x': 508, 'y': 503}, {'x': 354, 'y': 503}]",265,154,positive
1643.jpg,/kaggle/input/mvsasingle/MVSA_Single/data/1643.jpg,499,500,True,"N
chun
MATCHESSPY","[{'x': 199, 'y': 10}, {'x': 376, 'y': 10}, {'x': 376, 'y': 224}, {'x': 199, 'y': 224}]",214,177,positive
1644.jpg,/kaggle/input/mvsasingle/MVSA_Single/data/1644.jpg,500,500,True,"Plotnik
KITOTOXICA","[{'x': 295, 'y': 188}, {'x': 441, 'y': 188}, {'x': 441, 'y': 289}, {'x': 295, 'y': 289}]",101,146,neutral
1645.jpg,/kaggle/input/mvsasingle/MVSA_Single/data/1645.jpg,600,600,False,,[],0,0,negative
1646.jpg,/kaggle/input/mvsasingle/MVSA_Single/data/1646.jpg,600,600,True,"°
Q
WER
2000
A
B
M
о
L
P A
о
A","[{'x': 124, 'y': 2}, {'x': 441, 'y': 2}, {'x': 441, 'y': 74}, {'x': 124, 'y': 74}]",72,317,neutral
1647.jpg,/kaggle/input/mvsasingle/MVSA_Single/data/1647.jpg,499,500,False,,[],0,0,positive
1648.jpg,/kaggle/input/mvsasingle/MVSA_Single/data/1648.jpg,600,600,True,"INVE
ПРО
Jack Ma
rede ba wk of SM
The
Wit
Fook of Qld resto
The der has
The
Pyyh
the of the
All Chess at 1467-
thek
de with der C
ng the 20-24 per
the
Mot
NA
The best
paid to pay she di
S&P/ASX 200 hankind
AN
geof","[{'x': 0, 'y': 0}, {'x': 251, 'y': 0}, {'x': 251, 'y': 271}, {'x': 0, 'y': 271}]",271,251,positive
1649.jpg,/kaggle/input/mvsasingle/MVSA_Single/data/1649.jpg,470,600,True,"moms in a blog
30 DAYS
Organized
Home
30
Moms In A Blog Fren
Mon A
Blog Presents
Days to an
Organized Home
eBook
""Are You Sick and Tired of Looking
at the Mess Around You That Seems
to Grow Faster Than You Can Clean
It Up? Stop The Feelings of
Frustration & Failure The truth is, if...
10 IDEAS FOR
SUMMER TIME
SAVINGS
10 Ideas for
Summertime
Savings
Learn How You Can Save Extra
Money this Summer! Discover
affordable summer vacation ideas for
families. Uncover
30DAYS
Stress-Free
Holidays
30 Days to Stress
Free Holidays
Ready to Create Cherished Christmas
Memories and Family Traditions?
Don't Let Another Holiday Go By
Feeling Stressed & Depressed! So
often when the holidays start to roll
around I start...","[{'x': 4, 'y': 40}, {'x': 593, 'y': 40}, {'x': 593, 'y': 460}, {'x': 4, 'y': 460}]",420,589,neutral
165.jpg,/kaggle/input/mvsasingle/MVSA_Single/data/165.jpg,450,600,True,"GREEN BAY
PACKERS","[{'x': 63, 'y': 49}, {'x': 485, 'y': 49}, {'x': 485, 'y': 414}, {'x': 63, 'y': 414}]",365,422,positive
1650.jpg,/kaggle/input/mvsasingle/MVSA_Single/data/1650.jpg,500,500,True,"BREAKFAST
AT
TIFFANY'S
7329","[{'x': 346, 'y': 96}, {'x': 499, 'y': 96}, {'x': 499, 'y': 221}, {'x': 346, 'y': 221}]",125,153,positive
1651.jpg,/kaggle/input/mvsasingle/MVSA_Single/data/1651.jpg,600,600,True,"LIKE
HOME","[{'x': 465, 'y': 10}, {'x': 538, 'y': 10}, {'x': 538, 'y': 51}, {'x': 465, 'y': 51}]",41,73,neutral
1652.jpg,/kaggle/input/mvsasingle/MVSA_Single/data/1652.jpg,667,500,False,,[],0,0,negative
1653.jpg,/kaggle/input/mvsasingle/MVSA_Single/data/1653.jpg,840,600,False,,[],0,0,positive
1654.jpg,/kaggle/input/mvsasingle/MVSA_Single/data/1654.jpg,600,600,True,"THE
HOBBIT
NOW A MAJOR MOTION PICTURE
J.R.R. TOLKIEN
75 ANNIVERSARY EDITION","[{'x': 338, 'y': 343}, {'x': 556, 'y': 343}, {'x': 556, 'y': 599}, {'x': 338, 'y': 599}]",256,218,neutral
1655.jpg,/kaggle/input/mvsasingle/MVSA_Single/data/1655.jpg,337,599,True,KBS2,"[{'x': 511, 'y': 22}, {'x': 551, 'y': 22}, {'x': 551, 'y': 34}, {'x': 511, 'y': 34}]",12,40,negative
1656.jpg,/kaggle/input/mvsasingle/MVSA_Single/data/1656.jpg,226,399,True,"Girls who love football
are not weird. They're
a rare gift from God.
Those girls get bigger
diamonds!","[{'x': 12, 'y': 14}, {'x': 231, 'y': 14}, {'x': 231, 'y': 141}, {'x': 12, 'y': 141}]",127,219,negative
1657.jpg,/kaggle/input/mvsasingle/MVSA_Single/data/1657.jpg,450,600,True,ANDADDY,"[{'x': 281, 'y': 376}, {'x': 343, 'y': 376}, {'x': 343, 'y': 396}, {'x': 281, 'y': 396}]",20,62,negative
1658.jpg,/kaggle/input/mvsasingle/MVSA_Single/data/1658.jpg,472,433,False,,[],0,0,positive
1659.jpg,/kaggle/input/mvsasingle/MVSA_Single/data/1659.jpg,450,600,True,"Henry
PRODOGS DIRECT","[{'x': 131, 'y': 20}, {'x': 523, 'y': 20}, {'x': 523, 'y': 438}, {'x': 131, 'y': 438}]",418,392,positive
166.jpg,/kaggle/input/mvsasingle/MVSA_Single/data/166.jpg,399,599,True,"NOTE
TROY","[{'x': 20, 'y': 250}, {'x': 53, 'y': 250}, {'x': 53, 'y': 354}, {'x': 20, 'y': 354}]",104,33,positive
1660.jpg,/kaggle/input/mvsasingle/MVSA_Single/data/1660.jpg,450,600,False,,[],0,0,positive
1661.jpg,/kaggle/input/mvsasingle/MVSA_Single/data/1661.jpg,600,600,True,TBP,"[{'x': 138, 'y': 111}, {'x': 155, 'y': 111}, {'x': 155, 'y': 125}, {'x': 138, 'y': 125}]",14,17,positive
1662.jpg,/kaggle/input/mvsasingle/MVSA_Single/data/1662.jpg,128,128,False,,[],0,0,positive
1663.jpg,/kaggle/input/mvsasingle/MVSA_Single/data/1663.jpg,446,599,True,"A vibrant political culture needs communities who meet
and interact with each other.
Neoliberal democracy, with a focus on the market:
nurtures consumers instead of citizens, develops shopping
malls instead of communities.
The result? Disengaged individuals who feel
demoralized and socially powerless. Noam Chomsky","[{'x': 10, 'y': 13}, {'x': 592, 'y': 13}, {'x': 592, 'y': 264}, {'x': 10, 'y': 264}]",251,582,positive
1664.jpg,/kaggle/input/mvsasingle/MVSA_Single/data/1664.jpg,65,65,False,,[],0,0,positive
1665.jpg,/kaggle/input/mvsasingle/MVSA_Single/data/1665.jpg,1024,577,False,,[],0,0,positive
1666.jpg,/kaggle/input/mvsasingle/MVSA_Single/data/1666.jpg,600,600,True,C,"[{'x': 276, 'y': 330}, {'x': 345, 'y': 330}, {'x': 345, 'y': 393}, {'x': 276, 'y': 393}]",63,69,positive
1667.jpg,/kaggle/input/mvsasingle/MVSA_Single/data/1667.jpg,600,600,True,"YOUNG CHIZZ
PROVOKED
PARENTAL
ADVISORY
EXPLICIT CONTENT","[{'x': 79, 'y': 12}, {'x': 578, 'y': 12}, {'x': 578, 'y': 580}, {'x': 79, 'y': 580}]",568,499,positive
1668.jpg,/kaggle/input/mvsasingle/MVSA_Single/data/1668.jpg,475,317,True,"Provoked
ENLIGHTENMENT
Joanna Chamber's","[{'x': 21, 'y': 282}, {'x': 290, 'y': 282}, {'x': 290, 'y': 464}, {'x': 21, 'y': 464}]",182,269,negative
1669.jpg,/kaggle/input/mvsasingle/MVSA_Single/data/1669.jpg,961,436,True,"Nig what u saying
iMessage","[{'x': 21, 'y': 470}, {'x': 158, 'y': 470}, {'x': 158, 'y': 948}, {'x': 21, 'y': 948}]",478,137,positive
167.jpg,/kaggle/input/mvsasingle/MVSA_Single/data/167.jpg,400,400,True,"FURIOUS7
4.3.2015","[{'x': 30, 'y': 168}, {'x': 375, 'y': 168}, {'x': 375, 'y': 230}, {'x': 30, 'y': 230}]",62,345,neutral
1670.jpg,/kaggle/input/mvsasingle/MVSA_Single/data/1670.jpg,800,600,True,"OKLAHO
SOLER
MOTU FOR AHA
State Farm
UAL of ON AH","[{'x': 27, 'y': 176}, {'x': 596, 'y': 176}, {'x': 596, 'y': 383}, {'x': 27, 'y': 383}]",207,569,positive
1671.jpg,/kaggle/input/mvsasingle/MVSA_Single/data/1671.jpg,477,600,True,"NATIONAL PIZZA DAY -
February 9
National Pizza Day
February 9
www.NationalDayCalendar.com
National Pizza Day February 9","[{'x': 31, 'y': 23}, {'x': 497, 'y': 23}, {'x': 497, 'y': 446}, {'x': 31, 'y': 446}]",423,466,positive
1672.jpg,/kaggle/input/mvsasingle/MVSA_Single/data/1672.jpg,882,599,True,"28
JUN
*
2015
CLOSE LBF 2015 WEEKEND WITH STYLE
LUMINOSITY
BEACH FESTIVAL
AFTER PARTY
SIMON
PATTERSON
PRODUCER SET
ONE
JORDAN
SUCKLEY
CLASSICS
NEPTUNE PROJECT DANIEL SKYVER ANDRES SANCHEZ
Club Stijl / Kosterstraat 1A / Zandvoort
Located on walking distance to Zandvoort CS and Center Parcs
Free shuttlebusses available from the Beach Festival to the afterparty
Tickets: €15,- limited 500 available at www.luminosity-events.nl","[{'x': 46, 'y': 58}, {'x': 555, 'y': 58}, {'x': 555, 'y': 834}, {'x': 46, 'y': 834}]",776,509,negative
1673.jpg,/kaggle/input/mvsasingle/MVSA_Single/data/1673.jpg,800,600,False,,[],0,0,negative
1674.jpg,/kaggle/input/mvsasingle/MVSA_Single/data/1674.jpg,600,600,True,"DILLINGER
9ZERO 7
ONITIO","[{'x': 121, 'y': 409}, {'x': 451, 'y': 409}, {'x': 451, 'y': 567}, {'x': 121, 'y': 567}]",158,330,positive
1675.jpg,/kaggle/input/mvsasingle/MVSA_Single/data/1675.jpg,450,600,True,"PLAYER LOCKED
BEAST LOCKED
George Washington is buried at which of these US. landmarks?
Arlington National Cemetery
Valley Forge National Historic Park
Mount Vernon","[{'x': 77, 'y': 249}, {'x': 567, 'y': 249}, {'x': 567, 'y': 403}, {'x': 77, 'y': 403}]",154,490,neutral
1676.jpg,/kaggle/input/mvsasingle/MVSA_Single/data/1676.jpg,450,600,True,BG,"[{'x': 330, 'y': 239}, {'x': 359, 'y': 239}, {'x': 359, 'y': 260}, {'x': 330, 'y': 260}]",21,29,neutral
1677.jpg,/kaggle/input/mvsasingle/MVSA_Single/data/1677.jpg,631,599,True,"PAUL MITCHELL.
III
awapuhi
wild ginger
awapuhi
wild ginger
KERATIN
NTENSIVE TREATMEN
CHEN
wapuni
TRIPLEX
TREATMENT
MOL WTCHELL
Some 515 or
LMTOR","[{'x': 26, 'y': 37}, {'x': 541, 'y': 37}, {'x': 541, 'y': 566}, {'x': 26, 'y': 566}]",529,515,positive
1678.jpg,/kaggle/input/mvsasingle/MVSA_Single/data/1678.jpg,600,600,True,"$
KEEP
CALM
AND
WORSHIP
MOLLY","[{'x': 209, 'y': 28}, {'x': 392, 'y': 28}, {'x': 392, 'y': 276}, {'x': 209, 'y': 276}]",248,183,neutral
1679.jpg,/kaggle/input/mvsasingle/MVSA_Single/data/1679.jpg,800,600,False,,[],0,0,positive
168.jpg,/kaggle/input/mvsasingle/MVSA_Single/data/168.jpg,375,600,True,"Chrome File Edit View History Bookmarks Window People Help
Cleveland Clinic on Twin
Home
Twitter, Inc. US reps/twitter.com/clevelandclinic/status/5400876468510012
Notifications Messages
Cleveland Clinic
Cleveland Clinic
ST
Follow
Here's a treat the kids will love. Today is
National Eat #IceCream for Breakfast Day! :
cle.clinic/16ArVhc
96
FAVORITE
62
4:00 AM-7 Feb 2015
8214
Sat 7:52 PM Sarah Stanley Q
Sarah
Tweet","[{'x': 24, 'y': 2}, {'x': 593, 'y': 2}, {'x': 593, 'y': 344}, {'x': 24, 'y': 344}]",342,569,positive
1680.jpg,/kaggle/input/mvsasingle/MVSA_Single/data/1680.jpg,600,600,True,"I♥
ME","[{'x': 39, 'y': 58}, {'x': 532, 'y': 58}, {'x': 532, 'y': 539}, {'x': 39, 'y': 539}]",481,493,positive
1681.jpg,/kaggle/input/mvsasingle/MVSA_Single/data/1681.jpg,399,599,False,,[],0,0,positive
1682.jpg,/kaggle/input/mvsasingle/MVSA_Single/data/1682.jpg,337,599,True,WWW.FAMOUSANDNUDE.NET,"[{'x': 259, 'y': 6}, {'x': 591, 'y': 6}, {'x': 591, 'y': 24}, {'x': 259, 'y': 24}]",18,332,neutral
1683.jpg,/kaggle/input/mvsasingle/MVSA_Single/data/1683.jpg,337,599,True,WWW.FAMOUSANDUNCENSORED.COM,"[{'x': 153, 'y': 6}, {'x': 587, 'y': 6}, {'x': 587, 'y': 24}, {'x': 153, 'y': 24}]",18,434,neutral
1684.jpg,/kaggle/input/mvsasingle/MVSA_Single/data/1684.jpg,839,600,True,FSR,"[{'x': 0, 'y': 788}, {'x': 111, 'y': 788}, {'x': 111, 'y': 833}, {'x': 0, 'y': 833}]",45,111,positive
1685.jpg,/kaggle/input/mvsasingle/MVSA_Single/data/1685.jpg,337,599,True,WWW.FAMOUSANDNUDE.NET,"[{'x': 259, 'y': 6}, {'x': 592, 'y': 6}, {'x': 592, 'y': 23}, {'x': 259, 'y': 23}]",17,333,positive
1686.jpg,/kaggle/input/mvsasingle/MVSA_Single/data/1686.jpg,337,599,True,"WWW.FAMOUSANDUNCENSORED.COM
괜찮아
신경 안 써","[{'x': 155, 'y': 6}, {'x': 587, 'y': 6}, {'x': 587, 'y': 317}, {'x': 155, 'y': 317}]",311,432,positive
1687.jpg,/kaggle/input/mvsasingle/MVSA_Single/data/1687.jpg,347,599,False,,[],0,0,positive
1688.jpg,/kaggle/input/mvsasingle/MVSA_Single/data/1688.jpg,450,600,False,,[],0,0,positive
1689.jpg,/kaggle/input/mvsasingle/MVSA_Single/data/1689.jpg,304,460,False,,[],0,0,positive
169.jpg,/kaggle/input/mvsasingle/MVSA_Single/data/169.jpg,183,276,False,,[],0,0,negative
1690.jpg,/kaggle/input/mvsasingle/MVSA_Single/data/1690.jpg,475,316,True,"New York Times Best Selling Author
""A SIZZLING and SMART start
to what is sure to be
an OUTSTANDING serial.""
Chelsea C. Cameron,
New York Times Bestselling Author
CO med
SCORNED
From the Inside Out
Part 1
S.L. Scott","[{'x': 29, 'y': 25}, {'x': 300, 'y': 25}, {'x': 300, 'y': 456}, {'x': 29, 'y': 456}]",431,271,positive
1691.jpg,/kaggle/input/mvsasingle/MVSA_Single/data/1691.jpg,337,599,True,"TEN
CANALSAT
Open Sud de France
2nd ROUND
JERZY JANOWICZ POL 5
BENOIT PAIRE FRA
COURT CENTRAL
636
263 ATP
G","[{'x': 8, 'y': 7}, {'x': 520, 'y': 7}, {'x': 520, 'y': 312}, {'x': 8, 'y': 312}]",305,512,positive
1692.jpg,/kaggle/input/mvsasingle/MVSA_Single/data/1692.jpg,270,476,True,"OR
Babolar","[{'x': 71, 'y': 170}, {'x': 447, 'y': 170}, {'x': 447, 'y': 229}, {'x': 71, 'y': 229}]",59,376,positive
1693.jpg,/kaggle/input/mvsasingle/MVSA_Single/data/1693.jpg,375,600,False,,[],0,0,positive
1694.jpg,/kaggle/input/mvsasingle/MVSA_Single/data/1694.jpg,600,600,True,"As Long as this wound tears unhealed...
MY POWER ALFONLY
CONTINUE TO GROW
Howard","[{'x': 12, 'y': 208}, {'x': 598, 'y': 208}, {'x': 598, 'y': 501}, {'x': 12, 'y': 501}]",293,586,positive
1695.jpg,/kaggle/input/mvsasingle/MVSA_Single/data/1695.jpg,338,450,True,"WASHBURN UNI
SITY
肉
TAG
HAW
GOD
HATES PEREZIOS
FAGS
BAWALL
VOTE","[{'x': 49, 'y': 0}, {'x': 393, 'y': 0}, {'x': 393, 'y': 250}, {'x': 49, 'y': 250}]",250,344,positive
1696.jpg,/kaggle/input/mvsasingle/MVSA_Single/data/1696.jpg,600,600,True,"Ntense Pro
Pigments
ure Lightning
INtense
INtense Pro
Pigments
Hot Pink
INtense
Hitense Pro
Pigments","[{'x': 0, 'y': 421}, {'x': 597, 'y': 421}, {'x': 597, 'y': 541}, {'x': 0, 'y': 541}]",120,597,positive
1697.jpg,/kaggle/input/mvsasingle/MVSA_Single/data/1697.jpg,1024,576,False,,[],0,0,positive
1698.jpg,/kaggle/input/mvsasingle/MVSA_Single/data/1698.jpg,360,480,True,"Main Wich
KEEK","[{'x': 214, 'y': 331}, {'x': 400, 'y': 331}, {'x': 400, 'y': 359}, {'x': 214, 'y': 359}]",28,186,positive
1699.jpg,/kaggle/input/mvsasingle/MVSA_Single/data/1699.jpg,800,600,True,"Chant
Exit
163
EUCY
Announcement
PA. in progress
Lucy
CH
0447
Longuages","[{'x': 65, 'y': 47}, {'x': 580, 'y': 47}, {'x': 580, 'y': 451}, {'x': 65, 'y': 451}]",404,515,negative
17.jpg,/kaggle/input/mvsasingle/MVSA_Single/data/17.jpg,314,600,True,"อ
2012
PE
NAPPIES
12 LAGNIAPPE
Pump
Pumpit U
umpit U
unp:Up
PA
THE NF
Enter
your resume
To Win
a job!","[{'x': 121, 'y': 1}, {'x': 595, 'y': 1}, {'x': 595, 'y': 295}, {'x': 121, 'y': 295}]",294,474,neutral
170.jpg,/kaggle/input/mvsasingle/MVSA_Single/data/170.jpg,450,600,True,"DELTA
HYUNDAI
xfinity
COOLRA","[{'x': 79, 'y': 61}, {'x': 377, 'y': 61}, {'x': 377, 'y': 201}, {'x': 79, 'y': 201}]",140,298,neutral
1700.jpg,/kaggle/input/mvsasingle/MVSA_Single/data/1700.jpg,800,600,True,"2005
145 UNDER
CHAMPIONS
adiators
4:00
NG
F
JAGA
NG 8
2002-201
MAJOR LEAGUERILLER
WORLD CHAMPI
MARPLEBLADIAT
ROSACY
NORTH AMERICAN GRAPPLING ASSOCIATION
NAGAFIGHTER.CO","[{'x': 0, 'y': 191}, {'x': 599, 'y': 191}, {'x': 599, 'y': 736}, {'x': 0, 'y': 736}]",545,599,positive
1701.jpg,/kaggle/input/mvsasingle/MVSA_Single/data/1701.jpg,600,600,True,"RADI
clyde","[{'x': 321, 'y': 519}, {'x': 446, 'y': 519}, {'x': 446, 'y': 587}, {'x': 321, 'y': 587}]",68,125,negative
1702.jpg,/kaggle/input/mvsasingle/MVSA_Single/data/1702.jpg,400,599,True,STOP,"[{'x': 513, 'y': 135}, {'x': 578, 'y': 135}, {'x': 578, 'y': 161}, {'x': 513, 'y': 161}]",26,65,negative
1703.jpg,/kaggle/input/mvsasingle/MVSA_Single/data/1703.jpg,391,600,False,,[],0,0,neutral
1704.jpg,/kaggle/input/mvsasingle/MVSA_Single/data/1704.jpg,291,518,True,"20
10000 YEN
10
50 EURO
trales
①","[{'x': 75, 'y': 109}, {'x': 416, 'y': 109}, {'x': 416, 'y': 194}, {'x': 75, 'y': 194}]",85,341,positive
1705.jpg,/kaggle/input/mvsasingle/MVSA_Single/data/1705.jpg,483,599,True,"EVERYONE'S TALKING ABOUT THE GRAMMYS
AND I'M JUST SITTING HERE
WAITING FOR THE NFL DRAFT
@NFLMEMEZ","[{'x': 8, 'y': 6}, {'x': 593, 'y': 6}, {'x': 593, 'y': 478}, {'x': 8, 'y': 478}]",472,585,negative
1706.jpg,/kaggle/input/mvsasingle/MVSA_Single/data/1706.jpg,400,599,False,,[],0,0,neutral
1707.jpg,/kaggle/input/mvsasingle/MVSA_Single/data/1707.jpg,800,600,True,"acing.com
LOEWEN","[{'x': 0, 'y': 213}, {'x': 585, 'y': 213}, {'x': 585, 'y': 763}, {'x': 0, 'y': 763}]",550,585,neutral
1708.jpg,/kaggle/input/mvsasingle/MVSA_Single/data/1708.jpg,798,599,True,nexus,"[{'x': 45, 'y': 0}, {'x': 97, 'y': 0}, {'x': 97, 'y': 161}, {'x': 45, 'y': 161}]",161,52,positive
1709.jpg,/kaggle/input/mvsasingle/MVSA_Single/data/1709.jpg,600,600,True,"DELTA FORCE
UNITED STATES ARMY","[{'x': 54, 'y': 50}, {'x': 536, 'y': 50}, {'x': 536, 'y': 581}, {'x': 54, 'y': 581}]",531,482,positive
171.jpg,/kaggle/input/mvsasingle/MVSA_Single/data/171.jpg,608,599,True,M,"[{'x': 491, 'y': 178}, {'x': 540, 'y': 178}, {'x': 540, 'y': 241}, {'x': 491, 'y': 241}]",63,49,positive
1710.jpg,/kaggle/input/mvsasingle/MVSA_Single/data/1710.jpg,518,599,True,"Bruce: Are you looking for food again?
Kylie: Are you calling me fat?","[{'x': 124, 'y': 315}, {'x': 517, 'y': 315}, {'x': 517, 'y': 377}, {'x': 124, 'y': 377}]",62,393,positive
1711.jpg,/kaggle/input/mvsasingle/MVSA_Single/data/1711.jpg,450,600,True,"""think she was
judged very
harshly and
wrongly by a
lot of people.
Kate Barry, friend of
Lady Renouf
Photo taken by Mark Farnell, ABC cameraman
AUSTRALIAN STORY","[{'x': 6, 'y': 132}, {'x': 575, 'y': 132}, {'x': 575, 'y': 432}, {'x': 6, 'y': 432}]",300,569,neutral
1712.jpg,/kaggle/input/mvsasingle/MVSA_Single/data/1712.jpg,399,600,True,"facebook
H","[{'x': 175, 'y': 31}, {'x': 424, 'y': 31}, {'x': 424, 'y': 154}, {'x': 175, 'y': 154}]",123,249,neutral
1713.jpg,/kaggle/input/mvsasingle/MVSA_Single/data/1713.jpg,400,600,True,thanmuth th,"[{'x': 71, 'y': 29}, {'x': 97, 'y': 29}, {'x': 97, 'y': 104}, {'x': 71, 'y': 104}]",75,26,neutral
1714.jpg,/kaggle/input/mvsasingle/MVSA_Single/data/1714.jpg,450,600,True,"ALL-STAR®
ALL-STAR
Deluxe
BATTER'S
GLOVE
ITEM BG-1000
YOUTH
De Pro Kit
Spandes tak
Sure-Grip Feel
Wars Pre-Close
Whit Dasipe
+pecially Treated
Stay Soft Sheepskin
Custom Fit Design
Auction RSS Feed","[{'x': 177, 'y': 75}, {'x': 567, 'y': 75}, {'x': 567, 'y': 439}, {'x': 177, 'y': 439}]",364,390,positive
1715.jpg,/kaggle/input/mvsasingle/MVSA_Single/data/1715.jpg,1000,600,True,"Hard Rock
MEDIUM
Hard Rock
MEDIUM
Hard Rock
Hard Rock
MEDIUM
Hard Rock
MEDIUM
MEDIUM
Hard Rock
MEDIUM","[{'x': 79, 'y': 257}, {'x': 513, 'y': 257}, {'x': 513, 'y': 655}, {'x': 79, 'y': 655}]",398,434,positive
1716.jpg,/kaggle/input/mvsasingle/MVSA_Single/data/1716.jpg,600,600,True,HARVEYS,"[{'x': 183, 'y': 370}, {'x': 226, 'y': 370}, {'x': 226, 'y': 384}, {'x': 183, 'y': 384}]",14,43,positive
1717.jpg,/kaggle/input/mvsasingle/MVSA_Single/data/1717.jpg,600,600,False,,[],0,0,positive
1718.jpg,/kaggle/input/mvsasingle/MVSA_Single/data/1718.jpg,325,600,False,,[],0,0,positive
1719.jpg,/kaggle/input/mvsasingle/MVSA_Single/data/1719.jpg,600,600,False,,[],0,0,positive
172.jpg,/kaggle/input/mvsasingle/MVSA_Single/data/172.jpg,450,600,True,EW,"[{'x': 172, 'y': 398}, {'x': 193, 'y': 398}, {'x': 193, 'y': 411}, {'x': 172, 'y': 411}]",13,21,negative
1720.jpg,/kaggle/input/mvsasingle/MVSA_Single/data/1720.jpg,480,600,True,(6,"[{'x': 318, 'y': 160}, {'x': 420, 'y': 160}, {'x': 420, 'y': 247}, {'x': 318, 'y': 247}]",87,102,positive
1721.jpg,/kaggle/input/mvsasingle/MVSA_Single/data/1721.jpg,600,600,False,,[],0,0,positive
1722.jpg,/kaggle/input/mvsasingle/MVSA_Single/data/1722.jpg,800,600,False,,[],0,0,negative
1723.jpg,/kaggle/input/mvsasingle/MVSA_Single/data/1723.jpg,640,480,False,,[],0,0,positive
1724.jpg,/kaggle/input/mvsasingle/MVSA_Single/data/1724.jpg,800,600,False,,[],0,0,neutral
1725.jpg,/kaggle/input/mvsasingle/MVSA_Single/data/1725.jpg,571,571,True,@INTHELIFEWITHAYO,"[{'x': 90, 'y': 473}, {'x': 497, 'y': 473}, {'x': 497, 'y': 549}, {'x': 90, 'y': 549}]",76,407,negative
1726.jpg,/kaggle/input/mvsasingle/MVSA_Single/data/1726.jpg,600,600,True,"new business
loop models
MODELOS
DE NEGOCIO
QUE HACEN
única
TU EMPRESA
▸ Detectamos
oportunidades de mercado
Estructuramos
modelos de negocio
▸ Desarrollamos
categorías de producto y
servicio
ZIPPY
Es único
www.loop-cn.com","[{'x': 22, 'y': 41}, {'x': 369, 'y': 41}, {'x': 369, 'y': 592}, {'x': 22, 'y': 592}]",551,347,neutral
1727.jpg,/kaggle/input/mvsasingle/MVSA_Single/data/1727.jpg,800,600,True,"10.2.15
English
Alice
Chew
Was
Electric Shock!
hard all
a dark night in Athens. It had been raining
day.
I heard that there
Was an electrical storm""
on its way. I went to the olympic Stadium to get
When I arrived there was.
a
a good vieds.
It sounded like an
into
clap of thunder.
explosion. The lightning looked like it could brock a street lamp down.
There were many strikes of fork lightning. They were stabbing
the ground like knives. The sky lit.
on its brightest Setting.
up
like an
Was terrified. The power of the storm Was
enormous
SO
torch
Er
Wun
stang that
it made me feel small. It was as if nature was having a
tantrum. Electricity is amazing but Very dangerous!!!!
Stree
Malt
Stak
Sk
SA","[{'x': 55, 'y': 42}, {'x': 599, 'y': 42}, {'x': 599, 'y': 796}, {'x': 55, 'y': 796}]",754,544,neutral
1728.jpg,/kaggle/input/mvsasingle/MVSA_Single/data/1728.jpg,319,598,True,"COCO SPRINGFIELD TOWN HALL
10
TOWN MEETING TODAY
30 YEARS AGO
FOX D","[{'x': 153, 'y': 100}, {'x': 565, 'y': 100}, {'x': 565, 'y': 285}, {'x': 153, 'y': 285}]",185,412,positive
1729.jpg,/kaggle/input/mvsasingle/MVSA_Single/data/1729.jpg,293,500,True,"POR QUE A-MI
B","[{'x': 13, 'y': 7}, {'x': 223, 'y': 7}, {'x': 223, 'y': 249}, {'x': 13, 'y': 249}]",242,210,positive
173.jpg,/kaggle/input/mvsasingle/MVSA_Single/data/173.jpg,800,600,True,adidas,"[{'x': 300, 'y': 143}, {'x': 346, 'y': 143}, {'x': 346, 'y': 159}, {'x': 300, 'y': 159}]",16,46,positive
1730.jpg,/kaggle/input/mvsasingle/MVSA_Single/data/1730.jpg,1024,576,False,,[],0,0,positive
1731.jpg,/kaggle/input/mvsasingle/MVSA_Single/data/1731.jpg,435,600,False,,[],0,0,positive
1732.jpg,/kaggle/input/mvsasingle/MVSA_Single/data/1732.jpg,1024,576,False,,[],0,0,positive
1733.jpg,/kaggle/input/mvsasingle/MVSA_Single/data/1733.jpg,960,488,True,"""Rap is the new rock and roll.
We the rock stars, and
I'm the biggest of them all.""
-Kanye West
LOL
Bitch, PLEASE.","[{'x': 118, 'y': 103}, {'x': 486, 'y': 103}, {'x': 486, 'y': 716}, {'x': 118, 'y': 716}]",613,368,positive
1734.jpg,/kaggle/input/mvsasingle/MVSA_Single/data/1734.jpg,800,600,True,"Habana
A
RISTO
MONT
NOW
CRISTO
HABANA
AN
RS
ΔΙΟ
ng
ar
gt
lv
er
na","[{'x': 38, 'y': 9}, {'x': 599, 'y': 9}, {'x': 599, 'y': 799}, {'x': 38, 'y': 799}]",790,561,negative
1735.jpg,/kaggle/input/mvsasingle/MVSA_Single/data/1735.jpg,307,479,False,,[],0,0,negative
1736.jpg,/kaggle/input/mvsasingle/MVSA_Single/data/1736.jpg,450,600,True,"Exp
the
Con
Tec
Workshop
All
Goes
Well
you're
Hero
Happy
To. Y
T
Happy
Happy
Valentines Day to the
Corial Kills read
Valentine's","[{'x': 1, 'y': 35}, {'x': 530, 'y': 35}, {'x': 530, 'y': 449}, {'x': 1, 'y': 449}]",414,529,positive
1737.jpg,/kaggle/input/mvsasingle/MVSA_Single/data/1737.jpg,500,500,True,"BD Underground
Presents
A
CAPITOL
Bute Astr","[{'x': 78, 'y': 13}, {'x': 486, 'y': 13}, {'x': 486, 'y': 462}, {'x': 78, 'y': 462}]",449,408,positive
1738.jpg,/kaggle/input/mvsasingle/MVSA_Single/data/1738.jpg,302,550,False,,[],0,0,positive
1739.jpg,/kaggle/input/mvsasingle/MVSA_Single/data/1739.jpg,337,599,False,,[],0,0,positive
174.jpg,/kaggle/input/mvsasingle/MVSA_Single/data/174.jpg,600,600,False,,[],0,0,positive
1740.jpg,/kaggle/input/mvsasingle/MVSA_Single/data/1740.jpg,973,600,True,"ne
One
e
One
one
One
ne
One
one
ne
one
One
One
OUTCAS
one
one
Jone
Snel
CAST
BUTCAS
One
One
e..
One
ne
one
one
one
One
One
one
One
One
One
one
ne PICCOLLAGE","[{'x': 0, 'y': 50}, {'x': 577, 'y': 50}, {'x': 577, 'y': 956}, {'x': 0, 'y': 956}]",906,577,neutral
1741.jpg,/kaggle/input/mvsasingle/MVSA_Single/data/1741.jpg,327,580,True,"HAYDEN
CHRISTENSEN
NICOLAS
CAGE
OUTCAST","[{'x': 89, 'y': 156}, {'x': 504, 'y': 156}, {'x': 504, 'y': 326}, {'x': 89, 'y': 326}]",170,415,negative
1742.jpg,/kaggle/input/mvsasingle/MVSA_Single/data/1742.jpg,687,386,False,,[],0,0,positive
1743.jpg,/kaggle/input/mvsasingle/MVSA_Single/data/1743.jpg,600,600,True,"chentone
CO
e
one
one
ne
ne
e
one
ne
Tenone
entertainmentog
enamento
e
ntone
ΦΟΙ
One
ОФ
antartonmenon","[{'x': 0, 'y': 3}, {'x': 597, 'y': 3}, {'x': 597, 'y': 494}, {'x': 0, 'y': 494}]",491,597,neutral
1744.jpg,/kaggle/input/mvsasingle/MVSA_Single/data/1744.jpg,600,600,True,didas,"[{'x': 265, 'y': 313}, {'x': 313, 'y': 313}, {'x': 313, 'y': 332}, {'x': 265, 'y': 332}]",19,48,positive
1745.jpg,/kaggle/input/mvsasingle/MVSA_Single/data/1745.jpg,462,600,False,,[],0,0,negative
1746.jpg,/kaggle/input/mvsasingle/MVSA_Single/data/1746.jpg,600,600,True,"ome to
RING 15 ZIPPY
zippy.es
Srar contigo nuestra
online
e seas el primero en estrenarla!
ZIPPY
FLORIDA
MIAMI
VONSHAARDS","[{'x': 0, 'y': 0}, {'x': 598, 'y': 0}, {'x': 598, 'y': 439}, {'x': 0, 'y': 439}]",439,598,positive
1747.jpg,/kaggle/input/mvsasingle/MVSA_Single/data/1747.jpg,800,600,False,,[],0,0,negative
1748.jpg,/kaggle/input/mvsasingle/MVSA_Single/data/1748.jpg,232,600,True,"For a quick escape from reality...
Try our 20 Minute erotic
bodyslide/shower session!
Only $100
all-inclusive","[{'x': 4, 'y': 2}, {'x': 481, 'y': 2}, {'x': 481, 'y': 185}, {'x': 4, 'y': 185}]",183,477,neutral
1749.jpg,/kaggle/input/mvsasingle/MVSA_Single/data/1749.jpg,387,600,False,,[],0,0,positive
175.jpg,/kaggle/input/mvsasingle/MVSA_Single/data/175.jpg,800,600,True,"UNISON
Women members
fighting for a
fairer ciety
million
voices
for
change
UNISON","[{'x': 37, 'y': 127}, {'x': 524, 'y': 127}, {'x': 524, 'y': 342}, {'x': 37, 'y': 342}]",215,487,positive
1750.jpg,/kaggle/input/mvsasingle/MVSA_Single/data/1750.jpg,400,400,True,"AAT ESSEX BRANCH
NEEDS YOU
memegenerator.net","[{'x': 56, 'y': 9}, {'x': 397, 'y': 9}, {'x': 397, 'y': 398}, {'x': 56, 'y': 398}]",389,341,negative
1751.jpg,/kaggle/input/mvsasingle/MVSA_Single/data/1751.jpg,750,500,False,,[],0,0,negative
1752.jpg,/kaggle/input/mvsasingle/MVSA_Single/data/1752.jpg,331,598,False,,[],0,0,negative
1753.jpg,/kaggle/input/mvsasingle/MVSA_Single/data/1753.jpg,800,600,True,"Garrett
Garret Sheskey
Tech Conference
Attendee
PRESENTER
ATENDEE
Mollic
Autreder
SEATE
Attendee
Tech Contend
STAR
ACNOFE","[{'x': 135, 'y': 255}, {'x': 514, 'y': 255}, {'x': 514, 'y': 729}, {'x': 135, 'y': 729}]",474,379,neutral
1754.jpg,/kaggle/input/mvsasingle/MVSA_Single/data/1754.jpg,254,369,False,,[],0,0,positive
1755.jpg,/kaggle/input/mvsasingle/MVSA_Single/data/1755.jpg,898,600,True,dennisminnerphotography.com,"[{'x': 270, 'y': 869}, {'x': 576, 'y': 869}, {'x': 576, 'y': 890}, {'x': 270, 'y': 890}]",21,306,negative
1756.jpg,/kaggle/input/mvsasingle/MVSA_Single/data/1756.jpg,600,600,True,"I ATE ELF ON THE
SHELF AND RUINED
CHRISTMAS","[{'x': 321, 'y': 24}, {'x': 434, 'y': 24}, {'x': 434, 'y': 107}, {'x': 321, 'y': 107}]",83,113,neutral
1757.jpg,/kaggle/input/mvsasingle/MVSA_Single/data/1757.jpg,900,600,True,"MIAMI
HEAT
Biters!","[{'x': 195, 'y': 137}, {'x': 378, 'y': 137}, {'x': 378, 'y': 528}, {'x': 195, 'y': 528}]",391,183,positive
1758.jpg,/kaggle/input/mvsasingle/MVSA_Single/data/1758.jpg,357,599,True,"Jenna Mourey/Marbles
@Jenna Marbles FOLLOWS YOU","[{'x': 35, 'y': 243}, {'x': 527, 'y': 243}, {'x': 527, 'y': 344}, {'x': 35, 'y': 344}]",101,492,positive
1759.jpg,/kaggle/input/mvsasingle/MVSA_Single/data/1759.jpg,225,598,True,"AIR
AP","[{'x': 0, 'y': 138}, {'x': 492, 'y': 138}, {'x': 492, 'y': 201}, {'x': 0, 'y': 201}]",63,492,positive
176.jpg,/kaggle/input/mvsasingle/MVSA_Single/data/176.jpg,600,600,True,EXHILARATEL,"[{'x': 195, 'y': 323}, {'x': 415, 'y': 323}, {'x': 415, 'y': 380}, {'x': 195, 'y': 380}]",57,220,positive
1760.jpg,/kaggle/input/mvsasingle/MVSA_Single/data/1760.jpg,800,600,True,"THIS
Slimming
congratulations!
Slimming
what an
achievement!
1/2
Slimming
Samer of the week","[{'x': 0, 'y': 60}, {'x': 468, 'y': 60}, {'x': 468, 'y': 516}, {'x': 0, 'y': 516}]",456,468,neutral
1761.jpg,/kaggle/input/mvsasingle/MVSA_Single/data/1761.jpg,416,298,False,,[],0,0,neutral
1762.jpg,/kaggle/input/mvsasingle/MVSA_Single/data/1762.jpg,711,600,False,,[],0,0,positive
1763.jpg,/kaggle/input/mvsasingle/MVSA_Single/data/1763.jpg,800,600,True,"AY SPOR
ww","[{'x': 277, 'y': 383}, {'x': 545, 'y': 383}, {'x': 545, 'y': 686}, {'x': 277, 'y': 686}]",303,268,positive
1764.jpg,/kaggle/input/mvsasingle/MVSA_Single/data/1764.jpg,447,599,True,"Rai 1
HO","[{'x': 416, 'y': 117}, {'x': 467, 'y': 117}, {'x': 467, 'y': 129}, {'x': 416, 'y': 129}]",12,51,positive
1765.jpg,/kaggle/input/mvsasingle/MVSA_Single/data/1765.jpg,350,462,True,"114th CONGRESS
Lisa201516
Dist by Wash Potterap","[{'x': 142, 'y': 11}, {'x': 457, 'y': 11}, {'x': 457, 'y': 343}, {'x': 142, 'y': 343}]",332,315,positive
1766.jpg,/kaggle/input/mvsasingle/MVSA_Single/data/1766.jpg,586,599,False,,[],0,0,positive
1767.jpg,/kaggle/input/mvsasingle/MVSA_Single/data/1767.jpg,600,600,False,,[],0,0,neutral
1768.jpg,/kaggle/input/mvsasingle/MVSA_Single/data/1768.jpg,428,600,False,,[],0,0,positive
1769.jpg,/kaggle/input/mvsasingle/MVSA_Single/data/1769.jpg,425,500,True,DEVILAN,"[{'x': 94, 'y': 118}, {'x': 165, 'y': 118}, {'x': 165, 'y': 150}, {'x': 94, 'y': 150}]",32,71,negative
177.jpg,/kaggle/input/mvsasingle/MVSA_Single/data/177.jpg,1024,576,False,,[],0,0,neutral
1770.jpg,/kaggle/input/mvsasingle/MVSA_Single/data/1770.jpg,361,480,False,,[],0,0,positive
1771.jpg,/kaggle/input/mvsasingle/MVSA_Single/data/1771.jpg,315,504,True,"You cannot punish everyone with the
insecurities brought on by one individual.
carrienet™
LICENSED ONLINE THERAPY
www.carrienet.com
facebook.com/carriemusgrove","[{'x': 25, 'y': 33}, {'x': 469, 'y': 33}, {'x': 469, 'y': 297}, {'x': 25, 'y': 297}]",264,444,positive
1772.jpg,/kaggle/input/mvsasingle/MVSA_Single/data/1772.jpg,800,600,False,,[],0,0,positive
1773.jpg,/kaggle/input/mvsasingle/MVSA_Single/data/1773.jpg,449,437,False,,[],0,0,negative
1774.jpg,/kaggle/input/mvsasingle/MVSA_Single/data/1774.jpg,450,600,True,"Countering Islamic Fundamentalism,
February 13, 2015
Phoenix, Arizona
O AC
Nuclear Armed Iran
O AC
ONC
Iranian American
Community of Arizona
OAC
OLAC
banian American
Community of Artan
O AC
OLAC
Commu
O AC","[{'x': 1, 'y': 107}, {'x': 536, 'y': 107}, {'x': 536, 'y': 303}, {'x': 1, 'y': 303}]",196,535,positive
1775.jpg,/kaggle/input/mvsasingle/MVSA_Single/data/1775.jpg,325,599,True,MostExtremeNews.com,"[{'x': 3, 'y': 305}, {'x': 223, 'y': 305}, {'x': 223, 'y': 321}, {'x': 3, 'y': 321}]",16,220,neutral
1776.jpg,/kaggle/input/mvsasingle/MVSA_Single/data/1776.jpg,803,596,False,,[],0,0,positive
1777.jpg,/kaggle/input/mvsasingle/MVSA_Single/data/1777.jpg,385,599,True,"B
355553","[{'x': 402, 'y': 10}, {'x': 577, 'y': 10}, {'x': 577, 'y': 377}, {'x': 402, 'y': 377}]",367,175,neutral
1778.jpg,/kaggle/input/mvsasingle/MVSA_Single/data/1778.jpg,343,599,True,"A
BIC
A
RIC
BC
28 816
SURE START CENTRES
AXED SINCE 2010 C
BC
A
Source: Directgov
BBC
#SAVESURESTART
A
BC","[{'x': 13, 'y': 0}, {'x': 598, 'y': 0}, {'x': 598, 'y': 342}, {'x': 13, 'y': 342}]",342,585,negative
1779.jpg,/kaggle/input/mvsasingle/MVSA_Single/data/1779.jpg,400,600,False,,[],0,0,negative
178.jpg,/kaggle/input/mvsasingle/MVSA_Single/data/178.jpg,600,600,False,,[],0,0,neutral
1780.jpg,/kaggle/input/mvsasingle/MVSA_Single/data/1780.jpg,903,600,True,Mont,"[{'x': 241, 'y': 345}, {'x': 274, 'y': 345}, {'x': 274, 'y': 352}, {'x': 241, 'y': 352}]",7,33,negative
1781.jpg,/kaggle/input/mvsasingle/MVSA_Single/data/1781.jpg,760,570,True,"I Am Black
I Matter
Egyptian Amber
100% Pure Soy- Hand Poured
www.anotherballofwax.com","[{'x': 170, 'y': 365}, {'x': 381, 'y': 365}, {'x': 381, 'y': 537}, {'x': 170, 'y': 537}]",172,211,neutral
1782.jpg,/kaggle/input/mvsasingle/MVSA_Single/data/1782.jpg,600,600,False,,[],0,0,negative
1783.jpg,/kaggle/input/mvsasingle/MVSA_Single/data/1783.jpg,338,600,False,,[],0,0,positive
1784.jpg,/kaggle/input/mvsasingle/MVSA_Single/data/1784.jpg,450,600,False,,[],0,0,positive
1785.jpg,/kaggle/input/mvsasingle/MVSA_Single/data/1785.jpg,337,599,False,,[],0,0,negative
1786.jpg,/kaggle/input/mvsasingle/MVSA_Single/data/1786.jpg,450,600,False,,[],0,0,negative
1787.jpg,/kaggle/input/mvsasingle/MVSA_Single/data/1787.jpg,398,600,False,,[],0,0,positive
1788.jpg,/kaggle/input/mvsasingle/MVSA_Single/data/1788.jpg,720,537,False,,[],0,0,negative
1789.jpg,/kaggle/input/mvsasingle/MVSA_Single/data/1789.jpg,300,600,False,,[],0,0,positive
179.jpg,/kaggle/input/mvsasingle/MVSA_Single/data/179.jpg,600,600,False,,[],0,0,positive
1790.jpg,/kaggle/input/mvsasingle/MVSA_Single/data/1790.jpg,1024,577,True,"1989WORD
AYLO
S
WOF
00149
DAYS UNTIL
FINALLY TAYLOR
ORSWIFT.COM FOR DATES AND PRE","[{'x': 0, 'y': 10}, {'x': 576, 'y': 10}, {'x': 576, 'y': 1015}, {'x': 0, 'y': 1015}]",1005,576,neutral
1791.jpg,/kaggle/input/mvsasingle/MVSA_Single/data/1791.jpg,375,599,False,,[],0,0,negative
1792.jpg,/kaggle/input/mvsasingle/MVSA_Single/data/1792.jpg,400,599,True,ERS,"[{'x': 363, 'y': 166}, {'x': 382, 'y': 166}, {'x': 382, 'y': 182}, {'x': 363, 'y': 182}]",16,19,negative
1793.jpg,/kaggle/input/mvsasingle/MVSA_Single/data/1793.jpg,450,600,True,@lozacoleman,"[{'x': 151, 'y': 427}, {'x': 269, 'y': 427}, {'x': 269, 'y': 441}, {'x': 151, 'y': 441}]",14,118,negative
1794.jpg,/kaggle/input/mvsasingle/MVSA_Single/data/1794.jpg,337,600,False,,[],0,0,negative
1795.jpg,/kaggle/input/mvsasingle/MVSA_Single/data/1795.jpg,461,600,True,"AND THEY SAID TO ONE ANOTHER,
""DID NOT OUR HEARTS
BURN WITHIN US WHILE
HE TALKED WITH US
ON THE ROAD, AND
WHILE HE OPENED THE
SCRIPTURES TO US?""
LUKE 24:32
#SHOWYOURGLOW
m.","[{'x': 329, 'y': 20}, {'x': 591, 'y': 20}, {'x': 591, 'y': 417}, {'x': 329, 'y': 417}]",397,262,positive
1796.jpg,/kaggle/input/mvsasingle/MVSA_Single/data/1796.jpg,295,599,False,,[],0,0,negative
1797.jpg,/kaggle/input/mvsasingle/MVSA_Single/data/1797.jpg,800,600,True,E,"[{'x': 495, 'y': 466}, {'x': 583, 'y': 466}, {'x': 583, 'y': 623}, {'x': 495, 'y': 623}]",157,88,neutral
1798.jpg,/kaggle/input/mvsasingle/MVSA_Single/data/1798.jpg,337,599,False,,[],0,0,positive
1799.jpg,/kaggle/input/mvsasingle/MVSA_Single/data/1799.jpg,400,600,False,,[],0,0,positive
18.jpg,/kaggle/input/mvsasingle/MVSA_Single/data/18.jpg,800,450,False,,[],0,0,positive
180.jpg,/kaggle/input/mvsasingle/MVSA_Single/data/180.jpg,375,600,True,"Gerald Donovancroft Media
Gerald Donovan/Barsoft Med","[{'x': 95, 'y': 333}, {'x': 341, 'y': 333}, {'x': 341, 'y': 340}, {'x': 95, 'y': 340}]",7,246,positive
1800.jpg,/kaggle/input/mvsasingle/MVSA_Single/data/1800.jpg,951,600,True,"Amidst
Ardor Aglow
VOLUME 8 OF SERIES
RAGING SILENCE
BOOK SERIES
DEANNA DAUGHTERY","[{'x': 39, 'y': 25}, {'x': 562, 'y': 25}, {'x': 562, 'y': 901}, {'x': 39, 'y': 901}]",876,523,positive
1801.jpg,/kaggle/input/mvsasingle/MVSA_Single/data/1801.jpg,395,599,True,Your Shot,"[{'x': 47, 'y': 379}, {'x': 103, 'y': 379}, {'x': 103, 'y': 390}, {'x': 47, 'y': 390}]",11,56,positive
1802.jpg,/kaggle/input/mvsasingle/MVSA_Single/data/1802.jpg,450,600,False,,[],0,0,positive
1803.jpg,/kaggle/input/mvsasingle/MVSA_Single/data/1803.jpg,1024,577,True,"oo EE *
Hard Rock Rising
www.hardrockrising.com
15:40
CAST YOUR VOTE!
Hard Rock
64%
↑ X
a tor
Band are battling for a chance to play
live at Hard Rock Glasgow. Help your
favorite band win the grand prize - a spot
on the main stage at Hard Rock Rising
Barcelona for 60,000 fans!
Break The Butterfly
OTHER - KIRKCALDY, ABE, UK
RANKED
1/55
Vote
1097 VOTES","[{'x': 23, 'y': 8}, {'x': 556, 'y': 8}, {'x': 556, 'y': 1002}, {'x': 23, 'y': 1002}]",994,533,positive
1804.jpg,/kaggle/input/mvsasingle/MVSA_Single/data/1804.jpg,337,599,True,"Tom
Doody
Coffee
Doc
Suck
Ham &
Overse
JOSANT
MBO
No Smoking
100
5","[{'x': 189, 'y': 105}, {'x': 490, 'y': 105}, {'x': 490, 'y': 336}, {'x': 189, 'y': 336}]",231,301,positive
1805.jpg,/kaggle/input/mvsasingle/MVSA_Single/data/1805.jpg,450,600,False,,[],0,0,positive
1806.jpg,/kaggle/input/mvsasingle/MVSA_Single/data/1806.jpg,360,480,False,,[],0,0,neutral
1807.jpg,/kaggle/input/mvsasingle/MVSA_Single/data/1807.jpg,852,600,True,"KİSSİNG BOOTH
CHEEK-50
9
LIPS $1.00
FRENCH KISS-FREE
Ga","[{'x': 105, 'y': 93}, {'x': 576, 'y': 93}, {'x': 576, 'y': 846}, {'x': 105, 'y': 846}]",753,471,negative
1808.jpg,/kaggle/input/mvsasingle/MVSA_Single/data/1808.jpg,337,599,False,,[],0,0,positive
1809.jpg,/kaggle/input/mvsasingle/MVSA_Single/data/1809.jpg,300,600,False,,[],0,0,negative
181.jpg,/kaggle/input/mvsasingle/MVSA_Single/data/181.jpg,800,600,True,"Your future success will be enhanced
Visit the STUDENT SUCCESS CENTRE
www.uwindsor.ca/success","[{'x': 123, 'y': 460}, {'x': 473, 'y': 460}, {'x': 473, 'y': 614}, {'x': 123, 'y': 614}]",154,350,positive
1810.jpg,/kaggle/input/mvsasingle/MVSA_Single/data/1810.jpg,403,599,True,"NYTOBUS
516
BU63 PXP","[{'x': 106, 'y': 146}, {'x': 295, 'y': 146}, {'x': 295, 'y': 299}, {'x': 106, 'y': 299}]",153,189,positive
1811.jpg,/kaggle/input/mvsasingle/MVSA_Single/data/1811.jpg,400,600,False,,[],0,0,positive
1812.jpg,/kaggle/input/mvsasingle/MVSA_Single/data/1812.jpg,1024,576,True,Just hoeing shit,"[{'x': 178, 'y': 572}, {'x': 399, 'y': 572}, {'x': 399, 'y': 601}, {'x': 178, 'y': 601}]",29,221,neutral
1813.jpg,/kaggle/input/mvsasingle/MVSA_Single/data/1813.jpg,600,600,True,"Cheer up
and save
your anger
for the
bedroom.
where it
belongs.","[{'x': 310, 'y': 0}, {'x': 599, 'y': 0}, {'x': 599, 'y': 582}, {'x': 310, 'y': 582}]",582,289,negative
1814.jpg,/kaggle/input/mvsasingle/MVSA_Single/data/1814.jpg,800,600,False,,[],0,0,positive
1815.jpg,/kaggle/input/mvsasingle/MVSA_Single/data/1815.jpg,348,522,False,,[],0,0,negative
1816.jpg,/kaggle/input/mvsasingle/MVSA_Single/data/1816.jpg,448,600,True,BS BASSI,"[{'x': 162, 'y': 411}, {'x': 241, 'y': 411}, {'x': 241, 'y': 445}, {'x': 162, 'y': 445}]",34,79,negative
1817.jpg,/kaggle/input/mvsasingle/MVSA_Single/data/1817.jpg,568,320,True,"2:43
ORIGINAL MOTION PICTURE SOUNDTRACK
VOLUME 1 & 2
EET
-2:08
THIS COULD BE THE NIGHT
Cindy Mizelle
Beat Street Soundtrack","[{'x': 4, 'y': 4}, {'x': 316, 'y': 4}, {'x': 316, 'y': 492}, {'x': 4, 'y': 492}]",488,312,negative
1818.jpg,/kaggle/input/mvsasingle/MVSA_Single/data/1818.jpg,306,306,True,"STOP
SHIA
KILLING
W","[{'x': 75, 'y': 136}, {'x': 305, 'y': 136}, {'x': 305, 'y': 289}, {'x': 75, 'y': 289}]",153,230,neutral
1819.jpg,/kaggle/input/mvsasingle/MVSA_Single/data/1819.jpg,453,598,True,"8
Oh, so now the
talking cheese is
going to preach to us.","[{'x': 201, 'y': 207}, {'x': 398, 'y': 207}, {'x': 398, 'y': 398}, {'x': 201, 'y': 398}]",191,197,positive
182.jpg,/kaggle/input/mvsasingle/MVSA_Single/data/182.jpg,371,570,True,">>.
KAND
Over
...amen","[{'x': 97, 'y': 113}, {'x': 276, 'y': 113}, {'x': 276, 'y': 264}, {'x': 97, 'y': 264}]",151,179,neutral
1820.jpg,/kaggle/input/mvsasingle/MVSA_Single/data/1820.jpg,450,600,True,"www.fairtaxdave.com read the bill HR-25 www.fairtax.org
FAIRTAX
does
this
""Let us then turn this government back
into the channel in which the framers of
the Constitution originally placed it.""
President Abraham Lincoln
382
FAIR TAX","[{'x': 4, 'y': 7}, {'x': 594, 'y': 7}, {'x': 594, 'y': 444}, {'x': 4, 'y': 444}]",437,590,positive
1821.jpg,/kaggle/input/mvsasingle/MVSA_Single/data/1821.jpg,800,600,True,"listen
share
teach
learn","[{'x': 138, 'y': 42}, {'x': 529, 'y': 42}, {'x': 529, 'y': 678}, {'x': 138, 'y': 678}]",636,391,positive
1822.jpg,/kaggle/input/mvsasingle/MVSA_Single/data/1822.jpg,440,599,True,"41.
Ohl
ज.पा.","[{'x': 137, 'y': 259}, {'x': 512, 'y': 259}, {'x': 512, 'y': 343}, {'x': 137, 'y': 343}]",84,375,neutral
1823.jpg,/kaggle/input/mvsasingle/MVSA_Single/data/1823.jpg,600,600,True,"INDIA
SACHIN TENDULKAR
February 9th, 2015
Twitter/SBTW10
ENDULK
10
DOF CRICK
To.
The Visa Officer,
Australian Embassy, FB/Sachin BornToWin
New Delhi, India.
Dear Sir,
Application for Tourist Visa: Sudhir Kumar
Chaudhary
Date of Birth: 20 February 1981
Passport#: F9702450
I am writing to confirm that Mr. Sudhir Kumar Chaudhary has been an
ardent supporter of the Indian Cricket Team and has become a national
icon due to his enthusiasm.
Fever FM an Indian Radio Channel is sponsoring his trip to Australia to
cheer India for the World Cup. They will pick-up all costs of Match tickets,
Airfare, Accommodation and Dally Allowance.
He would like to travel to Australia for the India vs Pakistan game on the
15 of Feb, and would therefore need to depart on the 13 of Feb.
I would therefore request your co-operation in granting him a Visa for
Australia for the duration of the World Cup
Should you require any additional information please do not hesitate to
contact my manager Mr. Amit Bhangar at +91 9930360069.
Yours faithfully.
Gandelten
Sachin Tendulkar","[{'x': 0, 'y': 30}, {'x': 599, 'y': 30}, {'x': 599, 'y': 595}, {'x': 0, 'y': 595}]",565,599,positive
1824.jpg,/kaggle/input/mvsasingle/MVSA_Single/data/1824.jpg,184,165,False,,[],0,0,positive
1825.jpg,/kaggle/input/mvsasingle/MVSA_Single/data/1825.jpg,400,600,False,,[],0,0,negative
1826.jpg,/kaggle/input/mvsasingle/MVSA_Single/data/1826.jpg,584,600,False,,[],0,0,negative
1827.jpg,/kaggle/input/mvsasingle/MVSA_Single/data/1827.jpg,480,600,False,,[],0,0,negative
1828.jpg,/kaggle/input/mvsasingle/MVSA_Single/data/1828.jpg,800,600,True,"THE
WIDE-LEG
TROUSERS
Jumper $49.50
Massime Dutti
(massimodutfc.com
com) earrings £340,
(net a port
watch, £395, Links of
London (linksoflandan
com trainers. 170.
Nike (nike.com
FORWAR","[{'x': 84, 'y': 204}, {'x': 599, 'y': 204}, {'x': 599, 'y': 480}, {'x': 84, 'y': 480}]",276,515,negative
1829.jpg,/kaggle/input/mvsasingle/MVSA_Single/data/1829.jpg,1024,576,True,"55 D.L7S
BG
492
आकांक्षा
गणतन्त्र दिव
जूनियर
अध्याक्ष नित्यानन्
कोच ईश्वर लाल,
ま","[{'x': 86, 'y': 11}, {'x': 575, 'y': 11}, {'x': 575, 'y': 624}, {'x': 86, 'y': 624}]",613,489,negative
183.jpg,/kaggle/input/mvsasingle/MVSA_Single/data/183.jpg,1024,576,True,"essie
essie
G
essie
CHISH","[{'x': 114, 'y': 406}, {'x': 507, 'y': 406}, {'x': 507, 'y': 1017}, {'x': 114, 'y': 1017}]",611,393,positive
1830.jpg,/kaggle/input/mvsasingle/MVSA_Single/data/1830.jpg,600,600,False,,[],0,0,neutral
1831.jpg,/kaggle/input/mvsasingle/MVSA_Single/data/1831.jpg,600,500,False,,[],0,0,positive
1832.jpg,/kaggle/input/mvsasingle/MVSA_Single/data/1832.jpg,600,600,False,,[],0,0,neutral
1833.jpg,/kaggle/input/mvsasingle/MVSA_Single/data/1833.jpg,900,600,False,,[],0,0,negative
1834.jpg,/kaggle/input/mvsasingle/MVSA_Single/data/1834.jpg,800,600,True,TAVANE,"[{'x': 71, 'y': 367}, {'x': 96, 'y': 367}, {'x': 96, 'y': 378}, {'x': 71, 'y': 378}]",11,25,negative
1835.jpg,/kaggle/input/mvsasingle/MVSA_Single/data/1835.jpg,845,600,False,,[],0,0,neutral
1836.jpg,/kaggle/input/mvsasingle/MVSA_Single/data/1836.jpg,450,600,True,"PERA TRIANERA
PEÑA TRE
RASA CUESTA","[{'x': 173, 'y': 97}, {'x': 547, 'y': 97}, {'x': 547, 'y': 147}, {'x': 173, 'y': 147}]",50,374,negative
1837.jpg,/kaggle/input/mvsasingle/MVSA_Single/data/1837.jpg,225,135,True,"IVTON
THE GOLD IS MORE THAN A DREAM
INE
(100%
999.9 FINE GOLD
CERTIFICATE OF AUTHENTICITY
135 000401","[{'x': 20, 'y': 28}, {'x': 116, 'y': 28}, {'x': 116, 'y': 204}, {'x': 20, 'y': 204}]",176,96,positive
1838.jpg,/kaggle/input/mvsasingle/MVSA_Single/data/1838.jpg,316,490,True,"ALL MY FRIENDS HAVE A JOB
AND I AM LOOKING FOR
ANOTHER INTERNSHIP","[{'x': 11, 'y': 6}, {'x': 474, 'y': 6}, {'x': 474, 'y': 304}, {'x': 11, 'y': 304}]",298,463,positive
1839.jpg,/kaggle/input/mvsasingle/MVSA_Single/data/1839.jpg,450,600,False,,[],0,0,negative
184.jpg,/kaggle/input/mvsasingle/MVSA_Single/data/184.jpg,450,600,True,"rt scouts
thin mints.
samoas","[{'x': 128, 'y': 155}, {'x': 415, 'y': 155}, {'x': 415, 'y': 303}, {'x': 128, 'y': 303}]",148,287,negative
1840.jpg,/kaggle/input/mvsasingle/MVSA_Single/data/1840.jpg,450,600,False,,[],0,0,neutral
1841.jpg,/kaggle/input/mvsasingle/MVSA_Single/data/1841.jpg,321,599,False,,[],0,0,negative
1842.jpg,/kaggle/input/mvsasingle/MVSA_Single/data/1842.jpg,493,588,False,,[],0,0,neutral
1843.jpg,/kaggle/input/mvsasingle/MVSA_Single/data/1843.jpg,399,599,True,"THE
VAGINA
MONOLOGUE
ONE
Billion-
RISE
Wood The Vagina
THE
The Monologues AGI
will
VOLUTION
the Amm mema OLD
Feb 18 @ 7:00
Feb 21@1:00
Organized Eperformed
by PC students
THE
VAGINA
NOLOGU
THE
VAGINA
MONOLOGU
THE
VAGIN
WONOLOC
VANNA
ONOLOGUE","[{'x': 33, 'y': 134}, {'x': 598, 'y': 134}, {'x': 598, 'y': 344}, {'x': 33, 'y': 344}]",210,565,positive
1844.jpg,/kaggle/input/mvsasingle/MVSA_Single/data/1844.jpg,336,599,True,"ESPII 3
NIA
0
15
Wake Forest vs. #2 Virginia (M Basketball)
SAT FEB 14, 2015 2:30 PM","[{'x': 17, 'y': 149}, {'x': 547, 'y': 149}, {'x': 547, 'y': 330}, {'x': 17, 'y': 330}]",181,530,positive
1845.jpg,/kaggle/input/mvsasingle/MVSA_Single/data/1845.jpg,557,599,True,"U make me harder
than dark souls
To:
From:
(also praise the aun)","[{'x': 34, 'y': 29}, {'x': 283, 'y': 29}, {'x': 283, 'y': 427}, {'x': 34, 'y': 427}]",398,249,positive
1846.jpg,/kaggle/input/mvsasingle/MVSA_Single/data/1846.jpg,331,599,False,,[],0,0,positive
1847.jpg,/kaggle/input/mvsasingle/MVSA_Single/data/1847.jpg,1024,577,True,"5
No date for Valentine's Gonna drink
beach
HARTIE C
BOUT ROY TUIT
2012","[{'x': 42, 'y': 40}, {'x': 536, 'y': 40}, {'x': 536, 'y': 1023}, {'x': 42, 'y': 1023}]",983,494,negative
1848.jpg,/kaggle/input/mvsasingle/MVSA_Single/data/1848.jpg,913,600,True,"ONE
SHORT
DAY
-in-
NYC","[{'x': 245, 'y': 138}, {'x': 521, 'y': 138}, {'x': 521, 'y': 569}, {'x': 245, 'y': 569}]",431,276,negative
1849.jpg,/kaggle/input/mvsasingle/MVSA_Single/data/1849.jpg,240,320,True,Imlays.com,"[{'x': 252, 'y': 222}, {'x': 311, 'y': 222}, {'x': 311, 'y': 238}, {'x': 252, 'y': 238}]",16,59,neutral
185.jpg,/kaggle/input/mvsasingle/MVSA_Single/data/185.jpg,1024,576,True,"Saving screenshot...
Tweet
Q :
294 Lompe
@Lompemann
Here he is:
Prominent daeshbag @RamiAILolah
(before he went to kuffar country).
I even made him a new avatar. #7
רדיו
Rami
Ram
@markbairden Do not worry about Geneva
Reply to Lompe
I will be having a hell of a Takbeer party if","[{'x': 11, 'y': 8}, {'x': 554, 'y': 8}, {'x': 554, 'y': 1001}, {'x': 11, 'y': 1001}]",993,543,positive
1850.jpg,/kaggle/input/mvsasingle/MVSA_Single/data/1850.jpg,600,600,False,,[],0,0,negative
1851.jpg,/kaggle/input/mvsasingle/MVSA_Single/data/1851.jpg,301,500,False,,[],0,0,positive
1852.jpg,/kaggle/input/mvsasingle/MVSA_Single/data/1852.jpg,338,600,False,,[],0,0,positive
1853.jpg,/kaggle/input/mvsasingle/MVSA_Single/data/1853.jpg,275,403,True,"I WOULD RATHER DIE
STANDING ON MY TWO FEET
SUPPORTING OUR
CONSTITUTION
THAN LIVE A LIFETIME
ON MY KNEES IN TYRANNY","[{'x': 23, 'y': 19}, {'x': 381, 'y': 19}, {'x': 381, 'y': 203}, {'x': 23, 'y': 203}]",184,358,positive
1854.jpg,/kaggle/input/mvsasingle/MVSA_Single/data/1854.jpg,337,599,False,,[],0,0,negative
1855.jpg,/kaggle/input/mvsasingle/MVSA_Single/data/1855.jpg,798,599,True,Police,"[{'x': 71, 'y': 358}, {'x': 119, 'y': 358}, {'x': 119, 'y': 381}, {'x': 71, 'y': 381}]",23,48,positive
1856.jpg,/kaggle/input/mvsasingle/MVSA_Single/data/1856.jpg,415,600,False,,[],0,0,positive
1857.jpg,/kaggle/input/mvsasingle/MVSA_Single/data/1857.jpg,600,600,False,,[],0,0,neutral
1858.jpg,/kaggle/input/mvsasingle/MVSA_Single/data/1858.jpg,1024,576,True,"9¢
ESEALABLE FOIL POUCH
SWISHER
SWEETS
2
CIGARI
Quality
In honor of V-day & me being single
SWISHER
SWEETS
AA
NG:
SURGEON GENERAL..
Cigar Smoking Can Cause
Cancers Of The Mouth And
Throat, Even If You Do Not Inhale.","[{'x': 9, 'y': 0}, {'x': 572, 'y': 0}, {'x': 572, 'y': 867}, {'x': 9, 'y': 867}]",867,563,negative
1859.jpg,/kaggle/input/mvsasingle/MVSA_Single/data/1859.jpg,450,494,False,,[],0,0,positive
186.jpg,/kaggle/input/mvsasingle/MVSA_Single/data/186.jpg,600,600,True,"I COULD GO FROM
DUSK TILL DAWN,
THINKING ABOUT HOW
YOU LEFT ME
CRUSHED & TORN","[{'x': 95, 'y': 400}, {'x': 515, 'y': 400}, {'x': 515, 'y': 594}, {'x': 95, 'y': 594}]",194,420,negative
1860.jpg,/kaggle/input/mvsasingle/MVSA_Single/data/1860.jpg,768,510,False,,[],0,0,neutral
1861.jpg,/kaggle/input/mvsasingle/MVSA_Single/data/1861.jpg,600,600,False,,[],0,0,negative
1862.jpg,/kaggle/input/mvsasingle/MVSA_Single/data/1862.jpg,800,600,True,"by Glannie Elaine TM
Aromatherapy Organic Body Lotion
ALMENDRA AGRIA
www.aromaoilganics.com
8 fl.oz.","[{'x': 81, 'y': 388}, {'x': 504, 'y': 388}, {'x': 504, 'y': 566}, {'x': 81, 'y': 566}]",178,423,negative
1863.jpg,/kaggle/input/mvsasingle/MVSA_Single/data/1863.jpg,602,599,False,,[],0,0,positive
1864.jpg,/kaggle/input/mvsasingle/MVSA_Single/data/1864.jpg,192,600,True,"Public Speaking
CHEAT
""The best kept secrets to overcoming your fear of Public Speaking!""","[{'x': 115, 'y': 57}, {'x': 491, 'y': 57}, {'x': 491, 'y': 189}, {'x': 115, 'y': 189}]",132,376,neutral
1865.jpg,/kaggle/input/mvsasingle/MVSA_Single/data/1865.jpg,626,599,True,"BURBER
M","[{'x': 195, 'y': 292}, {'x': 301, 'y': 292}, {'x': 301, 'y': 512}, {'x': 195, 'y': 512}]",220,106,positive
1866.jpg,/kaggle/input/mvsasingle/MVSA_Single/data/1866.jpg,589,600,True,"KANYE SAYS HE'S
GOING TO BE THE
NEXT NELSON MANDELA.
YOUR WIFE IS A PORN
STAR & YOUR KID IS A
COMPASS.
TAKE A SEAT SON.","[{'x': 89, 'y': 81}, {'x': 512, 'y': 81}, {'x': 512, 'y': 469}, {'x': 89, 'y': 469}]",388,423,neutral
1867.jpg,/kaggle/input/mvsasingle/MVSA_Single/data/1867.jpg,565,599,False,,[],0,0,negative
1868.jpg,/kaggle/input/mvsasingle/MVSA_Single/data/1868.jpg,453,300,True,"THE LONELINESS
OF THE
BLACK REPUBLICAN
REPUBLIC
AL CONVEN ON
LEAH WRIGHT RIGUEUR","[{'x': 0, 'y': 34}, {'x': 274, 'y': 34}, {'x': 274, 'y': 429}, {'x': 0, 'y': 429}]",395,274,positive
1869.jpg,/kaggle/input/mvsasingle/MVSA_Single/data/1869.jpg,636,477,False,,[],0,0,negative
187.jpg,/kaggle/input/mvsasingle/MVSA_Single/data/187.jpg,396,600,False,,[],0,0,positive
1870.jpg,/kaggle/input/mvsasingle/MVSA_Single/data/1870.jpg,238,600,True,"BALDANG
ACCESSORIES⚫","[{'x': 133, 'y': 128}, {'x': 442, 'y': 128}, {'x': 442, 'y': 208}, {'x': 133, 'y': 208}]",80,309,neutral
1871.jpg,/kaggle/input/mvsasingle/MVSA_Single/data/1871.jpg,93,140,False,,[],0,0,positive
1872.jpg,/kaggle/input/mvsasingle/MVSA_Single/data/1872.jpg,898,600,True,LED FAREE,"[{'x': 266, 'y': 63}, {'x': 311, 'y': 63}, {'x': 311, 'y': 80}, {'x': 266, 'y': 80}]",17,45,positive
1873.jpg,/kaggle/input/mvsasingle/MVSA_Single/data/1873.jpg,480,600,True,HEF,"[{'x': 566, 'y': 394}, {'x': 588, 'y': 394}, {'x': 588, 'y': 459}, {'x': 566, 'y': 459}]",65,22,negative
1874.jpg,/kaggle/input/mvsasingle/MVSA_Single/data/1874.jpg,384,513,False,,[],0,0,positive
1875.jpg,/kaggle/input/mvsasingle/MVSA_Single/data/1875.jpg,600,600,False,,[],0,0,positive
1876.jpg,/kaggle/input/mvsasingle/MVSA_Single/data/1876.jpg,140,140,True,"คก
Radio","[{'x': 8, 'y': 1}, {'x': 55, 'y': 1}, {'x': 55, 'y': 136}, {'x': 8, 'y': 136}]",135,47,positive
1877.jpg,/kaggle/input/mvsasingle/MVSA_Single/data/1877.jpg,604,599,False,,[],0,0,positive
1878.jpg,/kaggle/input/mvsasingle/MVSA_Single/data/1878.jpg,800,600,False,,[],0,0,positive
1879.jpg,/kaggle/input/mvsasingle/MVSA_Single/data/1879.jpg,600,600,True,"NZ
Fashion
Prada","[{'x': 315, 'y': 275}, {'x': 584, 'y': 275}, {'x': 584, 'y': 479}, {'x': 315, 'y': 479}]",204,269,positive
188.jpg,/kaggle/input/mvsasingle/MVSA_Single/data/188.jpg,399,600,False,,[],0,0,positive
1880.jpg,/kaggle/input/mvsasingle/MVSA_Single/data/1880.jpg,800,600,False,,[],0,0,positive
1881.jpg,/kaggle/input/mvsasingle/MVSA_Single/data/1881.jpg,1198,583,True,"WHAT IS YOUR BODY WORTH?
PAIR OF
EYEBALLS
$1,525
SCALP
$607
SKULL
W/TEETH
$1,200
SHOULDER
CORONARY
ARTERY
$500
$1,525
LIVER
$157,000
HEART
$119,000
HAND &
FOREARM
$385
PINT OF
BLOOD
SPLEEN
$508
$25
$337
STOMACH
$508
KIDNEY
$15,000
SMALL
INTESTINE
$62,000
$2,519
$262,000
GALLBLADDER
$1,219
SKIN
$10 PER SQ. INCH","[{'x': 34, 'y': 23}, {'x': 560, 'y': 23}, {'x': 560, 'y': 1185}, {'x': 34, 'y': 1185}]",1162,526,positive
1882.jpg,/kaggle/input/mvsasingle/MVSA_Single/data/1882.jpg,450,600,False,,[],0,0,positive
1883.jpg,/kaggle/input/mvsasingle/MVSA_Single/data/1883.jpg,337,599,False,,[],0,0,positive
1884.jpg,/kaggle/input/mvsasingle/MVSA_Single/data/1884.jpg,633,600,True,000,"[{'x': 465, 'y': 300}, {'x': 495, 'y': 300}, {'x': 495, 'y': 342}, {'x': 465, 'y': 342}]",42,30,neutral
1885.jpg,/kaggle/input/mvsasingle/MVSA_Single/data/1885.jpg,401,534,False,,[],0,0,neutral
1886.jpg,/kaggle/input/mvsasingle/MVSA_Single/data/1886.jpg,450,600,True,"HITACHI E
Flamingos eat with their
heads upside down
4.8% APR","[{'x': 49, 'y': 48}, {'x': 201, 'y': 48}, {'x': 201, 'y': 127}, {'x': 49, 'y': 127}]",79,152,positive
1887.jpg,/kaggle/input/mvsasingle/MVSA_Single/data/1887.jpg,400,600,True,"Woman to
Woman
OVII FXZ","[{'x': 49, 'y': 105}, {'x': 544, 'y': 105}, {'x': 544, 'y': 299}, {'x': 49, 'y': 299}]",194,495,positive
1888.jpg,/kaggle/input/mvsasingle/MVSA_Single/data/1888.jpg,450,600,True,X,"[{'x': 1, 'y': 265}, {'x': 22, 'y': 265}, {'x': 22, 'y': 281}, {'x': 1, 'y': 281}]",16,21,positive
1889.jpg,/kaggle/input/mvsasingle/MVSA_Single/data/1889.jpg,273,598,True,"HE
SAID
YES
Sure
ㄚ
DID","[{'x': 79, 'y': 133}, {'x': 492, 'y': 133}, {'x': 492, 'y': 249}, {'x': 79, 'y': 249}]",116,413,positive
189.jpg,/kaggle/input/mvsasingle/MVSA_Single/data/189.jpg,1024,576,True,"17%
9:37 PM
Search
Advanced Search
Your status: DELINQUENT
Checkouts
Total:
1
Holds
Total:
1
Fines
Total due:
$0.80
Pay Bills via Credit Card
VISA
DIFC","[{'x': 90, 'y': 8}, {'x': 560, 'y': 8}, {'x': 560, 'y': 959}, {'x': 90, 'y': 959}]",951,470,positive
1890.jpg,/kaggle/input/mvsasingle/MVSA_Single/data/1890.jpg,1024,576,True,"The Royal Kingston
Curling Club says
THANKS to..
Empire
Life
ENRY
Goodlife
FITNESS
CANADIAN HOCKEY HOUSE","[{'x': 359, 'y': 271}, {'x': 516, 'y': 271}, {'x': 516, 'y': 552}, {'x': 359, 'y': 552}]",281,157,neutral
1891.jpg,/kaggle/input/mvsasingle/MVSA_Single/data/1891.jpg,399,599,False,,[],0,0,negative
1892.jpg,/kaggle/input/mvsasingle/MVSA_Single/data/1892.jpg,469,600,True,"6/30/2013 7:23:40 PM
NELSON MANDELA POSED IN HIS ROBBEN ISLAND PRISON CELL IN 1995: PICTURE
http://www.thesun.co.uk/sol/homepage/news/4980957/Stricken-anti-apartheid-legend-lelson-landela-is-critical.html
Robben Island - Mandela visits old cell in 1995...","[{'x': 8, 'y': 7}, {'x': 535, 'y': 7}, {'x': 535, 'y': 465}, {'x': 8, 'y': 465}]",458,527,neutral
1893.jpg,/kaggle/input/mvsasingle/MVSA_Single/data/1893.jpg,399,599,False,,[],0,0,neutral
1894.jpg,/kaggle/input/mvsasingle/MVSA_Single/data/1894.jpg,800,600,True,"NUTRITION
ZONE
MOVED
3107
WOODVILLE
RD","[{'x': 220, 'y': 122}, {'x': 387, 'y': 122}, {'x': 387, 'y': 251}, {'x': 220, 'y': 251}]",129,167,neutral
1895.jpg,/kaggle/input/mvsasingle/MVSA_Single/data/1895.jpg,800,600,True,0,"[{'x': 585, 'y': 7}, {'x': 599, 'y': 7}, {'x': 599, 'y': 21}, {'x': 585, 'y': 21}]",14,14,positive
1896.jpg,/kaggle/input/mvsasingle/MVSA_Single/data/1896.jpg,336,599,False,,[],0,0,positive
1897.jpg,/kaggle/input/mvsasingle/MVSA_Single/data/1897.jpg,800,600,False,,[],0,0,positive
1898.jpg,/kaggle/input/mvsasingle/MVSA_Single/data/1898.jpg,1032,581,True,"w
DON'T
LEAVE ME
HANGING
CHAT
WHL
IT B
VODA
contactless
is here
BUY
OVE
FREE","[{'x': 267, 'y': 245}, {'x': 566, 'y': 245}, {'x': 566, 'y': 843}, {'x': 267, 'y': 843}]",598,299,neutral
1899.jpg,/kaggle/input/mvsasingle/MVSA_Single/data/1899.jpg,152,171,False,,[],0,0,positive
19.jpg,/kaggle/input/mvsasingle/MVSA_Single/data/19.jpg,600,600,True,NEVER TELL YOUR FEELINGS,"[{'x': 29, 'y': 259}, {'x': 577, 'y': 259}, {'x': 577, 'y': 337}, {'x': 29, 'y': 337}]",78,548,positive
190.jpg,/kaggle/input/mvsasingle/MVSA_Single/data/190.jpg,241,600,True,"HostIP: 104.24.96.249
HostName:hizbuttahrir.org
Domain Name: HIZBUTT AHRIR.ORG
Domain ID: D92595243-LROR
Creation Date: 2002-11-26T23:20:43Z
Updated Date: 2015-02-04T14:40:32Z
Registry Expiry Date: 2016-11-26T23:20:43Z
Sponsoring Registrar: Melbourne IT, Ltd (RS2-LROR)
Sponsoring Registrar IANA ID: 13
Registrant ID:B127834225913327
Registrant Name: Asard Kassim
Registrant Organization: Asard Kassim
Registrant Street: 90 Fleetwood Rd
Registrant City: London
Registrant State/Province: England.
Registrant Postal Code: NW10 INQ
Registrant Country: GB
Registrant Phone:+1.07976427843
Registrant Email: fkummah@hotmail.co.uk
Admin ID: A127834225871226
Admin Name: Adman Department
Admin Street: 6 West Road
Admin City: Harlow
Admin State/Province: Essex
Admin Postal Code: CM20 2DU
Admin Country: GB
Admin Phone:+44.448443099600.
Admin Fax: +44,448443099601
Admin Email: admin@nimbushosting.co.uk
WE ARE ANONYMOUS
WE ARE A LEGION
WE DO NOT FORGIVE
WE DO NOT FORGET
Expect Us Asard Kassim
BOOM! .
OpIce ISIS OPISIS","[{'x': 0, 'y': 4}, {'x': 577, 'y': 4}, {'x': 577, 'y': 229}, {'x': 0, 'y': 229}]",225,577,positive
1900.jpg,/kaggle/input/mvsasingle/MVSA_Single/data/1900.jpg,80,80,False,,[],0,0,positive
1901.jpg,/kaggle/input/mvsasingle/MVSA_Single/data/1901.jpg,798,599,True,aa,"[{'x': 375, 'y': 724}, {'x': 401, 'y': 724}, {'x': 401, 'y': 743}, {'x': 375, 'y': 743}]",19,26,positive
1902.jpg,/kaggle/input/mvsasingle/MVSA_Single/data/1902.jpg,600,600,False,,[],0,0,negative
1903.jpg,/kaggle/input/mvsasingle/MVSA_Single/data/1903.jpg,337,599,False,,[],0,0,positive
1904.jpg,/kaggle/input/mvsasingle/MVSA_Single/data/1904.jpg,800,600,True,"iPod
7:46 PM
Thursday
12
FaceTime
Calendar
Photos
Camera
280
Videos
Maps
73°
Weather
Passbook
Notes
Reminders
Clock Game Center
Newsstand
iTunes
App Store
Settings
Messages
Mail
Safari
Music
O","[{'x': 139, 'y': 144}, {'x': 458, 'y': 144}, {'x': 458, 'y': 734}, {'x': 139, 'y': 734}]",590,319,positive
1905.jpg,/kaggle/input/mvsasingle/MVSA_Single/data/1905.jpg,534,600,False,,[],0,0,positive
1906.jpg,/kaggle/input/mvsasingle/MVSA_Single/data/1906.jpg,375,500,False,,[],0,0,positive
1907.jpg,/kaggle/input/mvsasingle/MVSA_Single/data/1907.jpg,600,600,False,,[],0,0,neutral
1908.jpg,/kaggle/input/mvsasingle/MVSA_Single/data/1908.jpg,240,240,False,,[],0,0,positive
1909.jpg,/kaggle/input/mvsasingle/MVSA_Single/data/1909.jpg,800,594,True,>X<,"[{'x': 205, 'y': 18}, {'x': 253, 'y': 18}, {'x': 253, 'y': 40}, {'x': 205, 'y': 40}]",22,48,neutral
191.jpg,/kaggle/input/mvsasingle/MVSA_Single/data/191.jpg,337,599,True,www.daniel.Pmphongressed,"[{'x': 389, 'y': 315}, {'x': 591, 'y': 315}, {'x': 591, 'y': 334}, {'x': 389, 'y': 334}]",19,202,positive
1910.jpg,/kaggle/input/mvsasingle/MVSA_Single/data/1910.jpg,450,600,False,,[],0,0,negative
1911.jpg,/kaggle/input/mvsasingle/MVSA_Single/data/1911.jpg,500,500,True,"Half Price Sale
Bike Shop Supply
ww
Bike Shop Supply
wwwwwwwww
Bike Shop Supply
50% Off SALE","[{'x': 0, 'y': 14}, {'x': 497, 'y': 14}, {'x': 497, 'y': 479}, {'x': 0, 'y': 479}]",465,497,positive
1912.jpg,/kaggle/input/mvsasingle/MVSA_Single/data/1912.jpg,512,600,True,"0000
L715
1715
1715 1715","[{'x': 125, 'y': 156}, {'x': 244, 'y': 156}, {'x': 244, 'y': 275}, {'x': 125, 'y': 275}]",119,119,neutral
1913.jpg,/kaggle/input/mvsasingle/MVSA_Single/data/1913.jpg,446,599,False,,[],0,0,positive
1914.jpg,/kaggle/input/mvsasingle/MVSA_Single/data/1914.jpg,450,600,False,,[],0,0,positive
1915.jpg,/kaggle/input/mvsasingle/MVSA_Single/data/1915.jpg,695,496,True,http://dikulya67.ru/,"[{'x': 370, 'y': 680}, {'x': 491, 'y': 680}, {'x': 491, 'y': 689}, {'x': 370, 'y': 689}]",9,121,positive
1916.jpg,/kaggle/input/mvsasingle/MVSA_Single/data/1916.jpg,151,598,True,A A A A A A A A A A A A A A A A A A A A A,"[{'x': 7, 'y': 8}, {'x': 590, 'y': 8}, {'x': 590, 'y': 36}, {'x': 7, 'y': 36}]",28,583,positive
1917.jpg,/kaggle/input/mvsasingle/MVSA_Single/data/1917.jpg,576,576,True,LiveAquaria.com,"[{'x': 141, 'y': 272}, {'x': 438, 'y': 272}, {'x': 438, 'y': 302}, {'x': 141, 'y': 302}]",30,297,positive
1918.jpg,/kaggle/input/mvsasingle/MVSA_Single/data/1918.jpg,285,600,True,"BEHOLD THE LILIES OF THE FIELD,
HOW THEY GROW IF GOD SO CLOTHE
TH GRASS OF THE FIELD, SHALL HE NOT
MUCH MORE (LOTHE YOU? MATTHEW 6:28
@IndianaCSmedia
christianscience.com/press-room","[{'x': 25, 'y': 100}, {'x': 569, 'y': 100}, {'x': 569, 'y': 265}, {'x': 25, 'y': 265}]",165,544,negative
1919.jpg,/kaggle/input/mvsasingle/MVSA_Single/data/1919.jpg,480,600,False,,[],0,0,positive
192.jpg,/kaggle/input/mvsasingle/MVSA_Single/data/192.jpg,600,600,True,"March 2015
In
SPRING
CLEAN
YOUR
CLOSET
GUIDE
10 SIMPLE
WAYS TO
REVITALIZE
YOUR HAIR
CLEAR,
BEAUTIFUL
SKIN
NEW PRODUCTS
& TREATMENTS
176
SHOES & BAGS
YOU'LL LOVE
538 Pages!
Kerry's
Candid Q+A
PAGE 471
Spring
TOP TRENDS & HOW
YOU CAN WEAR THEM
SUPER
FASHION
ISSUE!","[{'x': 88, 'y': 27}, {'x': 503, 'y': 27}, {'x': 503, 'y': 570}, {'x': 88, 'y': 570}]",543,415,neutral
1920.jpg,/kaggle/input/mvsasingle/MVSA_Single/data/1920.jpg,396,599,True,Eek@Mouse,"[{'x': 504, 'y': 372}, {'x': 584, 'y': 372}, {'x': 584, 'y': 389}, {'x': 504, 'y': 389}]",17,80,positive
1921.jpg,/kaggle/input/mvsasingle/MVSA_Single/data/1921.jpg,600,600,False,,[],0,0,neutral
1922.jpg,/kaggle/input/mvsasingle/MVSA_Single/data/1922.jpg,450,600,True,ATES,"[{'x': 152, 'y': 118}, {'x': 209, 'y': 118}, {'x': 209, 'y': 128}, {'x': 152, 'y': 128}]",10,57,negative
1923.jpg,/kaggle/input/mvsasingle/MVSA_Single/data/1923.jpg,450,600,True,"Su
harf Taco
Surf Tac
Surf
rf Taco Surf Taco Surf Taco
Surf Taco
Surf Taco
Surf Tac
fla
Taco
urf Tar
S
Taco
erf Taco
Sur
rf Taco
rf Taco
Surface
Gurf Yac
SUFTY
Surt
Surf Taco
Su
SurfXaco
rf Taco
Surf Taca
Surfy","[{'x': 0, 'y': 4}, {'x': 599, 'y': 4}, {'x': 599, 'y': 449}, {'x': 0, 'y': 449}]",445,599,neutral
1924.jpg,/kaggle/input/mvsasingle/MVSA_Single/data/1924.jpg,471,518,True,"Tories Have
Broken
Britain's
Vote Labour May 7th","[{'x': 5, 'y': 16}, {'x': 482, 'y': 16}, {'x': 482, 'y': 449}, {'x': 5, 'y': 449}]",433,477,positive
1925.jpg,/kaggle/input/mvsasingle/MVSA_Single/data/1925.jpg,400,400,False,,[],0,0,positive
1926.jpg,/kaggle/input/mvsasingle/MVSA_Single/data/1926.jpg,600,600,False,,[],0,0,positive
1927.jpg,/kaggle/input/mvsasingle/MVSA_Single/data/1927.jpg,600,600,False,,[],0,0,positive
1928.jpg,/kaggle/input/mvsasingle/MVSA_Single/data/1928.jpg,601,599,False,,[],0,0,positive
1929.jpg,/kaggle/input/mvsasingle/MVSA_Single/data/1929.jpg,318,598,True,"PA
We can't go on like this.
I'll cut the deficit, not the NHS.
YEAR
FOR
Read our plan for change at
ves.com
CHANG","[{'x': 15, 'y': 52}, {'x': 597, 'y': 52}, {'x': 597, 'y': 315}, {'x': 15, 'y': 315}]",263,582,positive
193.jpg,/kaggle/input/mvsasingle/MVSA_Single/data/193.jpg,141,597,False,,[],0,0,positive
1930.jpg,/kaggle/input/mvsasingle/MVSA_Single/data/1930.jpg,611,599,False,,[],0,0,positive
1931.jpg,/kaggle/input/mvsasingle/MVSA_Single/data/1931.jpg,420,560,False,,[],0,0,positive
1932.jpg,/kaggle/input/mvsasingle/MVSA_Single/data/1932.jpg,800,600,True,El Nigloo Loco,"[{'x': 450, 'y': 780}, {'x': 593, 'y': 780}, {'x': 593, 'y': 794}, {'x': 450, 'y': 794}]",14,143,neutral
1933.jpg,/kaggle/input/mvsasingle/MVSA_Single/data/1933.jpg,800,600,False,,[],0,0,positive
1934.jpg,/kaggle/input/mvsasingle/MVSA_Single/data/1934.jpg,474,599,True,"CULTIVATE
GRATITUDE
BUOYANT","[{'x': 248, 'y': 170}, {'x': 577, 'y': 170}, {'x': 577, 'y': 452}, {'x': 248, 'y': 452}]",282,329,positive
1935.jpg,/kaggle/input/mvsasingle/MVSA_Single/data/1935.jpg,600,600,True,"NEW
ANGLES.
Buoyant Fantasia Grey Fabric Corner Sofa from £999.99 >>
FC","[{'x': 28, 'y': 36}, {'x': 569, 'y': 36}, {'x': 569, 'y': 570}, {'x': 28, 'y': 570}]",534,541,positive
1936.jpg,/kaggle/input/mvsasingle/MVSA_Single/data/1936.jpg,800,600,True,"FUSION 3D
Crewsaver
CREWFIT 180 PRO
COMFORT. STYLE. PERFORMANCE.
UNIQUE CHIN SUPPORT
Support de mention unique
Soporte unico para el mentón
150 PROVIDES 180N OF BUOYANCY
Ofre une forta de 180N
Proporcionando 180N de fotabload
INDICATOR WINDOW
Fondos de visustation
Vor indicador
CBS EN ISO 12402-3
HARNESS HARNESS
INFLATION
AUTO
SIZE
UNIVERSAL ADULT
L141201479A
Crewsaver
CREWFIT 180 PRO","[{'x': 236, 'y': 166}, {'x': 542, 'y': 166}, {'x': 542, 'y': 776}, {'x': 236, 'y': 776}]",610,306,neutral
1937.jpg,/kaggle/input/mvsasingle/MVSA_Single/data/1937.jpg,360,599,True,GILBE,"[{'x': 219, 'y': 267}, {'x': 248, 'y': 267}, {'x': 248, 'y': 321}, {'x': 219, 'y': 321}]",54,29,positive
1938.jpg,/kaggle/input/mvsasingle/MVSA_Single/data/1938.jpg,800,600,False,,[],0,0,neutral
1939.jpg,/kaggle/input/mvsasingle/MVSA_Single/data/1939.jpg,399,600,False,,[],0,0,neutral
194.jpg,/kaggle/input/mvsasingle/MVSA_Single/data/194.jpg,450,600,True,"1920
Houseedom to
Pra itioners
Dalai Lama, du er falsk.
Hold op med at lyvel
98. 3499","[{'x': 0, 'y': 30}, {'x': 595, 'y': 30}, {'x': 595, 'y': 377}, {'x': 0, 'y': 377}]",347,595,negative
1940.jpg,/kaggle/input/mvsasingle/MVSA_Single/data/1940.jpg,900,600,False,,[],0,0,positive
1941.jpg,/kaggle/input/mvsasingle/MVSA_Single/data/1941.jpg,339,599,False,,[],0,0,positive
1942.jpg,/kaggle/input/mvsasingle/MVSA_Single/data/1942.jpg,748,599,True,"Feb, 13th 2015
Özgecan Aslan, a 20 years old
Student of Kurdish-Alevi origin
from Dersim, was brutally
murdered in Turkish city,
Mersin-Tarsus.
She was first raped, then
stabbed with knife and then
burned by 3 ultranationalists
and islamists Turks (gray
Wolves or MHP).
2 of 3 killer are Necmettin
Altındöken and Fatih Gokce
Murderer","[{'x': 15, 'y': 342}, {'x': 506, 'y': 342}, {'x': 506, 'y': 672}, {'x': 15, 'y': 672}]",330,491,positive
1943.jpg,/kaggle/input/mvsasingle/MVSA_Single/data/1943.jpg,323,573,True,WI,"[{'x': 175, 'y': 1}, {'x': 282, 'y': 1}, {'x': 282, 'y': 57}, {'x': 175, 'y': 57}]",56,107,positive
1944.jpg,/kaggle/input/mvsasingle/MVSA_Single/data/1944.jpg,337,599,False,,[],0,0,neutral
1945.jpg,/kaggle/input/mvsasingle/MVSA_Single/data/1945.jpg,404,600,False,,[],0,0,negative
1946.jpg,/kaggle/input/mvsasingle/MVSA_Single/data/1946.jpg,304,538,False,,[],0,0,neutral
1947.jpg,/kaggle/input/mvsasingle/MVSA_Single/data/1947.jpg,292,241,False,,[],0,0,positive
1948.jpg,/kaggle/input/mvsasingle/MVSA_Single/data/1948.jpg,255,598,False,,[],0,0,positive
1949.jpg,/kaggle/input/mvsasingle/MVSA_Single/data/1949.jpg,600,600,False,,[],0,0,negative
195.jpg,/kaggle/input/mvsasingle/MVSA_Single/data/195.jpg,148,339,False,,[],0,0,positive
1950.jpg,/kaggle/input/mvsasingle/MVSA_Single/data/1950.jpg,220,440,True,"SEEKING
INFORMATION
Jessica Lane Chambers
Murder Victim - 12/6/2014
601-948-5000
REWARD OFFERED
FBI","[{'x': 51, 'y': 38}, {'x': 314, 'y': 38}, {'x': 314, 'y': 140}, {'x': 51, 'y': 140}]",102,263,neutral
1951.jpg,/kaggle/input/mvsasingle/MVSA_Single/data/1951.jpg,450,600,True,"لا إله إلا الله
الله
رسول
Se","[{'x': 325, 'y': 53}, {'x': 492, 'y': 53}, {'x': 492, 'y': 217}, {'x': 325, 'y': 217}]",164,167,negative
1952.jpg,/kaggle/input/mvsasingle/MVSA_Single/data/1952.jpg,550,366,True,"LOOK INSIDE!
""This one is not to be missed!""
-Jus Accardo,
author of the Denazen series
Don't just fight
the system...
Burn it.
A Going Down in Flames Novel
Bridges
Burned
Chris Cannon","[{'x': 27, 'y': 15}, {'x': 347, 'y': 15}, {'x': 347, 'y': 521}, {'x': 27, 'y': 521}]",506,320,negative
1953.jpg,/kaggle/input/mvsasingle/MVSA_Single/data/1953.jpg,324,600,True,"KENTERTAINMENT
INFINITE
CHARM
a
KOREA As a fan, what do you think sets INFINITE apart?
TODAY
ISSUE","[{'x': 44, 'y': 13}, {'x': 583, 'y': 13}, {'x': 583, 'y': 291}, {'x': 44, 'y': 291}]",278,539,negative
1954.jpg,/kaggle/input/mvsasingle/MVSA_Single/data/1954.jpg,395,418,False,,[],0,0,positive
1955.jpg,/kaggle/input/mvsasingle/MVSA_Single/data/1955.jpg,306,494,True,"CAW
NEIGHBORS: HICKS KNOWN FOR RESCUING DOGS FROM PUPPY MILLS
Newest Info paints possible hate crime in unlikeley light
DIAN AUTHORITIES SAY 17-YEAR OLD GIRL WHO KILLED HERSELF 2:57 PM R","[{'x': 0, 'y': 240}, {'x': 470, 'y': 240}, {'x': 470, 'y': 298}, {'x': 0, 'y': 298}]",58,470,positive
1956.jpg,/kaggle/input/mvsasingle/MVSA_Single/data/1956.jpg,523,563,True,"ARPITA IS VERY CARING AND GIVING, JUST LIKE SALMAN BHAI: AAYUSH
CONTINUED FROM PAGE
WITH
Arpita due to her superstar beds
er Salman Khan, not moch is
known about the merved boy
Ayah, who qually affata
her and comes frues Mand's first
political family We bring you
excerpts from their fint ever
CONVERSATION
ARPITA KAN SHARMA
What made you cry at your s
ding during your speech?
For me it was very motional
obviously I was moving into
another fads but at the same
my family is my family
When my beders and my
faber crying all around me them
there was nothing that I could do
While I could see them all crying
everybody was looking down as
whole we
for me as my
had to change ut
be blessins we got
When did you and Aayush meet?
We met through a common friend
and then let in the male
and the
tatout to
years ago a
Idating
What i
the most about
Nim
He is a very chilled out and sorted
very diffe
and I wish people live and let
live and diet kop joging you
My family being filmi are more
well known and have a lepe
the imag without
know about
hack
synasty
things They would say things
he is married to her
piblity towards The
but they are very conscious of dive is that while
what people think of hens, you
Sends in polities
walkan Mabalas so there are no friends
one knows me here, but in Mandi What do you like the most about
his Bollywood debut, who rustic with diach,
your house financially?
My father-in-law apports us and
he has ghem us a bade
house in is set of him to
allowed Aayush to have got me
ried at 24 him being
settled yet. We have lod every
What made you choose
Bollywood over politics?
have always felt politics sa
ow? My le 1 hne mario Ayah make it hig in his will never join politics, but not
who him for the diet and not become placent for now at least when I find sold
approve of it and find it dit so he has put some strictions on my parents that I wanted to
to be with and hurting that you take an Again, I am very spot and become an actoe they did not
coral per body not knowing he bom teght up a otin take me seriously They felt it was
sek to where they come from You put way and if I don't think it is rights a phase that would pis flat
spa picture of a holiday indok haband for something
ed and for toe it is important the ass you are living can get it from own money or ca
rybody has to respect my famoff he had from Sabun the Ayah
ool. They forget that he comes and me don't look at things as his
Who is your biggest support?an affent fails just that mine sour
My dad is my backbone Salman they are in politics and not in CONVERSATION
bus the person who makes me
AAYUSH SHARMA
believe that I can walk or this
talk about your political
ground
son I am very strict
my ws. I am
b
pictures of where we are
velling what we
have, what cars is bothering you
them afer completing my Cles
XII from DS RK Puram in Deht,
I moved to Mumbol alone to do
y graduation at Jai Hind and
had decided that I wanted to
WITH become an actor I wanted to
out at a certain age to loans
back-and handle things myself And
while my parents knew that it
she has her opinions and is
strong headed and is not a typical
odun gid and that is good for
world and she is my backbone 1
love that she is crazy and in
the ag She is very caring and
that is something she shares with
Salman bhai She is fase and likes
to petent that she is diffic
which she is not p
and that is very important
very selfish avery im
cult person to be with I am very
potent. If I want to do some
thing I want to do it. I send to pet
hratty with her as she pampers
was leading a complete
bachelor's life before her where
to go
but who always smiled
the perse who has taken
Not very stand to mankind of per i marrying
your own house?
time Today my mother who comes from this family
this
infalt The people of
noting to his Marell have loved us so much that
post 30 years, we have never lost as
Why do you saw people telection there My grandfather
stupid that we have allowed us t
house or my I have a was quite shocking and ever her and one day I noticed that she
to worry about
My father don't say at
hot he tu sbways been there for
He has never discredited me
slike
in call her be
sating with a pry fried and not
being jalot She is also very
is a ptician and is currently the end He always says Take in her family?
riage?
Any special memory for you from
phoras to the party we badania jealous We sho are human ng but
vete, but it started raining beings who feel hurt when people needed
Everyone said it w
fundly is very reserved. They may and people's admiration and was officially Mev Starma","[{'x': 10, 'y': 7}, {'x': 559, 'y': 7}, {'x': 559, 'y': 510}, {'x': 10, 'y': 510}]",503,549,positive
1957.jpg,/kaggle/input/mvsasingle/MVSA_Single/data/1957.jpg,399,599,False,,[],0,0,positive
1958.jpg,/kaggle/input/mvsasingle/MVSA_Single/data/1958.jpg,450,600,True,"GONE
BENTERS","[{'x': 372, 'y': 352}, {'x': 464, 'y': 352}, {'x': 464, 'y': 377}, {'x': 372, 'y': 377}]",25,92,neutral
1959.jpg,/kaggle/input/mvsasingle/MVSA_Single/data/1959.jpg,570,500,True,"I'M GONNA BE
So GOOD AT HUGGIN'
lefthanded toons.com","[{'x': 192, 'y': 301}, {'x': 426, 'y': 301}, {'x': 426, 'y': 569}, {'x': 192, 'y': 569}]",268,234,positive
196.jpg,/kaggle/input/mvsasingle/MVSA_Single/data/196.jpg,800,533,True,"TOULA
Mavridou-Messer
10
A SIMMERING PIT OF JIGGERY POKERY
MORTALEND","[{'x': 9, 'y': 41}, {'x': 512, 'y': 41}, {'x': 512, 'y': 764}, {'x': 9, 'y': 764}]",723,503,neutral
1960.jpg,/kaggle/input/mvsasingle/MVSA_Single/data/1960.jpg,600,600,True,GGABSONG,"[{'x': 165, 'y': 353}, {'x': 234, 'y': 353}, {'x': 234, 'y': 436}, {'x': 165, 'y': 436}]",83,69,negative
1961.jpg,/kaggle/input/mvsasingle/MVSA_Single/data/1961.jpg,337,599,False,,[],0,0,positive
1962.jpg,/kaggle/input/mvsasingle/MVSA_Single/data/1962.jpg,972,600,True,"CAFF
YOUR
T
uncte","[{'x': 0, 'y': 337}, {'x': 326, 'y': 337}, {'x': 326, 'y': 876}, {'x': 0, 'y': 876}]",539,326,neutral
1963.jpg,/kaggle/input/mvsasingle/MVSA_Single/data/1963.jpg,450,600,False,,[],0,0,positive
1964.jpg,/kaggle/input/mvsasingle/MVSA_Single/data/1964.jpg,449,600,False,,[],0,0,neutral
1965.jpg,/kaggle/input/mvsasingle/MVSA_Single/data/1965.jpg,913,489,True,B,"[{'x': 288, 'y': 226}, {'x': 315, 'y': 226}, {'x': 315, 'y': 249}, {'x': 288, 'y': 249}]",23,27,positive
1966.jpg,/kaggle/input/mvsasingle/MVSA_Single/data/1966.jpg,541,600,True,"ERRADIFIC
[Fans greeting Louis]
How you doing?
Good, how are you?
Alright--Hey,
Should we do a group photo, all in?
Nah, youse want one each, don't ya?
Right, c'mon.","[{'x': 41, 'y': 7}, {'x': 561, 'y': 7}, {'x': 561, 'y': 524}, {'x': 41, 'y': 524}]",517,520,positive
1967.jpg,/kaggle/input/mvsasingle/MVSA_Single/data/1967.jpg,329,599,True,Omise,"[{'x': 547, 'y': 300}, {'x': 589, 'y': 300}, {'x': 589, 'y': 324}, {'x': 547, 'y': 324}]",24,42,positive
1968.jpg,/kaggle/input/mvsasingle/MVSA_Single/data/1968.jpg,428,599,True,"On Valentines Day we think of flowers or chocolates in a heart.
Of jewellery and of perfume to our loved ones we impart.
But why not think of something different that will last longer than a day.
Show your love to a poor stray dog who'll love you more than words can say.
St Lucia Animal Protection Society is the place for you to go.
Where waggy tails and 'come get me' eyes, will set you all aglow.
So come along and have a look at the dogs that we have there.
To see if you can give one a home for your Valentines Day this year.","[{'x': 153, 'y': 124}, {'x': 454, 'y': 124}, {'x': 454, 'y': 247}, {'x': 153, 'y': 247}]",123,301,positive
1969.jpg,/kaggle/input/mvsasingle/MVSA_Single/data/1969.jpg,330,600,True,"ECONOMIC COMMUNITY OF
WEST AFRICAN STATES
(ECOWAS)
COMMUNAUTE ECONOMIQUE DES
ETATS DE L'AFRIQUE DE L'OUEST
(CEDEAO)
REPUBLIC OF GHANA
PASSPORT
PASSEPORT","[{'x': 120, 'y': 92}, {'x': 523, 'y': 92}, {'x': 523, 'y': 316}, {'x': 120, 'y': 316}]",224,403,negative
197.jpg,/kaggle/input/mvsasingle/MVSA_Single/data/197.jpg,400,600,False,,[],0,0,positive
1970.jpg,/kaggle/input/mvsasingle/MVSA_Single/data/1970.jpg,854,480,True,"...oo Sprint
11:10 AM
78% I
Rrobdyrdek
Instagram
• 9m
10,826 likes
robdyrdek Breakfast in a bed of roses for my
Valentine @bryiana_noelle. Happy Valentine's Day
my love. Thank you for being so perfect. Love you
view all 344 comments
jeessieeg @_lost_in_stereo
Q
Q","[{'x': 6, 'y': 7}, {'x': 468, 'y': 7}, {'x': 468, 'y': 842}, {'x': 6, 'y': 842}]",835,462,positive
1971.jpg,/kaggle/input/mvsasingle/MVSA_Single/data/1971.jpg,568,568,True,"SANSO
Mrs.Ashlerlbery
Watch live on Y NOWU
ELP","[{'x': 20, 'y': 185}, {'x': 494, 'y': 185}, {'x': 494, 'y': 546}, {'x': 20, 'y': 546}]",361,474,positive
1972.jpg,/kaggle/input/mvsasingle/MVSA_Single/data/1972.jpg,344,491,False,,[],0,0,positive
1973.jpg,/kaggle/input/mvsasingle/MVSA_Single/data/1973.jpg,568,568,True,"Mrs.Ashlerlbery
Watch live on Y NOW U","[{'x': 20, 'y': 467}, {'x': 306, 'y': 467}, {'x': 306, 'y': 547}, {'x': 20, 'y': 547}]",80,286,positive
1974.jpg,/kaggle/input/mvsasingle/MVSA_Single/data/1974.jpg,375,500,True,ישור,"[{'x': 471, 'y': 338}, {'x': 499, 'y': 338}, {'x': 499, 'y': 357}, {'x': 471, 'y': 357}]",19,28,positive
1975.jpg,/kaggle/input/mvsasingle/MVSA_Single/data/1975.jpg,667,499,False,,[],0,0,positive
1976.jpg,/kaggle/input/mvsasingle/MVSA_Single/data/1976.jpg,600,600,True,Retrica,"[{'x': 457, 'y': 542}, {'x': 572, 'y': 542}, {'x': 572, 'y': 570}, {'x': 457, 'y': 570}]",28,115,positive
1977.jpg,/kaggle/input/mvsasingle/MVSA_Single/data/1977.jpg,800,600,True,"94
NFL
LEGENDS
K
SKI
33
70 GREATEST REDSKINE
BAUGH COLLECTIBLE 3
8
BRONCOS
HOME
PACK) A MARK/UNMARK
HELP
CONTINUE
SAMSUNG","[{'x': 4, 'y': 98}, {'x': 599, 'y': 98}, {'x': 599, 'y': 761}, {'x': 4, 'y': 761}]",663,595,negative
1978.jpg,/kaggle/input/mvsasingle/MVSA_Single/data/1978.jpg,800,600,False,,[],0,0,positive
1979.jpg,/kaggle/input/mvsasingle/MVSA_Single/data/1979.jpg,1003,599,False,,[],0,0,neutral
198.jpg,/kaggle/input/mvsasingle/MVSA_Single/data/198.jpg,380,380,False,,[],0,0,negative
1980.jpg,/kaggle/input/mvsasingle/MVSA_Single/data/1980.jpg,600,600,True,"blog ณ ume (โคกง่าม).dwg]
ormat Tools Draw Dimension Modify Window Help
HAT
A Standard
611
Red
ByBlock
isplacement>:
อาคิเต็ก
ไทย
JAR GRID ORTHO POLAR JOSHAR JOTRACK lours loyal WT MODEL","[{'x': 0, 'y': 0}, {'x': 597, 'y': 0}, {'x': 597, 'y': 599}, {'x': 0, 'y': 599}]",599,597,positive
1981.jpg,/kaggle/input/mvsasingle/MVSA_Single/data/1981.jpg,800,600,True,"II
58:10 min
1-2 LIV
B","[{'x': 57, 'y': 515}, {'x': 598, 'y': 515}, {'x': 598, 'y': 581}, {'x': 57, 'y': 581}]",66,541,positive
1982.jpg,/kaggle/input/mvsasingle/MVSA_Single/data/1982.jpg,388,599,False,,[],0,0,positive
1983.jpg,/kaggle/input/mvsasingle/MVSA_Single/data/1983.jpg,860,600,True,"إذا خلط بده ويطل على الراس نعم من الصداع واذا وضيع على
النقرس نفقه ن واذ المحبه ل
به لسع الزنا ببر وَسَكنه طلقة
إذا لحرف واخذ رماده وعن بما وَعَل وطلى به البشير الاي بية
وان عن نيت وطلى بهِ عَلى النار برا براهـ
النار على الحاموس وساقية الحواض
Source gallica.bnf.fr/ Bibliothèque nationale de France","[{'x': 56, 'y': 113}, {'x': 597, 'y': 113}, {'x': 597, 'y': 857}, {'x': 56, 'y': 857}]",744,541,positive
1984.jpg,/kaggle/input/mvsasingle/MVSA_Single/data/1984.jpg,460,600,False,,[],0,0,positive
1985.jpg,/kaggle/input/mvsasingle/MVSA_Single/data/1985.jpg,666,600,True,"SHAMPOO
AVERAGE NUMBER
OF CHEMICALS: 15
MOST WORRYING: Sodium
Lauryl Sulphate; Tetrasodium
and Propylene Glycol.
POSSIBLE SIDE-EFFECTS:
Irritation; possible eye
damage.
HAIRSPRAY
AVERAGE NUMBER OF
CHEMICALS: 11
MOST WORRYING: Octinoxate,
Isophthalates.
POSSIBLE SIDE-EFFECTS: Allergies;
irritation to eyes, nose and throat;
hormone disruption, linked to changes
in cell structure.
EYESHADOW
CHEMICALS: 26
MOST WORRYING:
Polythylene
terephthalate.
POSSIBLE SIDE-EFFECTS:
Linked to cancer;
infertility; hormonal
disruptions and damage.
to the body's organs.
LIPSTICK
CHEMICALS: 33
MOST WORRYING:
Polymenthyl
methacrylate.
POSSIBLE SIDE-EFFECTS:
Allergies; links to
cancer.
NAIL VARNISH
CHEMICALS: 31
MOST WORRYING: Phthalates.
POSSIBLE SIDE-EFFECTS: Linked
to fertility issues and problems
in developing babies.
PERFUME:
CHEMICALS: 250
MOST WORRYING: Benzaldehyde.
POSSIBLE SIDE-EFFECTS: Irritation
to mouth, throat and eyes;
nausea; linked to kidney damage.
FAKE TAN
CHEMICALS: 22
MOST WORRYING:
Ethylparaben,
Methylaparaben,
Propylparaben.
POSSIBLE SIDE-EFFECTS:
Rashes; irritation; hormonal
disruption.
BLUSHER:
CHEMICALS: 16
MOST WORRYING:
Ethylparabens,
Methylparaben,
Propylparaben.
POSSIBLE SIDE-
EFFECTS: Rashes;
irritation;
hormonal
disruptions.
FOUNDATION
CHEMICALS: 24
MOST WORRYING:
Polymethyl methacrylate.
POSSIBLE SIDE-EFFECTS:
Allergies; disrupts immune
system; links to cancer.
DEODORANT:
CHEMICALS: 15
MOST WORRYING: Isopropyl
Myristate, 'Parfum'.
POSSIBLE SIDE-EFFECTS:
Irritation of skin, eyes and
lungs; headaches; dizziness;
respiratory problems.
BODY LOTION
CHEMICALS: 32
MOST WORRYING:
Methylparaben,
Propylparaben,
Polyethylene Glycol,
which is also found in
oven cleaners.
POSSIBLE SIDE-EFFECTS:
Rashes; irritation;
hormonal disruption.","[{'x': 10, 'y': 29}, {'x': 595, 'y': 29}, {'x': 595, 'y': 660}, {'x': 10, 'y': 660}]",631,585,positive
1986.jpg,/kaggle/input/mvsasingle/MVSA_Single/data/1986.jpg,533,471,True,VER,"[{'x': 113, 'y': 495}, {'x': 168, 'y': 495}, {'x': 168, 'y': 532}, {'x': 113, 'y': 532}]",37,55,positive
1987.jpg,/kaggle/input/mvsasingle/MVSA_Single/data/1987.jpg,600,600,True,"Best
Best","[{'x': 50, 'y': 20}, {'x': 551, 'y': 20}, {'x': 551, 'y': 486}, {'x': 50, 'y': 486}]",466,501,neutral
1988.jpg,/kaggle/input/mvsasingle/MVSA_Single/data/1988.jpg,485,599,True,"The point is this: whoever sows sparingly will also reap
sparingly, and whoever sows bountifully will also
reap bountifully. Each one must give as he has
decided in his heart, not reluctantly or under
compulsion, for God loves a cheerful giver.
2 Corinthians 9.6-7","[{'x': 16, 'y': 22}, {'x': 588, 'y': 22}, {'x': 588, 'y': 148}, {'x': 16, 'y': 148}]",126,572,positive
1989.jpg,/kaggle/input/mvsasingle/MVSA_Single/data/1989.jpg,600,600,True,"CHARGERS
YOU'VE OPENED
THE GATES
TO MY HEART!
TO:
FROM:
S
85
@chargers","[{'x': 9, 'y': 190}, {'x': 587, 'y': 190}, {'x': 587, 'y': 593}, {'x': 9, 'y': 593}]",403,578,positive
199.jpg,/kaggle/input/mvsasingle/MVSA_Single/data/199.jpg,600,600,False,,[],0,0,positive
1990.jpg,/kaggle/input/mvsasingle/MVSA_Single/data/1990.jpg,600,600,True,"OUR LOVE IS NO
FLUKE!
CHARGERS
CHARGERS
76
TO:
FROM:
phutz
@chargers","[{'x': 8, 'y': 39}, {'x': 586, 'y': 39}, {'x': 586, 'y': 593}, {'x': 8, 'y': 593}]",554,578,negative
1991.jpg,/kaggle/input/mvsasingle/MVSA_Single/data/1991.jpg,450,600,True,Ta,"[{'x': 83, 'y': 203}, {'x': 97, 'y': 203}, {'x': 97, 'y': 213}, {'x': 83, 'y': 213}]",10,14,positive
1992.jpg,/kaggle/input/mvsasingle/MVSA_Single/data/1992.jpg,405,599,False,,[],0,0,neutral
1993.jpg,/kaggle/input/mvsasingle/MVSA_Single/data/1993.jpg,600,600,True,"(06)
LICO
(90)
#00","[{'x': 121, 'y': 0}, {'x': 373, 'y': 0}, {'x': 373, 'y': 495}, {'x': 121, 'y': 495}]",495,252,positive
1994.jpg,/kaggle/input/mvsasingle/MVSA_Single/data/1994.jpg,400,600,True,"XI
XII","[{'x': 86, 'y': 280}, {'x': 262, 'y': 280}, {'x': 262, 'y': 352}, {'x': 86, 'y': 352}]",72,176,neutral
1995.jpg,/kaggle/input/mvsasingle/MVSA_Single/data/1995.jpg,600,600,True,"""YOU'RE THE JELLY TO MY BURGER, THE
KNIFE TO MY SOUP, THE GLITTER TO MY
SUSHI, AND THE KETCHUP TO MY
ICECREAM
INSTAGRAM
@INSTAHYSTERICAL
""MY POINT IS, YOU'RE
WORTHLESS.","[{'x': 15, 'y': 8}, {'x': 582, 'y': 8}, {'x': 582, 'y': 586}, {'x': 15, 'y': 586}]",578,567,positive
1996.jpg,/kaggle/input/mvsasingle/MVSA_Single/data/1996.jpg,1065,600,True,"NO MATI
OTHER THINK, YOU
ARE
AMAZING
LOVE
TAKE THE TIME TO
CELEBRATE YOUR LIFE
AND WHAT YOU'VE ALREADY
ACCOMPLISHED
Do not underestimate your
friendship. Surround yourself with
positive people
LOVE
TAP
TWICH
it
30M
BE ORIGINAL
DON'T BE ASHAMED BY YOUR
QuKawaii Kam","[{'x': 40, 'y': 227}, {'x': 571, 'y': 227}, {'x': 571, 'y': 835}, {'x': 40, 'y': 835}]",608,531,positive
1997.jpg,/kaggle/input/mvsasingle/MVSA_Single/data/1997.jpg,469,480,False,,[],0,0,positive
1998.jpg,/kaggle/input/mvsasingle/MVSA_Single/data/1998.jpg,600,600,False,,[],0,0,positive
1999.jpg,/kaggle/input/mvsasingle/MVSA_Single/data/1999.jpg,600,600,False,,[],0,0,positive
2.jpg,/kaggle/input/mvsasingle/MVSA_Single/data/2.jpg,600,600,False,,[],0,0,positive
20.jpg,/kaggle/input/mvsasingle/MVSA_Single/data/20.jpg,800,600,False,,[],0,0,positive
200.jpg,/kaggle/input/mvsasingle/MVSA_Single/data/200.jpg,400,400,False,,[],0,0,positive
2000.jpg,/kaggle/input/mvsasingle/MVSA_Single/data/2000.jpg,600,600,True,"LOVE LOVE
ove
C
""E
21
Love
C
VE
PHOTOFY
UTC","[{'x': 0, 'y': 1}, {'x': 591, 'y': 1}, {'x': 591, 'y': 599}, {'x': 0, 'y': 599}]",598,591,negative
2001.jpg,/kaggle/input/mvsasingle/MVSA_Single/data/2001.jpg,450,600,True,"HULWE
البديا","[{'x': 454, 'y': 396}, {'x': 589, 'y': 396}, {'x': 589, 'y': 440}, {'x': 454, 'y': 440}]",44,135,positive
2002.jpg,/kaggle/input/mvsasingle/MVSA_Single/data/2002.jpg,337,599,False,,[],0,0,neutral
2003.jpg,/kaggle/input/mvsasingle/MVSA_Single/data/2003.jpg,401,599,False,,[],0,0,positive
2004.jpg,/kaggle/input/mvsasingle/MVSA_Single/data/2004.jpg,217,349,False,,[],0,0,positive
2005.jpg,/kaggle/input/mvsasingle/MVSA_Single/data/2005.jpg,471,600,True,"WHERE ARE YOU HIDING
THE CHOCOLATE BAR?
quickmeme.com","[{'x': 10, 'y': 19}, {'x': 598, 'y': 19}, {'x': 598, 'y': 470}, {'x': 10, 'y': 470}]",451,588,positive
2006.jpg,/kaggle/input/mvsasingle/MVSA_Single/data/2006.jpg,400,600,False,,[],0,0,positive
2007.jpg,/kaggle/input/mvsasingle/MVSA_Single/data/2007.jpg,300,600,False,,[],0,0,negative
2008.jpg,/kaggle/input/mvsasingle/MVSA_Single/data/2008.jpg,687,599,True,"We must learn to live
together as brothers or
perish together as fools.
-Martin Luther King, Jr.-
Emilys Quotes.Com","[{'x': 5, 'y': 7}, {'x': 556, 'y': 7}, {'x': 556, 'y': 682}, {'x': 5, 'y': 682}]",675,551,negative
2009.jpg,/kaggle/input/mvsasingle/MVSA_Single/data/2009.jpg,336,340,False,,[],0,0,negative
201.jpg,/kaggle/input/mvsasingle/MVSA_Single/data/201.jpg,355,599,False,,[],0,0,neutral
2010.jpg,/kaggle/input/mvsasingle/MVSA_Single/data/2010.jpg,900,600,True,"SupeT
Just chilling
26","[{'x': 144, 'y': 42}, {'x': 566, 'y': 42}, {'x': 566, 'y': 594}, {'x': 144, 'y': 594}]",552,422,positive
2011.jpg,/kaggle/input/mvsasingle/MVSA_Single/data/2011.jpg,186,280,False,,[],0,0,positive
2012.jpg,/kaggle/input/mvsasingle/MVSA_Single/data/2012.jpg,790,600,True,"PINK
DINK","[{'x': 22, 'y': 204}, {'x': 326, 'y': 204}, {'x': 326, 'y': 506}, {'x': 22, 'y': 506}]",302,304,positive
2013.jpg,/kaggle/input/mvsasingle/MVSA_Single/data/2013.jpg,400,600,False,,[],0,0,negative
2014.jpg,/kaggle/input/mvsasingle/MVSA_Single/data/2014.jpg,337,600,True,"""A MAGICAL, MESMERISING MUSICAL!""
Manchester Evening News
WICKED
THE UNTOLD STORY OF THE WITCHES OF OZ","[{'x': 12, 'y': 43}, {'x': 338, 'y': 43}, {'x': 338, 'y': 323}, {'x': 12, 'y': 323}]",280,326,positive
2015.jpg,/kaggle/input/mvsasingle/MVSA_Single/data/2015.jpg,753,500,False,,[],0,0,positive
2016.jpg,/kaggle/input/mvsasingle/MVSA_Single/data/2016.jpg,420,480,True,"ME DIJISTE
QUE ME DISFRAZARA DE
PUTA FINA!!
INO! TE DIJE DE
PITUFINA!!
HOY
FIESTA
DE
DISFRACES","[{'x': 121, 'y': 19}, {'x': 434, 'y': 19}, {'x': 434, 'y': 308}, {'x': 121, 'y': 308}]",289,313,neutral
2017.jpg,/kaggle/input/mvsasingle/MVSA_Single/data/2017.jpg,450,600,True,༡༦ཞAIF E-------,"[{'x': 225, 'y': 152}, {'x': 353, 'y': 152}, {'x': 353, 'y': 187}, {'x': 225, 'y': 187}]",35,128,positive
2018.jpg,/kaggle/input/mvsasingle/MVSA_Single/data/2018.jpg,325,590,False,,[],0,0,positive
2019.jpg,/kaggle/input/mvsasingle/MVSA_Single/data/2019.jpg,615,600,True,"Jackmer
CRAZY
IDEA
17
Uh
LA LA
गग","[{'x': 24, 'y': 17}, {'x': 589, 'y': 17}, {'x': 589, 'y': 403}, {'x': 24, 'y': 403}]",386,565,positive
202.jpg,/kaggle/input/mvsasingle/MVSA_Single/data/202.jpg,402,518,True,ww,"[{'x': 55, 'y': 144}, {'x': 105, 'y': 144}, {'x': 105, 'y': 177}, {'x': 55, 'y': 177}]",33,50,positive
2020.jpg,/kaggle/input/mvsasingle/MVSA_Single/data/2020.jpg,906,600,False,,[],0,0,neutral
2021.jpg,/kaggle/input/mvsasingle/MVSA_Single/data/2021.jpg,241,598,True,"CORAL
RAISING THE GAME
NEW CUSTOMER OFFER
PRESTON NE V MAN UTD
MAN UTD
TO WIN 7/1
90 MINS, (£5 BET ONLY)","[{'x': 13, 'y': 12}, {'x': 431, 'y': 12}, {'x': 431, 'y': 225}, {'x': 13, 'y': 225}]",213,418,neutral
2022.jpg,/kaggle/input/mvsasingle/MVSA_Single/data/2022.jpg,600,600,False,,[],0,0,negative
2023.jpg,/kaggle/input/mvsasingle/MVSA_Single/data/2023.jpg,800,600,False,,[],0,0,positive
2024.jpg,/kaggle/input/mvsasingle/MVSA_Single/data/2024.jpg,800,600,True,"WARNING ADVERTENC
USER WEIGHT CAPACITY 500 LBS/227 KG. BASKET IS
125 LBS/56.7 KG CAPACITY.VS-XL BASKET WITH
SUPPORT WHEELS IS 250 LBS/113.6KG
WARNING CONNECT CHARGING CORD BEFORE OPERATION
1814-992 (000)","[{'x': 40, 'y': 77}, {'x': 381, 'y': 77}, {'x': 381, 'y': 289}, {'x': 40, 'y': 289}]",212,341,positive
2025.jpg,/kaggle/input/mvsasingle/MVSA_Single/data/2025.jpg,248,251,False,,[],0,0,negative
2026.jpg,/kaggle/input/mvsasingle/MVSA_Single/data/2026.jpg,337,598,False,,[],0,0,positive
2027.jpg,/kaggle/input/mvsasingle/MVSA_Single/data/2027.jpg,388,600,False,,[],0,0,neutral
2028.jpg,/kaggle/input/mvsasingle/MVSA_Single/data/2028.jpg,800,600,True,NASTY,"[{'x': 313, 'y': 366}, {'x': 337, 'y': 366}, {'x': 337, 'y': 441}, {'x': 313, 'y': 441}]",75,24,positive
2029.jpg,/kaggle/input/mvsasingle/MVSA_Single/data/2029.jpg,445,600,True,R,"[{'x': 334, 'y': 187}, {'x': 401, 'y': 187}, {'x': 401, 'y': 250}, {'x': 334, 'y': 250}]",63,67,positive
203.jpg,/kaggle/input/mvsasingle/MVSA_Single/data/203.jpg,360,600,False,,[],0,0,negative
2030.jpg,/kaggle/input/mvsasingle/MVSA_Single/data/2030.jpg,600,600,False,,[],0,0,positive
2031.jpg,/kaggle/input/mvsasingle/MVSA_Single/data/2031.jpg,337,599,True,"BLS DEVILS
fra
DEVILS","[{'x': 18, 'y': 23}, {'x': 254, 'y': 23}, {'x': 254, 'y': 110}, {'x': 18, 'y': 110}]",87,236,positive
2032.jpg,/kaggle/input/mvsasingle/MVSA_Single/data/2032.jpg,534,600,False,,[],0,0,positive
2033.jpg,/kaggle/input/mvsasingle/MVSA_Single/data/2033.jpg,848,600,True,"""YOU NEED TO LEARN TO MANAGE MY
EXPECTATIONS. I AM NOT A PATIENT
MAN.""
HE'D PROBABLY LIKE TO BEAT SEVEN
SHADES OF SHIT OUT OF ME. THE
THOUGHT IS DEPRESSING.
FOCUS
VALENTINE'S DAY 2015
FIFTYSHADESMOVIE.COM","[{'x': 51, 'y': 21}, {'x': 546, 'y': 21}, {'x': 546, 'y': 826}, {'x': 51, 'y': 826}]",805,495,positive
2034.jpg,/kaggle/input/mvsasingle/MVSA_Single/data/2034.jpg,600,600,False,,[],0,0,positive
2035.jpg,/kaggle/input/mvsasingle/MVSA_Single/data/2035.jpg,600,600,False,,[],0,0,neutral
2036.jpg,/kaggle/input/mvsasingle/MVSA_Single/data/2036.jpg,282,500,False,,[],0,0,positive
2037.jpg,/kaggle/input/mvsasingle/MVSA_Single/data/2037.jpg,235,215,False,,[],0,0,positive
2038.jpg,/kaggle/input/mvsasingle/MVSA_Single/data/2038.jpg,450,600,True,"Crumbs
PAM","[{'x': 83, 'y': 83}, {'x': 342, 'y': 83}, {'x': 342, 'y': 102}, {'x': 83, 'y': 102}]",19,259,negative
2039.jpg,/kaggle/input/mvsasingle/MVSA_Single/data/2039.jpg,240,360,False,,[],0,0,negative
204.jpg,/kaggle/input/mvsasingle/MVSA_Single/data/204.jpg,340,243,False,,[],0,0,negative
2040.jpg,/kaggle/input/mvsasingle/MVSA_Single/data/2040.jpg,800,534,False,,[],0,0,neutral
2041.jpg,/kaggle/input/mvsasingle/MVSA_Single/data/2041.jpg,351,599,False,,[],0,0,positive
2042.jpg,/kaggle/input/mvsasingle/MVSA_Single/data/2042.jpg,468,468,False,,[],0,0,neutral
2043.jpg,/kaggle/input/mvsasingle/MVSA_Single/data/2043.jpg,600,600,False,,[],0,0,neutral
2044.jpg,/kaggle/input/mvsasingle/MVSA_Single/data/2044.jpg,450,600,True,"foodlink
TUN
Blo
โยช
SAV Decovery.com UR M
RO","[{'x': 180, 'y': 5}, {'x': 597, 'y': 5}, {'x': 597, 'y': 381}, {'x': 180, 'y': 381}]",376,417,positive
2045.jpg,/kaggle/input/mvsasingle/MVSA_Single/data/2045.jpg,399,599,False,,[],0,0,positive
2046.jpg,/kaggle/input/mvsasingle/MVSA_Single/data/2046.jpg,450,600,False,,[],0,0,neutral
2047.jpg,/kaggle/input/mvsasingle/MVSA_Single/data/2047.jpg,672,480,False,,[],0,0,positive
2048.jpg,/kaggle/input/mvsasingle/MVSA_Single/data/2048.jpg,800,600,False,,[],0,0,positive
2049.jpg,/kaggle/input/mvsasingle/MVSA_Single/data/2049.jpg,600,600,False,,[],0,0,neutral
205.jpg,/kaggle/input/mvsasingle/MVSA_Single/data/205.jpg,400,600,True,"""There's power in looking silly and
not caring that you do.""
Any Poehler
Inspire your Life {shouttr.net}","[{'x': 35, 'y': 72}, {'x': 581, 'y': 72}, {'x': 581, 'y': 383}, {'x': 35, 'y': 383}]",311,546,positive
2050.jpg,/kaggle/input/mvsasingle/MVSA_Single/data/2050.jpg,500,500,False,,[],0,0,positive
2051.jpg,/kaggle/input/mvsasingle/MVSA_Single/data/2051.jpg,400,599,False,,[],0,0,positive
2052.jpg,/kaggle/input/mvsasingle/MVSA_Single/data/2052.jpg,800,600,False,,[],0,0,positive
2053.jpg,/kaggle/input/mvsasingle/MVSA_Single/data/2053.jpg,399,599,True,© Jascha Hoste,"[{'x': 2, 'y': 387}, {'x': 92, 'y': 387}, {'x': 92, 'y': 397}, {'x': 2, 'y': 397}]",10,90,positive
2054.jpg,/kaggle/input/mvsasingle/MVSA_Single/data/2054.jpg,283,481,True,"OIL SPILLOVER
Revenue Impact of $50 Oil Price Fall 2015
SHARE OF GOP
30% 3% 0% 2% 4%
Source Backfoot the US Energy information Administration and MF, January 2015 Notes The map shows animated newnes gained from a $50 in the
price of of as a share of GDP The impact is calcuted by taking each country's 2013 not imports of of mutoying this by $50 and then translating the total into a share of 2014 GOP","[{'x': 8, 'y': 7}, {'x': 477, 'y': 7}, {'x': 477, 'y': 277}, {'x': 8, 'y': 277}]",270,469,negative
2055.jpg,/kaggle/input/mvsasingle/MVSA_Single/data/2055.jpg,600,600,False,,[],0,0,positive
2056.jpg,/kaggle/input/mvsasingle/MVSA_Single/data/2056.jpg,352,500,True,"GITTES
SERVICE","[{'x': 343, 'y': 2}, {'x': 403, 'y': 2}, {'x': 403, 'y': 40}, {'x': 343, 'y': 40}]",38,60,positive
2057.jpg,/kaggle/input/mvsasingle/MVSA_Single/data/2057.jpg,600,600,True,"PRES
AND MAKE
SURE YOU
TAKE THIS
WITH FOOD
GIVEN THE
COST, I'LL BE
TAKING IT
INSTEAD OF
FOOD
DOSHAN","[{'x': 15, 'y': 36}, {'x': 548, 'y': 36}, {'x': 548, 'y': 590}, {'x': 15, 'y': 590}]",554,533,positive
2058.jpg,/kaggle/input/mvsasingle/MVSA_Single/data/2058.jpg,800,600,True,00,"[{'x': 181, 'y': 520}, {'x': 241, 'y': 520}, {'x': 241, 'y': 609}, {'x': 181, 'y': 609}]",89,60,positive
2059.jpg,/kaggle/input/mvsasingle/MVSA_Single/data/2059.jpg,257,300,False,,[],0,0,neutral
206.jpg,/kaggle/input/mvsasingle/MVSA_Single/data/206.jpg,504,320,True,"The fear of the LORD is the
beginning of wisdom a good
understanding have all they that
do his commandments his praise
endureth for ever.
Psalms 111:10","[{'x': 19, 'y': 151}, {'x': 300, 'y': 151}, {'x': 300, 'y': 319}, {'x': 19, 'y': 319}]",168,281,neutral
2060.jpg,/kaggle/input/mvsasingle/MVSA_Single/data/2060.jpg,800,600,True,VAIO,"[{'x': 41, 'y': 463}, {'x': 56, 'y': 463}, {'x': 56, 'y': 525}, {'x': 41, 'y': 525}]",62,15,positive
2061.jpg,/kaggle/input/mvsasingle/MVSA_Single/data/2061.jpg,800,600,True,"IR
Tanqueray
CONDEN DRY PR
DF
SPIRITED
2014 COMPANION
Spirited Solutions to
What's Holding You Back
RACHEL MACDONALD
YARA BERTS
DOLL","[{'x': 0, 'y': 151}, {'x': 437, 'y': 151}, {'x': 437, 'y': 660}, {'x': 0, 'y': 660}]",509,437,positive
2062.jpg,/kaggle/input/mvsasingle/MVSA_Single/data/2062.jpg,800,600,True,"Se
Jillon Money.
NEW PALTZ CENTRAL SCHOOL DISTRICT
5:49
O
2 HR D
CBS
SAMSUNG","[{'x': 127, 'y': 153}, {'x': 599, 'y': 153}, {'x': 599, 'y': 788}, {'x': 127, 'y': 788}]",635,472,negative
2063.jpg,/kaggle/input/mvsasingle/MVSA_Single/data/2063.jpg,450,600,True,"CAMERON'S NHS LEGACY
1/6 A&E's closed
1/3 Walk-in centres closed
1/3 Ambulance stations closed
7968 Hospital beds
2000 Community nurses
£943m GP funding
#GETCAMERONOUT","[{'x': 18, 'y': 21}, {'x': 577, 'y': 21}, {'x': 577, 'y': 437}, {'x': 18, 'y': 437}]",416,559,positive
2064.jpg,/kaggle/input/mvsasingle/MVSA_Single/data/2064.jpg,662,599,False,,[],0,0,positive
2065.jpg,/kaggle/input/mvsasingle/MVSA_Single/data/2065.jpg,600,600,True,"""SO YOU FELT DEMEANED, DEBASED,
ABUSED & ASSAULTED - HOW VERY
TESS DURBEYFIELD OF YOU. I BELIEVE
IT WAS YOU WHO DECIDED ON THE
DEBASEMENT IF I REMEMBER
CORRECTLY. DO YOU REALLY FEEL LIKE
THIS OR DO YOU THINK YOU OUGHT
FEEL LIKE THIS?
DIFFERENT
IS HOW YOU FEEL,
YOU COULD
EMBRACE
FEELINGS,
THEM, FOR
WHAT A
WOULD DO.""
TWO VERY
THINGS. IF THAT
DO YOU THINK
JUST TRY AND
THESE
DEAL WITH
ME? THAT'S
SUBMISSIVE","[{'x': 110, 'y': 7}, {'x': 495, 'y': 7}, {'x': 495, 'y': 377}, {'x': 110, 'y': 377}]",370,385,positive
2066.jpg,/kaggle/input/mvsasingle/MVSA_Single/data/2066.jpg,450,599,True,DAILY MAIL,"[{'x': 15, 'y': 437}, {'x': 81, 'y': 437}, {'x': 81, 'y': 447}, {'x': 15, 'y': 447}]",10,66,positive
2067.jpg,/kaggle/input/mvsasingle/MVSA_Single/data/2067.jpg,667,500,False,,[],0,0,neutral
2068.jpg,/kaggle/input/mvsasingle/MVSA_Single/data/2068.jpg,565,600,True,"IF YOU ACTIVELY
WORK TO PROTECT
THIS
BUT NOT
THIS
YOU ARE NOT
""PRO-LIFE""","[{'x': 66, 'y': 4}, {'x': 575, 'y': 4}, {'x': 575, 'y': 553}, {'x': 66, 'y': 553}]",549,509,positive
2069.jpg,/kaggle/input/mvsasingle/MVSA_Single/data/2069.jpg,410,599,False,,[],0,0,positive
207.jpg,/kaggle/input/mvsasingle/MVSA_Single/data/207.jpg,720,405,True,"Pelecking & Delicior
Flavored
San Miguel
Apple
Mon
Beer","[{'x': 163, 'y': 42}, {'x': 273, 'y': 42}, {'x': 273, 'y': 146}, {'x': 163, 'y': 146}]",104,110,positive
2070.jpg,/kaggle/input/mvsasingle/MVSA_Single/data/2070.jpg,450,600,True,"히히이
I LOVE
IAN
#Heels At","[{'x': 180, 'y': 145}, {'x': 389, 'y': 145}, {'x': 389, 'y': 283}, {'x': 180, 'y': 283}]",138,209,positive
2071.jpg,/kaggle/input/mvsasingle/MVSA_Single/data/2071.jpg,600,600,True,"Happy
Valentine's Day","[{'x': 114, 'y': 30}, {'x': 487, 'y': 30}, {'x': 487, 'y': 190}, {'x': 114, 'y': 190}]",160,373,neutral
2072.jpg,/kaggle/input/mvsasingle/MVSA_Single/data/2072.jpg,600,600,True,P,"[{'x': 181, 'y': 119}, {'x': 213, 'y': 119}, {'x': 213, 'y': 144}, {'x': 181, 'y': 144}]",25,32,positive
2073.jpg,/kaggle/input/mvsasingle/MVSA_Single/data/2073.jpg,200,300,False,,[],0,0,positive
2074.jpg,/kaggle/input/mvsasingle/MVSA_Single/data/2074.jpg,520,520,True,"AGANT
MICHAEL
RS
60
10","[{'x': 190, 'y': 33}, {'x': 461, 'y': 33}, {'x': 461, 'y': 337}, {'x': 190, 'y': 337}]",304,271,neutral
2075.jpg,/kaggle/input/mvsasingle/MVSA_Single/data/2075.jpg,450,600,False,,[],0,0,positive
2076.jpg,/kaggle/input/mvsasingle/MVSA_Single/data/2076.jpg,330,599,False,,[],0,0,positive
2077.jpg,/kaggle/input/mvsasingle/MVSA_Single/data/2077.jpg,337,599,False,,[],0,0,positive
2078.jpg,/kaggle/input/mvsasingle/MVSA_Single/data/2078.jpg,491,500,False,,[],0,0,positive
2079.jpg,/kaggle/input/mvsasingle/MVSA_Single/data/2079.jpg,640,480,False,,[],0,0,positive
208.jpg,/kaggle/input/mvsasingle/MVSA_Single/data/208.jpg,800,600,False,,[],0,0,negative
2080.jpg,/kaggle/input/mvsasingle/MVSA_Single/data/2080.jpg,1024,576,True,David & Sarah,"[{'x': 296, 'y': 380}, {'x': 415, 'y': 380}, {'x': 415, 'y': 431}, {'x': 296, 'y': 431}]",51,119,positive
2081.jpg,/kaggle/input/mvsasingle/MVSA_Single/data/2081.jpg,569,599,True,"MAGNERS
6
-----
28
william","[{'x': 0, 'y': 173}, {'x': 581, 'y': 173}, {'x': 581, 'y': 442}, {'x': 0, 'y': 442}]",269,581,neutral
2082.jpg,/kaggle/input/mvsasingle/MVSA_Single/data/2082.jpg,600,600,False,,[],0,0,positive
2083.jpg,/kaggle/input/mvsasingle/MVSA_Single/data/2083.jpg,1024,575,True,"Community service blows wang
gain16l Jasilingia
Juodtiw 200
5","[{'x': 68, 'y': 35}, {'x': 538, 'y': 35}, {'x': 538, 'y': 1023}, {'x': 68, 'y': 1023}]",988,470,positive
2084.jpg,/kaggle/input/mvsasingle/MVSA_Single/data/2084.jpg,914,600,False,,[],0,0,positive
2085.jpg,/kaggle/input/mvsasingle/MVSA_Single/data/2085.jpg,541,599,True,σ,"[{'x': 185, 'y': 428}, {'x': 202, 'y': 428}, {'x': 202, 'y': 444}, {'x': 185, 'y': 444}]",16,17,neutral
2086.jpg,/kaggle/input/mvsasingle/MVSA_Single/data/2086.jpg,228,300,False,,[],0,0,positive
2087.jpg,/kaggle/input/mvsasingle/MVSA_Single/data/2087.jpg,450,600,True,2014-09-14 01:50:14,"[{'x': 381, 'y': 26}, {'x': 556, 'y': 26}, {'x': 556, 'y': 40}, {'x': 381, 'y': 40}]",14,175,positive
2088.jpg,/kaggle/input/mvsasingle/MVSA_Single/data/2088.jpg,337,599,True,Wombat's gone delinquent!,"[{'x': 150, 'y': 294}, {'x': 448, 'y': 294}, {'x': 448, 'y': 322}, {'x': 150, 'y': 322}]",28,298,positive
2089.jpg,/kaggle/input/mvsasingle/MVSA_Single/data/2089.jpg,337,599,True,"WNLOAD THE APP
48:53 PAL 1-1 LIV
T
BT Sport HD LIVE","[{'x': 0, 'y': 88}, {'x': 551, 'y': 88}, {'x': 551, 'y': 317}, {'x': 0, 'y': 317}]",229,551,positive
209.jpg,/kaggle/input/mvsasingle/MVSA_Single/data/209.jpg,508,599,True,"=LIGHE
UE","[{'x': 0, 'y': 243}, {'x': 237, 'y': 243}, {'x': 237, 'y': 386}, {'x': 0, 'y': 386}]",143,237,positive
2090.jpg,/kaggle/input/mvsasingle/MVSA_Single/data/2090.jpg,499,376,False,,[],0,0,positive
2091.jpg,/kaggle/input/mvsasingle/MVSA_Single/data/2091.jpg,414,599,False,,[],0,0,positive
2092.jpg,/kaggle/input/mvsasingle/MVSA_Single/data/2092.jpg,450,600,True,"CHI
Twisted Fabric
fishing pate
pls de niton
pasta para finalizar
MADK
THE USA
26740
CHI
Twisted Fabric
trishing paste
pite de fintion
pasta para fralizar
MADE IN THE USA
26.0740
L","[{'x': 145, 'y': 46}, {'x': 437, 'y': 46}, {'x': 437, 'y': 291}, {'x': 145, 'y': 291}]",245,292,positive
2093.jpg,/kaggle/input/mvsasingle/MVSA_Single/data/2093.jpg,378,599,False,,[],0,0,positive
2094.jpg,/kaggle/input/mvsasingle/MVSA_Single/data/2094.jpg,640,480,False,,[],0,0,negative
2095.jpg,/kaggle/input/mvsasingle/MVSA_Single/data/2095.jpg,280,499,False,,[],0,0,neutral
2096.jpg,/kaggle/input/mvsasingle/MVSA_Single/data/2096.jpg,756,506,True,"Copyrighted Material
Depression and
Bipolar Disorder
Your Guide to Recovery
Understand biological and psychological causes
Become empowered to take charge of your recovery
Find the best treatment approach for your situation
William R. Marchand, MD
Copyrighted Mata","[{'x': 38, 'y': 17}, {'x': 468, 'y': 17}, {'x': 468, 'y': 743}, {'x': 38, 'y': 743}]",726,430,neutral
2097.jpg,/kaggle/input/mvsasingle/MVSA_Single/data/2097.jpg,607,600,False,,[],0,0,positive
2098.jpg,/kaggle/input/mvsasingle/MVSA_Single/data/2098.jpg,849,599,True,"TL
lara
TEATRO
ÚNICA FUNCIÓN!
MARTES 10 MARZO 22:00
LOS
QUINTANA
PRESENTAN
CRAZY TOUR
Idea y Dirección: David Quintana
Elenco: David Quintana, Fernando Quintana, Jose Cobrana, Lorena de Orte, Ricardo Mata, Elena Mora (Nany).
Venta de entradas en Teatro lara y www.teatrolara.com
Síguenos en TANA www.losquintana.com GREEK SHOP
?!
manual
comunicación","[{'x': 24, 'y': 30}, {'x': 575, 'y': 30}, {'x': 575, 'y': 838}, {'x': 24, 'y': 838}]",808,551,positive
2099.jpg,/kaggle/input/mvsasingle/MVSA_Single/data/2099.jpg,493,599,True,"A PRESIDENTIAL VALENTINE
Send a Valentine to President Goodluck Jonathan
Happy
Valentine's
Day","[{'x': 93, 'y': 12}, {'x': 591, 'y': 12}, {'x': 591, 'y': 400}, {'x': 93, 'y': 400}]",388,498,positive
21.jpg,/kaggle/input/mvsasingle/MVSA_Single/data/21.jpg,447,599,True,"82900
BUTLE","[{'x': 193, 'y': 101}, {'x': 492, 'y': 101}, {'x': 492, 'y': 179}, {'x': 193, 'y': 179}]",78,299,positive
210.jpg,/kaggle/input/mvsasingle/MVSA_Single/data/210.jpg,385,400,False,,[],0,0,positive
2100.jpg,/kaggle/input/mvsasingle/MVSA_Single/data/2100.jpg,411,599,False,,[],0,0,positive
2101.jpg,/kaggle/input/mvsasingle/MVSA_Single/data/2101.jpg,450,600,False,,[],0,0,positive
2102.jpg,/kaggle/input/mvsasingle/MVSA_Single/data/2102.jpg,756,567,True,"N
AVAD IS
59","[{'x': 74, 'y': 192}, {'x': 564, 'y': 192}, {'x': 564, 'y': 315}, {'x': 74, 'y': 315}]",123,490,negative
2103.jpg,/kaggle/input/mvsasingle/MVSA_Single/data/2103.jpg,600,600,False,,[],0,0,positive
2104.jpg,/kaggle/input/mvsasingle/MVSA_Single/data/2104.jpg,800,600,False,,[],0,0,positive
2105.jpg,/kaggle/input/mvsasingle/MVSA_Single/data/2105.jpg,183,275,True,RE,"[{'x': 24, 'y': 148}, {'x': 37, 'y': 148}, {'x': 37, 'y': 162}, {'x': 24, 'y': 162}]",14,13,positive
2106.jpg,/kaggle/input/mvsasingle/MVSA_Single/data/2106.jpg,402,518,True,ww,"[{'x': 55, 'y': 144}, {'x': 105, 'y': 144}, {'x': 105, 'y': 177}, {'x': 55, 'y': 177}]",33,50,positive
2107.jpg,/kaggle/input/mvsasingle/MVSA_Single/data/2107.jpg,360,480,True,11,"[{'x': 389, 'y': 23}, {'x': 403, 'y': 23}, {'x': 403, 'y': 42}, {'x': 389, 'y': 42}]",19,14,positive
2108.jpg,/kaggle/input/mvsasingle/MVSA_Single/data/2108.jpg,337,599,True,"Google Maps
Chttps://www.google.com/maps/@32 232512-110.921966 3.75y.209,81.48t/data-3m1e13m211se5W7GXXP8N210K5Lw020
85719 Weather For Merin News Images Analytics
3323 E 3rd St
Tucson, Arizon
- Street View-Mar 2011
Thesaurus Eres General Ughtweight.com-ja What is The Japanes
Other bookmarks
Google
O
2
Back to Map
image capture: Mor 2011 2015 Google Terms Privacy Report problem","[{'x': 12, 'y': 8}, {'x': 595, 'y': 8}, {'x': 595, 'y': 335}, {'x': 12, 'y': 335}]",327,583,neutral
2109.jpg,/kaggle/input/mvsasingle/MVSA_Single/data/2109.jpg,369,516,True,"Rocket Languages
Speak And Understand A New Language Faster
SURVIVAL KIT
To Master Italian","[{'x': 76, 'y': 17}, {'x': 445, 'y': 17}, {'x': 445, 'y': 346}, {'x': 76, 'y': 346}]",329,369,positive
211.jpg,/kaggle/input/mvsasingle/MVSA_Single/data/211.jpg,438,600,True,betway,"[{'x': 309, 'y': 131}, {'x': 348, 'y': 131}, {'x': 348, 'y': 143}, {'x': 309, 'y': 143}]",12,39,positive
2110.jpg,/kaggle/input/mvsasingle/MVSA_Single/data/2110.jpg,320,216,True,"The Desplate
Garden
Danny Kemp","[{'x': 28, 'y': 110}, {'x': 186, 'y': 110}, {'x': 186, 'y': 239}, {'x': 28, 'y': 239}]",129,158,positive
2111.jpg,/kaggle/input/mvsasingle/MVSA_Single/data/2111.jpg,480,360,False,,[],0,0,neutral
2112.jpg,/kaggle/input/mvsasingle/MVSA_Single/data/2112.jpg,800,600,False,,[],0,0,positive
2113.jpg,/kaggle/input/mvsasingle/MVSA_Single/data/2113.jpg,800,600,False,,[],0,0,positive
2114.jpg,/kaggle/input/mvsasingle/MVSA_Single/data/2114.jpg,600,600,True,"tarte
N
TECATE
CURITY
માં","[{'x': 208, 'y': 39}, {'x': 501, 'y': 39}, {'x': 501, 'y': 451}, {'x': 208, 'y': 451}]",412,293,positive
2115.jpg,/kaggle/input/mvsasingle/MVSA_Single/data/2115.jpg,450,412,True,"Sinex
VICKS
Sinex
Decongestant
Nasal Spray
Oxymetazoline
Relief from a blocked nose
VICKS
Sinex
Decongestant
Nasal Spray
Oxymetazoline","[{'x': 73, 'y': 20}, {'x': 362, 'y': 20}, {'x': 362, 'y': 336}, {'x': 73, 'y': 336}]",316,289,neutral
2116.jpg,/kaggle/input/mvsasingle/MVSA_Single/data/2116.jpg,600,600,False,,[],0,0,neutral
2117.jpg,/kaggle/input/mvsasingle/MVSA_Single/data/2117.jpg,427,600,True,"INAIS NIN
TERERNATSOR","[{'x': 121, 'y': 234}, {'x': 202, 'y': 234}, {'x': 202, 'y': 288}, {'x': 121, 'y': 288}]",54,81,positive
2118.jpg,/kaggle/input/mvsasingle/MVSA_Single/data/2118.jpg,450,600,True,"STONE
Stéphanie C.C. I","[{'x': 297, 'y': 209}, {'x': 589, 'y': 209}, {'x': 589, 'y': 427}, {'x': 297, 'y': 427}]",218,292,positive
2119.jpg,/kaggle/input/mvsasingle/MVSA_Single/data/2119.jpg,450,600,True,"BIMBO
ppl
PPL ENERGY PLUS
BIMBO
PPL ENER
O
MONDRAGON
ppl
VALDES
5
REPHIA
ON
2
FOX","[{'x': 0, 'y': 72}, {'x': 599, 'y': 72}, {'x': 599, 'y': 449}, {'x': 0, 'y': 449}]",377,599,negative
212.jpg,/kaggle/input/mvsasingle/MVSA_Single/data/212.jpg,923,600,True,"FERVENT
30'S COMBED WITH HIGH QUALITY RUBBER PRINT
FREE PLASTIC CLIP, RUBBER KEYCHAIN AND STICKER
S, M, L,XL
085725737197/28AE36F3","[{'x': 128, 'y': 772}, {'x': 579, 'y': 772}, {'x': 579, 'y': 879}, {'x': 128, 'y': 879}]",107,451,negative
2120.jpg,/kaggle/input/mvsasingle/MVSA_Single/data/2120.jpg,375,600,True,"MP'S TO ESCAPE EXPENSES INVESTIGATIONS
AFTER PAPERWORK DESTROYED BY
PARLIAMENT
THE CORRUPTION CONTINUES","[{'x': 36, 'y': 216}, {'x': 564, 'y': 216}, {'x': 564, 'y': 313}, {'x': 36, 'y': 313}]",97,528,positive
2121.jpg,/kaggle/input/mvsasingle/MVSA_Single/data/2121.jpg,450,600,True,"Renae
Used
Nothing
#WittzPARTY","[{'x': 184, 'y': 25}, {'x': 408, 'y': 25}, {'x': 408, 'y': 420}, {'x': 184, 'y': 420}]",395,224,positive
2122.jpg,/kaggle/input/mvsasingle/MVSA_Single/data/2122.jpg,340,600,False,,[],0,0,negative
2123.jpg,/kaggle/input/mvsasingle/MVSA_Single/data/2123.jpg,800,600,True,"MARKS &
SPENCER
HOT CHOCOLATE
FUDGE PUDDING
a meltingly moist all butter chocolate
sponge made with almonds drenched
in a sumptuous chocolate fudge sauce","[{'x': 12, 'y': 37}, {'x': 360, 'y': 37}, {'x': 360, 'y': 272}, {'x': 12, 'y': 272}]",235,348,neutral
2124.jpg,/kaggle/input/mvsasingle/MVSA_Single/data/2124.jpg,600,600,True,"July 20, 2011
The Wedding of Noah & Vixen","[{'x': 12, 'y': 486}, {'x': 590, 'y': 486}, {'x': 590, 'y': 577}, {'x': 12, 'y': 577}]",91,578,negative
2125.jpg,/kaggle/input/mvsasingle/MVSA_Single/data/2125.jpg,450,600,False,,[],0,0,positive
2126.jpg,/kaggle/input/mvsasingle/MVSA_Single/data/2126.jpg,421,600,False,,[],0,0,negative
2127.jpg,/kaggle/input/mvsasingle/MVSA_Single/data/2127.jpg,333,599,True,Do your research.,"[{'x': 231, 'y': 300}, {'x': 368, 'y': 300}, {'x': 368, 'y': 321}, {'x': 231, 'y': 321}]",21,137,positive
2128.jpg,/kaggle/input/mvsasingle/MVSA_Single/data/2128.jpg,398,599,False,,[],0,0,positive
2129.jpg,/kaggle/input/mvsasingle/MVSA_Single/data/2129.jpg,800,600,False,,[],0,0,negative
213.jpg,/kaggle/input/mvsasingle/MVSA_Single/data/213.jpg,480,600,False,,[],0,0,positive
2130.jpg,/kaggle/input/mvsasingle/MVSA_Single/data/2130.jpg,323,599,True,"ABC News
abc NEWS
.com","[{'x': 15, 'y': 280}, {'x': 558, 'y': 280}, {'x': 558, 'y': 319}, {'x': 15, 'y': 319}]",39,543,neutral
2131.jpg,/kaggle/input/mvsasingle/MVSA_Single/data/2131.jpg,600,600,False,,[],0,0,positive
2132.jpg,/kaggle/input/mvsasingle/MVSA_Single/data/2132.jpg,318,598,True,"LET
SANOGO","[{'x': 257, 'y': 63}, {'x': 543, 'y': 63}, {'x': 543, 'y': 264}, {'x': 257, 'y': 264}]",201,286,neutral
2133.jpg,/kaggle/input/mvsasingle/MVSA_Single/data/2133.jpg,600,600,True,"THE SOOF SOUT
AT WIGHT SP
WITH SPECIAL GUESTS
AR OF SHIVE GLES OF AT
AST BREAD
883","[{'x': 0, 'y': 248}, {'x': 520, 'y': 248}, {'x': 520, 'y': 588}, {'x': 0, 'y': 588}]",340,520,positive
2134.jpg,/kaggle/input/mvsasingle/MVSA_Single/data/2134.jpg,449,600,True,"ALS
ASSOCIATION
Tennessee Chapter
Together we
can find a
cure","[{'x': 50, 'y': 182}, {'x': 424, 'y': 182}, {'x': 424, 'y': 419}, {'x': 50, 'y': 419}]",237,374,negative
2135.jpg,/kaggle/input/mvsasingle/MVSA_Single/data/2135.jpg,600,600,False,,[],0,0,negative
2136.jpg,/kaggle/input/mvsasingle/MVSA_Single/data/2136.jpg,711,500,True,KARENGILLANSPERFECTHAIR TUMBLR,"[{'x': 9, 'y': 689}, {'x': 125, 'y': 689}, {'x': 125, 'y': 701}, {'x': 9, 'y': 701}]",12,116,negative
2137.jpg,/kaggle/input/mvsasingle/MVSA_Single/data/2137.jpg,300,600,False,,[],0,0,negative
2138.jpg,/kaggle/input/mvsasingle/MVSA_Single/data/2138.jpg,272,460,True,"VIA 9GAG.COM
BITCH PLEASE
MEMEFUL.COM","[{'x': 15, 'y': 16}, {'x': 458, 'y': 16}, {'x': 458, 'y': 271}, {'x': 15, 'y': 271}]",255,443,positive
2139.jpg,/kaggle/input/mvsasingle/MVSA_Single/data/2139.jpg,800,600,False,,[],0,0,negative
214.jpg,/kaggle/input/mvsasingle/MVSA_Single/data/214.jpg,398,599,True,"He had no failings which were not owing to a noble cause; to an
ardent, generous, perhaps an immoderate passion for fame; a
passion which is the instinct of all great souls.
Edmund Buske
Inspire your Life (shoutinet","[{'x': 15, 'y': 18}, {'x': 570, 'y': 18}, {'x': 570, 'y': 377}, {'x': 15, 'y': 377}]",359,555,negative
2140.jpg,/kaggle/input/mvsasingle/MVSA_Single/data/2140.jpg,640,480,True,"MY DRUNK KITCHE
a guide to Coning
& going with your gut
HANNAR HART","[{'x': 270, 'y': 304}, {'x': 446, 'y': 304}, {'x': 446, 'y': 413}, {'x': 270, 'y': 413}]",109,176,positive
2141.jpg,/kaggle/input/mvsasingle/MVSA_Single/data/2141.jpg,397,599,True,"BLACK LB-
WWW.MIKEVICTORICK.COM","[{'x': 373, 'y': 180}, {'x': 598, 'y': 180}, {'x': 598, 'y': 384}, {'x': 373, 'y': 384}]",204,225,neutral
2142.jpg,/kaggle/input/mvsasingle/MVSA_Single/data/2142.jpg,600,600,False,,[],0,0,positive
2143.jpg,/kaggle/input/mvsasingle/MVSA_Single/data/2143.jpg,800,600,False,,[],0,0,positive
2144.jpg,/kaggle/input/mvsasingle/MVSA_Single/data/2144.jpg,1065,600,True,"GUM
Prevention
Fiat Felly
mento
eclipse eclipse Orbit
Sours
ICE BREAKERS
Sours
CAR CUP
CAR CUP
CAR CUP""
CA
ALTOIDS
ONG MI
PEPPERMINTA
ALTOIDS
CURIOUSLY STRONG MINTS
ALTOIDS
CURIOUSEY STRONG MINTS
PEPPERMINT
9
29
DEBREAKERS
1.00
621
2.09
1.29
ALTOIDS
2.39
sale
2/3.00
GAVE $172
Orbit
1.29 -->
00
SPEAKI
1.29
29
2.39
sale
2/3.00
SAVE $1.78 on 2
Ubic
ражен
nf gread ou
an
oo
1.29
1.29
1.29
S3","[{'x': 0, 'y': 46}, {'x': 599, 'y': 46}, {'x': 599, 'y': 1016}, {'x': 0, 'y': 1016}]",970,599,positive
2145.jpg,/kaggle/input/mvsasingle/MVSA_Single/data/2145.jpg,450,600,True,"VPICA
LOVE
YOU
Sprea
Love
Hu
I Love You","[{'x': 16, 'y': 165}, {'x': 445, 'y': 165}, {'x': 445, 'y': 394}, {'x': 16, 'y': 394}]",229,429,positive
2146.jpg,/kaggle/input/mvsasingle/MVSA_Single/data/2146.jpg,405,540,True,BEFORE,"[{'x': 8, 'y': 31}, {'x': 23, 'y': 31}, {'x': 23, 'y': 148}, {'x': 8, 'y': 148}]",117,15,positive
2147.jpg,/kaggle/input/mvsasingle/MVSA_Single/data/2147.jpg,600,600,True,I can't handle feeling like this anymore.,"[{'x': 42, 'y': 490}, {'x': 520, 'y': 490}, {'x': 520, 'y': 521}, {'x': 42, 'y': 521}]",31,478,positive
2148.jpg,/kaggle/input/mvsasingle/MVSA_Single/data/2148.jpg,399,599,True,"Disgraced MP Parick
Mercer milked
more than
£34,000 in expenses","[{'x': 17, 'y': 22}, {'x': 266, 'y': 22}, {'x': 266, 'y': 136}, {'x': 17, 'y': 136}]",114,249,neutral
2149.jpg,/kaggle/input/mvsasingle/MVSA_Single/data/2149.jpg,179,598,True,"Telecharge www.telecharge.com
212-239-6200-800-447-7400
ALYCDI022115E
e-t
ALYCDI
LYCEUM THEATRE
022115E 149 W. 45TH ST. (BET. BWY & 6TH)
OFFER
$95.00
DISGRACED
941994535586
$95.00⭑
TM
8:00 PM
SAT
TAMSTR TM
THIS
020915
FEB 21, 2015
ZONE 150
OBCHO
Keep","[{'x': 49, 'y': 0}, {'x': 597, 'y': 0}, {'x': 597, 'y': 178}, {'x': 49, 'y': 178}]",178,548,neutral
215.jpg,/kaggle/input/mvsasingle/MVSA_Single/data/215.jpg,600,600,True,Prayer mode,"[{'x': 259, 'y': 497}, {'x': 482, 'y': 497}, {'x': 482, 'y': 563}, {'x': 259, 'y': 563}]",66,223,positive
2150.jpg,/kaggle/input/mvsasingle/MVSA_Single/data/2150.jpg,180,117,True,EL,"[{'x': 0, 'y': 139}, {'x': 15, 'y': 139}, {'x': 15, 'y': 158}, {'x': 0, 'y': 158}]",19,15,negative
2151.jpg,/kaggle/input/mvsasingle/MVSA_Single/data/2151.jpg,325,580,True,10,"[{'x': 188, 'y': 57}, {'x': 218, 'y': 57}, {'x': 218, 'y': 70}, {'x': 188, 'y': 70}]",13,30,neutral
2152.jpg,/kaggle/input/mvsasingle/MVSA_Single/data/2152.jpg,626,599,True,"Loewe's
ominated
Vanessa Hudgens
as Gigi
including
honored
er adapt-
ackluster
ormances.
or a West
cked the
1.
onsidered
y Center,
apted by
way next
There's a
ally taped
is to cap-
MATTHEW MURPHY
says Thomas. ""They think of pedophilia; I was
shocked at how deep seated that reaction was.""
The song remains in the show, but is sung at a","[{'x': 0, 'y': 111}, {'x': 591, 'y': 111}, {'x': 591, 'y': 621}, {'x': 0, 'y': 621}]",510,591,positive
2153.jpg,/kaggle/input/mvsasingle/MVSA_Single/data/2153.jpg,548,548,True,adidas,"[{'x': 404, 'y': 529}, {'x': 427, 'y': 529}, {'x': 427, 'y': 537}, {'x': 404, 'y': 537}]",8,23,neutral
2154.jpg,/kaggle/input/mvsasingle/MVSA_Single/data/2154.jpg,264,191,True,Facebook,"[{'x': 10, 'y': 256}, {'x': 44, 'y': 256}, {'x': 44, 'y': 262}, {'x': 10, 'y': 262}]",6,34,positive
2155.jpg,/kaggle/input/mvsasingle/MVSA_Single/data/2155.jpg,358,500,True,"TALESOFPOEFILM.CO
Mastro
Piece
roductions","[{'x': 0, 'y': 70}, {'x': 477, 'y': 70}, {'x': 477, 'y': 132}, {'x': 0, 'y': 132}]",62,477,negative
2156.jpg,/kaggle/input/mvsasingle/MVSA_Single/data/2156.jpg,376,600,False,,[],0,0,positive
2157.jpg,/kaggle/input/mvsasingle/MVSA_Single/data/2157.jpg,463,599,True,"Ave. Temperature dep from Ave (deg
1/14/2015 - 2/12/2015
-15
-12
-9
-6
-3
Generated 2/13/2015 at WRCC using provisional data.
NOAA Regional Climate Centers
0
6
9
12
15","[{'x': 5, 'y': 13}, {'x': 504, 'y': 13}, {'x': 504, 'y': 462}, {'x': 5, 'y': 462}]",449,499,negative
2158.jpg,/kaggle/input/mvsasingle/MVSA_Single/data/2158.jpg,222,600,True,"AFFINITY
relationship coaching
3 New
SECRETS
TO HANDLING
YOUR
ANGER
ft. Courtenay Gueta.","[{'x': 11, 'y': 8}, {'x': 567, 'y': 8}, {'x': 567, 'y': 196}, {'x': 11, 'y': 196}]",188,556,positive
2159.jpg,/kaggle/input/mvsasingle/MVSA_Single/data/2159.jpg,399,599,False,,[],0,0,neutral
216.jpg,/kaggle/input/mvsasingle/MVSA_Single/data/216.jpg,286,599,True,"As socialists, we are opponents of the Jews,
because we see, in the Hebrews, the incarnation
of capitalism, of the misuse of the nation's goods.
-Joseph Goebbels","[{'x': 212, 'y': 76}, {'x': 588, 'y': 76}, {'x': 588, 'y': 234}, {'x': 212, 'y': 234}]",158,376,positive
2160.jpg,/kaggle/input/mvsasingle/MVSA_Single/data/2160.jpg,450,600,True,"PRO
POWER
YORK","[{'x': 43, 'y': 8}, {'x': 140, 'y': 8}, {'x': 140, 'y': 357}, {'x': 43, 'y': 357}]",349,97,positive
2161.jpg,/kaggle/input/mvsasingle/MVSA_Single/data/2161.jpg,1024,575,True,"BUSINESS
Ya beauty! Awards
honour salon boss
Jean Ward
An Airdrie wax specialist
scooped a retail award at a
ceremony in Glasgow.
Debbie Porter from Craigeuk
beat off stiff competition to be
crowned hair and beauty retailer
of the year-South West Scotland
arthe Scottish Independent Retail
Awards in the Crown Plaza Hotel
on Sunday
Debbie said ""We're absolutely
thrilled to have won and so grated
to our clients for nominatingus
""We went for a full day of
pampering before the awards
ceremony on Sunday, where we
were up against other six salons
with most of them employing
many more staff
""It's a terrific achievement as
we only have two members of
staff, including myself and a brow
artist, so I'm so delighted""
The former PA, who worked
for an engineering company,
retrained as a beauty therapist
and graduated from North Codege
Glasgow with an HND in beauty
therapy
She said ""I trained with the UK's
was queen Kim Lawless wiht at
college, which was fanta
methecodenor to
carryout intimate waxes
the left Andrie after finding
love and followed her derams to
Partick to become her own boss
Following graduation she
joinedawa-only company whore
she received intense training
before securing a position as
therapi
Se denopenedamallbeauty
room in a local hairdressers and
within six months branched outto
lanchherow salon in Glasgow's
West End, called Westend Wax
and Beauty
Debbie said ""My partner got
a new job and I was jealous and
decided to try my hand at beauty
it was something had always
wanted to do
""He was very supportive and
encouraged me to just go for it.
At fine it was hard graff but we
After only 17 months she won
the best of Glasgow category
at this year's Scottish Hair and
Beauty Awards
Although it is a small salon,
Debbie and her brow specialist
are dedicated to providing their
clients with a first-class service
She said: ""The girl I have
working with me does beow
treatments and 1 look after
everything else, bom your eyes
to your toes
20 per cent s my clients are
looking for a personalized wax
service bromsspecialid In
you get a more tailored service
""I take the time out with
my clients to make them feel
comfortable and at home. I think
that's why we are so succes
job satisfaction for me and
's rewarding when I know that
someone goes away happy
The entrepreneur was inspired
to change course following the
deaths of her cousin and her
grandfather two years ag
Debbie said: ""When my big
cousin Paula passed away it gave
me the push I needed. She was
so young when she died of MS
and it gave me the incentive and
inspiration I needed
After losing my grandpa the
same year I put all my energy
to starting my own business.
Hove my job it's absolutely great
and a lot of my clients come from
Airdrie and Craigneuk I'm also
thinking about branching out in
the town
Celebration Debbie
Porter deft with her
brow specialist Roslyn
Carey
t]","[{'x': 26, 'y': 292}, {'x': 497, 'y': 292}, {'x': 497, 'y': 997}, {'x': 26, 'y': 997}]",705,471,negative
2162.jpg,/kaggle/input/mvsasingle/MVSA_Single/data/2162.jpg,800,600,True,C,"[{'x': 53, 'y': 603}, {'x': 116, 'y': 603}, {'x': 116, 'y': 684}, {'x': 53, 'y': 684}]",81,63,negative
2163.jpg,/kaggle/input/mvsasingle/MVSA_Single/data/2163.jpg,450,600,False,,[],0,0,positive
2164.jpg,/kaggle/input/mvsasingle/MVSA_Single/data/2164.jpg,320,320,True,"-٤-
الله
Art. No. 8/26
The Only One who can
truly satisfy the Heart,
is the ONE who created it.","[{'x': 8, 'y': 4}, {'x': 311, 'y': 4}, {'x': 311, 'y': 237}, {'x': 8, 'y': 237}]",233,303,negative
2165.jpg,/kaggle/input/mvsasingle/MVSA_Single/data/2165.jpg,800,600,False,,[],0,0,positive
2166.jpg,/kaggle/input/mvsasingle/MVSA_Single/data/2166.jpg,446,600,True,Home Sweet Home,"[{'x': 115, 'y': 34}, {'x': 457, 'y': 34}, {'x': 457, 'y': 75}, {'x': 115, 'y': 75}]",41,342,positive
2167.jpg,/kaggle/input/mvsasingle/MVSA_Single/data/2167.jpg,800,600,False,,[],0,0,positive
2168.jpg,/kaggle/input/mvsasingle/MVSA_Single/data/2168.jpg,450,600,False,,[],0,0,positive
217.jpg,/kaggle/input/mvsasingle/MVSA_Single/data/217.jpg,600,600,False,,[],0,0,positive
218.jpg,/kaggle/input/mvsasingle/MVSA_Single/data/218.jpg,798,599,True,COMPLICES,"[{'x': 58, 'y': 568}, {'x': 574, 'y': 568}, {'x': 574, 'y': 797}, {'x': 58, 'y': 797}]",229,516,negative
219.jpg,/kaggle/input/mvsasingle/MVSA_Single/data/219.jpg,443,600,False,,[],0,0,positive
22.jpg,/kaggle/input/mvsasingle/MVSA_Single/data/22.jpg,269,270,True,Welha com 6256743530,"[{'x': 90, 'y': 255}, {'x': 177, 'y': 255}, {'x': 177, 'y': 265}, {'x': 90, 'y': 265}]",10,87,positive
220.jpg,/kaggle/input/mvsasingle/MVSA_Single/data/220.jpg,400,600,False,,[],0,0,negative
221.jpg,/kaggle/input/mvsasingle/MVSA_Single/data/221.jpg,414,599,False,,[],0,0,neutral
222.jpg,/kaggle/input/mvsasingle/MVSA_Single/data/222.jpg,440,440,True,End.,"[{'x': 335, 'y': 98}, {'x': 364, 'y': 98}, {'x': 364, 'y': 119}, {'x': 335, 'y': 119}]",21,29,negative
223.jpg,/kaggle/input/mvsasingle/MVSA_Single/data/223.jpg,466,600,False,,[],0,0,neutral
224.jpg,/kaggle/input/mvsasingle/MVSA_Single/data/224.jpg,1024,576,False,,[],0,0,negative
225.jpg,/kaggle/input/mvsasingle/MVSA_Single/data/225.jpg,800,600,True,"Colle
FERRERO
COLLECTION
&","[{'x': 3, 'y': 240}, {'x': 568, 'y': 240}, {'x': 568, 'y': 511}, {'x': 3, 'y': 511}]",271,565,neutral
226.jpg,/kaggle/input/mvsasingle/MVSA_Single/data/226.jpg,800,600,True,"660
900","[{'x': 297, 'y': 385}, {'x': 404, 'y': 385}, {'x': 404, 'y': 398}, {'x': 297, 'y': 398}]",13,107,positive
227.jpg,/kaggle/input/mvsasingle/MVSA_Single/data/227.jpg,600,600,False,,[],0,0,positive
228.jpg,/kaggle/input/mvsasingle/MVSA_Single/data/228.jpg,600,600,True,DVD,"[{'x': 431, 'y': 246}, {'x': 483, 'y': 246}, {'x': 483, 'y': 285}, {'x': 431, 'y': 285}]",39,52,positive
229.jpg,/kaggle/input/mvsasingle/MVSA_Single/data/229.jpg,800,600,False,,[],0,0,neutral
23.jpg,/kaggle/input/mvsasingle/MVSA_Single/data/23.jpg,284,600,False,,[],0,0,positive
230.jpg,/kaggle/input/mvsasingle/MVSA_Single/data/230.jpg,266,452,False,,[],0,0,positive
231.jpg,/kaggle/input/mvsasingle/MVSA_Single/data/231.jpg,800,600,True,"Mixed flowers
Choose a blend of shades from the same
palette, or an eclectic bunch of blooms
CORSAGE
HAIR CIRCLET
TABLECENTRE
500
Floral Designs
GROWERS & ACCESSORS
wwwweld","[{'x': 0, 'y': 26}, {'x': 536, 'y': 26}, {'x': 536, 'y': 766}, {'x': 0, 'y': 766}]",740,536,positive
2311.jpg,/kaggle/input/mvsasingle/MVSA_Single/data/2311.jpg,600,600,True,LUV IS U,"[{'x': 464, 'y': 103}, {'x': 549, 'y': 103}, {'x': 549, 'y': 122}, {'x': 464, 'y': 122}]",19,85,positive
2312.jpg,/kaggle/input/mvsasingle/MVSA_Single/data/2312.jpg,708,600,True,"안경
유빅터
보고싶다...","[{'x': 37, 'y': 208}, {'x': 163, 'y': 208}, {'x': 163, 'y': 375}, {'x': 37, 'y': 375}]",167,126,negative
2313.jpg,/kaggle/input/mvsasingle/MVSA_Single/data/2313.jpg,337,599,False,,[],0,0,positive
2314.jpg,/kaggle/input/mvsasingle/MVSA_Single/data/2314.jpg,1024,383,False,,[],0,0,positive
2318.jpg,/kaggle/input/mvsasingle/MVSA_Single/data/2318.jpg,315,598,True,"Well, this is going to hurt like a motherfucker.","[{'x': 105, 'y': 286}, {'x': 513, 'y': 286}, {'x': 513, 'y': 309}, {'x': 105, 'y': 309}]",23,408,neutral
2319.jpg,/kaggle/input/mvsasingle/MVSA_Single/data/2319.jpg,450,600,False,,[],0,0,positive
232.jpg,/kaggle/input/mvsasingle/MVSA_Single/data/232.jpg,600,600,False,,[],0,0,positive
2320.jpg,/kaggle/input/mvsasingle/MVSA_Single/data/2320.jpg,360,444,False,,[],0,0,positive
2321.jpg,/kaggle/input/mvsasingle/MVSA_Single/data/2321.jpg,800,600,False,,[],0,0,positive
2322.jpg,/kaggle/input/mvsasingle/MVSA_Single/data/2322.jpg,493,600,False,,[],0,0,negative
2323.jpg,/kaggle/input/mvsasingle/MVSA_Single/data/2323.jpg,357,599,False,,[],0,0,positive
2324.jpg,/kaggle/input/mvsasingle/MVSA_Single/data/2324.jpg,448,599,False,,[],0,0,positive
2325.jpg,/kaggle/input/mvsasingle/MVSA_Single/data/2325.jpg,1024,576,True,"(41% 4:13
150712 Leeteuk Twitter and In....
http://sup3rjunior.com/2015/07/12/150...
이제 겨우 10년
평생 곁에 있을게
이제 겨우 10년
UCK
SUPER
SHAWG
SHOVE
이제 겨우 10년
이제 겨우
이제 겨우 10 CIPER
이제
이제 겨우 10년
Sur
이제 겨우 10년
ER
SUPER
SHOWE
SU
SUPER
SHAWE
이제 겨우 10년
이제 겨우 10년
SUPEA
SHANG
...넌 감동이었어..#사랑해#말잘들어#형말들
어서손해볼거없다#슈퍼쇼이름내가지음#이
제부터시작이야..
75.2k likes 2,170 commenstagram
.. You were touched.. #Iloveyou
#Listentome#Therewasneveroncewherelisteningt
ohyungcausedharm
#SuperShowwasnamedbyme#Itsthebeginningfro
mnowon..
Δ
D
ㅁ","[{'x': 26, 'y': 12}, {'x': 561, 'y': 12}, {'x': 561, 'y': 1006}, {'x': 26, 'y': 1006}]",994,535,positive
2326.jpg,/kaggle/input/mvsasingle/MVSA_Single/data/2326.jpg,537,599,False,,[],0,0,negative
2327.jpg,/kaggle/input/mvsasingle/MVSA_Single/data/2327.jpg,340,599,True,"How would you
improve work?
#Sunday Brunch","[{'x': 85, 'y': 108}, {'x': 562, 'y': 108}, {'x': 562, 'y': 331}, {'x': 85, 'y': 331}]",223,477,negative
2328.jpg,/kaggle/input/mvsasingle/MVSA_Single/data/2328.jpg,312,599,False,,[],0,0,neutral
2329.jpg,/kaggle/input/mvsasingle/MVSA_Single/data/2329.jpg,600,478,True,"Awww, look he is
making instagram
#AfterSexStretch
10h","[{'x': 39, 'y': 25}, {'x': 466, 'y': 25}, {'x': 466, 'y': 587}, {'x': 39, 'y': 587}]",562,427,positive
233.jpg,/kaggle/input/mvsasingle/MVSA_Single/data/233.jpg,750,562,False,,[],0,0,positive
2330.jpg,/kaggle/input/mvsasingle/MVSA_Single/data/2330.jpg,486,599,True,"Gets out of shower.
Immediately starts sweating.","[{'x': 91, 'y': 14}, {'x': 522, 'y': 14}, {'x': 522, 'y': 457}, {'x': 91, 'y': 457}]",443,431,negative
2331.jpg,/kaggle/input/mvsasingle/MVSA_Single/data/2331.jpg,310,550,True,"BEFORE
AFTER","[{'x': 22, 'y': 20}, {'x': 353, 'y': 20}, {'x': 353, 'y': 32}, {'x': 22, 'y': 32}]",12,331,positive
2332.jpg,/kaggle/input/mvsasingle/MVSA_Single/data/2332.jpg,1024,576,True,"Ctri
ככנות
פפפפתת ::
כהינר
*
LENOVO YOGA 2","[{'x': 0, 'y': 542}, {'x': 420, 'y': 542}, {'x': 420, 'y': 839}, {'x': 0, 'y': 839}]",297,420,positive
2333.jpg,/kaggle/input/mvsasingle/MVSA_Single/data/2333.jpg,224,128,False,,[],0,0,positive
2334.jpg,/kaggle/input/mvsasingle/MVSA_Single/data/2334.jpg,447,600,True,"480515906
Emi
The
Emirates
gettyimages
David Price","[{'x': 8, 'y': 171}, {'x': 448, 'y': 171}, {'x': 448, 'y': 438}, {'x': 8, 'y': 438}]",267,440,negative
2335.jpg,/kaggle/input/mvsasingle/MVSA_Single/data/2335.jpg,394,599,False,,[],0,0,positive
2336.jpg,/kaggle/input/mvsasingle/MVSA_Single/data/2336.jpg,500,500,True,"We could read 1,000 books about
cats and still not be able...
the best cats page
THE CAT IN THE HAT Dr. Jame
Essential CATS
CATURDAYS
I SCRATCHED YOUR CHAIR
DON'T CARE!
WONDERS OF THE CAT WORLD
THE CAT ATE HE
CATS RULE DOGS DROOL
CADDY VON CATTENBURG
to fully comprehend them.","[{'x': 15, 'y': 12}, {'x': 476, 'y': 12}, {'x': 476, 'y': 490}, {'x': 15, 'y': 490}]",478,461,positive
2337.jpg,/kaggle/input/mvsasingle/MVSA_Single/data/2337.jpg,408,500,True,"RAW AI
RAWA","[{'x': 52, 'y': 74}, {'x': 428, 'y': 74}, {'x': 428, 'y': 175}, {'x': 52, 'y': 175}]",101,376,positive
2338.jpg,/kaggle/input/mvsasingle/MVSA_Single/data/2338.jpg,652,500,False,,[],0,0,negative
2339.jpg,/kaggle/input/mvsasingle/MVSA_Single/data/2339.jpg,261,400,False,,[],0,0,positive
234.jpg,/kaggle/input/mvsasingle/MVSA_Single/data/234.jpg,600,600,False,,[],0,0,positive
2340.jpg,/kaggle/input/mvsasingle/MVSA_Single/data/2340.jpg,726,600,True,"Jeb Bush accuses Obama of
creating 'chaos' in the world by
using too many big words
RS
TOM BOGGIONI
11 JUL 2015 AT 10:58 ET
fy+","[{'x': 9, 'y': 30}, {'x': 572, 'y': 30}, {'x': 572, 'y': 369}, {'x': 9, 'y': 369}]",339,563,negative
2345.jpg,/kaggle/input/mvsasingle/MVSA_Single/data/2345.jpg,392,599,True,"חדשות
0404","[{'x': 237, 'y': 207}, {'x': 314, 'y': 207}, {'x': 314, 'y': 237}, {'x': 237, 'y': 237}]",30,77,positive
2346.jpg,/kaggle/input/mvsasingle/MVSA_Single/data/2346.jpg,450,600,False,,[],0,0,neutral
2348.jpg,/kaggle/input/mvsasingle/MVSA_Single/data/2348.jpg,747,600,True,"BANGLADES
NOL","[{'x': 198, 'y': 114}, {'x': 584, 'y': 114}, {'x': 584, 'y': 494}, {'x': 198, 'y': 494}]",380,386,positive
2349.jpg,/kaggle/input/mvsasingle/MVSA_Single/data/2349.jpg,450,600,True,பே,"[{'x': 333, 'y': 425}, {'x': 338, 'y': 425}, {'x': 338, 'y': 436}, {'x': 333, 'y': 436}]",11,5,positive
235.jpg,/kaggle/input/mvsasingle/MVSA_Single/data/235.jpg,750,600,False,,[],0,0,positive
2350.jpg,/kaggle/input/mvsasingle/MVSA_Single/data/2350.jpg,251,483,False,,[],0,0,positive
2351.jpg,/kaggle/input/mvsasingle/MVSA_Single/data/2351.jpg,600,600,True,Ben's photography,"[{'x': 185, 'y': 48}, {'x': 440, 'y': 48}, {'x': 440, 'y': 79}, {'x': 185, 'y': 79}]",31,255,positive
2354.jpg,/kaggle/input/mvsasingle/MVSA_Single/data/2354.jpg,330,550,False,,[],0,0,positive
2355.jpg,/kaggle/input/mvsasingle/MVSA_Single/data/2355.jpg,804,600,True,"Aziz Ansari
Modern Romance","[{'x': 214, 'y': 109}, {'x': 477, 'y': 109}, {'x': 477, 'y': 169}, {'x': 214, 'y': 169}]",60,263,negative
2356.jpg,/kaggle/input/mvsasingle/MVSA_Single/data/2356.jpg,154,236,True,"RAND
FC
189
BUD
LIGHT
LIV
SAT
NEW
MEN
McG
ND
JULY
LIVE ON PA
ΣΕ
GR","[{'x': 0, 'y': 0}, {'x': 235, 'y': 0}, {'x': 235, 'y': 147}, {'x': 0, 'y': 147}]",147,235,positive
2357.jpg,/kaggle/input/mvsasingle/MVSA_Single/data/2357.jpg,363,574,False,,[],0,0,positive
2358.jpg,/kaggle/input/mvsasingle/MVSA_Single/data/2358.jpg,600,600,True,"CROPVIDEO
TM","[{'x': 380, 'y': 543}, {'x': 574, 'y': 543}, {'x': 574, 'y': 574}, {'x': 380, 'y': 574}]",31,194,negative
2359.jpg,/kaggle/input/mvsasingle/MVSA_Single/data/2359.jpg,374,599,True,LUPUS,"[{'x': 455, 'y': 273}, {'x': 476, 'y': 273}, {'x': 476, 'y': 280}, {'x': 455, 'y': 280}]",7,21,positive
236.jpg,/kaggle/input/mvsasingle/MVSA_Single/data/236.jpg,241,480,True,"Animal Abusers Hall of Shame
""I don't really care if animals
suffer. If I'm perfectly honest,
I don't give a shit. Once you've
heard one pig scream, the
second one's easier.""
A.A. Gill ~
(food critic)","[{'x': 186, 'y': 25}, {'x': 454, 'y': 25}, {'x': 454, 'y': 225}, {'x': 186, 'y': 225}]",200,268,positive
2360.jpg,/kaggle/input/mvsasingle/MVSA_Single/data/2360.jpg,800,600,True,CA 4253,"[{'x': 237, 'y': 284}, {'x': 270, 'y': 284}, {'x': 270, 'y': 292}, {'x': 237, 'y': 292}]",8,33,negative
2361.jpg,/kaggle/input/mvsasingle/MVSA_Single/data/2361.jpg,394,599,False,,[],0,0,negative
2362.jpg,/kaggle/input/mvsasingle/MVSA_Single/data/2362.jpg,450,600,True,"vitality
14h vit
QANTAS","[{'x': 0, 'y': 129}, {'x': 574, 'y': 129}, {'x': 574, 'y': 285}, {'x': 0, 'y': 285}]",156,574,positive
2363.jpg,/kaggle/input/mvsasingle/MVSA_Single/data/2363.jpg,800,600,True,A,"[{'x': 47, 'y': 0}, {'x': 100, 'y': 0}, {'x': 100, 'y': 39}, {'x': 47, 'y': 39}]",39,53,negative
2364.jpg,/kaggle/input/mvsasingle/MVSA_Single/data/2364.jpg,375,500,False,,[],0,0,positive
2365.jpg,/kaggle/input/mvsasingle/MVSA_Single/data/2365.jpg,600,600,True,"Little Mix
The Vodafone
40 #1
BIGU
TOP
SHOW
@BigTop40
BLACK MAGIC","[{'x': 42, 'y': 13}, {'x': 567, 'y': 13}, {'x': 567, 'y': 582}, {'x': 42, 'y': 582}]",569,525,negative
2366.jpg,/kaggle/input/mvsasingle/MVSA_Single/data/2366.jpg,140,93,False,,[],0,0,positive
2367.jpg,/kaggle/input/mvsasingle/MVSA_Single/data/2367.jpg,360,480,True,Dist,"[{'x': 37, 'y': 310}, {'x': 83, 'y': 310}, {'x': 83, 'y': 327}, {'x': 37, 'y': 327}]",17,46,positive
2368.jpg,/kaggle/input/mvsasingle/MVSA_Single/data/2368.jpg,594,421,False,,[],0,0,positive
2369.jpg,/kaggle/input/mvsasingle/MVSA_Single/data/2369.jpg,392,599,False,,[],0,0,positive
237.jpg,/kaggle/input/mvsasingle/MVSA_Single/data/237.jpg,435,581,True,"tell me I'm your National Treasure
to:
from:","[{'x': 47, 'y': 34}, {'x': 536, 'y': 34}, {'x': 536, 'y': 182}, {'x': 47, 'y': 182}]",148,489,negative
2370.jpg,/kaggle/input/mvsasingle/MVSA_Single/data/2370.jpg,140,127,True,"VAN
OFF","[{'x': 35, 'y': 35}, {'x': 63, 'y': 35}, {'x': 63, 'y': 49}, {'x': 35, 'y': 49}]",14,28,negative
2371.jpg,/kaggle/input/mvsasingle/MVSA_Single/data/2371.jpg,140,112,False,,[],0,0,positive
2372.jpg,/kaggle/input/mvsasingle/MVSA_Single/data/2372.jpg,300,300,True,"HD
1080P
MP","[{'x': 105, 'y': 169}, {'x': 204, 'y': 169}, {'x': 204, 'y': 269}, {'x': 105, 'y': 269}]",100,99,negative
2373.jpg,/kaggle/input/mvsasingle/MVSA_Single/data/2373.jpg,400,600,False,,[],0,0,positive
2374.jpg,/kaggle/input/mvsasingle/MVSA_Single/data/2374.jpg,79,140,False,,[],0,0,positive
2375.jpg,/kaggle/input/mvsasingle/MVSA_Single/data/2375.jpg,600,600,False,,[],0,0,negative
2376.jpg,/kaggle/input/mvsasingle/MVSA_Single/data/2376.jpg,335,599,False,,[],0,0,negative
2377.jpg,/kaggle/input/mvsasingle/MVSA_Single/data/2377.jpg,140,97,False,,[],0,0,negative
2378.jpg,/kaggle/input/mvsasingle/MVSA_Single/data/2378.jpg,450,600,False,,[],0,0,negative
2379.jpg,/kaggle/input/mvsasingle/MVSA_Single/data/2379.jpg,337,599,False,,[],0,0,positive
238.jpg,/kaggle/input/mvsasingle/MVSA_Single/data/238.jpg,800,600,False,,[],0,0,negative
2380.jpg,/kaggle/input/mvsasingle/MVSA_Single/data/2380.jpg,600,600,True,mer,"[{'x': 440, 'y': 371}, {'x': 469, 'y': 371}, {'x': 469, 'y': 390}, {'x': 440, 'y': 390}]",19,29,positive
2381.jpg,/kaggle/input/mvsasingle/MVSA_Single/data/2381.jpg,104,140,False,,[],0,0,positive
2382.jpg,/kaggle/input/mvsasingle/MVSA_Single/data/2382.jpg,654,600,False,,[],0,0,negative
2383.jpg,/kaggle/input/mvsasingle/MVSA_Single/data/2383.jpg,600,600,False,,[],0,0,positive
2384.jpg,/kaggle/input/mvsasingle/MVSA_Single/data/2384.jpg,600,600,True,"NETFLIX
is
ORANGE BLACKI
the
@iauroC
SEASON 2
NOW STREAMING","[{'x': 75, 'y': 35}, {'x': 576, 'y': 35}, {'x': 576, 'y': 582}, {'x': 75, 'y': 582}]",547,501,neutral
2385.jpg,/kaggle/input/mvsasingle/MVSA_Single/data/2385.jpg,598,415,False,,[],0,0,negative
2386.jpg,/kaggle/input/mvsasingle/MVSA_Single/data/2386.jpg,800,600,False,,[],0,0,neutral
2387.jpg,/kaggle/input/mvsasingle/MVSA_Single/data/2387.jpg,773,500,True,"THEORIES
FEVER DREAMS
DIE OFF
SOMA PRODUCTIONS
JULY 15TH AT THE MUSIC GARAGE. 7PM.","[{'x': 25, 'y': 143}, {'x': 467, 'y': 143}, {'x': 467, 'y': 765}, {'x': 25, 'y': 765}]",622,442,positive
2388.jpg,/kaggle/input/mvsasingle/MVSA_Single/data/2388.jpg,300,300,True,O,"[{'x': 239, 'y': 222}, {'x': 295, 'y': 222}, {'x': 295, 'y': 290}, {'x': 239, 'y': 290}]",68,56,positive
2389.jpg,/kaggle/input/mvsasingle/MVSA_Single/data/2389.jpg,140,105,True,inmode,"[{'x': 17, 'y': 133}, {'x': 39, 'y': 133}, {'x': 39, 'y': 139}, {'x': 17, 'y': 139}]",6,22,negative
239.jpg,/kaggle/input/mvsasingle/MVSA_Single/data/239.jpg,643,460,True,"Your
daily
grind...
...funds his
celebrity
lifestyle.
£79,000 salary
£15,000 meals and hotels (1st class all the way)
£43,000 office costs (despite owning the office)
£200,000 staff allowance (eg. for employing wife)
57.5 days ""worked"" a year
Only bothers to vote 43% of the time.
Did vote against cutting the EU budget (to protect
his MEP expenses).
Gets his TV and press earnngs laundered through
a Limited company to avoid paying income tax.
Eurosceptic or another EU fat cat?","[{'x': 3, 'y': 107}, {'x': 453, 'y': 107}, {'x': 453, 'y': 631}, {'x': 3, 'y': 631}]",524,450,neutral
24.jpg,/kaggle/input/mvsasingle/MVSA_Single/data/24.jpg,847,600,True,"2013
Winner
PULITZER
Prize
Drama
BY AYAD AKHTAR
DISGRACED
NORMAN STEHR | BRONWYNN
MERTZ-PENZINGER | LYNNE ANN
WILLIAMS | DAVE
DAVID A. RODRIGUEZ
MOSKIN |
Director: Joanna Godwin-Seidl
9000
vienna
Premiere 9. February 2015
Further shows 10. February until 21. February 2015
Theater Drachengasse Bar & Co
Fleischmarkt 22, 1010 Wien
Tickets: Tel.: 01/5131444, Mail: karten@drachengasse.at
Online: www.drachengasse.at/karten.asp
WWW.VIENNATHEATREPROJECT.COM
BAR
theatre & CO
projectENGASSE
THEATER
Couch SOXESOTA
Tere
Photo Marcel Jatr","[{'x': 15, 'y': 26}, {'x': 593, 'y': 26}, {'x': 593, 'y': 841}, {'x': 15, 'y': 841}]",815,578,positive
240.jpg,/kaggle/input/mvsasingle/MVSA_Single/data/240.jpg,600,600,True,"ARDENT
26×2.40
GB PSI
0","[{'x': 409, 'y': 188}, {'x': 504, 'y': 188}, {'x': 504, 'y': 388}, {'x': 409, 'y': 388}]",200,95,negative
2403.jpg,/kaggle/input/mvsasingle/MVSA_Single/data/2403.jpg,480,480,True,COMMITTEE,"[{'x': 4, 'y': 41}, {'x': 51, 'y': 41}, {'x': 51, 'y': 55}, {'x': 4, 'y': 55}]",14,47,neutral
2404.jpg,/kaggle/input/mvsasingle/MVSA_Single/data/2404.jpg,738,600,True,"IF YOU PULL THIS DOWN
*
****
BECAUSE IT OFFENDS YOU
THEN PULL THESE UP
BECAUSE IT OFFENDS ME","[{'x': 7, 'y': 14}, {'x': 591, 'y': 14}, {'x': 591, 'y': 723}, {'x': 7, 'y': 723}]",709,584,positive
241.jpg,/kaggle/input/mvsasingle/MVSA_Single/data/241.jpg,375,600,False,,[],0,0,negative
242.jpg,/kaggle/input/mvsasingle/MVSA_Single/data/242.jpg,399,599,False,,[],0,0,neutral
2424.jpg,/kaggle/input/mvsasingle/MVSA_Single/data/2424.jpg,450,600,True,"76 90 92
77
BE
86 79 83
91","[{'x': 107, 'y': 182}, {'x': 455, 'y': 182}, {'x': 455, 'y': 224}, {'x': 107, 'y': 224}]",42,348,positive
2425.jpg,/kaggle/input/mvsasingle/MVSA_Single/data/2425.jpg,841,600,False,,[],0,0,negative
2426.jpg,/kaggle/input/mvsasingle/MVSA_Single/data/2426.jpg,600,600,True,"V
1300137 302
FK20 W
HELL","[{'x': 242, 'y': 50}, {'x': 433, 'y': 50}, {'x': 433, 'y': 219}, {'x': 242, 'y': 219}]",169,191,negative
2427.jpg,/kaggle/input/mvsasingle/MVSA_Single/data/2427.jpg,333,500,True,"UCK
10
WISCONSIN
14","[{'x': 151, 'y': 186}, {'x': 367, 'y': 186}, {'x': 367, 'y': 303}, {'x': 151, 'y': 303}]",117,216,negative
2428.jpg,/kaggle/input/mvsasingle/MVSA_Single/data/2428.jpg,626,500,False,,[],0,0,positive
2429.jpg,/kaggle/input/mvsasingle/MVSA_Single/data/2429.jpg,651,599,True,"China, 18, Ethiopia. A young sex worker
named China sits stunned after being
beat up by a client. Many of the girls who
run away from child marriages end up
trafficked to brothels where they often
face intense violence.","[{'x': 16, 'y': 426}, {'x': 580, 'y': 426}, {'x': 580, 'y': 640}, {'x': 16, 'y': 640}]",214,564,positive
243.jpg,/kaggle/input/mvsasingle/MVSA_Single/data/243.jpg,800,600,True,O,"[{'x': 224, 'y': 681}, {'x': 262, 'y': 681}, {'x': 262, 'y': 715}, {'x': 224, 'y': 715}]",34,38,positive
2430.jpg,/kaggle/input/mvsasingle/MVSA_Single/data/2430.jpg,1066,600,True,n,"[{'x': 0, 'y': 878}, {'x': 8, 'y': 878}, {'x': 8, 'y': 889}, {'x': 0, 'y': 889}]",11,8,positive
2431.jpg,/kaggle/input/mvsasingle/MVSA_Single/data/2431.jpg,500,500,False,,[],0,0,positive
2432.jpg,/kaggle/input/mvsasingle/MVSA_Single/data/2432.jpg,549,543,False,,[],0,0,negative
2433.jpg,/kaggle/input/mvsasingle/MVSA_Single/data/2433.jpg,320,320,True,"ARE YOU NOT
ENTERTAINED?
quickmeme.com","[{'x': 15, 'y': 13}, {'x': 318, 'y': 13}, {'x': 318, 'y': 318}, {'x': 15, 'y': 318}]",305,303,positive
2434.jpg,/kaggle/input/mvsasingle/MVSA_Single/data/2434.jpg,338,450,True,20,"[{'x': 8, 'y': 211}, {'x': 14, 'y': 211}, {'x': 14, 'y': 220}, {'x': 8, 'y': 220}]",9,6,positive
2435.jpg,/kaggle/input/mvsasingle/MVSA_Single/data/2435.jpg,140,105,False,,[],0,0,negative
2436.jpg,/kaggle/input/mvsasingle/MVSA_Single/data/2436.jpg,500,500,False,,[],0,0,positive
2437.jpg,/kaggle/input/mvsasingle/MVSA_Single/data/2437.jpg,640,512,False,,[],0,0,neutral
2438.jpg,/kaggle/input/mvsasingle/MVSA_Single/data/2438.jpg,600,600,True,"nickelod
Books
fire for kids
100% 29
Videos
Apps
Camera
Characters
DISNEY
BRITISH
COUNCIL","[{'x': 97, 'y': 122}, {'x': 485, 'y': 122}, {'x': 485, 'y': 474}, {'x': 97, 'y': 474}]",352,388,positive
2439.jpg,/kaggle/input/mvsasingle/MVSA_Single/data/2439.jpg,140,140,False,,[],0,0,negative
244.jpg,/kaggle/input/mvsasingle/MVSA_Single/data/244.jpg,399,599,True,"FAST&
FURIOUS","[{'x': 252, 'y': 264}, {'x': 350, 'y': 264}, {'x': 350, 'y': 291}, {'x': 252, 'y': 291}]",27,98,neutral
2440.jpg,/kaggle/input/mvsasingle/MVSA_Single/data/2440.jpg,750,499,True,"MPL STUDIOS
mplstudios.com","[{'x': 393, 'y': 716}, {'x': 492, 'y': 716}, {'x': 492, 'y': 744}, {'x': 393, 'y': 744}]",28,99,neutral
2441.jpg,/kaggle/input/mvsasingle/MVSA_Single/data/2441.jpg,1024,576,False,,[],0,0,positive
2442.jpg,/kaggle/input/mvsasingle/MVSA_Single/data/2442.jpg,139,214,True,"right now on
ebay","[{'x': 0, 'y': 3}, {'x': 94, 'y': 3}, {'x': 94, 'y': 52}, {'x': 0, 'y': 52}]",49,94,positive
2443.jpg,/kaggle/input/mvsasingle/MVSA_Single/data/2443.jpg,760,570,False,,[],0,0,positive
2444.jpg,/kaggle/input/mvsasingle/MVSA_Single/data/2444.jpg,337,599,True,"A
TRUENO
BLUE DEV
BRENETBRU","[{'x': 143, 'y': 65}, {'x': 278, 'y': 65}, {'x': 278, 'y': 247}, {'x': 143, 'y': 247}]",182,135,positive
2445.jpg,/kaggle/input/mvsasingle/MVSA_Single/data/2445.jpg,1024,576,False,,[],0,0,positive
2446.jpg,/kaggle/input/mvsasingle/MVSA_Single/data/2446.jpg,337,599,False,,[],0,0,positive
2447.jpg,/kaggle/input/mvsasingle/MVSA_Single/data/2447.jpg,600,600,False,,[],0,0,positive
2448.jpg,/kaggle/input/mvsasingle/MVSA_Single/data/2448.jpg,337,599,False,,[],0,0,positive
2449.jpg,/kaggle/input/mvsasingle/MVSA_Single/data/2449.jpg,400,599,False,,[],0,0,positive
245.jpg,/kaggle/input/mvsasingle/MVSA_Single/data/245.jpg,140,97,True,"FAST
BAST","[{'x': 18, 'y': 88}, {'x': 73, 'y': 88}, {'x': 73, 'y': 116}, {'x': 18, 'y': 116}]",28,55,positive
2450.jpg,/kaggle/input/mvsasingle/MVSA_Single/data/2450.jpg,341,599,False,,[],0,0,positive
2451.jpg,/kaggle/input/mvsasingle/MVSA_Single/data/2451.jpg,297,599,False,,[],0,0,positive
2452.jpg,/kaggle/input/mvsasingle/MVSA_Single/data/2452.jpg,600,600,False,,[],0,0,positive
2453.jpg,/kaggle/input/mvsasingle/MVSA_Single/data/2453.jpg,600,600,False,,[],0,0,positive
2454.jpg,/kaggle/input/mvsasingle/MVSA_Single/data/2454.jpg,400,400,False,,[],0,0,positive
2455.jpg,/kaggle/input/mvsasingle/MVSA_Single/data/2455.jpg,528,352,False,,[],0,0,neutral
2456.jpg,/kaggle/input/mvsasingle/MVSA_Single/data/2456.jpg,600,600,False,,[],0,0,negative
2458.jpg,/kaggle/input/mvsasingle/MVSA_Single/data/2458.jpg,600,600,True,bestvocalsnh,"[{'x': 423, 'y': 556}, {'x': 583, 'y': 556}, {'x': 583, 'y': 578}, {'x': 423, 'y': 578}]",22,160,positive
2459.jpg,/kaggle/input/mvsasingle/MVSA_Single/data/2459.jpg,200,200,True,OWL CITY MOBILE ORCHESTER,"[{'x': 7, 'y': 8}, {'x': 190, 'y': 8}, {'x': 190, 'y': 19}, {'x': 7, 'y': 19}]",11,183,positive
246.jpg,/kaggle/input/mvsasingle/MVSA_Single/data/246.jpg,503,378,True,"Each cigarette cuts a day
away from your life.","[{'x': 89, 'y': 202}, {'x': 316, 'y': 202}, {'x': 316, 'y': 243}, {'x': 89, 'y': 243}]",41,227,neutral
2460.jpg,/kaggle/input/mvsasingle/MVSA_Single/data/2460.jpg,385,599,True,SEVENTH SENSE,"[{'x': 525, 'y': 365}, {'x': 582, 'y': 365}, {'x': 582, 'y': 376}, {'x': 525, 'y': 376}]",11,57,positive
2462.jpg,/kaggle/input/mvsasingle/MVSA_Single/data/2462.jpg,300,600,False,,[],0,0,neutral
2463.jpg,/kaggle/input/mvsasingle/MVSA_Single/data/2463.jpg,600,600,False,,[],0,0,positive
2464.jpg,/kaggle/input/mvsasingle/MVSA_Single/data/2464.jpg,337,599,False,,[],0,0,negative
2465.jpg,/kaggle/input/mvsasingle/MVSA_Single/data/2465.jpg,591,599,True,"Love you guys so much
Love you guys xx
Man love you guys, like forear you
gus rock 00
Shawn Mendes
Shawn Mendes
Love you guys so much
Love you all so much xxx
3
Roaling that my dreams are
becoming my realty. I love you all so
much mar
Shawn Mendes
I love you guys, I really really love you
Love you guys xx
Love you guys so so much
Shaw
I love you guys
121
Shawn Ma
I just want to say I love you gu
being there for me
Shawn Mendes
Imally hope you guys underst
much you mean to me. I love
I love you guys so much
I love you guys
I love you guys soo much
I love you guys HOHOK
I LOVE YOU GUYS SO MUCH
Love you all so much
I love you guys so much, thank you for
alowing me to l
dream
I have the best tans in the world.
Seriously. You rock and I love you
1 love you guys so much
love you guys so much
I LOVE YOU GUYS so so so so
MUCH HOLY
You guys am the most thought
ever I love you so much for that","[{'x': 18, 'y': 38}, {'x': 593, 'y': 38}, {'x': 593, 'y': 577}, {'x': 18, 'y': 577}]",539,575,negative
2468.jpg,/kaggle/input/mvsasingle/MVSA_Single/data/2468.jpg,397,599,False,,[],0,0,negative
2469.jpg,/kaggle/input/mvsasingle/MVSA_Single/data/2469.jpg,480,600,True,UWD,"[{'x': 293, 'y': 344}, {'x': 323, 'y': 344}, {'x': 323, 'y': 356}, {'x': 293, 'y': 356}]",12,30,neutral
247.jpg,/kaggle/input/mvsasingle/MVSA_Single/data/247.jpg,960,594,True,nouveau,"[{'x': 26, 'y': 100}, {'x': 65, 'y': 100}, {'x': 65, 'y': 113}, {'x': 26, 'y': 113}]",13,39,positive
2470.jpg,/kaggle/input/mvsasingle/MVSA_Single/data/2470.jpg,332,599,True,CAN,"[{'x': 531, 'y': 295}, {'x': 584, 'y': 295}, {'x': 584, 'y': 319}, {'x': 531, 'y': 319}]",24,53,positive
2471.jpg,/kaggle/input/mvsasingle/MVSA_Single/data/2471.jpg,655,600,True,"HERCULES 1960
NORTHCOTE CITY FC","[{'x': 108, 'y': 121}, {'x': 489, 'y': 121}, {'x': 489, 'y': 170}, {'x': 108, 'y': 170}]",49,381,positive
2472.jpg,/kaggle/input/mvsasingle/MVSA_Single/data/2472.jpg,375,599,True,"500
500px.com/photo/114668177","[{'x': 19, 'y': 323}, {'x': 171, 'y': 323}, {'x': 171, 'y': 360}, {'x': 19, 'y': 360}]",37,152,negative
2473.jpg,/kaggle/input/mvsasingle/MVSA_Single/data/2473.jpg,450,600,False,,[],0,0,negative
2474.jpg,/kaggle/input/mvsasingle/MVSA_Single/data/2474.jpg,534,534,True,"آمریکا
DOWN WITH
الموت لامريكا","[{'x': 156, 'y': 12}, {'x': 248, 'y': 12}, {'x': 248, 'y': 141}, {'x': 156, 'y': 141}]",129,92,positive
2475.jpg,/kaggle/input/mvsasingle/MVSA_Single/data/2475.jpg,243,425,True,"11
E","[{'x': 57, 'y': 0}, {'x': 415, 'y': 0}, {'x': 415, 'y': 182}, {'x': 57, 'y': 182}]",182,358,positive
2476.jpg,/kaggle/input/mvsasingle/MVSA_Single/data/2476.jpg,424,283,True,"Dark Alleys
Illict Affairs
Scam Kills
Albracht","[{'x': 3, 'y': 59}, {'x': 273, 'y': 59}, {'x': 273, 'y': 384}, {'x': 3, 'y': 384}]",325,270,positive
2477.jpg,/kaggle/input/mvsasingle/MVSA_Single/data/2477.jpg,1024,313,True,bative m,"[{'x': 25, 'y': 367}, {'x': 97, 'y': 367}, {'x': 97, 'y': 379}, {'x': 25, 'y': 379}]",12,72,negative
2478.jpg,/kaggle/input/mvsasingle/MVSA_Single/data/2478.jpg,331,599,False,,[],0,0,positive
2479.jpg,/kaggle/input/mvsasingle/MVSA_Single/data/2479.jpg,600,600,True,"PLEASE USE
отнея ООО","[{'x': 92, 'y': 87}, {'x': 135, 'y': 87}, {'x': 135, 'y': 101}, {'x': 92, 'y': 101}]",14,43,neutral
248.jpg,/kaggle/input/mvsasingle/MVSA_Single/data/248.jpg,400,600,True,MP,"[{'x': 15, 'y': 159}, {'x': 42, 'y': 159}, {'x': 42, 'y': 178}, {'x': 15, 'y': 178}]",19,27,positive
2480.jpg,/kaggle/input/mvsasingle/MVSA_Single/data/2480.jpg,450,600,False,,[],0,0,positive
2488.jpg,/kaggle/input/mvsasingle/MVSA_Single/data/2488.jpg,500,600,True,"HumSharma
IN THEATERS
NOW
TRANSPOR","[{'x': 250, 'y': 292}, {'x': 578, 'y': 292}, {'x': 578, 'y': 499}, {'x': 250, 'y': 499}]",207,328,negative
2489.jpg,/kaggle/input/mvsasingle/MVSA_Single/data/2489.jpg,338,600,True,LASHES ENHANCED WITH LASH INSERTS,"[{'x': 119, 'y': 294}, {'x': 364, 'y': 294}, {'x': 364, 'y': 305}, {'x': 119, 'y': 305}]",11,245,positive
249.jpg,/kaggle/input/mvsasingle/MVSA_Single/data/249.jpg,362,480,False,,[],0,0,positive
2490.jpg,/kaggle/input/mvsasingle/MVSA_Single/data/2490.jpg,594,600,True,@TeamOfAlia Bhatt,"[{'x': 152, 'y': 562}, {'x': 304, 'y': 562}, {'x': 304, 'y': 580}, {'x': 152, 'y': 580}]",18,152,neutral
2491.jpg,/kaggle/input/mvsasingle/MVSA_Single/data/2491.jpg,804,600,True,17,"[{'x': 467, 'y': 668}, {'x': 529, 'y': 668}, {'x': 529, 'y': 728}, {'x': 467, 'y': 728}]",60,62,positive
2492.jpg,/kaggle/input/mvsasingle/MVSA_Single/data/2492.jpg,200,300,True,CM,"[{'x': 158, 'y': 38}, {'x': 168, 'y': 38}, {'x': 168, 'y': 46}, {'x': 158, 'y': 46}]",8,10,positive
2493.jpg,/kaggle/input/mvsasingle/MVSA_Single/data/2493.jpg,1024,575,True,"00
31%
1:55 AM
DRUGS
BEAST
nus","[{'x': 127, 'y': 7}, {'x': 568, 'y': 7}, {'x': 568, 'y': 578}, {'x': 127, 'y': 578}]",571,441,positive
2494.jpg,/kaggle/input/mvsasingle/MVSA_Single/data/2494.jpg,689,299,False,,[],0,0,positive
2496.jpg,/kaggle/input/mvsasingle/MVSA_Single/data/2496.jpg,337,599,True,"ចុចស្ដាប់
មោទនភាពជាតិខ្មែរ
រដ្ឋាភិបាលបានបន្ថោកសនសៀវម៉ីដោយភាពល្ងង់ខ្លៅរបស់ខ្លួន","[{'x': 20, 'y': 181}, {'x': 580, 'y': 181}, {'x': 580, 'y': 326}, {'x': 20, 'y': 326}]",145,560,positive
2497.jpg,/kaggle/input/mvsasingle/MVSA_Single/data/2497.jpg,600,600,True,"GIVEAWAY
BADGER.
AROMATHERAPY
CHEERFUL
MIND BALM
To Delight & Uplift
the Spirits
USDA
ORGANIC
100% NATURAL &
CERTIFIED ORGANIC
Net Wt 17g/.6002
BADGER
AROMATHERAPT
CHEERFUL
MIND BALM
To Delight & Upl
the Spirits
NATURAL
CURTIRED ORGAN","[{'x': 73, 'y': 16}, {'x': 477, 'y': 16}, {'x': 477, 'y': 569}, {'x': 73, 'y': 569}]",553,404,positive
2498.jpg,/kaggle/input/mvsasingle/MVSA_Single/data/2498.jpg,533,471,True,VER,"[{'x': 113, 'y': 494}, {'x': 169, 'y': 494}, {'x': 169, 'y': 532}, {'x': 113, 'y': 532}]",38,56,positive
2499.jpg,/kaggle/input/mvsasingle/MVSA_Single/data/2499.jpg,600,600,True,"KEEP A CHEERFUL MIND
BADGER.
AROMATHERAPY
CHEERFUL
MIND BALM
To Delight & Uplift
the Spirits
BADGER
CHEERFUL
MIND BALM
To Die Up
the Spirit
USDA
ORGANIC
100% NATURAL &
CERTIFIED ORGANIC
Net Wt 17g/.000
NATURAL
20 to GIVEAWAY","[{'x': 31, 'y': 41}, {'x': 578, 'y': 41}, {'x': 578, 'y': 561}, {'x': 31, 'y': 561}]",520,547,neutral
25.jpg,/kaggle/input/mvsasingle/MVSA_Single/data/25.jpg,799,600,False,,[],0,0,positive
250.jpg,/kaggle/input/mvsasingle/MVSA_Single/data/250.jpg,800,600,True,"食
3
WE FIDDA","[{'x': 219, 'y': 75}, {'x': 327, 'y': 75}, {'x': 327, 'y': 789}, {'x': 219, 'y': 789}]",714,108,positive
2500.jpg,/kaggle/input/mvsasingle/MVSA_Single/data/2500.jpg,140,105,False,,[],0,0,positive
2501.jpg,/kaggle/input/mvsasingle/MVSA_Single/data/2501.jpg,600,600,False,,[],0,0,positive
2502.jpg,/kaggle/input/mvsasingle/MVSA_Single/data/2502.jpg,960,540,False,,[],0,0,positive
2503.jpg,/kaggle/input/mvsasingle/MVSA_Single/data/2503.jpg,600,600,False,,[],0,0,positive
2504.jpg,/kaggle/input/mvsasingle/MVSA_Single/data/2504.jpg,449,599,True,DIRTY POP1938,"[{'x': 385, 'y': 362}, {'x': 582, 'y': 362}, {'x': 582, 'y': 397}, {'x': 385, 'y': 397}]",35,197,negative
2505.jpg,/kaggle/input/mvsasingle/MVSA_Single/data/2505.jpg,600,600,False,,[],0,0,positive
2506.jpg,/kaggle/input/mvsasingle/MVSA_Single/data/2506.jpg,300,300,True,"THE KILLS
A1 CHEAP AND CHEERFUL
SEBASTIAN REMIX
B1 CHEAP AND CHEERFUL
FAKE BLOOD REMIX
82 CHEAP AND CHEERFUL
XXXCHANGE ACID EDIT
THE KILLS
CHEAP AND CHEERFUL","[{'x': 119, 'y': 21}, {'x': 216, 'y': 21}, {'x': 216, 'y': 136}, {'x': 119, 'y': 136}]",115,97,negative
2507.jpg,/kaggle/input/mvsasingle/MVSA_Single/data/2507.jpg,800,600,True,"CIVIC
TOUR
ONE DIRECTION
www
SUMMER 2015","[{'x': 111, 'y': 82}, {'x': 571, 'y': 82}, {'x': 571, 'y': 760}, {'x': 111, 'y': 760}]",678,460,neutral
2508.jpg,/kaggle/input/mvsasingle/MVSA_Single/data/2508.jpg,583,600,True,"內地新麗傳媒將改編人氣網絡小說《悟空傳》,
由郭子健執導,台灣型男彭于晏演孫悟空,余文
樂演二郎神,主要講兩人的兄弟情,預計10月開
工。
郭子健昨日表示,被題材吸引而接拍,他說:
「悟空個世界觀同原有西遊故事好唔同,好年輕
化。西遊題材喺內地好受關注,票房又好,先會
咁多公司搶住拍,我相信唔同風格導演去拍就會
有不一樣的效果。」
@余文樂
weibo.com/realyuwenle","[{'x': 23, 'y': 0}, {'x': 595, 'y': 0}, {'x': 595, 'y': 575}, {'x': 23, 'y': 575}]",575,572,negative
2509.jpg,/kaggle/input/mvsasingle/MVSA_Single/data/2509.jpg,600,600,False,,[],0,0,neutral
251.jpg,/kaggle/input/mvsasingle/MVSA_Single/data/251.jpg,640,481,False,,[],0,0,positive
2510.jpg,/kaggle/input/mvsasingle/MVSA_Single/data/2510.jpg,804,600,False,,[],0,0,negative
2513.jpg,/kaggle/input/mvsasingle/MVSA_Single/data/2513.jpg,390,599,False,,[],0,0,negative
2514.jpg,/kaggle/input/mvsasingle/MVSA_Single/data/2514.jpg,276,400,False,,[],0,0,positive
2515.jpg,/kaggle/input/mvsasingle/MVSA_Single/data/2515.jpg,450,600,True,"""OK lain, that was easy...
Now we take away their human rights,
deny them any privacy,
bring back hanging and it's... ATOS
Job done!""","[{'x': 5, 'y': 3}, {'x': 377, 'y': 3}, {'x': 377, 'y': 132}, {'x': 5, 'y': 132}]",129,372,negative
252.jpg,/kaggle/input/mvsasingle/MVSA_Single/data/252.jpg,600,600,True,"ORIGINAL MOTION PICTURE SOUNDTRACK
FURIOUS7
WIZ KHALIFA & IGGY AZALEA
GO HARD OR GO HOME
AUDIO PREMIERE
2.16.15 AT 10AM ET
SNAPCHAT DISCOVER
འ་
WARNER
MUSIC","[{'x': 28, 'y': 33}, {'x': 515, 'y': 33}, {'x': 515, 'y': 577}, {'x': 28, 'y': 577}]",544,487,positive
2523.jpg,/kaggle/input/mvsasingle/MVSA_Single/data/2523.jpg,600,600,False,,[],0,0,negative
2524.jpg,/kaggle/input/mvsasingle/MVSA_Single/data/2524.jpg,599,532,True,"DA
ULSTER
DEFENCE
IL","[{'x': 229, 'y': 364}, {'x': 523, 'y': 364}, {'x': 523, 'y': 590}, {'x': 229, 'y': 590}]",226,294,positive
2525.jpg,/kaggle/input/mvsasingle/MVSA_Single/data/2525.jpg,1024,576,False,,[],0,0,negative
2526.jpg,/kaggle/input/mvsasingle/MVSA_Single/data/2526.jpg,800,600,False,,[],0,0,positive
2527.jpg,/kaggle/input/mvsasingle/MVSA_Single/data/2527.jpg,502,538,True,"Dan
DARAĞACINDA OLSAK BİLE SON SÖZÜMÜZ
FENERBAHCE
URL","[{'x': 80, 'y': 150}, {'x': 499, 'y': 150}, {'x': 499, 'y': 217}, {'x': 80, 'y': 217}]",67,419,positive
2528.jpg,/kaggle/input/mvsasingle/MVSA_Single/data/2528.jpg,302,540,True,t,"[{'x': 491, 'y': 160}, {'x': 515, 'y': 160}, {'x': 515, 'y': 198}, {'x': 491, 'y': 198}]",38,24,positive
2529.jpg,/kaggle/input/mvsasingle/MVSA_Single/data/2529.jpg,600,600,True,#NEWMENU,"[{'x': 61, 'y': 20}, {'x': 325, 'y': 20}, {'x': 325, 'y': 84}, {'x': 61, 'y': 84}]",64,264,positive
253.jpg,/kaggle/input/mvsasingle/MVSA_Single/data/253.jpg,400,600,True,Og,"[{'x': 9, 'y': 119}, {'x': 23, 'y': 119}, {'x': 23, 'y': 126}, {'x': 9, 'y': 126}]",7,14,positive
2530.jpg,/kaggle/input/mvsasingle/MVSA_Single/data/2530.jpg,1024,576,False,,[],0,0,negative
2531.jpg,/kaggle/input/mvsasingle/MVSA_Single/data/2531.jpg,337,599,False,,[],0,0,positive
2532.jpg,/kaggle/input/mvsasingle/MVSA_Single/data/2532.jpg,1024,576,True,ED,"[{'x': 482, 'y': 624}, {'x': 575, 'y': 624}, {'x': 575, 'y': 712}, {'x': 482, 'y': 712}]",88,93,positive
2533.jpg,/kaggle/input/mvsasingle/MVSA_Single/data/2533.jpg,600,600,False,,[],0,0,positive
2534.jpg,/kaggle/input/mvsasingle/MVSA_Single/data/2534.jpg,870,600,True,e,"[{'x': 417, 'y': 95}, {'x': 515, 'y': 95}, {'x': 515, 'y': 183}, {'x': 417, 'y': 183}]",88,98,negative
2535.jpg,/kaggle/input/mvsasingle/MVSA_Single/data/2535.jpg,600,600,True,dumb,"[{'x': 224, 'y': 83}, {'x': 339, 'y': 83}, {'x': 339, 'y': 147}, {'x': 224, 'y': 147}]",64,115,positive
2536.jpg,/kaggle/input/mvsasingle/MVSA_Single/data/2536.jpg,337,599,True,OF,"[{'x': 169, 'y': 187}, {'x': 223, 'y': 187}, {'x': 223, 'y': 223}, {'x': 169, 'y': 223}]",36,54,positive
2537.jpg,/kaggle/input/mvsasingle/MVSA_Single/data/2537.jpg,910,600,False,,[],0,0,positive
2538.jpg,/kaggle/input/mvsasingle/MVSA_Single/data/2538.jpg,1066,600,True,S,"[{'x': 576, 'y': 542}, {'x': 595, 'y': 542}, {'x': 595, 'y': 561}, {'x': 576, 'y': 561}]",19,19,positive
254.jpg,/kaggle/input/mvsasingle/MVSA_Single/data/254.jpg,370,600,True,JFXimages/WENN.com,"[{'x': 503, 'y': 356}, {'x': 595, 'y': 356}, {'x': 595, 'y': 365}, {'x': 503, 'y': 365}]",9,92,negative
2540.jpg,/kaggle/input/mvsasingle/MVSA_Single/data/2540.jpg,400,600,True,mffansofficial,"[{'x': 356, 'y': 245}, {'x': 566, 'y': 245}, {'x': 566, 'y': 269}, {'x': 356, 'y': 269}]",24,210,negative
2541.jpg,/kaggle/input/mvsasingle/MVSA_Single/data/2541.jpg,800,600,False,,[],0,0,neutral
2542.jpg,/kaggle/input/mvsasingle/MVSA_Single/data/2542.jpg,1066,600,False,,[],0,0,negative
2543.jpg,/kaggle/input/mvsasingle/MVSA_Single/data/2543.jpg,800,600,False,,[],0,0,neutral
2544.jpg,/kaggle/input/mvsasingle/MVSA_Single/data/2544.jpg,600,600,True,11.,"[{'x': 162, 'y': 13}, {'x': 191, 'y': 13}, {'x': 191, 'y': 33}, {'x': 162, 'y': 33}]",20,29,negative
2546.jpg,/kaggle/input/mvsasingle/MVSA_Single/data/2546.jpg,374,599,True,"BOB 11.07.15
NO.
NO.
NO.
NO.
NO.
YES! YES!
AT LAST!","[{'x': 39, 'y': 53}, {'x': 544, 'y': 53}, {'x': 544, 'y': 358}, {'x': 39, 'y': 358}]",305,505,negative
2547.jpg,/kaggle/input/mvsasingle/MVSA_Single/data/2547.jpg,271,598,False,,[],0,0,negative
2548.jpg,/kaggle/input/mvsasingle/MVSA_Single/data/2548.jpg,309,599,False,,[],0,0,negative
2549.jpg,/kaggle/input/mvsasingle/MVSA_Single/data/2549.jpg,1024,576,True,"BUFFA
WIN","[{'x': 112, 'y': 775}, {'x': 172, 'y': 775}, {'x': 172, 'y': 841}, {'x': 112, 'y': 841}]",66,60,negative
255.jpg,/kaggle/input/mvsasingle/MVSA_Single/data/255.jpg,640,480,True,ITAL,"[{'x': 29, 'y': 151}, {'x': 84, 'y': 151}, {'x': 84, 'y': 230}, {'x': 29, 'y': 230}]",79,55,negative
2550.jpg,/kaggle/input/mvsasingle/MVSA_Single/data/2550.jpg,547,600,True,NOT OURS TO EXPERIMENT ON.,"[{'x': 64, 'y': 467}, {'x': 584, 'y': 467}, {'x': 584, 'y': 508}, {'x': 64, 'y': 508}]",41,520,positive
2551.jpg,/kaggle/input/mvsasingle/MVSA_Single/data/2551.jpg,289,600,False,,[],0,0,positive
2552.jpg,/kaggle/input/mvsasingle/MVSA_Single/data/2552.jpg,360,599,True,"Monday-Satanday
7am-11pm
Sunday
7am-10pm
Play H
cash","[{'x': 327, 'y': 4}, {'x': 517, 'y': 4}, {'x': 517, 'y': 252}, {'x': 327, 'y': 252}]",248,190,negative
2553.jpg,/kaggle/input/mvsasingle/MVSA_Single/data/2553.jpg,600,600,False,,[],0,0,positive
2554.jpg,/kaggle/input/mvsasingle/MVSA_Single/data/2554.jpg,456,599,False,,[],0,0,positive
2555.jpg,/kaggle/input/mvsasingle/MVSA_Single/data/2555.jpg,960,528,True,"M
ARMOR
DASH
SHOCK-TOP
EVARE
Canada
A2015
116349
#","[{'x': 76, 'y': 26}, {'x': 525, 'y': 26}, {'x': 525, 'y': 532}, {'x': 76, 'y': 532}]",506,449,positive
2556.jpg,/kaggle/input/mvsasingle/MVSA_Single/data/2556.jpg,594,413,True,"Entertainment
inment
E
Entertainn
inment
Entel
Entertainment
ertainment
Entertainment
ment
En
Entertainment
gettyimagesient
Ento
Jason Merritt
ainment
Entertai
480475164
Entertainment","[{'x': 0, 'y': 57}, {'x': 412, 'y': 57}, {'x': 412, 'y': 583}, {'x': 0, 'y': 583}]",526,412,positive
2557.jpg,/kaggle/input/mvsasingle/MVSA_Single/data/2557.jpg,291,600,True,"""The secret of happiness
is freedom,
the secret of freedom
is courage""
Carrie Jones","[{'x': 288, 'y': 57}, {'x': 573, 'y': 57}, {'x': 573, 'y': 222}, {'x': 288, 'y': 222}]",165,285,positive
2558.jpg,/kaggle/input/mvsasingle/MVSA_Single/data/2558.jpg,446,500,True,"A spiritually established life
is not an easy task. But a
materially satisfied life is an
impossible task.
Sri Chinmoy","[{'x': 35, 'y': 106}, {'x': 466, 'y': 106}, {'x': 466, 'y': 285}, {'x': 35, 'y': 285}]",179,431,negative
2559.jpg,/kaggle/input/mvsasingle/MVSA_Single/data/2559.jpg,400,600,True,ORIGI,"[{'x': 272, 'y': 329}, {'x': 337, 'y': 329}, {'x': 337, 'y': 354}, {'x': 272, 'y': 354}]",25,65,negative
256.jpg,/kaggle/input/mvsasingle/MVSA_Single/data/256.jpg,320,240,False,,[],0,0,negative
2560.jpg,/kaggle/input/mvsasingle/MVSA_Single/data/2560.jpg,125,140,False,,[],0,0,positive
2561.jpg,/kaggle/input/mvsasingle/MVSA_Single/data/2561.jpg,361,599,True,"America's
TEST NITCH","[{'x': 455, 'y': 292}, {'x': 541, 'y': 292}, {'x': 541, 'y': 319}, {'x': 455, 'y': 319}]",27,86,negative
2562.jpg,/kaggle/input/mvsasingle/MVSA_Single/data/2562.jpg,800,600,True,ISTERED,"[{'x': 315, 'y': 518}, {'x': 503, 'y': 518}, {'x': 503, 'y': 619}, {'x': 315, 'y': 619}]",101,188,positive
2563.jpg,/kaggle/input/mvsasingle/MVSA_Single/data/2563.jpg,900,600,True,"New Dawning Bookfair
Fresh Cut
Romance
DEE
DAWNING
DULT VERSION","[{'x': 75, 'y': 3}, {'x': 552, 'y': 3}, {'x': 552, 'y': 888}, {'x': 75, 'y': 888}]",885,477,negative
2564.jpg,/kaggle/input/mvsasingle/MVSA_Single/data/2564.jpg,293,512,True,"I CAN AND I WILL.
watch me.","[{'x': 53, 'y': 111}, {'x': 451, 'y': 111}, {'x': 451, 'y': 181}, {'x': 53, 'y': 181}]",70,398,negative
2565.jpg,/kaggle/input/mvsasingle/MVSA_Single/data/2565.jpg,337,599,False,,[],0,0,negative
2566.jpg,/kaggle/input/mvsasingle/MVSA_Single/data/2566.jpg,337,599,True,PIE,"[{'x': 242, 'y': 231}, {'x': 294, 'y': 231}, {'x': 294, 'y': 279}, {'x': 242, 'y': 279}]",48,52,positive
2567.jpg,/kaggle/input/mvsasingle/MVSA_Single/data/2567.jpg,266,400,False,,[],0,0,positive
2568.jpg,/kaggle/input/mvsasingle/MVSA_Single/data/2568.jpg,600,600,False,,[],0,0,negative
2569.jpg,/kaggle/input/mvsasingle/MVSA_Single/data/2569.jpg,600,600,True,"blessed
sout","[{'x': 329, 'y': 220}, {'x': 530, 'y': 220}, {'x': 530, 'y': 304}, {'x': 329, 'y': 304}]",84,201,negative
257.jpg,/kaggle/input/mvsasingle/MVSA_Single/data/257.jpg,600,600,True,"snail mail for you
created for lawn fawn by latisha yoast","[{'x': 168, 'y': 392}, {'x': 472, 'y': 392}, {'x': 472, 'y': 595}, {'x': 168, 'y': 595}]",203,304,positive
2570.jpg,/kaggle/input/mvsasingle/MVSA_Single/data/2570.jpg,504,500,True,WXIDA,"[{'x': 85, 'y': 301}, {'x': 281, 'y': 301}, {'x': 281, 'y': 481}, {'x': 85, 'y': 481}]",180,196,negative
2571.jpg,/kaggle/input/mvsasingle/MVSA_Single/data/2571.jpg,450,600,False,,[],0,0,positive
2572.jpg,/kaggle/input/mvsasingle/MVSA_Single/data/2572.jpg,376,502,True,"adidas
Fly
Emirates","[{'x': 171, 'y': 241}, {'x': 275, 'y': 241}, {'x': 275, 'y': 303}, {'x': 171, 'y': 303}]",62,104,positive
2573.jpg,/kaggle/input/mvsasingle/MVSA_Single/data/2573.jpg,900,600,True,"JACK
EVERETT
DAVID
COLES
BAMAGED
GOODS
A DETECTIVE INSPECTOR WHITE CAPER","[{'x': 40, 'y': 433}, {'x': 560, 'y': 433}, {'x': 560, 'y': 818}, {'x': 40, 'y': 818}]",385,520,negative
2574.jpg,/kaggle/input/mvsasingle/MVSA_Single/data/2574.jpg,630,600,False,,[],0,0,negative
2575.jpg,/kaggle/input/mvsasingle/MVSA_Single/data/2575.jpg,792,600,True,"Damaged women
are the most.
dangerous kind,
because they
already know they
can survive.","[{'x': 21, 'y': 230}, {'x': 570, 'y': 230}, {'x': 570, 'y': 678}, {'x': 21, 'y': 678}]",448,549,negative
2576.jpg,/kaggle/input/mvsasingle/MVSA_Single/data/2576.jpg,800,600,False,,[],0,0,negative
2577.jpg,/kaggle/input/mvsasingle/MVSA_Single/data/2577.jpg,454,500,False,,[],0,0,negative
2578.jpg,/kaggle/input/mvsasingle/MVSA_Single/data/2578.jpg,800,600,True,"bileimages/07981b7b-5035-4465-bf96-c7c913be8982- 07981b7b-5035-4465-bf96-c7c913be8982 640x480
IMET: 013989001507945 | RA: 221058341","[{'x': 0, 'y': 127}, {'x': 599, 'y': 127}, {'x': 599, 'y': 602}, {'x': 0, 'y': 602}]",475,599,negative
2579.jpg,/kaggle/input/mvsasingle/MVSA_Single/data/2579.jpg,443,443,True,"Where did BTS Jimin's abs go? --
aegyo.me/5H5h
12/07/2015 1:15 am
372 RETWEETS 431 FAVORITES","[{'x': 15, 'y': 47}, {'x': 419, 'y': 47}, {'x': 419, 'y': 436}, {'x': 15, 'y': 436}]",389,404,neutral
258.jpg,/kaggle/input/mvsasingle/MVSA_Single/data/258.jpg,310,600,True,Nelumb,"[{'x': 564, 'y': 300}, {'x': 596, 'y': 300}, {'x': 596, 'y': 306}, {'x': 564, 'y': 306}]",6,32,positive
2580.jpg,/kaggle/input/mvsasingle/MVSA_Single/data/2580.jpg,300,600,True,"UMG DALLAS 2015
3
EPSILON NA
VS CY
LOSERS BRACKET
TCM GAMING
1
CODPEDIA","[{'x': 23, 'y': 5}, {'x': 577, 'y': 5}, {'x': 577, 'y': 296}, {'x': 23, 'y': 296}]",291,554,neutral
2581.jpg,/kaggle/input/mvsasingle/MVSA_Single/data/2581.jpg,300,600,True,"Media Terrorism to achieve political goal
Opinion
Poll
Biased news media
anchors shows
POLL PREDICTIONS
wrong opinion polls,
THE CARTOON DEBATE
IBN Live
Debates
create biased
debates and give
wrong messages to
general public
Click
Next","[{'x': 48, 'y': 18}, {'x': 583, 'y': 18}, {'x': 583, 'y': 290}, {'x': 48, 'y': 290}]",272,535,positive
2582.jpg,/kaggle/input/mvsasingle/MVSA_Single/data/2582.jpg,462,320,True,"THE DEBASED CULTURE
OF
SUPERFICIALITY
If anyone desires anything other
than Islam as a religion, it will not
be accepted from him, and in the
Hereafter he will be among the
losers. (Surah Al 'Imran: 85)
HARUN YAHYA
الله
رسول
گرد
號","[{'x': 40, 'y': 99}, {'x': 281, 'y': 99}, {'x': 281, 'y': 447}, {'x': 40, 'y': 447}]",348,241,positive
2583.jpg,/kaggle/input/mvsasingle/MVSA_Single/data/2583.jpg,450,600,True,"PHI
SCOME
MATCH
SCORE
ELEVATE HOOPS.COM
elevate
HOOPS
CHAMPIONS
23
elevate
HOOPS","[{'x': 144, 'y': 3}, {'x': 422, 'y': 3}, {'x': 422, 'y': 423}, {'x': 144, 'y': 423}]",420,278,positive
2584.jpg,/kaggle/input/mvsasingle/MVSA_Single/data/2584.jpg,210,236,True,"WHEN YOUR LIFE IS ON COURSE WITH ITS
PURPOSE YOU ARE YOUR MOST
POWERFUL
- OPRAH","[{'x': 7, 'y': 123}, {'x': 228, 'y': 123}, {'x': 228, 'y': 183}, {'x': 7, 'y': 183}]",60,221,positive
2585.jpg,/kaggle/input/mvsasingle/MVSA_Single/data/2585.jpg,337,599,True,"TUNA VS EGE
VICTORY
1
WINS
0
LOSSES
1W STREAK
HOLD TO REMATCH...","[{'x': 8, 'y': 80}, {'x': 591, 'y': 80}, {'x': 591, 'y': 166}, {'x': 8, 'y': 166}]",86,583,positive
2586.jpg,/kaggle/input/mvsasingle/MVSA_Single/data/2586.jpg,800,600,False,,[],0,0,positive
2587.jpg,/kaggle/input/mvsasingle/MVSA_Single/data/2587.jpg,600,600,False,,[],0,0,positive
2588.jpg,/kaggle/input/mvsasingle/MVSA_Single/data/2588.jpg,332,599,True,"LIVE &
FREE
NEWS.com.au
FEED
Commission to gril
Canberra CFMEU
Family violence royal
commission to start in
Victoria
Eurozone sets Greece
tough terms
PEUGEO
Bigger Royal Australian
Navy could be on the
.com.au
DJOKOVIC WINS WIMBLEDON NEWS
WEATHER MELBOURNE Showers. Windy 12°","[{'x': 25, 'y': 8}, {'x': 570, 'y': 8}, {'x': 570, 'y': 324}, {'x': 25, 'y': 324}]",316,545,positive
2589.jpg,/kaggle/input/mvsasingle/MVSA_Single/data/2589.jpg,600,600,True,"We
""Individually,
are one drop.
Together, we are
an ocean.
"")
Ryunosuke Satoro","[{'x': 92, 'y': 107}, {'x': 504, 'y': 107}, {'x': 504, 'y': 467}, {'x': 92, 'y': 467}]",360,412,positive
259.jpg,/kaggle/input/mvsasingle/MVSA_Single/data/259.jpg,1024,576,True,"RES
wicked
awesome","[{'x': 20, 'y': 1}, {'x': 486, 'y': 1}, {'x': 486, 'y': 618}, {'x': 20, 'y': 618}]",617,466,negative
2590.jpg,/kaggle/input/mvsasingle/MVSA_Single/data/2590.jpg,600,600,True,NEW YOL,"[{'x': 315, 'y': 291}, {'x': 362, 'y': 291}, {'x': 362, 'y': 319}, {'x': 315, 'y': 319}]",28,47,positive
2591.jpg,/kaggle/input/mvsasingle/MVSA_Single/data/2591.jpg,337,599,True,"CENATION
Follow @RealWasimPerviz","[{'x': 8, 'y': 157}, {'x': 435, 'y': 157}, {'x': 435, 'y': 319}, {'x': 8, 'y': 319}]",162,427,positive
2592.jpg,/kaggle/input/mvsasingle/MVSA_Single/data/2592.jpg,480,480,True,"I defeated Deathstroke
Amazing.
My son did that when
he was 12.","[{'x': 35, 'y': 45}, {'x': 437, 'y': 45}, {'x': 437, 'y': 320}, {'x': 35, 'y': 320}]",275,402,negative
2593.jpg,/kaggle/input/mvsasingle/MVSA_Single/data/2593.jpg,382,595,True,"الإداري
لا بد للقيد أن ينكسر","[{'x': 247, 'y': 0}, {'x': 406, 'y': 0}, {'x': 406, 'y': 74}, {'x': 247, 'y': 74}]",74,159,negative
2594.jpg,/kaggle/input/mvsasingle/MVSA_Single/data/2594.jpg,600,600,True,"Ali Alameer
WAS
VICTORIOUS
83
Ali Alameer
PLAYING
75
tmsngrd
Champions League
4 QuizUp
Download on the
App Store
GET IT ON
►Google play","[{'x': 21, 'y': 12}, {'x': 586, 'y': 12}, {'x': 586, 'y': 586}, {'x': 21, 'y': 586}]",574,565,negative
2595.jpg,/kaggle/input/mvsasingle/MVSA_Single/data/2595.jpg,799,600,False,,[],0,0,positive
2596.jpg,/kaggle/input/mvsasingle/MVSA_Single/data/2596.jpg,444,599,False,,[],0,0,neutral
2597.jpg,/kaggle/input/mvsasingle/MVSA_Single/data/2597.jpg,340,512,True,"PAT
PATR
Sibes
93","[{'x': 31, 'y': 102}, {'x': 330, 'y': 102}, {'x': 330, 'y': 202}, {'x': 31, 'y': 202}]",100,299,positive
2598.jpg,/kaggle/input/mvsasingle/MVSA_Single/data/2598.jpg,300,600,True,"LAV
HAPPY
BIRTHDAY
WN9","[{'x': 0, 'y': 133}, {'x': 599, 'y': 133}, {'x': 599, 'y': 291}, {'x': 0, 'y': 291}]",158,599,positive
2599.jpg,/kaggle/input/mvsasingle/MVSA_Single/data/2599.jpg,399,599,False,,[],0,0,negative
26.jpg,/kaggle/input/mvsasingle/MVSA_Single/data/26.jpg,450,600,False,,[],0,0,negative
260.jpg,/kaggle/input/mvsasingle/MVSA_Single/data/260.jpg,403,600,False,,[],0,0,negative
2600.jpg,/kaggle/input/mvsasingle/MVSA_Single/data/2600.jpg,337,599,True,LUE-GR,"[{'x': 287, 'y': 159}, {'x': 307, 'y': 159}, {'x': 307, 'y': 166}, {'x': 287, 'y': 166}]",7,20,neutral
2601.jpg,/kaggle/input/mvsasingle/MVSA_Single/data/2601.jpg,800,600,True,Ve,"[{'x': 215, 'y': 254}, {'x': 264, 'y': 254}, {'x': 264, 'y': 300}, {'x': 215, 'y': 300}]",46,49,negative
2602.jpg,/kaggle/input/mvsasingle/MVSA_Single/data/2602.jpg,381,599,True,"FREEDOM FOR
PALESTINE
الحرية
لفلسطين","[{'x': 109, 'y': 119}, {'x': 456, 'y': 119}, {'x': 456, 'y': 371}, {'x': 109, 'y': 371}]",252,347,negative
2603.jpg,/kaggle/input/mvsasingle/MVSA_Single/data/2603.jpg,450,600,False,,[],0,0,negative
2604.jpg,/kaggle/input/mvsasingle/MVSA_Single/data/2604.jpg,378,599,True,"La Grecia ha il
deficit, l'Italia ha il
deficient
ED
☺","[{'x': 85, 'y': 36}, {'x': 518, 'y': 36}, {'x': 518, 'y': 212}, {'x': 85, 'y': 212}]",176,433,neutral
2605.jpg,/kaggle/input/mvsasingle/MVSA_Single/data/2605.jpg,600,600,True,"Better
Days
Ahead","[{'x': 19, 'y': 132}, {'x': 205, 'y': 132}, {'x': 205, 'y': 482}, {'x': 19, 'y': 482}]",350,186,neutral
2606.jpg,/kaggle/input/mvsasingle/MVSA_Single/data/2606.jpg,390,599,True,"hell
Shell
COUNT
© popperfoto.com
NACI
HONDA
hell,","[{'x': 2, 'y': 163}, {'x': 461, 'y': 163}, {'x': 461, 'y': 389}, {'x': 2, 'y': 389}]",226,459,positive
2607.jpg,/kaggle/input/mvsasingle/MVSA_Single/data/2607.jpg,513,599,True,KI,"[{'x': 210, 'y': 152}, {'x': 225, 'y': 152}, {'x': 225, 'y': 164}, {'x': 210, 'y': 164}]",12,15,neutral
2608.jpg,/kaggle/input/mvsasingle/MVSA_Single/data/2608.jpg,400,600,True,"BARCLAYS
ASIA TROPHY
SINGAPORE 2015
STOKE
記
ONE GOAL","[{'x': 3, 'y': 121}, {'x': 375, 'y': 121}, {'x': 375, 'y': 394}, {'x': 3, 'y': 394}]",273,372,positive
2609.jpg,/kaggle/input/mvsasingle/MVSA_Single/data/2609.jpg,593,600,False,,[],0,0,negative
261.jpg,/kaggle/input/mvsasingle/MVSA_Single/data/261.jpg,375,600,False,,[],0,0,positive
2610.jpg,/kaggle/input/mvsasingle/MVSA_Single/data/2610.jpg,158,158,False,,[],0,0,positive
2611.jpg,/kaggle/input/mvsasingle/MVSA_Single/data/2611.jpg,431,600,True,"SHAW
3","[{'x': 387, 'y': 168}, {'x': 463, 'y': 168}, {'x': 463, 'y': 301}, {'x': 387, 'y': 301}]",133,76,neutral
2612.jpg,/kaggle/input/mvsasingle/MVSA_Single/data/2612.jpg,553,600,True,"200
MANSION
MANSION
200
MANSION
200
MANSION
隆
MANSION
MANSION.COM MANSION.COM MANSION.COM MANSION.COM MANSION.COM MANSION.COM MANSION.COM
M
陞
MANSION
M
陞
MANSION
CPFC.CO.UK CPFC.CO.UK CPFC.CO.UK CPFC.CO.UK CPFC.CO.UK
эт 陞
MANSION
MANSION
C.CO.UK CPFC.CO.UK
M
隆
MANSION
MANSION.COM
MANSION
MANSION
m
陞
MANSION
ON.COM
MANSION.COM MANSIO
ON.COM MANSION.COM
M 陞
MANSION
CPFC.CO.UK
macron
C.CO.UK
MANSION.
m
MANSION
CPFC.CO.UK
CP
эт
MANS
MANSION.COM
m
1
M
AL B
MANSION
MANSION
77
ANSION
ON.COM
CPFC.CO.UK
M
陞
MANSION
MANSION.COM
明陞","[{'x': 0, 'y': 0}, {'x': 599, 'y': 0}, {'x': 599, 'y': 552}, {'x': 0, 'y': 552}]",552,599,positive
2613.jpg,/kaggle/input/mvsasingle/MVSA_Single/data/2613.jpg,800,600,False,,[],0,0,neutral
2614.jpg,/kaggle/input/mvsasingle/MVSA_Single/data/2614.jpg,275,400,True,"ve
tve","[{'x': 42, 'y': 74}, {'x': 322, 'y': 74}, {'x': 322, 'y': 102}, {'x': 42, 'y': 102}]",28,280,negative
2615.jpg,/kaggle/input/mvsasingle/MVSA_Single/data/2615.jpg,480,480,False,,[],0,0,negative
2616.jpg,/kaggle/input/mvsasingle/MVSA_Single/data/2616.jpg,600,600,True,10,"[{'x': 408, 'y': 225}, {'x': 478, 'y': 225}, {'x': 478, 'y': 307}, {'x': 408, 'y': 307}]",82,70,positive
2617.jpg,/kaggle/input/mvsasingle/MVSA_Single/data/2617.jpg,337,599,True,"S
think
2","[{'x': 74, 'y': 158}, {'x': 524, 'y': 158}, {'x': 524, 'y': 272}, {'x': 74, 'y': 272}]",114,450,negative
2618.jpg,/kaggle/input/mvsasingle/MVSA_Single/data/2618.jpg,342,512,False,,[],0,0,negative
2619.jpg,/kaggle/input/mvsasingle/MVSA_Single/data/2619.jpg,1024,576,True,"So the Confederate flag is not racist, huh?
""As a people we are fighting to maintain the
Heaven-ordained supremacy of the white man over the in-
ferior or colored race""
""As a national emblem, it (the Confederate flag) is
significant of our higher cause, the cause of a superior
race""
William T. Thompson, designer of the Confederate flag","[{'x': 21, 'y': 157}, {'x': 556, 'y': 157}, {'x': 556, 'y': 799}, {'x': 21, 'y': 799}]",642,535,neutral
262.jpg,/kaggle/input/mvsasingle/MVSA_Single/data/262.jpg,399,600,False,,[],0,0,positive
2620.jpg,/kaggle/input/mvsasingle/MVSA_Single/data/2620.jpg,454,599,True,"IG
CANAL+
CANAL DIG
NAL+ CAN
CANAL D
ZIDANE
5","[{'x': 1, 'y': 30}, {'x': 591, 'y': 30}, {'x': 591, 'y': 400}, {'x': 1, 'y': 400}]",370,590,positive
2621.jpg,/kaggle/input/mvsasingle/MVSA_Single/data/2621.jpg,491,599,True,"WHENE
EG显
D
回
192214","[{'x': 58, 'y': 30}, {'x': 509, 'y': 30}, {'x': 509, 'y': 311}, {'x': 58, 'y': 311}]",281,451,positive
2622.jpg,/kaggle/input/mvsasingle/MVSA_Single/data/2622.jpg,1024,576,True,"15:19
Q :
Tweet
Kevin Maguire
@Kevin_Maguire
Maggie Thatcher at the Durham
Miners' Gala
MacGRE
CCARA
Reply to Kevin Maguire","[{'x': 9, 'y': 12}, {'x': 562, 'y': 12}, {'x': 562, 'y': 1001}, {'x': 9, 'y': 1001}]",989,553,positive
2623.jpg,/kaggle/input/mvsasingle/MVSA_Single/data/2623.jpg,600,600,True,"A BOOK IS AN ASSET WHICH
NEVER GETS DEPRECIATED
BY: JUJU KURTUN","[{'x': 1, 'y': 107}, {'x': 599, 'y': 107}, {'x': 599, 'y': 306}, {'x': 1, 'y': 306}]",199,598,neutral
2624.jpg,/kaggle/input/mvsasingle/MVSA_Single/data/2624.jpg,242,400,True,Life is beautiful!,"[{'x': 97, 'y': 105}, {'x': 355, 'y': 105}, {'x': 355, 'y': 145}, {'x': 97, 'y': 145}]",40,258,positive
2626.jpg,/kaggle/input/mvsasingle/MVSA_Single/data/2626.jpg,800,600,True,VAN,"[{'x': 346, 'y': 423}, {'x': 365, 'y': 423}, {'x': 365, 'y': 434}, {'x': 346, 'y': 434}]",11,19,positive
2627.jpg,/kaggle/input/mvsasingle/MVSA_Single/data/2627.jpg,800,600,False,,[],0,0,negative
2628.jpg,/kaggle/input/mvsasingle/MVSA_Single/data/2628.jpg,375,599,True,"ANDY
KF
BRAZE V ITA
hoops
ATFORD
Nationwide
Play-Off Final
WestHam
Barnet
Football Club
ENGLA
hoops
VALLEY
REVIEW
Doyal
Joneм
Swan
LINGHA
The Ram
PALACE
FIRED
ENGLAND
Pakistan,
of his
life
barnet
VALLEY
Aston
Villa
QUAP
堂
NGL
Bangladesh
Jock in
Match Programme
EVERTON
BEES
STON
VILLA
auld
TOWN
Wedne
STEVENAGE
SMON DRR
NT
SPURS
LONDON CAD
ENGLA
WEST INDIES
ENGLAND","[{'x': 0, 'y': 0}, {'x': 598, 'y': 0}, {'x': 598, 'y': 368}, {'x': 0, 'y': 368}]",368,598,neutral
2629.jpg,/kaggle/input/mvsasingle/MVSA_Single/data/2629.jpg,315,504,True,"I might not be
the right therapist
for you.
carrienet™
LICENSED ONLINE THERAPY
www.camcncl.com
facebock com","[{'x': 150, 'y': 40}, {'x': 496, 'y': 40}, {'x': 496, 'y': 304}, {'x': 150, 'y': 304}]",264,346,positive
263.jpg,/kaggle/input/mvsasingle/MVSA_Single/data/263.jpg,910,600,False,,[],0,0,positive
2630.jpg,/kaggle/input/mvsasingle/MVSA_Single/data/2630.jpg,836,600,True,"GET YOURSELF
TOGETHER!
GO SPEND ONE DAY
DECENTLY WORKING
AND THIS DEPRESSION
THING WILL BE GONE.
DEPRESSION IS NOT A MOOD MATTER
DEPRESSION IS NOT CREATED OUT OF BOREDOM, INDIFFERENCE OR
LACK OF MOTIVATION. DEPRESSION IS A SICKNESS THAT DISTURBS
THE WAY THE BRAIN FUNCTIONS. IT CAN AFFECT ANYONE AND
REQUIRES TREATMENT AND MEDICATION PROVIDED BY SPECIALISTS.
BEIIBIS.TUMBLR.COM","[{'x': 12, 'y': 398}, {'x': 582, 'y': 398}, {'x': 582, 'y': 831}, {'x': 12, 'y': 831}]",433,570,positive
2632.jpg,/kaggle/input/mvsasingle/MVSA_Single/data/2632.jpg,600,600,False,,[],0,0,negative
2633.jpg,/kaggle/input/mvsasingle/MVSA_Single/data/2633.jpg,235,246,True,"MA
INDERENDENT","[{'x': 71, 'y': 66}, {'x': 225, 'y': 66}, {'x': 225, 'y': 214}, {'x': 71, 'y': 214}]",148,154,positive
2634.jpg,/kaggle/input/mvsasingle/MVSA_Single/data/2634.jpg,959,600,True,"AWARD WINNING AUTHOR
AN ILL WIND
REGINA PUCKETT","[{'x': 76, 'y': 673}, {'x': 513, 'y': 673}, {'x': 513, 'y': 811}, {'x': 76, 'y': 811}]",138,437,positive
2635.jpg,/kaggle/input/mvsasingle/MVSA_Single/data/2635.jpg,375,600,False,,[],0,0,positive
2636.jpg,/kaggle/input/mvsasingle/MVSA_Single/data/2636.jpg,405,540,False,,[],0,0,positive
2637.jpg,/kaggle/input/mvsasingle/MVSA_Single/data/2637.jpg,1024,576,True,"EE Qo
*@
20:39
231.
10
ㅁ","[{'x': 20, 'y': 8}, {'x': 561, 'y': 8}, {'x': 561, 'y': 1000}, {'x': 20, 'y': 1000}]",992,541,neutral
2638.jpg,/kaggle/input/mvsasingle/MVSA_Single/data/2638.jpg,800,600,False,,[],0,0,positive
2639.jpg,/kaggle/input/mvsasingle/MVSA_Single/data/2639.jpg,896,600,True,"The Desplate
Garden
Danny Kemp","[{'x': 80, 'y': 315}, {'x': 511, 'y': 315}, {'x': 511, 'y': 667}, {'x': 80, 'y': 667}]",352,431,neutral
264.jpg,/kaggle/input/mvsasingle/MVSA_Single/data/264.jpg,315,600,False,,[],0,0,positive
2640.jpg,/kaggle/input/mvsasingle/MVSA_Single/data/2640.jpg,1032,581,True,"130
maina
buy 2 fo
FIZZY BUBBLE
GIF
13
extre
SOFT
Chamallows
Fruit-tella
BOUNTY
Dairy Milk
m
y Milk
£1
Milk
£1
HAJU","[{'x': 2, 'y': 69}, {'x': 580, 'y': 69}, {'x': 580, 'y': 756}, {'x': 2, 'y': 756}]",687,578,positive
2641.jpg,/kaggle/input/mvsasingle/MVSA_Single/data/2641.jpg,534,534,False,,[],0,0,positive
2642.jpg,/kaggle/input/mvsasingle/MVSA_Single/data/2642.jpg,600,600,False,,[],0,0,positive
2643.jpg,/kaggle/input/mvsasingle/MVSA_Single/data/2643.jpg,749,500,False,,[],0,0,positive
2644.jpg,/kaggle/input/mvsasingle/MVSA_Single/data/2644.jpg,600,600,True,There is always a way.,"[{'x': 38, 'y': 35}, {'x': 569, 'y': 35}, {'x': 569, 'y': 124}, {'x': 38, 'y': 124}]",89,531,neutral
2645.jpg,/kaggle/input/mvsasingle/MVSA_Single/data/2645.jpg,415,599,False,,[],0,0,neutral
2646.jpg,/kaggle/input/mvsasingle/MVSA_Single/data/2646.jpg,402,600,False,,[],0,0,neutral
2647.jpg,/kaggle/input/mvsasingle/MVSA_Single/data/2647.jpg,600,600,True,My name is Walter Blanco.,"[{'x': 83, 'y': 440}, {'x': 417, 'y': 440}, {'x': 417, 'y': 482}, {'x': 83, 'y': 482}]",42,334,positive
2648.jpg,/kaggle/input/mvsasingle/MVSA_Single/data/2648.jpg,295,600,True,"""Happiness is the meaning
and the purpose of life, the whole
aim and end of human existence""
Aristotle","[{'x': 24, 'y': 163}, {'x': 362, 'y': 163}, {'x': 362, 'y': 275}, {'x': 24, 'y': 275}]",112,338,positive
265.jpg,/kaggle/input/mvsasingle/MVSA_Single/data/265.jpg,522,599,True,"ИНТИНКА
Вечная память
и слава!
21 декабря -
День рождения
И.В. Сталина","[{'x': 338, 'y': 47}, {'x': 567, 'y': 47}, {'x': 567, 'y': 300}, {'x': 338, 'y': 300}]",253,229,positive
2650.jpg,/kaggle/input/mvsasingle/MVSA_Single/data/2650.jpg,571,599,False,,[],0,0,positive
2651.jpg,/kaggle/input/mvsasingle/MVSA_Single/data/2651.jpg,769,599,True,"STILL MISSING
HAVE YOU SEEN THIS DOG?
MISSING SINCE 14TH JUNE 2015
Appleby Magna, Leicestershire, DE12
Yellow Male Labrador
11 years old. He has a cauliflower left ear & a lump on his right
hand side by his ribs. He was wearing a brown collar with orange
stitching on, but no name tag. Microchipped & Neutered
ANY information please call
07925 880681
There is a REWARD for his SAFE RETURN
If found he should be reported to the Council Dog Warden (which is the LAW)","[{'x': 45, 'y': 14}, {'x': 554, 'y': 14}, {'x': 554, 'y': 756}, {'x': 45, 'y': 756}]",742,509,negative
2653.jpg,/kaggle/input/mvsasingle/MVSA_Single/data/2653.jpg,375,600,True,"BVB
09
EVON","[{'x': 273, 'y': 264}, {'x': 374, 'y': 264}, {'x': 374, 'y': 345}, {'x': 273, 'y': 345}]",81,101,positive
2654.jpg,/kaggle/input/mvsasingle/MVSA_Single/data/2654.jpg,800,600,False,,[],0,0,positive
2655.jpg,/kaggle/input/mvsasingle/MVSA_Single/data/2655.jpg,800,600,True,EXIT,"[{'x': 352, 'y': 7}, {'x': 400, 'y': 7}, {'x': 400, 'y': 40}, {'x': 352, 'y': 40}]",33,48,positive
2656.jpg,/kaggle/input/mvsasingle/MVSA_Single/data/2656.jpg,333,500,True,"Every Story
has
an
end, but
in life every
end is a new
beginning.","[{'x': 38, 'y': 140}, {'x': 402, 'y': 140}, {'x': 402, 'y': 292}, {'x': 38, 'y': 292}]",152,364,positive
2657.jpg,/kaggle/input/mvsasingle/MVSA_Single/data/2657.jpg,159,318,True,"""THE MORE YOU PRAISE
AND CELEBRATE YOUR LIFE,
THE MORE THERE IS IN
LIFE TO CELEBRATE.""
-OPRAH WINFREY","[{'x': 6, 'y': 11}, {'x': 133, 'y': 11}, {'x': 133, 'y': 70}, {'x': 6, 'y': 70}]",59,127,positive
2658.jpg,/kaggle/input/mvsasingle/MVSA_Single/data/2658.jpg,279,600,True,"66
For to be free is
not merely to cast
off one's chains,
but to live in a
way that respects
and enhances the
freedom of others.","[{'x': 262, 'y': 6}, {'x': 553, 'y': 6}, {'x': 553, 'y': 264}, {'x': 262, 'y': 264}]",258,291,positive
2659.jpg,/kaggle/input/mvsasingle/MVSA_Single/data/2659.jpg,553,600,True,"When one tugs at a single
thing in nature, he finds
it attached to the rest
of the world.
JOHN MUIR","[{'x': 75, 'y': 304}, {'x': 542, 'y': 304}, {'x': 542, 'y': 543}, {'x': 75, 'y': 543}]",239,467,positive
266.jpg,/kaggle/input/mvsasingle/MVSA_Single/data/266.jpg,926,522,False,,[],0,0,negative
2660.jpg,/kaggle/input/mvsasingle/MVSA_Single/data/2660.jpg,319,403,True,"The greatest
challenge in life
is discovering
who you are...
The second
greatest is being
happy with what
you find...","[{'x': 158, 'y': 39}, {'x': 379, 'y': 39}, {'x': 379, 'y': 273}, {'x': 158, 'y': 273}]",234,221,positive
2661.jpg,/kaggle/input/mvsasingle/MVSA_Single/data/2661.jpg,460,600,True,"BOOKS & IDEAS
FINE
PRINT
BOOKS & IDEAS
DAN BROWN'S RECORD GETS BROKEN
THE
GIFE
ON THE
TRAIN
FAN MADE TEASER BECOMES VIRAL
THE
MASTER
OF DESIRE
Sudhir Kakar on his latest
and the
ancient world holds up a mirror to the modern
W
DECLINE
DEVIL TAKE LOVE
ALL
YOURS,
ON STRANGER TIDES
Between
the lines
PAKISTAN'S
SUMMER OF
TURMOIL
M
*****","[{'x': 11, 'y': 15}, {'x': 583, 'y': 15}, {'x': 583, 'y': 426}, {'x': 11, 'y': 426}]",411,572,positive
2662.jpg,/kaggle/input/mvsasingle/MVSA_Single/data/2662.jpg,367,511,True,paimages,"[{'x': 5, 'y': 347}, {'x': 84, 'y': 347}, {'x': 84, 'y': 361}, {'x': 5, 'y': 361}]",14,79,positive
2663.jpg,/kaggle/input/mvsasingle/MVSA_Single/data/2663.jpg,337,599,True,"العلاج الطبيعي
كريم زارعي","[{'x': 26, 'y': 101}, {'x': 200, 'y': 101}, {'x': 200, 'y': 319}, {'x': 26, 'y': 319}]",218,174,positive
2664.jpg,/kaggle/input/mvsasingle/MVSA_Single/data/2664.jpg,480,600,False,,[],0,0,positive
2665.jpg,/kaggle/input/mvsasingle/MVSA_Single/data/2665.jpg,329,498,False,,[],0,0,positive
2666.jpg,/kaggle/input/mvsasingle/MVSA_Single/data/2666.jpg,330,599,False,,[],0,0,positive
2667.jpg,/kaggle/input/mvsasingle/MVSA_Single/data/2667.jpg,335,480,False,,[],0,0,positive
2668.jpg,/kaggle/input/mvsasingle/MVSA_Single/data/2668.jpg,160,240,False,,[],0,0,positive
2669.jpg,/kaggle/input/mvsasingle/MVSA_Single/data/2669.jpg,450,600,False,,[],0,0,positive
267.jpg,/kaggle/input/mvsasingle/MVSA_Single/data/267.jpg,600,600,False,,[],0,0,positive
2670.jpg,/kaggle/input/mvsasingle/MVSA_Single/data/2670.jpg,360,480,False,,[],0,0,positive
2671.jpg,/kaggle/input/mvsasingle/MVSA_Single/data/2671.jpg,383,599,True,"""The world will not be destroyed by those
who do evil, but by those who watch them
without doing anything""
-Albert Einstein","[{'x': 43, 'y': 6}, {'x': 580, 'y': 6}, {'x': 580, 'y': 131}, {'x': 43, 'y': 131}]",125,537,positive
2672.jpg,/kaggle/input/mvsasingle/MVSA_Single/data/2672.jpg,450,600,False,,[],0,0,neutral
2673.jpg,/kaggle/input/mvsasingle/MVSA_Single/data/2673.jpg,600,600,True,"BALIC
HUMAN RACES
Aid","[{'x': 161, 'y': 324}, {'x': 428, 'y': 324}, {'x': 428, 'y': 430}, {'x': 161, 'y': 430}]",106,267,positive
2674.jpg,/kaggle/input/mvsasingle/MVSA_Single/data/2674.jpg,450,600,False,,[],0,0,positive
2675.jpg,/kaggle/input/mvsasingle/MVSA_Single/data/2675.jpg,638,423,True,"FEDERAL RESERVE
DEBT DEFICIT DEBT DEFICIT DEBT DEFICIT DEBT
ZIRP
RIVATE
LIBOR ARM
CAPITO
BUY
STOCKS
CONTROL
ALT PRINT
ROCKEFELLER
ROTHSCHILD
MORGAN
WALL STREET
P
SYNDIC
QE
ISDA ARM
ARM
Main Street
THE MODERN OCTOPUS
Crasier
WB7","[{'x': 20, 'y': 12}, {'x': 404, 'y': 12}, {'x': 404, 'y': 632}, {'x': 20, 'y': 632}]",620,384,positive
2676.jpg,/kaggle/input/mvsasingle/MVSA_Single/data/2676.jpg,450,600,True,"LEGEA
KIPSTS
ез
jame
jança","[{'x': 23, 'y': 74}, {'x': 386, 'y': 74}, {'x': 386, 'y': 363}, {'x': 23, 'y': 363}]",289,363,positive
2677.jpg,/kaggle/input/mvsasingle/MVSA_Single/data/2677.jpg,600,600,False,,[],0,0,positive
2678.jpg,/kaggle/input/mvsasingle/MVSA_Single/data/2678.jpg,337,599,False,,[],0,0,negative
2679.jpg,/kaggle/input/mvsasingle/MVSA_Single/data/2679.jpg,549,549,True,"Aral
DOCT
PACEMAKER","[{'x': 199, 'y': 230}, {'x': 544, 'y': 230}, {'x': 544, 'y': 543}, {'x': 199, 'y': 543}]",313,345,negative
268.jpg,/kaggle/input/mvsasingle/MVSA_Single/data/268.jpg,342,457,False,,[],0,0,positive
2680.jpg,/kaggle/input/mvsasingle/MVSA_Single/data/2680.jpg,129,102,False,,[],0,0,neutral
2683.jpg,/kaggle/input/mvsasingle/MVSA_Single/data/2683.jpg,373,298,False,,[],0,0,positive
2684.jpg,/kaggle/input/mvsasingle/MVSA_Single/data/2684.jpg,140,82,False,,[],0,0,negative
2685.jpg,/kaggle/input/mvsasingle/MVSA_Single/data/2685.jpg,390,600,False,,[],0,0,neutral
2686.jpg,/kaggle/input/mvsasingle/MVSA_Single/data/2686.jpg,450,600,True,"INTERIOR
DESIGN","[{'x': 11, 'y': 12}, {'x': 107, 'y': 12}, {'x': 107, 'y': 48}, {'x': 11, 'y': 48}]",36,96,neutral
2687.jpg,/kaggle/input/mvsasingle/MVSA_Single/data/2687.jpg,418,600,True,"96
THE WATER-CURE JOURNAL.
THE LADY OF FASHION.
THE SENSIBLE WOMAN.","[{'x': 35, 'y': 30}, {'x': 512, 'y': 30}, {'x': 512, 'y': 391}, {'x': 35, 'y': 391}]",361,477,neutral
2688.jpg,/kaggle/input/mvsasingle/MVSA_Single/data/2688.jpg,449,599,False,,[],0,0,positive
2689.jpg,/kaggle/input/mvsasingle/MVSA_Single/data/2689.jpg,440,599,True,"900000
0000
0000
0000
001
CC C C C C O
CLLLLL
booge","[{'x': 91, 'y': 218}, {'x': 432, 'y': 218}, {'x': 432, 'y': 439}, {'x': 91, 'y': 439}]",221,341,positive
269.jpg,/kaggle/input/mvsasingle/MVSA_Single/data/269.jpg,336,598,True,"120-
115
RGB Balance
110
105
100
Out of the box
14-
17
10
Delta 2000
25
90
100
50
Gamma Point
Luminance
50 60 70 80
100
10
20
30
40
50
60
70 80 90 100
02
10
100","[{'x': 3, 'y': 7}, {'x': 596, 'y': 7}, {'x': 596, 'y': 332}, {'x': 3, 'y': 332}]",325,593,positive
2690.jpg,/kaggle/input/mvsasingle/MVSA_Single/data/2690.jpg,450,599,False,,[],0,0,negative
2691.jpg,/kaggle/input/mvsasingle/MVSA_Single/data/2691.jpg,447,599,False,,[],0,0,positive
2692.jpg,/kaggle/input/mvsasingle/MVSA_Single/data/2692.jpg,461,599,True,[whooping],"[{'x': 231, 'y': 392}, {'x': 377, 'y': 392}, {'x': 377, 'y': 416}, {'x': 231, 'y': 416}]",24,146,positive
2693.jpg,/kaggle/input/mvsasingle/MVSA_Single/data/2693.jpg,324,600,False,,[],0,0,neutral
2694.jpg,/kaggle/input/mvsasingle/MVSA_Single/data/2694.jpg,408,599,True,"Never discourage anyone
who makes continual progress,
no matter how slow.","[{'x': 27, 'y': 67}, {'x': 398, 'y': 67}, {'x': 398, 'y': 158}, {'x': 27, 'y': 158}]",91,371,positive
2695.jpg,/kaggle/input/mvsasingle/MVSA_Single/data/2695.jpg,900,600,True,"see your colours, though
they appear to be different.
You should never be afraid
because your difference is the
difference.
We live in a time where to
be yourself is hard.
And the way you really feel can
leave you emotionally scarred.
But stay strong stand firm
and never back down.
Being yourself is the only way
to act now.
I see them.
Your true colours.""
EUPHORIA
SHINEE JONGHYUN
INTERNATIONAL FANSITE
WWW.EUPHORIA-JH.COM","[{'x': 220, 'y': 14}, {'x': 586, 'y': 14}, {'x': 586, 'y': 854}, {'x': 220, 'y': 854}]",840,366,positive
2696.jpg,/kaggle/input/mvsasingle/MVSA_Single/data/2696.jpg,800,600,False,,[],0,0,positive
2697.jpg,/kaggle/input/mvsasingle/MVSA_Single/data/2697.jpg,800,600,True,24 Weeks,"[{'x': 60, 'y': 411}, {'x': 215, 'y': 411}, {'x': 215, 'y': 451}, {'x': 60, 'y': 451}]",40,155,neutral
2698.jpg,/kaggle/input/mvsasingle/MVSA_Single/data/2698.jpg,800,600,True,"BILL COSBY
FATHERHOOD
INTRODUCTION AND RD BY ALVIN E PUSSAINT","[{'x': 39, 'y': 569}, {'x': 542, 'y': 569}, {'x': 542, 'y': 793}, {'x': 39, 'y': 793}]",224,503,neutral
2699.jpg,/kaggle/input/mvsasingle/MVSA_Single/data/2699.jpg,399,599,False,,[],0,0,negative
27.jpg,/kaggle/input/mvsasingle/MVSA_Single/data/27.jpg,450,600,True,"HAMBIKE
HIC
TYMPIA
S4","[{'x': 83, 'y': 0}, {'x': 404, 'y': 0}, {'x': 404, 'y': 319}, {'x': 83, 'y': 319}]",319,321,neutral
270.jpg,/kaggle/input/mvsasingle/MVSA_Single/data/270.jpg,435,599,False,,[],0,0,positive
2700.jpg,/kaggle/input/mvsasingle/MVSA_Single/data/2700.jpg,296,600,True,"Work
out your
own salvation.
Do not
depend
on others.
Buddha","[{'x': 30, 'y': 30}, {'x': 370, 'y': 30}, {'x': 370, 'y': 249}, {'x': 30, 'y': 249}]",219,340,positive
2701.jpg,/kaggle/input/mvsasingle/MVSA_Single/data/2701.jpg,315,600,True,"""No matter what
happens in life,
be good to people.
Being good to
people is a wonderful
legacy to leave
behind.,,
Taylor Swift","[{'x': 236, 'y': 36}, {'x': 570, 'y': 36}, {'x': 570, 'y': 307}, {'x': 236, 'y': 307}]",271,334,positive
2702.jpg,/kaggle/input/mvsasingle/MVSA_Single/data/2702.jpg,337,599,True,AF-03,"[{'x': 432, 'y': 176}, {'x': 472, 'y': 176}, {'x': 472, 'y': 192}, {'x': 432, 'y': 192}]",16,40,negative
2703.jpg,/kaggle/input/mvsasingle/MVSA_Single/data/2703.jpg,368,599,True,"COCAINE
TOOTHACHE DROPS
Instantaneous Cure!
PRICE 15 CENTS.
Prepared by the
LLOYD MANUFACTURING CO.
219 HUDSON AVE., ALBANY, N. Y.
For sale by all Druggists.
(Registered March 1885.)
See other side.","[{'x': 274, 'y': 133}, {'x': 598, 'y': 133}, {'x': 598, 'y': 367}, {'x': 274, 'y': 367}]",234,324,positive
2704.jpg,/kaggle/input/mvsasingle/MVSA_Single/data/2704.jpg,800,600,True,"EY
GREY
G
EL JAMES
EL JAMES
EL JAMES
AL
EL JAMES
EL JAMES
AMES ONLY £4.99
AYMENT BY>
Maestro","[{'x': 0, 'y': 0}, {'x': 580, 'y': 0}, {'x': 580, 'y': 797}, {'x': 0, 'y': 797}]",797,580,positive
2705.jpg,/kaggle/input/mvsasingle/MVSA_Single/data/2705.jpg,333,500,False,,[],0,0,positive
2706.jpg,/kaggle/input/mvsasingle/MVSA_Single/data/2706.jpg,887,534,True,"""Happiness is not
something you postpone
for the future; it is
something you design
for the present""","[{'x': 132, 'y': 109}, {'x': 424, 'y': 109}, {'x': 424, 'y': 332}, {'x': 132, 'y': 332}]",223,292,positive
2707.jpg,/kaggle/input/mvsasingle/MVSA_Single/data/2707.jpg,536,599,True,"When someone shows you who
they are, believe them the first time.
- Maya Angelou","[{'x': 58, 'y': 41}, {'x': 520, 'y': 41}, {'x': 520, 'y': 155}, {'x': 58, 'y': 155}]",114,462,positive
2708.jpg,/kaggle/input/mvsasingle/MVSA_Single/data/2708.jpg,283,600,True,"Happiness is having a
large, loving, caring, close-knit
family in another city.","[{'x': 18, 'y': 73}, {'x': 569, 'y': 73}, {'x': 569, 'y': 253}, {'x': 18, 'y': 253}]",180,551,positive
2709.jpg,/kaggle/input/mvsasingle/MVSA_Single/data/2709.jpg,275,600,True,"Love isn't something you find.
Love is something that finds you.","[{'x': 37, 'y': 33}, {'x': 562, 'y': 33}, {'x': 562, 'y': 169}, {'x': 37, 'y': 169}]",136,525,positive
271.jpg,/kaggle/input/mvsasingle/MVSA_Single/data/271.jpg,600,600,False,,[],0,0,negative
2710.jpg,/kaggle/input/mvsasingle/MVSA_Single/data/2710.jpg,476,500,True,口,"[{'x': 75, 'y': 204}, {'x': 94, 'y': 204}, {'x': 94, 'y': 220}, {'x': 75, 'y': 220}]",16,19,positive
2711.jpg,/kaggle/input/mvsasingle/MVSA_Single/data/2711.jpg,450,600,False,,[],0,0,neutral
2712.jpg,/kaggle/input/mvsasingle/MVSA_Single/data/2712.jpg,493,500,True,"ONE CRIES BECAUSE ONE IS
SAD
FOR EXAMPLE, I CRY BECAUSE OTHERS
ARE STUPID, AND THAT MAKES ME SAD.","[{'x': 11, 'y': 8}, {'x': 486, 'y': 8}, {'x': 486, 'y': 488}, {'x': 11, 'y': 488}]",480,475,neutral
2713.jpg,/kaggle/input/mvsasingle/MVSA_Single/data/2713.jpg,450,600,False,,[],0,0,negative
2714.jpg,/kaggle/input/mvsasingle/MVSA_Single/data/2714.jpg,338,600,False,,[],0,0,negative
2715.jpg,/kaggle/input/mvsasingle/MVSA_Single/data/2715.jpg,293,600,True,"The only real failure in life is not to
be true to the best one knows.
Buddha","[{'x': 39, 'y': 45}, {'x': 564, 'y': 45}, {'x': 564, 'y': 221}, {'x': 39, 'y': 221}]",176,525,negative
2716.jpg,/kaggle/input/mvsasingle/MVSA_Single/data/2716.jpg,445,600,True,"IT WOULD BE IMPOSSIBLE
to love anyone or anything
one knew completely.
Love is directed towards
what lies hidden in its object.
Paul Valery","[{'x': 45, 'y': 82}, {'x': 564, 'y': 82}, {'x': 564, 'y': 366}, {'x': 45, 'y': 366}]",284,519,positive
2717.jpg,/kaggle/input/mvsasingle/MVSA_Single/data/2717.jpg,845,500,True,"YOU DESERVE TO BE HAPPY; NOT IN
THE ARMS OF SOMEONE WHO WILL
KEEP YOU WAITING, BUT IN THE
ARMS OF SOMEONE WHO WILL TAKE
YOU NOW, LOVE YOU FOREVER AND
LEAVE YOU NEVER","[{'x': 10, 'y': 206}, {'x': 476, 'y': 206}, {'x': 476, 'y': 622}, {'x': 10, 'y': 622}]",416,466,negative
2718.jpg,/kaggle/input/mvsasingle/MVSA_Single/data/2718.jpg,450,600,True,"F
SHOX","[{'x': 145, 'y': 291}, {'x': 596, 'y': 291}, {'x': 596, 'y': 440}, {'x': 145, 'y': 440}]",149,451,negative
2719.jpg,/kaggle/input/mvsasingle/MVSA_Single/data/2719.jpg,291,600,True,"The pessimist complains about the wind;
the optimist expects it to change;
the realist adjusts the sails""
William Arthur Ward","[{'x': 13, 'y': 11}, {'x': 451, 'y': 11}, {'x': 451, 'y': 242}, {'x': 13, 'y': 242}]",231,438,neutral
272.jpg,/kaggle/input/mvsasingle/MVSA_Single/data/272.jpg,454,584,False,,[],0,0,positive
2720.jpg,/kaggle/input/mvsasingle/MVSA_Single/data/2720.jpg,399,400,True,"We are what we think.
All that we are arises with our thoughts.
With our thoughts, we make the world.
-Buddha","[{'x': 18, 'y': 257}, {'x': 399, 'y': 257}, {'x': 399, 'y': 365}, {'x': 18, 'y': 365}]",108,381,positive
2721.jpg,/kaggle/input/mvsasingle/MVSA_Single/data/2721.jpg,294,600,True,"""The secret of happiness
is freedom,
the secret of freedom
is courage""
Carrie Jones","[{'x': 287, 'y': 57}, {'x': 573, 'y': 57}, {'x': 573, 'y': 222}, {'x': 287, 'y': 222}]",165,286,positive
2723.jpg,/kaggle/input/mvsasingle/MVSA_Single/data/2723.jpg,140,105,False,,[],0,0,negative
2724.jpg,/kaggle/input/mvsasingle/MVSA_Single/data/2724.jpg,438,500,True,"EVERY
aCCOMPLISHMENT
StaRTS WITH THE
DecisiON TO TRY","[{'x': 105, 'y': 123}, {'x': 387, 'y': 123}, {'x': 387, 'y': 266}, {'x': 105, 'y': 266}]",143,282,positive
2725.jpg,/kaggle/input/mvsasingle/MVSA_Single/data/2725.jpg,338,599,True,"LEVI'S
THE ORIGINAL JEANS
SKINNY","[{'x': 274, 'y': 63}, {'x': 374, 'y': 63}, {'x': 374, 'y': 127}, {'x': 274, 'y': 127}]",64,100,negative
2726.jpg,/kaggle/input/mvsasingle/MVSA_Single/data/2726.jpg,800,600,True,"LUCKY GRAND)
UR KANS
517","[{'x': 274, 'y': 0}, {'x': 401, 'y': 0}, {'x': 401, 'y': 77}, {'x': 274, 'y': 77}]",77,127,positive
2727.jpg,/kaggle/input/mvsasingle/MVSA_Single/data/2727.jpg,391,600,False,,[],0,0,negative
2728.jpg,/kaggle/input/mvsasingle/MVSA_Single/data/2728.jpg,450,600,False,,[],0,0,positive
2729.jpg,/kaggle/input/mvsasingle/MVSA_Single/data/2729.jpg,453,599,False,,[],0,0,positive
273.jpg,/kaggle/input/mvsasingle/MVSA_Single/data/273.jpg,600,600,True,"AHSAN IQBAL (PMLN) STANDING WITH THE KILLERS OF MURTAZA!
Ameer
Abdullah Humayun
Mathur MPHAhsan
Father
Iqbal
Iqbal Raza
illifan
#JUSTICE FORMURTAZA","[{'x': 12, 'y': 234}, {'x': 591, 'y': 234}, {'x': 591, 'y': 566}, {'x': 12, 'y': 566}]",332,579,negative
2730.jpg,/kaggle/input/mvsasingle/MVSA_Single/data/2730.jpg,398,599,False,,[],0,0,positive
2731.jpg,/kaggle/input/mvsasingle/MVSA_Single/data/2731.jpg,939,600,False,,[],0,0,negative
2732.jpg,/kaggle/input/mvsasingle/MVSA_Single/data/2732.jpg,450,600,False,,[],0,0,negative
2734.jpg,/kaggle/input/mvsasingle/MVSA_Single/data/2734.jpg,140,91,False,,[],0,0,neutral
2735.jpg,/kaggle/input/mvsasingle/MVSA_Single/data/2735.jpg,428,570,True,HOME,"[{'x': 94, 'y': 158}, {'x': 490, 'y': 158}, {'x': 490, 'y': 257}, {'x': 94, 'y': 257}]",99,396,positive
2736.jpg,/kaggle/input/mvsasingle/MVSA_Single/data/2736.jpg,704,600,True,"adore
mon TRUE","[{'x': 207, 'y': 268}, {'x': 429, 'y': 268}, {'x': 429, 'y': 351}, {'x': 207, 'y': 351}]",83,222,positive
2737.jpg,/kaggle/input/mvsasingle/MVSA_Single/data/2737.jpg,800,600,False,,[],0,0,positive
2738.jpg,/kaggle/input/mvsasingle/MVSA_Single/data/2738.jpg,381,599,False,,[],0,0,positive
2739.jpg,/kaggle/input/mvsasingle/MVSA_Single/data/2739.jpg,616,599,False,,[],0,0,positive
274.jpg,/kaggle/input/mvsasingle/MVSA_Single/data/274.jpg,600,600,True,"IV-NARESH
PUNJA
WARRIORS
6
KIERAN COVERS
CELEBRATING
10YEARS
WITH #TEAMMAZON
WATCH THIS SPACE TO SEE MORE","[{'x': 6, 'y': 194}, {'x': 399, 'y': 194}, {'x': 399, 'y': 593}, {'x': 6, 'y': 593}]",399,393,positive
2740.jpg,/kaggle/input/mvsasingle/MVSA_Single/data/2740.jpg,600,600,True,"DISTURBED
M MORTAL
ZED","[{'x': 15, 'y': 19}, {'x': 580, 'y': 19}, {'x': 580, 'y': 588}, {'x': 15, 'y': 588}]",569,565,positive
2741.jpg,/kaggle/input/mvsasingle/MVSA_Single/data/2741.jpg,390,520,True,"AV
PRESCHOOLED
Arina La","[{'x': 207, 'y': 139}, {'x': 519, 'y': 139}, {'x': 519, 'y': 312}, {'x': 207, 'y': 312}]",173,312,neutral
2742.jpg,/kaggle/input/mvsasingle/MVSA_Single/data/2742.jpg,333,599,False,,[],0,0,positive
2743.jpg,/kaggle/input/mvsasingle/MVSA_Single/data/2743.jpg,337,599,False,,[],0,0,positive
2744.jpg,/kaggle/input/mvsasingle/MVSA_Single/data/2744.jpg,591,600,False,,[],0,0,positive
2745.jpg,/kaggle/input/mvsasingle/MVSA_Single/data/2745.jpg,450,600,True,"es
Romantic Movies
THE
WOOD
IN A
WORLD
NETFLIX
JODI ARIAS
DIRTY LITTLE SECRET
Jodi Arias: Dirty
Little Secret
EXUAL","[{'x': 1, 'y': 178}, {'x': 555, 'y': 178}, {'x': 555, 'y': 449}, {'x': 1, 'y': 449}]",271,554,positive
2746.jpg,/kaggle/input/mvsasingle/MVSA_Single/data/2746.jpg,800,600,False,,[],0,0,positive
2747.jpg,/kaggle/input/mvsasingle/MVSA_Single/data/2747.jpg,600,600,False,,[],0,0,positive
2748.jpg,/kaggle/input/mvsasingle/MVSA_Single/data/2748.jpg,800,600,True,"G
B
Vit
LOOK
SSIC
mencar
300
DO
04
300
FUBULAR
85
ARBON
BO
DOK
FORTUNEO
DO
SCANIA
OK
DO
00
D
990
C
34
C
CARE
ericon cic
LOSSIC
Somer
O
DISK
NS
rag
Jo
france
blet","[{'x': 0, 'y': 55}, {'x': 599, 'y': 55}, {'x': 599, 'y': 760}, {'x': 0, 'y': 760}]",705,599,positive
2749.jpg,/kaggle/input/mvsasingle/MVSA_Single/data/2749.jpg,480,480,False,,[],0,0,negative
275.jpg,/kaggle/input/mvsasingle/MVSA_Single/data/275.jpg,600,600,True,"তJ
Want
You
To
Know
RHEA FRANCANI","[{'x': 15, 'y': 59}, {'x': 581, 'y': 59}, {'x': 581, 'y': 584}, {'x': 15, 'y': 584}]",525,566,positive
2750.jpg,/kaggle/input/mvsasingle/MVSA_Single/data/2750.jpg,900,599,True,"FOTOMOTION
Mike Rivett","[{'x': 39, 'y': 827}, {'x': 568, 'y': 827}, {'x': 568, 'y': 881}, {'x': 39, 'y': 881}]",54,529,positive
2751.jpg,/kaggle/input/mvsasingle/MVSA_Single/data/2751.jpg,600,600,True,"PREMIUM BRITISIN
ALC 8% VOL
TRAVPER
Hand Crafted
ROBINSONS BREWERY
TRAOPER
ANGRAM","[{'x': 0, 'y': 35}, {'x': 599, 'y': 35}, {'x': 599, 'y': 495}, {'x': 0, 'y': 495}]",460,599,positive
2752.jpg,/kaggle/input/mvsasingle/MVSA_Single/data/2752.jpg,800,600,False,,[],0,0,negative
2753.jpg,/kaggle/input/mvsasingle/MVSA_Single/data/2753.jpg,600,600,False,,[],0,0,negative
2754.jpg,/kaggle/input/mvsasingle/MVSA_Single/data/2754.jpg,384,599,False,,[],0,0,positive
2755.jpg,/kaggle/input/mvsasingle/MVSA_Single/data/2755.jpg,556,599,True,"SPAO
Х
EXO","[{'x': 382, 'y': 261}, {'x': 517, 'y': 261}, {'x': 517, 'y': 397}, {'x': 382, 'y': 397}]",136,135,positive
2757.jpg,/kaggle/input/mvsasingle/MVSA_Single/data/2757.jpg,309,600,False,,[],0,0,negative
2758.jpg,/kaggle/input/mvsasingle/MVSA_Single/data/2758.jpg,160,216,True,"CLICK HERE FULL RESOLUTION
http://newsgaze.com
Protected by: BYREV WP-PICShield I","[{'x': 1, 'y': 9}, {'x': 215, 'y': 9}, {'x': 215, 'y': 156}, {'x': 1, 'y': 156}]",147,214,negative
276.jpg,/kaggle/input/mvsasingle/MVSA_Single/data/276.jpg,449,599,False,,[],0,0,negative
2760.jpg,/kaggle/input/mvsasingle/MVSA_Single/data/2760.jpg,399,599,True,SWEET & LAY,"[{'x': 8, 'y': 14}, {'x': 55, 'y': 14}, {'x': 55, 'y': 25}, {'x': 8, 'y': 25}]",11,47,negative
2761.jpg,/kaggle/input/mvsasingle/MVSA_Single/data/2761.jpg,400,403,True,"Alway duran and cost.
higher than you brave pipe care do
you
Do not bother just to be better than
your
contemporaries or predecessors.
Try to be better than yourself.""
William Faulkner","[{'x': 12, 'y': 52}, {'x': 400, 'y': 52}, {'x': 400, 'y': 361}, {'x': 12, 'y': 361}]",309,388,positive
2762.jpg,/kaggle/input/mvsasingle/MVSA_Single/data/2762.jpg,307,234,True,"DON'T
RUSH ON
ANYTHING. WHEN
THE TIME IS RIGHT,
IT'LL HAPPEN.","[{'x': 31, 'y': 113}, {'x': 207, 'y': 113}, {'x': 207, 'y': 246}, {'x': 31, 'y': 246}]",133,176,positive
2763.jpg,/kaggle/input/mvsasingle/MVSA_Single/data/2763.jpg,497,590,True,"You are Rich or Poor in life by...
Smiles around you,
Friends you make,
People you are with,
Ideas you have,
Dreams you chase,
And the love you spread.","[{'x': 312, 'y': 47}, {'x': 557, 'y': 47}, {'x': 557, 'y': 202}, {'x': 312, 'y': 202}]",155,245,positive
2764.jpg,/kaggle/input/mvsasingle/MVSA_Single/data/2764.jpg,800,600,False,,[],0,0,positive
2765.jpg,/kaggle/input/mvsasingle/MVSA_Single/data/2765.jpg,337,599,True,"COME
ON IN
NECESSA
WE ARE
MACHEL
CAMLER SUP
QUESTIONS
ABOUT CA
WE CAN HE
WE ARE
CANCER SUPPOS
MACMILLA
Macmillan
ncer informe
support
WE ARE
MACMILLAN.
CANCER SUPPORT","[{'x': 55, 'y': 40}, {'x': 598, 'y': 40}, {'x': 598, 'y': 241}, {'x': 55, 'y': 241}]",201,543,positive
2766.jpg,/kaggle/input/mvsasingle/MVSA_Single/data/2766.jpg,500,500,True,T-Rex hates pushups,"[{'x': 62, 'y': 67}, {'x': 438, 'y': 67}, {'x': 438, 'y': 104}, {'x': 62, 'y': 104}]",37,376,positive
2767.jpg,/kaggle/input/mvsasingle/MVSA_Single/data/2767.jpg,428,600,True,"NO STEP
8
A","[{'x': 330, 'y': 1}, {'x': 571, 'y': 1}, {'x': 571, 'y': 71}, {'x': 330, 'y': 71}]",70,241,positive
2768.jpg,/kaggle/input/mvsasingle/MVSA_Single/data/2768.jpg,450,600,True,"didas
SUPERSTAR","[{'x': 121, 'y': 172}, {'x': 581, 'y': 172}, {'x': 581, 'y': 356}, {'x': 121, 'y': 356}]",184,460,positive
2769.jpg,/kaggle/input/mvsasingle/MVSA_Single/data/2769.jpg,560,600,True,門,"[{'x': 579, 'y': 174}, {'x': 596, 'y': 174}, {'x': 596, 'y': 280}, {'x': 579, 'y': 280}]",106,17,positive
277.jpg,/kaggle/input/mvsasingle/MVSA_Single/data/277.jpg,515,464,False,,[],0,0,positive
2770.jpg,/kaggle/input/mvsasingle/MVSA_Single/data/2770.jpg,399,599,True,"6
9.","[{'x': 323, 'y': 8}, {'x': 349, 'y': 8}, {'x': 349, 'y': 31}, {'x': 323, 'y': 31}]",23,26,positive
2771.jpg,/kaggle/input/mvsasingle/MVSA_Single/data/2771.jpg,225,225,False,,[],0,0,positive
2772.jpg,/kaggle/input/mvsasingle/MVSA_Single/data/2772.jpg,223,598,True,Imli,"[{'x': 134, 'y': 45}, {'x': 476, 'y': 45}, {'x': 476, 'y': 163}, {'x': 134, 'y': 163}]",118,342,neutral
2773.jpg,/kaggle/input/mvsasingle/MVSA_Single/data/2773.jpg,798,532,True,BRAZZERS.COM,"[{'x': 257, 'y': 771}, {'x': 526, 'y': 771}, {'x': 526, 'y': 790}, {'x': 257, 'y': 790}]",19,269,negative
2774.jpg,/kaggle/input/mvsasingle/MVSA_Single/data/2774.jpg,1024,576,True,"OR HOPE
NOP","[{'x': 271, 'y': 224}, {'x': 548, 'y': 224}, {'x': 548, 'y': 245}, {'x': 271, 'y': 245}]",21,277,positive
2775.jpg,/kaggle/input/mvsasingle/MVSA_Single/data/2775.jpg,373,560,True,A,"[{'x': 25, 'y': 194}, {'x': 62, 'y': 194}, {'x': 62, 'y': 235}, {'x': 25, 'y': 235}]",41,37,positive
2776.jpg,/kaggle/input/mvsasingle/MVSA_Single/data/2776.jpg,931,600,True,"HOL TEP
MAC
would
you go to
Hey Luke!
PROM
with me 2","[{'x': 56, 'y': 244}, {'x': 531, 'y': 244}, {'x': 531, 'y': 893}, {'x': 56, 'y': 893}]",649,475,positive
2778.jpg,/kaggle/input/mvsasingle/MVSA_Single/data/2778.jpg,810,600,True,"NEW
HERITAG
HOME KIT OUT N
IWL
AIA","[{'x': 78, 'y': 25}, {'x': 598, 'y': 25}, {'x': 598, 'y': 701}, {'x': 78, 'y': 701}]",676,520,positive
278.jpg,/kaggle/input/mvsasingle/MVSA_Single/data/278.jpg,600,600,False,,[],0,0,positive
2780.jpg,/kaggle/input/mvsasingle/MVSA_Single/data/2780.jpg,630,600,False,,[],0,0,negative
2781.jpg,/kaggle/input/mvsasingle/MVSA_Single/data/2781.jpg,1024,576,False,,[],0,0,negative
2782.jpg,/kaggle/input/mvsasingle/MVSA_Single/data/2782.jpg,465,599,True,"W
wine
channeltv
GILT CITY
GILT CITY
LAMARCA
GILT CITY
LAMARCA
GILT CITY
۵۵۵
LAMARCA
LAMARCA
LAMARCA
GILT CITY
LAMARCA
GILT CITY
GILT CITY
GILT CITY
GILF CITY
LAMARCA
GI
800
888
LAMARCA
GILT CITY
LAM
AMARCA
LAMARCA
PROSECCO","[{'x': 13, 'y': 2}, {'x': 580, 'y': 2}, {'x': 580, 'y': 447}, {'x': 13, 'y': 447}]",445,567,positive
2783.jpg,/kaggle/input/mvsasingle/MVSA_Single/data/2783.jpg,400,599,True,"ELEVATED BY YOUR GREATEST
MISTAKE, NOW I'M ALL ALONE","[{'x': 26, 'y': 161}, {'x': 578, 'y': 161}, {'x': 578, 'y': 222}, {'x': 26, 'y': 222}]",61,552,positive
2784.jpg,/kaggle/input/mvsasingle/MVSA_Single/data/2784.jpg,140,140,True,"Arms ease sitting
& standing
Additional 5","[{'x': 52, 'y': 17}, {'x': 123, 'y': 17}, {'x': 123, 'y': 129}, {'x': 52, 'y': 129}]",112,71,positive
2785.jpg,/kaggle/input/mvsasingle/MVSA_Single/data/2785.jpg,278,494,True,"???
???
Que?
THRO
LENS","[{'x': 137, 'y': 53}, {'x': 436, 'y': 53}, {'x': 436, 'y': 231}, {'x': 137, 'y': 231}]",178,299,positive
2786.jpg,/kaggle/input/mvsasingle/MVSA_Single/data/2786.jpg,400,600,True,OPORTOSURFER.COM,"[{'x': 9, 'y': 377}, {'x': 235, 'y': 377}, {'x': 235, 'y': 395}, {'x': 9, 'y': 395}]",18,226,positive
2787.jpg,/kaggle/input/mvsasingle/MVSA_Single/data/2787.jpg,798,599,False,,[],0,0,negative
2788.jpg,/kaggle/input/mvsasingle/MVSA_Single/data/2788.jpg,600,600,False,,[],0,0,negative
2789.jpg,/kaggle/input/mvsasingle/MVSA_Single/data/2789.jpg,600,600,False,,[],0,0,negative
279.jpg,/kaggle/input/mvsasingle/MVSA_Single/data/279.jpg,449,599,False,,[],0,0,positive
2790.jpg,/kaggle/input/mvsasingle/MVSA_Single/data/2790.jpg,1000,523,True,"PTC MAP
of PHILADELPHIA
JW)
Showing
Street Car, Bus and
Subway-Elevated Lines
PTO
PHILADELPHIA TRANSPORTATION CO.","[{'x': 62, 'y': 66}, {'x': 472, 'y': 66}, {'x': 472, 'y': 961}, {'x': 62, 'y': 961}]",895,410,positive
2791.jpg,/kaggle/input/mvsasingle/MVSA_Single/data/2791.jpg,720,406,True,5/12/15,"[{'x': 4, 'y': 706}, {'x': 36, 'y': 706}, {'x': 36, 'y': 712}, {'x': 4, 'y': 712}]",6,32,positive
2792.jpg,/kaggle/input/mvsasingle/MVSA_Single/data/2792.jpg,364,599,True,Served,"[{'x': 32, 'y': 318}, {'x': 61, 'y': 318}, {'x': 61, 'y': 354}, {'x': 32, 'y': 354}]",36,29,neutral
2793.jpg,/kaggle/input/mvsasingle/MVSA_Single/data/2793.jpg,450,600,True,"DIGRAA
BBB
EXIT","[{'x': 231, 'y': 168}, {'x': 524, 'y': 168}, {'x': 524, 'y': 356}, {'x': 231, 'y': 356}]",188,293,negative
2794.jpg,/kaggle/input/mvsasingle/MVSA_Single/data/2794.jpg,337,599,False,,[],0,0,negative
2795.jpg,/kaggle/input/mvsasingle/MVSA_Single/data/2795.jpg,600,600,False,,[],0,0,negative
2796.jpg,/kaggle/input/mvsasingle/MVSA_Single/data/2796.jpg,450,600,True,"AVON
Grape
Bud Vase
SKIN-SO-SOFT
BATHOL
6F1.","[{'x': 304, 'y': 267}, {'x': 379, 'y': 267}, {'x': 379, 'y': 353}, {'x': 304, 'y': 353}]",86,75,negative
2797.jpg,/kaggle/input/mvsasingle/MVSA_Single/data/2797.jpg,450,600,False,,[],0,0,negative
2798.jpg,/kaggle/input/mvsasingle/MVSA_Single/data/2798.jpg,620,599,True,7 hours,"[{'x': 550, 'y': 590}, {'x': 596, 'y': 590}, {'x': 596, 'y': 602}, {'x': 550, 'y': 602}]",12,46,negative
2799.jpg,/kaggle/input/mvsasingle/MVSA_Single/data/2799.jpg,366,599,True,"6 Ways
to Boost Women's Health","[{'x': 14, 'y': 257}, {'x': 585, 'y': 257}, {'x': 585, 'y': 348}, {'x': 14, 'y': 348}]",91,571,neutral
28.jpg,/kaggle/input/mvsasingle/MVSA_Single/data/28.jpg,600,600,True,"NEW
YOUTH
STRENG
AGE
W","[{'x': 254, 'y': 119}, {'x': 563, 'y': 119}, {'x': 563, 'y': 504}, {'x': 254, 'y': 504}]",385,309,negative
280.jpg,/kaggle/input/mvsasingle/MVSA_Single/data/280.jpg,372,599,False,,[],0,0,negative
2800.jpg,/kaggle/input/mvsasingle/MVSA_Single/data/2800.jpg,227,303,False,,[],0,0,negative
2801.jpg,/kaggle/input/mvsasingle/MVSA_Single/data/2801.jpg,450,600,True,"Baxter
HALO RESCUE
**","[{'x': 64, 'y': 77}, {'x': 449, 'y': 77}, {'x': 449, 'y': 440}, {'x': 64, 'y': 440}]",363,385,negative
2803.jpg,/kaggle/input/mvsasingle/MVSA_Single/data/2803.jpg,1066,600,False,,[],0,0,positive
2804.jpg,/kaggle/input/mvsasingle/MVSA_Single/data/2804.jpg,389,600,False,,[],0,0,positive
2806.jpg,/kaggle/input/mvsasingle/MVSA_Single/data/2806.jpg,615,599,False,,[],0,0,positive
2807.jpg,/kaggle/input/mvsasingle/MVSA_Single/data/2807.jpg,286,598,True,"#TooMuch
StarPlus
Jach c
Baliye","[{'x': 6, 'y': 7}, {'x': 580, 'y': 7}, {'x': 580, 'y': 268}, {'x': 6, 'y': 268}]",261,574,positive
2808.jpg,/kaggle/input/mvsasingle/MVSA_Single/data/2808.jpg,600,600,True,"ARTURO GOMEZ AND THE
ROCKIT RANCH FAMILY PRESENT
CIA
SUNDAYS
CHICAGO INDUSTRY
ALLIANCE
HOSTED BY RYAN BROOKS & CARLOS R. | RESIDENT DJ PHIM
PARTY FROM 10PM TO 4AM
ZEBO
07.12
UNDERGROUND
WWW.THEUNDERGROUNDCHICAGO.COM","[{'x': 45, 'y': 22}, {'x': 564, 'y': 22}, {'x': 564, 'y': 587}, {'x': 45, 'y': 587}]",565,519,positive
2809.jpg,/kaggle/input/mvsasingle/MVSA_Single/data/2809.jpg,360,599,True,"J.K. Rowling
@k_rowing
Follow
@diegristans ""she is built like a man. Yeah, my husband looks
just like this in a dress. You're an idiot
4:10 PM-11 Jul 2015","[{'x': 356, 'y': 301}, {'x': 590, 'y': 301}, {'x': 590, 'y': 358}, {'x': 356, 'y': 358}]",57,234,negative
281.jpg,/kaggle/input/mvsasingle/MVSA_Single/data/281.jpg,432,599,False,,[],0,0,positive
2810.jpg,/kaggle/input/mvsasingle/MVSA_Single/data/2810.jpg,388,500,False,,[],0,0,positive
2811.jpg,/kaggle/input/mvsasingle/MVSA_Single/data/2811.jpg,849,600,True,SHOO,"[{'x': 382, 'y': 841}, {'x': 444, 'y': 841}, {'x': 444, 'y': 848}, {'x': 382, 'y': 848}]",7,62,positive
2812.jpg,/kaggle/input/mvsasingle/MVSA_Single/data/2812.jpg,1015,600,True,E PA,"[{'x': 5, 'y': 1003}, {'x': 29, 'y': 1003}, {'x': 29, 'y': 1011}, {'x': 5, 'y': 1011}]",8,24,positive
2813.jpg,/kaggle/input/mvsasingle/MVSA_Single/data/2813.jpg,337,599,False,,[],0,0,positive
2814.jpg,/kaggle/input/mvsasingle/MVSA_Single/data/2814.jpg,400,600,False,,[],0,0,positive
2815.jpg,/kaggle/input/mvsasingle/MVSA_Single/data/2815.jpg,448,600,True,&,"[{'x': 226, 'y': 89}, {'x': 241, 'y': 89}, {'x': 241, 'y': 108}, {'x': 226, 'y': 108}]",19,15,positive
2816.jpg,/kaggle/input/mvsasingle/MVSA_Single/data/2816.jpg,346,599,True,"WSET
abc NEWS
.com","[{'x': 17, 'y': 15}, {'x': 582, 'y': 15}, {'x': 582, 'y': 329}, {'x': 17, 'y': 329}]",314,565,positive
2817.jpg,/kaggle/input/mvsasingle/MVSA_Single/data/2817.jpg,402,396,False,,[],0,0,neutral
2818.jpg,/kaggle/input/mvsasingle/MVSA_Single/data/2818.jpg,241,219,False,,[],0,0,positive
2819.jpg,/kaggle/input/mvsasingle/MVSA_Single/data/2819.jpg,616,599,True,"Et si un
humain nous
maltraite, il peut
aller en prison.
Oh!
Comme
vous êtes
chanceux..
Photo de Vegane Gesellschaft Österreich","[{'x': 15, 'y': 74}, {'x': 579, 'y': 74}, {'x': 579, 'y': 605}, {'x': 15, 'y': 605}]",531,564,positive
282.jpg,/kaggle/input/mvsasingle/MVSA_Single/data/282.jpg,376,599,True,"J
MU","[{'x': 114, 'y': 79}, {'x': 143, 'y': 79}, {'x': 143, 'y': 121}, {'x': 114, 'y': 121}]",42,29,positive
2820.jpg,/kaggle/input/mvsasingle/MVSA_Single/data/2820.jpg,600,600,True,Vagine,"[{'x': 192, 'y': 292}, {'x': 328, 'y': 292}, {'x': 328, 'y': 377}, {'x': 192, 'y': 377}]",85,136,positive
2821.jpg,/kaggle/input/mvsasingle/MVSA_Single/data/2821.jpg,244,472,True,"NEVADA
DAMMIT
PEACELOVEMETAL","[{'x': 88, 'y': 25}, {'x': 385, 'y': 25}, {'x': 385, 'y': 225}, {'x': 88, 'y': 225}]",200,297,positive
2822.jpg,/kaggle/input/mvsasingle/MVSA_Single/data/2822.jpg,362,600,True,"MILCHAR
@MARIE2_SLASH","[{'x': 423, 'y': 288}, {'x': 519, 'y': 288}, {'x': 519, 'y': 317}, {'x': 423, 'y': 317}]",29,96,positive
2823.jpg,/kaggle/input/mvsasingle/MVSA_Single/data/2823.jpg,360,480,True,"iyanla
fix my.
LIFE
OWN
TV","[{'x': 10, 'y': 70}, {'x': 461, 'y': 70}, {'x': 461, 'y': 308}, {'x': 10, 'y': 308}]",238,451,negative
2824.jpg,/kaggle/input/mvsasingle/MVSA_Single/data/2824.jpg,450,600,False,,[],0,0,neutral
2826.jpg,/kaggle/input/mvsasingle/MVSA_Single/data/2826.jpg,800,600,False,,[],0,0,negative
2827.jpg,/kaggle/input/mvsasingle/MVSA_Single/data/2827.jpg,798,599,False,,[],0,0,positive
2828.jpg,/kaggle/input/mvsasingle/MVSA_Single/data/2828.jpg,600,600,False,,[],0,0,negative
2829.jpg,/kaggle/input/mvsasingle/MVSA_Single/data/2829.jpg,250,510,True,"EUPHORIC WEIGHT LOGE
American Muscle EXILE Euphoric Weight
Loss Capsules 90 ea
Dietary Supplement NEW Metabolic
Enhancement* Fat Incinerating Matrix* 4 No
Crash Technology* 5 Positive Mood
Support* American Muscle Sports Nutrition
Company
DrugStore","[{'x': 126, 'y': 39}, {'x': 501, 'y': 39}, {'x': 501, 'y': 196}, {'x': 126, 'y': 196}]",157,375,negative
283.jpg,/kaggle/input/mvsasingle/MVSA_Single/data/283.jpg,291,599,False,,[],0,0,positive
2830.jpg,/kaggle/input/mvsasingle/MVSA_Single/data/2830.jpg,447,599,False,,[],0,0,positive
2832.jpg,/kaggle/input/mvsasingle/MVSA_Single/data/2832.jpg,105,140,False,,[],0,0,positive
2833.jpg,/kaggle/input/mvsasingle/MVSA_Single/data/2833.jpg,400,224,False,,[],0,0,positive
2836.jpg,/kaggle/input/mvsasingle/MVSA_Single/data/2836.jpg,640,443,False,,[],0,0,positive
2837.jpg,/kaggle/input/mvsasingle/MVSA_Single/data/2837.jpg,700,467,False,,[],0,0,negative
2838.jpg,/kaggle/input/mvsasingle/MVSA_Single/data/2838.jpg,270,293,True,"ON
OKALL
ON SCO
COMICE COMICE
ON CON
CON CON
MIC COMIC COMICE
NATION
CON
INTERNATIONAL
CON","[{'x': 0, 'y': 2}, {'x': 284, 'y': 2}, {'x': 284, 'y': 255}, {'x': 0, 'y': 255}]",253,284,negative
2839.jpg,/kaggle/input/mvsasingle/MVSA_Single/data/2839.jpg,350,350,True,"Inequality is the
root of social evil.
-
POPE FRANCIS","[{'x': 46, 'y': 189}, {'x': 299, 'y': 189}, {'x': 299, 'y': 316}, {'x': 46, 'y': 316}]",127,253,positive
284.jpg,/kaggle/input/mvsasingle/MVSA_Single/data/284.jpg,889,500,True,"W
N
KNE
CITY","[{'x': 337, 'y': 623}, {'x': 409, 'y': 623}, {'x': 409, 'y': 686}, {'x': 337, 'y': 686}]",63,72,positive
2840.jpg,/kaggle/input/mvsasingle/MVSA_Single/data/2840.jpg,337,599,False,,[],0,0,negative
2841.jpg,/kaggle/input/mvsasingle/MVSA_Single/data/2841.jpg,310,245,False,,[],0,0,negative
2842.jpg,/kaggle/input/mvsasingle/MVSA_Single/data/2842.jpg,421,599,False,,[],0,0,positive
2843.jpg,/kaggle/input/mvsasingle/MVSA_Single/data/2843.jpg,300,600,True,θ,"[{'x': 494, 'y': 276}, {'x': 515, 'y': 276}, {'x': 515, 'y': 299}, {'x': 494, 'y': 299}]",23,21,positive
2844.jpg,/kaggle/input/mvsasingle/MVSA_Single/data/2844.jpg,800,600,False,,[],0,0,positive
2845.jpg,/kaggle/input/mvsasingle/MVSA_Single/data/2845.jpg,433,599,True,Außé15,"[{'x': 67, 'y': 368}, {'x': 153, 'y': 368}, {'x': 153, 'y': 391}, {'x': 67, 'y': 391}]",23,86,positive
2846.jpg,/kaggle/input/mvsasingle/MVSA_Single/data/2846.jpg,251,598,True,"SEARCH PANTONE COM
PANTONE COLOR INSTITUTE
PANTONE®
SHOP
COLOR INTELLIGENCE TRAINING & SERVICES
$3.99 US Ground Shipping on all orders over $99 on pantone.com
Pantone Color Institute Announces
PANTONE
Minion Yellow
Learn More>
minions
Pantone introduces Minion Yellow
LICENSEES
ABOUT PANTONE
Pantone Product Finder Find a Pantone Color
PANTONE","[{'x': 10, 'y': 8}, {'x': 498, 'y': 8}, {'x': 498, 'y': 224}, {'x': 10, 'y': 224}]",216,488,positive
2847.jpg,/kaggle/input/mvsasingle/MVSA_Single/data/2847.jpg,270,480,True,"don't want anything more
so don't you change a thing thing thing thing thing","[{'x': 146, 'y': 247}, {'x': 334, 'y': 247}, {'x': 334, 'y': 268}, {'x': 146, 'y': 268}]",21,188,negative
2848.jpg,/kaggle/input/mvsasingle/MVSA_Single/data/2848.jpg,450,600,True,"4
134
13
1679
716
WILLET
2011
143-","[{'x': 169, 'y': 97}, {'x': 495, 'y': 97}, {'x': 495, 'y': 359}, {'x': 169, 'y': 359}]",262,326,positive
2849.jpg,/kaggle/input/mvsasingle/MVSA_Single/data/2849.jpg,503,365,False,,[],0,0,positive
285.jpg,/kaggle/input/mvsasingle/MVSA_Single/data/285.jpg,450,600,False,,[],0,0,negative
2850.jpg,/kaggle/input/mvsasingle/MVSA_Single/data/2850.jpg,337,599,True,TORON,"[{'x': 554, 'y': 269}, {'x': 573, 'y': 269}, {'x': 573, 'y': 277}, {'x': 554, 'y': 277}]",8,19,positive
2851.jpg,/kaggle/input/mvsasingle/MVSA_Single/data/2851.jpg,800,600,False,,[],0,0,negative
2852.jpg,/kaggle/input/mvsasingle/MVSA_Single/data/2852.jpg,800,600,True,"b
adidas","[{'x': 344, 'y': 334}, {'x': 423, 'y': 334}, {'x': 423, 'y': 486}, {'x': 344, 'y': 486}]",152,79,negative
2853.jpg,/kaggle/input/mvsasingle/MVSA_Single/data/2853.jpg,600,600,True,1 Peter,"[{'x': 381, 'y': 153}, {'x': 437, 'y': 153}, {'x': 437, 'y': 178}, {'x': 381, 'y': 178}]",25,56,positive
2854.jpg,/kaggle/input/mvsasingle/MVSA_Single/data/2854.jpg,480,480,True,"W
Triple Threat
90 day challenge","[{'x': 118, 'y': 176}, {'x': 338, 'y': 176}, {'x': 338, 'y': 446}, {'x': 118, 'y': 446}]",270,220,neutral
2855.jpg,/kaggle/input/mvsasingle/MVSA_Single/data/2855.jpg,443,599,True,PC,"[{'x': 553, 'y': 321}, {'x': 598, 'y': 321}, {'x': 598, 'y': 363}, {'x': 553, 'y': 363}]",42,45,negative
2856.jpg,/kaggle/input/mvsasingle/MVSA_Single/data/2856.jpg,338,600,False,,[],0,0,negative
2858.jpg,/kaggle/input/mvsasingle/MVSA_Single/data/2858.jpg,848,600,True,"1715 Penal Law: schools in Ireland
exclude teachers who are Catholic
2015 Penal Law: state-funded schools
exclude teachers who are atheist
The Irish Government is proposing a Bill to protect LGBT
teachers, while allowing discrimination against teachers who
are atheist or minority faith. Atheist Ireland is campaigning to
change this Bill so that it protects all teachers equally.
This is a rare opportunity to change an unjust law and
promote equality. Please help us to do so. Find out how at
http://atheist.ie or email us at humanrights@atheist.ie","[{'x': 14, 'y': 21}, {'x': 565, 'y': 21}, {'x': 565, 'y': 815}, {'x': 14, 'y': 815}]",794,551,negative
2859.jpg,/kaggle/input/mvsasingle/MVSA_Single/data/2859.jpg,452,600,False,,[],0,0,negative
286.jpg,/kaggle/input/mvsasingle/MVSA_Single/data/286.jpg,707,500,False,,[],0,0,positive
2860.jpg,/kaggle/input/mvsasingle/MVSA_Single/data/2860.jpg,600,600,False,,[],0,0,positive
2861.jpg,/kaggle/input/mvsasingle/MVSA_Single/data/2861.jpg,600,400,False,,[],0,0,positive
2862.jpg,/kaggle/input/mvsasingle/MVSA_Single/data/2862.jpg,401,599,False,,[],0,0,positive
2863.jpg,/kaggle/input/mvsasingle/MVSA_Single/data/2863.jpg,899,600,False,,[],0,0,neutral
2864.jpg,/kaggle/input/mvsasingle/MVSA_Single/data/2864.jpg,375,600,True,"CFR's Court jester
Poll this: Are perversion & sodomy
Gay Pride's Master of Ceremonies healthy wholesome activities children
should be exposed to?
Why would anyone be proud of
being a pervert and sodomite?
Perversion and Sodomy are Abnormal
Making the Abnormal Normal is Insane
CFR MB
CFR Member OC
Uphold Roe v. Wade woman's right to
choose. (Jun 1992)
Sandes Day O'Connor officiates gay
couple's wedding at Supreme Court (Oct
2013)
Not surprised that Chief Justice Joh
Roberts voted with the court's liberal wing to
uphold Affordable Care Act (June 2014)
Roe v. Wade is ""l1998)
""What precisely is the way in which allowing
Exy couples to marry would interfere with the
vision of manage as procreation of children that
allowing sterile couples of different sexes to many
would not?"" (March 2013
Veted with Justice Roberts for the
Affordable Care Act
Of Barack Obama's 14 top cabinet
the Bilderberg group, 10 of the
ed with the Council on For
Relations and 5 of them are afte
with the Trilatmal Co
according to AmericaalveePress
See more
presto blogspot.com/2008
CFR See Or State Kerry Appoints 1st
U.S.A. DipShitLomat Randy Berry
CFR Member Ginsberg
. Gevemment should fund abortion and
childbirth equally. (Jan 2006)
Ruth Bader Ginsburg, officiated at a
fland's same wedding (1)
Voted with Justice Roberts for the
Affordable Case act","[{'x': 13, 'y': 14}, {'x': 525, 'y': 14}, {'x': 525, 'y': 370}, {'x': 13, 'y': 370}]",356,512,positive
2865.jpg,/kaggle/input/mvsasingle/MVSA_Single/data/2865.jpg,630,599,False,,[],0,0,positive
2866.jpg,/kaggle/input/mvsasingle/MVSA_Single/data/2866.jpg,360,600,True,EXXON VALDEZ,"[{'x': 317, 'y': 267}, {'x': 369, 'y': 267}, {'x': 369, 'y': 280}, {'x': 317, 'y': 280}]",13,52,positive
2867.jpg,/kaggle/input/mvsasingle/MVSA_Single/data/2867.jpg,800,600,True,"refree Carefree
&HOCAMIO
http://thong.exposed","[{'x': 1, 'y': 60}, {'x': 590, 'y': 60}, {'x': 590, 'y': 788}, {'x': 1, 'y': 788}]",728,589,neutral
2868.jpg,/kaggle/input/mvsasingle/MVSA_Single/data/2868.jpg,312,600,False,,[],0,0,negative
2869.jpg,/kaggle/input/mvsasingle/MVSA_Single/data/2869.jpg,451,599,True,"Gullible and simple minded HINDUS must realize the
TARGET
of Anti-Hindu Paid Media. Media is defaming innocent Hindu Saints!
PE
न्दु
Why Media is
defaming innocent
Hindu Saints?
Is Media sold?
347
ZIT
व
EIT
न
संतों पर झूठे आरोप
Ram Dev, 3.Nityananda Ji,
Fake Cases! 1. Shankaracharya Ji, 2. Baba
Now, Asaram Bapuji
It's attack on Hinduism!","[{'x': 0, 'y': 8}, {'x': 592, 'y': 8}, {'x': 592, 'y': 450}, {'x': 0, 'y': 450}]",442,592,positive
287.jpg,/kaggle/input/mvsasingle/MVSA_Single/data/287.jpg,588,599,False,,[],0,0,neutral
2870.jpg,/kaggle/input/mvsasingle/MVSA_Single/data/2870.jpg,600,600,False,,[],0,0,negative
2871.jpg,/kaggle/input/mvsasingle/MVSA_Single/data/2871.jpg,720,480,True,"shall
SG
SUICIDEGIRLS.COM","[{'x': 276, 'y': 310}, {'x': 472, 'y': 310}, {'x': 472, 'y': 714}, {'x': 276, 'y': 714}]",404,196,negative
2872.jpg,/kaggle/input/mvsasingle/MVSA_Single/data/2872.jpg,399,599,True,Josefinejonsson.com,"[{'x': 3, 'y': 385}, {'x': 132, 'y': 385}, {'x': 132, 'y': 398}, {'x': 3, 'y': 398}]",13,129,negative
2873.jpg,/kaggle/input/mvsasingle/MVSA_Single/data/2873.jpg,800,600,True,6701,"[{'x': 251, 'y': 450}, {'x': 271, 'y': 450}, {'x': 271, 'y': 468}, {'x': 251, 'y': 468}]",18,20,negative
2874.jpg,/kaggle/input/mvsasingle/MVSA_Single/data/2874.jpg,450,600,False,,[],0,0,neutral
2875.jpg,/kaggle/input/mvsasingle/MVSA_Single/data/2875.jpg,300,600,True,"Why we call the Dalai Lama 'False'
Because he is NOT the reincarnation of previous
Dalai Lamas, he was falsely chosen by Reting Lama
for political reasons.
RETING LAMA
The Dalai Lama agrees with us.
HOW HE CHOSE THE
FALSE DALAI LAMA
internationalshugdencommunity.com/reting-lama
In an interview with Richard Quest of
CNN, in 2006, Tenzin Gyatso admits he
is not the reincarnated Dalai Lama.
gildedcagearticles.com/religionandpolitics","[{'x': 12, 'y': 8}, {'x': 587, 'y': 8}, {'x': 587, 'y': 294}, {'x': 12, 'y': 294}]",286,575,positive
2877.jpg,/kaggle/input/mvsasingle/MVSA_Single/data/2877.jpg,450,600,False,,[],0,0,positive
2878.jpg,/kaggle/input/mvsasingle/MVSA_Single/data/2878.jpg,600,600,False,,[],0,0,positive
2879.jpg,/kaggle/input/mvsasingle/MVSA_Single/data/2879.jpg,825,600,True,"FALSE
MERMAID
AUTHOR OF F HAUNTED GROUND
AND LAKE OF SORROWS
ERIN HART
FALSE MERMAID
A
ERIN HART
ACCIARES
A NOVEL","[{'x': 107, 'y': 197}, {'x': 586, 'y': 197}, {'x': 586, 'y': 789}, {'x': 107, 'y': 789}]",592,479,neutral
288.jpg,/kaggle/input/mvsasingle/MVSA_Single/data/288.jpg,1024,576,True,Ma & Bad,"[{'x': 45, 'y': 786}, {'x': 541, 'y': 786}, {'x': 541, 'y': 926}, {'x': 45, 'y': 926}]",140,496,positive
2880.jpg,/kaggle/input/mvsasingle/MVSA_Single/data/2880.jpg,900,600,True,"CRz
CRISTIANO RONALDO
NASCIDO NA MADEIRA 05-02-1985
BORN IN MADEIRA 05-02-1985
MELHOR JOGADOR DO MUNDO
BEST PLAYER IN THE WORLD
7111","[{'x': 166, 'y': 464}, {'x': 497, 'y': 464}, {'x': 497, 'y': 892}, {'x': 166, 'y': 892}]",428,331,positive
2881.jpg,/kaggle/input/mvsasingle/MVSA_Single/data/2881.jpg,800,600,False,,[],0,0,negative
2882.jpg,/kaggle/input/mvsasingle/MVSA_Single/data/2882.jpg,363,599,False,,[],0,0,neutral
2883.jpg,/kaggle/input/mvsasingle/MVSA_Single/data/2883.jpg,600,600,True,"1 CHOOSE TO STAND STRONG
WHEN MY KNEES SHAKE AND
TEARS FILL MY EYES.","[{'x': 70, 'y': 236}, {'x': 529, 'y': 236}, {'x': 529, 'y': 364}, {'x': 70, 'y': 364}]",128,459,positive
2884.jpg,/kaggle/input/mvsasingle/MVSA_Single/data/2884.jpg,800,600,False,,[],0,0,positive
2885.jpg,/kaggle/input/mvsasingle/MVSA_Single/data/2885.jpg,300,400,True,"BIS PICTURES
13B
FEAR HAS A NEW ADDRESS","[{'x': 274, 'y': 218}, {'x': 354, 'y': 218}, {'x': 354, 'y': 290}, {'x': 274, 'y': 290}]",72,80,positive
2886.jpg,/kaggle/input/mvsasingle/MVSA_Single/data/2886.jpg,211,598,True,"Method
ALKISTIS
The
The
ALKISTIS
Method
Be Self-Confident
& Influence Others
Within 60 Days
Learn How to Become
Self-Confident and Influence
Others.
ALKISTIS","[{'x': 36, 'y': 46}, {'x': 385, 'y': 46}, {'x': 385, 'y': 192}, {'x': 36, 'y': 192}]",146,349,neutral
2887.jpg,/kaggle/input/mvsasingle/MVSA_Single/data/2887.jpg,300,600,False,,[],0,0,neutral
2888.jpg,/kaggle/input/mvsasingle/MVSA_Single/data/2888.jpg,308,598,True,AMC.com,"[{'x': 446, 'y': 265}, {'x': 550, 'y': 265}, {'x': 550, 'y': 286}, {'x': 446, 'y': 286}]",21,104,neutral
289.jpg,/kaggle/input/mvsasingle/MVSA_Single/data/289.jpg,224,225,True,"Happy Valentine's Day
Dios te Ama!","[{'x': 30, 'y': 18}, {'x': 199, 'y': 18}, {'x': 199, 'y': 107}, {'x': 30, 'y': 107}]",89,169,negative
2890.jpg,/kaggle/input/mvsasingle/MVSA_Single/data/2890.jpg,424,599,True,"SOLSTICE
PUBLISHING
Don't Say A Word
Rocky Rochford
Available now on #Amazon
Don't Say A Word by:
DOCKY
OCHFORD
Just when you thought it was all
over, it starts all over again. More
thrills. More mayhem and more to
die. The hunger calls for more.
#Unmissable #Psychological
#Ebook #Horror #Thriller
guaranteed to Chill & Thrill
""It's works like this that make you
need to sleep with the light on!""
Part 2 of the
Don't Turn Around Trilogy","[{'x': 55, 'y': 24}, {'x': 544, 'y': 24}, {'x': 544, 'y': 389}, {'x': 55, 'y': 389}]",365,489,positive
2891.jpg,/kaggle/input/mvsasingle/MVSA_Single/data/2891.jpg,600,600,True,"ZAMAR ENTERTAINMENT
Presents
280 MA
Sammie Okposo's
PRAISE PARTY
ABUJA
TIM GODFREY NIKKI LAOYE HOMENESA SOLOMON LANGE I EFE NATHAN | EBEN
HENRISOUL FREKE UMOH MERCY CHINWO AKPORORO
DATE:
SUN 12TH
JULY, 2015
THE TRANSFORMING CHURCH INTERNATIONAL,
END OF 7TH AVENUE, GWARIMPA, ABUJA
For Enquiries: Call 08028636393, 08028419620, Email: zamarentertainment@gmail.com
cool
Supported by
ADMISSION IS
FREE
Encomium YES cool D
TIME:
5PM
The Transforming Church","[{'x': 3, 'y': 99}, {'x': 586, 'y': 99}, {'x': 586, 'y': 509}, {'x': 3, 'y': 509}]",410,583,negative
2892.jpg,/kaggle/input/mvsasingle/MVSA_Single/data/2892.jpg,1024,576,False,,[],0,0,neutral
2893.jpg,/kaggle/input/mvsasingle/MVSA_Single/data/2893.jpg,410,600,False,,[],0,0,positive
2894.jpg,/kaggle/input/mvsasingle/MVSA_Single/data/2894.jpg,400,599,False,,[],0,0,negative
2895.jpg,/kaggle/input/mvsasingle/MVSA_Single/data/2895.jpg,868,600,True,"Nistr
SOLOMON IN HIS PLANTATION SUIT.
Solomon Nor Theek","[{'x': 46, 'y': 661}, {'x': 521, 'y': 661}, {'x': 521, 'y': 817}, {'x': 46, 'y': 817}]",156,475,positive
2896.jpg,/kaggle/input/mvsasingle/MVSA_Single/data/2896.jpg,600,600,True,Yok Kurdum Ben,"[{'x': 259, 'y': 299}, {'x': 340, 'y': 299}, {'x': 340, 'y': 310}, {'x': 259, 'y': 310}]",11,81,positive
2897.jpg,/kaggle/input/mvsasingle/MVSA_Single/data/2897.jpg,337,599,False,,[],0,0,negative
2898.jpg,/kaggle/input/mvsasingle/MVSA_Single/data/2898.jpg,788,444,False,,[],0,0,positive
2899.jpg,/kaggle/input/mvsasingle/MVSA_Single/data/2899.jpg,761,599,True,"EE
毫片
FB
a","[{'x': 336, 'y': 214}, {'x': 490, 'y': 214}, {'x': 490, 'y': 691}, {'x': 336, 'y': 691}]",477,154,negative
29.jpg,/kaggle/input/mvsasingle/MVSA_Single/data/29.jpg,337,599,False,,[],0,0,neutral
290.jpg,/kaggle/input/mvsasingle/MVSA_Single/data/290.jpg,1024,576,True,"PODS NET 3.0
NET WT. C. 12 Gr
O","[{'x': 204, 'y': 197}, {'x': 573, 'y': 197}, {'x': 573, 'y': 819}, {'x': 204, 'y': 819}]",622,369,negative
2900.jpg,/kaggle/input/mvsasingle/MVSA_Single/data/2900.jpg,900,600,True,"G
5/27/15
Marls second calf
is being tube fed
G
GEORGIA AQUARI","[{'x': 15, 'y': 67}, {'x': 531, 'y': 67}, {'x': 531, 'y': 542}, {'x': 15, 'y': 542}]",475,516,negative
2901.jpg,/kaggle/input/mvsasingle/MVSA_Single/data/2901.jpg,900,600,True,"Bureness
auto feeder","[{'x': 250, 'y': 397}, {'x': 309, 'y': 397}, {'x': 309, 'y': 427}, {'x': 250, 'y': 427}]",30,59,positive
2902.jpg,/kaggle/input/mvsasingle/MVSA_Single/data/2902.jpg,337,599,False,,[],0,0,positive
2903.jpg,/kaggle/input/mvsasingle/MVSA_Single/data/2903.jpg,230,440,True,"""Mr. President -
If the federal
government won't
secure our border,
Texas will!""
GOVERNOR RICK PERRY","[{'x': 261, 'y': 62}, {'x': 405, 'y': 62}, {'x': 405, 'y': 169}, {'x': 261, 'y': 169}]",107,144,positive
2904.jpg,/kaggle/input/mvsasingle/MVSA_Single/data/2904.jpg,451,600,True,"Would you rather...
LIVE THE LIFE OF
LIVE IN HARRY
FAME AND WEALTH
OR
POTTER'S WORLD
RETWEET
FAVORITE
FOLLOW
@YouChoices","[{'x': 26, 'y': 4}, {'x': 595, 'y': 4}, {'x': 595, 'y': 447}, {'x': 26, 'y': 447}]",443,569,positive
2905.jpg,/kaggle/input/mvsasingle/MVSA_Single/data/2905.jpg,600,600,True,"SharonReneHutchinson.com
Happy
SUNDAY
ENJOY EVERY MOMENT","[{'x': 26, 'y': 113}, {'x': 562, 'y': 113}, {'x': 562, 'y': 481}, {'x': 26, 'y': 481}]",368,536,negative
2907.jpg,/kaggle/input/mvsasingle/MVSA_Single/data/2907.jpg,337,599,False,,[],0,0,negative
2908.jpg,/kaggle/input/mvsasingle/MVSA_Single/data/2908.jpg,549,391,True,"BEHIND
EVERY
SUCCESSFUL
PERSON
LIES A
PACK OF
HATERS","[{'x': 22, 'y': 32}, {'x': 230, 'y': 32}, {'x': 230, 'y': 485}, {'x': 22, 'y': 485}]",453,208,negative
291.jpg,/kaggle/input/mvsasingle/MVSA_Single/data/291.jpg,718,553,True,"CHEC
000","[{'x': 77, 'y': 317}, {'x': 487, 'y': 317}, {'x': 487, 'y': 444}, {'x': 77, 'y': 444}]",127,410,negative
2910.jpg,/kaggle/input/mvsasingle/MVSA_Single/data/2910.jpg,423,600,True,"Patriote
et
Républicain,
je suis pourtant
Socialiste.
VOUS NE VOLEREZ PAS NOS VALEURS !
les Jeunes Socialistes
Ton-1","[{'x': 11, 'y': 28}, {'x': 597, 'y': 28}, {'x': 597, 'y': 417}, {'x': 11, 'y': 417}]",389,586,negative
2911.jpg,/kaggle/input/mvsasingle/MVSA_Single/data/2911.jpg,360,600,False,,[],0,0,negative
2912.jpg,/kaggle/input/mvsasingle/MVSA_Single/data/2912.jpg,640,568,False,,[],0,0,positive
2913.jpg,/kaggle/input/mvsasingle/MVSA_Single/data/2913.jpg,450,600,True,LCC-,"[{'x': 427, 'y': 195}, {'x': 599, 'y': 195}, {'x': 599, 'y': 252}, {'x': 427, 'y': 252}]",57,172,positive
2914.jpg,/kaggle/input/mvsasingle/MVSA_Single/data/2914.jpg,600,600,False,,[],0,0,positive
2915.jpg,/kaggle/input/mvsasingle/MVSA_Single/data/2915.jpg,451,600,True,"Would you rather...
LIVE IN THE
LIVE BY THE
OR
MOUNTAINS
RETWEET
SEA
FAVORITE
Following us gives #YouChoices
FOLLOW
@YouChoices","[{'x': 31, 'y': 2}, {'x': 594, 'y': 2}, {'x': 594, 'y': 446}, {'x': 31, 'y': 446}]",444,563,positive
2916.jpg,/kaggle/input/mvsasingle/MVSA_Single/data/2916.jpg,451,600,True,"Would you rather...
HAVE THE ABILITY
HAVE X-RAY
OR
TO READ MINDS
VISION
RETWEET
FAVORITE
Listen to your heart.
FOLLOW
@YouChoices","[{'x': 31, 'y': 5}, {'x': 594, 'y': 5}, {'x': 594, 'y': 446}, {'x': 31, 'y': 446}]",441,563,positive
2917.jpg,/kaggle/input/mvsasingle/MVSA_Single/data/2917.jpg,451,600,True,"Two Types of People...
RETWEET
Watch our vids on YT now!
facebook.
FAVORITE
FOLLOW
@YouChoices","[{'x': 31, 'y': 6}, {'x': 591, 'y': 6}, {'x': 591, 'y': 442}, {'x': 31, 'y': 442}]",436,560,negative
2918.jpg,/kaggle/input/mvsasingle/MVSA_Single/data/2918.jpg,387,540,False,,[],0,0,positive
2919.jpg,/kaggle/input/mvsasingle/MVSA_Single/data/2919.jpg,330,599,False,,[],0,0,neutral
292.jpg,/kaggle/input/mvsasingle/MVSA_Single/data/292.jpg,450,600,False,,[],0,0,neutral
2920.jpg,/kaggle/input/mvsasingle/MVSA_Single/data/2920.jpg,800,600,True,160,"[{'x': 129, 'y': 600}, {'x': 161, 'y': 600}, {'x': 161, 'y': 620}, {'x': 129, 'y': 620}]",20,32,negative
2922.jpg,/kaggle/input/mvsasingle/MVSA_Single/data/2922.jpg,387,600,False,,[],0,0,positive
2923.jpg,/kaggle/input/mvsasingle/MVSA_Single/data/2923.jpg,308,562,False,,[],0,0,negative
2924.jpg,/kaggle/input/mvsasingle/MVSA_Single/data/2924.jpg,337,599,True,"BOLOR
CHAMPIONS","[{'x': 179, 'y': 161}, {'x': 414, 'y': 161}, {'x': 414, 'y': 177}, {'x': 179, 'y': 177}]",16,235,neutral
2925.jpg,/kaggle/input/mvsasingle/MVSA_Single/data/2925.jpg,800,600,True,"THOUGHTS
IN
PROGRESS
THOUGHTS
IN
PROGRESS
Accidental Vix
THOUGHTS
IN
PROGRESS","[{'x': 96, 'y': 170}, {'x': 580, 'y': 170}, {'x': 580, 'y': 564}, {'x': 96, 'y': 564}]",394,484,negative
2926.jpg,/kaggle/input/mvsasingle/MVSA_Single/data/2926.jpg,600,600,True,"16.00
ཊ་ ན་ཇ་ཁ༽","[{'x': 31, 'y': 152}, {'x': 576, 'y': 152}, {'x': 576, 'y': 264}, {'x': 31, 'y': 264}]",112,545,neutral
2927.jpg,/kaggle/input/mvsasingle/MVSA_Single/data/2927.jpg,337,599,False,,[],0,0,neutral
2928.jpg,/kaggle/input/mvsasingle/MVSA_Single/data/2928.jpg,337,599,True,MOT,"[{'x': 203, 'y': 118}, {'x': 222, 'y': 118}, {'x': 222, 'y': 129}, {'x': 203, 'y': 129}]",11,19,negative
2929.jpg,/kaggle/input/mvsasingle/MVSA_Single/data/2929.jpg,337,599,True,gameinformer,"[{'x': 390, 'y': 296}, {'x': 590, 'y': 296}, {'x': 590, 'y': 327}, {'x': 390, 'y': 327}]",31,200,negative
293.jpg,/kaggle/input/mvsasingle/MVSA_Single/data/293.jpg,416,600,False,,[],0,0,positive
2930.jpg,/kaggle/input/mvsasingle/MVSA_Single/data/2930.jpg,380,540,True,LINDEN,"[{'x': 269, 'y': 47}, {'x': 370, 'y': 47}, {'x': 370, 'y': 90}, {'x': 269, 'y': 90}]",43,101,neutral
2931.jpg,/kaggle/input/mvsasingle/MVSA_Single/data/2931.jpg,338,600,False,,[],0,0,positive
2932.jpg,/kaggle/input/mvsasingle/MVSA_Single/data/2932.jpg,300,600,True,"14
BMOM","[{'x': 153, 'y': 198}, {'x': 374, 'y': 198}, {'x': 374, 'y': 284}, {'x': 153, 'y': 284}]",86,221,positive
2933.jpg,/kaggle/input/mvsasingle/MVSA_Single/data/2933.jpg,324,599,False,,[],0,0,negative
2934.jpg,/kaggle/input/mvsasingle/MVSA_Single/data/2934.jpg,600,600,True,"COMMON
CORE
BASED ON THE FLAWED BELIEF
THAT BIG GOVERNMENT
KNOWS BEST.
EDUCATION KEEP IT LOCAL!
hslda.org/commoncore","[{'x': 27, 'y': 69}, {'x': 578, 'y': 69}, {'x': 578, 'y': 589}, {'x': 27, 'y': 589}]",520,551,positive
2935.jpg,/kaggle/input/mvsasingle/MVSA_Single/data/2935.jpg,325,599,True,"REPUBLICANS AND HOPS
WANE U
ERIC
GOFNOT SHORT ON SPECIAL KIND OF STURID","[{'x': 19, 'y': 131}, {'x': 581, 'y': 131}, {'x': 581, 'y': 320}, {'x': 19, 'y': 320}]",189,562,positive
2936.jpg,/kaggle/input/mvsasingle/MVSA_Single/data/2936.jpg,923,600,True,"AweD GOds
in a time where chaos meets truth, nothing is saved.
Angela B-Mortimer","[{'x': 56, 'y': 36}, {'x': 573, 'y': 36}, {'x': 573, 'y': 884}, {'x': 56, 'y': 884}]",848,517,positive
2937.jpg,/kaggle/input/mvsasingle/MVSA_Single/data/2937.jpg,359,599,False,,[],0,0,positive
2938.jpg,/kaggle/input/mvsasingle/MVSA_Single/data/2938.jpg,600,600,True,"Her apartment looks like a florist's shop.
But is there a delivery from Mr. Right?
A romantic comedy for
anyone who has ever
refused to settle!
Molly Hacker
Is Too
Picky!
Lisette Brodey","[{'x': 39, 'y': 15}, {'x': 541, 'y': 15}, {'x': 541, 'y': 553}, {'x': 39, 'y': 553}]",538,502,negative
2939.jpg,/kaggle/input/mvsasingle/MVSA_Single/data/2939.jpg,400,599,True,POLICE LINE DO NOT CROSS,"[{'x': 98, 'y': 79}, {'x': 424, 'y': 79}, {'x': 424, 'y': 119}, {'x': 98, 'y': 119}]",40,326,positive
294.jpg,/kaggle/input/mvsasingle/MVSA_Single/data/294.jpg,672,599,False,,[],0,0,negative
2940.jpg,/kaggle/input/mvsasingle/MVSA_Single/data/2940.jpg,450,600,True,"Rearranging
the deg
won't help!
StopECAA
chairs","[{'x': 0, 'y': 50}, {'x': 412, 'y': 50}, {'x': 412, 'y': 449}, {'x': 0, 'y': 449}]",399,412,negative
2941.jpg,/kaggle/input/mvsasingle/MVSA_Single/data/2941.jpg,533,600,True,"You can ignore me
for as long as you
want, but you can
never change the
memories that I
brought to your life...","[{'x': 32, 'y': 67}, {'x': 574, 'y': 67}, {'x': 574, 'y': 316}, {'x': 32, 'y': 316}]",249,542,negative
2942.jpg,/kaggle/input/mvsasingle/MVSA_Single/data/2942.jpg,436,445,True,ROAD RANGE,"[{'x': 155, 'y': 0}, {'x': 247, 'y': 0}, {'x': 247, 'y': 12}, {'x': 155, 'y': 12}]",12,92,neutral
2943.jpg,/kaggle/input/mvsasingle/MVSA_Single/data/2943.jpg,760,500,True,"THE ONLY
PERSON YOU
ARE DESTINED
TO BECOME
IS THE PERSON
YOU DECIDE
TO BE
RALPH WALDO
EMERSON","[{'x': 100, 'y': 209}, {'x': 398, 'y': 209}, {'x': 398, 'y': 593}, {'x': 100, 'y': 593}]",384,298,positive
2944.jpg,/kaggle/input/mvsasingle/MVSA_Single/data/2944.jpg,1066,600,True,17,"[{'x': 256, 'y': 66}, {'x': 580, 'y': 66}, {'x': 580, 'y': 505}, {'x': 256, 'y': 505}]",439,324,positive
2945.jpg,/kaggle/input/mvsasingle/MVSA_Single/data/2945.jpg,1066,600,False,,[],0,0,negative
2946.jpg,/kaggle/input/mvsasingle/MVSA_Single/data/2946.jpg,640,480,True,"LI
A
W","[{'x': 389, 'y': 164}, {'x': 479, 'y': 164}, {'x': 479, 'y': 629}, {'x': 389, 'y': 629}]",465,90,positive
2947.jpg,/kaggle/input/mvsasingle/MVSA_Single/data/2947.jpg,100,100,False,,[],0,0,positive
2948.jpg,/kaggle/input/mvsasingle/MVSA_Single/data/2948.jpg,337,599,True,"Should we do what's right or should
we follow the way of God?","[{'x': 173, 'y': 275}, {'x': 412, 'y': 275}, {'x': 412, 'y': 306}, {'x': 173, 'y': 306}]",31,239,positive
2949.jpg,/kaggle/input/mvsasingle/MVSA_Single/data/2949.jpg,450,600,False,,[],0,0,neutral
295.jpg,/kaggle/input/mvsasingle/MVSA_Single/data/295.jpg,400,600,True,CHEVLET,"[{'x': 266, 'y': 246}, {'x': 360, 'y': 246}, {'x': 360, 'y': 299}, {'x': 266, 'y': 299}]",53,94,negative
2950.jpg,/kaggle/input/mvsasingle/MVSA_Single/data/2950.jpg,476,500,True,"""The things that
trouble our spirits are
within us already. In
meditation, we must
face them, accept
them, and set them
aside one by one.""
Christopher L Bennett","[{'x': 59, 'y': 57}, {'x': 383, 'y': 57}, {'x': 383, 'y': 327}, {'x': 59, 'y': 327}]",270,324,positive
2951.jpg,/kaggle/input/mvsasingle/MVSA_Single/data/2951.jpg,503,600,True,"""Some people
grumble that
roses have thorns;
I am grateful that
thorns have roses.
-Jean-Baptiste Alphonse Karr
""","[{'x': 42, 'y': 54}, {'x': 558, 'y': 54}, {'x': 558, 'y': 465}, {'x': 42, 'y': 465}]",411,516,positive
2952.jpg,/kaggle/input/mvsasingle/MVSA_Single/data/2952.jpg,315,600,True,"Work like you
don't need the
money, love
like you've
never been
hurt and dance
like no one is
watching.""
Randall G Leighton","[{'x': 296, 'y': 16}, {'x': 595, 'y': 16}, {'x': 595, 'y': 312}, {'x': 296, 'y': 312}]",296,299,negative
2953.jpg,/kaggle/input/mvsasingle/MVSA_Single/data/2953.jpg,600,600,False,,[],0,0,positive
2954.jpg,/kaggle/input/mvsasingle/MVSA_Single/data/2954.jpg,600,599,False,,[],0,0,positive
2955.jpg,/kaggle/input/mvsasingle/MVSA_Single/data/2955.jpg,800,600,False,,[],0,0,negative
2956.jpg,/kaggle/input/mvsasingle/MVSA_Single/data/2956.jpg,480,600,True,Diana Voyajolu,"[{'x': 68, 'y': 437}, {'x': 170, 'y': 437}, {'x': 170, 'y': 469}, {'x': 68, 'y': 469}]",32,102,positive
2957.jpg,/kaggle/input/mvsasingle/MVSA_Single/data/2957.jpg,372,599,True,"FOGGY
OFFICIAL CARL FOGARTY
MERCHANDISE
WORLD
43004
FOGGY
SBK
WORLD
O
12004
Foggy
ORC
City Rag
DILYRAGCLOTHING.COM","[{'x': 36, 'y': 9}, {'x': 528, 'y': 9}, {'x': 528, 'y': 365}, {'x': 36, 'y': 365}]",356,492,negative
2958.jpg,/kaggle/input/mvsasingle/MVSA_Single/data/2958.jpg,450,600,True,"SOME OF THE BEST IDEAS
HAVE COME FROM THE
BACK OF A NAPKIN
READY TO SHARE YOURS?
wootgreen","[{'x': 338, 'y': 301}, {'x': 525, 'y': 301}, {'x': 525, 'y': 397}, {'x': 338, 'y': 397}]",96,187,negative
2959.jpg,/kaggle/input/mvsasingle/MVSA_Single/data/2959.jpg,800,600,False,,[],0,0,negative
296.jpg,/kaggle/input/mvsasingle/MVSA_Single/data/296.jpg,400,500,False,,[],0,0,negative
2960.jpg,/kaggle/input/mvsasingle/MVSA_Single/data/2960.jpg,337,599,True,"MIKE MIKE
Cincinnati
2015","[{'x': 384, 'y': 130}, {'x': 497, 'y': 130}, {'x': 497, 'y': 241}, {'x': 384, 'y': 241}]",111,113,positive
2961.jpg,/kaggle/input/mvsasingle/MVSA_Single/data/2961.jpg,152,599,True,©MeteoGib,"[{'x': 524, 'y': 139}, {'x': 582, 'y': 139}, {'x': 582, 'y': 149}, {'x': 524, 'y': 149}]",10,58,negative
2962.jpg,/kaggle/input/mvsasingle/MVSA_Single/data/2962.jpg,600,600,False,,[],0,0,negative
2963.jpg,/kaggle/input/mvsasingle/MVSA_Single/data/2963.jpg,371,500,False,,[],0,0,negative
2964.jpg,/kaggle/input/mvsasingle/MVSA_Single/data/2964.jpg,450,600,False,,[],0,0,neutral
2965.jpg,/kaggle/input/mvsasingle/MVSA_Single/data/2965.jpg,600,600,False,,[],0,0,positive
2966.jpg,/kaggle/input/mvsasingle/MVSA_Single/data/2966.jpg,618,600,True,"09/07/15
DISPARITION INQUIÉTANTE
de PERSONNE MINEURE
LUCAS
âgé de 16 ans a disparu
le 18/03/2015
Quartier Saduran à
Bagnols-sur-Cèze
(GARD - 30)
Mince, Yeux Marron, Cheveux
courts châtains clairs, Type
Européen
Taille : 1 m 60
Je Cherche Lucas
@SOSLucas Tronche
POLICE NATIONALE
Toute information ou témoignage est à communiquer au
SRPJ de MONTPELLIER 04 67 99 35 97","[{'x': 17, 'y': 27}, {'x': 521, 'y': 27}, {'x': 521, 'y': 575}, {'x': 17, 'y': 575}]",548,504,negative
2967.jpg,/kaggle/input/mvsasingle/MVSA_Single/data/2967.jpg,400,600,True,flandersfotografy,"[{'x': 434, 'y': 15}, {'x': 591, 'y': 15}, {'x': 591, 'y': 38}, {'x': 434, 'y': 38}]",23,157,positive
2968.jpg,/kaggle/input/mvsasingle/MVSA_Single/data/2968.jpg,500,500,False,,[],0,0,negative
2969.jpg,/kaggle/input/mvsasingle/MVSA_Single/data/2969.jpg,450,600,False,,[],0,0,negative
297.jpg,/kaggle/input/mvsasingle/MVSA_Single/data/297.jpg,849,458,False,,[],0,0,negative
2970.jpg,/kaggle/input/mvsasingle/MVSA_Single/data/2970.jpg,371,503,True,"HIGH TIDE
HEELS
HIGH TIDE
HEELS
MELLA","[{'x': 56, 'y': 170}, {'x': 423, 'y': 170}, {'x': 423, 'y': 337}, {'x': 56, 'y': 337}]",167,367,positive
2971.jpg,/kaggle/input/mvsasingle/MVSA_Single/data/2971.jpg,631,599,True,"Fond
Pets
Calfields
©
1918
AKRON, O
THE SAALFIELD PUBLISHING CO..
NEW YORK
CHICAGO","[{'x': 19, 'y': 88}, {'x': 432, 'y': 88}, {'x': 432, 'y': 630}, {'x': 19, 'y': 630}]",542,413,negative
2972.jpg,/kaggle/input/mvsasingle/MVSA_Single/data/2972.jpg,801,600,True,"Nintendo
SNS-MW-USA-1
MADE IN JAPAN
SUPER
MARIO WORLD","[{'x': 54, 'y': 25}, {'x': 502, 'y': 25}, {'x': 502, 'y': 330}, {'x': 54, 'y': 330}]",305,448,positive
2973.jpg,/kaggle/input/mvsasingle/MVSA_Single/data/2973.jpg,189,599,True,">> What Happened?
There was a problem delivering your email to:
god@heaven.com","[{'x': 13, 'y': 10}, {'x': 381, 'y': 10}, {'x': 381, 'y': 151}, {'x': 13, 'y': 151}]",141,368,positive
2974.jpg,/kaggle/input/mvsasingle/MVSA_Single/data/2974.jpg,375,500,True,01/01/2008,"[{'x': 391, 'y': 329}, {'x': 449, 'y': 329}, {'x': 449, 'y': 341}, {'x': 391, 'y': 341}]",12,58,neutral
2975.jpg,/kaggle/input/mvsasingle/MVSA_Single/data/2975.jpg,200,200,False,,[],0,0,positive
2976.jpg,/kaggle/input/mvsasingle/MVSA_Single/data/2976.jpg,944,600,True,"CreateLex
CREATELEX @CreateLex
Your SnapChat information is
available to law enforcement up to 9
months after you send anything, w/
o a court order.
LAW ENFO
ORCEMENT
SAFETY
CITY + COUNTY
L
SECURITY
*STATE *
6/25/15, 8:17 PM
FEDERAL
7.830 RETWEETS 2.469 FAVORITES
Reply to CreateLex, mcbean
Home
Notifications Messages
Me","[{'x': 0, 'y': 18}, {'x': 576, 'y': 18}, {'x': 576, 'y': 937}, {'x': 0, 'y': 937}]",919,576,positive
2977.jpg,/kaggle/input/mvsasingle/MVSA_Single/data/2977.jpg,159,318,False,,[],0,0,negative
2978.jpg,/kaggle/input/mvsasingle/MVSA_Single/data/2978.jpg,1024,579,False,,[],0,0,positive
2979.jpg,/kaggle/input/mvsasingle/MVSA_Single/data/2979.jpg,600,600,True,"ителе
НИЗОВА АЛИНА
МАРСЕЛЕВНА
СПЕЦИАЛИСТ ГС
4811","[{'x': 220, 'y': 203}, {'x': 500, 'y': 203}, {'x': 500, 'y': 366}, {'x': 220, 'y': 366}]",163,280,neutral
298.jpg,/kaggle/input/mvsasingle/MVSA_Single/data/298.jpg,800,600,True,"HAR
ЭНТ ИО
JADW","[{'x': 240, 'y': 142}, {'x': 391, 'y': 142}, {'x': 391, 'y': 328}, {'x': 240, 'y': 328}]",186,151,positive
2980.jpg,/kaggle/input/mvsasingle/MVSA_Single/data/2980.jpg,558,552,True,"HUNT
SABOTEURS
RSSOCIATION
#Keep TheBan
The proposed amendment to the
Hunting Act will make foxhunting
legal if one of these lot have a gun.","[{'x': 0, 'y': 0}, {'x': 526, 'y': 0}, {'x': 526, 'y': 240}, {'x': 0, 'y': 240}]",240,526,positive
2981.jpg,/kaggle/input/mvsasingle/MVSA_Single/data/2981.jpg,474,599,False,,[],0,0,negative
2982.jpg,/kaggle/input/mvsasingle/MVSA_Single/data/2982.jpg,1066,600,False,,[],0,0,positive
2983.jpg,/kaggle/input/mvsasingle/MVSA_Single/data/2983.jpg,337,599,False,,[],0,0,negative
2984.jpg,/kaggle/input/mvsasingle/MVSA_Single/data/2984.jpg,300,600,True,"The Entrepreneurs Guide to Business Mastery
ENTREPRENEURS
GUIDE
BUSINESS MASTERY
What
7
figure
Entrepreneurs
know
but aren't
telling you
JOHN PETERSON
ENTREPRENEURSHIP:
""Being willing to do for a few short years what
others won't, so that you can spend the rest of
your life doing what others can't.""
- John Peterson","[{'x': 37, 'y': 13}, {'x': 572, 'y': 13}, {'x': 572, 'y': 286}, {'x': 37, 'y': 286}]",273,535,positive
2985.jpg,/kaggle/input/mvsasingle/MVSA_Single/data/2985.jpg,374,515,True,"ら
B
C
WHERE YOU AT? HOLLA WHEN YOU
NOKIA","[{'x': 6, 'y': 30}, {'x': 401, 'y': 30}, {'x': 401, 'y': 228}, {'x': 6, 'y': 228}]",198,395,positive
2986.jpg,/kaggle/input/mvsasingle/MVSA_Single/data/2986.jpg,317,500,False,,[],0,0,negative
2987.jpg,/kaggle/input/mvsasingle/MVSA_Single/data/2987.jpg,600,600,False,,[],0,0,negative
2988.jpg,/kaggle/input/mvsasingle/MVSA_Single/data/2988.jpg,1024,577,True,"VIVORIGINAL MOTION 171TURE SOON TR
THE
FASTAND
THE FURIOUS:
TOKYO
DRIFT
-4:06
Tokyo Drift
yaki Boyz - The Fast and the Furious: Tokyo Drift (Origina
0:09
←
X
X
22
:","[{'x': 0, 'y': 7}, {'x': 576, 'y': 7}, {'x': 576, 'y': 1003}, {'x': 0, 'y': 1003}]",996,576,positive
2989.jpg,/kaggle/input/mvsasingle/MVSA_Single/data/2989.jpg,300,600,True,a,"[{'x': 310, 'y': 270}, {'x': 327, 'y': 270}, {'x': 327, 'y': 292}, {'x': 310, 'y': 292}]",22,17,positive
299.jpg,/kaggle/input/mvsasingle/MVSA_Single/data/299.jpg,800,600,True,neff,"[{'x': 192, 'y': 40}, {'x': 206, 'y': 40}, {'x': 206, 'y': 76}, {'x': 192, 'y': 76}]",36,14,positive
2990.jpg,/kaggle/input/mvsasingle/MVSA_Single/data/2990.jpg,400,540,False,,[],0,0,neutral
2991.jpg,/kaggle/input/mvsasingle/MVSA_Single/data/2991.jpg,640,480,True,"Camre GT
R.I.P.
(1973-2013)
Before accident
After accident","[{'x': 65, 'y': 247}, {'x': 442, 'y': 247}, {'x': 442, 'y': 433}, {'x': 65, 'y': 433}]",186,377,positive
2992.jpg,/kaggle/input/mvsasingle/MVSA_Single/data/2992.jpg,450,600,True,"T. Wall Pack
UN-K
HV-N
UNKUNK
DHVN HVN
PPUNUN
UNZ
UNZ
UNZ
45-754
*
PRODUCTS
AeroMaster
UN-K
11
HV
PPUNUN
UNUNZZ
M","[{'x': 138, 'y': 37}, {'x': 515, 'y': 37}, {'x': 515, 'y': 425}, {'x': 138, 'y': 425}]",388,377,positive
2993.jpg,/kaggle/input/mvsasingle/MVSA_Single/data/2993.jpg,450,600,True,"RAL STORE四海。
+ALMENTATION GENERALE
WELCOME","[{'x': 0, 'y': 37}, {'x': 414, 'y': 37}, {'x': 414, 'y': 83}, {'x': 0, 'y': 83}]",46,414,positive
2994.jpg,/kaggle/input/mvsasingle/MVSA_Single/data/2994.jpg,806,600,False,,[],0,0,positive
2995.jpg,/kaggle/input/mvsasingle/MVSA_Single/data/2995.jpg,360,599,False,,[],0,0,positive
2996.jpg,/kaggle/input/mvsasingle/MVSA_Single/data/2996.jpg,729,600,True,@redteekal,"[{'x': 27, 'y': 689}, {'x': 137, 'y': 689}, {'x': 137, 'y': 708}, {'x': 27, 'y': 708}]",19,110,positive
2997.jpg,/kaggle/input/mvsasingle/MVSA_Single/data/2997.jpg,597,402,False,,[],0,0,positive
2998.jpg,/kaggle/input/mvsasingle/MVSA_Single/data/2998.jpg,338,599,False,,[],0,0,positive
2999.jpg,/kaggle/input/mvsasingle/MVSA_Single/data/2999.jpg,600,600,False,,[],0,0,positive
3.jpg,/kaggle/input/mvsasingle/MVSA_Single/data/3.jpg,279,499,False,,[],0,0,negative
30.jpg,/kaggle/input/mvsasingle/MVSA_Single/data/30.jpg,259,460,True,"2007
2015","[{'x': 2, 'y': 227}, {'x': 458, 'y': 227}, {'x': 458, 'y': 258}, {'x': 2, 'y': 258}]",31,456,positive
300.jpg,/kaggle/input/mvsasingle/MVSA_Single/data/300.jpg,800,600,True,"KISS
GLUM
Mach
dein Leben
trolliger!
Ce Monelle
Daim
Sna
Ritter
SPORT
NOCCIOLE INTERE
Le Monelle","[{'x': 53, 'y': 146}, {'x': 443, 'y': 146}, {'x': 443, 'y': 604}, {'x': 53, 'y': 604}]",458,390,negative
3001.jpg,/kaggle/input/mvsasingle/MVSA_Single/data/3001.jpg,600,600,True,A.E,"[{'x': 233, 'y': 127}, {'x': 253, 'y': 127}, {'x': 253, 'y': 141}, {'x': 233, 'y': 141}]",14,20,positive
3002.jpg,/kaggle/input/mvsasingle/MVSA_Single/data/3002.jpg,600,600,False,,[],0,0,positive
3003.jpg,/kaggle/input/mvsasingle/MVSA_Single/data/3003.jpg,336,598,True,ORLANDO,"[{'x': 245, 'y': 247}, {'x': 374, 'y': 247}, {'x': 374, 'y': 291}, {'x': 245, 'y': 291}]",44,129,positive
3004.jpg,/kaggle/input/mvsasingle/MVSA_Single/data/3004.jpg,866,600,True,"Kindness in words
creates confidence;
kindness in
thinking creates
profoundness;
kindness in giving
creates love.
Lao Tzu","[{'x': 102, 'y': 106}, {'x': 497, 'y': 106}, {'x': 497, 'y': 696}, {'x': 102, 'y': 696}]",590,395,positive
3005.jpg,/kaggle/input/mvsasingle/MVSA_Single/data/3005.jpg,406,553,True,"""There's something very freeing about
losing the anchors that have always
defined you. Frightening, sad, but
exhilarating in a poignant way, as well.
You're free to float to the moon and
evaporale or sink to the bottom of the
deepest ocean. But you're free to explore.
Some people confuse that with ebrifling.
I suppose. I like to think of il
as growing.""
-Deborah
Smith","[{'x': 44, 'y': 17}, {'x': 526, 'y': 17}, {'x': 526, 'y': 402}, {'x': 44, 'y': 402}]",385,482,positive
3006.jpg,/kaggle/input/mvsasingle/MVSA_Single/data/3006.jpg,337,599,True,HS3,"[{'x': 343, 'y': 178}, {'x': 368, 'y': 178}, {'x': 368, 'y': 192}, {'x': 343, 'y': 192}]",14,25,positive
3007.jpg,/kaggle/input/mvsasingle/MVSA_Single/data/3007.jpg,219,230,False,,[],0,0,negative
3008.jpg,/kaggle/input/mvsasingle/MVSA_Single/data/3008.jpg,80,140,True,"Prim
egends","[{'x': 30, 'y': 30}, {'x': 71, 'y': 30}, {'x': 71, 'y': 50}, {'x': 30, 'y': 50}]",20,41,negative
3009.jpg,/kaggle/input/mvsasingle/MVSA_Single/data/3009.jpg,600,600,False,,[],0,0,positive
301.jpg,/kaggle/input/mvsasingle/MVSA_Single/data/301.jpg,540,540,True,"de
IF YOURE
READING
THIS ITS
TOO LATE","[{'x': 73, 'y': 128}, {'x': 407, 'y': 128}, {'x': 407, 'y': 431}, {'x': 73, 'y': 431}]",303,334,neutral
3010.jpg,/kaggle/input/mvsasingle/MVSA_Single/data/3010.jpg,900,599,True,"DA
1373
RTS
como un S","[{'x': 5, 'y': 440}, {'x': 531, 'y': 440}, {'x': 531, 'y': 873}, {'x': 5, 'y': 873}]",433,526,neutral
3012.jpg,/kaggle/input/mvsasingle/MVSA_Single/data/3012.jpg,450,600,True,0921,"[{'x': 245, 'y': 58}, {'x': 292, 'y': 58}, {'x': 292, 'y': 73}, {'x': 245, 'y': 73}]",15,47,positive
3013.jpg,/kaggle/input/mvsasingle/MVSA_Single/data/3013.jpg,600,600,False,,[],0,0,neutral
3014.jpg,/kaggle/input/mvsasingle/MVSA_Single/data/3014.jpg,800,600,True,"Share a Coke with
Oscar
#ShareaCoke","[{'x': 121, 'y': 155}, {'x': 445, 'y': 155}, {'x': 445, 'y': 509}, {'x': 121, 'y': 509}]",354,324,positive
3015.jpg,/kaggle/input/mvsasingle/MVSA_Single/data/3015.jpg,450,600,True,"60
200
AFLS
40
220
-20
ECO
240
I
260
km/h
RANGE
°F
P
ODO
235
26 190ml.","[{'x': 37, 'y': 29}, {'x': 596, 'y': 29}, {'x': 596, 'y': 402}, {'x': 37, 'y': 402}]",373,559,positive
3016.jpg,/kaggle/input/mvsasingle/MVSA_Single/data/3016.jpg,560,599,False,,[],0,0,positive
3017.jpg,/kaggle/input/mvsasingle/MVSA_Single/data/3017.jpg,232,560,True,"madjobs
marketing advertising design
FMCG Insight Analyst
Jarlett de Grouchy
GB, England, Leeds
neuvoo","[{'x': 22, 'y': 79}, {'x': 527, 'y': 79}, {'x': 527, 'y': 204}, {'x': 22, 'y': 204}]",125,505,positive
3018.jpg,/kaggle/input/mvsasingle/MVSA_Single/data/3018.jpg,475,599,True,"2014 Global Well-Being Map
1. Panama
145. Afghanistan
Percent thriving in 3+ elements:
>40.0%
30.1% -40.0%
20.1% -30.0%
10.1%-20.0%
510.0%
Not surveyed in 2014
Source: Gallup-Healthways Global Well-Being Index, 2014. This map calls out Panama and Afghanistan as the highest and lowest well-being countries.
respectively, based on the 2014 country well-being rankings of 145 countries.","[{'x': 4, 'y': 23}, {'x': 564, 'y': 23}, {'x': 564, 'y': 470}, {'x': 4, 'y': 470}]",447,560,neutral
3019.jpg,/kaggle/input/mvsasingle/MVSA_Single/data/3019.jpg,492,500,True,LIFE,"[{'x': 421, 'y': 454}, {'x': 494, 'y': 454}, {'x': 494, 'y': 483}, {'x': 421, 'y': 483}]",29,73,negative
302.jpg,/kaggle/input/mvsasingle/MVSA_Single/data/302.jpg,450,600,False,,[],0,0,positive
3020.jpg,/kaggle/input/mvsasingle/MVSA_Single/data/3020.jpg,376,599,False,,[],0,0,negative
3021.jpg,/kaggle/input/mvsasingle/MVSA_Single/data/3021.jpg,600,600,True,"Love
John&
Paul&
ONT
go
rg","[{'x': 157, 'y': 113}, {'x': 400, 'y': 113}, {'x': 400, 'y': 377}, {'x': 157, 'y': 377}]",264,243,neutral
3022.jpg,/kaggle/input/mvsasingle/MVSA_Single/data/3022.jpg,600,600,False,,[],0,0,positive
3023.jpg,/kaggle/input/mvsasingle/MVSA_Single/data/3023.jpg,720,486,False,,[],0,0,positive
3024.jpg,/kaggle/input/mvsasingle/MVSA_Single/data/3024.jpg,590,599,True,S,"[{'x': 404, 'y': 155}, {'x': 411, 'y': 155}, {'x': 411, 'y': 163}, {'x': 404, 'y': 163}]",8,7,positive
3025.jpg,/kaggle/input/mvsasingle/MVSA_Single/data/3025.jpg,390,600,False,,[],0,0,positive
3026.jpg,/kaggle/input/mvsasingle/MVSA_Single/data/3026.jpg,337,599,True,zoobe.com,"[{'x': 452, 'y': 10}, {'x': 581, 'y': 10}, {'x': 581, 'y': 28}, {'x': 452, 'y': 28}]",18,129,positive
3027.jpg,/kaggle/input/mvsasingle/MVSA_Single/data/3027.jpg,293,561,True,"STAY DEAD
GE
Cobalt","[{'x': 85, 'y': 137}, {'x': 339, 'y': 137}, {'x': 339, 'y': 215}, {'x': 85, 'y': 215}]",78,254,positive
3028.jpg,/kaggle/input/mvsasingle/MVSA_Single/data/3028.jpg,600,600,True,FLIPAGRAM,"[{'x': 402, 'y': 560}, {'x': 589, 'y': 560}, {'x': 589, 'y': 588}, {'x': 402, 'y': 588}]",28,187,positive
3029.jpg,/kaggle/input/mvsasingle/MVSA_Single/data/3029.jpg,400,600,True,"ZNY ZAKA
Dukasik
TYSKIE
BASIS-TRYK
FOR KLUBU
ISKIE
VALTRA
SportoweFakty.pl Autor: Arkadiusz Siwek
Carn
SKIE k","[{'x': 0, 'y': 149}, {'x': 386, 'y': 149}, {'x': 386, 'y': 386}, {'x': 0, 'y': 386}]",237,386,neutral
303.jpg,/kaggle/input/mvsasingle/MVSA_Single/data/303.jpg,204,272,False,,[],0,0,negative
3030.jpg,/kaggle/input/mvsasingle/MVSA_Single/data/3030.jpg,600,600,False,,[],0,0,negative
3031.jpg,/kaggle/input/mvsasingle/MVSA_Single/data/3031.jpg,602,599,False,,[],0,0,positive
3032.jpg,/kaggle/input/mvsasingle/MVSA_Single/data/3032.jpg,668,600,True,"EERLEADE
REBEU
HLETIC
toots","[{'x': 177, 'y': 240}, {'x': 526, 'y': 240}, {'x': 526, 'y': 299}, {'x': 177, 'y': 299}]",59,349,positive
3033.jpg,/kaggle/input/mvsasingle/MVSA_Single/data/3033.jpg,1024,577,True,"..ooo vodafone AU 4G 8:45 pm
@75%
<
Tweet
READ MY BIO
@DeadLikeBiggie
What would you do if this was
your son?
@barbieguts
Reply to READ MY BIO
20+
Home
Notifications
Messages
Me","[{'x': 10, 'y': 8}, {'x': 519, 'y': 8}, {'x': 519, 'y': 1016}, {'x': 10, 'y': 1016}]",1008,509,negative
3034.jpg,/kaggle/input/mvsasingle/MVSA_Single/data/3034.jpg,450,600,False,,[],0,0,positive
3035.jpg,/kaggle/input/mvsasingle/MVSA_Single/data/3035.jpg,600,600,True,"W
BROCK LESNAR
BORN 12 JULY 1977
br","[{'x': 121, 'y': 14}, {'x': 591, 'y': 14}, {'x': 591, 'y': 561}, {'x': 121, 'y': 561}]",547,470,positive
3036.jpg,/kaggle/input/mvsasingle/MVSA_Single/data/3036.jpg,1056,592,False,,[],0,0,positive
3037.jpg,/kaggle/input/mvsasingle/MVSA_Single/data/3037.jpg,600,600,False,,[],0,0,neutral
3038.jpg,/kaggle/input/mvsasingle/MVSA_Single/data/3038.jpg,800,600,False,,[],0,0,positive
3039.jpg,/kaggle/input/mvsasingle/MVSA_Single/data/3039.jpg,603,599,False,,[],0,0,positive
304.jpg,/kaggle/input/mvsasingle/MVSA_Single/data/304.jpg,600,600,False,,[],0,0,positive
3040.jpg,/kaggle/input/mvsasingle/MVSA_Single/data/3040.jpg,450,600,False,,[],0,0,negative
3041.jpg,/kaggle/input/mvsasingle/MVSA_Single/data/3041.jpg,399,599,False,,[],0,0,neutral
3042.jpg,/kaggle/input/mvsasingle/MVSA_Single/data/3042.jpg,399,599,True,"NORTH TEXAS TRUCK STOP
Sinclair
66","[{'x': 14, 'y': 54}, {'x': 586, 'y': 54}, {'x': 586, 'y': 134}, {'x': 14, 'y': 134}]",80,572,negative
3043.jpg,/kaggle/input/mvsasingle/MVSA_Single/data/3043.jpg,399,599,True,"NORTH TEXAS TRUCK STOP
Sinclair","[{'x': 14, 'y': 53}, {'x': 585, 'y': 53}, {'x': 585, 'y': 116}, {'x': 14, 'y': 116}]",63,571,negative
3044.jpg,/kaggle/input/mvsasingle/MVSA_Single/data/3044.jpg,256,366,False,,[],0,0,positive
3045.jpg,/kaggle/input/mvsasingle/MVSA_Single/data/3045.jpg,1066,600,True,BEA,"[{'x': 526, 'y': 650}, {'x': 599, 'y': 650}, {'x': 599, 'y': 690}, {'x': 526, 'y': 690}]",40,73,neutral
3046.jpg,/kaggle/input/mvsasingle/MVSA_Single/data/3046.jpg,480,480,False,,[],0,0,positive
3047.jpg,/kaggle/input/mvsasingle/MVSA_Single/data/3047.jpg,337,599,False,,[],0,0,neutral
3048.jpg,/kaggle/input/mvsasingle/MVSA_Single/data/3048.jpg,400,600,True,www.hollyrope.com,"[{'x': 3, 'y': 7}, {'x': 185, 'y': 7}, {'x': 185, 'y': 25}, {'x': 3, 'y': 25}]",18,182,positive
3049.jpg,/kaggle/input/mvsasingle/MVSA_Single/data/3049.jpg,500,500,True,"FR15
THE CONCRETE JUNGLE
PARENTAL","[{'x': 112, 'y': 186}, {'x': 385, 'y': 186}, {'x': 385, 'y': 334}, {'x': 112, 'y': 334}]",148,273,positive
305.jpg,/kaggle/input/mvsasingle/MVSA_Single/data/305.jpg,297,600,True,"CHAME
Barbecue
CHAMP
COMPETITION BBQ SECRETS
WRITTEN BY: Jaan Sones
NBILLER BA: २ रट","[{'x': 222, 'y': 9}, {'x': 383, 'y': 9}, {'x': 383, 'y': 244}, {'x': 222, 'y': 244}]",235,161,positive
3050.jpg,/kaggle/input/mvsasingle/MVSA_Single/data/3050.jpg,781,599,True,"""AS YOU GROW OLDER,
YOU WILL DISCOVER THAT
YOU HAVE TWO HANDS,
ONE FOR HELPING
YOURSELF, THE OTHER
FOR HELPING OTHERS.""
- AUDREY HEPBURN
A grim reality: In
Baidoa, Somalia, in
1992, Audrey holds
a desperately under
nourished child at
a UNICEF-assisted
feeding center","[{'x': 88, 'y': 19}, {'x': 596, 'y': 19}, {'x': 596, 'y': 206}, {'x': 88, 'y': 206}]",187,508,positive
3051.jpg,/kaggle/input/mvsasingle/MVSA_Single/data/3051.jpg,436,599,False,,[],0,0,positive
3052.jpg,/kaggle/input/mvsasingle/MVSA_Single/data/3052.jpg,600,600,True,"ANIMALS
ARE
NOT
OURS
Text BEAT
to 73822 (U.S.) or 99099 (Canada)
to pledge to never go to circuses with animals!
Msg & data rates may apply. Periodic Messaging. STOP to end. HELP for info, More: http://peta2.me/txt","[{'x': 45, 'y': 25}, {'x': 575, 'y': 25}, {'x': 575, 'y': 597}, {'x': 45, 'y': 597}]",572,530,positive
3055.jpg,/kaggle/input/mvsasingle/MVSA_Single/data/3055.jpg,375,600,True,"Chrome Archive Editar Ver Historial Favoritos Personas Vertana Ayuda
Dom 15:10 Q
Which ""Paper Towns"" Character Are You?
You got: Quentin Jacobsen
A hopeless romantic, you admire things
deeply, even if it's sometimes from a
distance. You're son spoken and quirky,
and you know that with good friends
and determination, anything is possible
SHARE YOUR RESULTS
@
t","[{'x': 22, 'y': 0}, {'x': 575, 'y': 0}, {'x': 575, 'y': 339}, {'x': 22, 'y': 339}]",339,553,positive
3056.jpg,/kaggle/input/mvsasingle/MVSA_Single/data/3056.jpg,399,600,True,"25 Rue Yves Toudic
Paris, he de-France
- Street View-mal 2008
2008
it Shawn
Date de la vignette: mai 2008
2014","[{'x': 7, 'y': 9}, {'x': 198, 'y': 9}, {'x': 198, 'y': 193}, {'x': 7, 'y': 193}]",184,191,neutral
3057.jpg,/kaggle/input/mvsasingle/MVSA_Single/data/3057.jpg,600,600,False,,[],0,0,positive
3058.jpg,/kaggle/input/mvsasingle/MVSA_Single/data/3058.jpg,445,599,False,,[],0,0,neutral
3059.jpg,/kaggle/input/mvsasingle/MVSA_Single/data/3059.jpg,460,600,False,,[],0,0,neutral
306.jpg,/kaggle/input/mvsasingle/MVSA_Single/data/306.jpg,800,600,False,,[],0,0,neutral
3060.jpg,/kaggle/input/mvsasingle/MVSA_Single/data/3060.jpg,1024,577,True,"oo vodafone P 3G 20:48
MOGWAI
HARDCORE WILL NEVER DIE.
ear You WILL
0:54
29%
-4:10
White Noise
Mogwai - Hardcore Will Never Die, But You Will
X
门","[{'x': 21, 'y': 10}, {'x': 555, 'y': 10}, {'x': 555, 'y': 999}, {'x': 21, 'y': 999}]",989,534,neutral
3061.jpg,/kaggle/input/mvsasingle/MVSA_Single/data/3061.jpg,323,600,False,,[],0,0,neutral
3062.jpg,/kaggle/input/mvsasingle/MVSA_Single/data/3062.jpg,337,598,False,,[],0,0,positive
3063.jpg,/kaggle/input/mvsasingle/MVSA_Single/data/3063.jpg,600,600,True,"2
CD
DE
FEET
HIGH
DR
SOUL
&
PISING","[{'x': 97, 'y': 133}, {'x': 520, 'y': 133}, {'x': 520, 'y': 502}, {'x': 97, 'y': 502}]",369,423,neutral
3064.jpg,/kaggle/input/mvsasingle/MVSA_Single/data/3064.jpg,337,599,True,"STARE
LATE
CK2
*
*
⭑
COFFEE
*
COLLE","[{'x': 105, 'y': 119}, {'x': 572, 'y': 119}, {'x': 572, 'y': 283}, {'x': 105, 'y': 283}]",164,467,positive
3065.jpg,/kaggle/input/mvsasingle/MVSA_Single/data/3065.jpg,1024,577,True,"... vodafone P 3G 20:57
22%
0:26
The Village
New Order - Power, Corruption & Lies
X
12
-4:10","[{'x': 10, 'y': 10}, {'x': 555, 'y': 10}, {'x': 555, 'y': 1004}, {'x': 10, 'y': 1004}]",994,545,positive
3066.jpg,/kaggle/input/mvsasingle/MVSA_Single/data/3066.jpg,480,320,False,,[],0,0,neutral
3067.jpg,/kaggle/input/mvsasingle/MVSA_Single/data/3067.jpg,140,105,True,"MINECRAF
MINECRAFT","[{'x': 26, 'y': 52}, {'x': 83, 'y': 52}, {'x': 83, 'y': 119}, {'x': 26, 'y': 119}]",67,57,negative
3068.jpg,/kaggle/input/mvsasingle/MVSA_Single/data/3068.jpg,337,599,False,,[],0,0,positive
3069.jpg,/kaggle/input/mvsasingle/MVSA_Single/data/3069.jpg,225,225,True,"Huggy
Bear","[{'x': 48, 'y': 140}, {'x': 171, 'y': 140}, {'x': 171, 'y': 203}, {'x': 48, 'y': 203}]",63,123,positive
307.jpg,/kaggle/input/mvsasingle/MVSA_Single/data/307.jpg,801,600,True,"nk you for your undarl
Solo To
HAUBLY
SHES D
FALLON MANY
ASTORAL
NC 28052
U.S.A
patagonia
1-800-638-6464
8560 White Fir Street
NV 89523-8937
00
7067 GLOB L
wa BA GOES SHORTS
0116
8 87167 984046
W'S BAGGIES SHORTS
03-25
thin","[{'x': 73, 'y': 65}, {'x': 589, 'y': 65}, {'x': 589, 'y': 800}, {'x': 73, 'y': 800}]",735,516,negative
3070.jpg,/kaggle/input/mvsasingle/MVSA_Single/data/3070.jpg,400,600,False,,[],0,0,negative
3071.jpg,/kaggle/input/mvsasingle/MVSA_Single/data/3071.jpg,225,300,True,"bai.
i loves u.","[{'x': 6, 'y': 8}, {'x': 292, 'y': 8}, {'x': 292, 'y': 222}, {'x': 6, 'y': 222}]",214,286,negative
3072.jpg,/kaggle/input/mvsasingle/MVSA_Single/data/3072.jpg,800,600,False,,[],0,0,negative
3073.jpg,/kaggle/input/mvsasingle/MVSA_Single/data/3073.jpg,600,600,False,,[],0,0,positive
3074.jpg,/kaggle/input/mvsasingle/MVSA_Single/data/3074.jpg,499,499,False,,[],0,0,positive
3075.jpg,/kaggle/input/mvsasingle/MVSA_Single/data/3075.jpg,337,599,False,,[],0,0,negative
3076.jpg,/kaggle/input/mvsasingle/MVSA_Single/data/3076.jpg,450,600,False,,[],0,0,positive
3077.jpg,/kaggle/input/mvsasingle/MVSA_Single/data/3077.jpg,315,600,False,,[],0,0,neutral
3078.jpg,/kaggle/input/mvsasingle/MVSA_Single/data/3078.jpg,337,599,True,Podo,"[{'x': 215, 'y': 252}, {'x': 279, 'y': 252}, {'x': 279, 'y': 310}, {'x': 215, 'y': 310}]",58,64,neutral
3079.jpg,/kaggle/input/mvsasingle/MVSA_Single/data/3079.jpg,600,600,False,,[],0,0,neutral
308.jpg,/kaggle/input/mvsasingle/MVSA_Single/data/308.jpg,450,600,True,Garth Cripps 2015,"[{'x': 252, 'y': 428}, {'x': 364, 'y': 428}, {'x': 364, 'y': 440}, {'x': 252, 'y': 440}]",12,112,negative
3080.jpg,/kaggle/input/mvsasingle/MVSA_Single/data/3080.jpg,240,320,True,"FOX
5","[{'x': 262, 'y': 176}, {'x': 286, 'y': 176}, {'x': 286, 'y': 208}, {'x': 262, 'y': 208}]",32,24,positive
3081.jpg,/kaggle/input/mvsasingle/MVSA_Single/data/3081.jpg,385,599,True,"07-09-15: Happy Thursday!!
Tomorrow is FRIDAY! YAY! kisses Desirae","[{'x': 94, 'y': 12}, {'x': 499, 'y': 12}, {'x': 499, 'y': 379}, {'x': 94, 'y': 379}]",367,405,positive
3082.jpg,/kaggle/input/mvsasingle/MVSA_Single/data/3082.jpg,130,243,True,"CAMEL
SQL
CLICK
CHANCE","[{'x': 85, 'y': 22}, {'x': 189, 'y': 22}, {'x': 189, 'y': 102}, {'x': 85, 'y': 102}]",80,104,positive
3083.jpg,/kaggle/input/mvsasingle/MVSA_Single/data/3083.jpg,640,480,False,,[],0,0,positive
3085.jpg,/kaggle/input/mvsasingle/MVSA_Single/data/3085.jpg,304,599,False,,[],0,0,negative
3086.jpg,/kaggle/input/mvsasingle/MVSA_Single/data/3086.jpg,388,531,True,"That's Me
C","[{'x': 48, 'y': 15}, {'x': 529, 'y': 15}, {'x': 529, 'y': 164}, {'x': 48, 'y': 164}]",149,481,neutral
3087.jpg,/kaggle/input/mvsasingle/MVSA_Single/data/3087.jpg,377,599,True,"ING
P
COM
DONALD MP.COM","[{'x': 0, 'y': 7}, {'x': 512, 'y': 7}, {'x': 512, 'y': 226}, {'x': 0, 'y': 226}]",219,512,positive
3088.jpg,/kaggle/input/mvsasingle/MVSA_Single/data/3088.jpg,800,600,True,"ONLY
FOR
PLAYER'S
CHOICE
NINTENDO
GAMECUBE
ONKE
BAL
Y
TM
SEGA
EVERY
CONTE
ES","[{'x': 54, 'y': 14}, {'x': 599, 'y': 14}, {'x': 599, 'y': 778}, {'x': 54, 'y': 778}]",764,545,positive
3089.jpg,/kaggle/input/mvsasingle/MVSA_Single/data/3089.jpg,450,600,True,"CONCACAF.com NCA
Find us c
Faceb","[{'x': 9, 'y': 212}, {'x': 599, 'y': 212}, {'x': 599, 'y': 282}, {'x': 9, 'y': 282}]",70,590,negative
309.jpg,/kaggle/input/mvsasingle/MVSA_Single/data/309.jpg,337,599,False,,[],0,0,positive
3090.jpg,/kaggle/input/mvsasingle/MVSA_Single/data/3090.jpg,336,599,True,"LAKES
PO
BJM","[{'x': 338, 'y': 76}, {'x': 598, 'y': 76}, {'x': 598, 'y': 147}, {'x': 338, 'y': 147}]",71,260,positive
3091.jpg,/kaggle/input/mvsasingle/MVSA_Single/data/3091.jpg,1066,600,True,"ALEXIA ZEA
0
640m
Audiolyzer
Listen to your data.
AROUT
1550
AUDIENCE
SHARE HAVERS
ANGE","[{'x': 43, 'y': 325}, {'x': 548, 'y': 325}, {'x': 548, 'y': 594}, {'x': 43, 'y': 594}]",269,505,positive
3092.jpg,/kaggle/input/mvsasingle/MVSA_Single/data/3092.jpg,337,599,True,POLICE,"[{'x': 22, 'y': 215}, {'x': 450, 'y': 215}, {'x': 450, 'y': 336}, {'x': 22, 'y': 336}]",121,428,negative
3093.jpg,/kaggle/input/mvsasingle/MVSA_Single/data/3093.jpg,331,599,True,"COFFEE
n. Starter fluid for the morning
impaired.","[{'x': 82, 'y': 124}, {'x': 567, 'y': 124}, {'x': 567, 'y': 277}, {'x': 82, 'y': 277}]",153,485,positive
3094.jpg,/kaggle/input/mvsasingle/MVSA_Single/data/3094.jpg,234,597,False,,[],0,0,positive
3095.jpg,/kaggle/input/mvsasingle/MVSA_Single/data/3095.jpg,354,600,True,Textra-terrestrial,"[{'x': 348, 'y': 249}, {'x': 570, 'y': 249}, {'x': 570, 'y': 268}, {'x': 348, 'y': 268}]",19,222,positive
3096.jpg,/kaggle/input/mvsasingle/MVSA_Single/data/3096.jpg,400,600,False,,[],0,0,neutral
3097.jpg,/kaggle/input/mvsasingle/MVSA_Single/data/3097.jpg,600,600,True,"IRE
IREL","[{'x': 58, 'y': 161}, {'x': 178, 'y': 161}, {'x': 178, 'y': 294}, {'x': 58, 'y': 294}]",133,120,positive
3098.jpg,/kaggle/input/mvsasingle/MVSA_Single/data/3098.jpg,800,600,False,,[],0,0,positive
3099.jpg,/kaggle/input/mvsasingle/MVSA_Single/data/3099.jpg,526,600,False,,[],0,0,positive
31.jpg,/kaggle/input/mvsasingle/MVSA_Single/data/31.jpg,450,600,False,,[],0,0,negative
310.jpg,/kaggle/input/mvsasingle/MVSA_Single/data/310.jpg,140,130,False,,[],0,0,negative
3100.jpg,/kaggle/input/mvsasingle/MVSA_Single/data/3100.jpg,600,600,True,"NO PARKING
VIIA
FIRE LANE
DROP OFF&PICKUP
ONLY
VILS SIN
FACE
ти","[{'x': 42, 'y': 2}, {'x': 436, 'y': 2}, {'x': 436, 'y': 351}, {'x': 42, 'y': 351}]",349,394,positive
3101.jpg,/kaggle/input/mvsasingle/MVSA_Single/data/3101.jpg,600,600,True,"A thousand times
I've failed, and
still Your
mercy remains.","[{'x': 128, 'y': 135}, {'x': 473, 'y': 135}, {'x': 473, 'y': 327}, {'x': 128, 'y': 327}]",192,345,neutral
3102.jpg,/kaggle/input/mvsasingle/MVSA_Single/data/3102.jpg,761,477,True,"VENDELL
AN
Imperfect
Princess
Catherine Blakeney","[{'x': 63, 'y': 444}, {'x': 454, 'y': 444}, {'x': 454, 'y': 737}, {'x': 63, 'y': 737}]",293,391,positive
3103.jpg,/kaggle/input/mvsasingle/MVSA_Single/data/3103.jpg,699,600,True,"Bigtroubleinlittlenappies.com
The Imperfect Parents Club","[{'x': 51, 'y': 29}, {'x': 528, 'y': 29}, {'x': 528, 'y': 599}, {'x': 51, 'y': 599}]",570,477,negative
3104.jpg,/kaggle/input/mvsasingle/MVSA_Single/data/3104.jpg,337,599,False,,[],0,0,negative
3105.jpg,/kaggle/input/mvsasingle/MVSA_Single/data/3105.jpg,337,599,True,Yenke: Hornless! Hornless!,"[{'x': 221, 'y': 297}, {'x': 383, 'y': 297}, {'x': 383, 'y': 311}, {'x': 221, 'y': 311}]",14,162,positive
3106.jpg,/kaggle/input/mvsasingle/MVSA_Single/data/3106.jpg,337,599,False,,[],0,0,negative
3107.jpg,/kaggle/input/mvsasingle/MVSA_Single/data/3107.jpg,133,378,False,,[],0,0,positive
3108.jpg,/kaggle/input/mvsasingle/MVSA_Single/data/3108.jpg,448,599,False,,[],0,0,positive
3109.jpg,/kaggle/input/mvsasingle/MVSA_Single/data/3109.jpg,356,400,True,"HOTO
LOLOBO","[{'x': 60, 'y': 296}, {'x': 228, 'y': 296}, {'x': 228, 'y': 355}, {'x': 60, 'y': 355}]",59,168,neutral
311.jpg,/kaggle/input/mvsasingle/MVSA_Single/data/311.jpg,450,600,False,,[],0,0,neutral
3110.jpg,/kaggle/input/mvsasingle/MVSA_Single/data/3110.jpg,600,600,False,,[],0,0,positive
3111.jpg,/kaggle/input/mvsasingle/MVSA_Single/data/3111.jpg,289,598,True,"Sometimes
you must
lose
everything
to gain it
all...
E.L.Lindley
Dare to Lose
amazonkindle","[{'x': 31, 'y': 9}, {'x': 589, 'y': 9}, {'x': 589, 'y': 267}, {'x': 31, 'y': 267}]",258,558,negative
3112.jpg,/kaggle/input/mvsasingle/MVSA_Single/data/3112.jpg,428,599,False,,[],0,0,negative
3113.jpg,/kaggle/input/mvsasingle/MVSA_Single/data/3113.jpg,1024,576,False,,[],0,0,negative
3114.jpg,/kaggle/input/mvsasingle/MVSA_Single/data/3114.jpg,600,600,False,,[],0,0,positive
3115.jpg,/kaggle/input/mvsasingle/MVSA_Single/data/3115.jpg,1024,576,True,MEC,"[{'x': 0, 'y': 600}, {'x': 89, 'y': 600}, {'x': 89, 'y': 656}, {'x': 0, 'y': 656}]",56,89,positive
3116.jpg,/kaggle/input/mvsasingle/MVSA_Single/data/3116.jpg,600,600,False,,[],0,0,negative
3117.jpg,/kaggle/input/mvsasingle/MVSA_Single/data/3117.jpg,358,599,True,"INTRODUCING
EDWIN RICHFIELD
AS
THE SEA BRIGADIER","[{'x': 29, 'y': 219}, {'x': 374, 'y': 219}, {'x': 374, 'y': 348}, {'x': 29, 'y': 348}]",129,345,neutral
3118.jpg,/kaggle/input/mvsasingle/MVSA_Single/data/3118.jpg,472,504,True,"The Guardian shared a link.
7 hrs.
How Ellen Pao survived Reddit's swamp of trolls and
emerged a feminist icon
Silicon Valley's most controversial executive has personified the discrimination
and harassment directed at women in technology and on the internet. This is...
THEGUARDIAN.COM | BY BETH WINEGARNER
Like Comment Share 22 171","[{'x': 21, 'y': 19}, {'x': 462, 'y': 19}, {'x': 462, 'y': 456}, {'x': 21, 'y': 456}]",437,441,positive
3119.jpg,/kaggle/input/mvsasingle/MVSA_Single/data/3119.jpg,105,140,False,,[],0,0,positive
312.jpg,/kaggle/input/mvsasingle/MVSA_Single/data/312.jpg,303,598,True,"LAYAHINA
Photo By Hossam Ahmad
TheSyrianNetwork net 3 Syrian RevLens","[{'x': 23, 'y': 205}, {'x': 581, 'y': 205}, {'x': 581, 'y': 300}, {'x': 23, 'y': 300}]",95,558,positive
3120.jpg,/kaggle/input/mvsasingle/MVSA_Single/data/3120.jpg,313,600,True,"Ben's
Chile Bral
BET⭑
NETWORKS
ACK
IRLS
CK!
OSROCK
NETFLIX
TV
LAND","[{'x': 22, 'y': 13}, {'x': 582, 'y': 13}, {'x': 582, 'y': 291}, {'x': 22, 'y': 291}]",278,560,positive
3121.jpg,/kaggle/input/mvsasingle/MVSA_Single/data/3121.jpg,377,599,True,"""Every heart sings a song...
incomplete...
until another heart whispers back...
Those who wish to sing...
always find a song...
At the touch of a lover...
everyone becomes a poet...""
""Every heart sings a song...
incomplete...
until another heart whispers back...
Those who wish to sing...
always find a song...
At the touch of a lover...
everyone becomes a poet...""
And s
the Lion
Fell
Je La
worth the
Bamb","[{'x': 12, 'y': 62}, {'x': 593, 'y': 62}, {'x': 593, 'y': 360}, {'x': 12, 'y': 360}]",298,581,negative
3122.jpg,/kaggle/input/mvsasingle/MVSA_Single/data/3122.jpg,446,599,True,"#Save
FOREVER
To Family!","[{'x': 128, 'y': 16}, {'x': 478, 'y': 16}, {'x': 478, 'y': 434}, {'x': 128, 'y': 434}]",418,350,negative
3123.jpg,/kaggle/input/mvsasingle/MVSA_Single/data/3123.jpg,337,599,False,,[],0,0,negative
3124.jpg,/kaggle/input/mvsasingle/MVSA_Single/data/3124.jpg,386,600,False,,[],0,0,negative
3125.jpg,/kaggle/input/mvsasingle/MVSA_Single/data/3125.jpg,335,599,False,,[],0,0,negative
3126.jpg,/kaggle/input/mvsasingle/MVSA_Single/data/3126.jpg,806,408,False,,[],0,0,neutral
3127.jpg,/kaggle/input/mvsasingle/MVSA_Single/data/3127.jpg,651,599,True,"HAPPY BIRTH DAY
13 OF JULY","[{'x': 4, 'y': 342}, {'x': 597, 'y': 342}, {'x': 597, 'y': 470}, {'x': 4, 'y': 470}]",128,593,positive
3128.jpg,/kaggle/input/mvsasingle/MVSA_Single/data/3128.jpg,479,599,True,"FUCK
Police!!
THE","[{'x': 122, 'y': 151}, {'x': 187, 'y': 151}, {'x': 187, 'y': 212}, {'x': 122, 'y': 212}]",61,65,negative
3129.jpg,/kaggle/input/mvsasingle/MVSA_Single/data/3129.jpg,391,598,True,"Bartomeu: ""Abidal renovará
cuando juegue un partido""","[{'x': 33, 'y': 19}, {'x': 565, 'y': 19}, {'x': 565, 'y': 100}, {'x': 33, 'y': 100}]",81,532,positive
313.jpg,/kaggle/input/mvsasingle/MVSA_Single/data/313.jpg,401,599,True,"MBS
09000","[{'x': 466, 'y': 189}, {'x': 533, 'y': 189}, {'x': 533, 'y': 210}, {'x': 466, 'y': 210}]",21,67,positive
3130.jpg,/kaggle/input/mvsasingle/MVSA_Single/data/3130.jpg,450,600,True,edi,"[{'x': 433, 'y': 260}, {'x': 454, 'y': 260}, {'x': 454, 'y': 272}, {'x': 433, 'y': 272}]",12,21,positive
3131.jpg,/kaggle/input/mvsasingle/MVSA_Single/data/3131.jpg,479,380,False,,[],0,0,positive
3132.jpg,/kaggle/input/mvsasingle/MVSA_Single/data/3132.jpg,350,580,False,,[],0,0,positive
3133.jpg,/kaggle/input/mvsasingle/MVSA_Single/data/3133.jpg,1024,576,True,"ANDERSON
A
TONY RANK
PROG
THE ASKED FOR
THE FLUNKED
THE AUDITION
Zappa's
BONGO
FURY
ZAPPA? HE'S
NOT EVEN
HIP AS
A FOOL
Captain
Beetheart
40 years ago
Frank Zappa and
Captain Beefheart
went on tour. It
tore their friendsh
apart. This is the
inside story...
PLUS:
The 20 Zappa Songs A
Prog Fan Must Hear
Gail Zappa
Final Alb
a On Frank","[{'x': 0, 'y': 261}, {'x': 575, 'y': 261}, {'x': 575, 'y': 919}, {'x': 0, 'y': 919}]",658,575,positive
3134.jpg,/kaggle/input/mvsasingle/MVSA_Single/data/3134.jpg,337,599,False,,[],0,0,positive
3135.jpg,/kaggle/input/mvsasingle/MVSA_Single/data/3135.jpg,235,350,False,,[],0,0,neutral
3136.jpg,/kaggle/input/mvsasingle/MVSA_Single/data/3136.jpg,361,599,False,,[],0,0,positive
3137.jpg,/kaggle/input/mvsasingle/MVSA_Single/data/3137.jpg,450,600,False,,[],0,0,positive
3138.jpg,/kaggle/input/mvsasingle/MVSA_Single/data/3138.jpg,399,600,True,"Weyhrauch Law Group, LLP","[{'x': 13, 'y': 4}, {'x': 587, 'y': 4}, {'x': 587, 'y': 55}, {'x': 13, 'y': 55}]",51,574,positive
3139.jpg,/kaggle/input/mvsasingle/MVSA_Single/data/3139.jpg,300,300,False,,[],0,0,neutral
314.jpg,/kaggle/input/mvsasingle/MVSA_Single/data/314.jpg,600,600,False,,[],0,0,positive
3140.jpg,/kaggle/input/mvsasingle/MVSA_Single/data/3140.jpg,337,599,True,LENE,"[{'x': 378, 'y': 103}, {'x': 598, 'y': 103}, {'x': 598, 'y': 251}, {'x': 378, 'y': 251}]",148,220,positive
3141.jpg,/kaggle/input/mvsasingle/MVSA_Single/data/3141.jpg,399,600,True,"VITRA
el cambio QUE UNE","[{'x': 284, 'y': 197}, {'x': 341, 'y': 197}, {'x': 341, 'y': 346}, {'x': 284, 'y': 346}]",149,57,neutral
3142.jpg,/kaggle/input/mvsasingle/MVSA_Single/data/3142.jpg,399,599,True,"FELIX
DCM","[{'x': 178, 'y': 94}, {'x': 287, 'y': 94}, {'x': 287, 'y': 230}, {'x': 178, 'y': 230}]",136,109,negative
3143.jpg,/kaggle/input/mvsasingle/MVSA_Single/data/3143.jpg,450,600,False,,[],0,0,positive
3144.jpg,/kaggle/input/mvsasingle/MVSA_Single/data/3144.jpg,180,315,True,"Need GIRL
FRIEND?
Make new girl friends and
feel the love
Call Me","[{'x': 197, 'y': 49}, {'x': 311, 'y': 49}, {'x': 311, 'y': 150}, {'x': 197, 'y': 150}]",101,114,neutral
3146.jpg,/kaggle/input/mvsasingle/MVSA_Single/data/3146.jpg,367,572,False,,[],0,0,positive
3147.jpg,/kaggle/input/mvsasingle/MVSA_Single/data/3147.jpg,159,159,False,,[],0,0,positive
3148.jpg,/kaggle/input/mvsasingle/MVSA_Single/data/3148.jpg,804,600,True,"DRINK
GIN
RESPONSIBLY
DON'T
SPILL IT","[{'x': 121, 'y': 14}, {'x': 494, 'y': 14}, {'x': 494, 'y': 742}, {'x': 121, 'y': 742}]",728,373,positive
3149.jpg,/kaggle/input/mvsasingle/MVSA_Single/data/3149.jpg,1024,576,True,ceebok,"[{'x': 524, 'y': 496}, {'x': 575, 'y': 496}, {'x': 575, 'y': 510}, {'x': 524, 'y': 510}]",14,51,neutral
315.jpg,/kaggle/input/mvsasingle/MVSA_Single/data/315.jpg,258,562,False,,[],0,0,negative
3150.jpg,/kaggle/input/mvsasingle/MVSA_Single/data/3150.jpg,387,599,True,by: Hosam Salem,"[{'x': 496, 'y': 339}, {'x': 580, 'y': 339}, {'x': 580, 'y': 351}, {'x': 496, 'y': 351}]",12,84,positive
3151.jpg,/kaggle/input/mvsasingle/MVSA_Single/data/3151.jpg,402,599,True,"FAYS
240
MOORE 20 PITCHES
RASMUS
HOU 11
TB
03-2","[{'x': 17, 'y': 247}, {'x': 445, 'y': 247}, {'x': 445, 'y': 354}, {'x': 17, 'y': 354}]",107,428,negative
3152.jpg,/kaggle/input/mvsasingle/MVSA_Single/data/3152.jpg,905,600,True,"1
Karma
Attack
250
Special
Skill
Color-blind chameleon Karma
has an uncanny ability to stand
out in any crowd. She may not
be a master of disguise, but
when there's trouble she always
comes through with flying
colors.","[{'x': 26, 'y': 51}, {'x': 576, 'y': 51}, {'x': 576, 'y': 844}, {'x': 26, 'y': 844}]",793,550,neutral
3154.jpg,/kaggle/input/mvsasingle/MVSA_Single/data/3154.jpg,787,540,False,,[],0,0,negative
3155.jpg,/kaggle/input/mvsasingle/MVSA_Single/data/3155.jpg,337,600,True,"LACK
SANDLE","[{'x': 0, 'y': 141}, {'x': 56, 'y': 141}, {'x': 56, 'y': 201}, {'x': 0, 'y': 201}]",60,56,positive
3156.jpg,/kaggle/input/mvsasingle/MVSA_Single/data/3156.jpg,450,600,True,"INTERNAT
SAN DIT
COMIC
CON
COMIC
CON
CON","[{'x': 160, 'y': 125}, {'x': 432, 'y': 125}, {'x': 432, 'y': 323}, {'x': 160, 'y': 323}]",198,272,neutral
3157.jpg,/kaggle/input/mvsasingle/MVSA_Single/data/3157.jpg,898,600,False,,[],0,0,positive
3159.jpg,/kaggle/input/mvsasingle/MVSA_Single/data/3159.jpg,800,600,True,Canda Trust,"[{'x': 0, 'y': 88}, {'x': 60, 'y': 88}, {'x': 60, 'y': 100}, {'x': 0, 'y': 100}]",12,60,positive
316.jpg,/kaggle/input/mvsasingle/MVSA_Single/data/316.jpg,600,600,True,"99
W
AR","[{'x': 110, 'y': 479}, {'x': 190, 'y': 479}, {'x': 190, 'y': 564}, {'x': 110, 'y': 564}]",85,80,negative
3160.jpg,/kaggle/input/mvsasingle/MVSA_Single/data/3160.jpg,800,600,False,,[],0,0,positive
3161.jpg,/kaggle/input/mvsasingle/MVSA_Single/data/3161.jpg,600,600,True,"RMATION
Brooks
FIRST
LAON","[{'x': 0, 'y': 15}, {'x': 167, 'y': 15}, {'x': 167, 'y': 403}, {'x': 0, 'y': 403}]",388,167,neutral
3162.jpg,/kaggle/input/mvsasingle/MVSA_Single/data/3162.jpg,600,600,True,NO,"[{'x': 35, 'y': 62}, {'x': 66, 'y': 62}, {'x': 66, 'y': 102}, {'x': 35, 'y': 102}]",40,31,positive
3163.jpg,/kaggle/input/mvsasingle/MVSA_Single/data/3163.jpg,429,429,False,,[],0,0,neutral
3164.jpg,/kaggle/input/mvsasingle/MVSA_Single/data/3164.jpg,563,499,True,"AND ANSWER the Foll
Messings
of the p
→ to support you
A poet From the
boyphy of the
Jokite work of that
FollowINA QAS
Res
""And there's a loudness
to the whispers I hear.""
""Whispers shouldn't be
that loud, should they?""
PET","[{'x': 0, 'y': 30}, {'x': 371, 'y': 30}, {'x': 371, 'y': 550}, {'x': 0, 'y': 550}]",520,371,positive
3165.jpg,/kaggle/input/mvsasingle/MVSA_Single/data/3165.jpg,800,600,True,"LUCKY BAMBOO
Dracaena sanderiana
A long lasting plant Easy care Grows almost
anywhere indoors and weeks of enjoyment
CARE AND HANDLING
Change water every 7-10 days
Keep in 1-2 of water from the base of the canes
Pace in bright indirect sunlight indoors
Can be transplanted into a larger container about
ge than the orignial, or planted in sand or loose
average indoor temperatu
potting me with ample drainage Lid fertilizer a
hall the label cate every two months
5757 USDA Zones 10-11.
Perform well
CAUTION
Towing
pect fume","[{'x': 359, 'y': 16}, {'x': 599, 'y': 16}, {'x': 599, 'y': 306}, {'x': 359, 'y': 306}]",290,240,neutral
3166.jpg,/kaggle/input/mvsasingle/MVSA_Single/data/3166.jpg,337,599,True,"LICE
7359
POLICE
POLICE","[{'x': 79, 'y': 145}, {'x': 401, 'y': 145}, {'x': 401, 'y': 303}, {'x': 79, 'y': 303}]",158,322,negative
3167.jpg,/kaggle/input/mvsasingle/MVSA_Single/data/3167.jpg,400,600,True,"CITY OF FAIRFAX
POLICE
26","[{'x': 60, 'y': 205}, {'x': 311, 'y': 205}, {'x': 311, 'y': 299}, {'x': 60, 'y': 299}]",94,251,negative
3168.jpg,/kaggle/input/mvsasingle/MVSA_Single/data/3168.jpg,721,600,False,,[],0,0,positive
3169.jpg,/kaggle/input/mvsasingle/MVSA_Single/data/3169.jpg,400,600,False,,[],0,0,neutral
317.jpg,/kaggle/input/mvsasingle/MVSA_Single/data/317.jpg,416,416,False,,[],0,0,neutral
3170.jpg,/kaggle/input/mvsasingle/MVSA_Single/data/3170.jpg,371,526,False,,[],0,0,negative
3171.jpg,/kaggle/input/mvsasingle/MVSA_Single/data/3171.jpg,473,473,False,,[],0,0,positive
3172.jpg,/kaggle/input/mvsasingle/MVSA_Single/data/3172.jpg,286,194,True,John Wilding,"[{'x': 16, 'y': 252}, {'x': 166, 'y': 252}, {'x': 166, 'y': 277}, {'x': 16, 'y': 277}]",25,150,positive
3173.jpg,/kaggle/input/mvsasingle/MVSA_Single/data/3173.jpg,600,600,False,,[],0,0,positive
3174.jpg,/kaggle/input/mvsasingle/MVSA_Single/data/3174.jpg,300,600,True,"02
KIKO
KIKO
MILANO","[{'x': 87, 'y': 4}, {'x': 366, 'y': 4}, {'x': 366, 'y': 131}, {'x': 87, 'y': 131}]",127,279,neutral
3175.jpg,/kaggle/input/mvsasingle/MVSA_Single/data/3175.jpg,292,560,True,"EVICTION NOTICE
You have 33 weeks to vacate this","[{'x': 2, 'y': 215}, {'x': 402, 'y': 215}, {'x': 402, 'y': 291}, {'x': 2, 'y': 291}]",76,400,positive
3176.jpg,/kaggle/input/mvsasingle/MVSA_Single/data/3176.jpg,450,600,True,AKDONG MUSICIAN DEBUT ALBUM PLDY,"[{'x': 71, 'y': 142}, {'x': 442, 'y': 142}, {'x': 442, 'y': 381}, {'x': 71, 'y': 381}]",239,371,negative
3177.jpg,/kaggle/input/mvsasingle/MVSA_Single/data/3177.jpg,450,600,True,AKDONG MUSICIAN DEBUT ALBUM PLDY,"[{'x': 71, 'y': 142}, {'x': 442, 'y': 142}, {'x': 442, 'y': 381}, {'x': 71, 'y': 381}]",239,371,positive
3178.jpg,/kaggle/input/mvsasingle/MVSA_Single/data/3178.jpg,1066,600,True,IT,"[{'x': 256, 'y': 507}, {'x': 369, 'y': 507}, {'x': 369, 'y': 570}, {'x': 256, 'y': 570}]",63,113,negative
3179.jpg,/kaggle/input/mvsasingle/MVSA_Single/data/3179.jpg,372,599,False,,[],0,0,negative
318.jpg,/kaggle/input/mvsasingle/MVSA_Single/data/318.jpg,640,480,True,IRVANA,"[{'x': 230, 'y': 204}, {'x': 404, 'y': 204}, {'x': 404, 'y': 445}, {'x': 230, 'y': 445}]",241,174,negative
3180.jpg,/kaggle/input/mvsasingle/MVSA_Single/data/3180.jpg,500,500,False,,[],0,0,positive
3181.jpg,/kaggle/input/mvsasingle/MVSA_Single/data/3181.jpg,332,600,True,"Heat Index
100
Warsaw
100 100
EARLY
WARNING
RIGHT NOW
98
Rolla
101 Osceola Camdenton 102R
Nevada 97 99 Ft Wood 98
100
Lebanon
Salem
Bolivar
Lamar
97
99
Joplin 6 Springfield
Monett
99 Marshfield
98
Houston
98
97
98
Rogers
Branson
94
Eminence
West Plains
99
96 Mtn Home
Harrison
97
Ava","[{'x': 186, 'y': 16}, {'x': 476, 'y': 16}, {'x': 476, 'y': 285}, {'x': 186, 'y': 285}]",269,290,positive
3182.jpg,/kaggle/input/mvsasingle/MVSA_Single/data/3182.jpg,449,599,True,wcoo,"[{'x': 167, 'y': 296}, {'x': 199, 'y': 296}, {'x': 199, 'y': 341}, {'x': 167, 'y': 341}]",45,32,negative
3183.jpg,/kaggle/input/mvsasingle/MVSA_Single/data/3183.jpg,317,431,True,"BENGHAZI
GATE
MR. HICKS
The Last Man, To Ever Speak With
Christopher Stevens Alive, Was
Demoted By Hillary Clinton
For Telling His Story","[{'x': 29, 'y': 29}, {'x': 391, 'y': 29}, {'x': 391, 'y': 302}, {'x': 29, 'y': 302}]",273,362,neutral
3184.jpg,/kaggle/input/mvsasingle/MVSA_Single/data/3184.jpg,312,451,True,"RUSSIA
ERICALLE
UH... LET ME
BE CLEAR... UH...
UH..THERE WILL
BE COSTS...
UH... MAKE NO
MISTAKE...
UH UH....
..UH
I THINK
HE'S TRYING
TO PLAY
BRAIN DEAD
SHIFF
SNIFF","[{'x': 22, 'y': 1}, {'x': 445, 'y': 1}, {'x': 445, 'y': 252}, {'x': 22, 'y': 252}]",251,423,negative
3185.jpg,/kaggle/input/mvsasingle/MVSA_Single/data/3185.jpg,445,600,True,"Los
for President
Hillary
Welcome!
to
Mason City
IOWA
lowa
wwwww","[{'x': 5, 'y': 154}, {'x': 591, 'y': 154}, {'x': 591, 'y': 444}, {'x': 5, 'y': 444}]",290,586,positive
3186.jpg,/kaggle/input/mvsasingle/MVSA_Single/data/3186.jpg,450,600,True,"34
#SoapboxRace","[{'x': 246, 'y': 328}, {'x': 552, 'y': 328}, {'x': 552, 'y': 436}, {'x': 246, 'y': 436}]",108,306,positive
3187.jpg,/kaggle/input/mvsasingle/MVSA_Single/data/3187.jpg,406,599,False,,[],0,0,positive
3188.jpg,/kaggle/input/mvsasingle/MVSA_Single/data/3188.jpg,1024,575,True,"oooo AT&T LTE *
<
4:10 PM
370 of 523
1:46
33%
!!!
Janzin Squats
RIGHT
HERE
RIGHT
NOW
-1:04
Right Here Right Now
Jordin Sparks & Whitney Houston - Right Here Right No
II
Repeat All
Create
Shuffle","[{'x': 10, 'y': 8}, {'x': 574, 'y': 8}, {'x': 574, 'y': 1011}, {'x': 10, 'y': 1011}]",1003,564,negative
319.jpg,/kaggle/input/mvsasingle/MVSA_Single/data/319.jpg,350,300,False,,[],0,0,negative
3190.jpg,/kaggle/input/mvsasingle/MVSA_Single/data/3190.jpg,800,600,False,,[],0,0,negative
3191.jpg,/kaggle/input/mvsasingle/MVSA_Single/data/3191.jpg,1024,576,False,,[],0,0,positive
3192.jpg,/kaggle/input/mvsasingle/MVSA_Single/data/3192.jpg,801,600,True,"태형이의
투마이딩10","[{'x': 383, 'y': 619}, {'x': 597, 'y': 619}, {'x': 597, 'y': 800}, {'x': 383, 'y': 800}]",181,214,positive
3193.jpg,/kaggle/input/mvsasingle/MVSA_Single/data/3193.jpg,664,599,False,,[],0,0,positive
3194.jpg,/kaggle/input/mvsasingle/MVSA_Single/data/3194.jpg,337,599,True,"OL
WH
HAI","[{'x': 109, 'y': 229}, {'x': 288, 'y': 229}, {'x': 288, 'y': 333}, {'x': 109, 'y': 333}]",104,179,negative
3195.jpg,/kaggle/input/mvsasingle/MVSA_Single/data/3195.jpg,450,600,True,"NATION
LEVICE
Radar Update 1:34 PM MDT
Impacts and Motion:
Lightning: Occasional to
Frequent
Hail: Pea to Penny sized.
Wind: Gusts to 50 mph
Gallup
R
Farmington
Tierra Amarilla
Questa
Taos
Mora
Cuba
Espanola
Santa Fe
Las Vegas
Grants
Albus verque
Los Lunas
Vaughn
Spring
Santa R
Rain Amt.: 0.50""-1.0""
aint John
locally up to 1.5""
Motion: NNE @ 5-15
Reserve
mph
Trend: Increasing
@NWSAlbuquerque
Socorro
Corona
Carrizozo
Ruidoso
weather.gov/abg
Find us on Facebook
Ro","[{'x': 0, 'y': 22}, {'x': 599, 'y': 22}, {'x': 599, 'y': 443}, {'x': 0, 'y': 443}]",421,599,positive
3196.jpg,/kaggle/input/mvsasingle/MVSA_Single/data/3196.jpg,448,599,True,"JOYO
POWER SUPPLY 4
DC 9V OUT
E
100mA
100mA
100mA
4
100mA
6
100mA
250mA
250mA
BE AV OUT
100MA
948
DC OUT
D
100mA
门口人口","[{'x': 60, 'y': 105}, {'x': 528, 'y': 105}, {'x': 528, 'y': 432}, {'x': 60, 'y': 432}]",327,468,negative
3197.jpg,/kaggle/input/mvsasingle/MVSA_Single/data/3197.jpg,396,600,False,,[],0,0,positive
3198.jpg,/kaggle/input/mvsasingle/MVSA_Single/data/3198.jpg,450,600,True,Copyright Tom Stahl 2014,"[{'x': 429, 'y': 433}, {'x': 599, 'y': 433}, {'x': 599, 'y': 448}, {'x': 429, 'y': 448}]",15,170,negative
3199.jpg,/kaggle/input/mvsasingle/MVSA_Single/data/3199.jpg,316,450,True,"BIGSTACK
www.bigstock.com 73743883","[{'x': 127, 'y': 125}, {'x': 320, 'y': 125}, {'x': 320, 'y': 313}, {'x': 127, 'y': 313}]",188,193,positive
32.jpg,/kaggle/input/mvsasingle/MVSA_Single/data/32.jpg,337,599,True,"KENTUCKY
2
טם","[{'x': 267, 'y': 205}, {'x': 328, 'y': 205}, {'x': 328, 'y': 279}, {'x': 267, 'y': 279}]",74,61,positive
320.jpg,/kaggle/input/mvsasingle/MVSA_Single/data/320.jpg,396,594,True,RO,"[{'x': 75, 'y': 277}, {'x': 98, 'y': 277}, {'x': 98, 'y': 296}, {'x': 75, 'y': 296}]",19,23,negative
3200.jpg,/kaggle/input/mvsasingle/MVSA_Single/data/3200.jpg,300,220,True,www,"[{'x': 16, 'y': 109}, {'x': 50, 'y': 109}, {'x': 50, 'y': 127}, {'x': 16, 'y': 127}]",18,34,neutral
3201.jpg,/kaggle/input/mvsasingle/MVSA_Single/data/3201.jpg,727,600,True,"eamstime
dream
Download from
Dreamstime.com
The watermarked como image is for oneviewing purposes only
27423653
Tony Taylor | Dreamstime.com","[{'x': 222, 'y': 12}, {'x': 592, 'y': 12}, {'x': 592, 'y': 673}, {'x': 222, 'y': 673}]",661,370,neutral
3202.jpg,/kaggle/input/mvsasingle/MVSA_Single/data/3202.jpg,337,599,True,"9:10
Old Mission DOPPLER
Chateau Chantal","[{'x': 299, 'y': 26}, {'x': 495, 'y': 26}, {'x': 495, 'y': 75}, {'x': 299, 'y': 75}]",49,196,negative
3203.jpg,/kaggle/input/mvsasingle/MVSA_Single/data/3203.jpg,750,600,True,鳋,"[{'x': 235, 'y': 6}, {'x': 332, 'y': 6}, {'x': 332, 'y': 111}, {'x': 235, 'y': 111}]",105,97,negative
3204.jpg,/kaggle/input/mvsasingle/MVSA_Single/data/3204.jpg,384,599,True,"ECON
ECON
EXCON
ECO
COM
ECO
CON CON
TIONAL INTERNATIONAL INTERNATIONAL INTERNATIONAL INTERNATIONA
SAN DIEGO SAN DIEGO SAN DIEGO SAN DIEG
CON CON CON CON
INTERNATIONAL INTERNATIONAL INTERNATIONAL INTERNATIONAL
EN BIEGO SAN DIEGO SAN DIEGO SAN DIEG
NCON CON CON CON
TERNATIONAL INTERNATIONAL
NEGO SAN DIEG
WCON
NTERNATIONAL
AN DIEG
CON","[{'x': 171, 'y': 0}, {'x': 598, 'y': 0}, {'x': 598, 'y': 383}, {'x': 171, 'y': 383}]",383,427,neutral
3205.jpg,/kaggle/input/mvsasingle/MVSA_Single/data/3205.jpg,198,350,True,"The New Park Times
Ashley Parker
@ASHLEYPARKER
WASHINGTON
15
T","[{'x': 9, 'y': 1}, {'x': 331, 'y': 1}, {'x': 331, 'y': 185}, {'x': 9, 'y': 185}]",184,322,positive
3206.jpg,/kaggle/input/mvsasingle/MVSA_Single/data/3206.jpg,600,600,False,,[],0,0,neutral
3207.jpg,/kaggle/input/mvsasingle/MVSA_Single/data/3207.jpg,337,599,True,"Harada or this guy.
You choose who gets thrown in there.
10テレ
UNITY","[{'x': 138, 'y': 20}, {'x': 568, 'y': 20}, {'x': 568, 'y': 316}, {'x': 138, 'y': 316}]",296,430,neutral
3208.jpg,/kaggle/input/mvsasingle/MVSA_Single/data/3208.jpg,537,599,True,LITTLE-MIX.ORG,"[{'x': 498, 'y': 511}, {'x': 563, 'y': 511}, {'x': 563, 'y': 525}, {'x': 498, 'y': 525}]",14,65,positive
3209.jpg,/kaggle/input/mvsasingle/MVSA_Single/data/3209.jpg,337,599,False,,[],0,0,neutral
321.jpg,/kaggle/input/mvsasingle/MVSA_Single/data/321.jpg,1024,576,False,,[],0,0,neutral
3210.jpg,/kaggle/input/mvsasingle/MVSA_Single/data/3210.jpg,470,599,True,LD,"[{'x': 474, 'y': 65}, {'x': 486, 'y': 65}, {'x': 486, 'y': 87}, {'x': 474, 'y': 87}]",22,12,neutral
3211.jpg,/kaggle/input/mvsasingle/MVSA_Single/data/3211.jpg,800,600,False,,[],0,0,positive
3212.jpg,/kaggle/input/mvsasingle/MVSA_Single/data/3212.jpg,800,600,False,,[],0,0,positive
3213.jpg,/kaggle/input/mvsasingle/MVSA_Single/data/3213.jpg,600,600,False,,[],0,0,neutral
3214.jpg,/kaggle/input/mvsasingle/MVSA_Single/data/3214.jpg,856,600,True,"THE
DC FASTEST
SUPER- PET
PETS EARTH
by
J.E. Bright
illustrated by
Art Baltazar","[{'x': 50, 'y': 29}, {'x': 582, 'y': 29}, {'x': 582, 'y': 828}, {'x': 50, 'y': 828}]",799,532,neutral
3215.jpg,/kaggle/input/mvsasingle/MVSA_Single/data/3215.jpg,353,600,True,"M MORRISONS
JESSICA
117464
PUMAX
Newham London
JESSICA IS RAISING MONEY FOR
Dyspraxia Foundahon
We are running
to raise awareness
of dyspraxia and to help others especially
my frend Rosie e
#dyspraxiaawareness
RMDF87
AND £5 TO
70070
JustTextGiving
by Ovodafone","[{'x': 4, 'y': 67}, {'x': 570, 'y': 67}, {'x': 570, 'y': 316}, {'x': 4, 'y': 316}]",249,566,positive
3216.jpg,/kaggle/input/mvsasingle/MVSA_Single/data/3216.jpg,696,591,False,,[],0,0,positive
3217.jpg,/kaggle/input/mvsasingle/MVSA_Single/data/3217.jpg,911,600,True,SP,"[{'x': 359, 'y': 775}, {'x': 482, 'y': 775}, {'x': 482, 'y': 910}, {'x': 359, 'y': 910}]",135,123,positive
3218.jpg,/kaggle/input/mvsasingle/MVSA_Single/data/3218.jpg,600,437,True,"NO TWO
LEAVES
ARE ALIKE
AND YET
THERE IS NO
ANTAGONISM
BETWEEN
THEM
OR
BETWEEN THE
BRANCHES
ON WHICH THEY
GROW.
MOHANDAS KARAMCHAND GANDHI","[{'x': 36, 'y': 48}, {'x': 404, 'y': 48}, {'x': 404, 'y': 544}, {'x': 36, 'y': 544}]",496,368,neutral
3219.jpg,/kaggle/input/mvsasingle/MVSA_Single/data/3219.jpg,516,599,True,"Messages Baaaaaby →
Contac
I love you
I know your upset with me
Baby
Go outside babe
Me too
BLOO
Text Message
Sen","[{'x': 21, 'y': 11}, {'x': 514, 'y': 11}, {'x': 514, 'y': 506}, {'x': 21, 'y': 506}]",495,493,positive
322.jpg,/kaggle/input/mvsasingle/MVSA_Single/data/322.jpg,800,600,False,,[],0,0,positive
3220.jpg,/kaggle/input/mvsasingle/MVSA_Single/data/3220.jpg,800,600,False,,[],0,0,positive
3221.jpg,/kaggle/input/mvsasingle/MVSA_Single/data/3221.jpg,419,599,False,,[],0,0,positive
3222.jpg,/kaggle/input/mvsasingle/MVSA_Single/data/3222.jpg,600,489,False,,[],0,0,positive
3223.jpg,/kaggle/input/mvsasingle/MVSA_Single/data/3223.jpg,428,400,True,"ANOBLE HART MAY HAVE NANE EAS
CIF FREEDOM
FAILYE","[{'x': 39, 'y': 2}, {'x': 360, 'y': 2}, {'x': 360, 'y': 427}, {'x': 39, 'y': 427}]",425,321,negative
3224.jpg,/kaggle/input/mvsasingle/MVSA_Single/data/3224.jpg,600,600,False,,[],0,0,neutral
3225.jpg,/kaggle/input/mvsasingle/MVSA_Single/data/3225.jpg,337,599,False,,[],0,0,negative
3226.jpg,/kaggle/input/mvsasingle/MVSA_Single/data/3226.jpg,450,600,False,,[],0,0,neutral
3227.jpg,/kaggle/input/mvsasingle/MVSA_Single/data/3227.jpg,554,600,False,,[],0,0,neutral
3228.jpg,/kaggle/input/mvsasingle/MVSA_Single/data/3228.jpg,800,600,True,"CALIFOR
AFOR","[{'x': 52, 'y': 609}, {'x': 539, 'y': 609}, {'x': 539, 'y': 797}, {'x': 52, 'y': 797}]",188,487,negative
3229.jpg,/kaggle/input/mvsasingle/MVSA_Single/data/3229.jpg,798,599,True,"CAMEL
SQUEFTE
CLICK
CHANGE","[{'x': 428, 'y': 695}, {'x': 524, 'y': 695}, {'x': 524, 'y': 777}, {'x': 428, 'y': 777}]",82,96,negative
323.jpg,/kaggle/input/mvsasingle/MVSA_Single/data/323.jpg,298,600,True,"WATCH IT NOW
ON BLU-RAY™ & DVD
R
CM
Z>
ZN
шш
R","[{'x': 9, 'y': 6}, {'x': 593, 'y': 6}, {'x': 593, 'y': 294}, {'x': 9, 'y': 294}]",288,584,positive
3230.jpg,/kaggle/input/mvsasingle/MVSA_Single/data/3230.jpg,600,600,False,,[],0,0,neutral
3231.jpg,/kaggle/input/mvsasingle/MVSA_Single/data/3231.jpg,456,599,False,,[],0,0,positive
3232.jpg,/kaggle/input/mvsasingle/MVSA_Single/data/3232.jpg,353,600,True,"TSUN
IR","[{'x': 192, 'y': 0}, {'x': 291, 'y': 0}, {'x': 291, 'y': 72}, {'x': 192, 'y': 72}]",72,99,positive
3233.jpg,/kaggle/input/mvsasingle/MVSA_Single/data/3233.jpg,450,600,False,,[],0,0,positive
3234.jpg,/kaggle/input/mvsasingle/MVSA_Single/data/3234.jpg,1024,576,False,,[],0,0,negative
3235.jpg,/kaggle/input/mvsasingle/MVSA_Single/data/3235.jpg,1024,576,True,L@BasedDevjay,"[{'x': 198, 'y': 482}, {'x': 364, 'y': 482}, {'x': 364, 'y': 504}, {'x': 198, 'y': 504}]",22,166,positive
3236.jpg,/kaggle/input/mvsasingle/MVSA_Single/data/3236.jpg,548,599,False,,[],0,0,positive
3237.jpg,/kaggle/input/mvsasingle/MVSA_Single/data/3237.jpg,450,600,False,,[],0,0,positive
3238.jpg,/kaggle/input/mvsasingle/MVSA_Single/data/3238.jpg,304,240,False,,[],0,0,positive
3239.jpg,/kaggle/input/mvsasingle/MVSA_Single/data/3239.jpg,762,573,True,TOKY,"[{'x': 236, 'y': 292}, {'x': 352, 'y': 292}, {'x': 352, 'y': 357}, {'x': 236, 'y': 357}]",65,116,positive
324.jpg,/kaggle/input/mvsasingle/MVSA_Single/data/324.jpg,474,474,False,,[],0,0,neutral
3240.jpg,/kaggle/input/mvsasingle/MVSA_Single/data/3240.jpg,399,599,True,"NUXE
Brume
Hydratants
Fraichest
SHAMAN
B
33RC","[{'x': 149, 'y': 160}, {'x': 299, 'y': 160}, {'x': 299, 'y': 327}, {'x': 149, 'y': 327}]",167,150,positive
3241.jpg,/kaggle/input/mvsasingle/MVSA_Single/data/3241.jpg,405,599,False,,[],0,0,positive
3242.jpg,/kaggle/input/mvsasingle/MVSA_Single/data/3242.jpg,1024,576,True,L@BasedDevjay,"[{'x': 198, 'y': 482}, {'x': 364, 'y': 482}, {'x': 364, 'y': 504}, {'x': 198, 'y': 504}]",22,166,positive
3243.jpg,/kaggle/input/mvsasingle/MVSA_Single/data/3243.jpg,800,600,True,"Longley
DOUB
nairn's
gluten free
oatcakes
n
ns
Pree
akes","[{'x': 376, 'y': 537}, {'x': 462, 'y': 537}, {'x': 462, 'y': 723}, {'x': 376, 'y': 723}]",186,86,neutral
3244.jpg,/kaggle/input/mvsasingle/MVSA_Single/data/3244.jpg,461,599,True,"0
ward ""H
5-Archi
rge
Ohio State Heismans,","[{'x': 167, 'y': 145}, {'x': 416, 'y': 145}, {'x': 416, 'y': 397}, {'x': 167, 'y': 397}]",252,249,positive
3245.jpg,/kaggle/input/mvsasingle/MVSA_Single/data/3245.jpg,600,600,False,,[],0,0,positive
3246.jpg,/kaggle/input/mvsasingle/MVSA_Single/data/3246.jpg,1024,576,False,,[],0,0,positive
3247.jpg,/kaggle/input/mvsasingle/MVSA_Single/data/3247.jpg,375,500,False,,[],0,0,positive
3248.jpg,/kaggle/input/mvsasingle/MVSA_Single/data/3248.jpg,170,170,True,"LEFTOVER SALMON
ALASKA
BUST
AQUATIC HITCHHIKER","[{'x': 30, 'y': 15}, {'x': 140, 'y': 15}, {'x': 140, 'y': 156}, {'x': 30, 'y': 156}]",141,110,positive
3249.jpg,/kaggle/input/mvsasingle/MVSA_Single/data/3249.jpg,600,600,True,"das
EAGLES","[{'x': 374, 'y': 383}, {'x': 488, 'y': 383}, {'x': 488, 'y': 500}, {'x': 374, 'y': 500}]",117,114,positive
325.jpg,/kaggle/input/mvsasingle/MVSA_Single/data/325.jpg,800,600,True,"TESOLAME
WE TRUST
DOLLARS","[{'x': 369, 'y': 381}, {'x': 499, 'y': 381}, {'x': 499, 'y': 481}, {'x': 369, 'y': 481}]",100,130,positive
3250.jpg,/kaggle/input/mvsasingle/MVSA_Single/data/3250.jpg,800,600,True,Owry Tutor,"[{'x': 416, 'y': 480}, {'x': 452, 'y': 480}, {'x': 452, 'y': 495}, {'x': 416, 'y': 495}]",15,36,neutral
3251.jpg,/kaggle/input/mvsasingle/MVSA_Single/data/3251.jpg,330,600,True,"Maldon
SEA SALT","[{'x': 469, 'y': 65}, {'x': 554, 'y': 65}, {'x': 554, 'y': 104}, {'x': 469, 'y': 104}]",39,85,neutral
3252.jpg,/kaggle/input/mvsasingle/MVSA_Single/data/3252.jpg,808,595,True,"PIERCE
THE VEIL
HALESTORM
6
HOT-AS-HELL
POSTERS!
TONIGHT ALIVE
WORLD-EXCLUSIVE INTERVIEW!
BIFFY CLYRO
SIMON REVEALS WHAT HAPPENS NEXT!
NG!
WIN!
DROP DEAD
GEAR!
WARPED
CHAOS
WHY IS FRONT
PORCH STEP THERE?
SEX! TEARS!
MASHED POTATO!
BLACK
VEIL
BRIDES
CENSORED! TALES FROM
NIRVANA, SLAYER, MANSON!
AND THE ALBUM SLEEVES YOU
ALMOST NEVER SAW!
THE TOUR BUS!
YOU WON'T BELIEVE
WHAT GOES ON...
KORN
JONATHAN DAVIS
FACES HIS REGRETS
HORIZON
HAVE YOU CRACKED
THEIR RIDDLE?
ASHESTO
ANGELS
HOW NEW GRAVE
SAVED CRILLY'S LIFE
ISSUE NO 1576
JUL 11 2015/£2.20 AUG: $6.95
776262 662155
WWW.KERRANG.COM","[{'x': 0, 'y': 5}, {'x': 594, 'y': 5}, {'x': 594, 'y': 798}, {'x': 0, 'y': 798}]",793,594,positive
3253.jpg,/kaggle/input/mvsasingle/MVSA_Single/data/3253.jpg,219,320,False,,[],0,0,neutral
3254.jpg,/kaggle/input/mvsasingle/MVSA_Single/data/3254.jpg,800,533,True,"ELLIE CAMPBELL
SO MANY SECRETS...SO LITTLE TIME
LOOKING
FOR
LA LA","[{'x': 21, 'y': 29}, {'x': 502, 'y': 29}, {'x': 502, 'y': 755}, {'x': 21, 'y': 755}]",726,481,negative
3255.jpg,/kaggle/input/mvsasingle/MVSA_Single/data/3255.jpg,450,600,True,"+
H","[{'x': 312, 'y': 195}, {'x': 538, 'y': 195}, {'x': 538, 'y': 283}, {'x': 312, 'y': 283}]",88,226,neutral
3256.jpg,/kaggle/input/mvsasingle/MVSA_Single/data/3256.jpg,450,600,False,,[],0,0,neutral
3257.jpg,/kaggle/input/mvsasingle/MVSA_Single/data/3257.jpg,420,584,True,"GO TO WORK
GO TO WORK
GO TO WORK
GO TO WORK
GO TO WORK
GO TO WORK
Go To WORK
GO TO WORK
GO TO WORK
GO TO WORK
Go To WORK
GO TO WORK
Go To WORK","[{'x': 160, 'y': 12}, {'x': 386, 'y': 12}, {'x': 386, 'y': 413}, {'x': 160, 'y': 413}]",401,226,neutral
3258.jpg,/kaggle/input/mvsasingle/MVSA_Single/data/3258.jpg,449,599,True,Caerd,"[{'x': 6, 'y': 270}, {'x': 46, 'y': 270}, {'x': 46, 'y': 283}, {'x': 6, 'y': 283}]",13,40,negative
3259.jpg,/kaggle/input/mvsasingle/MVSA_Single/data/3259.jpg,752,500,False,,[],0,0,positive
326.jpg,/kaggle/input/mvsasingle/MVSA_Single/data/326.jpg,600,600,False,,[],0,0,positive
3260.jpg,/kaggle/input/mvsasingle/MVSA_Single/data/3260.jpg,579,579,False,,[],0,0,neutral
3261.jpg,/kaggle/input/mvsasingle/MVSA_Single/data/3261.jpg,801,600,True,Blayze/Splash News,"[{'x': 15, 'y': 789}, {'x': 132, 'y': 789}, {'x': 132, 'y': 800}, {'x': 15, 'y': 800}]",11,117,positive
3262.jpg,/kaggle/input/mvsasingle/MVSA_Single/data/3262.jpg,700,487,False,,[],0,0,negative
3263.jpg,/kaggle/input/mvsasingle/MVSA_Single/data/3263.jpg,450,600,False,,[],0,0,negative
3264.jpg,/kaggle/input/mvsasingle/MVSA_Single/data/3264.jpg,450,600,True,032,"[{'x': 240, 'y': 95}, {'x': 261, 'y': 95}, {'x': 261, 'y': 104}, {'x': 240, 'y': 104}]",9,21,negative
3265.jpg,/kaggle/input/mvsasingle/MVSA_Single/data/3265.jpg,749,500,True,11,"[{'x': 336, 'y': 354}, {'x': 486, 'y': 354}, {'x': 486, 'y': 460}, {'x': 336, 'y': 460}]",106,150,positive
3266.jpg,/kaggle/input/mvsasingle/MVSA_Single/data/3266.jpg,600,600,True,arellybass,"[{'x': 32, 'y': 256}, {'x': 154, 'y': 256}, {'x': 154, 'y': 359}, {'x': 32, 'y': 359}]",103,122,positive
3267.jpg,/kaggle/input/mvsasingle/MVSA_Single/data/3267.jpg,676,599,True,Vintage Barbies,"[{'x': 436, 'y': 643}, {'x': 590, 'y': 643}, {'x': 590, 'y': 668}, {'x': 436, 'y': 668}]",25,154,positive
3268.jpg,/kaggle/input/mvsasingle/MVSA_Single/data/3268.jpg,450,600,True,11,"[{'x': 116, 'y': 279}, {'x': 128, 'y': 279}, {'x': 128, 'y': 292}, {'x': 116, 'y': 292}]",13,12,positive
3269.jpg,/kaggle/input/mvsasingle/MVSA_Single/data/3269.jpg,337,599,False,,[],0,0,positive
327.jpg,/kaggle/input/mvsasingle/MVSA_Single/data/327.jpg,600,600,True,Run.,"[{'x': 237, 'y': 244}, {'x': 365, 'y': 244}, {'x': 365, 'y': 286}, {'x': 237, 'y': 286}]",42,128,positive
3270.jpg,/kaggle/input/mvsasingle/MVSA_Single/data/3270.jpg,396,600,False,,[],0,0,positive
3271.jpg,/kaggle/input/mvsasingle/MVSA_Single/data/3271.jpg,515,599,True,"HOW CAN I EXPECt
Any one to
LOVE
me WHEN
ALL
DO IS
BEG +O
BE Alone?","[{'x': 74, 'y': 200}, {'x': 503, 'y': 200}, {'x': 503, 'y': 304}, {'x': 74, 'y': 304}]",104,429,negative
3272.jpg,/kaggle/input/mvsasingle/MVSA_Single/data/3272.jpg,600,600,True,M,"[{'x': 363, 'y': 373}, {'x': 373, 'y': 373}, {'x': 373, 'y': 377}, {'x': 363, 'y': 377}]",4,10,positive
3273.jpg,/kaggle/input/mvsasingle/MVSA_Single/data/3273.jpg,583,600,False,,[],0,0,negative
3274.jpg,/kaggle/input/mvsasingle/MVSA_Single/data/3274.jpg,600,600,False,,[],0,0,positive
3275.jpg,/kaggle/input/mvsasingle/MVSA_Single/data/3275.jpg,400,599,False,,[],0,0,negative
3276.jpg,/kaggle/input/mvsasingle/MVSA_Single/data/3276.jpg,800,600,True,"TRAGIME
24
LING
DEFENDERS
UNDER
30","[{'x': 139, 'y': 213}, {'x': 463, 'y': 213}, {'x': 463, 'y': 447}, {'x': 139, 'y': 447}]",234,324,positive
3277.jpg,/kaggle/input/mvsasingle/MVSA_Single/data/3277.jpg,450,600,False,,[],0,0,negative
3278.jpg,/kaggle/input/mvsasingle/MVSA_Single/data/3278.jpg,775,574,True,"ESDAY, JUNE 2, 2015
nguard
ports
Sharap! It's ova Pg.62)
That Flying
Eagles faux
pas against
Brazil
E DASSEV
FRENCE
errors b
Under-2
Nigeria","[{'x': 0, 'y': 44}, {'x': 573, 'y': 44}, {'x': 573, 'y': 774}, {'x': 0, 'y': 774}]",730,573,positive
3279.jpg,/kaggle/input/mvsasingle/MVSA_Single/data/3279.jpg,300,600,True,"DJOKOVIC
CHA
WIMBLEDON
FEDERER
7-6(1), 6-7(10), 6-4, 6-3
74 % OF 1ST SERVE PTS WON 74
40 % OF BREAK POINTS WON 14
46
WINNERS
58
16
UNFORCED ERRORS
35
#WIMBLEDON
WIMBLEDON.COM","[{'x': 7, 'y': 17}, {'x': 217, 'y': 17}, {'x': 217, 'y': 292}, {'x': 7, 'y': 292}]",275,210,positive
328.jpg,/kaggle/input/mvsasingle/MVSA_Single/data/328.jpg,600,600,True,"D
S
TRAVISSOMETHINGWIRELESS PRESENTS
VALENTINE'S
HOSTED BY
SCARLITO23
HOSTED BY
PSXTRECE
NAKIDA'S
BDAY BASH
DRUNK
SATURDAY
FEB 146H
TAKE TAKE ONE
333 NE 79ST","[{'x': 0, 'y': 4}, {'x': 484, 'y': 4}, {'x': 484, 'y': 592}, {'x': 0, 'y': 592}]",588,484,positive
3280.jpg,/kaggle/input/mvsasingle/MVSA_Single/data/3280.jpg,450,600,False,,[],0,0,positive
3281.jpg,/kaggle/input/mvsasingle/MVSA_Single/data/3281.jpg,450,600,True,"SANDERS
21
SMITH
15
MAKI
$33
HELAL
23
THUMAS
13-23","[{'x': 59, 'y': 131}, {'x': 534, 'y': 131}, {'x': 534, 'y': 291}, {'x': 59, 'y': 291}]",160,475,neutral
3282.jpg,/kaggle/input/mvsasingle/MVSA_Single/data/3282.jpg,1003,599,False,,[],0,0,positive
3283.jpg,/kaggle/input/mvsasingle/MVSA_Single/data/3283.jpg,180,170,True,"W
N
S
E
Compass","[{'x': 28, 'y': 52}, {'x': 137, 'y': 52}, {'x': 137, 'y': 179}, {'x': 28, 'y': 179}]",127,109,positive
3284.jpg,/kaggle/input/mvsasingle/MVSA_Single/data/3284.jpg,813,458,False,,[],0,0,neutral
3285.jpg,/kaggle/input/mvsasingle/MVSA_Single/data/3285.jpg,420,600,True,"TRADER
JOE'S
PARTIALLY
POPPED
OPCORN
...WITH BUTT
& SEA SALT
Gluten Fr
NET WT
(1700","[{'x': 207, 'y': 61}, {'x': 409, 'y': 61}, {'x': 409, 'y': 389}, {'x': 207, 'y': 389}]",328,202,neutral
3286.jpg,/kaggle/input/mvsasingle/MVSA_Single/data/3286.jpg,594,396,False,,[],0,0,positive
3287.jpg,/kaggle/input/mvsasingle/MVSA_Single/data/3287.jpg,600,600,True,"100
nsor and
hake a
and
I am not a
plastic cup
100% Compostable 100% Biodegrad
This tumbler is made from plant starch
and can be turned to compost
www.biopac.co.uk","[{'x': 156, 'y': 239}, {'x': 599, 'y': 239}, {'x': 599, 'y': 599}, {'x': 156, 'y': 599}]",360,443,neutral
3288.jpg,/kaggle/input/mvsasingle/MVSA_Single/data/3288.jpg,400,600,True,"PRO
ATURAL
UNDELAUT MIX","[{'x': 223, 'y': 164}, {'x': 293, 'y': 164}, {'x': 293, 'y': 207}, {'x': 223, 'y': 207}]",43,70,neutral
3289.jpg,/kaggle/input/mvsasingle/MVSA_Single/data/3289.jpg,600,600,False,,[],0,0,neutral
329.jpg,/kaggle/input/mvsasingle/MVSA_Single/data/329.jpg,809,600,True,"VF
of the Pacific Ocean, Army Air Forces bombardier and Olympic runner Louie Zamperini lay across a smal
mft drifting westward Slumped alongside him was a sergeant, one of his plane's gunners. On a separate
the sun and stained yellow from the raft dye, had withered down to skeletons. Sharks glided in lazy
thered to the first, lay another crewman, a gash zigzagging across his forehead. Their bodies bmed
Borne by an Equa-torial current, they had floated at least on thousand miles, deep into Japan
around them, dragging their backs along the rafts, waiting. The men had been adrift for twenty
Waters. The rafts were beginning to deteriorate mto jelly and gas off a sour, burni
All he could see, in every direction, was water. It was June 23, 1943. Somewhere on the endless expans
nocked with salt sores, and their lips were so swollen th","[{'x': 3, 'y': 2}, {'x': 599, 'y': 2}, {'x': 599, 'y': 808}, {'x': 3, 'y': 808}]",806,596,positive
3290.jpg,/kaggle/input/mvsasingle/MVSA_Single/data/3290.jpg,259,240,True,"10
(e
10","[{'x': 30, 'y': 54}, {'x': 195, 'y': 54}, {'x': 195, 'y': 93}, {'x': 30, 'y': 93}]",39,165,positive
3291.jpg,/kaggle/input/mvsasingle/MVSA_Single/data/3291.jpg,619,353,True,"JAKE
THIS LOVEABLE DOG HAS BEEN IN
RESCUE FOR FAR TOO LONG, HE IS
WONDERFUL, PLAYFUL LAD WHO
LOVES CUDDLES, WALKIES & TOYS.
COULD LIVE WITH CALM FEMALE
DOG & CHILDREN OVER 8yrs.
FOR FULL DETAILS CONTACT
@SeniorStaffy","[{'x': 9, 'y': 16}, {'x': 345, 'y': 16}, {'x': 345, 'y': 581}, {'x': 9, 'y': 581}]",565,336,positive
3292.jpg,/kaggle/input/mvsasingle/MVSA_Single/data/3292.jpg,396,600,False,,[],0,0,positive
3293.jpg,/kaggle/input/mvsasingle/MVSA_Single/data/3293.jpg,400,600,False,,[],0,0,positive
3294.jpg,/kaggle/input/mvsasingle/MVSA_Single/data/3294.jpg,450,600,True,"FAMILY
SELENATORS","[{'x': 141, 'y': 216}, {'x': 485, 'y': 216}, {'x': 485, 'y': 318}, {'x': 141, 'y': 318}]",102,344,positive
3295.jpg,/kaggle/input/mvsasingle/MVSA_Single/data/3295.jpg,450,600,True,"RCA VICTOR
47-8780
ELVIS
FRANKIE AND JOHNNY
PLEASE DON'T STOP LOVING ME
79%
47-8780
FRANKIE AND JOHNNY
(Ales Gale-Fred Kargillan Kamer)
ASCAP
ELVIS PRESLEY","[{'x': 56, 'y': 24}, {'x': 599, 'y': 24}, {'x': 599, 'y': 294}, {'x': 56, 'y': 294}]",270,543,positive
3296.jpg,/kaggle/input/mvsasingle/MVSA_Single/data/3296.jpg,400,599,True,Oda Ke SobenhubyMedanyackattack.com,"[{'x': 151, 'y': 374}, {'x': 459, 'y': 374}, {'x': 459, 'y': 386}, {'x': 151, 'y': 386}]",12,308,positive
3297.jpg,/kaggle/input/mvsasingle/MVSA_Single/data/3297.jpg,634,599,False,,[],0,0,positive
3298.jpg,/kaggle/input/mvsasingle/MVSA_Single/data/3298.jpg,378,566,False,,[],0,0,positive
3299.jpg,/kaggle/input/mvsasingle/MVSA_Single/data/3299.jpg,400,600,True,"500
500px.com/photo/114789017","[{'x': 19, 'y': 348}, {'x': 174, 'y': 348}, {'x': 174, 'y': 384}, {'x': 19, 'y': 384}]",36,155,negative
33.jpg,/kaggle/input/mvsasingle/MVSA_Single/data/33.jpg,352,341,False,,[],0,0,positive
330.jpg,/kaggle/input/mvsasingle/MVSA_Single/data/330.jpg,450,600,True,"Thiago Pacheco
gambr
coating.com.br
(19) 9667 2869
agência
doting","[{'x': 96, 'y': 51}, {'x': 504, 'y': 51}, {'x': 504, 'y': 401}, {'x': 96, 'y': 401}]",350,408,positive
3300.jpg,/kaggle/input/mvsasingle/MVSA_Single/data/3300.jpg,450,600,True,History Needs You,"[{'x': 495, 'y': 8}, {'x': 595, 'y': 8}, {'x': 595, 'y': 22}, {'x': 495, 'y': 22}]",14,100,neutral
3301.jpg,/kaggle/input/mvsasingle/MVSA_Single/data/3301.jpg,300,200,True,"STAR CRUISE:
MAROONED
VERONICA SCOTT","[{'x': 16, 'y': 135}, {'x': 182, 'y': 135}, {'x': 182, 'y': 181}, {'x': 16, 'y': 181}]",46,166,positive
3302.jpg,/kaggle/input/mvsasingle/MVSA_Single/data/3302.jpg,450,600,False,,[],0,0,neutral
3303.jpg,/kaggle/input/mvsasingle/MVSA_Single/data/3303.jpg,800,600,True,"YOU'LL LIKE STAR-KIST TUNA TOO
(Just look for the fisherman with the earring)
Star-Kis
CHUNK LIGHT","[{'x': 23, 'y': 629}, {'x': 575, 'y': 629}, {'x': 575, 'y': 776}, {'x': 23, 'y': 776}]",147,552,positive
3304.jpg,/kaggle/input/mvsasingle/MVSA_Single/data/3304.jpg,800,600,True,"CPenney
MAROONED
ON THE
MEDIAN
of QB
N
AN
EMIGRANT SAVINGS B
TRANSPORTAT
ALTERNATIVES","[{'x': 0, 'y': 23}, {'x': 599, 'y': 23}, {'x': 599, 'y': 471}, {'x': 0, 'y': 471}]",448,599,negative
3305.jpg,/kaggle/input/mvsasingle/MVSA_Single/data/3305.jpg,600,600,True,--,"[{'x': 402, 'y': 116}, {'x': 407, 'y': 116}, {'x': 407, 'y': 138}, {'x': 402, 'y': 138}]",22,5,positive
3306.jpg,/kaggle/input/mvsasingle/MVSA_Single/data/3306.jpg,740,599,False,,[],0,0,positive
3307.jpg,/kaggle/input/mvsasingle/MVSA_Single/data/3307.jpg,386,600,False,,[],0,0,positive
3308.jpg,/kaggle/input/mvsasingle/MVSA_Single/data/3308.jpg,450,600,True,"A Fraggle Rock-Book
Starring Jim Henson's Muppets
Marooned
in Fraggle Rock
By David Young
Pictures by Barbara McClintock","[{'x': 71, 'y': 69}, {'x': 542, 'y': 69}, {'x': 542, 'y': 352}, {'x': 71, 'y': 352}]",283,471,positive
3309.jpg,/kaggle/input/mvsasingle/MVSA_Single/data/3309.jpg,381,599,True,"K
Superma
PSA
1940 SUPERMAN
MAROONED IN THE
CLOUDS
#38
NM-MT 8
31019445
PWCC PRE-WAR CARD COLLECTOR AUCTIONS","[{'x': 84, 'y': 44}, {'x': 561, 'y': 44}, {'x': 561, 'y': 372}, {'x': 84, 'y': 372}]",328,477,positive
331.jpg,/kaggle/input/mvsasingle/MVSA_Single/data/331.jpg,600,600,False,,[],0,0,positive
3310.jpg,/kaggle/input/mvsasingle/MVSA_Single/data/3310.jpg,341,512,True,"SIB
SB","[{'x': 298, 'y': 240}, {'x': 469, 'y': 240}, {'x': 469, 'y': 312}, {'x': 298, 'y': 312}]",72,171,positive
3311.jpg,/kaggle/input/mvsasingle/MVSA_Single/data/3311.jpg,338,598,False,,[],0,0,positive
3312.jpg,/kaggle/input/mvsasingle/MVSA_Single/data/3312.jpg,230,307,False,,[],0,0,positive
3313.jpg,/kaggle/input/mvsasingle/MVSA_Single/data/3313.jpg,381,599,True,"12
www.malawi24.com","[{'x': 129, 'y': 165}, {'x': 348, 'y': 165}, {'x': 348, 'y': 199}, {'x': 129, 'y': 199}]",34,219,neutral
3314.jpg,/kaggle/input/mvsasingle/MVSA_Single/data/3314.jpg,341,599,True,AP Photo warko Drobnjakovic,"[{'x': 449, 'y': 327}, {'x': 593, 'y': 327}, {'x': 593, 'y': 338}, {'x': 449, 'y': 338}]",11,144,positive
3315.jpg,/kaggle/input/mvsasingle/MVSA_Single/data/3315.jpg,800,600,False,,[],0,0,positive
3316.jpg,/kaggle/input/mvsasingle/MVSA_Single/data/3316.jpg,600,600,True,"BELL
BELL
MOTORHEAD
zone
BELL
BELL
BELL
DOT
BELL","[{'x': 83, 'y': 70}, {'x': 548, 'y': 70}, {'x': 548, 'y': 518}, {'x': 83, 'y': 518}]",448,465,positive
3317.jpg,/kaggle/input/mvsasingle/MVSA_Single/data/3317.jpg,359,600,False,,[],0,0,positive
3318.jpg,/kaggle/input/mvsasingle/MVSA_Single/data/3318.jpg,133,140,True,Vo,"[{'x': 4, 'y': 22}, {'x': 137, 'y': 22}, {'x': 137, 'y': 117}, {'x': 4, 'y': 117}]",95,133,positive
3319.jpg,/kaggle/input/mvsasingle/MVSA_Single/data/3319.jpg,450,600,True,VIGILANTE SLO,"[{'x': 451, 'y': 390}, {'x': 519, 'y': 390}, {'x': 519, 'y': 413}, {'x': 451, 'y': 413}]",23,68,positive
332.jpg,/kaggle/input/mvsasingle/MVSA_Single/data/332.jpg,450,600,True,"""RADICAL BROWNIES""
FACEBOOK
FOX
NEWS NEWS
LIVE
'RADICAL BROWNIES'
TROOP FOCUSES ON 'SOCIAL JUSTICE
R-OLD SISTER RAZAN MOHAMMAD ARUL CALL","[{'x': 51, 'y': 118}, {'x': 564, 'y': 118}, {'x': 564, 'y': 449}, {'x': 51, 'y': 449}]",331,513,negative
3320.jpg,/kaggle/input/mvsasingle/MVSA_Single/data/3320.jpg,800,600,False,,[],0,0,negative
3321.jpg,/kaggle/input/mvsasingle/MVSA_Single/data/3321.jpg,888,600,True,"HEV
9
THE
FOR TH","[{'x': 2, 'y': 189}, {'x': 599, 'y': 189}, {'x': 599, 'y': 393}, {'x': 2, 'y': 393}]",204,597,positive
3322.jpg,/kaggle/input/mvsasingle/MVSA_Single/data/3322.jpg,140,140,True,"Friction
USA
DIABLO SWISS
ROTARY","[{'x': 5, 'y': 48}, {'x': 137, 'y': 48}, {'x': 137, 'y': 137}, {'x': 5, 'y': 137}]",89,132,negative
3323.jpg,/kaggle/input/mvsasingle/MVSA_Single/data/3323.jpg,413,600,True,"Points
HAM","[{'x': 521, 'y': 366}, {'x': 583, 'y': 366}, {'x': 583, 'y': 405}, {'x': 521, 'y': 405}]",39,62,negative
3324.jpg,/kaggle/input/mvsasingle/MVSA_Single/data/3324.jpg,484,599,True,M MARVEL,"[{'x': 28, 'y': 23}, {'x': 584, 'y': 23}, {'x': 584, 'y': 132}, {'x': 28, 'y': 132}]",109,556,neutral
3325.jpg,/kaggle/input/mvsasingle/MVSA_Single/data/3325.jpg,600,600,True,"SO YOU
WANT
TO
BE
A
FIGHTER?
BORNTOROLL.COM","[{'x': 6, 'y': 16}, {'x': 272, 'y': 16}, {'x': 272, 'y': 589}, {'x': 6, 'y': 589}]",573,266,positive
3326.jpg,/kaggle/input/mvsasingle/MVSA_Single/data/3326.jpg,428,570,False,,[],0,0,positive
3327.jpg,/kaggle/input/mvsasingle/MVSA_Single/data/3327.jpg,700,536,False,,[],0,0,positive
3328.jpg,/kaggle/input/mvsasingle/MVSA_Single/data/3328.jpg,405,540,True,メイドは3人もいればよろしくてよ,"[{'x': 102, 'y': 356}, {'x': 456, 'y': 356}, {'x': 456, 'y': 381}, {'x': 102, 'y': 381}]",25,354,positive
3329.jpg,/kaggle/input/mvsasingle/MVSA_Single/data/3329.jpg,109,140,False,,[],0,0,positive
333.jpg,/kaggle/input/mvsasingle/MVSA_Single/data/333.jpg,690,600,True,"OKAY, CALM DOWN
TAKE A DEEP BREATH,
AND EXPLAIN AGAIN
WHY YOU'RE SO
ANGRY...
WHY AM I
ANGRY? I'M
NOT ANGRY,
I'M-I'M
HOW
COULD
THAT
HAPPEN,
BABS
-I'M
DISMAYED,
OKAY?
I'M DISMAYED
THAT THERE CAN BE
A ROBIN WHO
BELIEVES BATMAN
COULD BE GUILTY OF
MURDER!
HOW
COULD
THAT
HAPPEN?!
LOOK,
DICK, WE'VE
ALREADY
HAD THIS
CONVERSATION
IF F
EXPLAIN IT
TO YOU, WILL
YOU LISTEN
TO ME?
WHAT?
YEAH, OF
COURSE, OF
COURSE.
I'M SORRY.
I'M CALM, I'M
LISTENING.","[{'x': 35, 'y': 37}, {'x': 529, 'y': 37}, {'x': 529, 'y': 673}, {'x': 35, 'y': 673}]",636,494,positive
3330.jpg,/kaggle/input/mvsasingle/MVSA_Single/data/3330.jpg,105,140,False,,[],0,0,positive
3331.jpg,/kaggle/input/mvsasingle/MVSA_Single/data/3331.jpg,900,600,True,"er
AL
T","[{'x': 2, 'y': 459}, {'x': 599, 'y': 459}, {'x': 599, 'y': 709}, {'x': 2, 'y': 709}]",250,597,positive
3332.jpg,/kaggle/input/mvsasingle/MVSA_Single/data/3332.jpg,97,104,False,,[],0,0,neutral
3333.jpg,/kaggle/input/mvsasingle/MVSA_Single/data/3333.jpg,200,200,True,"BILLIE HOLIDAY
Complete
El Fizgerald
Seng Book
JUS
DROPPE
BY TO SA
HELL
JOHNN
HARTMA","[{'x': 5, 'y': 8}, {'x': 199, 'y': 8}, {'x': 199, 'y': 161}, {'x': 5, 'y': 161}]",153,194,positive
3334.jpg,/kaggle/input/mvsasingle/MVSA_Single/data/3334.jpg,225,225,False,,[],0,0,positive
3335.jpg,/kaggle/input/mvsasingle/MVSA_Single/data/3335.jpg,503,533,True,"ER
1分
714","[{'x': 187, 'y': 281}, {'x': 358, 'y': 281}, {'x': 358, 'y': 456}, {'x': 187, 'y': 456}]",175,171,negative
3336.jpg,/kaggle/input/mvsasingle/MVSA_Single/data/3336.jpg,600,600,True,"THRON
VON
MELENGAR
TRUDI
CANAVAN
GÖTTER
TAD WILLIAMS
DEBORAH BEALE
DIE DRACHEN DR
TINKERFARM
Lave Tunten
Cmar, der GeschichteaiaNe
Robert Redick
NE WORRY
COOK
WAHRHEIT
INDKAMPFER
930
Dunsin
Khan
Dare Pomiar
Des Königs Dolche","[{'x': 93, 'y': 20}, {'x': 599, 'y': 20}, {'x': 599, 'y': 548}, {'x': 93, 'y': 548}]",528,506,positive
3337.jpg,/kaggle/input/mvsasingle/MVSA_Single/data/3337.jpg,400,400,True,FLAPPYTERM,"[{'x': 22, 'y': 88}, {'x': 372, 'y': 88}, {'x': 372, 'y': 139}, {'x': 22, 'y': 139}]",51,350,positive
3338.jpg,/kaggle/input/mvsasingle/MVSA_Single/data/3338.jpg,400,600,False,,[],0,0,negative
3339.jpg,/kaggle/input/mvsasingle/MVSA_Single/data/3339.jpg,330,600,True,JINGLE BAUL,"[{'x': 457, 'y': 289}, {'x': 585, 'y': 289}, {'x': 585, 'y': 310}, {'x': 457, 'y': 310}]",21,128,positive
334.jpg,/kaggle/input/mvsasingle/MVSA_Single/data/334.jpg,428,600,True,".NO, OBAMA__
--NO, OBAMA..
-NO OBAMA__
--NO, OBAMA--
-NO, OBAMA__
-
11
NO, OBAMA--
HEAR NO OBAMA SEE NO OBAMA
SPEAK, NO, OBAMA
danielc @Knoxnews.com
GNEWS SENTINEL","[{'x': 27, 'y': 19}, {'x': 588, 'y': 19}, {'x': 588, 'y': 427}, {'x': 27, 'y': 427}]",408,561,positive
3340.jpg,/kaggle/input/mvsasingle/MVSA_Single/data/3340.jpg,488,594,True,GFEES,"[{'x': 555, 'y': 422}, {'x': 571, 'y': 422}, {'x': 571, 'y': 459}, {'x': 555, 'y': 459}]",37,16,positive
3341.jpg,/kaggle/input/mvsasingle/MVSA_Single/data/3341.jpg,957,600,False,,[],0,0,positive
3342.jpg,/kaggle/input/mvsasingle/MVSA_Single/data/3342.jpg,800,600,False,,[],0,0,neutral
3343.jpg,/kaggle/input/mvsasingle/MVSA_Single/data/3343.jpg,399,599,True,©2015 ABDELMAND PERSPECTIVE,"[{'x': 84, 'y': 20}, {'x': 249, 'y': 20}, {'x': 249, 'y': 32}, {'x': 84, 'y': 32}]",12,165,positive
3344.jpg,/kaggle/input/mvsasingle/MVSA_Single/data/3344.jpg,388,323,True,"Alanta Braves
今井
TATATATA","[{'x': 41, 'y': 59}, {'x': 233, 'y': 59}, {'x': 233, 'y': 243}, {'x': 41, 'y': 243}]",184,192,positive
3345.jpg,/kaggle/input/mvsasingle/MVSA_Single/data/3345.jpg,600,600,True,་ ་་་,"[{'x': 371, 'y': 4}, {'x': 402, 'y': 4}, {'x': 402, 'y': 36}, {'x': 371, 'y': 36}]",32,31,positive
3346.jpg,/kaggle/input/mvsasingle/MVSA_Single/data/3346.jpg,234,380,True,LIAR,"[{'x': 28, 'y': 34}, {'x': 341, 'y': 34}, {'x': 341, 'y': 208}, {'x': 28, 'y': 208}]",174,313,positive
3347.jpg,/kaggle/input/mvsasingle/MVSA_Single/data/3347.jpg,349,317,True,"AMESON
SH WHISKEY","[{'x': 18, 'y': 242}, {'x': 83, 'y': 242}, {'x': 83, 'y': 318}, {'x': 18, 'y': 318}]",76,65,negative
3348.jpg,/kaggle/input/mvsasingle/MVSA_Single/data/3348.jpg,600,600,False,,[],0,0,neutral
3349.jpg,/kaggle/input/mvsasingle/MVSA_Single/data/3349.jpg,428,599,True,"500
500px.com/photo/114803013","[{'x': 19, 'y': 377}, {'x': 173, 'y': 377}, {'x': 173, 'y': 412}, {'x': 19, 'y': 412}]",35,154,positive
335.jpg,/kaggle/input/mvsasingle/MVSA_Single/data/335.jpg,378,378,True,"TESCO
Tyre & Bum
Restorer
Cleans and shines
Re
look
SI","[{'x': 52, 'y': 201}, {'x': 357, 'y': 201}, {'x': 357, 'y': 377}, {'x': 52, 'y': 377}]",176,305,neutral
3350.jpg,/kaggle/input/mvsasingle/MVSA_Single/data/3350.jpg,1024,576,True,Life,"[{'x': 60, 'y': 235}, {'x': 106, 'y': 235}, {'x': 106, 'y': 273}, {'x': 60, 'y': 273}]",38,46,negative
3351.jpg,/kaggle/input/mvsasingle/MVSA_Single/data/3351.jpg,337,599,False,,[],0,0,positive
3352.jpg,/kaggle/input/mvsasingle/MVSA_Single/data/3352.jpg,336,599,True,"BATEMANS ALES
1300
Under
212
N.R.U.F.C.
小
Adeltasimon
Stare
OTFAST
2015
Amon
313
AST 10K
deltasimons
ww
JILD
RF
ewark
.com","[{'x': 24, 'y': 21}, {'x': 592, 'y': 21}, {'x': 592, 'y': 298}, {'x': 24, 'y': 298}]",277,568,positive
3353.jpg,/kaggle/input/mvsasingle/MVSA_Single/data/3353.jpg,800,600,False,,[],0,0,neutral
3354.jpg,/kaggle/input/mvsasingle/MVSA_Single/data/3354.jpg,363,599,False,,[],0,0,neutral
3355.jpg,/kaggle/input/mvsasingle/MVSA_Single/data/3355.jpg,800,600,True,DE,"[{'x': 0, 'y': 746}, {'x': 58, 'y': 746}, {'x': 58, 'y': 790}, {'x': 0, 'y': 790}]",44,58,negative
3356.jpg,/kaggle/input/mvsasingle/MVSA_Single/data/3356.jpg,600,600,True,"8
DESPEDIDA DE
GERRARD
#6RACIESXAV
17 TEMPORADES 1998-2015
LICABUVA
XAVI
DESPEDIDA DE
XAVI
DESPEDIDA DE
IKER CASILLAS","[{'x': 31, 'y': 122}, {'x': 591, 'y': 122}, {'x': 591, 'y': 597}, {'x': 31, 'y': 597}]",475,560,positive
3357.jpg,/kaggle/input/mvsasingle/MVSA_Single/data/3357.jpg,275,259,False,,[],0,0,positive
3358.jpg,/kaggle/input/mvsasingle/MVSA_Single/data/3358.jpg,450,600,True,"NOTO
DOG
MEAT
BADONGH
10
ME
KOREA
ЭТС
A
NO TO
OG
EAT
KOREA","[{'x': 206, 'y': 65}, {'x': 508, 'y': 65}, {'x': 508, 'y': 419}, {'x': 206, 'y': 419}]",354,302,positive
3359.jpg,/kaggle/input/mvsasingle/MVSA_Single/data/3359.jpg,800,600,False,,[],0,0,positive
336.jpg,/kaggle/input/mvsasingle/MVSA_Single/data/336.jpg,337,599,True,73,"[{'x': 395, 'y': 103}, {'x': 410, 'y': 103}, {'x': 410, 'y': 144}, {'x': 395, 'y': 144}]",41,15,positive
3360.jpg,/kaggle/input/mvsasingle/MVSA_Single/data/3360.jpg,664,499,True,"안중 ㅕE)
고노담 20주년 갱신 본받아 부전결의 법 증가 개정하다 나
일본리루는 93년 한국희생자 점진적 보상약속 즉각 이행하라
다
對日 民間
辰太平洋 戰
YO
YONHAP NEWS","[{'x': 77, 'y': 103}, {'x': 498, 'y': 103}, {'x': 498, 'y': 643}, {'x': 77, 'y': 643}]",540,421,positive
3361.jpg,/kaggle/input/mvsasingle/MVSA_Single/data/3361.jpg,266,170,True,"Misled
Blurrymahone","[{'x': 8, 'y': 159}, {'x': 87, 'y': 159}, {'x': 87, 'y': 204}, {'x': 8, 'y': 204}]",45,79,positive
3362.jpg,/kaggle/input/mvsasingle/MVSA_Single/data/3362.jpg,442,332,True,"by Dr. Dot
bor
CHAOS","[{'x': 12, 'y': 156}, {'x': 214, 'y': 156}, {'x': 214, 'y': 361}, {'x': 12, 'y': 361}]",205,202,neutral
3363.jpg,/kaggle/input/mvsasingle/MVSA_Single/data/3363.jpg,337,599,True,"BRANDON
STRADER
REMIX","[{'x': 21, 'y': 25}, {'x': 254, 'y': 25}, {'x': 254, 'y': 300}, {'x': 21, 'y': 300}]",275,233,positive
3364.jpg,/kaggle/input/mvsasingle/MVSA_Single/data/3364.jpg,568,320,False,,[],0,0,positive
3365.jpg,/kaggle/input/mvsasingle/MVSA_Single/data/3365.jpg,1024,576,False,,[],0,0,positive
3366.jpg,/kaggle/input/mvsasingle/MVSA_Single/data/3366.jpg,397,599,True,"CAPTIVITY
THE STATE OR PERIOD
OF BEING IMPRISONED,
CONFINED, OR
ENSLAVED.","[{'x': 5, 'y': 120}, {'x': 473, 'y': 120}, {'x': 473, 'y': 387}, {'x': 5, 'y': 387}]",267,468,positive
3367.jpg,/kaggle/input/mvsasingle/MVSA_Single/data/3367.jpg,337,599,False,,[],0,0,neutral
3368.jpg,/kaggle/input/mvsasingle/MVSA_Single/data/3368.jpg,360,600,True,Ag,"[{'x': 473, 'y': 170}, {'x': 496, 'y': 170}, {'x': 496, 'y': 181}, {'x': 473, 'y': 181}]",11,23,positive
3369.jpg,/kaggle/input/mvsasingle/MVSA_Single/data/3369.jpg,394,599,True,"Happy
Birthday
Just
Happy
Birthday
wwwwww","[{'x': 28, 'y': 44}, {'x': 515, 'y': 44}, {'x': 515, 'y': 373}, {'x': 28, 'y': 373}]",329,487,positive
337.jpg,/kaggle/input/mvsasingle/MVSA_Single/data/337.jpg,447,599,True,AW,"[{'x': 426, 'y': 251}, {'x': 598, 'y': 251}, {'x': 598, 'y': 417}, {'x': 426, 'y': 417}]",166,172,negative
3370.jpg,/kaggle/input/mvsasingle/MVSA_Single/data/3370.jpg,240,180,False,,[],0,0,negative
3371.jpg,/kaggle/input/mvsasingle/MVSA_Single/data/3371.jpg,315,600,True,"YOUR
OR MM
SHAMELESS
USA
MANTO
axs AXS TV FT","[{'x': 10, 'y': 58}, {'x': 599, 'y': 58}, {'x': 599, 'y': 311}, {'x': 10, 'y': 311}]",253,589,positive
3372.jpg,/kaggle/input/mvsasingle/MVSA_Single/data/3372.jpg,782,599,False,,[],0,0,negative
3373.jpg,/kaggle/input/mvsasingle/MVSA_Single/data/3373.jpg,600,600,True,"98
RENE CAOVILLA","[{'x': 182, 'y': 54}, {'x': 594, 'y': 54}, {'x': 594, 'y': 280}, {'x': 182, 'y': 280}]",226,412,negative
3374.jpg,/kaggle/input/mvsasingle/MVSA_Single/data/3374.jpg,399,599,False,,[],0,0,positive
3375.jpg,/kaggle/input/mvsasingle/MVSA_Single/data/3375.jpg,491,491,True,"@FairyTGourmet
Fairy Tale
Gourmet
LONDON
Gold Giveaway at 11K followers
Win! Exclusive Chocolate Collection
Including - The Golden Egg milk choc
with peanut butter & jam
- Prince Charming shiny
milk chocolate coated nuts
- Mad Hatter Bar milk choc
filled with 70% cocoa brownie
-Creamarch sea salted caramel
Handmade
Perfect for
your Fairy Tale
Tea Party!
andmade in London
with premium Belgian chocolate!
just follow, RT & good luck! x
check our magical range at www.fairytalegourmet.com","[{'x': 6, 'y': 6}, {'x': 486, 'y': 6}, {'x': 486, 'y': 487}, {'x': 6, 'y': 487}]",481,480,positive
3376.jpg,/kaggle/input/mvsasingle/MVSA_Single/data/3376.jpg,384,592,True,Getty Images,"[{'x': 522, 'y': 373}, {'x': 584, 'y': 373}, {'x': 584, 'y': 383}, {'x': 522, 'y': 383}]",10,62,positive
3377.jpg,/kaggle/input/mvsasingle/MVSA_Single/data/3377.jpg,83,140,False,,[],0,0,positive
3378.jpg,/kaggle/input/mvsasingle/MVSA_Single/data/3378.jpg,420,599,True,"LTA
TENNIS
LEGON
Junior North East Cheshire Lawn Tennis League
13U Mixed Doubles - 13U Mixed Double D1
Standings of 13U Mixed Doubles 13U Mixed Doubles D1
Show draw
Latest matches of 13U Mixed Doubles-13U Mixed Doubles D1
All matches.
222222
@photo2fun","[{'x': 310, 'y': 3}, {'x': 592, 'y': 3}, {'x': 592, 'y': 415}, {'x': 310, 'y': 415}]",412,282,negative
3379.jpg,/kaggle/input/mvsasingle/MVSA_Single/data/3379.jpg,398,400,True,"MAGIC ISLAND
music for balearic people
MIXED BY ROGER SHAH
vol. 6","[{'x': 13, 'y': 52}, {'x': 392, 'y': 52}, {'x': 392, 'y': 385}, {'x': 13, 'y': 385}]",333,379,positive
338.jpg,/kaggle/input/mvsasingle/MVSA_Single/data/338.jpg,598,600,True,"Infatuated:
Verb
MODE
Marketing & PR
Innovation Beyond Expectation
to be completely under someone's spell.
Be Mine
and flyi
116(ay) the mind,
cartier form ribh).
Spy, . &c.; sot. alekhit,
ati, Gr.: hishyati,
hitum, Gr.; ind. p. le
riv.: -khya, Br. dcc.),
cratch, tear up (the ground), AV.
(aid of birds), VarBrS.:
lance, Shir.; to produce by scratch-
seil lekham), eng
micribe, w, copy, trace, sketch, delineate,
. &&
ate, touch
Bh.
hMark
Love
ontanc
WD
LO
MB Varo
got scraping, lancie
coming
Parit
the l
scribing, Kathis.; lice instrument t
ing or furrowing, Ka Betul Bhojpst
of which is used for wr
tree (used for the same)
attenuation, reducingcorplenty (see
Ca kind of
SangS
A
rpose
VE
materials,
ax See under kana above.
who makes a dep
rit, liguing proxy making a W
inability to write), ; a leer-carrier, bearer
of a letter, L. (et kilala
khanikk. Sitra-
...I love yout
to be written or drawn or
ch; useful as a remedy for red
pulenky o carifying
an accusationor efence
Car
ed to be mad
good
int
terminations
ha, n. N.","[{'x': 0, 'y': 19}, {'x': 591, 'y': 19}, {'x': 591, 'y': 597}, {'x': 0, 'y': 597}]",578,591,positive
3380.jpg,/kaggle/input/mvsasingle/MVSA_Single/data/3380.jpg,600,600,True,TORONTO 2015,"[{'x': 337, 'y': 382}, {'x': 449, 'y': 382}, {'x': 449, 'y': 415}, {'x': 337, 'y': 415}]",33,112,positive
3381.jpg,/kaggle/input/mvsasingle/MVSA_Single/data/3381.jpg,450,600,True,"COD
risen.
WE
WE","[{'x': 33, 'y': 0}, {'x': 426, 'y': 0}, {'x': 426, 'y': 401}, {'x': 33, 'y': 401}]",401,393,neutral
3382.jpg,/kaggle/input/mvsasingle/MVSA_Single/data/3382.jpg,342,599,False,,[],0,0,negative
3383.jpg,/kaggle/input/mvsasingle/MVSA_Single/data/3383.jpg,375,600,False,,[],0,0,negative
3384.jpg,/kaggle/input/mvsasingle/MVSA_Single/data/3384.jpg,449,599,True,5-10 WALTON'S 5-10,"[{'x': 116, 'y': 198}, {'x': 481, 'y': 198}, {'x': 481, 'y': 220}, {'x': 116, 'y': 220}]",22,365,negative
3385.jpg,/kaggle/input/mvsasingle/MVSA_Single/data/3385.jpg,400,600,False,,[],0,0,neutral
3386.jpg,/kaggle/input/mvsasingle/MVSA_Single/data/3386.jpg,692,500,True,"DW
RUGBY
Niall
PONSC","[{'x': 0, 'y': 69}, {'x': 499, 'y': 69}, {'x': 499, 'y': 490}, {'x': 0, 'y': 490}]",421,499,positive
3387.jpg,/kaggle/input/mvsasingle/MVSA_Single/data/3387.jpg,330,600,True,"RAMADAN
Pringles MUBARAK
Pringles Pringles
SMOKEY
BACON
FLAVOUR
SMOKEY
BACON
FLAVOUR
Pringleringles
SMOK SMOKEY
BAC
PLAYSY
BACO","[{'x': 127, 'y': 10}, {'x': 442, 'y': 10}, {'x': 442, 'y': 257}, {'x': 127, 'y': 257}]",247,315,positive
3388.jpg,/kaggle/input/mvsasingle/MVSA_Single/data/3388.jpg,415,599,False,,[],0,0,positive
3389.jpg,/kaggle/input/mvsasingle/MVSA_Single/data/3389.jpg,600,600,True,"LANDAFT
ROWING
CLA","[{'x': 333, 'y': 311}, {'x': 477, 'y': 311}, {'x': 477, 'y': 376}, {'x': 333, 'y': 376}]",65,144,neutral
339.jpg,/kaggle/input/mvsasingle/MVSA_Single/data/339.jpg,910,600,False,,[],0,0,positive
3390.jpg,/kaggle/input/mvsasingle/MVSA_Single/data/3390.jpg,240,320,False,,[],0,0,positive
3391.jpg,/kaggle/input/mvsasingle/MVSA_Single/data/3391.jpg,398,230,False,,[],0,0,positive
3392.jpg,/kaggle/input/mvsasingle/MVSA_Single/data/3392.jpg,401,600,False,,[],0,0,positive
3393.jpg,/kaggle/input/mvsasingle/MVSA_Single/data/3393.jpg,661,236,False,,[],0,0,positive
3394.jpg,/kaggle/input/mvsasingle/MVSA_Single/data/3394.jpg,450,600,True,"8
O","[{'x': 90, 'y': 158}, {'x': 495, 'y': 158}, {'x': 495, 'y': 288}, {'x': 90, 'y': 288}]",130,405,negative
3395.jpg,/kaggle/input/mvsasingle/MVSA_Single/data/3395.jpg,786,599,False,,[],0,0,positive
3396.jpg,/kaggle/input/mvsasingle/MVSA_Single/data/3396.jpg,450,600,False,,[],0,0,negative
3397.jpg,/kaggle/input/mvsasingle/MVSA_Single/data/3397.jpg,305,598,True,OF WAR,"[{'x': 424, 'y': 188}, {'x': 468, 'y': 188}, {'x': 468, 'y': 198}, {'x': 424, 'y': 198}]",10,44,positive
3398.jpg,/kaggle/input/mvsasingle/MVSA_Single/data/3398.jpg,315,600,False,,[],0,0,neutral
3399.jpg,/kaggle/input/mvsasingle/MVSA_Single/data/3399.jpg,206,206,True,"KITTY KITTY WAS SURRENDERED AS OWNER HAD NO
TIME FOR HER
ΑΙΟ42374 - ΚΙΤΤΥ ΚΙΤΤΥ
SPAYED FEMALE 10 YEARS OLD","[{'x': 26, 'y': 21}, {'x': 183, 'y': 21}, {'x': 183, 'y': 190}, {'x': 26, 'y': 190}]",169,157,neutral
34.jpg,/kaggle/input/mvsasingle/MVSA_Single/data/34.jpg,395,600,True,"BRT JANDITAV
FREE
Pancakes
March 3rd 7am-10pm
інор
NATIONAL
PANCAKE
DAY
10TH ANNIVERSARY","[{'x': 150, 'y': 49}, {'x': 417, 'y': 49}, {'x': 417, 'y': 326}, {'x': 150, 'y': 326}]",277,267,positive
340.jpg,/kaggle/input/mvsasingle/MVSA_Single/data/340.jpg,364,599,True,"INFATUATED
JEUICE RICKY LANCE","[{'x': 23, 'y': 154}, {'x': 506, 'y': 154}, {'x': 506, 'y': 358}, {'x': 23, 'y': 358}]",204,483,positive
3400.jpg,/kaggle/input/mvsasingle/MVSA_Single/data/3400.jpg,472,599,False,,[],0,0,neutral
3401.jpg,/kaggle/input/mvsasingle/MVSA_Single/data/3401.jpg,339,599,False,,[],0,0,positive
3402.jpg,/kaggle/input/mvsasingle/MVSA_Single/data/3402.jpg,323,598,False,,[],0,0,negative
3403.jpg,/kaggle/input/mvsasingle/MVSA_Single/data/3403.jpg,337,599,True,"Budweiser
ALL STAR
NCERT
ART OF THE
KS Pepsi
USIC SERIES
ON'T","[{'x': 84, 'y': 15}, {'x': 450, 'y': 15}, {'x': 450, 'y': 266}, {'x': 84, 'y': 266}]",251,366,positive
3404.jpg,/kaggle/input/mvsasingle/MVSA_Single/data/3404.jpg,810,600,True,"Wha
Mount Sha
ΤΕ
E","[{'x': 37, 'y': 39}, {'x': 520, 'y': 39}, {'x': 520, 'y': 484}, {'x': 37, 'y': 484}]",445,483,negative
3405.jpg,/kaggle/input/mvsasingle/MVSA_Single/data/3405.jpg,272,499,True,"000
My marbles are full of mouth today.","[{'x': 55, 'y': 207}, {'x': 443, 'y': 207}, {'x': 443, 'y': 246}, {'x': 55, 'y': 246}]",39,388,positive
3406.jpg,/kaggle/input/mvsasingle/MVSA_Single/data/3406.jpg,338,600,True,"CENTRAL NERVOUS SYSTEM (CNS)
PERIPHERAL NERVOUS SYSTEM (PNS)","[{'x': 317, 'y': 169}, {'x': 513, 'y': 169}, {'x': 513, 'y': 232}, {'x': 317, 'y': 232}]",63,196,neutral
3407.jpg,/kaggle/input/mvsasingle/MVSA_Single/data/3407.jpg,800,600,True,RYANT HORN,"[{'x': 110, 'y': 562}, {'x': 288, 'y': 562}, {'x': 288, 'y': 799}, {'x': 110, 'y': 799}]",237,178,neutral
3408.jpg,/kaggle/input/mvsasingle/MVSA_Single/data/3408.jpg,800,600,True,GO,"[{'x': 268, 'y': 663}, {'x': 321, 'y': 663}, {'x': 321, 'y': 708}, {'x': 268, 'y': 708}]",45,53,negative
3409.jpg,/kaggle/input/mvsasingle/MVSA_Single/data/3409.jpg,360,480,True,"NERVOUS
SYSTEM
part 1
INTRO to the NERVOUS SYSTEM","[{'x': 201, 'y': 89}, {'x': 433, 'y': 89}, {'x': 433, 'y': 253}, {'x': 201, 'y': 253}]",164,232,positive
341.jpg,/kaggle/input/mvsasingle/MVSA_Single/data/341.jpg,800,600,True,"ow
work
il be inseperable
word and
thing u promised.
love
ou Savannah.
you
valentines day.","[{'x': 0, 'y': 197}, {'x': 233, 'y': 197}, {'x': 233, 'y': 526}, {'x': 0, 'y': 526}]",329,233,neutral
3410.jpg,/kaggle/input/mvsasingle/MVSA_Single/data/3410.jpg,337,599,True,"Joe Is Such a Slut
Mike Says That
You're A Slut
Did You Call
Me A Slut???
Uh.....
Pillow Fight?","[{'x': 19, 'y': 24}, {'x': 491, 'y': 24}, {'x': 491, 'y': 239}, {'x': 19, 'y': 239}]",215,472,negative
3411.jpg,/kaggle/input/mvsasingle/MVSA_Single/data/3411.jpg,730,411,True,"@therealfatso
✓
JESUS DIDN'T
DIE FOR ME
THEY DID
178
★ 5","[{'x': 18, 'y': 23}, {'x': 329, 'y': 23}, {'x': 329, 'y': 720}, {'x': 18, 'y': 720}]",697,311,positive
3412.jpg,/kaggle/input/mvsasingle/MVSA_Single/data/3412.jpg,392,599,True,"WELCOME TO THE NEW USA
WE STAND FOR NOTHING. WE
DON'T WANT TO OFFEND YOU.","[{'x': 4, 'y': 19}, {'x': 595, 'y': 19}, {'x': 595, 'y': 387}, {'x': 4, 'y': 387}]",368,591,neutral
3413.jpg,/kaggle/input/mvsasingle/MVSA_Single/data/3413.jpg,803,600,True,310 40,"[{'x': 0, 'y': 290}, {'x': 90, 'y': 290}, {'x': 90, 'y': 356}, {'x': 0, 'y': 356}]",66,90,neutral
3414.jpg,/kaggle/input/mvsasingle/MVSA_Single/data/3414.jpg,424,600,True,C,"[{'x': 329, 'y': 102}, {'x': 377, 'y': 102}, {'x': 377, 'y': 144}, {'x': 329, 'y': 144}]",42,48,positive
3415.jpg,/kaggle/input/mvsasingle/MVSA_Single/data/3415.jpg,472,464,False,,[],0,0,positive
3416.jpg,/kaggle/input/mvsasingle/MVSA_Single/data/3416.jpg,281,400,True,"Announcing ""I'm offended"" is
basically telling the world
you can't control your
own emotions, so
everyone else should
do it for you.
your ecards
someecards.com","[{'x': 18, 'y': 21}, {'x': 291, 'y': 21}, {'x': 291, 'y': 274}, {'x': 18, 'y': 274}]",253,273,neutral
3417.jpg,/kaggle/input/mvsasingle/MVSA_Single/data/3417.jpg,442,400,True,"WHY ARE YOU
SO OFFENDED?","[{'x': 59, 'y': 35}, {'x': 326, 'y': 35}, {'x': 326, 'y': 408}, {'x': 59, 'y': 408}]",373,267,positive
3418.jpg,/kaggle/input/mvsasingle/MVSA_Single/data/3418.jpg,388,600,True,"H
الى الجنس","[{'x': 118, 'y': 270}, {'x': 397, 'y': 270}, {'x': 397, 'y': 344}, {'x': 118, 'y': 344}]",74,279,positive
3419.jpg,/kaggle/input/mvsasingle/MVSA_Single/data/3419.jpg,306,306,True,"IF THE EYES OF A
FEMALE CRY OVER
A MAN THAT
OPPRESSED HER
ANGELS WILL
CURSE HIM
WITH EVERY STEP
HE WALKS
ALIEN ART TALIBIRAJ","[{'x': 44, 'y': 61}, {'x': 161, 'y': 61}, {'x': 161, 'y': 230}, {'x': 44, 'y': 230}]",169,117,positive
342.jpg,/kaggle/input/mvsasingle/MVSA_Single/data/342.jpg,333,500,False,,[],0,0,negative
3420.jpg,/kaggle/input/mvsasingle/MVSA_Single/data/3420.jpg,900,600,True,"●ooo Sprint
3:56 PM
Ryan Poitras shared Jim Ed
Walker's photo.
10 mins.
Jim Ed Walker
Thursday at 6:13 PM
Yeah. Thank you Nikki Haley.
COME ANIVET
1 61%
IN THE US YOU ARE FREE TO LIVE
AS YOU WISH UNLESS YOU'RE
WHITE, STRAIGHT. REPUBLICAN
A GUN OWNER OR SOUTHERN.
1
News Feed Requests Messenger Notifications
III
=
More","[{'x': 9, 'y': 10}, {'x': 561, 'y': 10}, {'x': 561, 'y': 894}, {'x': 9, 'y': 894}]",884,552,negative
3421.jpg,/kaggle/input/mvsasingle/MVSA_Single/data/3421.jpg,337,599,True,#KITTENWEEK,"[{'x': 464, 'y': 313}, {'x': 586, 'y': 313}, {'x': 586, 'y': 325}, {'x': 464, 'y': 325}]",12,122,negative
3422.jpg,/kaggle/input/mvsasingle/MVSA_Single/data/3422.jpg,594,396,True,"#Outcast
FOX
ERNATIONAL
UDIOS
CINEMAX
tcast
OUTCAS
FOX
INTERNATIONAL
STUDIO.4
st
OU
F
INTERNA
STUD
#Outcast
CINEMAX
AX
#Outca
CAST
CINEMAX
st
OUTCAST
FOX
INTERNATIONAL
STUDIOS","[{'x': 0, 'y': 7}, {'x': 395, 'y': 7}, {'x': 395, 'y': 421}, {'x': 0, 'y': 421}]",414,395,neutral
3423.jpg,/kaggle/input/mvsasingle/MVSA_Single/data/3423.jpg,895,600,True,"X
OUT
F
IN
CINEMAX
OUTCAST
FOX
ERNATIONAL
UDIOS
utcast","[{'x': 0, 'y': 26}, {'x': 550, 'y': 26}, {'x': 550, 'y': 856}, {'x': 0, 'y': 856}]",830,550,negative
3424.jpg,/kaggle/input/mvsasingle/MVSA_Single/data/3424.jpg,387,600,False,,[],0,0,negative
3425.jpg,/kaggle/input/mvsasingle/MVSA_Single/data/3425.jpg,400,600,True,H,"[{'x': 438, 'y': 237}, {'x': 465, 'y': 237}, {'x': 465, 'y': 252}, {'x': 438, 'y': 252}]",15,27,negative
3426.jpg,/kaggle/input/mvsasingle/MVSA_Single/data/3426.jpg,594,396,False,,[],0,0,positive
3427.jpg,/kaggle/input/mvsasingle/MVSA_Single/data/3427.jpg,798,599,True,"X
IONAL'
Q. B
201","[{'x': 529, 'y': 257}, {'x': 595, 'y': 257}, {'x': 595, 'y': 367}, {'x': 529, 'y': 367}]",110,66,negative
3428.jpg,/kaggle/input/mvsasingle/MVSA_Single/data/3428.jpg,594,268,True,"AL
st","[{'x': 197, 'y': 55}, {'x': 237, 'y': 55}, {'x': 237, 'y': 258}, {'x': 197, 'y': 258}]",203,40,negative
3429.jpg,/kaggle/input/mvsasingle/MVSA_Single/data/3429.jpg,400,600,False,,[],0,0,negative
343.jpg,/kaggle/input/mvsasingle/MVSA_Single/data/343.jpg,1024,576,True,"C
04:36
LISTENI
LISTENERS","[{'x': 56, 'y': 5}, {'x': 557, 'y': 5}, {'x': 557, 'y': 569}, {'x': 56, 'y': 569}]",564,501,negative
3430.jpg,/kaggle/input/mvsasingle/MVSA_Single/data/3430.jpg,480,320,True,"ΤΟ
ATION
ו,","[{'x': 194, 'y': 7}, {'x': 319, 'y': 7}, {'x': 319, 'y': 123}, {'x': 194, 'y': 123}]",116,125,negative
3431.jpg,/kaggle/input/mvsasingle/MVSA_Single/data/3431.jpg,600,600,True,Norman Reedus Thailandfans,"[{'x': 50, 'y': 244}, {'x': 548, 'y': 244}, {'x': 548, 'y': 325}, {'x': 50, 'y': 325}]",81,498,negative
3432.jpg,/kaggle/input/mvsasingle/MVSA_Single/data/3432.jpg,320,600,True,OUTCAST,"[{'x': 172, 'y': 115}, {'x': 407, 'y': 115}, {'x': 407, 'y': 199}, {'x': 172, 'y': 199}]",84,235,positive
3433.jpg,/kaggle/input/mvsasingle/MVSA_Single/data/3433.jpg,888,599,True,"FROM THE CREATOR OF
THE WALKING DEAD
A
POSSESSION IS JUST THE BEGINNING
QUICAST
COMING 2016
#OUTCAST
CINEMAX","[{'x': 28, 'y': 21}, {'x': 550, 'y': 21}, {'x': 550, 'y': 842}, {'x': 28, 'y': 842}]",821,522,positive
3434.jpg,/kaggle/input/mvsasingle/MVSA_Single/data/3434.jpg,300,600,False,,[],0,0,positive
3435.jpg,/kaggle/input/mvsasingle/MVSA_Single/data/3435.jpg,600,600,True,"""The slaughter of 10,000
dogs is obviously horrific,
but the fact that the
slaughter of trillions of
other beings every single
year goes without
notice by those so
incensed about
the Yulin festival-
that is the
real tragedy.""
AIX
-Emily Moran Barwick
Bite Size Vegan
www.BiteSizeVegan.com/Yulin","[{'x': 5, 'y': 11}, {'x': 592, 'y': 11}, {'x': 592, 'y': 597}, {'x': 5, 'y': 597}]",586,587,positive
3436.jpg,/kaggle/input/mvsasingle/MVSA_Single/data/3436.jpg,417,599,True,"Rita Richardson
UPSET ABOUT SHIRT
NEWS
88°
4:31","[{'x': 19, 'y': 28}, {'x': 567, 'y': 28}, {'x': 567, 'y': 409}, {'x': 19, 'y': 409}]",381,548,positive
3437.jpg,/kaggle/input/mvsasingle/MVSA_Single/data/3437.jpg,727,599,False,,[],0,0,positive
3439.jpg,/kaggle/input/mvsasingle/MVSA_Single/data/3439.jpg,600,600,False,,[],0,0,neutral
344.jpg,/kaggle/input/mvsasingle/MVSA_Single/data/344.jpg,526,526,False,,[],0,0,negative
3440.jpg,/kaggle/input/mvsasingle/MVSA_Single/data/3440.jpg,1066,600,True,"TORONTO 2015
NB-S","[{'x': 366, 'y': 223}, {'x': 572, 'y': 223}, {'x': 572, 'y': 285}, {'x': 366, 'y': 285}]",62,206,positive
3441.jpg,/kaggle/input/mvsasingle/MVSA_Single/data/3441.jpg,1066,600,False,,[],0,0,neutral
3442.jpg,/kaggle/input/mvsasingle/MVSA_Single/data/3442.jpg,337,599,True,"CANNA
CANADA","[{'x': 459, 'y': 148}, {'x': 506, 'y': 148}, {'x': 506, 'y': 301}, {'x': 459, 'y': 301}]",153,47,negative
3443.jpg,/kaggle/input/mvsasingle/MVSA_Single/data/3443.jpg,315,600,True,"Cry. Forgive.
Learn.
Move on.
Let your
tears water
the seeds
of your
future
happiness.
Steve Maraboli","[{'x': 392, 'y': 6}, {'x': 572, 'y': 6}, {'x': 572, 'y': 312}, {'x': 392, 'y': 312}]",306,180,negative
3444.jpg,/kaggle/input/mvsasingle/MVSA_Single/data/3444.jpg,338,598,True,"FIFTH STORY CONTENT MARKETING STAGES
CONTENT
STRATEGY
CONTENT MARKETING PLAN & OBJECTIVES
CONTENT
CREATION
CONTENT
PROMOTION
CONTENT PRODUCTION-ARTICLES, VIDEOS, RADIO
OR TV SEGMENTS
CONTENT DISTRIBUTION - PAID, EARNED, OWNED
AND SHARED MEDIA CHANNELS
CONTENT
TARGETING
NICHE TARGETS, SEQUENCED CONTENT DELIVERY
PERFORMANCE EVALUATION AGAINST CAMPAIGN
METRICS AND KEY PERFORMANCE INDICATORS
BUSINESS
RESULTS
istory.com
Stistery","[{'x': 41, 'y': 9}, {'x': 579, 'y': 9}, {'x': 579, 'y': 324}, {'x': 41, 'y': 324}]",315,538,negative
3445.jpg,/kaggle/input/mvsasingle/MVSA_Single/data/3445.jpg,1024,576,True,"FIREHOUSE
DOT
THE
FIRE DOG
LISA DESIMINI","[{'x': 203, 'y': 639}, {'x': 527, 'y': 639}, {'x': 527, 'y': 818}, {'x': 203, 'y': 818}]",179,324,negative
3446.jpg,/kaggle/input/mvsasingle/MVSA_Single/data/3446.jpg,286,600,True,"૯.
Come forth into the light of
things, let nature be your teacher. >>
William Wordsworth","[{'x': 13, 'y': 26}, {'x': 580, 'y': 26}, {'x': 580, 'y': 132}, {'x': 13, 'y': 132}]",106,567,negative
3447.jpg,/kaggle/input/mvsasingle/MVSA_Single/data/3447.jpg,359,599,True,"Happiness
is Like Jam
You Can't Spread Even a Little
Without Getting Some on Yourself
Anonymous
GeniusQuotes.net","[{'x': 112, 'y': 9}, {'x': 595, 'y': 9}, {'x': 595, 'y': 357}, {'x': 112, 'y': 357}]",348,483,negative
3448.jpg,/kaggle/input/mvsasingle/MVSA_Single/data/3448.jpg,482,600,True,"""Now, feel. I am thee and thou art me and
all of one is the other. And feel now.
Thou hast no heart but mine.""
-Ernest Hemingway","[{'x': 48, 'y': 55}, {'x': 486, 'y': 55}, {'x': 486, 'y': 190}, {'x': 48, 'y': 190}]",135,438,neutral
3449.jpg,/kaggle/input/mvsasingle/MVSA_Single/data/3449.jpg,296,600,True,"He is richest who is content with the least,
for content is the wealth of nature.
Socrates","[{'x': 16, 'y': 32}, {'x': 584, 'y': 32}, {'x': 584, 'y': 195}, {'x': 16, 'y': 195}]",163,568,neutral
345.jpg,/kaggle/input/mvsasingle/MVSA_Single/data/345.jpg,594,600,True,"WARNING:
Reflections in this
mirror may be distorted
by socially constructed
ideas of 'beauty'","[{'x': 85, 'y': 241}, {'x': 425, 'y': 241}, {'x': 425, 'y': 456}, {'x': 85, 'y': 456}]",215,340,neutral
3450.jpg,/kaggle/input/mvsasingle/MVSA_Single/data/3450.jpg,293,600,True,"What we think
We become.
Buddha","[{'x': 214, 'y': 122}, {'x': 565, 'y': 122}, {'x': 565, 'y': 286}, {'x': 214, 'y': 286}]",164,351,positive
3451.jpg,/kaggle/input/mvsasingle/MVSA_Single/data/3451.jpg,600,600,False,,[],0,0,negative
3452.jpg,/kaggle/input/mvsasingle/MVSA_Single/data/3452.jpg,314,600,False,,[],0,0,negative
3453.jpg,/kaggle/input/mvsasingle/MVSA_Single/data/3453.jpg,806,600,True,HAN,"[{'x': 313, 'y': 643}, {'x': 342, 'y': 643}, {'x': 342, 'y': 654}, {'x': 313, 'y': 654}]",11,29,neutral
3454.jpg,/kaggle/input/mvsasingle/MVSA_Single/data/3454.jpg,600,600,False,,[],0,0,positive
3455.jpg,/kaggle/input/mvsasingle/MVSA_Single/data/3455.jpg,600,600,True,"Bd
LECKEY
T","[{'x': 132, 'y': 338}, {'x': 359, 'y': 338}, {'x': 359, 'y': 579}, {'x': 132, 'y': 579}]",241,227,positive
3456.jpg,/kaggle/input/mvsasingle/MVSA_Single/data/3456.jpg,328,600,True,"FORMER MERCK DRUG SALESMAN WHO WORKED FOR
VACCINE SENATOR EXTREMIST IS VACCINE DAMAGED
HO
NOW HE EXPOSES THE TRUTH ABOUT VACCINES
A MUST WATCH
FOINFO
Courtesy of TellyBlackwood.com
WARS
DAVIDICKE.COM","[{'x': 9, 'y': 8}, {'x': 596, 'y': 8}, {'x': 596, 'y': 325}, {'x': 9, 'y': 325}]",317,587,neutral
3457.jpg,/kaggle/input/mvsasingle/MVSA_Single/data/3457.jpg,1024,576,True,"ceroboh
ah jiran","[{'x': 496, 'y': 556}, {'x': 575, 'y': 556}, {'x': 575, 'y': 582}, {'x': 496, 'y': 582}]",26,79,negative
3458.jpg,/kaggle/input/mvsasingle/MVSA_Single/data/3458.jpg,337,599,False,,[],0,0,neutral
3459.jpg,/kaggle/input/mvsasingle/MVSA_Single/data/3459.jpg,450,600,False,,[],0,0,negative
346.jpg,/kaggle/input/mvsasingle/MVSA_Single/data/346.jpg,337,599,True,أصبحت جميلة للغاية,"[{'x': 202, 'y': 280}, {'x': 395, 'y': 280}, {'x': 395, 'y': 309}, {'x': 202, 'y': 309}]",29,193,positive
3460.jpg,/kaggle/input/mvsasingle/MVSA_Single/data/3460.jpg,337,600,False,,[],0,0,neutral
3461.jpg,/kaggle/input/mvsasingle/MVSA_Single/data/3461.jpg,337,599,True,Roland,"[{'x': 396, 'y': 235}, {'x': 447, 'y': 235}, {'x': 447, 'y': 261}, {'x': 396, 'y': 261}]",26,51,positive
3462.jpg,/kaggle/input/mvsasingle/MVSA_Single/data/3462.jpg,394,590,False,,[],0,0,neutral
3463.jpg,/kaggle/input/mvsasingle/MVSA_Single/data/3463.jpg,150,600,True,"USA 3-1
LISTEN WITH LOVE
TO
THE MUSIC OF THE LAND
SA3.1
USA
LISTEN WITH LOVE
TOT
THE MU
MUSIC OF THE LAND
USA 3-1
LISTEN WITH LOVE
TO
THE MUSIC OF THE LAND
USA 3-
LISTEN WITH LOVE
THE MUSIC OF THE LAND
USA
LISTEN WITH LOVE
HE MUSIC OF THE LAND
USA 3-1
LISTEN WITH LOVE
TO
THE MUSIC OF THE LAND","[{'x': 28, 'y': 24}, {'x': 578, 'y': 24}, {'x': 578, 'y': 129}, {'x': 28, 'y': 129}]",105,550,positive
3464.jpg,/kaggle/input/mvsasingle/MVSA_Single/data/3464.jpg,336,599,True,"حلب نيوز
القلعة","[{'x': 86, 'y': 61}, {'x': 156, 'y': 61}, {'x': 156, 'y': 95}, {'x': 86, 'y': 95}]",34,70,neutral
3465.jpg,/kaggle/input/mvsasingle/MVSA_Single/data/3465.jpg,304,599,True,"CANADA
CANAD
CANADA
2010
2010
CANAGA
2006","[{'x': 175, 'y': 125}, {'x': 586, 'y': 125}, {'x': 586, 'y': 275}, {'x': 175, 'y': 275}]",150,411,neutral
3466.jpg,/kaggle/input/mvsasingle/MVSA_Single/data/3466.jpg,800,600,True,"TAMIN
1.5
IN
E","[{'x': 200, 'y': 160}, {'x': 596, 'y': 160}, {'x': 596, 'y': 581}, {'x': 200, 'y': 581}]",421,396,negative
3467.jpg,/kaggle/input/mvsasingle/MVSA_Single/data/3467.jpg,927,600,True,"Arielle
Immortal Seduction
The Immortal Rapture Series
LILIAN
ROBERTS","[{'x': 26, 'y': 26}, {'x': 566, 'y': 26}, {'x': 566, 'y': 908}, {'x': 26, 'y': 908}]",882,540,positive
3468.jpg,/kaggle/input/mvsasingle/MVSA_Single/data/3468.jpg,600,600,False,,[],0,0,positive
3469.jpg,/kaggle/input/mvsasingle/MVSA_Single/data/3469.jpg,337,599,False,,[],0,0,neutral
347.jpg,/kaggle/input/mvsasingle/MVSA_Single/data/347.jpg,480,480,True,"MURDERS: 12
POLICE ACTIONS ILLUSTRATED
MURDERS: 8
MURDERS: 0
MURDERS: 0
APPREHENDED
APPREHENDED
MURDERED
MURDERED
MURDERS: 6
MURDERS: 8
MURDERS: 0
MURDERS: 0
APPREHENDED
APPREHENDED
MURDERED
MURDERED
MURDERS: 4
MURDERS: 4
MURDERS: 0
MURDERS: 0
APPREHENDED
APPREHENDED
MURDERED
MURDERED
RECOGNISE THE DIFFERENCE. STAND UP FOR WHAT'S RIGHT.","[{'x': 8, 'y': 11}, {'x': 470, 'y': 11}, {'x': 470, 'y': 462}, {'x': 8, 'y': 462}]",451,462,negative
3470.jpg,/kaggle/input/mvsasingle/MVSA_Single/data/3470.jpg,625,500,True,"B
DEWATCHHABI","[{'x': 2, 'y': 569}, {'x': 90, 'y': 569}, {'x': 90, 'y': 618}, {'x': 2, 'y': 618}]",49,88,positive
3472.jpg,/kaggle/input/mvsasingle/MVSA_Single/data/3472.jpg,800,600,False,,[],0,0,neutral
3473.jpg,/kaggle/input/mvsasingle/MVSA_Single/data/3473.jpg,240,600,True,"A great leaders courage
to fulfill his vision comes
from passion, not
position.
John Maxwell","[{'x': 2, 'y': 16}, {'x': 554, 'y': 16}, {'x': 554, 'y': 228}, {'x': 2, 'y': 228}]",212,552,neutral
3474.jpg,/kaggle/input/mvsasingle/MVSA_Single/data/3474.jpg,498,256,False,,[],0,0,neutral
3475.jpg,/kaggle/input/mvsasingle/MVSA_Single/data/3475.jpg,186,271,False,,[],0,0,neutral
3476.jpg,/kaggle/input/mvsasingle/MVSA_Single/data/3476.jpg,400,289,False,,[],0,0,neutral
3477.jpg,/kaggle/input/mvsasingle/MVSA_Single/data/3477.jpg,450,600,False,,[],0,0,neutral
3478.jpg,/kaggle/input/mvsasingle/MVSA_Single/data/3478.jpg,800,600,False,,[],0,0,neutral
3479.jpg,/kaggle/input/mvsasingle/MVSA_Single/data/3479.jpg,399,600,False,,[],0,0,neutral
348.jpg,/kaggle/input/mvsasingle/MVSA_Single/data/348.jpg,415,599,True,"74 87
SEATTLE
67 00
SF/OAKLAND
SYRACUSE
MINNY
94
MILWAUKEE
NEW YORK
ROCHESTER 56,
54 55 68
73 88 DETROIT
60 98 15
281,977701761025
PHILLY
CLEVELAND 69,
80 01
BOSTON
E. RUTHERFORD
BALTIMORE
CHICAGO
SLC
83
FT WAYNE
ST. LOUIS
84 05
DENVER
58 62
65,
INDY
CINCY
LAS VEGAS
LOS ANGELES
07
63 72 83
PHOENIX
04 11
09
SAN DIEGO
95
DALLAS/ARLINGTON
86 10
HOUSTON
SAN ANTONIO
8906
08 14
96
NEW ORLEANS
ATLANTA
D.C.
CHARLOTTE
ORLANDO
92 12,
90
MIAMI
EVERYWHERE NBA ALL-STAR HAS BEEN HELD
Years listed inside stars.
SBANATION","[{'x': 6, 'y': 37}, {'x': 598, 'y': 37}, {'x': 598, 'y': 403}, {'x': 6, 'y': 403}]",366,592,positive
3480.jpg,/kaggle/input/mvsasingle/MVSA_Single/data/3480.jpg,600,600,True,"This is Sport
This is","[{'x': 34, 'y': 176}, {'x': 555, 'y': 176}, {'x': 555, 'y': 414}, {'x': 34, 'y': 414}]",238,521,neutral
3481.jpg,/kaggle/input/mvsasingle/MVSA_Single/data/3481.jpg,315,600,False,,[],0,0,neutral
3482.jpg,/kaggle/input/mvsasingle/MVSA_Single/data/3482.jpg,308,600,False,,[],0,0,neutral
3483.jpg,/kaggle/input/mvsasingle/MVSA_Single/data/3483.jpg,394,595,True,"DED
THE
Sun","[{'x': 120, 'y': 141}, {'x': 416, 'y': 141}, {'x': 416, 'y': 354}, {'x': 120, 'y': 354}]",213,296,neutral
3484.jpg,/kaggle/input/mvsasingle/MVSA_Single/data/3484.jpg,600,600,True,"XG
XTREMEGEMS","[{'x': 16, 'y': 536}, {'x': 72, 'y': 536}, {'x': 72, 'y': 582}, {'x': 16, 'y': 582}]",46,56,positive
3485.jpg,/kaggle/input/mvsasingle/MVSA_Single/data/3485.jpg,270,480,True,"Watercolour Painting
A video course
for those who THINK
they can't PAINT","[{'x': 35, 'y': 54}, {'x': 461, 'y': 54}, {'x': 461, 'y': 207}, {'x': 35, 'y': 207}]",153,426,neutral
3486.jpg,/kaggle/input/mvsasingle/MVSA_Single/data/3486.jpg,600,600,True,"@thehopeline
#ShareHope
Don't get upset with people or situations.
Both are powerless without your reaction.","[{'x': 10, 'y': 2}, {'x': 559, 'y': 2}, {'x': 559, 'y': 577}, {'x': 10, 'y': 577}]",575,549,neutral
3487.jpg,/kaggle/input/mvsasingle/MVSA_Single/data/3487.jpg,598,540,False,,[],0,0,neutral
3488.jpg,/kaggle/input/mvsasingle/MVSA_Single/data/3488.jpg,600,600,True,"EDIF
AVOR
COLONIDIA SUR,
COUNTERC
ODE WENDA DEL DE
ERUCTOR STROCTORA TRUDELA DE CV
ECONSTRUCCION ESPECIAL GO
COCCIONADO
RONG NICOLAS ARTURO IRIS AGUIL
REGISTRO DRO-13
PIADO
S INQUILI
tin
res
rex
BIEN","[{'x': 6, 'y': 80}, {'x': 410, 'y': 80}, {'x': 410, 'y': 217}, {'x': 6, 'y': 217}]",137,404,positive
3489.jpg,/kaggle/input/mvsasingle/MVSA_Single/data/3489.jpg,403,599,False,,[],0,0,positive
349.jpg,/kaggle/input/mvsasingle/MVSA_Single/data/349.jpg,366,599,False,,[],0,0,negative
3490.jpg,/kaggle/input/mvsasingle/MVSA_Single/data/3490.jpg,600,600,True,1652,"[{'x': 308, 'y': 366}, {'x': 351, 'y': 366}, {'x': 351, 'y': 383}, {'x': 308, 'y': 383}]",17,43,neutral
3491.jpg,/kaggle/input/mvsasingle/MVSA_Single/data/3491.jpg,337,600,False,,[],0,0,negative
3492.jpg,/kaggle/input/mvsasingle/MVSA_Single/data/3492.jpg,480,458,True,"i, am a
lesbean
D","[{'x': 224, 'y': 207}, {'x': 397, 'y': 207}, {'x': 397, 'y': 474}, {'x': 224, 'y': 474}]",267,173,positive
3493.jpg,/kaggle/input/mvsasingle/MVSA_Single/data/3493.jpg,640,480,True,"it's all abt
swags"" wat do
ux-pect #fact","[{'x': 236, 'y': 347}, {'x': 413, 'y': 347}, {'x': 413, 'y': 444}, {'x': 236, 'y': 444}]",97,177,neutral
3494.jpg,/kaggle/input/mvsasingle/MVSA_Single/data/3494.jpg,448,597,False,,[],0,0,negative
3495.jpg,/kaggle/input/mvsasingle/MVSA_Single/data/3495.jpg,600,600,True,BRTY-918,"[{'x': 50, 'y': 395}, {'x': 100, 'y': 395}, {'x': 100, 'y': 423}, {'x': 50, 'y': 423}]",28,50,negative
3496.jpg,/kaggle/input/mvsasingle/MVSA_Single/data/3496.jpg,151,250,False,,[],0,0,positive
3497.jpg,/kaggle/input/mvsasingle/MVSA_Single/data/3497.jpg,903,600,False,,[],0,0,positive
3498.jpg,/kaggle/input/mvsasingle/MVSA_Single/data/3498.jpg,454,599,True,"Success
isn't just ABOUT
WHAT YOU accomplish
in your LIFE
WHAT
it's
about
you inspire
others to do vlaggen
kjo designs","[{'x': 25, 'y': 20}, {'x': 584, 'y': 20}, {'x': 584, 'y': 453}, {'x': 25, 'y': 453}]",433,559,positive
3499.jpg,/kaggle/input/mvsasingle/MVSA_Single/data/3499.jpg,368,512,False,,[],0,0,positive
35.jpg,/kaggle/input/mvsasingle/MVSA_Single/data/35.jpg,600,600,False,,[],0,0,positive
350.jpg,/kaggle/input/mvsasingle/MVSA_Single/data/350.jpg,337,599,True,"LINDA BLOOM
NATATORIUM
E3 NT 3 150.29 0.0
8 2:01.31
2 Eure, Luk
1:55.04
3 Stover, 13 1:53
18.20
21:51.N
Greve Co 7 2:00.11
Soumer P5 1:55 97
Schade & 1:59.68
Kex Star+","[{'x': 256, 'y': 91}, {'x': 348, 'y': 91}, {'x': 348, 'y': 213}, {'x': 256, 'y': 213}]",122,92,positive
3500.jpg,/kaggle/input/mvsasingle/MVSA_Single/data/3500.jpg,426,600,False,,[],0,0,positive
3501.jpg,/kaggle/input/mvsasingle/MVSA_Single/data/3501.jpg,399,599,False,,[],0,0,neutral
3502.jpg,/kaggle/input/mvsasingle/MVSA_Single/data/3502.jpg,498,500,False,,[],0,0,positive
3503.jpg,/kaggle/input/mvsasingle/MVSA_Single/data/3503.jpg,221,597,True,"FESTEVOL
evol
PART 1 AUGU
DAVE MCCABE & THE RAMIFICATIONS
THE SERPENT POWER THE SUNDOWNERS THE VRYLL SOCIETY
WE ARE CATCHERS EDGAR SUMMERTYME JONES
SILENT SLEEP CAVALRY VEYU ETCHES BROKEN MEN
THE FLOORMEN SHE DREW THE GUN JENNIFER DAVIES
BATHYMETRY CANVAS GO FIASCO SEPRONA
THE PROBES THE JACKOBINS ZUZU SOPHIE ANDERSON
FART2 AUGUST 8
ALL WE ARE
THE TEA STREET BAND SPRING KING SUGARMEN
DOGSHOW NATALIE MCCOOL WHEN I AM KING
MOATS STRANGE COLLECTIVE PINK FILM
GULF LIVES RONGORONGO ORANJ SUN
VIOLA BEACH XAM VOLO LYING BASTARDS
SCARLET KATY ALEX - AJHO","[{'x': 16, 'y': 7}, {'x': 572, 'y': 7}, {'x': 572, 'y': 160}, {'x': 16, 'y': 160}]",153,556,positive
3504.jpg,/kaggle/input/mvsasingle/MVSA_Single/data/3504.jpg,600,600,True,"GHT
RIOTS
LIET
FIMM
TIPS!
ISSIME
108
Juliet Simms","[{'x': 146, 'y': 106}, {'x': 530, 'y': 106}, {'x': 530, 'y': 574}, {'x': 146, 'y': 574}]",468,384,positive
3505.jpg,/kaggle/input/mvsasingle/MVSA_Single/data/3505.jpg,336,480,False,,[],0,0,neutral
3506.jpg,/kaggle/input/mvsasingle/MVSA_Single/data/3506.jpg,443,599,True,PC,"[{'x': 553, 'y': 319}, {'x': 598, 'y': 319}, {'x': 598, 'y': 362}, {'x': 553, 'y': 362}]",43,45,neutral
3507.jpg,/kaggle/input/mvsasingle/MVSA_Single/data/3507.jpg,450,600,False,,[],0,0,negative
3508.jpg,/kaggle/input/mvsasingle/MVSA_Single/data/3508.jpg,332,600,False,,[],0,0,neutral
3509.jpg,/kaggle/input/mvsasingle/MVSA_Single/data/3509.jpg,884,600,False,,[],0,0,positive
351.jpg,/kaggle/input/mvsasingle/MVSA_Single/data/351.jpg,400,600,True,"""Whatever is begun in anger ends in shame.""
Benjamin Franklin","[{'x': 47, 'y': 72}, {'x': 568, 'y': 72}, {'x': 568, 'y': 165}, {'x': 47, 'y': 165}]",93,521,negative
3510.jpg,/kaggle/input/mvsasingle/MVSA_Single/data/3510.jpg,399,600,True,"13
ISPA","[{'x': 0, 'y': 69}, {'x': 542, 'y': 69}, {'x': 542, 'y': 389}, {'x': 0, 'y': 389}]",320,542,positive
3511.jpg,/kaggle/input/mvsasingle/MVSA_Single/data/3511.jpg,600,600,False,,[],0,0,positive
3512.jpg,/kaggle/input/mvsasingle/MVSA_Single/data/3512.jpg,400,600,True,"hope
Beretta
19","[{'x': 258, 'y': 89}, {'x': 350, 'y': 89}, {'x': 350, 'y': 269}, {'x': 258, 'y': 269}]",180,92,positive
3513.jpg,/kaggle/input/mvsasingle/MVSA_Single/data/3513.jpg,373,493,True,"July 11 Selena Gomez & friends
visiting Orlando Bloom at his house in
Malibu","[{'x': 15, 'y': 268}, {'x': 461, 'y': 268}, {'x': 461, 'y': 367}, {'x': 15, 'y': 367}]",99,446,positive
3515.jpg,/kaggle/input/mvsasingle/MVSA_Single/data/3515.jpg,600,600,True,Jared Made with VidLab,"[{'x': 230, 'y': 555}, {'x': 582, 'y': 555}, {'x': 582, 'y': 586}, {'x': 230, 'y': 586}]",31,352,positive
3516.jpg,/kaggle/input/mvsasingle/MVSA_Single/data/3516.jpg,1024,575,True,"??
???","[{'x': 298, 'y': 413}, {'x': 543, 'y': 413}, {'x': 543, 'y': 505}, {'x': 298, 'y': 505}]",92,245,positive
3517.jpg,/kaggle/input/mvsasingle/MVSA_Single/data/3517.jpg,320,599,False,,[],0,0,positive
352.jpg,/kaggle/input/mvsasingle/MVSA_Single/data/352.jpg,450,600,True,"rt scouts
thin mints.
samoas","[{'x': 128, 'y': 155}, {'x': 415, 'y': 155}, {'x': 415, 'y': 303}, {'x': 128, 'y': 303}]",148,287,negative
3520.jpg,/kaggle/input/mvsasingle/MVSA_Single/data/3520.jpg,190,600,True,"YOUR ROOM LOOKS DIFFERENT
THAN WHEN YOU LEFT IT?","[{'x': 53, 'y': 7}, {'x': 543, 'y': 7}, {'x': 543, 'y': 84}, {'x': 53, 'y': 84}]",77,490,positive
3521.jpg,/kaggle/input/mvsasingle/MVSA_Single/data/3521.jpg,265,236,True,FreakingNews.com,"[{'x': 1, 'y': 259}, {'x': 52, 'y': 259}, {'x': 52, 'y': 264}, {'x': 1, 'y': 264}]",5,51,positive
3522.jpg,/kaggle/input/mvsasingle/MVSA_Single/data/3522.jpg,399,600,False,,[],0,0,positive
3523.jpg,/kaggle/input/mvsasingle/MVSA_Single/data/3523.jpg,482,599,False,,[],0,0,positive
3524.jpg,/kaggle/input/mvsasingle/MVSA_Single/data/3524.jpg,800,600,False,,[],0,0,positive
3525.jpg,/kaggle/input/mvsasingle/MVSA_Single/data/3525.jpg,229,300,False,,[],0,0,positive
3526.jpg,/kaggle/input/mvsasingle/MVSA_Single/data/3526.jpg,1024,577,False,,[],0,0,negative
3527.jpg,/kaggle/input/mvsasingle/MVSA_Single/data/3527.jpg,600,600,False,,[],0,0,neutral
3528.jpg,/kaggle/input/mvsasingle/MVSA_Single/data/3528.jpg,1136,551,False,,[],0,0,positive
3529.jpg,/kaggle/input/mvsasingle/MVSA_Single/data/3529.jpg,214,599,True,"NCMW Mot
100%","[{'x': 110, 'y': 83}, {'x': 598, 'y': 83}, {'x': 598, 'y': 148}, {'x': 110, 'y': 148}]",65,488,neutral
353.jpg,/kaggle/input/mvsasingle/MVSA_Single/data/353.jpg,450,600,True,"EAUX CLAIRES
EAUX CLAIRES
Blind Boys of Alan
Doomtree
J
J","[{'x': 83, 'y': 52}, {'x': 490, 'y': 52}, {'x': 490, 'y': 379}, {'x': 83, 'y': 379}]",327,407,neutral
3530.jpg,/kaggle/input/mvsasingle/MVSA_Single/data/3530.jpg,337,599,True,GARGIAAMI,"[{'x': 248, 'y': 133}, {'x': 351, 'y': 133}, {'x': 351, 'y': 147}, {'x': 248, 'y': 147}]",14,103,neutral
3531.jpg,/kaggle/input/mvsasingle/MVSA_Single/data/3531.jpg,1024,579,True,"A
MAS
MAXIMU","[{'x': 144, 'y': 903}, {'x': 571, 'y': 903}, {'x': 571, 'y': 971}, {'x': 144, 'y': 971}]",68,427,positive
3532.jpg,/kaggle/input/mvsasingle/MVSA_Single/data/3532.jpg,600,600,False,,[],0,0,neutral
3533.jpg,/kaggle/input/mvsasingle/MVSA_Single/data/3533.jpg,600,600,True,"BELISOL
etixx
SOUDAL
BE","[{'x': 56, 'y': 337}, {'x': 543, 'y': 337}, {'x': 543, 'y': 548}, {'x': 56, 'y': 548}]",211,487,positive
3534.jpg,/kaggle/input/mvsasingle/MVSA_Single/data/3534.jpg,320,599,True,"My little baby, off to destroy people.","[{'x': 54, 'y': 284}, {'x': 555, 'y': 284}, {'x': 555, 'y': 317}, {'x': 54, 'y': 317}]",33,501,negative
3535.jpg,/kaggle/input/mvsasingle/MVSA_Single/data/3535.jpg,300,253,False,,[],0,0,neutral
3536.jpg,/kaggle/input/mvsasingle/MVSA_Single/data/3536.jpg,399,599,False,,[],0,0,negative
3537.jpg,/kaggle/input/mvsasingle/MVSA_Single/data/3537.jpg,450,600,True,"ALL RIGHTS OF
POLYGON
MADE IN
POLYGON
ENGLAND.
(PL 24)
Speed 78
RECORD
LTD.
MOONTIDE
(Frank Baron)
PI012
RFORMANCE BROADCASTING & COPYING OF THIS RECORD PROHIBITED.
FRANK BARON TRIO
with the High Tones
R OF THE RECORDED WORK RESERVED. UNAUTHORISED PUBLIC PERFORMANCE, N
COPYRIGHT
CONTROL","[{'x': 71, 'y': 49}, {'x': 576, 'y': 49}, {'x': 576, 'y': 449}, {'x': 71, 'y': 449}]",400,505,positive
3538.jpg,/kaggle/input/mvsasingle/MVSA_Single/data/3538.jpg,388,600,True,AFART,"[{'x': 530, 'y': 156}, {'x': 552, 'y': 156}, {'x': 552, 'y': 165}, {'x': 530, 'y': 165}]",9,22,neutral
3539.jpg,/kaggle/input/mvsasingle/MVSA_Single/data/3539.jpg,620,413,False,,[],0,0,positive
354.jpg,/kaggle/input/mvsasingle/MVSA_Single/data/354.jpg,270,480,True,"SENI UNUTMAYA
ZGECAN
Bakanlık müdahil oluyor
AİLEYİ ARADILAR","[{'x': 46, 'y': 35}, {'x': 479, 'y': 35}, {'x': 479, 'y': 256}, {'x': 46, 'y': 256}]",221,433,positive
3540.jpg,/kaggle/input/mvsasingle/MVSA_Single/data/3540.jpg,600,600,False,,[],0,0,positive
3541.jpg,/kaggle/input/mvsasingle/MVSA_Single/data/3541.jpg,733,550,True,BUZE,"[{'x': 120, 'y': 273}, {'x': 137, 'y': 273}, {'x': 137, 'y': 280}, {'x': 120, 'y': 280}]",7,17,positive
3542.jpg,/kaggle/input/mvsasingle/MVSA_Single/data/3542.jpg,717,600,False,,[],0,0,negative
3543.jpg,/kaggle/input/mvsasingle/MVSA_Single/data/3543.jpg,349,599,False,,[],0,0,positive
3544.jpg,/kaggle/input/mvsasingle/MVSA_Single/data/3544.jpg,1024,576,True,"iPod
1:42 am
Avi Chandna
Is that so wrong?
Is it so wrong?
That you make me strong
Avi Chandna changed his profile picture. in
Profile Pictures Saturday at 11:24pm.
View Full Size Send as Message · Report","[{'x': 10, 'y': 9}, {'x': 511, 'y': 9}, {'x': 511, 'y': 1019}, {'x': 10, 'y': 1019}]",1010,501,neutral
3545.jpg,/kaggle/input/mvsasingle/MVSA_Single/data/3545.jpg,331,599,True,"TWO CAREERS RUINED
OVER SEX AND DONUTS!","[{'x': 51, 'y': 232}, {'x': 561, 'y': 232}, {'x': 561, 'y': 313}, {'x': 51, 'y': 313}]",81,510,positive
3546.jpg,/kaggle/input/mvsasingle/MVSA_Single/data/3546.jpg,644,500,True,"huh, what's
Wrong?
uh-nothing, i Just
got this feeling
like somene
was
Watching
US.
it's just your imagination.
Your parents are gone
all weekend,
right?
BR2","[{'x': 139, 'y': 320}, {'x': 474, 'y': 320}, {'x': 474, 'y': 625}, {'x': 139, 'y': 625}]",305,335,positive
3547.jpg,/kaggle/input/mvsasingle/MVSA_Single/data/3547.jpg,800,600,False,,[],0,0,positive
3548.jpg,/kaggle/input/mvsasingle/MVSA_Single/data/3548.jpg,391,493,False,,[],0,0,neutral
3549.jpg,/kaggle/input/mvsasingle/MVSA_Single/data/3549.jpg,337,599,False,,[],0,0,negative
355.jpg,/kaggle/input/mvsasingle/MVSA_Single/data/355.jpg,800,600,True,"BLUL
SOUR
I may not
be JAMES
but you
STRIKE M
WILL
you be my
VALENTIN
HAPPY P","[{'x': 139, 'y': 138}, {'x': 599, 'y': 138}, {'x': 599, 'y': 799}, {'x': 139, 'y': 799}]",661,460,positive
3550.jpg,/kaggle/input/mvsasingle/MVSA_Single/data/3550.jpg,337,599,False,,[],0,0,negative
3551.jpg,/kaggle/input/mvsasingle/MVSA_Single/data/3551.jpg,370,480,True,"In the beginning of a change, the pa-
triot is a scarce man, brave, hated and
scorned. When his cause succeeds, the
timid join him, for then it costs nothing
to be a patriot. Mark Twain,","[{'x': 4, 'y': 80}, {'x': 478, 'y': 80}, {'x': 478, 'y': 248}, {'x': 4, 'y': 248}]",168,474,positive
3552.jpg,/kaggle/input/mvsasingle/MVSA_Single/data/3552.jpg,475,309,True,"200
SPAWN
200","[{'x': 14, 'y': 18}, {'x': 276, 'y': 18}, {'x': 276, 'y': 460}, {'x': 14, 'y': 460}]",442,262,positive
3553.jpg,/kaggle/input/mvsasingle/MVSA_Single/data/3553.jpg,600,600,True,"SHOOKER 15
CALFKILL
AND
BREWING
CALPKILLER
ALCHINO COM
CALFKILLER
BREWING COM","[{'x': 43, 'y': 79}, {'x': 555, 'y': 79}, {'x': 555, 'y': 533}, {'x': 43, 'y': 533}]",454,512,positive
3554.jpg,/kaggle/input/mvsasingle/MVSA_Single/data/3554.jpg,766,599,True,Duncan Long,"[{'x': 388, 'y': 709}, {'x': 594, 'y': 709}, {'x': 594, 'y': 759}, {'x': 388, 'y': 759}]",50,206,negative
3555.jpg,/kaggle/input/mvsasingle/MVSA_Single/data/3555.jpg,325,500,True,"I don't want his porkchop, I want his life.","[{'x': 91, 'y': 270}, {'x': 402, 'y': 270}, {'x': 402, 'y': 286}, {'x': 91, 'y': 286}]",16,311,negative
3556.jpg,/kaggle/input/mvsasingle/MVSA_Single/data/3556.jpg,162,312,True,Spoilers,"[{'x': 10, 'y': 102}, {'x': 169, 'y': 102}, {'x': 169, 'y': 137}, {'x': 10, 'y': 137}]",35,159,positive
3557.jpg,/kaggle/input/mvsasingle/MVSA_Single/data/3557.jpg,300,600,True,"""AM I REALLY THE
SORT OF ENEMY
YOU WANT TO
MAKE""?
- CLAIRE UNDERWOOD
HOUSE
of CARDS
SEASON 3
SUNDAYS AT 11 PM
2café","[{'x': 34, 'y': 8}, {'x': 591, 'y': 8}, {'x': 591, 'y': 288}, {'x': 34, 'y': 288}]",280,557,positive
3558.jpg,/kaggle/input/mvsasingle/MVSA_Single/data/3558.jpg,798,599,False,,[],0,0,positive
3559.jpg,/kaggle/input/mvsasingle/MVSA_Single/data/3559.jpg,600,600,False,,[],0,0,neutral
356.jpg,/kaggle/input/mvsasingle/MVSA_Single/data/356.jpg,499,540,True,"JOEL ROSENBERG TO SPEAK
AT #NRB15
NRB15
INTERNATIONAL CHRISTIAN
MEDIA CONVENTION
Join us February 23-26 in Nashville! Visit NRBCONVENTION.ORG","[{'x': 5, 'y': 13}, {'x': 531, 'y': 13}, {'x': 531, 'y': 294}, {'x': 5, 'y': 294}]",281,526,positive
3560.jpg,/kaggle/input/mvsasingle/MVSA_Single/data/3560.jpg,568,320,False,,[],0,0,negative
3561.jpg,/kaggle/input/mvsasingle/MVSA_Single/data/3561.jpg,1066,600,False,,[],0,0,positive
3562.jpg,/kaggle/input/mvsasingle/MVSA_Single/data/3562.jpg,357,599,True,"855
MILLBROOK
Have it all. Right here.
HOME OF
SERENA
RYDER","[{'x': 252, 'y': 33}, {'x': 539, 'y': 33}, {'x': 539, 'y': 234}, {'x': 252, 'y': 234}]",201,287,positive
3563.jpg,/kaggle/input/mvsasingle/MVSA_Single/data/3563.jpg,550,600,False,,[],0,0,positive
3564.jpg,/kaggle/input/mvsasingle/MVSA_Single/data/3564.jpg,726,599,True,"J.K. Rowling @jk_rowling - Jul 11
.@diegtristan8 ""she is built like a man"". Yeah, my husband looks
just like this in a dress. You're an idiot.
75K
97K","[{'x': 82, 'y': 608}, {'x': 554, 'y': 608}, {'x': 554, 'y': 697}, {'x': 82, 'y': 697}]",89,472,negative
3565.jpg,/kaggle/input/mvsasingle/MVSA_Single/data/3565.jpg,1065,600,True,"o Verizon
11:10 PM
Done
×
55%
Roxanne, 35
64 miles away Active 15 hours ago
About Roxanne
I am fucking whore, who cheated on my marriage and
5 kids, who knows what STDs I have.","[{'x': 15, 'y': 9}, {'x': 541, 'y': 9}, {'x': 541, 'y': 927}, {'x': 15, 'y': 927}]",918,526,neutral
3566.jpg,/kaggle/input/mvsasingle/MVSA_Single/data/3566.jpg,771,599,False,,[],0,0,positive
3567.jpg,/kaggle/input/mvsasingle/MVSA_Single/data/3567.jpg,411,599,False,,[],0,0,neutral
3568.jpg,/kaggle/input/mvsasingle/MVSA_Single/data/3568.jpg,337,598,True,"TASTY
LOHE
nobrad
TASTY
TAST IOH
HOT DELICIOUS
DELICIOUS
DELICIOUSTICS
TASTY
HOT OF
359
TASTY
HOT
DELICIOUS
JAST
HOT
500131130
HOT
DELICIOUS
HOT
TAST
HOT DELICIOUS","[{'x': 49, 'y': 22}, {'x': 466, 'y': 22}, {'x': 466, 'y': 336}, {'x': 49, 'y': 336}]",314,417,neutral
3569.jpg,/kaggle/input/mvsasingle/MVSA_Single/data/3569.jpg,425,600,False,,[],0,0,negative
357.jpg,/kaggle/input/mvsasingle/MVSA_Single/data/357.jpg,766,600,True,"7 Likes
CÉDE
seblake
VIP nights #club23 #oned #crown #valentinesday
#vip #besties @tahneesmythe @wraywray89 at","[{'x': 79, 'y': 240}, {'x': 569, 'y': 240}, {'x': 569, 'y': 761}, {'x': 79, 'y': 761}]",521,490,positive
3570.jpg,/kaggle/input/mvsasingle/MVSA_Single/data/3570.jpg,600,600,True,"ACTION
LIVE
#UFEVIP
UFC
FA
VIP
U
VIPER
HUFO VI","[{'x': 133, 'y': 56}, {'x': 530, 'y': 56}, {'x': 530, 'y': 597}, {'x': 133, 'y': 597}]",541,397,positive
3571.jpg,/kaggle/input/mvsasingle/MVSA_Single/data/3571.jpg,1024,576,True,"M
16
107 265
1.1kB/s
OB/SX
83 12:56 AM
Q :
Tweet
MsKermit
@Zeezus_
Ghanian Jollof Isn't Complete
Without Ghanian Plantain
7:51 PM 05 Jul 15
Reply to MsKermit","[{'x': 9, 'y': 8}, {'x': 567, 'y': 8}, {'x': 567, 'y': 1001}, {'x': 9, 'y': 1001}]",993,558,negative
3572.jpg,/kaggle/input/mvsasingle/MVSA_Single/data/3572.jpg,450,600,True,"NIKEEYB.COM
NIKEEYB.COM
D
NIKEEYB.COM
141
ESPNU
MLB
0:00:06
II
Nationals
Orioles
1:35 ET
NIK
LIVE TV LIVE","[{'x': 25, 'y': 76}, {'x': 546, 'y': 76}, {'x': 546, 'y': 393}, {'x': 25, 'y': 393}]",317,521,negative
3573.jpg,/kaggle/input/mvsasingle/MVSA_Single/data/3573.jpg,801,600,False,,[],0,0,negative
3574.jpg,/kaggle/input/mvsasingle/MVSA_Single/data/3574.jpg,257,600,False,,[],0,0,negative
3575.jpg,/kaggle/input/mvsasingle/MVSA_Single/data/3575.jpg,282,450,False,,[],0,0,negative
3576.jpg,/kaggle/input/mvsasingle/MVSA_Single/data/3576.jpg,400,600,False,,[],0,0,negative
3577.jpg,/kaggle/input/mvsasingle/MVSA_Single/data/3577.jpg,224,300,True,"THIS MASTER
VOICE","[{'x': 195, 'y': 90}, {'x': 273, 'y': 90}, {'x': 273, 'y': 129}, {'x': 195, 'y': 129}]",39,78,positive
3578.jpg,/kaggle/input/mvsasingle/MVSA_Single/data/3578.jpg,336,599,False,,[],0,0,positive
3579.jpg,/kaggle/input/mvsasingle/MVSA_Single/data/3579.jpg,399,599,False,,[],0,0,positive
358.jpg,/kaggle/input/mvsasingle/MVSA_Single/data/358.jpg,450,600,True,"Weekly N
Remembrance Day parade
DID NOT
SPEND £10,000
ON EXTRA
BISCUITS","[{'x': 95, 'y': 0}, {'x': 532, 'y': 0}, {'x': 532, 'y': 319}, {'x': 95, 'y': 319}]",319,437,neutral
3580.jpg,/kaggle/input/mvsasingle/MVSA_Single/data/3580.jpg,338,599,False,,[],0,0,positive
3581.jpg,/kaggle/input/mvsasingle/MVSA_Single/data/3581.jpg,337,599,False,,[],0,0,positive
3582.jpg,/kaggle/input/mvsasingle/MVSA_Single/data/3582.jpg,399,599,True,"Deutsche Po
0
Die Post für De chland.
Deutsche Post
Die Post für Deutschland.
ADAC
Deutsche Post
Die Post für Dschland.
Deutsche Post S
Die Post für Deutschla
Deutsche F
Die Post für D
Power
Red Bull
HENKEL
O
ELL
motorsport.com","[{'x': 56, 'y': 0}, {'x': 598, 'y': 0}, {'x': 598, 'y': 371}, {'x': 56, 'y': 371}]",371,542,positive
3583.jpg,/kaggle/input/mvsasingle/MVSA_Single/data/3583.jpg,618,500,True,AbuNawaf.com,"[{'x': 4, 'y': 600}, {'x': 100, 'y': 600}, {'x': 100, 'y': 610}, {'x': 4, 'y': 610}]",10,96,positive
3584.jpg,/kaggle/input/mvsasingle/MVSA_Single/data/3584.jpg,666,376,False,,[],0,0,positive
3585.jpg,/kaggle/input/mvsasingle/MVSA_Single/data/3585.jpg,600,600,False,,[],0,0,positive
3586.jpg,/kaggle/input/mvsasingle/MVSA_Single/data/3586.jpg,899,600,True,© PERFECTGONZO.COM,"[{'x': 440, 'y': 883}, {'x': 591, 'y': 883}, {'x': 591, 'y': 896}, {'x': 440, 'y': 896}]",13,151,positive
3587.jpg,/kaggle/input/mvsasingle/MVSA_Single/data/3587.jpg,515,599,False,,[],0,0,positive
3588.jpg,/kaggle/input/mvsasingle/MVSA_Single/data/3588.jpg,600,600,False,,[],0,0,positive
3589.jpg,/kaggle/input/mvsasingle/MVSA_Single/data/3589.jpg,926,600,False,,[],0,0,positive
359.jpg,/kaggle/input/mvsasingle/MVSA_Single/data/359.jpg,323,158,False,,[],0,0,positive
3590.jpg,/kaggle/input/mvsasingle/MVSA_Single/data/3590.jpg,1032,581,False,,[],0,0,positive
3591.jpg,/kaggle/input/mvsasingle/MVSA_Single/data/3591.jpg,300,600,True,"Easy
Business
Blogging
from
Scratch
by Heather Robinson
Start your blog today!
E-BOOK OUT NOW!
ORDER NOW
amazonkindle","[{'x': 78, 'y': 58}, {'x': 581, 'y': 58}, {'x': 581, 'y': 275}, {'x': 78, 'y': 275}]",217,503,neutral
3592.jpg,/kaggle/input/mvsasingle/MVSA_Single/data/3592.jpg,1024,576,True,2,"[{'x': 283, 'y': 525}, {'x': 297, 'y': 525}, {'x': 297, 'y': 538}, {'x': 283, 'y': 538}]",13,14,positive
3593.jpg,/kaggle/input/mvsasingle/MVSA_Single/data/3593.jpg,800,600,False,,[],0,0,neutral
3594.jpg,/kaggle/input/mvsasingle/MVSA_Single/data/3594.jpg,800,600,True,"Petm
40
Uner Pan Buite","[{'x': 6, 'y': 221}, {'x': 193, 'y': 221}, {'x': 193, 'y': 478}, {'x': 6, 'y': 478}]",257,187,negative
3595.jpg,/kaggle/input/mvsasingle/MVSA_Single/data/3595.jpg,800,600,False,,[],0,0,positive
3596.jpg,/kaggle/input/mvsasingle/MVSA_Single/data/3596.jpg,800,600,False,,[],0,0,positive
3597.jpg,/kaggle/input/mvsasingle/MVSA_Single/data/3597.jpg,486,435,True,"FETIME
마마무. TEEN TOP - 채연","[{'x': 21, 'y': 273}, {'x': 357, 'y': 273}, {'x': 357, 'y': 427}, {'x': 21, 'y': 427}]",154,336,neutral
3598.jpg,/kaggle/input/mvsasingle/MVSA_Single/data/3598.jpg,365,599,True,E,"[{'x': 469, 'y': 216}, {'x': 478, 'y': 216}, {'x': 478, 'y': 225}, {'x': 469, 'y': 225}]",9,9,neutral
3599.jpg,/kaggle/input/mvsasingle/MVSA_Single/data/3599.jpg,800,600,False,,[],0,0,positive
36.jpg,/kaggle/input/mvsasingle/MVSA_Single/data/36.jpg,450,600,False,,[],0,0,positive
360.jpg,/kaggle/input/mvsasingle/MVSA_Single/data/360.jpg,904,599,True,"HTS
LIND
2
EXIT
D 2014-David E. Fraser www.photosophistry.com","[{'x': 0, 'y': 185}, {'x': 470, 'y': 185}, {'x': 470, 'y': 900}, {'x': 0, 'y': 900}]",715,470,positive
3600.jpg,/kaggle/input/mvsasingle/MVSA_Single/data/3600.jpg,800,600,True,"COLUM
ERCU
www.tuffu
BASSM
ACCAL
CENTRAL CITY AUTO
Keel","[{'x': 192, 'y': 318}, {'x': 474, 'y': 318}, {'x': 474, 'y': 617}, {'x': 192, 'y': 617}]",299,282,positive
3601.jpg,/kaggle/input/mvsasingle/MVSA_Single/data/3601.jpg,399,599,False,,[],0,0,positive
3602.jpg,/kaggle/input/mvsasingle/MVSA_Single/data/3602.jpg,93,140,True,GAL,"[{'x': 54, 'y': 35}, {'x': 67, 'y': 35}, {'x': 67, 'y': 40}, {'x': 54, 'y': 40}]",5,13,neutral
3603.jpg,/kaggle/input/mvsasingle/MVSA_Single/data/3603.jpg,337,599,True,OldGoesYoung.com,"[{'x': 475, 'y': 318}, {'x': 593, 'y': 318}, {'x': 593, 'y': 333}, {'x': 475, 'y': 333}]",15,118,positive
3604.jpg,/kaggle/input/mvsasingle/MVSA_Single/data/3604.jpg,325,598,True,"Leonie winks
photography
I CAN","[{'x': 209, 'y': 101}, {'x': 514, 'y': 101}, {'x': 514, 'y': 201}, {'x': 209, 'y': 201}]",100,305,positive
3605.jpg,/kaggle/input/mvsasingle/MVSA_Single/data/3605.jpg,140,140,True,"EQU Smart Sport Bracelet
Put it on Go sleeping","[{'x': 2, 'y': 3}, {'x': 126, 'y': 3}, {'x': 126, 'y': 139}, {'x': 2, 'y': 139}]",136,124,positive
3606.jpg,/kaggle/input/mvsasingle/MVSA_Single/data/3606.jpg,93,140,False,,[],0,0,positive
3607.jpg,/kaggle/input/mvsasingle/MVSA_Single/data/3607.jpg,418,600,False,,[],0,0,negative
3608.jpg,/kaggle/input/mvsasingle/MVSA_Single/data/3608.jpg,800,600,False,,[],0,0,positive
3609.jpg,/kaggle/input/mvsasingle/MVSA_Single/data/3609.jpg,800,600,False,,[],0,0,positive
361.jpg,/kaggle/input/mvsasingle/MVSA_Single/data/361.jpg,625,565,True,Don't let her think like this,"[{'x': 65, 'y': 2}, {'x': 500, 'y': 2}, {'x': 500, 'y': 31}, {'x': 65, 'y': 31}]",29,435,positive
3610.jpg,/kaggle/input/mvsasingle/MVSA_Single/data/3610.jpg,600,600,True,"Alone In
RUSSIA~
尘
FAC","[{'x': 177, 'y': 190}, {'x': 573, 'y': 190}, {'x': 573, 'y': 546}, {'x': 177, 'y': 546}]",356,396,negative
3611.jpg,/kaggle/input/mvsasingle/MVSA_Single/data/3611.jpg,1024,577,True,"CIVIC
ONE DION
VIC
NE DIRECT","[{'x': 24, 'y': 81}, {'x': 576, 'y': 81}, {'x': 576, 'y': 873}, {'x': 24, 'y': 873}]",792,552,positive
3612.jpg,/kaggle/input/mvsasingle/MVSA_Single/data/3612.jpg,1024,576,True,"PING
101 ms
SHARE
O
1M
2M
LTE
50% 4:11 PM
OOKLA SPEEDTEST
DOWNLOAD
UPLOAD
25.17 Mbps 12.25 Mbps
5M
3M
10M
20M
Restart Test
-
30M
50M
Remove Ads
SPEEDTEST RESULTS
SETTINGS
ABOUT","[{'x': 15, 'y': 9}, {'x': 564, 'y': 9}, {'x': 564, 'y': 1015}, {'x': 15, 'y': 1015}]",1006,549,negative
3613.jpg,/kaggle/input/mvsasingle/MVSA_Single/data/3613.jpg,775,599,False,,[],0,0,negative
3614.jpg,/kaggle/input/mvsasingle/MVSA_Single/data/3614.jpg,92,140,False,,[],0,0,negative
3615.jpg,/kaggle/input/mvsasingle/MVSA_Single/data/3615.jpg,105,140,False,,[],0,0,positive
3616.jpg,/kaggle/input/mvsasingle/MVSA_Single/data/3616.jpg,600,600,False,,[],0,0,positive
3617.jpg,/kaggle/input/mvsasingle/MVSA_Single/data/3617.jpg,140,93,True,WE,"[{'x': 56, 'y': 57}, {'x': 64, 'y': 57}, {'x': 64, 'y': 71}, {'x': 56, 'y': 71}]",14,8,positive
3618.jpg,/kaggle/input/mvsasingle/MVSA_Single/data/3618.jpg,561,599,False,,[],0,0,positive
3619.jpg,/kaggle/input/mvsasingle/MVSA_Single/data/3619.jpg,600,600,True,"M®
McFLURRY
love koto
ED
minions
ONLY IN CINEMAS
BANANA
FESTIVAL
DEOT
Banana
Crumble
McFlurry
STUART
APPROVED
STRAIN
PIZZA
Minions 2015 Universal Studios. All Rights Reserved","[{'x': 178, 'y': 36}, {'x': 587, 'y': 36}, {'x': 587, 'y': 591}, {'x': 178, 'y': 591}]",555,409,neutral
362.jpg,/kaggle/input/mvsasingle/MVSA_Single/data/362.jpg,581,600,True,"DO YOU KNOW THIS BLACK LAB PUPPY?
Found near Jane and Finch in North York (Toronto) on
October 10, suffering from multiple broken bones,
chemical burns, and an elastic band around its muzzle.
CALL 1-800-222-8477","[{'x': 7, 'y': 8}, {'x': 591, 'y': 8}, {'x': 591, 'y': 565}, {'x': 7, 'y': 565}]",557,584,negative
3620.jpg,/kaggle/input/mvsasingle/MVSA_Single/data/3620.jpg,779,599,True,"Windows Explorer
Windows Explorer is restarting...","[{'x': 225, 'y': 276}, {'x': 489, 'y': 276}, {'x': 489, 'y': 333}, {'x': 225, 'y': 333}]",57,264,positive
3621.jpg,/kaggle/input/mvsasingle/MVSA_Single/data/3621.jpg,600,600,False,,[],0,0,negative
3622.jpg,/kaggle/input/mvsasingle/MVSA_Single/data/3622.jpg,405,599,True,"BRIN
SU
CV","[{'x': 178, 'y': 199}, {'x': 233, 'y': 199}, {'x': 233, 'y': 279}, {'x': 178, 'y': 279}]",80,55,negative
3623.jpg,/kaggle/input/mvsasingle/MVSA_Single/data/3623.jpg,140,140,False,,[],0,0,positive
3624.jpg,/kaggle/input/mvsasingle/MVSA_Single/data/3624.jpg,895,600,True,polineprop,"[{'x': 0, 'y': 885}, {'x': 61, 'y': 885}, {'x': 61, 'y': 894}, {'x': 0, 'y': 894}]",9,61,positive
3625.jpg,/kaggle/input/mvsasingle/MVSA_Single/data/3625.jpg,480,480,True,"SPHILPS-9064
512612
SERES #","[{'x': 6, 'y': 466}, {'x': 294, 'y': 466}, {'x': 294, 'y': 479}, {'x': 6, 'y': 479}]",13,288,positive
3626.jpg,/kaggle/input/mvsasingle/MVSA_Single/data/3626.jpg,337,599,False,,[],0,0,neutral
3627.jpg,/kaggle/input/mvsasingle/MVSA_Single/data/3627.jpg,600,600,True,"girall
cat
balloon
Zebra
shrimp
spider","[{'x': 53, 'y': 106}, {'x': 531, 'y': 106}, {'x': 531, 'y': 508}, {'x': 53, 'y': 508}]",402,478,neutral
3628.jpg,/kaggle/input/mvsasingle/MVSA_Single/data/3628.jpg,140,132,False,,[],0,0,positive
3629.jpg,/kaggle/input/mvsasingle/MVSA_Single/data/3629.jpg,787,533,False,,[],0,0,positive
363.jpg,/kaggle/input/mvsasingle/MVSA_Single/data/363.jpg,750,498,False,,[],0,0,negative
3630.jpg,/kaggle/input/mvsasingle/MVSA_Single/data/3630.jpg,752,600,False,,[],0,0,positive
3631.jpg,/kaggle/input/mvsasingle/MVSA_Single/data/3631.jpg,800,600,False,,[],0,0,positive
3632.jpg,/kaggle/input/mvsasingle/MVSA_Single/data/3632.jpg,600,600,True,"Resonant Yoga
Let's start moving in different ways!!
You Are Entering
a Silent Space.
When you are inwardly still
your mind, your mouth, your
movements will obey your
natural silence.
Mool","[{'x': 15, 'y': 28}, {'x': 498, 'y': 28}, {'x': 498, 'y': 538}, {'x': 15, 'y': 538}]",510,483,neutral
3633.jpg,/kaggle/input/mvsasingle/MVSA_Single/data/3633.jpg,335,599,False,,[],0,0,negative
3634.jpg,/kaggle/input/mvsasingle/MVSA_Single/data/3634.jpg,350,315,False,,[],0,0,positive
3635.jpg,/kaggle/input/mvsasingle/MVSA_Single/data/3635.jpg,140,140,False,,[],0,0,neutral
3636.jpg,/kaggle/input/mvsasingle/MVSA_Single/data/3636.jpg,426,600,True,"PELLEGRINO
NO
field 4","[{'x': 13, 'y': 126}, {'x': 599, 'y': 126}, {'x': 599, 'y': 425}, {'x': 13, 'y': 425}]",299,586,neutral
3637.jpg,/kaggle/input/mvsasingle/MVSA_Single/data/3637.jpg,629,599,False,,[],0,0,neutral
3638.jpg,/kaggle/input/mvsasingle/MVSA_Single/data/3638.jpg,133,140,True,SKII,"[{'x': 74, 'y': 57}, {'x': 111, 'y': 57}, {'x': 111, 'y': 71}, {'x': 74, 'y': 71}]",14,37,negative
3639.jpg,/kaggle/input/mvsasingle/MVSA_Single/data/3639.jpg,600,600,True,"Sweet
Cannela","[{'x': 533, 'y': 6}, {'x': 599, 'y': 6}, {'x': 599, 'y': 46}, {'x': 533, 'y': 46}]",40,66,positive
364.jpg,/kaggle/input/mvsasingle/MVSA_Single/data/364.jpg,900,600,True,"(R)EVOLUTION
PJ MANNEY
A NOVEL","[{'x': 32, 'y': 32}, {'x': 562, 'y': 32}, {'x': 562, 'y': 755}, {'x': 32, 'y': 755}]",723,530,negative
3640.jpg,/kaggle/input/mvsasingle/MVSA_Single/data/3640.jpg,600,600,True,Eshop,"[{'x': 277, 'y': 499}, {'x': 399, 'y': 499}, {'x': 399, 'y': 529}, {'x': 277, 'y': 529}]",30,122,positive
3641.jpg,/kaggle/input/mvsasingle/MVSA_Single/data/3641.jpg,600,600,False,,[],0,0,negative
3642.jpg,/kaggle/input/mvsasingle/MVSA_Single/data/3642.jpg,800,600,False,,[],0,0,neutral
3643.jpg,/kaggle/input/mvsasingle/MVSA_Single/data/3643.jpg,600,600,False,,[],0,0,neutral
3644.jpg,/kaggle/input/mvsasingle/MVSA_Single/data/3644.jpg,1024,576,True,"Checkout
Save
WIN 1000
Walmart Gt Car
ce
TOCO
Everyday
Low Price
2","[{'x': 2, 'y': 3}, {'x': 544, 'y': 3}, {'x': 544, 'y': 352}, {'x': 2, 'y': 352}]",349,542,positive
3645.jpg,/kaggle/input/mvsasingle/MVSA_Single/data/3645.jpg,600,600,False,,[],0,0,positive
3646.jpg,/kaggle/input/mvsasingle/MVSA_Single/data/3646.jpg,340,599,True,"Michele Cook
2015","[{'x': 28, 'y': 299}, {'x': 143, 'y': 299}, {'x': 143, 'y': 336}, {'x': 28, 'y': 336}]",37,115,positive
3647.jpg,/kaggle/input/mvsasingle/MVSA_Single/data/3647.jpg,559,540,True,"MÄE, TENHO QUE FAZER UM
TRABALHO ESCOLAR E PRECISO
DE CARTOLINA, TESOURA,
SOLDA INDUSTRIAL, MUNIÇÃO
PRA AK 47 E ALGUNS COLETES
A PROVA DE BALA
PRA
QUANDO?
PRA
AMANHÃ
Domingo 23:45","[{'x': 136, 'y': 2}, {'x': 486, 'y': 2}, {'x': 486, 'y': 554}, {'x': 136, 'y': 554}]",552,350,negative
3648.jpg,/kaggle/input/mvsasingle/MVSA_Single/data/3648.jpg,140,242,True,"right now on
ebay","[{'x': 0, 'y': 3}, {'x': 95, 'y': 3}, {'x': 95, 'y': 52}, {'x': 0, 'y': 52}]",49,95,positive
3649.jpg,/kaggle/input/mvsasingle/MVSA_Single/data/3649.jpg,500,323,False,,[],0,0,negative
365.jpg,/kaggle/input/mvsasingle/MVSA_Single/data/365.jpg,640,484,True,Cola,"[{'x': 137, 'y': 170}, {'x': 165, 'y': 170}, {'x': 165, 'y': 186}, {'x': 137, 'y': 186}]",16,28,positive
3650.jpg,/kaggle/input/mvsasingle/MVSA_Single/data/3650.jpg,129,140,False,,[],0,0,neutral
3651.jpg,/kaggle/input/mvsasingle/MVSA_Single/data/3651.jpg,500,300,False,,[],0,0,neutral
3652.jpg,/kaggle/input/mvsasingle/MVSA_Single/data/3652.jpg,986,600,True,"one
Sparkling spring
water
100% of our profit funds
water projects in Africa.","[{'x': 95, 'y': 299}, {'x': 505, 'y': 299}, {'x': 505, 'y': 547}, {'x': 95, 'y': 547}]",248,410,neutral
3653.jpg,/kaggle/input/mvsasingle/MVSA_Single/data/3653.jpg,251,483,False,,[],0,0,negative
3654.jpg,/kaggle/input/mvsasingle/MVSA_Single/data/3654.jpg,324,575,False,,[],0,0,neutral
3655.jpg,/kaggle/input/mvsasingle/MVSA_Single/data/3655.jpg,1022,600,True,"=
The Telegraph
Experts in brand naming and validation for
Europe and worldwide
NEWS >
By day, at heart of
counter-terror policing.
And by night, preacher of
extremism
Share
Q","[{'x': 13, 'y': 13}, {'x': 540, 'y': 13}, {'x': 540, 'y': 620}, {'x': 13, 'y': 620}]",607,527,positive
3656.jpg,/kaggle/input/mvsasingle/MVSA_Single/data/3656.jpg,420,600,True,"SO YOU WERE SAYIN' WHAT AGAIN ABOUT
THOSE FED UP AMERICANS WHO STOOD
UP TO YOUR ARMED GESTAPO IN NEVADA,
REID?
BUNDY RANCH SUPPORTERS ARE
NOTHING MORE THAN DOMESTIC
TERRORISTS, I REPEAT: WHAT HAPPENED
IN NEVADA WAS DOMESTIC TERRORISM! THAT'S WHAT I THOUGHT YOU SAID.
Y'KNOW, I'VE HAD ABOUT ENOUGH
OF YOUR BULLSHIT.
HAD ENOUGH YET?
C.M.","[{'x': 2, 'y': 2}, {'x': 596, 'y': 2}, {'x': 596, 'y': 418}, {'x': 2, 'y': 418}]",416,594,neutral
3657.jpg,/kaggle/input/mvsasingle/MVSA_Single/data/3657.jpg,312,599,True,"No Brain, No Courage, No Heart...
...so you're politicians, right?
806
Влаклоом
BIZARROCOMIC BLOGSPOT.COM-27-10","[{'x': 215, 'y': 24}, {'x': 594, 'y': 24}, {'x': 594, 'y': 307}, {'x': 215, 'y': 307}]",283,379,negative
3658.jpg,/kaggle/input/mvsasingle/MVSA_Single/data/3658.jpg,652,600,True,"POLL: DONALD TRUMP
LEADS GOP FIELD IN NORTH
CAROLINA
Andrew H. Walker/Getty Images","[{'x': 14, 'y': 18}, {'x': 571, 'y': 18}, {'x': 571, 'y': 635}, {'x': 14, 'y': 635}]",617,557,positive
3659.jpg,/kaggle/input/mvsasingle/MVSA_Single/data/3659.jpg,342,460,False,,[],0,0,positive
366.jpg,/kaggle/input/mvsasingle/MVSA_Single/data/366.jpg,582,599,True,"0
INDONESIA
TANPA
DISKRIMINAS
indonesia tanpa diskriminasi
14 februari 2015","[{'x': 153, 'y': 179}, {'x': 445, 'y': 179}, {'x': 445, 'y': 533}, {'x': 153, 'y': 533}]",354,292,positive
3660.jpg,/kaggle/input/mvsasingle/MVSA_Single/data/3660.jpg,800,600,True,"Go O
IC
ALD
SEALLET ANSTRAND
1 Could Go On
RAT PACK
HAL
MARIAN
KEYES
marian keyes The Mystery of
Mercy Close
anybod
Out th
JOJO MOYES O
Suve Hans
Julia Qu
the
Girls Guide
to hunting
and fishing
melissa bank
O
WIRLEY
AZA
NAFIC
T
THE FABIT
THE SILVER
John G
PRIVA","[{'x': 0, 'y': 25}, {'x': 599, 'y': 25}, {'x': 599, 'y': 749}, {'x': 0, 'y': 749}]",724,599,neutral
3661.jpg,/kaggle/input/mvsasingle/MVSA_Single/data/3661.jpg,104,599,True,"ACE WANDE QUEEN SWORDS ENT DININGLES
KIT SWORDS
THE HANGED MAN","[{'x': 182, 'y': 93}, {'x': 532, 'y': 93}, {'x': 532, 'y': 103}, {'x': 182, 'y': 103}]",10,350,negative
3662.jpg,/kaggle/input/mvsasingle/MVSA_Single/data/3662.jpg,337,599,True,"Wretched are those
who are vindictive
and spiteful.
(Pope Francis)
http://cenonrecommends.weebly.com/","[{'x': 144, 'y': 111}, {'x': 457, 'y': 111}, {'x': 457, 'y': 325}, {'x': 144, 'y': 325}]",214,313,positive
3663.jpg,/kaggle/input/mvsasingle/MVSA_Single/data/3663.jpg,800,600,True,SALSE,"[{'x': 79, 'y': 314}, {'x': 100, 'y': 314}, {'x': 100, 'y': 348}, {'x': 79, 'y': 348}]",34,21,positive
3664.jpg,/kaggle/input/mvsasingle/MVSA_Single/data/3664.jpg,336,598,False,,[],0,0,neutral
3665.jpg,/kaggle/input/mvsasingle/MVSA_Single/data/3665.jpg,315,421,True,2113,"[{'x': 18, 'y': 114}, {'x': 41, 'y': 114}, {'x': 41, 'y': 124}, {'x': 18, 'y': 124}]",10,23,positive
3666.jpg,/kaggle/input/mvsasingle/MVSA_Single/data/3666.jpg,338,599,False,,[],0,0,negative
3667.jpg,/kaggle/input/mvsasingle/MVSA_Single/data/3667.jpg,447,599,False,,[],0,0,positive
3668.jpg,/kaggle/input/mvsasingle/MVSA_Single/data/3668.jpg,900,600,True,"ooo Verizon
3:47 AM
× 36 White People That N... ↑
www.buzzfeed.com/mjs538/white-pe...
57 likes
Talk about a rough Monday lol
#stabbed #cantfeelmyleg #worstluckever
f","[{'x': 32, 'y': 11}, {'x': 568, 'y': 11}, {'x': 568, 'y': 885}, {'x': 32, 'y': 885}]",874,536,positive
3669.jpg,/kaggle/input/mvsasingle/MVSA_Single/data/3669.jpg,454,600,True,Poli,"[{'x': 207, 'y': 244}, {'x': 286, 'y': 244}, {'x': 286, 'y': 289}, {'x': 207, 'y': 289}]",45,79,positive
367.jpg,/kaggle/input/mvsasingle/MVSA_Single/data/367.jpg,1024,576,True,LIVE,"[{'x': 491, 'y': 358}, {'x': 525, 'y': 358}, {'x': 525, 'y': 377}, {'x': 491, 'y': 377}]",19,34,positive
3670.jpg,/kaggle/input/mvsasingle/MVSA_Single/data/3670.jpg,200,600,True,"Photo: Stock footage
ITN Source
ITN Source/Reuters","[{'x': 0, 'y': 159}, {'x': 98, 'y': 159}, {'x': 98, 'y': 198}, {'x': 0, 'y': 198}]",39,98,positive
3671.jpg,/kaggle/input/mvsasingle/MVSA_Single/data/3671.jpg,800,600,False,,[],0,0,positive
3672.jpg,/kaggle/input/mvsasingle/MVSA_Single/data/3672.jpg,738,472,True,madiglam,"[{'x': 24, 'y': 5}, {'x': 115, 'y': 5}, {'x': 115, 'y': 30}, {'x': 24, 'y': 30}]",25,91,neutral
3673.jpg,/kaggle/input/mvsasingle/MVSA_Single/data/3673.jpg,1032,581,True,"EEL
EEE
FEE
BIKES
wheelers.org.uk
BLOOD BIKES
www.freewheelers.org.uk
BLOOD BIKES
OD BIKES","[{'x': 57, 'y': 407}, {'x': 342, 'y': 407}, {'x': 342, 'y': 654}, {'x': 57, 'y': 654}]",247,285,neutral
3674.jpg,/kaggle/input/mvsasingle/MVSA_Single/data/3674.jpg,888,599,True,"DHARMA AA
PRODUCTIONS films
KARAN JOHAR AND AA FILMS PRESENT
ARA
**BOX*
OFFICE
SS RAJAMOULI'S
16com/maastars.official
bahubali
THE BEGINNING
K RAGHAVENDRA RAO SHOBU YARLAGADDA PRASAD DEVINENI
V VIJAYENDRA PRASAD MM KREEM
KK SENTHIL KUMAR SABU CYRIL V SRINIVAS MOHAN KOTAGIRI VENKATESWARA RAO MM SRIVALLE
PETER HEIN PM SATHEESH RAMA RAJAMOULI PRASHANTI TIPIENENI","[{'x': 48, 'y': 18}, {'x': 588, 'y': 18}, {'x': 588, 'y': 855}, {'x': 48, 'y': 855}]",837,540,negative
3675.jpg,/kaggle/input/mvsasingle/MVSA_Single/data/3675.jpg,600,600,False,,[],0,0,negative
3676.jpg,/kaggle/input/mvsasingle/MVSA_Single/data/3676.jpg,600,600,True,"G
KASHINIC
SIGMA
FEATURING A
PALOMA FAITH
CHANGING","[{'x': 27, 'y': 46}, {'x': 413, 'y': 46}, {'x': 413, 'y': 525}, {'x': 27, 'y': 525}]",479,386,negative
3677.jpg,/kaggle/input/mvsasingle/MVSA_Single/data/3677.jpg,320,600,True,"CAPTAIN DE ROSSO
東京喰種
下一扫”—儿
Ghoul
Tokyo","[{'x': 13, 'y': 117}, {'x': 264, 'y': 117}, {'x': 264, 'y': 222}, {'x': 13, 'y': 222}]",105,251,positive
3678.jpg,/kaggle/input/mvsasingle/MVSA_Single/data/3678.jpg,450,600,False,,[],0,0,positive
3679.jpg,/kaggle/input/mvsasingle/MVSA_Single/data/3679.jpg,337,599,True,"E
AN","[{'x': 77, 'y': 118}, {'x': 150, 'y': 118}, {'x': 150, 'y': 304}, {'x': 77, 'y': 304}]",186,73,positive
368.jpg,/kaggle/input/mvsasingle/MVSA_Single/data/368.jpg,323,599,True,"DER GRUPPE STADION VEHROT
ULTRAS
NEVER
RENCER
UR 19
FINAL SCORE
01-0
PLAZON (64)
BUNDESLIGA
14.02.15
Helab
CHINE","[{'x': 4, 'y': 38}, {'x': 598, 'y': 38}, {'x': 598, 'y': 280}, {'x': 4, 'y': 280}]",242,594,positive
3680.jpg,/kaggle/input/mvsasingle/MVSA_Single/data/3680.jpg,510,531,True,Probably the funniest site around the globe Funnie.st,"[{'x': 203, 'y': 489}, {'x': 520, 'y': 489}, {'x': 520, 'y': 506}, {'x': 203, 'y': 506}]",17,317,positive
3681.jpg,/kaggle/input/mvsasingle/MVSA_Single/data/3681.jpg,592,599,False,,[],0,0,positive
3682.jpg,/kaggle/input/mvsasingle/MVSA_Single/data/3682.jpg,450,600,True,"GOODSMILE
COMPANY","[{'x': 42, 'y': 36}, {'x': 539, 'y': 36}, {'x': 539, 'y': 221}, {'x': 42, 'y': 221}]",185,497,negative
3684.jpg,/kaggle/input/mvsasingle/MVSA_Single/data/3684.jpg,232,600,False,,[],0,0,positive
3685.jpg,/kaggle/input/mvsasingle/MVSA_Single/data/3685.jpg,1066,600,False,,[],0,0,neutral
3686.jpg,/kaggle/input/mvsasingle/MVSA_Single/data/3686.jpg,206,261,True,RICK WAKEMAN & THE AMERICAN ROCK ENSEMBLE,"[{'x': 2, 'y': 191}, {'x': 258, 'y': 191}, {'x': 258, 'y': 201}, {'x': 2, 'y': 201}]",10,256,positive
3687.jpg,/kaggle/input/mvsasingle/MVSA_Single/data/3687.jpg,436,600,True,"AP
SEAHORSE KEY","[{'x': 15, 'y': 378}, {'x': 475, 'y': 378}, {'x': 475, 'y': 432}, {'x': 15, 'y': 432}]",54,460,positive
3688.jpg,/kaggle/input/mvsasingle/MVSA_Single/data/3688.jpg,800,600,True,"Odded,
2320
1
101
MAGIC MIKE XXL
JURASSIC WORLD
20
Maine
Itineraries
That to use either
OR DICTIONARIES.
Schwe","[{'x': 23, 'y': 15}, {'x': 510, 'y': 15}, {'x': 510, 'y': 777}, {'x': 23, 'y': 777}]",762,487,neutral
3689.jpg,/kaggle/input/mvsasingle/MVSA_Single/data/3689.jpg,799,599,True,"C
f
EA
51
215
Alien Gumbies
99¢ Plus Tax
Q
RCRET W D","[{'x': 23, 'y': 9}, {'x': 571, 'y': 9}, {'x': 571, 'y': 784}, {'x': 23, 'y': 784}]",775,548,positive
369.jpg,/kaggle/input/mvsasingle/MVSA_Single/data/369.jpg,600,600,False,,[],0,0,negative
3690.jpg,/kaggle/input/mvsasingle/MVSA_Single/data/3690.jpg,800,600,True,"EMPIRE
EMPIRE EMPIRE
DRIPS
18972
f
EMPIRE EMPIRE
Baby Born Without A Nose Is So Cute, He's
Melting People's Heart's All Over The World
270
OPMTEN Z
SRMH LIO","[{'x': 26, 'y': 13}, {'x': 574, 'y': 13}, {'x': 574, 'y': 785}, {'x': 26, 'y': 785}]",772,548,neutral
3691.jpg,/kaggle/input/mvsasingle/MVSA_Single/data/3691.jpg,800,600,True,"2. Drake]
gotta do is put my mind to this shit,
goddamn!
Cancel out my ex 1 put a line through that
bitch
DRF
LIVE IN
THE SIX
Bae
01
OVOSOUND RADIO
JK X
X K
Y
YUQ E
A
240","[{'x': 29, 'y': 13}, {'x': 557, 'y': 13}, {'x': 557, 'y': 785}, {'x': 29, 'y': 785}]",772,528,positive
3692.jpg,/kaggle/input/mvsasingle/MVSA_Single/data/3692.jpg,433,599,False,,[],0,0,positive
3693.jpg,/kaggle/input/mvsasingle/MVSA_Single/data/3693.jpg,310,500,True,"RUNNERS
197","[{'x': 183, 'y': 113}, {'x': 250, 'y': 113}, {'x': 250, 'y': 168}, {'x': 183, 'y': 168}]",55,67,neutral
3694.jpg,/kaggle/input/mvsasingle/MVSA_Single/data/3694.jpg,800,600,True,"www.stopitkorea.org
You Tube
Seongnam Moran Market - South Korea's Dog Meat
Industry 성남 모란시장 개도살장
Againstdogmeat
Subscribe 1,003
Comments (4)","[{'x': 6, 'y': 19}, {'x': 595, 'y': 19}, {'x': 595, 'y': 798}, {'x': 6, 'y': 798}]",779,589,negative
3695.jpg,/kaggle/input/mvsasingle/MVSA_Single/data/3695.jpg,360,480,True,"동물농장 구매달린 오토바이
SBS
Culture
SBS","[{'x': 7, 'y': 63}, {'x': 450, 'y': 63}, {'x': 450, 'y': 298}, {'x': 7, 'y': 298}]",235,443,neutral
3696.jpg,/kaggle/input/mvsasingle/MVSA_Single/data/3696.jpg,400,600,False,,[],0,0,negative
3697.jpg,/kaggle/input/mvsasingle/MVSA_Single/data/3697.jpg,394,599,False,,[],0,0,negative
3698.jpg,/kaggle/input/mvsasingle/MVSA_Single/data/3698.jpg,399,600,False,,[],0,0,neutral
3699.jpg,/kaggle/input/mvsasingle/MVSA_Single/data/3699.jpg,399,599,True,Centre Court-South West Hall,"[{'x': 287, 'y': 121}, {'x': 365, 'y': 121}, {'x': 365, 'y': 134}, {'x': 287, 'y': 134}]",13,78,neutral
37.jpg,/kaggle/input/mvsasingle/MVSA_Single/data/37.jpg,600,600,True,"BGG
You're shedding tears for
what? For who?
I'm sorry but
get the fuck over it.
EA
BGCTE
Conversation over,
conversation deaded.
Get out of your motherfucking
feelings, have a fucking plate
of food and get the fuck over it.","[{'x': 13, 'y': 228}, {'x': 597, 'y': 228}, {'x': 597, 'y': 595}, {'x': 13, 'y': 595}]",367,584,positive
370.jpg,/kaggle/input/mvsasingle/MVSA_Single/data/370.jpg,450,600,False,,[],0,0,positive
3700.jpg,/kaggle/input/mvsasingle/MVSA_Single/data/3700.jpg,365,600,True,ATLAM,"[{'x': 140, 'y': 209}, {'x': 194, 'y': 209}, {'x': 194, 'y': 220}, {'x': 140, 'y': 220}]",11,54,neutral
3701.jpg,/kaggle/input/mvsasingle/MVSA_Single/data/3701.jpg,433,600,True,"mon MARTIN, KATALINA J 26.02.1987
EB RW303681182
3
2
MI 1.0 St Mary's Hospital
AB2-7-D/OB
16.8cm/2.0/25Hz Tis 0.1
02.10.2014 10:54:45 AM
OB HIGH RES
Har-low
Pwr 94
Gn 0
C5/M7
P3/E3
SRI 11 5","[{'x': 0, 'y': 0}, {'x': 599, 'y': 0}, {'x': 599, 'y': 241}, {'x': 0, 'y': 241}]",241,599,positive
3703.jpg,/kaggle/input/mvsasingle/MVSA_Single/data/3703.jpg,800,600,True,"www.berniebumm.co.uk
BUY 18 time for dessert.
www.berniebumm.co.uk
www.berniebumm.co.uk
Bernie
Bernie
Bernie
E
Bernie
Bumm
GARLIC
SAUCE COMPANY
INMILK CHOCOLATE
www.berniebumum.co.a
Bumm
SAUCE COMPANY
GARLIC
IN MILK CHOCOLATE
a save for sy
www.berniebamm.co.uk
Bumm
SAUCE COMPANY
RIM REAPER
IN MILK CHOCOLATE
the Carina leaper
No the 1933 2
e triage
www.berniebemm.co.uk
Bumm
SAUCE COMPANY
RIM REAPER
IN MILK CHOCOLATE
with the
the Carline eager
the Le
www.bernicbumm.co.uk
Bumm
SAUCE COMPANY
RIM OF FIRE
IN MILK CHOCOLATE
M
Bumm
SAUCE COMPANY
RIM OF FIRE
INMILK CHOCOLATE
Bumm
SACCOMANY
RIM OF FIRE
NMILK CHOCOLATE
www.berniebum.cea
www.berniebonum.en.ak
www.bernicbomm.co.uk","[{'x': 0, 'y': 0}, {'x': 523, 'y': 0}, {'x': 523, 'y': 706}, {'x': 0, 'y': 706}]",706,523,positive
3704.jpg,/kaggle/input/mvsasingle/MVSA_Single/data/3704.jpg,400,600,False,,[],0,0,negative
3705.jpg,/kaggle/input/mvsasingle/MVSA_Single/data/3705.jpg,337,599,False,,[],0,0,neutral
3706.jpg,/kaggle/input/mvsasingle/MVSA_Single/data/3706.jpg,1024,575,True,"...oo Vodacom *
amrezy
22:29
Instagram
งา
27m
000
❤29,444 likes
amrezy Don't we all love a before and after pic? No I
don't wake up flawless, but I think it's amazing what
you can do with makeup. Although I love a fresh
naked face, there is no feeling like when your face is
beatttttttt. Makeup lovers don't you agree?","[{'x': 8, 'y': 8}, {'x': 561, 'y': 8}, {'x': 561, 'y': 947}, {'x': 8, 'y': 947}]",939,553,negative
3708.jpg,/kaggle/input/mvsasingle/MVSA_Single/data/3708.jpg,1066,600,True,1,"[{'x': 119, 'y': 1003}, {'x': 140, 'y': 1003}, {'x': 140, 'y': 1039}, {'x': 119, 'y': 1039}]",36,21,positive
3709.jpg,/kaggle/input/mvsasingle/MVSA_Single/data/3709.jpg,338,550,True,"STARK
WAREHOU","[{'x': 370, 'y': 282}, {'x': 443, 'y': 282}, {'x': 443, 'y': 337}, {'x': 370, 'y': 337}]",55,73,positive
371.jpg,/kaggle/input/mvsasingle/MVSA_Single/data/371.jpg,600,600,True,How can I run away from myself,"[{'x': 0, 'y': 213}, {'x': 599, 'y': 213}, {'x': 599, 'y': 262}, {'x': 0, 'y': 262}]",49,599,positive
3710.jpg,/kaggle/input/mvsasingle/MVSA_Single/data/3710.jpg,337,600,True,"NOT PREPARED
YOU ARE NOT PREPARED
SOME WOMEN ARE BORN STRONG.
SOME WOMEN ARE MADE STRONG...LITERALLY.
YOU ARE NOT PREPAR
YOU ARE NULL
Predator's Game
Waking
Wode Gaines
Danger
Harbinger
Unexpected
S.L. Shelton
coming
SOON
HARBINGER WAS OLD TECH COMPARED TO THIS PREDATOR","[{'x': 8, 'y': 8}, {'x': 586, 'y': 8}, {'x': 586, 'y': 328}, {'x': 8, 'y': 328}]",320,578,positive
3711.jpg,/kaggle/input/mvsasingle/MVSA_Single/data/3711.jpg,800,600,True,"SAYERN
MONCHEN
25
MÜLLER","[{'x': 193, 'y': 218}, {'x': 420, 'y': 218}, {'x': 420, 'y': 491}, {'x': 193, 'y': 491}]",273,227,negative
3712.jpg,/kaggle/input/mvsasingle/MVSA_Single/data/3712.jpg,872,600,True,"the Seeds
of Time
Fast-paced saga of love and loss
action & adventure
Faith Mortimer","[{'x': 48, 'y': 9}, {'x': 571, 'y': 9}, {'x': 571, 'y': 811}, {'x': 48, 'y': 811}]",802,523,positive
3713.jpg,/kaggle/input/mvsasingle/MVSA_Single/data/3713.jpg,396,599,False,,[],0,0,positive
3714.jpg,/kaggle/input/mvsasingle/MVSA_Single/data/3714.jpg,595,600,True,"Shabbal
Shabbal
Heal Heal
Praise
Praise
Heal
Heal
HealPraise Shabbal
Heal Shabbal Praise Praise
Shalom Shalom Heat Shalom
Praise Shabbat Praise Praise Shalom Praise Heal
Praise Heal ShalomPraise.cise He
Praise Shalom Shabbatical
Shabbat Shalom Praise Pas
Heal
Praise
Shalom
Heat Heal Shalom Shabbat HealHeal
Shalom Shalon
Shabbal Praise
Shabbat Shalom Heat Shabbat Shalom Sha
Heal Heal
Praise Sap Praise
Shabbat
Shabbat
Shalom Shalom
Praise
Heal Praise, Praise
Shabbat Shabbat Shalom
AYAZ
Shalom
Shabbal Heal
Shalem
Shalom
Praise
Shabbat
Shalom
Heal Shalom
Heal Praise
AYAZ Yahu(w)ah
Praise
Heal
Shalom
Heal Sub
OWY Z
Messiah
Yahusha
The Scribes (Jer 8:8) and Prophets (Jer 23:27)
taught People to FORGET the Name of Yaz
Yahu(w)ah for Ba'al (Lord), whilst Messiah taught
Heal Shalom
His SET-APART Name (Joh 5:43/17:6)
Shalom
Shabbal
Shabbat
Heal
Heal
Heal
Shabbat
Shabbat
Shalom
Shabbal
Heal Heal
Shaj
Praise
Shalom
Shabbat
Praise
Praise
Praise
Shabbat-Shab
Shalom
Heal
Heal Shabbat Heal","[{'x': 0, 'y': 0}, {'x': 595, 'y': 0}, {'x': 595, 'y': 594}, {'x': 0, 'y': 594}]",594,595,negative
3715.jpg,/kaggle/input/mvsasingle/MVSA_Single/data/3715.jpg,882,599,True,"SANDERS STUDIOS
PRESENT
JULY
25
2015
Opulence
MUSIC BY
@LOVELIFESOUNDS AND @DJDESIMNYC
-10$ ALL NIGHT -
Celebrations for Mainstream_Mook and French0_CB
@TREVONGOHAM
10-4AM
SANDERS STUDIOS
@SHESTHEZET
521 WAVERLY AVE BROOKLYN NEW YORK 11238
FOOD WILL BE SERVED | BOTTLE SPECIALS WILL BE AVAILABLE
ANY OTHER BIRTHDAY CELEBRATIONS OR FOR MORE INFO CONTACT MARK @718-710-3009
21+ TO DRINK","[{'x': 5, 'y': 36}, {'x': 575, 'y': 36}, {'x': 575, 'y': 855}, {'x': 5, 'y': 855}]",819,570,positive
3716.jpg,/kaggle/input/mvsasingle/MVSA_Single/data/3716.jpg,450,600,True,"TURKISH AIRLINES
ལོ་","[{'x': 6, 'y': 217}, {'x': 448, 'y': 217}, {'x': 448, 'y': 292}, {'x': 6, 'y': 292}]",75,442,positive
3717.jpg,/kaggle/input/mvsasingle/MVSA_Single/data/3717.jpg,1024,576,True,"a description
N.W.A.P.
Printable Are
VIZIO","[{'x': 4, 'y': 86}, {'x': 423, 'y': 86}, {'x': 423, 'y': 1001}, {'x': 4, 'y': 1001}]",915,419,positive
3718.jpg,/kaggle/input/mvsasingle/MVSA_Single/data/3718.jpg,600,600,True,CAFE E,"[{'x': 292, 'y': 106}, {'x': 319, 'y': 106}, {'x': 319, 'y': 124}, {'x': 292, 'y': 124}]",18,27,negative
3719.jpg,/kaggle/input/mvsasingle/MVSA_Single/data/3719.jpg,450,600,True,"Kerala.me
www.facebook.com/abouti
Coli","[{'x': 306, 'y': 27}, {'x': 482, 'y': 27}, {'x': 482, 'y': 153}, {'x': 306, 'y': 153}]",126,176,negative
372.jpg,/kaggle/input/mvsasingle/MVSA_Single/data/372.jpg,600,600,False,,[],0,0,neutral
3720.jpg,/kaggle/input/mvsasingle/MVSA_Single/data/3720.jpg,1066,600,False,,[],0,0,positive
3721.jpg,/kaggle/input/mvsasingle/MVSA_Single/data/3721.jpg,902,600,True,"THE
Sün
on sunday
OF
NEWS
WORLD
I♥
RUPERT","[{'x': 3, 'y': 21}, {'x': 429, 'y': 21}, {'x': 429, 'y': 718}, {'x': 3, 'y': 718}]",697,426,negative
3722.jpg,/kaggle/input/mvsasingle/MVSA_Single/data/3722.jpg,598,600,True,PAY,"[{'x': 589, 'y': 268}, {'x': 598, 'y': 268}, {'x': 598, 'y': 286}, {'x': 589, 'y': 286}]",18,9,positive
3723.jpg,/kaggle/input/mvsasingle/MVSA_Single/data/3723.jpg,586,599,True,"peta2
FREE FOR ALL
I DON'T
WEAR TORTURE","[{'x': 15, 'y': 5}, {'x': 586, 'y': 5}, {'x': 586, 'y': 554}, {'x': 15, 'y': 554}]",549,571,positive
3724.jpg,/kaggle/input/mvsasingle/MVSA_Single/data/3724.jpg,640,443,True,"W
SUMMER
SLAM
#SUMMERSLAM
RAW
SMACK
DOWN
W
WWEHD
WWE.COM","[{'x': 64, 'y': 38}, {'x': 377, 'y': 38}, {'x': 377, 'y': 612}, {'x': 64, 'y': 612}]",574,313,positive
3725.jpg,/kaggle/input/mvsasingle/MVSA_Single/data/3725.jpg,450,450,True,"IN
A
CAN
NEW
ATMOSPHER
IN A CAN
3","[{'x': 108, 'y': 69}, {'x': 449, 'y': 69}, {'x': 449, 'y': 448}, {'x': 108, 'y': 448}]",379,341,neutral
3726.jpg,/kaggle/input/mvsasingle/MVSA_Single/data/3726.jpg,450,600,True,CZ 827,"[{'x': 341, 'y': 374}, {'x': 386, 'y': 374}, {'x': 386, 'y': 387}, {'x': 341, 'y': 387}]",13,45,positive
3727.jpg,/kaggle/input/mvsasingle/MVSA_Single/data/3727.jpg,337,599,True,"How
GOOD
IS YOUR
EYESIGHT?","[{'x': 16, 'y': 38}, {'x': 355, 'y': 38}, {'x': 355, 'y': 287}, {'x': 16, 'y': 287}]",249,339,neutral
3728.jpg,/kaggle/input/mvsasingle/MVSA_Single/data/3728.jpg,337,599,False,,[],0,0,neutral
3729.jpg,/kaggle/input/mvsasingle/MVSA_Single/data/3729.jpg,900,600,True,"ALL-MED
I","[{'x': 171, 'y': 448}, {'x': 436, 'y': 448}, {'x': 436, 'y': 469}, {'x': 171, 'y': 469}]",21,265,neutral
373.jpg,/kaggle/input/mvsasingle/MVSA_Single/data/373.jpg,168,299,False,,[],0,0,positive
3730.jpg,/kaggle/input/mvsasingle/MVSA_Single/data/3730.jpg,450,600,False,,[],0,0,positive
3731.jpg,/kaggle/input/mvsasingle/MVSA_Single/data/3731.jpg,589,600,True,"BEARS
ESTABLISHED IN 1920","[{'x': 147, 'y': 486}, {'x': 423, 'y': 486}, {'x': 423, 'y': 572}, {'x': 147, 'y': 572}]",86,276,positive
3732.jpg,/kaggle/input/mvsasingle/MVSA_Single/data/3732.jpg,256,495,True,What?!,"[{'x': 172, 'y': 113}, {'x': 375, 'y': 113}, {'x': 375, 'y': 167}, {'x': 172, 'y': 167}]",54,203,positive
3733.jpg,/kaggle/input/mvsasingle/MVSA_Single/data/3733.jpg,311,600,False,,[],0,0,positive
3734.jpg,/kaggle/input/mvsasingle/MVSA_Single/data/3734.jpg,363,460,True,Dolphins in Taiji are corralled to their deaths.,"[{'x': 5, 'y': 342}, {'x': 330, 'y': 342}, {'x': 330, 'y': 358}, {'x': 5, 'y': 358}]",16,325,positive
3735.jpg,/kaggle/input/mvsasingle/MVSA_Single/data/3735.jpg,203,360,True,6,"[{'x': 274, 'y': 158}, {'x': 293, 'y': 158}, {'x': 293, 'y': 177}, {'x': 274, 'y': 177}]",19,19,positive
3736.jpg,/kaggle/input/mvsasingle/MVSA_Single/data/3736.jpg,337,599,False,,[],0,0,positive
3737.jpg,/kaggle/input/mvsasingle/MVSA_Single/data/3737.jpg,600,600,False,,[],0,0,positive
3738.jpg,/kaggle/input/mvsasingle/MVSA_Single/data/3738.jpg,240,600,True,"It's finally here.
#WPC15
2015
Microsoft
Worldwide
Partner
Conference","[{'x': 29, 'y': 15}, {'x': 581, 'y': 15}, {'x': 581, 'y': 128}, {'x': 29, 'y': 128}]",113,552,positive
374.jpg,/kaggle/input/mvsasingle/MVSA_Single/data/374.jpg,450,600,False,,[],0,0,positive
3740.jpg,/kaggle/input/mvsasingle/MVSA_Single/data/3740.jpg,450,600,False,,[],0,0,positive
3741.jpg,/kaggle/input/mvsasingle/MVSA_Single/data/3741.jpg,300,600,True,Photo: MASS Design Group,"[{'x': 4, 'y': 287}, {'x': 120, 'y': 287}, {'x': 120, 'y': 299}, {'x': 4, 'y': 299}]",12,116,positive
3742.jpg,/kaggle/input/mvsasingle/MVSA_Single/data/3742.jpg,450,600,True,"Galway Film Fleadh
ay Flim Flea
Best International
Feature Documentary
Galway Film Fleadh
2015
drnation
yment
onal
Ument","[{'x': 82, 'y': 27}, {'x': 532, 'y': 27}, {'x': 532, 'y': 389}, {'x': 82, 'y': 389}]",362,450,positive
3743.jpg,/kaggle/input/mvsasingle/MVSA_Single/data/3743.jpg,1068,600,True,"CYBER
ARMY
MY BOOLS
VER ASS
MEGADETHI","[{'x': 63, 'y': 212}, {'x': 599, 'y': 212}, {'x': 599, 'y': 878}, {'x': 63, 'y': 878}]",666,536,positive
3744.jpg,/kaggle/input/mvsasingle/MVSA_Single/data/3744.jpg,600,600,False,,[],0,0,negative
3745.jpg,/kaggle/input/mvsasingle/MVSA_Single/data/3745.jpg,800,600,False,,[],0,0,positive
3747.jpg,/kaggle/input/mvsasingle/MVSA_Single/data/3747.jpg,450,600,False,,[],0,0,positive
3748.jpg,/kaggle/input/mvsasingle/MVSA_Single/data/3748.jpg,398,600,True,"EXTEN
GUARANTAN","[{'x': 268, 'y': 244}, {'x': 396, 'y': 244}, {'x': 396, 'y': 283}, {'x': 268, 'y': 283}]",39,128,positive
3749.jpg,/kaggle/input/mvsasingle/MVSA_Single/data/3749.jpg,640,480,True,"STOP IT!
개식용은 문화가 아닙니다.
멈춰주세요!
CARE
동물사랑실천협회
URA'S
DREAM
Caring for Cats &","[{'x': 101, 'y': 229}, {'x': 479, 'y': 229}, {'x': 479, 'y': 525}, {'x': 101, 'y': 525}]",296,378,positive
375.jpg,/kaggle/input/mvsasingle/MVSA_Single/data/375.jpg,600,600,False,,[],0,0,negative
3750.jpg,/kaggle/input/mvsasingle/MVSA_Single/data/3750.jpg,600,600,True,"고통은 똑같아
""Time to step out of the dark ages
South Korea Dog MeatTrade. Please enforce
animal welfare laws & improve education""
""전통이라는 핑계로 개를 학대하는 #개고기
#문화를 삭제합시다. 동물보호법을 강화시켜
야 하며 동물을 보호하는 철저한 교육이 필요
합니다.""","[{'x': 5, 'y': 113}, {'x': 599, 'y': 113}, {'x': 599, 'y': 594}, {'x': 5, 'y': 594}]",481,594,neutral
3752.jpg,/kaggle/input/mvsasingle/MVSA_Single/data/3752.jpg,337,599,True,"ALL STAR GAME
Reds
ALL STAR
20","[{'x': 86, 'y': 38}, {'x': 514, 'y': 38}, {'x': 514, 'y': 336}, {'x': 86, 'y': 336}]",298,428,neutral
3753.jpg,/kaggle/input/mvsasingle/MVSA_Single/data/3753.jpg,1024,577,False,,[],0,0,neutral
3754.jpg,/kaggle/input/mvsasingle/MVSA_Single/data/3754.jpg,337,599,False,,[],0,0,negative
3755.jpg,/kaggle/input/mvsasingle/MVSA_Single/data/3755.jpg,855,599,True,"Thunderstruck
Erik
Larson
The #1 New York Times Bestselling Author of
THE DEVIL IN THE WHITE CITY","[{'x': 50, 'y': 72}, {'x': 551, 'y': 72}, {'x': 551, 'y': 798}, {'x': 50, 'y': 798}]",726,501,neutral
3756.jpg,/kaggle/input/mvsasingle/MVSA_Single/data/3756.jpg,450,600,False,,[],0,0,neutral
3758.jpg,/kaggle/input/mvsasingle/MVSA_Single/data/3758.jpg,719,600,False,,[],0,0,negative
3759.jpg,/kaggle/input/mvsasingle/MVSA_Single/data/3759.jpg,400,600,False,,[],0,0,negative
376.jpg,/kaggle/input/mvsasingle/MVSA_Single/data/376.jpg,640,600,True,"< Back
ORDER DETAILS
Order#
59-48610/ATL
Chris Brown with Trey
Songz featuring Tyga:
Between the Sheets
Tour
Time Warner Cable Arena
Feb 09 7:30 PM
ROW
B
SEAT
8
1 of 1
SECTION
FL3
GOLD CIRCLE
TRANSFER
SELL
YOU PAID:
US $650.00","[{'x': 8, 'y': 10}, {'x': 586, 'y': 10}, {'x': 586, 'y': 592}, {'x': 8, 'y': 592}]",582,578,positive
3760.jpg,/kaggle/input/mvsasingle/MVSA_Single/data/3760.jpg,1024,576,False,,[],0,0,negative
3761.jpg,/kaggle/input/mvsasingle/MVSA_Single/data/3761.jpg,400,253,True,"HARLEQUIN
Blaze
NEW YORK TIMES BESTSELLING AUTHOR
VICKI LEWIS
THOMPSON
THUNDERSTRUCK
THUNDER MOUNTAIN BROTHERHOOD","[{'x': 19, 'y': 25}, {'x': 232, 'y': 25}, {'x': 232, 'y': 321}, {'x': 19, 'y': 321}]",296,213,negative
3762.jpg,/kaggle/input/mvsasingle/MVSA_Single/data/3762.jpg,400,276,True,"A Clock
icked
Debra S. Kleinberger","[{'x': 31, 'y': 159}, {'x': 221, 'y': 159}, {'x': 221, 'y': 376}, {'x': 31, 'y': 376}]",217,190,negative
3763.jpg,/kaggle/input/mvsasingle/MVSA_Single/data/3763.jpg,450,600,True,"MISSING MAN
租金","[{'x': 227, 'y': 151}, {'x': 507, 'y': 151}, {'x': 507, 'y': 236}, {'x': 227, 'y': 236}]",85,280,negative
3764.jpg,/kaggle/input/mvsasingle/MVSA_Single/data/3764.jpg,450,599,False,,[],0,0,neutral
3765.jpg,/kaggle/input/mvsasingle/MVSA_Single/data/3765.jpg,600,600,True,S,"[{'x': 295, 'y': 360}, {'x': 348, 'y': 360}, {'x': 348, 'y': 414}, {'x': 295, 'y': 414}]",54,53,positive
3766.jpg,/kaggle/input/mvsasingle/MVSA_Single/data/3766.jpg,450,600,True,1111,"[{'x': 460, 'y': 182}, {'x': 505, 'y': 182}, {'x': 505, 'y': 208}, {'x': 460, 'y': 208}]",26,45,negative
3767.jpg,/kaggle/input/mvsasingle/MVSA_Single/data/3767.jpg,600,600,True,00,"[{'x': 145, 'y': 383}, {'x': 211, 'y': 383}, {'x': 211, 'y': 423}, {'x': 145, 'y': 423}]",40,66,positive
3768.jpg,/kaggle/input/mvsasingle/MVSA_Single/data/3768.jpg,800,600,True,"05
189
988
BILLAB
Hurley M
TITT","[{'x': 289, 'y': 267}, {'x': 372, 'y': 267}, {'x': 372, 'y': 407}, {'x': 289, 'y': 407}]",140,83,neutral
3769.jpg,/kaggle/input/mvsasingle/MVSA_Single/data/3769.jpg,600,600,False,,[],0,0,neutral
377.jpg,/kaggle/input/mvsasingle/MVSA_Single/data/377.jpg,240,320,True,GOLD,"[{'x': 278, 'y': 1}, {'x': 305, 'y': 1}, {'x': 305, 'y': 9}, {'x': 278, 'y': 9}]",8,27,positive
3770.jpg,/kaggle/input/mvsasingle/MVSA_Single/data/3770.jpg,162,600,True,"Torture to Death
by Assad Regime","[{'x': 280, 'y': 101}, {'x': 535, 'y': 101}, {'x': 535, 'y': 142}, {'x': 280, 'y': 142}]",41,255,neutral
3771.jpg,/kaggle/input/mvsasingle/MVSA_Single/data/3771.jpg,335,328,True,"SOUTH KOREA
SHAME
NOTO
DOG
MEAT
www.NOTODOGMEAT.COM
THE WORLD IS WATCHING
weibo.com/u/1702095007","[{'x': 0, 'y': 20}, {'x': 327, 'y': 20}, {'x': 327, 'y': 329}, {'x': 0, 'y': 329}]",309,327,neutral
3772.jpg,/kaggle/input/mvsasingle/MVSA_Single/data/3772.jpg,304,500,False,,[],0,0,positive
3773.jpg,/kaggle/input/mvsasingle/MVSA_Single/data/3773.jpg,352,245,True,"Koln Animal Welfare Association (KAWA)
Help Make it Stop","[{'x': 15, 'y': 94}, {'x': 202, 'y': 94}, {'x': 202, 'y': 323}, {'x': 15, 'y': 323}]",229,187,positive
3774.jpg,/kaggle/input/mvsasingle/MVSA_Single/data/3774.jpg,450,600,True,"京
北
吉
申明
개고기라면
煮面
欢边狗肉面
正宗餅鲜族风味)
2009/07/19","[{'x': 5, 'y': 127}, {'x': 573, 'y': 127}, {'x': 573, 'y': 428}, {'x': 5, 'y': 428}]",301,568,neutral
3775.jpg,/kaggle/input/mvsasingle/MVSA_Single/data/3775.jpg,225,225,True,"NOTO
DOG
MEAT
NDTO
SATCOM
1
LA
CHINA
INDONMA
PHILIPPINES
AND THE BAND
PLAYED ON
NOTO
DOG
MEAT","[{'x': 9, 'y': 132}, {'x': 208, 'y': 132}, {'x': 208, 'y': 224}, {'x': 9, 'y': 224}]",92,199,positive
3776.jpg,/kaggle/input/mvsasingle/MVSA_Single/data/3776.jpg,600,600,True,"FRIENDS
пот
FOOD
DOGS
ARE
NOT
FOOD
DOD
KORLA
NO TO
DOG
HEAT
PicCOLLAGE","[{'x': 24, 'y': 84}, {'x': 596, 'y': 84}, {'x': 596, 'y': 588}, {'x': 24, 'y': 588}]",504,572,positive
3777.jpg,/kaggle/input/mvsasingle/MVSA_Single/data/3777.jpg,330,598,True,"In Memoriam:
Mohammed Abu Khdeir
1997-2014
Kidnapped, tortured and
burnt alive by terrorist
Israeli settlers 1 year ago.
#palestine","[{'x': 33, 'y': 52}, {'x': 589, 'y': 52}, {'x': 589, 'y': 294}, {'x': 33, 'y': 294}]",242,556,negative
3778.jpg,/kaggle/input/mvsasingle/MVSA_Single/data/3778.jpg,369,600,True,"ARE
사랑 삼진협회","[{'x': 35, 'y': 293}, {'x': 94, 'y': 293}, {'x': 94, 'y': 344}, {'x': 35, 'y': 344}]",51,59,positive
3779.jpg,/kaggle/input/mvsasingle/MVSA_Single/data/3779.jpg,600,600,True,"Meat Dogs in Asia
desperately need
our voices - see
your Government
official tell them
your concerns for
health of tourists
oblivious about
eating
unregulated
carnivore meat","[{'x': 285, 'y': 55}, {'x': 587, 'y': 55}, {'x': 587, 'y': 551}, {'x': 285, 'y': 551}]",496,302,neutral
378.jpg,/kaggle/input/mvsasingle/MVSA_Single/data/378.jpg,600,600,False,,[],0,0,neutral
3780.jpg,/kaggle/input/mvsasingle/MVSA_Single/data/3780.jpg,561,561,True,"NO TO
DOG & CA
MEAT
NO
NO TO
TO DOG AT
MEAT
OG &
MEAT
miende","[{'x': 77, 'y': 59}, {'x': 463, 'y': 59}, {'x': 463, 'y': 459}, {'x': 77, 'y': 459}]",400,386,positive
3781.jpg,/kaggle/input/mvsasingle/MVSA_Single/data/3781.jpg,336,600,True,"Seth Wenig/Associated Press
T
19","[{'x': 26, 'y': 28}, {'x': 560, 'y': 28}, {'x': 560, 'y': 308}, {'x': 26, 'y': 308}]",280,534,negative
3782.jpg,/kaggle/input/mvsasingle/MVSA_Single/data/3782.jpg,341,600,False,,[],0,0,neutral
3783.jpg,/kaggle/input/mvsasingle/MVSA_Single/data/3783.jpg,450,600,False,,[],0,0,negative
3784.jpg,/kaggle/input/mvsasingle/MVSA_Single/data/3784.jpg,400,600,True,"539
BOMBS FELL TODAY
According to the Syrian Network for Human Rights
24 hours before 1800 local time 11th July 2015.
LERIE","[{'x': 18, 'y': 95}, {'x': 488, 'y': 95}, {'x': 488, 'y': 350}, {'x': 18, 'y': 350}]",255,470,negative
3785.jpg,/kaggle/input/mvsasingle/MVSA_Single/data/3785.jpg,600,600,True,"MAY 18 - WORLD AWARENESS WEEK FOR DOGS AND CATS
IN THE MEAT FUR AND LEATHER TRADE
AT
my Dog
DON'T HAT MY
BRPT FRIEND
Bupport
notodogineat
I
22
INOTO
DUG
bod
DOG
DOG
NOTO
OG
EAT","[{'x': 5, 'y': 329}, {'x': 599, 'y': 329}, {'x': 599, 'y': 599}, {'x': 5, 'y': 599}]",270,594,negative
3786.jpg,/kaggle/input/mvsasingle/MVSA_Single/data/3786.jpg,400,600,False,,[],0,0,negative
3787.jpg,/kaggle/input/mvsasingle/MVSA_Single/data/3787.jpg,600,600,False,,[],0,0,positive
3788.jpg,/kaggle/input/mvsasingle/MVSA_Single/data/3788.jpg,285,598,True,"""I speak to everyone in the same way,
whether he is the garbage man
or the president of the university.""
Albert Einstein","[{'x': 23, 'y': 38}, {'x': 376, 'y': 38}, {'x': 376, 'y': 171}, {'x': 23, 'y': 171}]",133,353,neutral
3789.jpg,/kaggle/input/mvsasingle/MVSA_Single/data/3789.jpg,825,500,True,"NEVER
STOP DREAMING","[{'x': 83, 'y': 296}, {'x': 422, 'y': 296}, {'x': 422, 'y': 529}, {'x': 83, 'y': 529}]",233,339,negative
379.jpg,/kaggle/input/mvsasingle/MVSA_Single/data/379.jpg,298,448,False,,[],0,0,positive
3790.jpg,/kaggle/input/mvsasingle/MVSA_Single/data/3790.jpg,337,599,True,"7130 Ruther
Baltimore, Maryland 21244 || 41
WORKS
FOR YOU
ABC2 UPDATE
NCIA HELPS TROUBLED TEENS TURN THEIR LIVES AROUND
AWARDS CEREMONY RECOGNIZES STUDENTS ACCOMPLISHMENTS
abc 2","[{'x': 12, 'y': 71}, {'x': 595, 'y': 71}, {'x': 595, 'y': 300}, {'x': 12, 'y': 300}]",229,583,positive
3791.jpg,/kaggle/input/mvsasingle/MVSA_Single/data/3791.jpg,360,480,False,,[],0,0,negative
3792.jpg,/kaggle/input/mvsasingle/MVSA_Single/data/3792.jpg,360,600,False,,[],0,0,positive
3793.jpg,/kaggle/input/mvsasingle/MVSA_Single/data/3793.jpg,375,500,False,,[],0,0,negative
3794.jpg,/kaggle/input/mvsasingle/MVSA_Single/data/3794.jpg,360,480,False,,[],0,0,negative
3795.jpg,/kaggle/input/mvsasingle/MVSA_Single/data/3795.jpg,1067,600,False,,[],0,0,neutral
3796.jpg,/kaggle/input/mvsasingle/MVSA_Single/data/3796.jpg,371,600,True,"""Only those who dare to
fail greatly can ever
achieve greatly.""
-Robert F. Kennedy","[{'x': 48, 'y': 102}, {'x': 507, 'y': 102}, {'x': 507, 'y': 350}, {'x': 48, 'y': 350}]",248,459,negative
3797.jpg,/kaggle/input/mvsasingle/MVSA_Single/data/3797.jpg,450,600,True,"koenmesser
Engang
GDC
Game Devel >ers Conference Europe","[{'x': 155, 'y': 252}, {'x': 520, 'y': 252}, {'x': 520, 'y': 348}, {'x': 155, 'y': 348}]",96,365,neutral
3798.jpg,/kaggle/input/mvsasingle/MVSA_Single/data/3798.jpg,600,600,True,"21
CHROT","[{'x': 398, 'y': 227}, {'x': 482, 'y': 227}, {'x': 482, 'y': 293}, {'x': 398, 'y': 293}]",66,84,neutral
3799.jpg,/kaggle/input/mvsasingle/MVSA_Single/data/3799.jpg,600,600,False,,[],0,0,negative
38.jpg,/kaggle/input/mvsasingle/MVSA_Single/data/38.jpg,395,512,True,"LFC
S
A
။
ard
ered
0 min 1-2 LIV","[{'x': 9, 'y': 261}, {'x': 489, 'y': 261}, {'x': 489, 'y': 367}, {'x': 9, 'y': 367}]",106,480,neutral
380.jpg,/kaggle/input/mvsasingle/MVSA_Single/data/380.jpg,600,600,True,00,"[{'x': 75, 'y': 213}, {'x': 116, 'y': 213}, {'x': 116, 'y': 249}, {'x': 75, 'y': 249}]",36,41,positive
3800.jpg,/kaggle/input/mvsasingle/MVSA_Single/data/3800.jpg,480,360,True,RN TE,"[{'x': 95, 'y': 288}, {'x': 359, 'y': 288}, {'x': 359, 'y': 361}, {'x': 95, 'y': 361}]",73,264,positive
3801.jpg,/kaggle/input/mvsasingle/MVSA_Single/data/3801.jpg,600,600,False,,[],0,0,positive
3802.jpg,/kaggle/input/mvsasingle/MVSA_Single/data/3802.jpg,1066,600,False,,[],0,0,positive
3805.jpg,/kaggle/input/mvsasingle/MVSA_Single/data/3805.jpg,337,599,False,,[],0,0,positive
3806.jpg,/kaggle/input/mvsasingle/MVSA_Single/data/3806.jpg,899,599,True,15,"[{'x': 518, 'y': 38}, {'x': 546, 'y': 38}, {'x': 546, 'y': 83}, {'x': 518, 'y': 83}]",45,28,positive
3807.jpg,/kaggle/input/mvsasingle/MVSA_Single/data/3807.jpg,800,600,False,,[],0,0,positive
3808.jpg,/kaggle/input/mvsasingle/MVSA_Single/data/3808.jpg,270,360,False,,[],0,0,positive
3809.jpg,/kaggle/input/mvsasingle/MVSA_Single/data/3809.jpg,270,360,False,,[],0,0,negative
381.jpg,/kaggle/input/mvsasingle/MVSA_Single/data/381.jpg,450,600,False,,[],0,0,negative
3811.jpg,/kaggle/input/mvsasingle/MVSA_Single/data/3811.jpg,658,600,False,,[],0,0,neutral
3812.jpg,/kaggle/input/mvsasingle/MVSA_Single/data/3812.jpg,337,599,True,"Short
ball
Videos","[{'x': 254, 'y': 283}, {'x': 315, 'y': 283}, {'x': 315, 'y': 312}, {'x': 254, 'y': 312}]",29,61,neutral
3813.jpg,/kaggle/input/mvsasingle/MVSA_Single/data/3813.jpg,800,600,True,Emul,"[{'x': 186, 'y': 393}, {'x': 294, 'y': 393}, {'x': 294, 'y': 459}, {'x': 186, 'y': 459}]",66,108,positive
3814.jpg,/kaggle/input/mvsasingle/MVSA_Single/data/3814.jpg,800,600,True,"SAMSUN
ER LEAGUE
#NBASU","[{'x': 99, 'y': 132}, {'x': 599, 'y': 132}, {'x': 599, 'y': 304}, {'x': 99, 'y': 304}]",172,500,positive
3815.jpg,/kaggle/input/mvsasingle/MVSA_Single/data/3815.jpg,1024,575,True,"ANOO
www
246
TE
Grant Gustin rocking the Comic-Con crowd!
BRATE
2","[{'x': 12, 'y': 8}, {'x': 572, 'y': 8}, {'x': 572, 'y': 500}, {'x': 12, 'y': 500}]",492,560,neutral
3816.jpg,/kaggle/input/mvsasingle/MVSA_Single/data/3816.jpg,430,325,False,,[],0,0,neutral
3817.jpg,/kaggle/input/mvsasingle/MVSA_Single/data/3817.jpg,450,600,False,,[],0,0,positive
3818.jpg,/kaggle/input/mvsasingle/MVSA_Single/data/3818.jpg,600,600,True,wwwww,"[{'x': 351, 'y': 4}, {'x': 356, 'y': 4}, {'x': 356, 'y': 24}, {'x': 351, 'y': 24}]",20,5,positive
3819.jpg,/kaggle/input/mvsasingle/MVSA_Single/data/3819.jpg,335,600,True,RT RUPTLY,"[{'x': 31, 'y': 258}, {'x': 326, 'y': 258}, {'x': 326, 'y': 294}, {'x': 31, 'y': 294}]",36,295,positive
382.jpg,/kaggle/input/mvsasingle/MVSA_Single/data/382.jpg,600,600,True,My life is a requiem composed in the key of fuck.,"[{'x': 2, 'y': 409}, {'x': 594, 'y': 409}, {'x': 594, 'y': 437}, {'x': 2, 'y': 437}]",28,592,positive
3820.jpg,/kaggle/input/mvsasingle/MVSA_Single/data/3820.jpg,462,394,True,"navig
10
etclic
21","[{'x': 97, 'y': 157}, {'x': 215, 'y': 157}, {'x': 215, 'y': 380}, {'x': 97, 'y': 380}]",223,118,negative
3821.jpg,/kaggle/input/mvsasingle/MVSA_Single/data/3821.jpg,399,599,False,,[],0,0,positive
3822.jpg,/kaggle/input/mvsasingle/MVSA_Single/data/3822.jpg,576,320,False,,[],0,0,neutral
3823.jpg,/kaggle/input/mvsasingle/MVSA_Single/data/3823.jpg,1024,575,True,"●●○○○ Verizon
untexting
3:08 PM
glassesmissyou Follow
୪
100%
Do","[{'x': 9, 'y': 9}, {'x': 529, 'y': 9}, {'x': 529, 'y': 1005}, {'x': 9, 'y': 1005}]",996,520,positive
3824.jpg,/kaggle/input/mvsasingle/MVSA_Single/data/3824.jpg,450,600,False,,[],0,0,neutral
3825.jpg,/kaggle/input/mvsasingle/MVSA_Single/data/3825.jpg,439,551,True,"""Don't walk behind me; I may not lead.
Don't walk in front of me;
I may not follow.
Just walk beside me and be my friend.""
ALBERT CAMUS","[{'x': 12, 'y': 97}, {'x': 525, 'y': 97}, {'x': 525, 'y': 296}, {'x': 12, 'y': 296}]",199,513,positive
3826.jpg,/kaggle/input/mvsasingle/MVSA_Single/data/3826.jpg,480,480,True,"!! REPUBLICANS CLAIM ""CONCERN"" THAT
IRAN WILL DEVELOP NUCLEAR WEAPONS
HALIBURTON SOLD
IRAN TECHNOLOGY
THAT WOULD AID
THEM IN MAKING
NUCLEAR WEAPONS","[{'x': 3, 'y': 165}, {'x': 450, 'y': 165}, {'x': 450, 'y': 425}, {'x': 3, 'y': 425}]",260,447,negative
3827.jpg,/kaggle/input/mvsasingle/MVSA_Single/data/3827.jpg,337,599,True,"7.06
64
S
26 fe","[{'x': 3, 'y': 26}, {'x': 326, 'y': 26}, {'x': 326, 'y': 287}, {'x': 3, 'y': 287}]",261,323,negative
3828.jpg,/kaggle/input/mvsasingle/MVSA_Single/data/3828.jpg,1066,600,False,,[],0,0,negative
3829.jpg,/kaggle/input/mvsasingle/MVSA_Single/data/3829.jpg,320,320,True,רדי,"[{'x': 261, 'y': 168}, {'x': 291, 'y': 168}, {'x': 291, 'y': 188}, {'x': 261, 'y': 188}]",20,30,positive
383.jpg,/kaggle/input/mvsasingle/MVSA_Single/data/383.jpg,307,500,True,"Your clothes are dirty
Take them off
To:
From:","[{'x': 5, 'y': 10}, {'x': 353, 'y': 10}, {'x': 353, 'y': 139}, {'x': 5, 'y': 139}]",129,348,positive
3830.jpg,/kaggle/input/mvsasingle/MVSA_Single/data/3830.jpg,709,600,True,"WELCOME TOLOTAL
1600 DOONBEG NIS","[{'x': 255, 'y': 220}, {'x': 410, 'y': 220}, {'x': 410, 'y': 267}, {'x': 255, 'y': 267}]",47,155,positive
3831.jpg,/kaggle/input/mvsasingle/MVSA_Single/data/3831.jpg,594,334,False,,[],0,0,negative
3832.jpg,/kaggle/input/mvsasingle/MVSA_Single/data/3832.jpg,1066,600,True,LL F,"[{'x': 472, 'y': 301}, {'x': 546, 'y': 301}, {'x': 546, 'y': 312}, {'x': 472, 'y': 312}]",11,74,negative
3833.jpg,/kaggle/input/mvsasingle/MVSA_Single/data/3833.jpg,93,140,False,,[],0,0,positive
3834.jpg,/kaggle/input/mvsasingle/MVSA_Single/data/3834.jpg,450,600,True,"SONY
A","[{'x': 426, 'y': 82}, {'x': 459, 'y': 82}, {'x': 459, 'y': 198}, {'x': 426, 'y': 198}]",116,33,positive
3835.jpg,/kaggle/input/mvsasingle/MVSA_Single/data/3835.jpg,600,600,True,"Tina
Turner
simply the best","[{'x': 69, 'y': 219}, {'x': 259, 'y': 219}, {'x': 259, 'y': 313}, {'x': 69, 'y': 313}]",94,190,negative
3836.jpg,/kaggle/input/mvsasingle/MVSA_Single/data/3836.jpg,337,599,False,,[],0,0,neutral
3837.jpg,/kaggle/input/mvsasingle/MVSA_Single/data/3837.jpg,454,599,True,"IG
CANAL+
CANAL DIG
NAL+ CAN
CANAL D
ZIDANE
5","[{'x': 1, 'y': 30}, {'x': 591, 'y': 30}, {'x': 591, 'y': 399}, {'x': 1, 'y': 399}]",369,590,negative
3838.jpg,/kaggle/input/mvsasingle/MVSA_Single/data/3838.jpg,400,600,False,,[],0,0,negative
3839.jpg,/kaggle/input/mvsasingle/MVSA_Single/data/3839.jpg,450,600,True,87/11/2015,"[{'x': 461, 'y': 385}, {'x': 570, 'y': 385}, {'x': 570, 'y': 405}, {'x': 461, 'y': 405}]",20,109,neutral
384.jpg,/kaggle/input/mvsasingle/MVSA_Single/data/384.jpg,400,600,False,,[],0,0,positive
3840.jpg,/kaggle/input/mvsasingle/MVSA_Single/data/3840.jpg,1024,576,True,"HORTON
HEARS
A
HANH?!
by
Dr. Seuss","[{'x': 126, 'y': 267}, {'x': 448, 'y': 267}, {'x': 448, 'y': 756}, {'x': 126, 'y': 756}]",489,322,negative
3841.jpg,/kaggle/input/mvsasingle/MVSA_Single/data/3841.jpg,313,500,False,,[],0,0,negative
3842.jpg,/kaggle/input/mvsasingle/MVSA_Single/data/3842.jpg,521,599,True,"[Alberto Alvarez, Bodyguard
One [media outlet] offered
me $500k [to speak about MJ
And you said no?
I said no.
CREDIT JUIS
littleblackdress93:
Fun fact: Alberto was previously
Michael Jackson's bodyguard
He was the first bodyguard on the
scene of MJ's death, his is the voice
on the 911 call.
fax:","[{'x': 8, 'y': 193}, {'x': 591, 'y': 193}, {'x': 591, 'y': 508}, {'x': 8, 'y': 508}]",315,583,negative
3843.jpg,/kaggle/input/mvsasingle/MVSA_Single/data/3843.jpg,450,600,True,"ぶんどう耳鼻科
理や修理・銀行つてとうしよう・・
A そんなお悩みは
くるま工房 YASU で解決!
オークション落札車の車検・修理
「オークション 札品の持込み取付OK
H
カーセンサー
ar Sunscr","[{'x': 18, 'y': 0}, {'x': 283, 'y': 0}, {'x': 283, 'y': 370}, {'x': 18, 'y': 370}]",370,265,positive
3844.jpg,/kaggle/input/mvsasingle/MVSA_Single/data/3844.jpg,140,105,True,11,"[{'x': 38, 'y': 50}, {'x': 71, 'y': 50}, {'x': 71, 'y': 80}, {'x': 38, 'y': 80}]",30,33,positive
3845.jpg,/kaggle/input/mvsasingle/MVSA_Single/data/3845.jpg,750,599,False,,[],0,0,positive
3846.jpg,/kaggle/input/mvsasingle/MVSA_Single/data/3846.jpg,287,500,True,www.fromoldbooks.org,"[{'x': 479, 'y': 126}, {'x': 495, 'y': 126}, {'x': 495, 'y': 285}, {'x': 479, 'y': 285}]",159,16,positive
3848.jpg,/kaggle/input/mvsasingle/MVSA_Single/data/3848.jpg,600,600,True,Amandla Stenberg/Twitter,"[{'x': 14, 'y': 586}, {'x': 157, 'y': 586}, {'x': 157, 'y': 598}, {'x': 14, 'y': 598}]",12,143,negative
3849.jpg,/kaggle/input/mvsasingle/MVSA_Single/data/3849.jpg,511,599,False,,[],0,0,neutral
385.jpg,/kaggle/input/mvsasingle/MVSA_Single/data/385.jpg,332,440,True,"NEWS
NATION
4:58 PM
सबका राजा आर प्योर मसाला
मेरठ में हैवानियत
R-pure","[{'x': 35, 'y': 30}, {'x': 395, 'y': 30}, {'x': 395, 'y': 302}, {'x': 35, 'y': 302}]",272,360,neutral
3850.jpg,/kaggle/input/mvsasingle/MVSA_Single/data/3850.jpg,960,540,True,TWAT,"[{'x': 0, 'y': 127}, {'x': 203, 'y': 127}, {'x': 203, 'y': 195}, {'x': 0, 'y': 195}]",68,203,negative
3851.jpg,/kaggle/input/mvsasingle/MVSA_Single/data/3851.jpg,253,506,True,"THE VAMPIRE KEEPER
SCORCHED
We Burn from the inside
until our heart explodes.
BY SABRINA STREET","[{'x': 6, 'y': 9}, {'x': 499, 'y': 9}, {'x': 499, 'y': 203}, {'x': 6, 'y': 203}]",194,493,positive
3852.jpg,/kaggle/input/mvsasingle/MVSA_Single/data/3852.jpg,288,576,True,"THE VAMPIRE KEEPER
SUSPENSE
BY SABRINA STREET
The medley of brooks echoed
through the valley. He released a
sinister snarl accompanied by a
laugh as he forcefully proclaimed,
""I have found you at last –”","[{'x': 4, 'y': 0}, {'x': 566, 'y': 0}, {'x': 566, 'y': 284}, {'x': 4, 'y': 284}]",284,562,positive
3853.jpg,/kaggle/input/mvsasingle/MVSA_Single/data/3853.jpg,337,599,True,This Date in Pro Wrestling History,"[{'x': 52, 'y': 75}, {'x': 551, 'y': 75}, {'x': 551, 'y': 122}, {'x': 52, 'y': 122}]",47,499,positive
3854.jpg,/kaggle/input/mvsasingle/MVSA_Single/data/3854.jpg,600,600,True,"PUBLIC SWIMMING POOL
WHITE ONLY
SELMA ALA
14 JULY 31","[{'x': 80, 'y': 38}, {'x': 523, 'y': 38}, {'x': 523, 'y': 189}, {'x': 80, 'y': 189}]",151,443,negative
3855.jpg,/kaggle/input/mvsasingle/MVSA_Single/data/3855.jpg,800,600,True,"PENGUIN
BOOKS
THE FABRIC
OF THE COSMOS
BRIAN GREENE","[{'x': 33, 'y': 125}, {'x': 452, 'y': 125}, {'x': 452, 'y': 492}, {'x': 33, 'y': 492}]",367,419,positive
3856.jpg,/kaggle/input/mvsasingle/MVSA_Single/data/3856.jpg,140,140,True,"bb
2in1","[{'x': 16, 'y': 11}, {'x': 131, 'y': 11}, {'x': 131, 'y': 58}, {'x': 16, 'y': 58}]",47,115,positive
3857.jpg,/kaggle/input/mvsasingle/MVSA_Single/data/3857.jpg,600,600,False,,[],0,0,neutral
3858.jpg,/kaggle/input/mvsasingle/MVSA_Single/data/3858.jpg,622,600,False,,[],0,0,positive
3859.jpg,/kaggle/input/mvsasingle/MVSA_Single/data/3859.jpg,818,600,False,,[],0,0,positive
386.jpg,/kaggle/input/mvsasingle/MVSA_Single/data/386.jpg,320,240,True,"228
Est 1","[{'x': 111, 'y': 0}, {'x': 239, 'y': 0}, {'x': 239, 'y': 38}, {'x': 111, 'y': 38}]",38,128,positive
3860.jpg,/kaggle/input/mvsasingle/MVSA_Single/data/3860.jpg,800,600,True,"PUMAS WATER POLO
100000","[{'x': 96, 'y': 292}, {'x': 389, 'y': 292}, {'x': 389, 'y': 494}, {'x': 96, 'y': 494}]",202,293,neutral
3861.jpg,/kaggle/input/mvsasingle/MVSA_Single/data/3861.jpg,360,599,False,,[],0,0,neutral
3862.jpg,/kaggle/input/mvsasingle/MVSA_Single/data/3862.jpg,375,500,True,"Young and beautiful Kate Steinle died in her father's arms, murdered
by an illegal alien felon, in a Democrat ""sanctuary"" city, with a
Democrat Mayor, in a Democrat state, with Democrat gun control
laws, under a Democrat president, a Democrat Attorney General and a
Democrat Sec. of Homeland Security.
Naturally, the White House blames... Republicans.","[{'x': 6, 'y': 17}, {'x': 494, 'y': 17}, {'x': 494, 'y': 137}, {'x': 6, 'y': 137}]",120,488,positive
3863.jpg,/kaggle/input/mvsasingle/MVSA_Single/data/3863.jpg,140,88,False,,[],0,0,negative
3864.jpg,/kaggle/input/mvsasingle/MVSA_Single/data/3864.jpg,400,600,False,,[],0,0,negative
3865.jpg,/kaggle/input/mvsasingle/MVSA_Single/data/3865.jpg,448,600,False,,[],0,0,negative
3866.jpg,/kaggle/input/mvsasingle/MVSA_Single/data/3866.jpg,225,598,True,"Clean & Lean
20 Amazing
Raw Vegan Kale Chip Recipes
The
20 Most Delicious
Vegan Cookie Recipes
Ever!
Voranc
Vegan
Vibrant
Vegan
Verant
Vegan","[{'x': 123, 'y': 42}, {'x': 504, 'y': 42}, {'x': 504, 'y': 181}, {'x': 123, 'y': 181}]",139,381,negative
3867.jpg,/kaggle/input/mvsasingle/MVSA_Single/data/3867.jpg,398,599,True,CLACKIDAVID GALLARDI,"[{'x': 482, 'y': 383}, {'x': 593, 'y': 383}, {'x': 593, 'y': 393}, {'x': 482, 'y': 393}]",10,111,negative
3868.jpg,/kaggle/input/mvsasingle/MVSA_Single/data/3868.jpg,800,600,True,"SCAB
WITH TAN MacGREG
THATCHER REST IN HELIC","[{'x': 129, 'y': 314}, {'x': 457, 'y': 314}, {'x': 457, 'y': 799}, {'x': 129, 'y': 799}]",485,328,negative
3869.jpg,/kaggle/input/mvsasingle/MVSA_Single/data/3869.jpg,394,600,True,"ONGO
PRIMA","[{'x': 421, 'y': 342}, {'x': 467, 'y': 342}, {'x': 467, 'y': 364}, {'x': 421, 'y': 364}]",22,46,positive
387.jpg,/kaggle/input/mvsasingle/MVSA_Single/data/387.jpg,399,599,False,,[],0,0,positive
3870.jpg,/kaggle/input/mvsasingle/MVSA_Single/data/3870.jpg,798,599,True,"Stephanie
Kind, attractive and sophisticated.
She has a warm heart.","[{'x': 68, 'y': 294}, {'x': 533, 'y': 294}, {'x': 533, 'y': 485}, {'x': 68, 'y': 485}]",191,465,neutral
3871.jpg,/kaggle/input/mvsasingle/MVSA_Single/data/3871.jpg,640,425,False,,[],0,0,negative
3872.jpg,/kaggle/input/mvsasingle/MVSA_Single/data/3872.jpg,600,600,True,ON PENNY DREADFUL O,"[{'x': 337, 'y': 302}, {'x': 395, 'y': 302}, {'x': 395, 'y': 403}, {'x': 337, 'y': 403}]",101,58,positive
3873.jpg,/kaggle/input/mvsasingle/MVSA_Single/data/3873.jpg,800,600,True,"BLE
KEEP
CALM
KEEP
AND
RIDE
CALM
HORSES
JUST
DANC
Hope","[{'x': 207, 'y': 321}, {'x': 529, 'y': 321}, {'x': 529, 'y': 513}, {'x': 207, 'y': 513}]",192,322,positive
3874.jpg,/kaggle/input/mvsasingle/MVSA_Single/data/3874.jpg,900,599,True,"LANET
FULL MOON","[{'x': 287, 'y': 519}, {'x': 578, 'y': 519}, {'x': 578, 'y': 880}, {'x': 287, 'y': 880}]",361,291,neutral
3875.jpg,/kaggle/input/mvsasingle/MVSA_Single/data/3875.jpg,450,600,False,,[],0,0,negative
3876.jpg,/kaggle/input/mvsasingle/MVSA_Single/data/3876.jpg,649,500,False,,[],0,0,neutral
3877.jpg,/kaggle/input/mvsasingle/MVSA_Single/data/3877.jpg,399,599,False,,[],0,0,neutral
3878.jpg,/kaggle/input/mvsasingle/MVSA_Single/data/3878.jpg,800,600,False,,[],0,0,positive
3879.jpg,/kaggle/input/mvsasingle/MVSA_Single/data/3879.jpg,778,600,True,"Information Wanted
1167
SING
CHILDREM
www.missink
The Suffolk County District Attorney, Massachusetts State Police, and Winthrop Police are
seeking the public's help in identifying a female toddler whose body was found on the westem
shore of Deer Island on June 25, 2015. This computer-generated composite image depicts her as
she may have appeared in life.
The child was approximately four years old at the time of her death, had brown eyes and brown
hair, weighed about 30 pounds, and stood about 3½ feet tall.
Suffolk County
State Police Detective Unit
617-727-8817
Mass State Police
Communication Section
508-820-2121
STATE
POLICE
Winthrop Police
Tip Line
617-539-5806
TRIC","[{'x': 67, 'y': 46}, {'x': 533, 'y': 46}, {'x': 533, 'y': 748}, {'x': 67, 'y': 748}]",702,466,neutral
388.jpg,/kaggle/input/mvsasingle/MVSA_Single/data/388.jpg,700,500,False,,[],0,0,negative
3880.jpg,/kaggle/input/mvsasingle/MVSA_Single/data/3880.jpg,434,599,False,,[],0,0,positive
3881.jpg,/kaggle/input/mvsasingle/MVSA_Single/data/3881.jpg,338,600,True,"YAAY!
2
1
3
CRATER CREVICE
1. REHAB10
2. JAMES
4. FATIMA11
72.48 S
+3.73 S
3. CARLFR3PRIK + 5.10 S
+9.59 S
+30
+17
2770
181
:","[{'x': 52, 'y': 12}, {'x': 591, 'y': 12}, {'x': 591, 'y': 323}, {'x': 52, 'y': 323}]",311,539,positive
3882.jpg,/kaggle/input/mvsasingle/MVSA_Single/data/3882.jpg,450,600,False,,[],0,0,negative
3883.jpg,/kaggle/input/mvsasingle/MVSA_Single/data/3883.jpg,274,499,True,SBSHO,"[{'x': 411, 'y': 19}, {'x': 460, 'y': 19}, {'x': 460, 'y': 33}, {'x': 411, 'y': 33}]",14,49,positive
3884.jpg,/kaggle/input/mvsasingle/MVSA_Single/data/3884.jpg,372,599,True,D,"[{'x': 214, 'y': 148}, {'x': 254, 'y': 148}, {'x': 254, 'y': 191}, {'x': 214, 'y': 191}]",43,40,positive
3885.jpg,/kaggle/input/mvsasingle/MVSA_Single/data/3885.jpg,800,600,False,,[],0,0,neutral
3886.jpg,/kaggle/input/mvsasingle/MVSA_Single/data/3886.jpg,399,600,False,,[],0,0,positive
3887.jpg,/kaggle/input/mvsasingle/MVSA_Single/data/3887.jpg,1046,600,True,"어렸을 땐
모든 게
다 어렵고
힘들고
어른이잖아요
하지만
이젠
잘할 거예요
따라가기
벅차서
놓치고
뭐
그랬을 수도
있어요","[{'x': 40, 'y': 62}, {'x': 469, 'y': 62}, {'x': 469, 'y': 847}, {'x': 40, 'y': 847}]",785,429,neutral
3888.jpg,/kaggle/input/mvsasingle/MVSA_Single/data/3888.jpg,555,400,True,"EBS
딩동댕유치원
발명시간
08:10-
17:00-17
tu 10 40-1100
EBSCP&L","[{'x': 27, 'y': 27}, {'x': 192, 'y': 27}, {'x': 192, 'y': 542}, {'x': 27, 'y': 542}]",515,165,positive
3889.jpg,/kaggle/input/mvsasingle/MVSA_Single/data/3889.jpg,1066,600,False,,[],0,0,neutral
389.jpg,/kaggle/input/mvsasingle/MVSA_Single/data/389.jpg,1024,576,True,"ARMOU
NDER
ARMOU","[{'x': 191, 'y': 181}, {'x': 372, 'y': 181}, {'x': 372, 'y': 245}, {'x': 191, 'y': 245}]",64,181,neutral
3890.jpg,/kaggle/input/mvsasingle/MVSA_Single/data/3890.jpg,800,600,False,,[],0,0,negative
3891.jpg,/kaggle/input/mvsasingle/MVSA_Single/data/3891.jpg,600,600,False,,[],0,0,positive
3892.jpg,/kaggle/input/mvsasingle/MVSA_Single/data/3892.jpg,300,600,True,"우리 친구들~
우히히 이제 갈가위
사용할 때 엄마 손
안빌려도 되는 20대지롱!
아죠씨 따라서 만들기
할꺼딩! 힝ㅎ 히힉히히
아저씨는
미리
만들어
왔어요~
LIFE
18 700
THORT 영만
LIT
오늘은
피자박스로
게임기를
만들거에요!
LIFE
STO
ORT
LIT
(침울)
10
집에 피자판이 없는 것
보다 만들기 순서를
스킵당한게 슬픈 2n","[{'x': 10, 'y': 11}, {'x': 583, 'y': 11}, {'x': 583, 'y': 282}, {'x': 10, 'y': 282}]",271,573,positive
3893.jpg,/kaggle/input/mvsasingle/MVSA_Single/data/3893.jpg,1015,600,True,"잘들어요
민호씨
설탕은
딱
이정도만
CLEVVER
EVVER
CLEVVER
네?
코딱지
만큼요?
아니
말이 되는
소리를
해야지
음식은
설탕맛인데
MAZE
LIVE
콸콸콸
홍콩해적 @kakaottamook","[{'x': 34, 'y': 36}, {'x': 597, 'y': 36}, {'x': 597, 'y': 1004}, {'x': 34, 'y': 1004}]",968,563,positive
3894.jpg,/kaggle/input/mvsasingle/MVSA_Single/data/3894.jpg,480,433,True,"KBS2
KBS2","[{'x': 369, 'y': 6}, {'x': 399, 'y': 6}, {'x': 399, 'y': 266}, {'x': 369, 'y': 266}]",260,30,positive
3896.jpg,/kaggle/input/mvsasingle/MVSA_Single/data/3896.jpg,450,600,True,"Simple Home Accents
HONEY ALMOND
Whipped Body Butter
4 fl. oz","[{'x': 227, 'y': 268}, {'x': 367, 'y': 268}, {'x': 367, 'y': 352}, {'x': 227, 'y': 352}]",84,140,neutral
3897.jpg,/kaggle/input/mvsasingle/MVSA_Single/data/3897.jpg,450,600,False,,[],0,0,positive
3898.jpg,/kaggle/input/mvsasingle/MVSA_Single/data/3898.jpg,521,600,False,,[],0,0,positive
3899.jpg,/kaggle/input/mvsasingle/MVSA_Single/data/3899.jpg,1024,576,False,,[],0,0,negative
39.jpg,/kaggle/input/mvsasingle/MVSA_Single/data/39.jpg,1066,600,False,,[],0,0,positive
390.jpg,/kaggle/input/mvsasingle/MVSA_Single/data/390.jpg,400,600,True,"waportak.com
www.spartak.com","[{'x': 320, 'y': 124}, {'x': 587, 'y': 124}, {'x': 587, 'y': 381}, {'x': 320, 'y': 381}]",257,267,negative
3900.jpg,/kaggle/input/mvsasingle/MVSA_Single/data/3900.jpg,504,599,True,"THE ORIGINAL
CORNBURY
***MUSIC FESTIVAL***","[{'x': 123, 'y': 123}, {'x': 472, 'y': 123}, {'x': 472, 'y': 218}, {'x': 123, 'y': 218}]",95,349,positive
3901.jpg,/kaggle/input/mvsasingle/MVSA_Single/data/3901.jpg,250,167,True,"SHAYLA BLACK
Wicked Ties
KWICE
NOVEL","[{'x': 7, 'y': 8}, {'x': 160, 'y': 8}, {'x': 160, 'y': 177}, {'x': 7, 'y': 177}]",169,153,positive
3902.jpg,/kaggle/input/mvsasingle/MVSA_Single/data/3902.jpg,665,374,True,"HE DIDN'T DIE FOR ME
IN CASE YOU WERE WONDERING
€34KARATS
⚫ THEY DIED FOR ME
278
5","[{'x': 0, 'y': 153}, {'x': 366, 'y': 153}, {'x': 366, 'y': 655}, {'x': 0, 'y': 655}]",502,366,negative
3903.jpg,/kaggle/input/mvsasingle/MVSA_Single/data/3903.jpg,450,600,False,,[],0,0,positive
3904.jpg,/kaggle/input/mvsasingle/MVSA_Single/data/3904.jpg,960,540,True,hdow,"[{'x': 4, 'y': 260}, {'x': 135, 'y': 260}, {'x': 135, 'y': 381}, {'x': 4, 'y': 381}]",121,131,neutral
3905.jpg,/kaggle/input/mvsasingle/MVSA_Single/data/3905.jpg,450,600,False,,[],0,0,negative
3907.jpg,/kaggle/input/mvsasingle/MVSA_Single/data/3907.jpg,497,497,False,,[],0,0,positive
3909.jpg,/kaggle/input/mvsasingle/MVSA_Single/data/3909.jpg,600,600,False,,[],0,0,neutral
391.jpg,/kaggle/input/mvsasingle/MVSA_Single/data/391.jpg,359,599,True,"abc NEWS
.com","[{'x': 472, 'y': 306}, {'x': 557, 'y': 306}, {'x': 557, 'y': 335}, {'x': 472, 'y': 335}]",29,85,positive
3910.jpg,/kaggle/input/mvsasingle/MVSA_Single/data/3910.jpg,375,500,True,"PA
CELEBUZZ","[{'x': 151, 'y': 222}, {'x': 495, 'y': 222}, {'x': 495, 'y': 372}, {'x': 151, 'y': 372}]",150,344,positive
3911.jpg,/kaggle/input/mvsasingle/MVSA_Single/data/3911.jpg,375,600,False,,[],0,0,positive
3912.jpg,/kaggle/input/mvsasingle/MVSA_Single/data/3912.jpg,399,599,False,,[],0,0,positive
3913.jpg,/kaggle/input/mvsasingle/MVSA_Single/data/3913.jpg,592,599,False,,[],0,0,positive
3914.jpg,/kaggle/input/mvsasingle/MVSA_Single/data/3914.jpg,300,450,False,,[],0,0,positive
3915.jpg,/kaggle/input/mvsasingle/MVSA_Single/data/3915.jpg,360,480,True,PART 31,"[{'x': 7, 'y': 255}, {'x': 229, 'y': 255}, {'x': 229, 'y': 300}, {'x': 7, 'y': 300}]",45,222,negative
3916.jpg,/kaggle/input/mvsasingle/MVSA_Single/data/3916.jpg,337,599,False,,[],0,0,negative
3917.jpg,/kaggle/input/mvsasingle/MVSA_Single/data/3917.jpg,336,599,False,,[],0,0,neutral
3918.jpg,/kaggle/input/mvsasingle/MVSA_Single/data/3918.jpg,300,600,False,,[],0,0,neutral
3919.jpg,/kaggle/input/mvsasingle/MVSA_Single/data/3919.jpg,300,600,False,,[],0,0,positive
392.jpg,/kaggle/input/mvsasingle/MVSA_Single/data/392.jpg,333,599,False,,[],0,0,positive
3920.jpg,/kaggle/input/mvsasingle/MVSA_Single/data/3920.jpg,450,600,False,,[],0,0,positive
3921.jpg,/kaggle/input/mvsasingle/MVSA_Single/data/3921.jpg,400,600,False,,[],0,0,positive
3922.jpg,/kaggle/input/mvsasingle/MVSA_Single/data/3922.jpg,326,599,True,"BEA
Banished
ない
Tonight at 8.30pm
1700
BBC
FIRST
RS2014","[{'x': 32, 'y': 28}, {'x': 580, 'y': 28}, {'x': 580, 'y': 297}, {'x': 32, 'y': 297}]",269,548,negative
3923.jpg,/kaggle/input/mvsasingle/MVSA_Single/data/3923.jpg,594,447,False,,[],0,0,positive
3924.jpg,/kaggle/input/mvsasingle/MVSA_Single/data/3924.jpg,762,566,True,"Michael's Concerns (July 12th 2015)
General melancholy relating to the grim inevitability of
death
Ongoing dejection that they never made Weekend at
Bernie's 3
Regrets about lost youth
Deep sadness that my dance troupe remains
undiscovered
Ever-present fear that robots are becoming so advanced
that they might enslave humans","[{'x': 59, 'y': 41}, {'x': 531, 'y': 41}, {'x': 531, 'y': 300}, {'x': 59, 'y': 300}]",259,472,positive
3925.jpg,/kaggle/input/mvsasingle/MVSA_Single/data/3925.jpg,721,600,True,"A HISTORY
OF THE
WORSHIPFU
A HISTORY OF TH
SOCIETY WORSHIPFU
OF
APOTHE
CARIES
SOCIETY OF
OF LONDON APOTHECARIES
I
OF LONDON
1617-1815
WALL
CAMERON
UNDERWOOD 00
OXFORD
VOLUME I 1617-1815
Abstracted and arranged from the manuscript notes of
the late CECIL WALL
by the late H. CHARLES CAMERON
Revised, annotated, and edited by
E. ASHWORTH UNDERWOOD","[{'x': 7, 'y': 27}, {'x': 560, 'y': 27}, {'x': 560, 'y': 680}, {'x': 7, 'y': 680}]",653,553,negative
3926.jpg,/kaggle/input/mvsasingle/MVSA_Single/data/3926.jpg,449,600,True,"20
2011-2012
1699","[{'x': 196, 'y': 176}, {'x': 370, 'y': 176}, {'x': 370, 'y': 319}, {'x': 196, 'y': 319}]",143,174,neutral
3927.jpg,/kaggle/input/mvsasingle/MVSA_Single/data/3927.jpg,335,599,False,,[],0,0,positive
3928.jpg,/kaggle/input/mvsasingle/MVSA_Single/data/3928.jpg,735,600,True,"1970-COMMEMORATING THE SAILING OF THE MAYFLOWER IN 1620
CORDE
RECTO
OMNES
ELATI","[{'x': 94, 'y': 24}, {'x': 514, 'y': 24}, {'x': 514, 'y': 595}, {'x': 94, 'y': 595}]",571,420,positive
3929.jpg,/kaggle/input/mvsasingle/MVSA_Single/data/3929.jpg,706,599,True,"ALICE
SKARY","[{'x': 4, 'y': 632}, {'x': 137, 'y': 632}, {'x': 137, 'y': 695}, {'x': 4, 'y': 695}]",63,133,positive
393.jpg,/kaggle/input/mvsasingle/MVSA_Single/data/393.jpg,800,600,True,"DAY
Whe
Tr","[{'x': 201, 'y': 44}, {'x': 578, 'y': 44}, {'x': 578, 'y': 238}, {'x': 201, 'y': 238}]",194,377,positive
3930.jpg,/kaggle/input/mvsasingle/MVSA_Single/data/3930.jpg,596,600,True,"ALL SONS & DAUGHTERS
LIVE","[{'x': 84, 'y': 164}, {'x': 516, 'y': 164}, {'x': 516, 'y': 317}, {'x': 84, 'y': 317}]",153,432,positive
3931.jpg,/kaggle/input/mvsasingle/MVSA_Single/data/3931.jpg,778,600,True,"SOME ACCOUNT
OF THE WORSHIPFUL
COMPANY OF CLOCKMAKERS
OF THE
CITY OF LONDON.
TEMPVS
RERVM
IMPERATOR
COMPILED PRINCIPALLY FROM THEIR OWN RECORDS, BY
SAMUEL ELLIOTT ATKINS, FORMERLY CLERK OF THE COMPANY,
AND
WILLIAM HENRY OVERALL, F.S.A., LIBRARIAN TO THE CORPORATION
OF THE CITY OF LONDON.
1881.","[{'x': 56, 'y': 51}, {'x': 563, 'y': 51}, {'x': 563, 'y': 767}, {'x': 56, 'y': 767}]",716,507,positive
3932.jpg,/kaggle/input/mvsasingle/MVSA_Single/data/3932.jpg,514,594,False,,[],0,0,positive
3933.jpg,/kaggle/input/mvsasingle/MVSA_Single/data/3933.jpg,450,600,True,"ONE
WAY
POLICE
CROSS POLICE LINE DO NU) CRUSS
POLICE LINE DO AU) CRUSS
POLICE LINE DO AD) Cuss
TULICE","[{'x': 0, 'y': 219}, {'x': 596, 'y': 219}, {'x': 596, 'y': 447}, {'x': 0, 'y': 447}]",228,596,positive
3934.jpg,/kaggle/input/mvsasingle/MVSA_Single/data/3934.jpg,400,600,True,Alessandro Penso,"[{'x': 478, 'y': 382}, {'x': 545, 'y': 382}, {'x': 545, 'y': 390}, {'x': 478, 'y': 390}]",8,67,positive
3935.jpg,/kaggle/input/mvsasingle/MVSA_Single/data/3935.jpg,483,600,False,,[],0,0,positive
3936.jpg,/kaggle/input/mvsasingle/MVSA_Single/data/3936.jpg,438,600,True,433,"[{'x': 267, 'y': 219}, {'x': 284, 'y': 219}, {'x': 284, 'y': 229}, {'x': 267, 'y': 229}]",10,17,positive
3937.jpg,/kaggle/input/mvsasingle/MVSA_Single/data/3937.jpg,400,600,True,"2D SERG
MCCOLLUM
MOSES
D
CO B
34 GA INF
CSA
APR 8 1838
NOV 7 1862","[{'x': 235, 'y': 64}, {'x': 374, 'y': 64}, {'x': 374, 'y': 233}, {'x': 235, 'y': 233}]",169,139,positive
3938.jpg,/kaggle/input/mvsasingle/MVSA_Single/data/3938.jpg,450,600,True,"ONE
WAY
DAR
POLICE
7359","[{'x': 34, 'y': 103}, {'x': 566, 'y': 103}, {'x': 566, 'y': 326}, {'x': 34, 'y': 326}]",223,532,negative
3939.jpg,/kaggle/input/mvsasingle/MVSA_Single/data/3939.jpg,381,600,True,"THE CAUSE
FOR WHICH
THEY FOUG
WAS WRON","[{'x': 312, 'y': 201}, {'x': 361, 'y': 201}, {'x': 361, 'y': 267}, {'x': 312, 'y': 267}]",66,49,neutral
394.jpg,/kaggle/input/mvsasingle/MVSA_Single/data/394.jpg,600,600,True,Gunners,"[{'x': 297, 'y': 25}, {'x': 431, 'y': 25}, {'x': 431, 'y': 79}, {'x': 297, 'y': 79}]",54,134,positive
3940.jpg,/kaggle/input/mvsasingle/MVSA_Single/data/3940.jpg,300,300,True,"WOUNDED WARRIOR
PROJECT
WOUNDED WARRIOR
PROJECT
WOUNDED WARRIOR
PROJECT
Outer
Ouer
Otter","[{'x': 35, 'y': 177}, {'x': 291, 'y': 177}, {'x': 291, 'y': 260}, {'x': 35, 'y': 260}]",83,256,positive
3941.jpg,/kaggle/input/mvsasingle/MVSA_Single/data/3941.jpg,450,600,False,,[],0,0,positive
3942.jpg,/kaggle/input/mvsasingle/MVSA_Single/data/3942.jpg,600,600,True,"THESE
WORDS
ARE
RAZORS
TO MY
WOUNDED HEART.
TITUS ANDRONICUS
Folger SHAKESPEARE LIBRARY.","[{'x': 32, 'y': 28}, {'x': 577, 'y': 28}, {'x': 577, 'y': 594}, {'x': 32, 'y': 594}]",566,545,positive
3943.jpg,/kaggle/input/mvsasingle/MVSA_Single/data/3943.jpg,800,600,True,05,"[{'x': 271, 'y': 657}, {'x': 283, 'y': 657}, {'x': 283, 'y': 669}, {'x': 271, 'y': 669}]",12,12,negative
3944.jpg,/kaggle/input/mvsasingle/MVSA_Single/data/3944.jpg,800,600,False,,[],0,0,negative
3945.jpg,/kaggle/input/mvsasingle/MVSA_Single/data/3945.jpg,640,480,False,,[],0,0,positive
3946.jpg,/kaggle/input/mvsasingle/MVSA_Single/data/3946.jpg,800,600,False,,[],0,0,negative
3947.jpg,/kaggle/input/mvsasingle/MVSA_Single/data/3947.jpg,582,592,False,,[],0,0,neutral
3948.jpg,/kaggle/input/mvsasingle/MVSA_Single/data/3948.jpg,799,599,True,"M
DRIVETHIO 10 34
TURN
LEFT","[{'x': 374, 'y': 90}, {'x': 425, 'y': 90}, {'x': 425, 'y': 182}, {'x': 374, 'y': 182}]",92,51,positive
3949.jpg,/kaggle/input/mvsasingle/MVSA_Single/data/3949.jpg,592,600,False,,[],0,0,positive
395.jpg,/kaggle/input/mvsasingle/MVSA_Single/data/395.jpg,331,580,False,,[],0,0,positive
3950.jpg,/kaggle/input/mvsasingle/MVSA_Single/data/3950.jpg,601,600,False,,[],0,0,positive
3951.jpg,/kaggle/input/mvsasingle/MVSA_Single/data/3951.jpg,337,599,False,,[],0,0,positive
3952.jpg,/kaggle/input/mvsasingle/MVSA_Single/data/3952.jpg,337,599,False,,[],0,0,positive
3953.jpg,/kaggle/input/mvsasingle/MVSA_Single/data/3953.jpg,480,479,True,"Nothing really interesting
today on TV...
CLAY 893","[{'x': 57, 'y': 201}, {'x': 373, 'y': 201}, {'x': 373, 'y': 477}, {'x': 57, 'y': 477}]",276,316,positive
3954.jpg,/kaggle/input/mvsasingle/MVSA_Single/data/3954.jpg,1024,576,True,"Tweet
22:22
Q :
Morenike
@_bimbee_
+
Reply to Morenike","[{'x': 27, 'y': 8}, {'x': 567, 'y': 8}, {'x': 567, 'y': 1002}, {'x': 27, 'y': 1002}]",994,540,positive
3955.jpg,/kaggle/input/mvsasingle/MVSA_Single/data/3955.jpg,640,480,False,,[],0,0,positive
3956.jpg,/kaggle/input/mvsasingle/MVSA_Single/data/3956.jpg,400,600,False,,[],0,0,neutral
3957.jpg,/kaggle/input/mvsasingle/MVSA_Single/data/3957.jpg,388,500,False,,[],0,0,negative
3958.jpg,/kaggle/input/mvsasingle/MVSA_Single/data/3958.jpg,337,599,False,,[],0,0,positive
3959.jpg,/kaggle/input/mvsasingle/MVSA_Single/data/3959.jpg,983,600,False,,[],0,0,positive
396.jpg,/kaggle/input/mvsasingle/MVSA_Single/data/396.jpg,600,600,True,"5 SECONDS
OF SUMMER
rock
OUT
筆
with your
SOCKS
Out
2015
LA","[{'x': 97, 'y': 43}, {'x': 582, 'y': 43}, {'x': 582, 'y': 581}, {'x': 97, 'y': 581}]",538,485,negative
3961.jpg,/kaggle/input/mvsasingle/MVSA_Single/data/3961.jpg,375,599,False,,[],0,0,positive
3962.jpg,/kaggle/input/mvsasingle/MVSA_Single/data/3962.jpg,362,500,True,SALEM,"[{'x': 223, 'y': 324}, {'x': 280, 'y': 324}, {'x': 280, 'y': 339}, {'x': 223, 'y': 339}]",15,57,positive
3963.jpg,/kaggle/input/mvsasingle/MVSA_Single/data/3963.jpg,333,500,True,LURINGA,"[{'x': 451, 'y': 319}, {'x': 494, 'y': 319}, {'x': 494, 'y': 329}, {'x': 451, 'y': 329}]",10,43,negative
3964.jpg,/kaggle/input/mvsasingle/MVSA_Single/data/3964.jpg,482,509,False,,[],0,0,positive
3965.jpg,/kaggle/input/mvsasingle/MVSA_Single/data/3965.jpg,600,600,True,"RT IN 10
SECONDS
AND GOOD LUCK WILL
COME YOUR WAY","[{'x': 124, 'y': 9}, {'x': 502, 'y': 9}, {'x': 502, 'y': 586}, {'x': 124, 'y': 586}]",577,378,positive
3966.jpg,/kaggle/input/mvsasingle/MVSA_Single/data/3966.jpg,480,480,False,,[],0,0,positive
3967.jpg,/kaggle/input/mvsasingle/MVSA_Single/data/3967.jpg,337,600,True,"CELESTRON
857
17:35
599
HOMECAST","[{'x': 138, 'y': 141}, {'x': 250, 'y': 141}, {'x': 250, 'y': 332}, {'x': 138, 'y': 332}]",191,112,negative
3968.jpg,/kaggle/input/mvsasingle/MVSA_Single/data/3968.jpg,600,600,False,,[],0,0,negative
3969.jpg,/kaggle/input/mvsasingle/MVSA_Single/data/3969.jpg,337,599,True,"MOVIES
&TV SHOWS
GET THE
DIGIBOO APP
digiboo","[{'x': 150, 'y': 102}, {'x': 300, 'y': 102}, {'x': 300, 'y': 323}, {'x': 150, 'y': 323}]",221,150,positive
397.jpg,/kaggle/input/mvsasingle/MVSA_Single/data/397.jpg,600,600,False,,[],0,0,negative
3970.jpg,/kaggle/input/mvsasingle/MVSA_Single/data/3970.jpg,600,600,True,Galzolaid,"[{'x': 428, 'y': 178}, {'x': 498, 'y': 178}, {'x': 498, 'y': 205}, {'x': 428, 'y': 205}]",27,70,positive
3971.jpg,/kaggle/input/mvsasingle/MVSA_Single/data/3971.jpg,450,600,False,,[],0,0,neutral
3972.jpg,/kaggle/input/mvsasingle/MVSA_Single/data/3972.jpg,500,500,True,"MARGARET COMICS
クドウあや
HARUNA
SHO
ZIPPY!
TAKI
REI","[{'x': 108, 'y': 18}, {'x': 404, 'y': 18}, {'x': 404, 'y': 477}, {'x': 108, 'y': 477}]",459,296,negative
3973.jpg,/kaggle/input/mvsasingle/MVSA_Single/data/3973.jpg,408,599,True,"TION
LOUIS VUITTON","[{'x': 136, 'y': 194}, {'x': 488, 'y': 194}, {'x': 488, 'y': 379}, {'x': 136, 'y': 379}]",185,352,neutral
3974.jpg,/kaggle/input/mvsasingle/MVSA_Single/data/3974.jpg,321,600,True,Morkel Erasmus,"[{'x': 496, 'y': 300}, {'x': 595, 'y': 300}, {'x': 595, 'y': 319}, {'x': 496, 'y': 319}]",19,99,positive
3975.jpg,/kaggle/input/mvsasingle/MVSA_Single/data/3975.jpg,105,140,True,CHANEL,"[{'x': 62, 'y': 58}, {'x': 95, 'y': 58}, {'x': 95, 'y': 64}, {'x': 62, 'y': 64}]",6,33,neutral
3976.jpg,/kaggle/input/mvsasingle/MVSA_Single/data/3976.jpg,480,600,True,"Drake
Josh","[{'x': 83, 'y': 100}, {'x': 563, 'y': 100}, {'x': 563, 'y': 435}, {'x': 83, 'y': 435}]",335,480,positive
3977.jpg,/kaggle/input/mvsasingle/MVSA_Single/data/3977.jpg,418,600,False,,[],0,0,positive
3978.jpg,/kaggle/input/mvsasingle/MVSA_Single/data/3978.jpg,400,600,True,"X215
GREAT
THE
ERN
RADIO
SAFETY TODAY EVERY DAY
EQUIPPED X2","[{'x': 123, 'y': 176}, {'x': 435, 'y': 176}, {'x': 435, 'y': 244}, {'x': 123, 'y': 244}]",68,312,positive
3979.jpg,/kaggle/input/mvsasingle/MVSA_Single/data/3979.jpg,255,599,False,,[],0,0,negative
398.jpg,/kaggle/input/mvsasingle/MVSA_Single/data/398.jpg,202,300,True,"PETROBRAS
ALUSA ALUMIMI
CADE $$
ГО","[{'x': 70, 'y': 10}, {'x': 215, 'y': 10}, {'x': 215, 'y': 137}, {'x': 70, 'y': 137}]",127,145,neutral
3980.jpg,/kaggle/input/mvsasingle/MVSA_Single/data/3980.jpg,328,525,False,,[],0,0,negative
3981.jpg,/kaggle/input/mvsasingle/MVSA_Single/data/3981.jpg,550,599,False,,[],0,0,positive
3982.jpg,/kaggle/input/mvsasingle/MVSA_Single/data/3982.jpg,300,600,False,,[],0,0,positive
3983.jpg,/kaggle/input/mvsasingle/MVSA_Single/data/3983.jpg,450,600,False,,[],0,0,positive
3984.jpg,/kaggle/input/mvsasingle/MVSA_Single/data/3984.jpg,399,600,True,FREAKTOGRAPHY,"[{'x': 542, 'y': 0}, {'x': 597, 'y': 0}, {'x': 597, 'y': 8}, {'x': 542, 'y': 8}]",8,55,positive
3985.jpg,/kaggle/input/mvsasingle/MVSA_Single/data/3985.jpg,487,600,False,,[],0,0,negative
3986.jpg,/kaggle/input/mvsasingle/MVSA_Single/data/3986.jpg,465,600,True,"BRANCO
Americans for Limited
Government
©2015
ISIS
OBAMA,
KNOWING WHAT
YOU KNOW NOW.
WOULD YOU STILL
CUT AND RUN
FROM A FREE AND
STABLE IRAQ?
media@limitgov.org
WELCOME
TO
IRAQ
4.478
US TROOPS","[{'x': 3, 'y': 3}, {'x': 590, 'y': 3}, {'x': 590, 'y': 462}, {'x': 3, 'y': 462}]",459,587,neutral
3987.jpg,/kaggle/input/mvsasingle/MVSA_Single/data/3987.jpg,516,599,False,,[],0,0,negative
3988.jpg,/kaggle/input/mvsasingle/MVSA_Single/data/3988.jpg,1024,576,False,,[],0,0,positive
3989.jpg,/kaggle/input/mvsasingle/MVSA_Single/data/3989.jpg,478,600,False,,[],0,0,positive
399.jpg,/kaggle/input/mvsasingle/MVSA_Single/data/399.jpg,375,600,True,@LeGourmetGirls,"[{'x': 5, 'y': 326}, {'x': 263, 'y': 326}, {'x': 263, 'y': 354}, {'x': 5, 'y': 354}]",28,258,positive
3990.jpg,/kaggle/input/mvsasingle/MVSA_Single/data/3990.jpg,400,599,False,,[],0,0,positive
3991.jpg,/kaggle/input/mvsasingle/MVSA_Single/data/3991.jpg,600,599,True,"""I am the good shepherd.
The good shepherd lays down his life for the sheep.
The hired hand is not the shepherd who owns the sheep.
So when he sees the wolf coming,
he abandons the sheep and runs away.
Then the wolf attacks the flock and scatters it.
The man runs away because he is a hired hand and
cares nothing for the sheep.
""I am the good shepherd; I know my sheep
and my sheep know me--
just as the Father knows me and I know the Father--
and I lay down my life for the sheep.
(Jn 10: 11-15)
SHINCHEONJI
SEOUL JAMES","[{'x': 19, 'y': 103}, {'x': 548, 'y': 103}, {'x': 548, 'y': 577}, {'x': 19, 'y': 577}]",474,529,positive
3992.jpg,/kaggle/input/mvsasingle/MVSA_Single/data/3992.jpg,901,600,False,,[],0,0,negative
3993.jpg,/kaggle/input/mvsasingle/MVSA_Single/data/3993.jpg,600,600,False,,[],0,0,negative
3994.jpg,/kaggle/input/mvsasingle/MVSA_Single/data/3994.jpg,337,600,False,,[],0,0,positive
3995.jpg,/kaggle/input/mvsasingle/MVSA_Single/data/3995.jpg,725,489,False,,[],0,0,positive
3996.jpg,/kaggle/input/mvsasingle/MVSA_Single/data/3996.jpg,187,250,True,"143
00:31","[{'x': 18, 'y': 7}, {'x': 242, 'y': 7}, {'x': 242, 'y': 18}, {'x': 18, 'y': 18}]",11,224,negative
3997.jpg,/kaggle/input/mvsasingle/MVSA_Single/data/3997.jpg,800,600,True,TRUCK,"[{'x': 80, 'y': 78}, {'x': 115, 'y': 78}, {'x': 115, 'y': 102}, {'x': 80, 'y': 102}]",24,35,negative
3998.jpg,/kaggle/input/mvsasingle/MVSA_Single/data/3998.jpg,450,600,False,,[],0,0,positive
3999.jpg,/kaggle/input/mvsasingle/MVSA_Single/data/3999.jpg,400,600,False,,[],0,0,neutral
4.jpg,/kaggle/input/mvsasingle/MVSA_Single/data/4.jpg,275,183,True,Sweetangels4u,"[{'x': 45, 'y': 28}, {'x': 127, 'y': 28}, {'x': 127, 'y': 40}, {'x': 45, 'y': 40}]",12,82,negative
40.jpg,/kaggle/input/mvsasingle/MVSA_Single/data/40.jpg,800,600,True,"Valentine's
Day!
Design LL
Valo
Be
Mine
XO
Sweet I
XO BE MINE
hugs LO
1555
5555
OXOXO
VEHUGS
Sweet GORE
HUGS be mine","[{'x': 72, 'y': 56}, {'x': 330, 'y': 56}, {'x': 330, 'y': 590}, {'x': 72, 'y': 590}]",534,258,positive
400.jpg,/kaggle/input/mvsasingle/MVSA_Single/data/400.jpg,800,600,False,,[],0,0,neutral
4000.jpg,/kaggle/input/mvsasingle/MVSA_Single/data/4000.jpg,400,600,False,,[],0,0,neutral
4001.jpg,/kaggle/input/mvsasingle/MVSA_Single/data/4001.jpg,400,600,False,,[],0,0,neutral
4002.jpg,/kaggle/input/mvsasingle/MVSA_Single/data/4002.jpg,799,599,False,,[],0,0,positive
4003.jpg,/kaggle/input/mvsasingle/MVSA_Single/data/4003.jpg,401,600,True,COOL ZONE,"[{'x': 261, 'y': 170}, {'x': 417, 'y': 170}, {'x': 417, 'y': 189}, {'x': 261, 'y': 189}]",19,156,negative
4004.jpg,/kaggle/input/mvsasingle/MVSA_Single/data/4004.jpg,450,600,False,,[],0,0,positive
4005.jpg,/kaggle/input/mvsasingle/MVSA_Single/data/4005.jpg,397,599,False,,[],0,0,neutral
4006.jpg,/kaggle/input/mvsasingle/MVSA_Single/data/4006.jpg,291,598,True,"CHRISTIANS UNITED FOR ISRAEL
BECAUSE I AM A CHRISTIAN
I STAND WITH
ISRAEL
CHRISTIANS UNITED FOR ISRAEL","[{'x': 21, 'y': 4}, {'x': 574, 'y': 4}, {'x': 574, 'y': 270}, {'x': 21, 'y': 270}]",266,553,positive
4007.jpg,/kaggle/input/mvsasingle/MVSA_Single/data/4007.jpg,337,599,False,,[],0,0,positive
4008.jpg,/kaggle/input/mvsasingle/MVSA_Single/data/4008.jpg,836,600,False,,[],0,0,negative
4009.jpg,/kaggle/input/mvsasingle/MVSA_Single/data/4009.jpg,595,599,False,,[],0,0,positive
401.jpg,/kaggle/input/mvsasingle/MVSA_Single/data/401.jpg,207,300,False,,[],0,0,positive
4010.jpg,/kaggle/input/mvsasingle/MVSA_Single/data/4010.jpg,337,599,True,"ED
Bu","[{'x': 7, 'y': 207}, {'x': 598, 'y': 207}, {'x': 598, 'y': 257}, {'x': 7, 'y': 257}]",50,591,positive
4011.jpg,/kaggle/input/mvsasingle/MVSA_Single/data/4011.jpg,363,599,False,,[],0,0,neutral
4012.jpg,/kaggle/input/mvsasingle/MVSA_Single/data/4012.jpg,838,540,True,"스포츠 도
IBKJ업은행
희망
42
TV Daily
티브이데일리
INSICHO","[{'x': 11, 'y': 20}, {'x': 538, 'y': 20}, {'x': 538, 'y': 820}, {'x': 11, 'y': 820}]",800,527,neutral
4013.jpg,/kaggle/input/mvsasingle/MVSA_Single/data/4013.jpg,450,600,False,,[],0,0,positive
4014.jpg,/kaggle/input/mvsasingle/MVSA_Single/data/4014.jpg,969,600,True,"OCBS
BS
R","[{'x': 0, 'y': 72}, {'x': 581, 'y': 72}, {'x': 581, 'y': 384}, {'x': 0, 'y': 384}]",312,581,negative
4015.jpg,/kaggle/input/mvsasingle/MVSA_Single/data/4015.jpg,800,600,False,,[],0,0,neutral
4016.jpg,/kaggle/input/mvsasingle/MVSA_Single/data/4016.jpg,800,600,True,save on foo,"[{'x': 136, 'y': 529}, {'x': 294, 'y': 529}, {'x': 294, 'y': 557}, {'x': 136, 'y': 557}]",28,158,positive
4017.jpg,/kaggle/input/mvsasingle/MVSA_Single/data/4017.jpg,680,521,False,,[],0,0,positive
4018.jpg,/kaggle/input/mvsasingle/MVSA_Single/data/4018.jpg,480,480,False,,[],0,0,neutral
4019.jpg,/kaggle/input/mvsasingle/MVSA_Single/data/4019.jpg,400,245,False,,[],0,0,negative
402.jpg,/kaggle/input/mvsasingle/MVSA_Single/data/402.jpg,405,600,True,"cube
6LCV795
COSTCO GASOLINE
CORICO
OP","[{'x': 28, 'y': 19}, {'x': 480, 'y': 19}, {'x': 480, 'y': 374}, {'x': 28, 'y': 374}]",355,452,positive
4020.jpg,/kaggle/input/mvsasingle/MVSA_Single/data/4020.jpg,1024,576,True,"StarHub 3G
6:46 pm
45%
Edit profile
cal
@bruksftcth
hey sugar tits :-D • 2/5 jano
@JOYFULMGC is my bae
4,915 FOLLOWING
8,402 FOLLOWERS
Tweets
iHeart
RADIO
Media
You retweeted
iHeartRadio @iHeartRadio
Bye bye tehehehehehe
Favourites
Home
Notifications
Messages
•1%
Me
9h","[{'x': 18, 'y': 9}, {'x': 553, 'y': 9}, {'x': 553, 'y': 1019}, {'x': 18, 'y': 1019}]",1010,535,neutral
4021.jpg,/kaggle/input/mvsasingle/MVSA_Single/data/4021.jpg,800,600,True,"Hiland Tasse
Male Tad
Ма
Надеже Тихонда
③ @Mr 凡先生
weibo.com/u/3591355593","[{'x': 391, 'y': 95}, {'x': 599, 'y': 95}, {'x': 599, 'y': 798}, {'x': 391, 'y': 798}]",703,208,neutral
4022.jpg,/kaggle/input/mvsasingle/MVSA_Single/data/4022.jpg,395,599,True,Your Shot,"[{'x': 47, 'y': 379}, {'x': 103, 'y': 379}, {'x': 103, 'y': 390}, {'x': 47, 'y': 390}]",11,56,positive
4023.jpg,/kaggle/input/mvsasingle/MVSA_Single/data/4023.jpg,352,599,False,,[],0,0,positive
4024.jpg,/kaggle/input/mvsasingle/MVSA_Single/data/4024.jpg,600,600,False,,[],0,0,positive
4025.jpg,/kaggle/input/mvsasingle/MVSA_Single/data/4025.jpg,800,600,True,"...O AT&T
10:46 PM
Search Facebook
Miami Art League with Jimmy Agostinho Designs
1 hr.
We have lights in the window now thanks to Jimmy Agostinho. Thanks
Jimmy!
Like
Comment
Share
You and 3 others like this.
Florence Weinberger
Thanks Miami Art League and Jimmy. My work looks lovely lit up л
Just now Unlike 1 Reply
Diana Simpson Carnevali
Perfect! So lovely!! Thanks Jimmy!!
47 minutes ago Like Reply
Write a comment...
News Food
Requests
Messenger
Notifications
More
* 100%
Florence
Post","[{'x': 4, 'y': 2}, {'x': 573, 'y': 2}, {'x': 573, 'y': 797}, {'x': 4, 'y': 797}]",795,569,neutral
4026.jpg,/kaggle/input/mvsasingle/MVSA_Single/data/4026.jpg,592,600,True,"d
Juby
duby
duby","[{'x': 0, 'y': 165}, {'x': 585, 'y': 165}, {'x': 585, 'y': 580}, {'x': 0, 'y': 580}]",415,585,positive
4027.jpg,/kaggle/input/mvsasingle/MVSA_Single/data/4027.jpg,600,600,False,,[],0,0,negative
4028.jpg,/kaggle/input/mvsasingle/MVSA_Single/data/4028.jpg,850,556,True,"THIS IS THE PLACE
SAMEY
T.V.
1514
WOMEN'S
APPAREL SA0e
ADAM
HAT","[{'x': 39, 'y': 27}, {'x': 439, 'y': 27}, {'x': 439, 'y': 192}, {'x': 39, 'y': 192}]",165,400,negative
4029.jpg,/kaggle/input/mvsasingle/MVSA_Single/data/4029.jpg,804,600,False,,[],0,0,positive
403.jpg,/kaggle/input/mvsasingle/MVSA_Single/data/403.jpg,750,600,True,"happynes
day","[{'x': 6, 'y': 125}, {'x': 599, 'y': 125}, {'x': 599, 'y': 601}, {'x': 6, 'y': 601}]",476,593,neutral
4030.jpg,/kaggle/input/mvsasingle/MVSA_Single/data/4030.jpg,399,599,False,,[],0,0,positive
4031.jpg,/kaggle/input/mvsasingle/MVSA_Single/data/4031.jpg,600,600,True,AOTUCKER,"[{'x': 514, 'y': 578}, {'x': 572, 'y': 578}, {'x': 572, 'y': 588}, {'x': 514, 'y': 588}]",10,58,positive
4032.jpg,/kaggle/input/mvsasingle/MVSA_Single/data/4032.jpg,600,600,True,"L
RIZO
COST
ST. JAMES BY","[{'x': 0, 'y': 197}, {'x': 599, 'y': 197}, {'x': 599, 'y': 368}, {'x': 0, 'y': 368}]",171,599,positive
4033.jpg,/kaggle/input/mvsasingle/MVSA_Single/data/4033.jpg,403,306,False,,[],0,0,neutral
4034.jpg,/kaggle/input/mvsasingle/MVSA_Single/data/4034.jpg,300,200,False,,[],0,0,negative
4035.jpg,/kaggle/input/mvsasingle/MVSA_Single/data/4035.jpg,352,599,False,,[],0,0,positive
4036.jpg,/kaggle/input/mvsasingle/MVSA_Single/data/4036.jpg,450,600,False,,[],0,0,negative
4037.jpg,/kaggle/input/mvsasingle/MVSA_Single/data/4037.jpg,360,569,False,,[],0,0,positive
4038.jpg,/kaggle/input/mvsasingle/MVSA_Single/data/4038.jpg,273,473,True,"כפיה
לכפיה!
לאפליה!
DY
לע
ליען
נמוך,
ANTRY
יהדות
ללא
כפיה
ללא
ומ!
הדות
ללא
כפיה
ללו
כסיה
ללא
כפי
ל עקיבא
הבת","[{'x': 0, 'y': 8}, {'x': 395, 'y': 8}, {'x': 395, 'y': 269}, {'x': 0, 'y': 269}]",261,395,negative
4039.jpg,/kaggle/input/mvsasingle/MVSA_Single/data/4039.jpg,402,599,False,,[],0,0,positive
404.jpg,/kaggle/input/mvsasingle/MVSA_Single/data/404.jpg,480,493,True,THE CATZ REVIEW,"[{'x': 46, 'y': 381}, {'x': 420, 'y': 381}, {'x': 420, 'y': 410}, {'x': 46, 'y': 410}]",29,374,negative
4040.jpg,/kaggle/input/mvsasingle/MVSA_Single/data/4040.jpg,602,460,False,,[],0,0,positive
4041.jpg,/kaggle/input/mvsasingle/MVSA_Single/data/4041.jpg,293,600,False,,[],0,0,positive
4042.jpg,/kaggle/input/mvsasingle/MVSA_Single/data/4042.jpg,337,599,True,"SHAUN, 14
Fighting / Suspended","[{'x': 66, 'y': 233}, {'x': 278, 'y': 233}, {'x': 278, 'y': 286}, {'x': 66, 'y': 286}]",53,212,positive
4043.jpg,/kaggle/input/mvsasingle/MVSA_Single/data/4043.jpg,800,600,False,,[],0,0,positive
4044.jpg,/kaggle/input/mvsasingle/MVSA_Single/data/4044.jpg,505,500,True,"heybitching2
A","[{'x': 264, 'y': 10}, {'x': 384, 'y': 10}, {'x': 384, 'y': 351}, {'x': 264, 'y': 351}]",341,120,negative
4045.jpg,/kaggle/input/mvsasingle/MVSA_Single/data/4045.jpg,337,599,True,"第2幕の刺客は大阪より来礼!!
koila (大阪)
235
アシカイクル
瞬間リフレクション
第壱幕7月24日 (金)
札幌SPIRITUAL LOUNGE (札幌市中央ーカントリービル BIF) Open 18:00 / start 18:30 adv ¥2,000/door ¥2,500(+1drink)
Cell The Rough Butch
Batton Pawni
Opening Act
Anger Jully The Sun","[{'x': 2, 'y': 3}, {'x': 598, 'y': 3}, {'x': 598, 'y': 333}, {'x': 2, 'y': 333}]",330,596,positive
4046.jpg,/kaggle/input/mvsasingle/MVSA_Single/data/4046.jpg,238,600,False,,[],0,0,positive
4047.jpg,/kaggle/input/mvsasingle/MVSA_Single/data/4047.jpg,425,600,True,"The PLANNED PARENTHOOD
VERSION of a VIABLE DELIVERY.
BIOHAZARD
BABY BODY
PARTS
BUR
THE COLLMEN'S ITSTATCH
CARLECARTERASOM","[{'x': 179, 'y': 26}, {'x': 591, 'y': 26}, {'x': 591, 'y': 422}, {'x': 179, 'y': 422}]",396,412,positive
4048.jpg,/kaggle/input/mvsasingle/MVSA_Single/data/4048.jpg,400,400,True,O,"[{'x': 158, 'y': 258}, {'x': 212, 'y': 258}, {'x': 212, 'y': 315}, {'x': 158, 'y': 315}]",57,54,positive
4049.jpg,/kaggle/input/mvsasingle/MVSA_Single/data/4049.jpg,1024,576,False,,[],0,0,neutral
405.jpg,/kaggle/input/mvsasingle/MVSA_Single/data/405.jpg,800,600,True,#1,"[{'x': 131, 'y': 157}, {'x': 191, 'y': 157}, {'x': 191, 'y': 196}, {'x': 131, 'y': 196}]",39,60,positive
4050.jpg,/kaggle/input/mvsasingle/MVSA_Single/data/4050.jpg,319,599,True,SPECTRE,"[{'x': 40, 'y': 238}, {'x': 559, 'y': 238}, {'x': 559, 'y': 302}, {'x': 40, 'y': 302}]",64,519,positive
4051.jpg,/kaggle/input/mvsasingle/MVSA_Single/data/4051.jpg,456,456,False,,[],0,0,positive
4052.jpg,/kaggle/input/mvsasingle/MVSA_Single/data/4052.jpg,1024,510,False,,[],0,0,neutral
4053.jpg,/kaggle/input/mvsasingle/MVSA_Single/data/4053.jpg,600,600,True,ARDENT,"[{'x': 169, 'y': 64}, {'x': 237, 'y': 64}, {'x': 237, 'y': 116}, {'x': 169, 'y': 116}]",52,68,neutral
4054.jpg,/kaggle/input/mvsasingle/MVSA_Single/data/4054.jpg,337,599,True,"BIG
HUG
MUG
200","[{'x': 82, 'y': 120}, {'x': 596, 'y': 120}, {'x': 596, 'y': 329}, {'x': 82, 'y': 329}]",209,514,positive
4055.jpg,/kaggle/input/mvsasingle/MVSA_Single/data/4055.jpg,417,600,False,,[],0,0,neutral
4056.jpg,/kaggle/input/mvsasingle/MVSA_Single/data/4056.jpg,307,594,False,,[],0,0,positive
4057.jpg,/kaggle/input/mvsasingle/MVSA_Single/data/4057.jpg,197,242,True,"AMAICA
PROBLE","[{'x': 152, 'y': 109}, {'x': 218, 'y': 109}, {'x': 218, 'y': 173}, {'x': 152, 'y': 173}]",64,66,positive
4058.jpg,/kaggle/input/mvsasingle/MVSA_Single/data/4058.jpg,600,600,True,"Goals may give
us
focus, but dreams
give us power.
- John Maxwell
JohnMaxwellTeam.com","[{'x': 65, 'y': 39}, {'x': 535, 'y': 39}, {'x': 535, 'y': 466}, {'x': 65, 'y': 466}]",427,470,neutral
4059.jpg,/kaggle/input/mvsasingle/MVSA_Single/data/4059.jpg,800,600,True,"HOITUA
TOK 0Q
00","[{'x': 303, 'y': 463}, {'x': 533, 'y': 463}, {'x': 533, 'y': 493}, {'x': 303, 'y': 493}]",30,230,positive
406.jpg,/kaggle/input/mvsasingle/MVSA_Single/data/406.jpg,384,459,False,,[],0,0,positive
4060.jpg,/kaggle/input/mvsasingle/MVSA_Single/data/4060.jpg,671,599,True,"I would like to ask you whether you
have directly read the Qur'an of the
Muslims.
Seyyed Ali Khamenei
21st Jan, 2015
if you're looking
for the truth...
#Letter4u","[{'x': 3, 'y': 83}, {'x': 290, 'y': 83}, {'x': 290, 'y': 665}, {'x': 3, 'y': 665}]",582,287,negative
4061.jpg,/kaggle/input/mvsasingle/MVSA_Single/data/4061.jpg,256,506,True,"لیا ہے
بی ایل ایف
کے دہردا
انجام کو پہنچ رہے","[{'x': 258, 'y': 27}, {'x': 505, 'y': 27}, {'x': 505, 'y': 232}, {'x': 258, 'y': 232}]",205,247,neutral
4062.jpg,/kaggle/input/mvsasingle/MVSA_Single/data/4062.jpg,450,600,True,"WEIGHT 25
GHT 250GE
CATONAN
Cos","[{'x': 6, 'y': 234}, {'x': 548, 'y': 234}, {'x': 548, 'y': 396}, {'x': 6, 'y': 396}]",162,542,positive
4063.jpg,/kaggle/input/mvsasingle/MVSA_Single/data/4063.jpg,820,600,True,"Message of Ayatollah Seyyed Ali Khamenei
To the Youth in Europe and North America
The histories of the United States
and Europe are ashamed of slavery,
embarrassed by the colonial period
and chagrined at the OPPRESSION
of PEOPLE OF COLOR and
NON-CHRISTIANS.
ALETTER FOR
YOUTH
# LETTER4U
# LETTER4YOUTH","[{'x': 62, 'y': 50}, {'x': 542, 'y': 50}, {'x': 542, 'y': 465}, {'x': 62, 'y': 465}]",415,480,positive
4064.jpg,/kaggle/input/mvsasingle/MVSA_Single/data/4064.jpg,324,598,True,ENZ,"[{'x': 259, 'y': 95}, {'x': 287, 'y': 95}, {'x': 287, 'y': 167}, {'x': 259, 'y': 167}]",72,28,positive
4065.jpg,/kaggle/input/mvsasingle/MVSA_Single/data/4065.jpg,400,600,False,,[],0,0,positive
4066.jpg,/kaggle/input/mvsasingle/MVSA_Single/data/4066.jpg,48,48,True,M,"[{'x': 4, 'y': 8}, {'x': 47, 'y': 8}, {'x': 47, 'y': 42}, {'x': 4, 'y': 42}]",34,43,positive
4067.jpg,/kaggle/input/mvsasingle/MVSA_Single/data/4067.jpg,651,430,True,"The
CROWN of
STONES
MAGIC PRICE
C.L. SCHNEIDER","[{'x': 28, 'y': 23}, {'x': 405, 'y': 23}, {'x': 405, 'y': 631}, {'x': 28, 'y': 631}]",608,377,positive
4068.jpg,/kaggle/input/mvsasingle/MVSA_Single/data/4068.jpg,800,600,True,W,"[{'x': 140, 'y': 653}, {'x': 237, 'y': 653}, {'x': 237, 'y': 740}, {'x': 140, 'y': 740}]",87,97,positive
4069.jpg,/kaggle/input/mvsasingle/MVSA_Single/data/4069.jpg,330,600,True,"don't miss the opportunity to gain proper, correct
and unbiased understanding of Islam so that
hopefully, due to your sense of responsibility
toward the truth, future generations would write the
history of this current interaction between Islam
and the West with a clearer conscience and lesser
resentment.
میں سلام
Seyyed Ali Khamenei
21st Jan 2015
افسران جوان جنگ نرم","[{'x': 325, 'y': 9}, {'x': 596, 'y': 9}, {'x': 596, 'y': 318}, {'x': 325, 'y': 318}]",309,271,positive
407.jpg,/kaggle/input/mvsasingle/MVSA_Single/data/407.jpg,600,600,True,"What's in
า
Your Garden!
?","[{'x': 201, 'y': 304}, {'x': 359, 'y': 304}, {'x': 359, 'y': 408}, {'x': 201, 'y': 408}]",104,158,positive
4070.jpg,/kaggle/input/mvsasingle/MVSA_Single/data/4070.jpg,701,600,True,"SWADA
4823
Coc
TUDY
PINAR
VISNE
PINAR
AR","[{'x': 1, 'y': 414}, {'x': 586, 'y': 414}, {'x': 586, 'y': 687}, {'x': 1, 'y': 687}]",273,585,negative
4071.jpg,/kaggle/input/mvsasingle/MVSA_Single/data/4071.jpg,336,599,True,ONKEY KON,"[{'x': 388, 'y': 156}, {'x': 477, 'y': 156}, {'x': 477, 'y': 194}, {'x': 388, 'y': 194}]",38,89,positive
4072.jpg,/kaggle/input/mvsasingle/MVSA_Single/data/4072.jpg,600,600,True,"The recent events in France and similar
ones in some other Western countries have
convinced meto directly talk to you about them.
am addressing you, [the youth], not because
I overlook your parents, rather it is because the
future of your nations and
countries will be in your hands;
and also
I find that the sense of
quest for truth is more
vigorous and attentive
in your hearts.
Ali Khamenei
#Letter4u
میں سلام","[{'x': 0, 'y': 35}, {'x': 564, 'y': 35}, {'x': 564, 'y': 599}, {'x': 0, 'y': 599}]",564,564,positive
4073.jpg,/kaggle/input/mvsasingle/MVSA_Single/data/4073.jpg,1024,576,False,,[],0,0,positive
4074.jpg,/kaggle/input/mvsasingle/MVSA_Single/data/4074.jpg,315,600,True,"""Fairy Tales are more than true; not because they
tell us that dragons exist, but because they tell us that
Dragons can be beaten.""
GK Chesterton","[{'x': 81, 'y': 23}, {'x': 501, 'y': 23}, {'x': 501, 'y': 135}, {'x': 81, 'y': 135}]",112,420,negative
4075.jpg,/kaggle/input/mvsasingle/MVSA_Single/data/4075.jpg,854,480,False,,[],0,0,positive
4076.jpg,/kaggle/input/mvsasingle/MVSA_Single/data/4076.jpg,400,307,True,"✩✩✩✩AWESOME! -The Washington Temas
Algebra
Survival
Guide
A Conversational Handbook
for the Thoroughly Befuddled
Written by Josh Rappaport
Illustrated by Sally Blakemore","[{'x': 7, 'y': 4}, {'x': 280, 'y': 4}, {'x': 280, 'y': 374}, {'x': 7, 'y': 374}]",370,273,positive
4077.jpg,/kaggle/input/mvsasingle/MVSA_Single/data/4077.jpg,315,600,False,,[],0,0,negative
4078.jpg,/kaggle/input/mvsasingle/MVSA_Single/data/4078.jpg,273,598,True,"orangeorangcora
orange
FER Xoxe
A
orange........
BRIDE STORIES
BITTER VIRGIN BITTER VIRGIN","[{'x': 47, 'y': 83}, {'x': 571, 'y': 83}, {'x': 571, 'y': 264}, {'x': 47, 'y': 264}]",181,524,positive
4079.jpg,/kaggle/input/mvsasingle/MVSA_Single/data/4079.jpg,800,600,True,"देन
हुई
को
ना
में
trie
नहीं चली विधानसभा
व्यापमं घोटाले के आरोपी पांच
डाक्टरों ने मांगी इच्छा मृत्यु
भोपाल। मध्य प्रदेश में गजरा राजा मेडिकल कॉलेज के
पांच छात्रों ने राष्ट्रपति प्रणब मुखर्जी को पत्र लिखकर
इच्छामृत्यु की मांग की है। छात्रों ने चिट्ठी में लिखा है कि
उन्होंने सन 2010 में मेडिकल की प्रवेश परीक्षा उचित
तरीके से पास की थी, लेकिन तीन साल बाद एडमिशन
कार्ड पर फोटो और हस्ताक्षर में अंतर पाए जाने के बाद
उन्हें व्यापमं घोटाले में आरोपी बना लिया गया।","[{'x': 0, 'y': 0}, {'x': 575, 'y': 0}, {'x': 575, 'y': 732}, {'x': 0, 'y': 732}]",732,575,positive
408.jpg,/kaggle/input/mvsasingle/MVSA_Single/data/408.jpg,600,600,True,"He kissed her like her lips were
air and he couldn't breathe","[{'x': 47, 'y': 516}, {'x': 507, 'y': 516}, {'x': 507, 'y': 579}, {'x': 47, 'y': 579}]",63,460,positive
4080.jpg,/kaggle/input/mvsasingle/MVSA_Single/data/4080.jpg,375,600,True,"to
RE
とここで・・","[{'x': 103, 'y': 185}, {'x': 452, 'y': 185}, {'x': 452, 'y': 341}, {'x': 103, 'y': 341}]",156,349,neutral
4081.jpg,/kaggle/input/mvsasingle/MVSA_Single/data/4081.jpg,400,600,False,,[],0,0,neutral
4082.jpg,/kaggle/input/mvsasingle/MVSA_Single/data/4082.jpg,900,600,True,"A
му","[{'x': 306, 'y': 27}, {'x': 533, 'y': 27}, {'x': 533, 'y': 335}, {'x': 306, 'y': 335}]",308,227,positive
4083.jpg,/kaggle/input/mvsasingle/MVSA_Single/data/4083.jpg,320,320,False,,[],0,0,positive
4084.jpg,/kaggle/input/mvsasingle/MVSA_Single/data/4084.jpg,221,300,True,"amsuns
12:45
SAMS","[{'x': 72, 'y': 35}, {'x': 225, 'y': 35}, {'x': 225, 'y': 179}, {'x': 72, 'y': 179}]",144,153,positive
4085.jpg,/kaggle/input/mvsasingle/MVSA_Single/data/4085.jpg,600,600,False,,[],0,0,positive
4086.jpg,/kaggle/input/mvsasingle/MVSA_Single/data/4086.jpg,265,300,True,"SAMSUNG
Life companion
12:45
Life companion
12:45","[{'x': 20, 'y': 15}, {'x': 267, 'y': 15}, {'x': 267, 'y': 86}, {'x': 20, 'y': 86}]",71,247,negative
4087.jpg,/kaggle/input/mvsasingle/MVSA_Single/data/4087.jpg,265,490,False,,[],0,0,negative
4088.jpg,/kaggle/input/mvsasingle/MVSA_Single/data/4088.jpg,300,300,True,"Nikon
COOLPIX
NIKKOR SX
WIDE OPTICAL ZOOM","[{'x': 46, 'y': 95}, {'x': 260, 'y': 95}, {'x': 260, 'y': 223}, {'x': 46, 'y': 223}]",128,214,negative
4089.jpg,/kaggle/input/mvsasingle/MVSA_Single/data/4089.jpg,80,80,False,,[],0,0,negative
409.jpg,/kaggle/input/mvsasingle/MVSA_Single/data/409.jpg,1052,600,True,"THE PEN PIEYU ADVENTURES
SIR PRINCESS PETRA'S
TALENT
DIANE MAE ROBINSON
Recipient of The Lieutenant Governor of Alberta Emerging Artist Award","[{'x': 35, 'y': 63}, {'x': 568, 'y': 63}, {'x': 568, 'y': 978}, {'x': 35, 'y': 978}]",915,533,positive
4090.jpg,/kaggle/input/mvsasingle/MVSA_Single/data/4090.jpg,105,140,False,,[],0,0,negative
4091.jpg,/kaggle/input/mvsasingle/MVSA_Single/data/4091.jpg,300,300,True,TIII O,"[{'x': 124, 'y': 211}, {'x': 288, 'y': 211}, {'x': 288, 'y': 299}, {'x': 124, 'y': 299}]",88,164,negative
4092.jpg,/kaggle/input/mvsasingle/MVSA_Single/data/4092.jpg,769,600,True,"ASSASSIN'S
CREEDIV
BLACK FLAG
MATURE 17+
M
348115-DISC
DIGITAL
DOLBY
dts
Digital Surround
UBISOFT
2013 Ubison Entertainment. All Rights Reserved. Assassin's Creed
Black Flag Ubisoft and the Ubisoft logo are trademarks of Ubisoft
Entertainment in the US and/or other countries.DTS, the Symbol
and DTS and the Symbol together are registered trademarks of DTS Inc
Dalby and the double-D symbol are trademarks of Dolby Laboratories
& PS3.
PlayStation 3
and ""PlayStation"" are registered trademarks of Sony Computer Entertainment Inc
PJ is a trademark of Sony Computer Entertainment Inc.
Library programs ©Sony Computer Entertainment Inc.
""Blu-ray Disc and are trademarks","[{'x': 80, 'y': 188}, {'x': 590, 'y': 188}, {'x': 590, 'y': 757}, {'x': 80, 'y': 757}]",569,510,positive
4093.jpg,/kaggle/input/mvsasingle/MVSA_Single/data/4093.jpg,647,500,False,,[],0,0,negative
4094.jpg,/kaggle/input/mvsasingle/MVSA_Single/data/4094.jpg,337,599,True,"Bp
10.147,292
250/600
Guild
ギルド?
本日のギルドバトル
ギルド名:
xxx レート
マスター: 冷やし中華の使者 GRP
メンバー:
19/20人 ランキング:
: 1.578(S+)
130
441
置き型ペープ(S+)
ななな (S+)
130% 4位 1,101,123GP
3位 1,935,836GP
100%
100%
100%
ギルドメンバー
防衛シード設定
ギルド加入希望者
ギルドメンバーを探す
100%
施設投資
ギルドランキング
夜の庭園 (S+)
| xxx (S+)
100%
130% 1位 2.379.276GP
882コンボ!SP210,000 +0%
2
2.290,485GP
ギルド設定
ギルドバトル
ルーム
panpukin phomo
「涼」 あまおといま
ホーム
2 フエスト
ギルド
スカウト
メニュー
ログ
HOPE
-RUEST-
-GUILD-
-SCEUT-
PENU-
-LGG-","[{'x': 59, 'y': 6}, {'x': 540, 'y': 6}, {'x': 540, 'y': 333}, {'x': 59, 'y': 333}]",327,481,neutral
4095.jpg,/kaggle/input/mvsasingle/MVSA_Single/data/4095.jpg,80,80,False,,[],0,0,positive
4096.jpg,/kaggle/input/mvsasingle/MVSA_Single/data/4096.jpg,900,600,True,"ས༦
Ma
A","[{'x': 10, 'y': 28}, {'x': 318, 'y': 28}, {'x': 318, 'y': 583}, {'x': 10, 'y': 583}]",555,308,positive
4097.jpg,/kaggle/input/mvsasingle/MVSA_Single/data/4097.jpg,344,262,True,0,"[{'x': 38, 'y': 295}, {'x': 47, 'y': 295}, {'x': 47, 'y': 304}, {'x': 38, 'y': 304}]",9,9,positive
4098.jpg,/kaggle/input/mvsasingle/MVSA_Single/data/4098.jpg,500,500,True,N-407,"[{'x': 231, 'y': 91}, {'x': 248, 'y': 91}, {'x': 248, 'y': 96}, {'x': 231, 'y': 96}]",5,17,negative
4099.jpg,/kaggle/input/mvsasingle/MVSA_Single/data/4099.jpg,377,600,False,,[],0,0,positive
41.jpg,/kaggle/input/mvsasingle/MVSA_Single/data/41.jpg,222,600,True,"AFFINITY
relationship coaching
3 New.........
SECRETS
TO HANDLING
YOUR
ANGER
ft. Courtenay Gueta.","[{'x': 11, 'y': 8}, {'x': 567, 'y': 8}, {'x': 567, 'y': 195}, {'x': 11, 'y': 195}]",187,556,negative
410.jpg,/kaggle/input/mvsasingle/MVSA_Single/data/410.jpg,499,473,True,"ma
Wait! Not The Angels!
Two angels came to meet with Lot, the most righteous m
in all of Sodom. He gave them food and shelter for the nigh
All the men came from the city, circling the house, yelling
""Who are these men? Bring them outside so that we may
rape them!"" But, Lot refused, ""No! Leave these men alone!
But here - take my two virgin daughters and do with them
whatever you like!""
Genesis 19:14","[{'x': 15, 'y': 15}, {'x': 461, 'y': 15}, {'x': 461, 'y': 211}, {'x': 15, 'y': 211}]",196,446,positive
4100.jpg,/kaggle/input/mvsasingle/MVSA_Single/data/4100.jpg,140,140,True,"OLYMPUS
w","[{'x': 12, 'y': 33}, {'x': 126, 'y': 33}, {'x': 126, 'y': 102}, {'x': 12, 'y': 102}]",69,114,positive
4101.jpg,/kaggle/input/mvsasingle/MVSA_Single/data/4101.jpg,295,599,False,,[],0,0,negative
4102.jpg,/kaggle/input/mvsasingle/MVSA_Single/data/4102.jpg,300,266,False,,[],0,0,negative
4103.jpg,/kaggle/input/mvsasingle/MVSA_Single/data/4103.jpg,900,600,True,"A
My Lafl
Blad","[{'x': 387, 'y': 21}, {'x': 566, 'y': 21}, {'x': 566, 'y': 535}, {'x': 387, 'y': 535}]",514,179,positive
4104.jpg,/kaggle/input/mvsasingle/MVSA_Single/data/4104.jpg,900,600,True,"라스트헌터
A","[{'x': 214, 'y': 347}, {'x': 398, 'y': 347}, {'x': 398, 'y': 597}, {'x': 214, 'y': 597}]",250,184,neutral
4105.jpg,/kaggle/input/mvsasingle/MVSA_Single/data/4105.jpg,93,140,False,,[],0,0,negative
4106.jpg,/kaggle/input/mvsasingle/MVSA_Single/data/4106.jpg,80,80,False,,[],0,0,negative
4107.jpg,/kaggle/input/mvsasingle/MVSA_Single/data/4107.jpg,320,560,False,,[],0,0,negative
4108.jpg,/kaggle/input/mvsasingle/MVSA_Single/data/4108.jpg,93,140,False,,[],0,0,negative
4109.jpg,/kaggle/input/mvsasingle/MVSA_Single/data/4109.jpg,356,599,False,,[],0,0,positive
411.jpg,/kaggle/input/mvsasingle/MVSA_Single/data/411.jpg,398,599,False,,[],0,0,positive
4110.jpg,/kaggle/input/mvsasingle/MVSA_Single/data/4110.jpg,300,300,True,"00:09
2015-04-1","[{'x': 64, 'y': 89}, {'x': 131, 'y': 89}, {'x': 131, 'y': 125}, {'x': 64, 'y': 125}]",36,67,neutral
4111.jpg,/kaggle/input/mvsasingle/MVSA_Single/data/4111.jpg,95,140,False,,[],0,0,positive
4112.jpg,/kaggle/input/mvsasingle/MVSA_Single/data/4112.jpg,801,600,False,,[],0,0,positive
4113.jpg,/kaggle/input/mvsasingle/MVSA_Single/data/4113.jpg,140,140,False,,[],0,0,positive
4114.jpg,/kaggle/input/mvsasingle/MVSA_Single/data/4114.jpg,225,599,True,"Fig. 1
Fig. 2
Fig. 3.
Fig. 4","[{'x': 89, 'y': 187}, {'x': 506, 'y': 187}, {'x': 506, 'y': 200}, {'x': 89, 'y': 200}]",13,417,negative
4115.jpg,/kaggle/input/mvsasingle/MVSA_Single/data/4115.jpg,337,599,True,"PLAYSTATIONS
MONY
1/0","[{'x': 282, 'y': 77}, {'x': 452, 'y': 77}, {'x': 452, 'y': 311}, {'x': 282, 'y': 311}]",234,170,negative
4116.jpg,/kaggle/input/mvsasingle/MVSA_Single/data/4116.jpg,140,105,False,,[],0,0,positive
4117.jpg,/kaggle/input/mvsasingle/MVSA_Single/data/4117.jpg,400,600,True,"民
Touch of
NC","[{'x': 37, 'y': 168}, {'x': 481, 'y': 168}, {'x': 481, 'y': 358}, {'x': 37, 'y': 358}]",190,444,positive
4118.jpg,/kaggle/input/mvsasingle/MVSA_Single/data/4118.jpg,337,599,False,,[],0,0,neutral
4119.jpg,/kaggle/input/mvsasingle/MVSA_Single/data/4119.jpg,333,575,True,Τ,"[{'x': 183, 'y': 127}, {'x': 249, 'y': 127}, {'x': 249, 'y': 183}, {'x': 183, 'y': 183}]",56,66,positive
412.jpg,/kaggle/input/mvsasingle/MVSA_Single/data/412.jpg,738,600,True,"Sweatshop
712","[{'x': 264, 'y': 352}, {'x': 322, 'y': 352}, {'x': 322, 'y': 399}, {'x': 264, 'y': 399}]",47,58,positive
4120.jpg,/kaggle/input/mvsasingle/MVSA_Single/data/4120.jpg,800,600,True,"& PS3
Exclusive Content
PlayStation Network
Only On PlayStation.
ASSASSIN'S
CREED IV
BLACK FLAG
Only on PlayStation®3
60 minutes
of additional gameplay
MATURE 17+
M
CONTENT RATED BY
ESRB
Online interactions
Not Rated by the ESRB
UBISOFT","[{'x': 37, 'y': 139}, {'x': 547, 'y': 139}, {'x': 547, 'y': 731}, {'x': 37, 'y': 731}]",592,510,negative
4121.jpg,/kaggle/input/mvsasingle/MVSA_Single/data/4121.jpg,321,600,True,"???
???","[{'x': 130, 'y': 43}, {'x': 529, 'y': 43}, {'x': 529, 'y': 184}, {'x': 130, 'y': 184}]",141,399,negative
4122.jpg,/kaggle/input/mvsasingle/MVSA_Single/data/4122.jpg,140,140,True,"OLYMPUS PEN LITE
E-PLS","[{'x': 78, 'y': 44}, {'x': 127, 'y': 44}, {'x': 127, 'y': 74}, {'x': 78, 'y': 74}]",30,49,negative
4123.jpg,/kaggle/input/mvsasingle/MVSA_Single/data/4123.jpg,748,368,False,,[],0,0,neutral
4124.jpg,/kaggle/input/mvsasingle/MVSA_Single/data/4124.jpg,98,140,False,,[],0,0,positive
4125.jpg,/kaggle/input/mvsasingle/MVSA_Single/data/4125.jpg,337,599,False,,[],0,0,negative
4126.jpg,/kaggle/input/mvsasingle/MVSA_Single/data/4126.jpg,140,93,True,"A NEW
RIND ON
JOURNEYS
THROUGH
URBAN
BRITAIN
OWEN HATHERLEY","[{'x': 9, 'y': 20}, {'x': 83, 'y': 20}, {'x': 83, 'y': 134}, {'x': 9, 'y': 134}]",114,74,positive
4127.jpg,/kaggle/input/mvsasingle/MVSA_Single/data/4127.jpg,312,598,True,"REA THROUGH
ITVES
BREAKTHROUGH
INITIATIVES
BREAKTHROUGH
INITIATIVES
ROUGH
BREAKTHROUGH
INITIATIVES
BREAKTHRO
INITIATIVES
BREAKTHROUGH
INITIATIVES","[{'x': 0, 'y': 62}, {'x': 595, 'y': 62}, {'x': 595, 'y': 256}, {'x': 0, 'y': 256}]",194,595,neutral
4128.jpg,/kaggle/input/mvsasingle/MVSA_Single/data/4128.jpg,358,537,True,"TORONTO
sadness festival
2015","[{'x': 96, 'y': 112}, {'x': 433, 'y': 112}, {'x': 433, 'y': 275}, {'x': 96, 'y': 275}]",163,337,positive
4129.jpg,/kaggle/input/mvsasingle/MVSA_Single/data/4129.jpg,200,300,False,,[],0,0,neutral
413.jpg,/kaggle/input/mvsasingle/MVSA_Single/data/413.jpg,406,600,False,,[],0,0,neutral
4130.jpg,/kaggle/input/mvsasingle/MVSA_Single/data/4130.jpg,80,80,False,,[],0,0,negative
4131.jpg,/kaggle/input/mvsasingle/MVSA_Single/data/4131.jpg,375,600,True,Think different,"[{'x': 166, 'y': 214}, {'x': 403, 'y': 214}, {'x': 403, 'y': 274}, {'x': 166, 'y': 274}]",60,237,neutral
4132.jpg,/kaggle/input/mvsasingle/MVSA_Single/data/4132.jpg,450,600,False,,[],0,0,negative
4133.jpg,/kaggle/input/mvsasingle/MVSA_Single/data/4133.jpg,321,236,False,,[],0,0,positive
4134.jpg,/kaggle/input/mvsasingle/MVSA_Single/data/4134.jpg,350,480,True,CIOCCUD,"[{'x': 106, 'y': 270}, {'x': 392, 'y': 270}, {'x': 392, 'y': 312}, {'x': 106, 'y': 312}]",42,286,positive
4135.jpg,/kaggle/input/mvsasingle/MVSA_Single/data/4135.jpg,972,570,False,,[],0,0,positive
4136.jpg,/kaggle/input/mvsasingle/MVSA_Single/data/4136.jpg,315,472,True,H,"[{'x': 391, 'y': 56}, {'x': 432, 'y': 56}, {'x': 432, 'y': 95}, {'x': 391, 'y': 95}]",39,41,positive
4137.jpg,/kaggle/input/mvsasingle/MVSA_Single/data/4137.jpg,450,600,True,"COARS
Chao freehito
その","[{'x': 157, 'y': 100}, {'x': 497, 'y': 100}, {'x': 497, 'y': 354}, {'x': 157, 'y': 354}]",254,340,positive
4138.jpg,/kaggle/input/mvsasingle/MVSA_Single/data/4138.jpg,630,420,True,"THE STAR
& Style Magazine
Co","[{'x': 115, 'y': 470}, {'x': 327, 'y': 470}, {'x': 327, 'y': 614}, {'x': 115, 'y': 614}]",144,212,positive
4139.jpg,/kaggle/input/mvsasingle/MVSA_Single/data/4139.jpg,400,245,False,,[],0,0,positive
414.jpg,/kaggle/input/mvsasingle/MVSA_Single/data/414.jpg,800,600,True,"Date
02/13
2015
home
+
Supplies
hailey
K
X)
B
START","[{'x': 18, 'y': 131}, {'x': 551, 'y': 131}, {'x': 551, 'y': 780}, {'x': 18, 'y': 780}]",649,533,positive
4140.jpg,/kaggle/input/mvsasingle/MVSA_Single/data/4140.jpg,69,300,True,-11.,"[{'x': 115, 'y': 25}, {'x': 175, 'y': 25}, {'x': 175, 'y': 48}, {'x': 115, 'y': 48}]",23,60,neutral
4141.jpg,/kaggle/input/mvsasingle/MVSA_Single/data/4141.jpg,300,300,False,,[],0,0,positive
4142.jpg,/kaggle/input/mvsasingle/MVSA_Single/data/4142.jpg,499,600,True,BELL,"[{'x': 46, 'y': 365}, {'x': 76, 'y': 365}, {'x': 76, 'y': 399}, {'x': 46, 'y': 399}]",34,30,positive
4143.jpg,/kaggle/input/mvsasingle/MVSA_Single/data/4143.jpg,462,500,True,"PowerStar
Industrial Batteries, State of the Art Technology
PM7-12L
Pb
Pb
MOTORCYCLE BATTERY
GB/T 19001:2008-ISO 9001:2008","[{'x': 109, 'y': 298}, {'x': 385, 'y': 298}, {'x': 385, 'y': 439}, {'x': 109, 'y': 439}]",141,276,neutral
4144.jpg,/kaggle/input/mvsasingle/MVSA_Single/data/4144.jpg,500,457,False,,[],0,0,neutral
4145.jpg,/kaggle/input/mvsasingle/MVSA_Single/data/4145.jpg,372,500,True,BATTERYJACK,"[{'x': 321, 'y': 270}, {'x': 478, 'y': 270}, {'x': 478, 'y': 284}, {'x': 321, 'y': 284}]",14,157,positive
4146.jpg,/kaggle/input/mvsasingle/MVSA_Single/data/4146.jpg,398,599,True,8-1-,"[{'x': 552, 'y': 78}, {'x': 594, 'y': 78}, {'x': 594, 'y': 93}, {'x': 552, 'y': 93}]",15,42,negative
4147.jpg,/kaggle/input/mvsasingle/MVSA_Single/data/4147.jpg,199,300,False,,[],0,0,positive
4148.jpg,/kaggle/input/mvsasingle/MVSA_Single/data/4148.jpg,300,300,True,"NBC
Mialogical
cosmetit
NBC
B-Gel
B-Gel
Blemished Skin
with Blackheads &
Pigmentation Spots
Pigmentation Spo
RAD
Hypoallergenic
50 ml 1.6 n.or","[{'x': 39, 'y': 54}, {'x': 245, 'y': 54}, {'x': 245, 'y': 265}, {'x': 39, 'y': 265}]",211,206,negative
4149.jpg,/kaggle/input/mvsasingle/MVSA_Single/data/4149.jpg,800,600,False,,[],0,0,negative
415.jpg,/kaggle/input/mvsasingle/MVSA_Single/data/415.jpg,660,600,True,"LOVE IS AN OPEN DOOR
CLOSE IT","[{'x': 64, 'y': 11}, {'x': 544, 'y': 11}, {'x': 544, 'y': 651}, {'x': 64, 'y': 651}]",640,480,positive
4150.jpg,/kaggle/input/mvsasingle/MVSA_Single/data/4150.jpg,225,300,False,,[],0,0,positive
4151.jpg,/kaggle/input/mvsasingle/MVSA_Single/data/4151.jpg,450,600,False,,[],0,0,positive
4152.jpg,/kaggle/input/mvsasingle/MVSA_Single/data/4152.jpg,507,600,True,1111,"[{'x': 104, 'y': 286}, {'x': 123, 'y': 286}, {'x': 123, 'y': 321}, {'x': 104, 'y': 321}]",35,19,positive
4153.jpg,/kaggle/input/mvsasingle/MVSA_Single/data/4153.jpg,450,600,True,"143
50-45-305","[{'x': 103, 'y': 122}, {'x': 211, 'y': 122}, {'x': 211, 'y': 253}, {'x': 103, 'y': 253}]",131,108,negative
4154.jpg,/kaggle/input/mvsasingle/MVSA_Single/data/4154.jpg,433,599,False,,[],0,0,positive
4155.jpg,/kaggle/input/mvsasingle/MVSA_Single/data/4155.jpg,450,600,False,,[],0,0,positive
4156.jpg,/kaggle/input/mvsasingle/MVSA_Single/data/4156.jpg,398,599,False,,[],0,0,negative
4157.jpg,/kaggle/input/mvsasingle/MVSA_Single/data/4157.jpg,450,600,False,,[],0,0,positive
4158.jpg,/kaggle/input/mvsasingle/MVSA_Single/data/4158.jpg,450,600,False,,[],0,0,positive
4159.jpg,/kaggle/input/mvsasingle/MVSA_Single/data/4159.jpg,449,599,False,,[],0,0,positive
416.jpg,/kaggle/input/mvsasingle/MVSA_Single/data/416.jpg,900,600,True,"Who Am I?
How My Daughter Taught Me to
Let Go and Live Again.
Megan
Cyrulewski","[{'x': 32, 'y': 58}, {'x': 544, 'y': 58}, {'x': 544, 'y': 844}, {'x': 32, 'y': 844}]",786,512,positive
4160.jpg,/kaggle/input/mvsasingle/MVSA_Single/data/4160.jpg,440,599,False,,[],0,0,negative
4161.jpg,/kaggle/input/mvsasingle/MVSA_Single/data/4161.jpg,450,600,False,,[],0,0,positive
4162.jpg,/kaggle/input/mvsasingle/MVSA_Single/data/4162.jpg,336,598,True,"AU
Tri-Peeling","[{'x': 313, 'y': 189}, {'x': 356, 'y': 189}, {'x': 356, 'y': 293}, {'x': 313, 'y': 293}]",104,43,neutral
4163.jpg,/kaggle/input/mvsasingle/MVSA_Single/data/4163.jpg,450,600,False,,[],0,0,negative
4164.jpg,/kaggle/input/mvsasingle/MVSA_Single/data/4164.jpg,450,600,False,,[],0,0,positive
4165.jpg,/kaggle/input/mvsasingle/MVSA_Single/data/4165.jpg,436,599,True,"HOME
ABOUT ME
PRIS DISCLAIMER
REVIEWS
TUTORIALS
YOUTURE
MY PALE SKIN
A MAKE UP, BEAUTY & LIFESTYLE BLOG
YOU LOOK DISGUSTING
YOU LOOK DISGUSTING
I CAN'T
EVEN
LOOK AT
HER
0:19/3:11
Over the past few months, I've received thousands of messages from people all over the world who suffer or
have suffered from acne, an insecunty or self confidence issues:
Hi, I'm Em. Welcome to My Pale Skin.
Want to say hi? Em@mypaleskin.com
SOCIAL","[{'x': 47, 'y': 19}, {'x': 550, 'y': 19}, {'x': 550, 'y': 416}, {'x': 47, 'y': 416}]",397,503,negative
4166.jpg,/kaggle/input/mvsasingle/MVSA_Single/data/4166.jpg,450,600,False,,[],0,0,positive
4167.jpg,/kaggle/input/mvsasingle/MVSA_Single/data/4167.jpg,590,600,True,"1996
IN GOD
WE TRUST","[{'x': 329, 'y': 286}, {'x': 577, 'y': 286}, {'x': 577, 'y': 563}, {'x': 329, 'y': 563}]",277,248,neutral
4168.jpg,/kaggle/input/mvsasingle/MVSA_Single/data/4168.jpg,105,140,False,,[],0,0,positive
4169.jpg,/kaggle/input/mvsasingle/MVSA_Single/data/4169.jpg,800,600,True,"№8
Charcoal
Briquets","[{'x': 274, 'y': 66}, {'x': 575, 'y': 66}, {'x': 575, 'y': 173}, {'x': 274, 'y': 173}]",107,301,negative
417.jpg,/kaggle/input/mvsasingle/MVSA_Single/data/417.jpg,600,600,True,"A
PASSPORT
ECONOMY
API OK
KOESE/DAMLAMRS
ETKT 881 2400302255
FRA
CUN
CONDOR
DE 2156 S 10FEB
60445
845
1105 31C
10
NONGMOKER
API OK
M/AMELIEMRS
ETKT 881 2400302254
FRA
CUN
CONDOR
Car
DE 2156 S 10FEB
221
845
NONSMOKER
1105 31A
HAM 80445
anderfalls San
01","[{'x': 55, 'y': 11}, {'x': 599, 'y': 11}, {'x': 599, 'y': 551}, {'x': 55, 'y': 551}]",540,544,positive
4170.jpg,/kaggle/input/mvsasingle/MVSA_Single/data/4170.jpg,322,600,True,"COMP
CROST
CAME","[{'x': 35, 'y': 50}, {'x': 372, 'y': 50}, {'x': 372, 'y': 266}, {'x': 35, 'y': 266}]",216,337,positive
4171.jpg,/kaggle/input/mvsasingle/MVSA_Single/data/4171.jpg,600,600,False,,[],0,0,negative
4172.jpg,/kaggle/input/mvsasingle/MVSA_Single/data/4172.jpg,450,600,True,Kiwidiver.com,"[{'x': 494, 'y': 432}, {'x': 591, 'y': 432}, {'x': 591, 'y': 444}, {'x': 494, 'y': 444}]",12,97,negative
4173.jpg,/kaggle/input/mvsasingle/MVSA_Single/data/4173.jpg,358,600,False,,[],0,0,positive
4174.jpg,/kaggle/input/mvsasingle/MVSA_Single/data/4174.jpg,337,599,True,"ロマン
049007
DOO
。","[{'x': 42, 'y': 8}, {'x': 598, 'y': 8}, {'x': 598, 'y': 91}, {'x': 42, 'y': 91}]",83,556,negative
4175.jpg,/kaggle/input/mvsasingle/MVSA_Single/data/4175.jpg,438,600,False,,[],0,0,neutral
4176.jpg,/kaggle/input/mvsasingle/MVSA_Single/data/4176.jpg,734,600,True,"Side-Blotched Lizard
The side-blotched lizard has three different male types who all use different tactics:
The orange throated, blue throated, and yellow throated.
The orange throated is pumped with testosterone and his main focus is to have a huge
territory and as many females as possible. Though he will protect the females, he doesn't form
strong or long lasting bonds with any of them. He can beat the blue throated male to get his
territory.
The blue throated male is smaller, has less testosterone in him, and only has a territory big
enough for one female whom he forms a strong bond with. Like the orange throated male he
will protect her and try to fight off attackers until she's safe.
Lastly there's the yellow throated male who's colors closely resembles the females' and has no
territory of his own. He lives in the outskirts of the orange throated male's territory where he
sneak-breeds with the females. Because the orange throated male doesn't spend much time
with the females they only hang around for territory and have no problem mating with another
male. The female who has bonded with a blue throated male however doesn't want to be
unfaithful to him and will turn the yellow throated down.
So it is like a game of rock-paper-scissors: Orange beats blue, blue beats yellow, and yellow
beats orange.","[{'x': 17, 'y': 16}, {'x': 574, 'y': 16}, {'x': 574, 'y': 730}, {'x': 17, 'y': 730}]",714,557,negative
4177.jpg,/kaggle/input/mvsasingle/MVSA_Single/data/4177.jpg,800,600,True,мла,"[{'x': 131, 'y': 85}, {'x': 274, 'y': 85}, {'x': 274, 'y': 193}, {'x': 131, 'y': 193}]",108,143,neutral
4178.jpg,/kaggle/input/mvsasingle/MVSA_Single/data/4178.jpg,176,236,False,,[],0,0,positive
4179.jpg,/kaggle/input/mvsasingle/MVSA_Single/data/4179.jpg,500,500,True,G,"[{'x': 86, 'y': 444}, {'x': 145, 'y': 444}, {'x': 145, 'y': 497}, {'x': 86, 'y': 497}]",53,59,positive
418.jpg,/kaggle/input/mvsasingle/MVSA_Single/data/418.jpg,722,482,True,"KN
Ox","[{'x': 434, 'y': 673}, {'x': 469, 'y': 673}, {'x': 469, 'y': 707}, {'x': 434, 'y': 707}]",34,35,positive
4180.jpg,/kaggle/input/mvsasingle/MVSA_Single/data/4180.jpg,190,599,False,,[],0,0,positive
4181.jpg,/kaggle/input/mvsasingle/MVSA_Single/data/4181.jpg,400,600,True,"ORONTO 2015
COSTA","[{'x': 145, 'y': 231}, {'x': 209, 'y': 231}, {'x': 209, 'y': 296}, {'x': 145, 'y': 296}]",65,64,negative
4182.jpg,/kaggle/input/mvsasingle/MVSA_Single/data/4182.jpg,450,600,False,,[],0,0,neutral
4183.jpg,/kaggle/input/mvsasingle/MVSA_Single/data/4183.jpg,396,600,True,"Por
Carlos
Rodríguez","[{'x': 374, 'y': 108}, {'x': 582, 'y': 108}, {'x': 582, 'y': 229}, {'x': 374, 'y': 229}]",121,208,negative
4184.jpg,/kaggle/input/mvsasingle/MVSA_Single/data/4184.jpg,337,600,False,,[],0,0,positive
4185.jpg,/kaggle/input/mvsasingle/MVSA_Single/data/4185.jpg,607,600,True,JEKUFE,"[{'x': 106, 'y': 398}, {'x': 141, 'y': 398}, {'x': 141, 'y': 410}, {'x': 106, 'y': 410}]",12,35,positive
4186.jpg,/kaggle/input/mvsasingle/MVSA_Single/data/4186.jpg,635,600,True,"Chart 2: Cumulative flows ($bn) by client type,
January 2008-present
Net buys of US equities ($bn)
20
0
-20
-40
-60
-80
-100
-120
-140
-160
-180
Dec/07
Dec/08
Dec/09
Dec/10
Dec/11
Dec/12
Dec/13
Dec/14
Institutional
Hedge Funds
Private Client
Source: BofA Merrill Lynch Global Research","[{'x': 26, 'y': 16}, {'x': 559, 'y': 16}, {'x': 559, 'y': 619}, {'x': 26, 'y': 619}]",603,533,positive
4187.jpg,/kaggle/input/mvsasingle/MVSA_Single/data/4187.jpg,398,600,True,"Sunderland
PERIENCE IT HERE","[{'x': 204, 'y': 35}, {'x': 445, 'y': 35}, {'x': 445, 'y': 108}, {'x': 204, 'y': 108}]",73,241,positive
4188.jpg,/kaggle/input/mvsasingle/MVSA_Single/data/4188.jpg,399,600,True,"pepsi
h
NUNT
peps
pepsi","[{'x': 103, 'y': 204}, {'x': 382, 'y': 204}, {'x': 382, 'y': 293}, {'x': 103, 'y': 293}]",89,279,neutral
4189.jpg,/kaggle/input/mvsasingle/MVSA_Single/data/4189.jpg,480,600,True,UWD,"[{'x': 293, 'y': 344}, {'x': 323, 'y': 344}, {'x': 323, 'y': 356}, {'x': 293, 'y': 356}]",12,30,positive
419.jpg,/kaggle/input/mvsasingle/MVSA_Single/data/419.jpg,600,600,False,,[],0,0,positive
4190.jpg,/kaggle/input/mvsasingle/MVSA_Single/data/4190.jpg,270,600,False,,[],0,0,positive
4191.jpg,/kaggle/input/mvsasingle/MVSA_Single/data/4191.jpg,257,598,True,sage,"[{'x': 0, 'y': 19}, {'x': 588, 'y': 19}, {'x': 588, 'y': 228}, {'x': 0, 'y': 228}]",209,588,neutral
4192.jpg,/kaggle/input/mvsasingle/MVSA_Single/data/4192.jpg,90,90,True,£ $,"[{'x': 9, 'y': 26}, {'x': 78, 'y': 26}, {'x': 78, 'y': 63}, {'x': 9, 'y': 63}]",37,69,negative
4193.jpg,/kaggle/input/mvsasingle/MVSA_Single/data/4193.jpg,194,296,True,"ACE SCR E28 EKT EXP
20
חכי","[{'x': 47, 'y': 6}, {'x': 288, 'y': 6}, {'x': 288, 'y': 193}, {'x': 47, 'y': 193}]",187,241,neutral
4194.jpg,/kaggle/input/mvsasingle/MVSA_Single/data/4194.jpg,232,599,True,"Identificação de
registrado em nome de
o telefone da secretária
está
o endereço da Joaquim Antunes, possui telefone
registrado em nome de
Sem titulo-Bloco de notas
Arquivo Editar Formator Exibir Ajuda
Identificação de Jose Serra (JS) o telefone da secretária (11) 3087.1450 está
registrado em nome de Jose Serra, o endereço da Joaquim Antunes, possui telefone
(11) 2157.2104 registrado em nome de Jose Serra.
ㄨˋ","[{'x': 36, 'y': 52}, {'x': 569, 'y': 52}, {'x': 569, 'y': 164}, {'x': 36, 'y': 164}]",112,533,negative
4195.jpg,/kaggle/input/mvsasingle/MVSA_Single/data/4195.jpg,600,600,True,"Attacks Against Muslims Surged
After the Chapel Hill Shootings
#Chapel Hill
Shooting
The murders of three Muslims in Chapel Hill NEWS
in February 2015 received national news
coverage. But many other attacks on
American Muslims have occurred in recent
months, with little to no media attention.
Murders 7
2 before
Chapel Hill,
7 since
2
2 4
Physical
Attacks
2 before
Chapel Hill;
4 since
2
8 Threats to
Mosques
2 before
Chapel Hill;
8 since
One Muslim
was killed in
Alberta, Canada.
Mosque
Vandalism 6
1 before
Chapel Hill;
6 since
Other Vandalism &
Attacks Against
Muslims' Property 9
2 before
Chapel Hill;
9 since
The Bridge Initiative
bridge.georgetown.edu
1
2","[{'x': 12, 'y': 12}, {'x': 575, 'y': 12}, {'x': 575, 'y': 595}, {'x': 12, 'y': 595}]",583,563,neutral
4196.jpg,/kaggle/input/mvsasingle/MVSA_Single/data/4196.jpg,600,600,True,"www.facebook.com/Jammu and Kashmir Youth CongressOfficial
www.twitter.com/JandK_PYC","[{'x': 2, 'y': 583}, {'x': 599, 'y': 583}, {'x': 599, 'y': 594}, {'x': 2, 'y': 594}]",11,597,negative
4197.jpg,/kaggle/input/mvsasingle/MVSA_Single/data/4197.jpg,400,600,False,,[],0,0,negative
4198.jpg,/kaggle/input/mvsasingle/MVSA_Single/data/4198.jpg,448,600,False,,[],0,0,positive
4199.jpg,/kaggle/input/mvsasingle/MVSA_Single/data/4199.jpg,600,600,True,"Hard Core
29 min, 257 cals
257 calories burned
102 Russian Twists
148 Sessions completed.","[{'x': 113, 'y': 206}, {'x': 496, 'y': 206}, {'x': 496, 'y': 497}, {'x': 113, 'y': 497}]",291,383,positive
42.jpg,/kaggle/input/mvsasingle/MVSA_Single/data/42.jpg,623,600,True,"She's a baby, she needs to
go to bed at 7 o'clock,
and fucking relax.
nah that's ridiculous.
he should be ashamed of himself.
that's how I feel, for sure.
SUU
he has a beautiful woman and
a baby, and left that for
a 16 year old that just turned 17.
fuck that, i'm not with it.","[{'x': 19, 'y': 242}, {'x': 591, 'y': 242}, {'x': 591, 'y': 610}, {'x': 19, 'y': 610}]",368,572,positive
420.jpg,/kaggle/input/mvsasingle/MVSA_Single/data/420.jpg,800,600,True,"Starring Jim Henson's Muppets
A Fraggle Rock Book
Marooned
in Fraggle Rock
tures by Barbara McClintock
By David Young","[{'x': 1, 'y': 7}, {'x': 599, 'y': 7}, {'x': 599, 'y': 728}, {'x': 1, 'y': 728}]",721,598,neutral
4200.jpg,/kaggle/input/mvsasingle/MVSA_Single/data/4200.jpg,640,480,False,,[],0,0,neutral
4201.jpg,/kaggle/input/mvsasingle/MVSA_Single/data/4201.jpg,399,600,False,,[],0,0,negative
4202.jpg,/kaggle/input/mvsasingle/MVSA_Single/data/4202.jpg,242,358,False,,[],0,0,neutral
4203.jpg,/kaggle/input/mvsasingle/MVSA_Single/data/4203.jpg,653,600,True,"www.facebook.com/Jammuand KashmirYouth CongressOfficial
www.twitter.com/JandK_PYC","[{'x': 5, 'y': 637}, {'x': 596, 'y': 637}, {'x': 596, 'y': 649}, {'x': 5, 'y': 649}]",12,591,negative
4204.jpg,/kaggle/input/mvsasingle/MVSA_Single/data/4204.jpg,399,600,True,"1059
STBAL","[{'x': 261, 'y': 102}, {'x': 470, 'y': 102}, {'x': 470, 'y': 166}, {'x': 261, 'y': 166}]",64,209,neutral
4205.jpg,/kaggle/input/mvsasingle/MVSA_Single/data/4205.jpg,450,600,False,,[],0,0,negative
4206.jpg,/kaggle/input/mvsasingle/MVSA_Single/data/4206.jpg,450,600,True,"Mt. ZION
A.M.E. CHURCH","[{'x': 16, 'y': 255}, {'x': 95, 'y': 255}, {'x': 95, 'y': 271}, {'x': 16, 'y': 271}]",16,79,negative
4207.jpg,/kaggle/input/mvsasingle/MVSA_Single/data/4207.jpg,700,466,True,"Search
Harry's poem
by Felicity May Skinner on Tuesday, September 15, 2009 at 6:23pm
+ Write a Note
even though you cost me money, ill stick to you like honey, cause i love you more, than anyone could
adore. You may think im a steeze, due to the lines of cheese. but i cant imagine my life right now
without you, so there is just one little thing for me you can do...be mine and no one elses fliss, cause i
cant share this awesome bliss.
you make me feel like no other, sometimes i woonder why you bother. but i like the fact you do, just to
let me love you. :)
being with you is like nothing i can explain
seeing you is like nothing i can explain
talking to you is like nothing i can explain
Listening to you is like nothing i can explain
missing you is like nothing i can explain
wanting you is like nothing i can explain
needing you is like nothing i can explain
loving you is like nothing i can explain
.......did that explain everything :)
台
69","[{'x': 0, 'y': 8}, {'x': 449, 'y': 8}, {'x': 449, 'y': 696}, {'x': 0, 'y': 696}]",688,449,negative
4208.jpg,/kaggle/input/mvsasingle/MVSA_Single/data/4208.jpg,1024,575,False,,[],0,0,positive
4209.jpg,/kaggle/input/mvsasingle/MVSA_Single/data/4209.jpg,714,500,False,,[],0,0,negative
421.jpg,/kaggle/input/mvsasingle/MVSA_Single/data/421.jpg,315,504,True,"If you want to achieve
GREATNESS
Stop asking for permission
carrienet
LICENSED ONLINE THERAPY
www.carrienet.com","[{'x': 115, 'y': 11}, {'x': 407, 'y': 11}, {'x': 407, 'y': 306}, {'x': 115, 'y': 306}]",295,292,negative
4210.jpg,/kaggle/input/mvsasingle/MVSA_Single/data/4210.jpg,600,600,True,NAPHIL HD,"[{'x': 2, 'y': 434}, {'x': 360, 'y': 434}, {'x': 360, 'y': 487}, {'x': 2, 'y': 487}]",53,358,negative
4211.jpg,/kaggle/input/mvsasingle/MVSA_Single/data/4211.jpg,337,599,False,,[],0,0,positive
4212.jpg,/kaggle/input/mvsasingle/MVSA_Single/data/4212.jpg,519,500,True,"955WP
95.5WPC
I saw Harry in LA about 3 months ago,
And he had a day off...
95.5WPC
No one knows about this
No one's written about it
louweaveltu
95.5WPC
But he went out on his day off and spent
about 2 or 3 grand on Dominos pizza...
And just spent the day giving it
to homeless people","[{'x': 2, 'y': 29}, {'x': 499, 'y': 29}, {'x': 499, 'y': 518}, {'x': 2, 'y': 518}]",489,497,negative
4213.jpg,/kaggle/input/mvsasingle/MVSA_Single/data/4213.jpg,228,600,False,,[],0,0,positive
4214.jpg,/kaggle/input/mvsasingle/MVSA_Single/data/4214.jpg,415,600,False,,[],0,0,positive
4215.jpg,/kaggle/input/mvsasingle/MVSA_Single/data/4215.jpg,516,483,True,"[breaks through the barrier to comfort
a fan during a panic attack]
[reading à ""Just been dumped"" sign]
Oh, he doesn't like us. You don't want a
boyfriend-ilke that anyway, Pick someone
who's supportive!
[helps a fan who falls
ook
You know what? Just do you.
You're the only source of positivity in my
fo What's wrong? What's wrong with
everything else? You good?
Can you wait? [while he meets fans)
If everyone is like, organized, can d
everyone.
[to a fan who dressed up on him for
Halloween] How was it? Fun? Did you get
lots of sweets? How many sweets did you
get? This many or this many?","[{'x': 7, 'y': 81}, {'x': 482, 'y': 81}, {'x': 482, 'y': 512}, {'x': 7, 'y': 512}]",431,475,neutral
4216.jpg,/kaggle/input/mvsasingle/MVSA_Single/data/4216.jpg,530,500,False,,[],0,0,positive
4217.jpg,/kaggle/input/mvsasingle/MVSA_Single/data/4217.jpg,480,587,False,,[],0,0,neutral
4218.jpg,/kaggle/input/mvsasingle/MVSA_Single/data/4218.jpg,399,599,True,"The
am","[{'x': 338, 'y': 101}, {'x': 506, 'y': 101}, {'x': 506, 'y': 237}, {'x': 338, 'y': 237}]",136,168,negative
4219.jpg,/kaggle/input/mvsasingle/MVSA_Single/data/4219.jpg,960,600,True,"(B
هدايا العيد للكبار ايفون 6
25","[{'x': 102, 'y': 24}, {'x': 579, 'y': 24}, {'x': 579, 'y': 634}, {'x': 102, 'y': 634}]",610,477,positive
422.jpg,/kaggle/input/mvsasingle/MVSA_Single/data/422.jpg,187,250,True,"LONDON
COUNTY
COUNC
OSCAR
WILDE
1854-1900
wit and
dramatist
lived here","[{'x': 87, 'y': 33}, {'x': 170, 'y': 33}, {'x': 170, 'y': 134}, {'x': 87, 'y': 134}]",101,83,positive
4220.jpg,/kaggle/input/mvsasingle/MVSA_Single/data/4220.jpg,450,600,False,,[],0,0,positive
4221.jpg,/kaggle/input/mvsasingle/MVSA_Single/data/4221.jpg,600,600,True,"はぁと感激☆
刺さってんじゃ
大
ねーかよ☆
覚えとけよ☆
来年の倍返し
かんな
ぐれー
ゴオオオ
HAPPY BIRTHDAY","[{'x': 73, 'y': 53}, {'x': 525, 'y': 53}, {'x': 525, 'y': 570}, {'x': 73, 'y': 570}]",517,452,positive
4222.jpg,/kaggle/input/mvsasingle/MVSA_Single/data/4222.jpg,600,600,True,"AT? WHAT? WHAT? W
WHAT?!
AT? WHAT? WHAT? W
Cano
WHAT?!
Gallery
k.
احس اني سكسي اذا سويت كذا","[{'x': 0, 'y': 17}, {'x': 586, 'y': 17}, {'x': 586, 'y': 582}, {'x': 0, 'y': 582}]",565,586,negative
4223.jpg,/kaggle/input/mvsasingle/MVSA_Single/data/4223.jpg,337,599,False,,[],0,0,neutral
4224.jpg,/kaggle/input/mvsasingle/MVSA_Single/data/4224.jpg,600,600,True,"مهند Muhannad
@M_Og
المشهد الأكثر ألما في تاريخ السينما السعودية .
@M_Og
٢٠١٥/٦/٢٠ ٩:١٦ م
Cute
Made With CUT For iPhone","[{'x': 11, 'y': 21}, {'x': 582, 'y': 21}, {'x': 582, 'y': 580}, {'x': 11, 'y': 580}]",559,571,positive
4225.jpg,/kaggle/input/mvsasingle/MVSA_Single/data/4225.jpg,523,600,False,,[],0,0,negative
4226.jpg,/kaggle/input/mvsasingle/MVSA_Single/data/4226.jpg,400,599,True,"6:53/12/22
又代-3 第28話[公式]part2","[{'x': 21, 'y': 345}, {'x': 280, 'y': 345}, {'x': 280, 'y': 396}, {'x': 21, 'y': 396}]",51,259,positive
4227.jpg,/kaggle/input/mvsasingle/MVSA_Single/data/4227.jpg,429,600,True,"剣の誓
darum, arslan a","[{'x': 89, 'y': 359}, {'x': 216, 'y': 359}, {'x': 216, 'y': 416}, {'x': 89, 'y': 416}]",57,127,positive
4228.jpg,/kaggle/input/mvsasingle/MVSA_Single/data/4228.jpg,480,600,True,"UU
OE.O/ST.A. Game BNEI","[{'x': 157, 'y': 434}, {'x': 575, 'y': 434}, {'x': 575, 'y': 466}, {'x': 157, 'y': 466}]",32,418,positive
4229.jpg,/kaggle/input/mvsasingle/MVSA_Single/data/4229.jpg,800,600,True,"FLEMING
ON 191","[{'x': 202, 'y': 565}, {'x': 436, 'y': 565}, {'x': 436, 'y': 799}, {'x': 202, 'y': 799}]",234,234,negative
423.jpg,/kaggle/input/mvsasingle/MVSA_Single/data/423.jpg,712,599,True,Spirit,"[{'x': 188, 'y': 185}, {'x': 205, 'y': 185}, {'x': 205, 'y': 190}, {'x': 188, 'y': 190}]",5,17,positive
4230.jpg,/kaggle/input/mvsasingle/MVSA_Single/data/4230.jpg,300,450,True,"Somerset
PERRY S
DRAUGHT
CIDER","[{'x': 149, 'y': 21}, {'x': 265, 'y': 21}, {'x': 265, 'y': 137}, {'x': 149, 'y': 137}]",116,116,neutral
4231.jpg,/kaggle/input/mvsasingle/MVSA_Single/data/4231.jpg,280,598,True,"'dzira:pa:
อ่านโดย 6 ไม่มีปากกาดำอ่ะ
22:04
มีไรบ้างชีวิตมึงอ่ะ
22:05
อ่านโดย 6
ade
มมมมมมม
22:06","[{'x': 87, 'y': 20}, {'x': 559, 'y': 20}, {'x': 559, 'y': 255}, {'x': 87, 'y': 255}]",235,472,positive
4232.jpg,/kaggle/input/mvsasingle/MVSA_Single/data/4232.jpg,394,599,True,"44550
Ma","[{'x': 6, 'y': 18}, {'x': 595, 'y': 18}, {'x': 595, 'y': 86}, {'x': 6, 'y': 86}]",68,589,positive
4233.jpg,/kaggle/input/mvsasingle/MVSA_Single/data/4233.jpg,428,599,True,"Jelly
Bears
D.V.","[{'x': 6, 'y': 7}, {'x': 39, 'y': 7}, {'x': 39, 'y': 49}, {'x': 6, 'y': 49}]",42,33,positive
4234.jpg,/kaggle/input/mvsasingle/MVSA_Single/data/4234.jpg,583,599,True,irls,"[{'x': 298, 'y': 183}, {'x': 352, 'y': 183}, {'x': 352, 'y': 260}, {'x': 298, 'y': 260}]",77,54,negative
4235.jpg,/kaggle/input/mvsasingle/MVSA_Single/data/4235.jpg,799,600,False,,[],0,0,positive
4236.jpg,/kaggle/input/mvsasingle/MVSA_Single/data/4236.jpg,800,600,False,,[],0,0,negative
4237.jpg,/kaggle/input/mvsasingle/MVSA_Single/data/4237.jpg,450,600,True,"Elle
and the
reflective
portals
Burton
Peggy M. McAloon
Anneka Rogers
Children this young don't know what to do if someone
they trust hurts them. The best way to teach a child is
through storytelling.
http://amzn.to/1CaXGga","[{'x': 30, 'y': 46}, {'x': 556, 'y': 46}, {'x': 556, 'y': 436}, {'x': 30, 'y': 436}]",390,526,negative
4238.jpg,/kaggle/input/mvsasingle/MVSA_Single/data/4238.jpg,221,300,True,"""Please, don't hurt me anymore.""","[{'x': 17, 'y': 19}, {'x': 281, 'y': 19}, {'x': 281, 'y': 36}, {'x': 17, 'y': 36}]",17,264,neutral
4239.jpg,/kaggle/input/mvsasingle/MVSA_Single/data/4239.jpg,862,599,False,,[],0,0,positive
424.jpg,/kaggle/input/mvsasingle/MVSA_Single/data/424.jpg,140,117,False,,[],0,0,positive
4240.jpg,/kaggle/input/mvsasingle/MVSA_Single/data/4240.jpg,848,600,True,"RÖAR
Conference
RÖAR
Why kindness, compassion and respect matter in maternity care
BEHIND
WAAR ALON BASTAA KEL
BATES BEAN BEAUMONT, DANA BONGER THERA S
ROCK CAVER
SILENCE
£10 discount!
Coupon code: stude10
Expires: 31/07/2015
10% off for bookings
of 10 or more.
Sheena Byrom
Hearing the roar: what is going on in maternity care?
Soo Downe
Turning the silence into a roar
Plus workshops from over 8 of the books authors
Registration Date
22nd May (8 AM)-31st August (9 PM)
9AM-4:15PM at Etc. Venues Maple House
150 Corporation Street, Birmingham B4 6TB (UK)
12th September 2015
www.roarconference.co.uk","[{'x': 12, 'y': 18}, {'x': 585, 'y': 18}, {'x': 585, 'y': 837}, {'x': 12, 'y': 837}]",819,573,positive
4241.jpg,/kaggle/input/mvsasingle/MVSA_Single/data/4241.jpg,900,600,True,"Freedom
is never more than
one generation away
from extinction.
We didn't pass it to
our children in the
bloodstream.
It must be fought for, protected, and
handed down for them to do the same,
or one day we will spend our sunset
years telling our children and our
children's children what it was once
like in the United States where men
were free.
--Ronald Wilson Reagan","[{'x': 10, 'y': 178}, {'x': 596, 'y': 178}, {'x': 596, 'y': 745}, {'x': 10, 'y': 745}]",567,586,positive
4242.jpg,/kaggle/input/mvsasingle/MVSA_Single/data/4242.jpg,195,258,False,,[],0,0,positive
4243.jpg,/kaggle/input/mvsasingle/MVSA_Single/data/4243.jpg,804,600,True,"Loved
you once,
Love
you Still,
Always have,
Always will","[{'x': 197, 'y': 146}, {'x': 469, 'y': 146}, {'x': 469, 'y': 449}, {'x': 197, 'y': 449}]",303,272,neutral
4244.jpg,/kaggle/input/mvsasingle/MVSA_Single/data/4244.jpg,300,600,True,"'Projectile poo'
@vitaswords
#AccepttheUnexpected","[{'x': 227, 'y': 132}, {'x': 455, 'y': 132}, {'x': 455, 'y': 273}, {'x': 227, 'y': 273}]",141,228,positive
4245.jpg,/kaggle/input/mvsasingle/MVSA_Single/data/4245.jpg,746,600,True,"CHCO
NEW REALITY SHOW
It's kinda like
The Simple Life meets Dangerous Catch
And who doesn't like crab fishing?
motifake.com","[{'x': 9, 'y': 322}, {'x': 595, 'y': 322}, {'x': 595, 'y': 743}, {'x': 9, 'y': 743}]",421,586,positive
4246.jpg,/kaggle/input/mvsasingle/MVSA_Single/data/4246.jpg,310,598,True,"FOOD
WINE","[{'x': 562, 'y': 2}, {'x': 585, 'y': 2}, {'x': 585, 'y': 23}, {'x': 562, 'y': 23}]",21,23,positive
4247.jpg,/kaggle/input/mvsasingle/MVSA_Single/data/4247.jpg,72,360,True,Download the Paper,"[{'x': 27, 'y': 20}, {'x': 260, 'y': 20}, {'x': 260, 'y': 53}, {'x': 27, 'y': 53}]",33,233,positive
4248.jpg,/kaggle/input/mvsasingle/MVSA_Single/data/4248.jpg,400,600,False,,[],0,0,neutral
4249.jpg,/kaggle/input/mvsasingle/MVSA_Single/data/4249.jpg,450,600,True,"SADDE
RAD","[{'x': 163, 'y': 219}, {'x': 201, 'y': 219}, {'x': 201, 'y': 248}, {'x': 163, 'y': 248}]",29,38,positive
425.jpg,/kaggle/input/mvsasingle/MVSA_Single/data/425.jpg,375,600,False,,[],0,0,positive
4250.jpg,/kaggle/input/mvsasingle/MVSA_Single/data/4250.jpg,798,599,True,"RUPER
O
SALT
ROCK
2
M","[{'x': 203, 'y': 288}, {'x': 402, 'y': 288}, {'x': 402, 'y': 563}, {'x': 203, 'y': 563}]",275,199,neutral
4251.jpg,/kaggle/input/mvsasingle/MVSA_Single/data/4251.jpg,295,599,True,"NETANYAHU
NUT AND YAHOO","[{'x': 57, 'y': 248}, {'x': 505, 'y': 248}, {'x': 505, 'y': 266}, {'x': 57, 'y': 266}]",18,448,positive
4252.jpg,/kaggle/input/mvsasingle/MVSA_Single/data/4252.jpg,260,599,True,"INDIEGOGO
T351","[{'x': 14, 'y': 51}, {'x': 463, 'y': 51}, {'x': 463, 'y': 123}, {'x': 14, 'y': 123}]",72,449,positive
4253.jpg,/kaggle/input/mvsasingle/MVSA_Single/data/4253.jpg,398,400,False,,[],0,0,neutral
4254.jpg,/kaggle/input/mvsasingle/MVSA_Single/data/4254.jpg,800,600,True,Beck,"[{'x': 32, 'y': 343}, {'x': 61, 'y': 343}, {'x': 61, 'y': 357}, {'x': 32, 'y': 357}]",14,29,positive
4255.jpg,/kaggle/input/mvsasingle/MVSA_Single/data/4255.jpg,800,600,True,FURminator®,"[{'x': 189, 'y': 428}, {'x': 456, 'y': 428}, {'x': 456, 'y': 490}, {'x': 189, 'y': 490}]",62,267,positive
4256.jpg,/kaggle/input/mvsasingle/MVSA_Single/data/4256.jpg,938,599,True,"LDE
GC
A
UST
AREDE","[{'x': 23, 'y': 20}, {'x': 598, 'y': 20}, {'x': 598, 'y': 901}, {'x': 23, 'y': 901}]",881,575,neutral
4257.jpg,/kaggle/input/mvsasingle/MVSA_Single/data/4257.jpg,337,599,True,THE,"[{'x': 575, 'y': 105}, {'x': 598, 'y': 105}, {'x': 598, 'y': 126}, {'x': 575, 'y': 126}]",21,23,positive
4258.jpg,/kaggle/input/mvsasingle/MVSA_Single/data/4258.jpg,340,256,True,CrazNight.,"[{'x': 70, 'y': 127}, {'x': 181, 'y': 127}, {'x': 181, 'y': 170}, {'x': 70, 'y': 170}]",43,111,positive
4259.jpg,/kaggle/input/mvsasingle/MVSA_Single/data/4259.jpg,602,599,False,,[],0,0,positive
426.jpg,/kaggle/input/mvsasingle/MVSA_Single/data/426.jpg,600,600,False,,[],0,0,positive
4260.jpg,/kaggle/input/mvsasingle/MVSA_Single/data/4260.jpg,423,600,True,"SAVING
PENANIE
E","[{'x': 169, 'y': 130}, {'x': 443, 'y': 130}, {'x': 443, 'y': 415}, {'x': 169, 'y': 415}]",285,274,positive
4261.jpg,/kaggle/input/mvsasingle/MVSA_Single/data/4261.jpg,600,600,True,"Beautiful
Comical
Too Masculine
Ghetto
Chic
W-TO: TWISTED
NI BUNS INSPIRED
MARC JACOBS
15 SHOW
High Fashion Unprofessional
Earthy
you
da
Sideshow Freak Sex Symbol Ape-like
Exotic","[{'x': 10, 'y': 160}, {'x': 559, 'y': 160}, {'x': 559, 'y': 580}, {'x': 10, 'y': 580}]",420,549,positive
4262.jpg,/kaggle/input/mvsasingle/MVSA_Single/data/4262.jpg,337,599,False,,[],0,0,neutral
4263.jpg,/kaggle/input/mvsasingle/MVSA_Single/data/4263.jpg,824,599,True,"CRAZY HITMAN pre.
-Peace Please EP TOUR- FINAL
2015/7/25(sat)
at Shimokitazawa BASEMENT BAR
act:
CRAZY HITMAN
SKALAPPER
SPLASH
THE TRUST BLAST
コンバルカン
OPEN 17:30-START 18:00/adv.¥2,300 door.¥2,500
CRAZY
PEACE PLEASE EP-F)
CBR-68/1.300
2015 5 6
01.Here in heaven
02.Step by step
(B)
RELEASE
04.World wide peace(EP ver)
05.Loop dub
CROZS ESTION
03.Hate hangover","[{'x': 16, 'y': 17}, {'x': 572, 'y': 17}, {'x': 572, 'y': 793}, {'x': 16, 'y': 793}]",776,556,positive
4264.jpg,/kaggle/input/mvsasingle/MVSA_Single/data/4264.jpg,320,240,False,,[],0,0,positive
4265.jpg,/kaggle/input/mvsasingle/MVSA_Single/data/4265.jpg,547,599,True,"LION
7
THIS PERSON
thinks animals shouldn't
suffer in laboratories.
Cand they agree!)","[{'x': 17, 'y': 12}, {'x': 590, 'y': 12}, {'x': 590, 'y': 536}, {'x': 17, 'y': 536}]",524,573,neutral
4266.jpg,/kaggle/input/mvsasingle/MVSA_Single/data/4266.jpg,844,500,False,,[],0,0,negative
4267.jpg,/kaggle/input/mvsasingle/MVSA_Single/data/4267.jpg,271,598,False,,[],0,0,neutral
4268.jpg,/kaggle/input/mvsasingle/MVSA_Single/data/4268.jpg,428,520,True,"66
When love is lost, do not
bow your head in sadness;
instead keep your head
up high and gaze into heaven
for that is where your broken
heart has been sent to
heal
وو","[{'x': 63, 'y': 70}, {'x': 459, 'y': 70}, {'x': 459, 'y': 374}, {'x': 63, 'y': 374}]",304,396,positive
4269.jpg,/kaggle/input/mvsasingle/MVSA_Single/data/4269.jpg,337,600,True,"Over 100,000 people in South Sudan have
been displaced by conflict since May 2015.","[{'x': 53, 'y': 263}, {'x': 546, 'y': 263}, {'x': 546, 'y': 323}, {'x': 53, 'y': 323}]",60,493,positive
427.jpg,/kaggle/input/mvsasingle/MVSA_Single/data/427.jpg,191,598,True,"Phone
HAPPY TO HELP
Live Chat
Call Us Now
X
Email
24,7","[{'x': 345, 'y': 20}, {'x': 581, 'y': 20}, {'x': 581, 'y': 164}, {'x': 345, 'y': 164}]",144,236,neutral
4270.jpg,/kaggle/input/mvsasingle/MVSA_Single/data/4270.jpg,337,599,False,,[],0,0,neutral
4271.jpg,/kaggle/input/mvsasingle/MVSA_Single/data/4271.jpg,399,600,False,,[],0,0,positive
4272.jpg,/kaggle/input/mvsasingle/MVSA_Single/data/4272.jpg,800,600,False,,[],0,0,neutral
4273.jpg,/kaggle/input/mvsasingle/MVSA_Single/data/4273.jpg,1024,576,True,"France
Referee Jochem Van Vosselen-Parc des Princes-Friendly
TEAM MANAGEMENT
Default
Formation
Resume Select
10 9000
1
Spain
TODAY RESUME
MATCH
MATCH FACTS
SETTINGS
Shots on Target
RESTART WITH
DIFFERENT TEAMS","[{'x': 50, 'y': 303}, {'x': 495, 'y': 303}, {'x': 495, 'y': 564}, {'x': 50, 'y': 564}]",261,445,positive
4274.jpg,/kaggle/input/mvsasingle/MVSA_Single/data/4274.jpg,383,600,False,,[],0,0,negative
4275.jpg,/kaggle/input/mvsasingle/MVSA_Single/data/4275.jpg,476,599,True,"Daisy
BY: COOKIEDOC
Kim Jongin
Do Kyungsoo","[{'x': 73, 'y': 255}, {'x': 581, 'y': 255}, {'x': 581, 'y': 414}, {'x': 73, 'y': 414}]",159,508,positive
4276.jpg,/kaggle/input/mvsasingle/MVSA_Single/data/4276.jpg,140,92,False,,[],0,0,positive
4277.jpg,/kaggle/input/mvsasingle/MVSA_Single/data/4277.jpg,300,600,False,,[],0,0,positive
4278.jpg,/kaggle/input/mvsasingle/MVSA_Single/data/4278.jpg,140,140,False,,[],0,0,positive
4279.jpg,/kaggle/input/mvsasingle/MVSA_Single/data/4279.jpg,320,568,False,,[],0,0,positive
428.jpg,/kaggle/input/mvsasingle/MVSA_Single/data/428.jpg,506,600,False,,[],0,0,positive
4280.jpg,/kaggle/input/mvsasingle/MVSA_Single/data/4280.jpg,450,600,True,ORBIS,"[{'x': 408, 'y': 160}, {'x': 429, 'y': 160}, {'x': 429, 'y': 173}, {'x': 408, 'y': 173}]",13,21,positive
4281.jpg,/kaggle/input/mvsasingle/MVSA_Single/data/4281.jpg,140,91,True,Gaji's,"[{'x': 22, 'y': 16}, {'x': 65, 'y': 16}, {'x': 65, 'y': 27}, {'x': 22, 'y': 27}]",11,43,positive
4282.jpg,/kaggle/input/mvsasingle/MVSA_Single/data/4282.jpg,790,472,True,"1975 HOSTESS
CARL YASTRZEMSKI
HAND CUT
B
PSA
#48
GEM MT
10
24200932
ED SO
CARL YASTRZEMSKI
OUTFIELD
Boston RED SOX","[{'x': 55, 'y': 34}, {'x': 418, 'y': 34}, {'x': 418, 'y': 698}, {'x': 55, 'y': 698}]",664,363,positive
4283.jpg,/kaggle/input/mvsasingle/MVSA_Single/data/4283.jpg,276,499,True,"世界那么大
世界那么大
秒拍","[{'x': 100, 'y': 12}, {'x': 482, 'y': 12}, {'x': 482, 'y': 254}, {'x': 100, 'y': 254}]",242,382,positive
4284.jpg,/kaggle/input/mvsasingle/MVSA_Single/data/4284.jpg,600,600,False,,[],0,0,negative
4285.jpg,/kaggle/input/mvsasingle/MVSA_Single/data/4285.jpg,800,600,False,,[],0,0,positive
4286.jpg,/kaggle/input/mvsasingle/MVSA_Single/data/4286.jpg,848,600,True,"S.J.M. Concerts by arrangement with ITB present
LAURA
MARLING
& BAND
PLUS GUEST
FLY
GOLDEN
EAGLE
SATURDAY
05 SEPTEMBER
LONDON FORUM
GIGSANDTOURS.COM | 0844 811 0051
LAURAMARLING.COM","[{'x': 82, 'y': 13}, {'x': 513, 'y': 13}, {'x': 513, 'y': 829}, {'x': 82, 'y': 829}]",816,431,positive
4287.jpg,/kaggle/input/mvsasingle/MVSA_Single/data/4287.jpg,399,599,False,,[],0,0,positive
4288.jpg,/kaggle/input/mvsasingle/MVSA_Single/data/4288.jpg,338,600,True,"주간
* 여름방학 특집 ★ 에이핑크
아이돌 랜덤플레이댄스
MBC every
봄&믕지&냄주
삼각팬티 수호 받는 오프로디테
본방송","[{'x': 44, 'y': 18}, {'x': 555, 'y': 18}, {'x': 555, 'y': 297}, {'x': 44, 'y': 297}]",279,511,positive
4289.jpg,/kaggle/input/mvsasingle/MVSA_Single/data/4289.jpg,868,600,False,,[],0,0,positive
429.jpg,/kaggle/input/mvsasingle/MVSA_Single/data/429.jpg,267,598,True,"300 Awesome Free Things
A Massive List of Free Stuff Made by Awesome People","[{'x': 55, 'y': 122}, {'x': 564, 'y': 122}, {'x': 564, 'y': 188}, {'x': 55, 'y': 188}]",66,509,positive
4290.jpg,/kaggle/input/mvsasingle/MVSA_Single/data/4290.jpg,500,375,True,"hp
Save more. Print 2.5x more pages.
Mely sporen 2.5x melu Sonen drucken
56
Zwo
Back
Schwarz Ne
Sor","[{'x': 65, 'y': 143}, {'x': 255, 'y': 143}, {'x': 255, 'y': 315}, {'x': 65, 'y': 315}]",172,190,positive
4291.jpg,/kaggle/input/mvsasingle/MVSA_Single/data/4291.jpg,500,375,True,"hp
Precise. Reliable. Original HP Inks,
21
the","[{'x': 122, 'y': 158}, {'x': 248, 'y': 158}, {'x': 248, 'y': 303}, {'x': 122, 'y': 303}]",145,126,negative
4292.jpg,/kaggle/input/mvsasingle/MVSA_Single/data/4292.jpg,447,599,True,"Xan Bins
RICE PL
CUSION
PASTA","[{'x': 58, 'y': 178}, {'x': 590, 'y': 178}, {'x': 590, 'y': 255}, {'x': 58, 'y': 255}]",77,532,positive
4293.jpg,/kaggle/input/mvsasingle/MVSA_Single/data/4293.jpg,472,600,True,"powerdose
contrast
NUTRICERCE
Thighlights
POWER
DEFINE
ERCELL
REFILL
Incel Max
POWERDOSE
COLOR
Jonène C-Incell
cheveux colorés
colored hair","[{'x': 78, 'y': 12}, {'x': 529, 'y': 12}, {'x': 529, 'y': 469}, {'x': 78, 'y': 469}]",457,451,positive
4294.jpg,/kaggle/input/mvsasingle/MVSA_Single/data/4294.jpg,356,480,True,"So, the racer's life was short lived... I woke up
this morning to find my car broken into and
bike taken. If anyone spots this bike (Liv racer-
white with orange stripe and black handlebars)
around town, please let me know x","[{'x': 17, 'y': 222}, {'x': 457, 'y': 222}, {'x': 457, 'y': 346}, {'x': 17, 'y': 346}]",124,440,positive
4295.jpg,/kaggle/input/mvsasingle/MVSA_Single/data/4295.jpg,500,500,True,"hp
hp
hp.com/go/os
Professional colour at the lowest
cost per page vs. in-class inkjets.'
933XL
Magenta
Пурпурный
BLOGZL
d","[{'x': 93, 'y': 36}, {'x': 407, 'y': 36}, {'x': 407, 'y': 327}, {'x': 93, 'y': 327}]",291,314,positive
4296.jpg,/kaggle/input/mvsasingle/MVSA_Single/data/4296.jpg,399,599,True,自,"[{'x': 390, 'y': 9}, {'x': 432, 'y': 9}, {'x': 432, 'y': 88}, {'x': 390, 'y': 88}]",79,42,positive
4297.jpg,/kaggle/input/mvsasingle/MVSA_Single/data/4297.jpg,450,600,False,,[],0,0,positive
4298.jpg,/kaggle/input/mvsasingle/MVSA_Single/data/4298.jpg,398,600,False,,[],0,0,positive
4299.jpg,/kaggle/input/mvsasingle/MVSA_Single/data/4299.jpg,300,600,True,ENVY 32,"[{'x': 518, 'y': 21}, {'x': 537, 'y': 21}, {'x': 537, 'y': 26}, {'x': 518, 'y': 26}]",5,19,neutral
43.jpg,/kaggle/input/mvsasingle/MVSA_Single/data/43.jpg,600,600,True,"ROONEY MARA is TIGER LILY
IT'LL MAKE YOU FALL IN LOVE WITH
RACISM ALL OVER AGAIN.
EVERY
LEGEND HAS
A BEGINNING.
PAN
SUMMER 2015","[{'x': 214, 'y': 37}, {'x': 378, 'y': 37}, {'x': 378, 'y': 543}, {'x': 214, 'y': 543}]",506,164,positive
430.jpg,/kaggle/input/mvsasingle/MVSA_Single/data/430.jpg,584,600,True,"$500
REWARD
If you have any
info, please call:
1-800-222-8477","[{'x': 16, 'y': 14}, {'x': 219, 'y': 14}, {'x': 219, 'y': 237}, {'x': 16, 'y': 237}]",223,203,positive
4300.jpg,/kaggle/input/mvsasingle/MVSA_Single/data/4300.jpg,225,225,True,"Chp
Print More. Save More!
61
61
Combo-pack
Say it best with
Original HP ink","[{'x': 40, 'y': 10}, {'x': 183, 'y': 10}, {'x': 183, 'y': 180}, {'x': 40, 'y': 180}]",170,143,negative
4301.jpg,/kaggle/input/mvsasingle/MVSA_Single/data/4301.jpg,500,375,True,"hp
PRECISE
RELIABLE.
EVERY TIME
564XL
Block
2X
MORE","[{'x': 75, 'y': 163}, {'x': 232, 'y': 163}, {'x': 232, 'y': 325}, {'x': 75, 'y': 325}]",162,157,neutral
4302.jpg,/kaggle/input/mvsasingle/MVSA_Single/data/4302.jpg,140,140,True,BEAUTYLISH,"[{'x': 5, 'y': 24}, {'x': 39, 'y': 24}, {'x': 39, 'y': 29}, {'x': 5, 'y': 29}]",5,34,neutral
4303.jpg,/kaggle/input/mvsasingle/MVSA_Single/data/4303.jpg,500,375,True,"hp
Print More, Save More.
BUY 4&
SAVE!
4K
QUEN
ORDUCHES
SECONIES
933XL
Cyan
933XL Magenta
933XL Yellow
932XL Block
4-Pack","[{'x': 59, 'y': 64}, {'x': 278, 'y': 64}, {'x': 278, 'y': 312}, {'x': 59, 'y': 312}]",248,219,positive
4304.jpg,/kaggle/input/mvsasingle/MVSA_Single/data/4304.jpg,495,599,True,"1 Бек Самара 40-007
Type Tage
S747 M
Dementie 1000 1301","[{'x': 8, 'y': 32}, {'x': 68, 'y': 32}, {'x': 68, 'y': 61}, {'x': 8, 'y': 61}]",29,60,neutral
4305.jpg,/kaggle/input/mvsasingle/MVSA_Single/data/4305.jpg,105,140,False,,[],0,0,positive
4306.jpg,/kaggle/input/mvsasingle/MVSA_Single/data/4306.jpg,105,140,False,,[],0,0,neutral
4307.jpg,/kaggle/input/mvsasingle/MVSA_Single/data/4307.jpg,462,320,True,"THE DEBASED CULTURE
OF
SUPERFICIALITY
If anyone desires anything other
than Islam as a religion, it will not
be accepted from him, and in the
Hereafter he will be among the
losers. (Surah Al 'Imran: 85)
HARUN YAHYA
الله
رسول
گرد
號","[{'x': 40, 'y': 99}, {'x': 281, 'y': 99}, {'x': 281, 'y': 447}, {'x': 40, 'y': 447}]",348,241,negative
4308.jpg,/kaggle/input/mvsasingle/MVSA_Single/data/4308.jpg,359,599,True,"Happiness
is Like Jam
You Can't Spread Even a Little
Without Getting Some on Yourself
Anonymous
GeniusQuotes.net","[{'x': 112, 'y': 9}, {'x': 595, 'y': 9}, {'x': 595, 'y': 357}, {'x': 112, 'y': 357}]",348,483,positive
4309.jpg,/kaggle/input/mvsasingle/MVSA_Single/data/4309.jpg,402,600,True,"bam
bam bam bam
CUBRIC
www.cardiff.ac.uk","[{'x': 0, 'y': 48}, {'x': 454, 'y': 48}, {'x': 454, 'y': 310}, {'x': 0, 'y': 310}]",262,454,negative
431.jpg,/kaggle/input/mvsasingle/MVSA_Single/data/431.jpg,600,600,True,"Mom's
yelling
at me
again
Probably
Cause i'm
a piece
of shit","[{'x': 150, 'y': 135}, {'x': 592, 'y': 135}, {'x': 592, 'y': 283}, {'x': 150, 'y': 283}]",148,442,positive
4310.jpg,/kaggle/input/mvsasingle/MVSA_Single/data/4310.jpg,450,600,True,"£200 WIN!
Amazon
Giftcard
amazon.co.uk
gift certificate
£200
a
For a chance of winning
a £200 Amazon.co.uk
giftcard all you have to
do is retweet this and
follow @SBSBranding
BRANDING
sbs
www.sbsbranding.com
Competition closes 31st August 2015","[{'x': 63, 'y': 27}, {'x': 593, 'y': 27}, {'x': 593, 'y': 427}, {'x': 63, 'y': 427}]",400,530,positive
4311.jpg,/kaggle/input/mvsasingle/MVSA_Single/data/4311.jpg,337,599,True,"SIR TREVOR BROOKING STAND
pro
umbra
betway","[{'x': 184, 'y': 55}, {'x': 559, 'y': 55}, {'x': 559, 'y': 336}, {'x': 184, 'y': 336}]",281,375,negative
4312.jpg,/kaggle/input/mvsasingle/MVSA_Single/data/4312.jpg,600,600,False,,[],0,0,negative
4313.jpg,/kaggle/input/mvsasingle/MVSA_Single/data/4313.jpg,600,600,True,"The Animal
Sanctuary UK
TOGETHER THERAPY
People helping and
Animals helping p
BRITISH AIRWAYS
Volunteering","[{'x': 110, 'y': 167}, {'x': 498, 'y': 167}, {'x': 498, 'y': 257}, {'x': 110, 'y': 257}]",90,388,negative
4314.jpg,/kaggle/input/mvsasingle/MVSA_Single/data/4314.jpg,127,599,True,"THALE
GET READY FOR
GENERATION
<- RSS Q
D
TOT
820
LOL ROBERTHALF
B
578","[{'x': 32, 'y': 10}, {'x': 598, 'y': 10}, {'x': 598, 'y': 118}, {'x': 32, 'y': 118}]",108,566,neutral
4315.jpg,/kaggle/input/mvsasingle/MVSA_Single/data/4315.jpg,284,400,True,"LONDON
INTERNATIONAL SHIPPING WEEK
7-11 SEPTEMBER 2015","[{'x': 19, 'y': 139}, {'x': 385, 'y': 139}, {'x': 385, 'y': 269}, {'x': 19, 'y': 269}]",130,366,positive
4316.jpg,/kaggle/input/mvsasingle/MVSA_Single/data/4316.jpg,300,600,True,"IVERSTY OF
CEENWICH
THE FOOTBALL
LEAGUE","[{'x': 267, 'y': 54}, {'x': 574, 'y': 54}, {'x': 574, 'y': 200}, {'x': 267, 'y': 200}]",146,307,positive
4317.jpg,/kaggle/input/mvsasingle/MVSA_Single/data/4317.jpg,596,600,True,"中华人民共和国
护
照
People's Republic of China
PASSPORT","[{'x': 331, 'y': 287}, {'x': 536, 'y': 287}, {'x': 536, 'y': 459}, {'x': 331, 'y': 459}]",172,205,neutral
4318.jpg,/kaggle/input/mvsasingle/MVSA_Single/data/4318.jpg,300,600,True,"FOT
F C
Welcome
Lyle Della-Verde
FLEETWOOD
FOOTBALL
BES
COMMERCIAL GAS
CLUB","[{'x': 32, 'y': 55}, {'x': 521, 'y': 55}, {'x': 521, 'y': 277}, {'x': 32, 'y': 277}]",222,489,neutral
4319.jpg,/kaggle/input/mvsasingle/MVSA_Single/data/4319.jpg,141,525,True,"7-11 SEPTEMBER 2015
LONDON
INTERNATIONAL SHIPPING WEEK","[{'x': 13, 'y': 24}, {'x': 515, 'y': 24}, {'x': 515, 'y': 128}, {'x': 13, 'y': 128}]",104,502,positive
432.jpg,/kaggle/input/mvsasingle/MVSA_Single/data/432.jpg,400,600,False,,[],0,0,positive
4320.jpg,/kaggle/input/mvsasingle/MVSA_Single/data/4320.jpg,600,600,True,"NO more politics as usual
Make Seats Match Votes!
Gather, London, July 25
Join the action for proportional representation.
outside Parliament: http://on.fb.me/1JErAdf","[{'x': 46, 'y': 33}, {'x': 552, 'y': 33}, {'x': 552, 'y': 587}, {'x': 46, 'y': 587}]",554,506,positive
4321.jpg,/kaggle/input/mvsasingle/MVSA_Single/data/4321.jpg,337,599,True,"5
4
Avicky","[{'x': 125, 'y': 58}, {'x': 347, 'y': 58}, {'x': 347, 'y': 245}, {'x': 125, 'y': 245}]",187,222,neutral
4322.jpg,/kaggle/input/mvsasingle/MVSA_Single/data/4322.jpg,600,600,True,"0808 1000 143
""From the very first
call I knew I had
found the right place
for me.""
Sam, age 17
www.each.education","[{'x': 32, 'y': 29}, {'x': 565, 'y': 29}, {'x': 565, 'y': 573}, {'x': 32, 'y': 573}]",544,533,positive
4323.jpg,/kaggle/input/mvsasingle/MVSA_Single/data/4323.jpg,450,600,True,"78-82
www.FishAndChipsAt.co.uk
020 8364 4441
fish chips@de","[{'x': 40, 'y': 114}, {'x': 483, 'y': 114}, {'x': 483, 'y': 178}, {'x': 40, 'y': 178}]",64,443,positive
4324.jpg,/kaggle/input/mvsasingle/MVSA_Single/data/4324.jpg,595,447,False,,[],0,0,positive
4325.jpg,/kaggle/input/mvsasingle/MVSA_Single/data/4325.jpg,628,306,True,"BEHEAD ALL
THOSE
WHO
INSULT THE
PROPHET","[{'x': 110, 'y': 101}, {'x': 173, 'y': 101}, {'x': 173, 'y': 190}, {'x': 110, 'y': 190}]",89,63,positive
4326.jpg,/kaggle/input/mvsasingle/MVSA_Single/data/4326.jpg,394,590,False,,[],0,0,positive
4327.jpg,/kaggle/input/mvsasingle/MVSA_Single/data/4327.jpg,800,600,True,www,"[{'x': 435, 'y': 335}, {'x': 487, 'y': 335}, {'x': 487, 'y': 370}, {'x': 435, 'y': 370}]",35,52,neutral
4328.jpg,/kaggle/input/mvsasingle/MVSA_Single/data/4328.jpg,800,600,True,"Hello John
Thank you for taking part in our Co-operates Fortnight tweet to Win prize draw on Twitter
Congratulations on being selected as a winner!
Please find encound your prize, 150 worth of Co-operative Vouchers
It would be great to know that you reaved your prine, so feel free to tweet us to let us know!
You can also visit www.uk.coop for more information about co-operatives
CO-OPERATIVES
FORTNI
Hope you enjoy your withcoop
The co-operative good for everyone
Gift
Voucher £10
The co-operative
The
The cooperative
#coops14
The De-operative
The co-operative
The co-operative
The co-operate
The co-operative
The cooperati
The
pe
Theoperative","[{'x': 86, 'y': 173}, {'x': 476, 'y': 173}, {'x': 476, 'y': 627}, {'x': 86, 'y': 627}]",454,390,positive
4329.jpg,/kaggle/input/mvsasingle/MVSA_Single/data/4329.jpg,321,599,True,"£20 BANK ENGLAND
TWENTY
POUNDS
BOLDTITUTION CHRISTMAS LECTURES INITIATED IN
THE MAGNETO BLECTRIC PARK APPARATUS
£20
Ray Hanglam
1920 2013","[{'x': 32, 'y': 22}, {'x': 591, 'y': 22}, {'x': 591, 'y': 298}, {'x': 32, 'y': 298}]",276,559,positive
433.jpg,/kaggle/input/mvsasingle/MVSA_Single/data/433.jpg,139,140,False,,[],0,0,positive
4330.jpg,/kaggle/input/mvsasingle/MVSA_Single/data/4330.jpg,800,600,True,"Delinquent
Delinquent","[{'x': 108, 'y': 362}, {'x': 478, 'y': 362}, {'x': 478, 'y': 457}, {'x': 108, 'y': 457}]",95,370,neutral
4331.jpg,/kaggle/input/mvsasingle/MVSA_Single/data/4331.jpg,450,600,True,"MANCHESTER
POLICE","[{'x': 190, 'y': 201}, {'x': 302, 'y': 201}, {'x': 302, 'y': 228}, {'x': 190, 'y': 228}]",27,112,positive
4332.jpg,/kaggle/input/mvsasingle/MVSA_Single/data/4332.jpg,537,396,False,,[],0,0,positive
4333.jpg,/kaggle/input/mvsasingle/MVSA_Single/data/4333.jpg,337,599,True,"CHASE
CHASE O
MSG","[{'x': 22, 'y': 57}, {'x': 591, 'y': 57}, {'x': 591, 'y': 201}, {'x': 22, 'y': 201}]",144,569,neutral
4334.jpg,/kaggle/input/mvsasingle/MVSA_Single/data/4334.jpg,390,600,False,,[],0,0,neutral
4335.jpg,/kaggle/input/mvsasingle/MVSA_Single/data/4335.jpg,1024,538,False,,[],0,0,neutral
4336.jpg,/kaggle/input/mvsasingle/MVSA_Single/data/4336.jpg,600,600,True,O,"[{'x': 73, 'y': 43}, {'x': 133, 'y': 43}, {'x': 133, 'y': 101}, {'x': 73, 'y': 101}]",58,60,neutral
4337.jpg,/kaggle/input/mvsasingle/MVSA_Single/data/4337.jpg,337,599,False,,[],0,0,positive
4338.jpg,/kaggle/input/mvsasingle/MVSA_Single/data/4338.jpg,360,600,True,"Garuda Indones
PLAYERS
ENTRANCE
0","[{'x': 184, 'y': 0}, {'x': 509, 'y': 0}, {'x': 509, 'y': 319}, {'x': 184, 'y': 319}]",319,325,positive
4339.jpg,/kaggle/input/mvsasingle/MVSA_Single/data/4339.jpg,600,600,False,,[],0,0,positive
434.jpg,/kaggle/input/mvsasingle/MVSA_Single/data/434.jpg,199,598,False,,[],0,0,negative
4340.jpg,/kaggle/input/mvsasingle/MVSA_Single/data/4340.jpg,800,600,True,0,"[{'x': 39, 'y': 388}, {'x': 63, 'y': 388}, {'x': 63, 'y': 411}, {'x': 39, 'y': 411}]",23,24,positive
4341.jpg,/kaggle/input/mvsasingle/MVSA_Single/data/4341.jpg,1065,600,True,"172
""Images of naked children
should only be considered
pornographic if it could be
proven that the subject had
suffered."" (Deputy leader of the
Labour Party, Harriet Harman, signed the
28 April 1978 National Council on Civil
Liberties document that contained this
paedophile-friendly sentiment)","[{'x': 194, 'y': 427}, {'x': 593, 'y': 427}, {'x': 593, 'y': 1042}, {'x': 194, 'y': 1042}]",615,399,neutral
4342.jpg,/kaggle/input/mvsasingle/MVSA_Single/data/4342.jpg,294,600,True,"Love all,
trust a few,
do wrong to none.
William Shakespeare","[{'x': 43, 'y': 23}, {'x': 557, 'y': 23}, {'x': 557, 'y': 262}, {'x': 43, 'y': 262}]",239,514,neutral
4343.jpg,/kaggle/input/mvsasingle/MVSA_Single/data/4343.jpg,600,600,False,,[],0,0,positive
4344.jpg,/kaggle/input/mvsasingle/MVSA_Single/data/4344.jpg,310,552,True,"Figure 3.7. Projections for UK housing tenure, share of households
Proportion of households (%)
45
40
35
30
25
20
15
10
5
0
Mortgaged
Owned outright
Social rental
Private rental
Projections
1981 1983 1985 1987 1989 1991 1993 1995 1997 1999 2001 2003 2005 2007 2009 2011 2013 2015 2017 2019 2021 2023 2025
Owned outright Mortgaged --- Private rental - Social rental
Source: PwC analysis, English Housing Survey","[{'x': 9, 'y': 13}, {'x': 513, 'y': 13}, {'x': 513, 'y': 300}, {'x': 9, 'y': 300}]",287,504,negative
4345.jpg,/kaggle/input/mvsasingle/MVSA_Single/data/4345.jpg,177,236,True,"STRETCH JOG SKATE
RIDE
HOPSWIM RACE
BE ACTIVE
HIKE
KICK BIKE RUN WALK
SKIANCE
SPIN SWING","[{'x': 18, 'y': 42}, {'x': 215, 'y': 42}, {'x': 215, 'y': 141}, {'x': 18, 'y': 141}]",99,197,positive
4346.jpg,/kaggle/input/mvsasingle/MVSA_Single/data/4346.jpg,387,598,True,"80%
Caterpillar Dealer Retail Sales By Region
60%
40%
20%
0%
-20%
-40%
-60%
-80%
2010
SCAT ZH
2011
2012
North America
Latin America
2013
Asia/Pacific
ROW
EAME
-World
50%
60%
40%
20%
0%
20%
40%
40%
40%
2014
2015","[{'x': 3, 'y': 10}, {'x': 595, 'y': 10}, {'x': 595, 'y': 380}, {'x': 3, 'y': 380}]",370,592,positive
4347.jpg,/kaggle/input/mvsasingle/MVSA_Single/data/4347.jpg,300,300,False,,[],0,0,positive
4348.jpg,/kaggle/input/mvsasingle/MVSA_Single/data/4348.jpg,297,599,True,"Make the World Better
Suicide
VOLUNTEERING
A WORK OF
HEART
NEVER
GIVE
UP
Sexuality
Gender Identity
Eating Disorders
Depression
SEXUAL
DENTITY
Sexual Assault
HELP
SUPPORT C
Serious Mental iness
DANCE ASSISTANCE
Addiction
adherent or f
(adikt)
dicere, to adjuc
ad-dic-tion (a
addicted, esp, to
d-dic-tive
Ed
Ede
Ed
Anxiety
Edk","[{'x': 12, 'y': 9}, {'x': 558, 'y': 9}, {'x': 558, 'y': 285}, {'x': 12, 'y': 285}]",276,546,negative
4349.jpg,/kaggle/input/mvsasingle/MVSA_Single/data/4349.jpg,600,600,True,"WYBOROWA
WODKA
Who","[{'x': 141, 'y': 72}, {'x': 252, 'y': 72}, {'x': 252, 'y': 189}, {'x': 141, 'y': 189}]",117,111,positive
435.jpg,/kaggle/input/mvsasingle/MVSA_Single/data/435.jpg,139,103,False,,[],0,0,positive
4350.jpg,/kaggle/input/mvsasingle/MVSA_Single/data/4350.jpg,360,520,True,"睡眠と覚醒
体内時計のリズムを作る物質=メラトニン
睡眠と覚醒のスイッチに関係する物質=オレキシン
GABA
関係物質
セロトニン・ノルアドレナリン･ドパミン
ヒスタミン・アセチルコリン
睡眠状態
覚醒狀態
システム
覚醒システムの
はたらきを
抑制する
システム
大脳皮質を
活性化させる
覚醒システム
大脳皮質
視床
システム
の科学社ブルーバックス, 2010 p145 より","[{'x': 102, 'y': 24}, {'x': 501, 'y': 24}, {'x': 501, 'y': 358}, {'x': 102, 'y': 358}]",334,399,positive
4351.jpg,/kaggle/input/mvsasingle/MVSA_Single/data/4351.jpg,300,600,True,"66 Grief never ends....But it
changes. It's a passage, not a
place to stay. Grief is not a
sign of weakness, nor a lack of
faith....It's the price of love.
-Unknown
99
carrienet™
LICENSED ONLINE THERAPY","[{'x': 68, 'y': 31}, {'x': 551, 'y': 31}, {'x': 551, 'y': 285}, {'x': 68, 'y': 285}]",254,483,negative
4352.jpg,/kaggle/input/mvsasingle/MVSA_Single/data/4352.jpg,417,599,True,"UNDERSTANDING
Depression
""Health is a state of complete physical,
mental and social well-being and not merely
the absence of disease or infirmity. Mental
health is an integral part of this definition.""
World Health Organization","[{'x': 83, 'y': 24}, {'x': 579, 'y': 24}, {'x': 579, 'y': 335}, {'x': 83, 'y': 335}]",311,496,positive
4353.jpg,/kaggle/input/mvsasingle/MVSA_Single/data/4353.jpg,400,600,True,"Perseverance
\per-se-vir-en(t)s\ Noun;
1. Steadfastness in doing something despite
difficulty or delay in achieving success.
2. Persistant determination to continue
despite failure, opposition or difficulties.
www.carrienet.com","[{'x': 40, 'y': 26}, {'x': 575, 'y': 26}, {'x': 575, 'y': 386}, {'x': 40, 'y': 386}]",360,535,positive
4354.jpg,/kaggle/input/mvsasingle/MVSA_Single/data/4354.jpg,589,599,False,,[],0,0,neutral
4355.jpg,/kaggle/input/mvsasingle/MVSA_Single/data/4355.jpg,301,550,True,"2011
2012
2013
2014
2015
160.0000
140.0000
€120.0000
100.0000
07/21 96.3599","[{'x': 47, 'y': 30}, {'x': 530, 'y': 30}, {'x': 530, 'y': 282}, {'x': 47, 'y': 282}]",252,483,positive
4356.jpg,/kaggle/input/mvsasingle/MVSA_Single/data/4356.jpg,390,528,True,"FIGHTING
GRIEF RESSION anim
des suffering suspense
PAIN motion WOUND strair
trouble regret HARM
xiety
Coubt annoyance
sadness whostty
heartache
imental
ffliction
orrow
ANGE
ck
REGRET
disapointme
SCORN tears
RUSTRATIO
concem panic all spiritless
REHENSIC uicide BURDE
mbe EMPTY
OSS
MPT
trauma p?
STRESSensiondisturbed
nguis AGON
shi HATE distress","[{'x': 48, 'y': 26}, {'x': 489, 'y': 26}, {'x': 489, 'y': 251}, {'x': 48, 'y': 251}]",225,441,negative
4357.jpg,/kaggle/input/mvsasingle/MVSA_Single/data/4357.jpg,330,400,True,"IMAGES OF A BRAIN COMPARING A DEPRESSED
PERSON TO SOMEONE NOT DEPRESSED.
Depressed
WA THEMETAPICTURE.COM
Not depressed","[{'x': 2, 'y': 17}, {'x': 372, 'y': 17}, {'x': 372, 'y': 328}, {'x': 2, 'y': 328}]",311,370,positive
4358.jpg,/kaggle/input/mvsasingle/MVSA_Single/data/4358.jpg,804,600,True,"RAINHA
STE
Ore
INSULAT","[{'x': 291, 'y': 334}, {'x': 548, 'y': 334}, {'x': 548, 'y': 517}, {'x': 291, 'y': 517}]",183,257,negative
4359.jpg,/kaggle/input/mvsasingle/MVSA_Single/data/4359.jpg,800,600,True,".
Go
NSB
je kommen
ombr
R11
Lysaker
Sandelka
Asker
Drammen
Skien
chyons
2
WC","[{'x': 96, 'y': 35}, {'x': 588, 'y': 35}, {'x': 588, 'y': 774}, {'x': 96, 'y': 774}]",739,492,neutral
436.jpg,/kaggle/input/mvsasingle/MVSA_Single/data/436.jpg,633,600,True,000,"[{'x': 465, 'y': 300}, {'x': 495, 'y': 300}, {'x': 495, 'y': 342}, {'x': 465, 'y': 342}]",42,30,negative
4360.jpg,/kaggle/input/mvsasingle/MVSA_Single/data/4360.jpg,709,600,True,"Never get tired of doing
little things for others
Sometimes those little
things occupy the biggest
part of their hearts.","[{'x': 28, 'y': 362}, {'x': 565, 'y': 362}, {'x': 565, 'y': 665}, {'x': 28, 'y': 665}]",303,537,positive
4361.jpg,/kaggle/input/mvsasingle/MVSA_Single/data/4361.jpg,533,600,True,"After every
hurricane
Comes a
Rainbow","[{'x': 27, 'y': 103}, {'x': 331, 'y': 103}, {'x': 331, 'y': 205}, {'x': 27, 'y': 205}]",102,304,positive
4362.jpg,/kaggle/input/mvsasingle/MVSA_Single/data/4362.jpg,800,600,True,"""Life is your
art. An open,
aware heart
is your camera.
A oneness with
your world
is your film.
Your bright
eyes, your easy
smile is your
museum.""
Ansel Adams","[{'x': 119, 'y': 126}, {'x': 527, 'y': 126}, {'x': 527, 'y': 708}, {'x': 119, 'y': 708}]",582,408,negative
4363.jpg,/kaggle/input/mvsasingle/MVSA_Single/data/4363.jpg,395,600,True,"You are every reason, every hope, and every
dream I've ever had, and no matter what
happens to us in the future, every day we are
together is the greatest day of my life.","[{'x': 48, 'y': 3}, {'x': 556, 'y': 3}, {'x': 556, 'y': 113}, {'x': 48, 'y': 113}]",110,508,neutral
4364.jpg,/kaggle/input/mvsasingle/MVSA_Single/data/4364.jpg,820,500,True,"The minute you think of
giving up, think of
the reason why you
held on so long.","[{'x': 50, 'y': 268}, {'x': 467, 'y': 268}, {'x': 467, 'y': 544}, {'x': 50, 'y': 544}]",276,417,negative
4365.jpg,/kaggle/input/mvsasingle/MVSA_Single/data/4365.jpg,339,599,False,,[],0,0,positive
4366.jpg,/kaggle/input/mvsasingle/MVSA_Single/data/4366.jpg,321,500,True,Guess what we just did,"[{'x': 162, 'y': 250}, {'x': 338, 'y': 250}, {'x': 338, 'y': 266}, {'x': 162, 'y': 266}]",16,176,positive
4367.jpg,/kaggle/input/mvsasingle/MVSA_Single/data/4367.jpg,370,512,True,"Moth
STER!
Funner
INFANS","[{'x': 56, 'y': 0}, {'x': 459, 'y': 0}, {'x': 459, 'y': 360}, {'x': 56, 'y': 360}]",360,403,neutral
4368.jpg,/kaggle/input/mvsasingle/MVSA_Single/data/4368.jpg,736,599,True,"ERRIN STOWELL
DESPERATE","[{'x': 58, 'y': 41}, {'x': 545, 'y': 41}, {'x': 545, 'y': 695}, {'x': 58, 'y': 695}]",654,487,negative
4369.jpg,/kaggle/input/mvsasingle/MVSA_Single/data/4369.jpg,464,464,False,,[],0,0,neutral
437.jpg,/kaggle/input/mvsasingle/MVSA_Single/data/437.jpg,400,599,True,Christophe Vasselin Caters News,"[{'x': 10, 'y': 392}, {'x': 131, 'y': 392}, {'x': 131, 'y': 399}, {'x': 10, 'y': 399}]",7,121,neutral
4370.jpg,/kaggle/input/mvsasingle/MVSA_Single/data/4370.jpg,378,500,True,"Israel Did
9/11
Google Dancing
Israelis","[{'x': 197, 'y': 164}, {'x': 306, 'y': 164}, {'x': 306, 'y': 239}, {'x': 197, 'y': 239}]",75,109,neutral
4371.jpg,/kaggle/input/mvsasingle/MVSA_Single/data/4371.jpg,326,599,False,,[],0,0,neutral
4372.jpg,/kaggle/input/mvsasingle/MVSA_Single/data/4372.jpg,300,600,True,"JUST ONE MORE
THE PREACHER
THE VOID
HERE WE GO AGAIN","[{'x': 86, 'y': 120}, {'x': 526, 'y': 120}, {'x': 526, 'y': 284}, {'x': 86, 'y': 284}]",164,440,positive
4373.jpg,/kaggle/input/mvsasingle/MVSA_Single/data/4373.jpg,737,599,True,"Harper's
RA
10
BEST
PIECES
TO BUY
5-MINUTE
MAKEOVER
SPRING
FASHION
SHOE ISSUE
&BAG
TO OWN
COLLECTIONS
STYLED BY
CARINE
ROITFELD
AR
RIHANNA
SWIMS
WITH SHARKS
PAGE 512
BEAUTY
GET
GREAT
SKIN
THE NEW
YOUTH
SERUM
973 NEW LOOKS","[{'x': 7, 'y': 14}, {'x': 598, 'y': 14}, {'x': 598, 'y': 710}, {'x': 7, 'y': 710}]",696,591,neutral
4374.jpg,/kaggle/input/mvsasingle/MVSA_Single/data/4374.jpg,676,599,True,"harrystyles
3w","[{'x': 83, 'y': 28}, {'x': 577, 'y': 28}, {'x': 577, 'y': 47}, {'x': 83, 'y': 47}]",19,494,positive
4375.jpg,/kaggle/input/mvsasingle/MVSA_Single/data/4375.jpg,300,570,True,This Could Be You But Its Him,"[{'x': 91, 'y': 170}, {'x': 440, 'y': 170}, {'x': 440, 'y': 186}, {'x': 91, 'y': 186}]",16,349,positive
4376.jpg,/kaggle/input/mvsasingle/MVSA_Single/data/4376.jpg,334,594,True,"Be with someone
that makes
you happy.","[{'x': 173, 'y': 100}, {'x': 580, 'y': 100}, {'x': 580, 'y': 274}, {'x': 173, 'y': 274}]",174,407,positive
4377.jpg,/kaggle/input/mvsasingle/MVSA_Single/data/4377.jpg,368,420,True,"The only
impossible journey
is the one
you never
never begin.
you
Anthony Robbins","[{'x': 16, 'y': 27}, {'x': 410, 'y': 27}, {'x': 410, 'y': 339}, {'x': 16, 'y': 339}]",312,394,positive
4378.jpg,/kaggle/input/mvsasingle/MVSA_Single/data/4378.jpg,358,540,False,,[],0,0,positive
4379.jpg,/kaggle/input/mvsasingle/MVSA_Single/data/4379.jpg,600,600,False,,[],0,0,positive
438.jpg,/kaggle/input/mvsasingle/MVSA_Single/data/438.jpg,450,600,False,,[],0,0,positive
4380.jpg,/kaggle/input/mvsasingle/MVSA_Single/data/4380.jpg,810,421,True,"YOU CAN'T CHANGE
HOW PEOPLE TREAT
YOU OR WHAT THEY
SAY ABOUT YOU.
ALL YOU CAN DO IS
CHANGE HOW YOU
REACT TO IT.","[{'x': 65, 'y': 14}, {'x': 357, 'y': 14}, {'x': 357, 'y': 341}, {'x': 65, 'y': 341}]",327,292,neutral
4381.jpg,/kaggle/input/mvsasingle/MVSA_Single/data/4381.jpg,845,500,True,"YOU DESERVE TO BE HAPPY; NOT IN
THE ARMS OF SOMEONE WHO WILL
KEEP YOU WAITING, BUT IN THE
ARMS OF SOMEONE WHO WILL TAKE
YOU NOW, LOVE YOU FOREVER AND
LEAVE YOU NEVER","[{'x': 10, 'y': 206}, {'x': 476, 'y': 206}, {'x': 476, 'y': 622}, {'x': 10, 'y': 622}]",416,466,positive
4382.jpg,/kaggle/input/mvsasingle/MVSA_Single/data/4382.jpg,720,480,True,"E
Take
time to
do what
makes
your
Soul
парру.","[{'x': 31, 'y': 102}, {'x': 336, 'y': 102}, {'x': 336, 'y': 655}, {'x': 31, 'y': 655}]",553,305,negative
4383.jpg,/kaggle/input/mvsasingle/MVSA_Single/data/4383.jpg,337,599,False,,[],0,0,neutral
4384.jpg,/kaggle/input/mvsasingle/MVSA_Single/data/4384.jpg,1024,576,False,,[],0,0,positive
4385.jpg,/kaggle/input/mvsasingle/MVSA_Single/data/4385.jpg,1066,600,False,,[],0,0,positive
4386.jpg,/kaggle/input/mvsasingle/MVSA_Single/data/4386.jpg,367,511,True,paimages,"[{'x': 5, 'y': 347}, {'x': 84, 'y': 347}, {'x': 84, 'y': 361}, {'x': 5, 'y': 361}]",14,79,negative
4387.jpg,/kaggle/input/mvsasingle/MVSA_Single/data/4387.jpg,600,600,False,,[],0,0,positive
4388.jpg,/kaggle/input/mvsasingle/MVSA_Single/data/4388.jpg,450,600,False,,[],0,0,positive
4389.jpg,/kaggle/input/mvsasingle/MVSA_Single/data/4389.jpg,600,600,False,,[],0,0,positive
439.jpg,/kaggle/input/mvsasingle/MVSA_Single/data/439.jpg,423,599,False,,[],0,0,neutral
4390.jpg,/kaggle/input/mvsasingle/MVSA_Single/data/4390.jpg,400,600,True,"W
الثاني
Ibrahim Faraj","[{'x': 441, 'y': 111}, {'x': 589, 'y': 111}, {'x': 589, 'y': 393}, {'x': 441, 'y': 393}]",282,148,positive
4391.jpg,/kaggle/input/mvsasingle/MVSA_Single/data/4391.jpg,450,600,False,,[],0,0,positive
4392.jpg,/kaggle/input/mvsasingle/MVSA_Single/data/4392.jpg,250,599,True,"LimeWire.
TM","[{'x': 196, 'y': 84}, {'x': 536, 'y': 84}, {'x': 536, 'y': 142}, {'x': 196, 'y': 142}]",58,340,positive
4393.jpg,/kaggle/input/mvsasingle/MVSA_Single/data/4393.jpg,399,599,False,,[],0,0,neutral
4394.jpg,/kaggle/input/mvsasingle/MVSA_Single/data/4394.jpg,255,528,True,"""It was a reign of terror.""
- WILLIAM MORENO, ON THE ONLINE HARASSMENT
Ill The Marshall Project","[{'x': 29, 'y': 19}, {'x': 509, 'y': 19}, {'x': 509, 'y': 229}, {'x': 29, 'y': 229}]",210,480,positive
4395.jpg,/kaggle/input/mvsasingle/MVSA_Single/data/4395.jpg,360,599,True,"LIVE
بریکنگ نیوز
BREAKING NEW
مجھے احساس ہو گیا ہے
کہ آزادی کا نعرہ محض ایک
ڈرامہ ہے، ولی قلاتی
ARY
9:52 EST
لوگ ترقی کر رہے ہیں ہمارے لوگ خود کو نقصان پہنچارہے ہیں، نوابزادہ جنگیز مری","[{'x': 42, 'y': 50}, {'x': 558, 'y': 50}, {'x': 558, 'y': 337}, {'x': 42, 'y': 337}]",287,516,positive
4396.jpg,/kaggle/input/mvsasingle/MVSA_Single/data/4396.jpg,568,320,False,,[],0,0,positive
4397.jpg,/kaggle/input/mvsasingle/MVSA_Single/data/4397.jpg,351,236,True,"BC
EVEN","[{'x': 25, 'y': 206}, {'x': 53, 'y': 206}, {'x': 53, 'y': 289}, {'x': 25, 'y': 289}]",83,28,neutral
4398.jpg,/kaggle/input/mvsasingle/MVSA_Single/data/4398.jpg,424,599,False,,[],0,0,neutral
4399.jpg,/kaggle/input/mvsasingle/MVSA_Single/data/4399.jpg,399,599,False,,[],0,0,negative
44.jpg,/kaggle/input/mvsasingle/MVSA_Single/data/44.jpg,650,500,False,,[],0,0,neutral
440.jpg,/kaggle/input/mvsasingle/MVSA_Single/data/440.jpg,390,600,True,"FAIRY
HAPPY VALENTINES
DAY","[{'x': 274, 'y': 257}, {'x': 491, 'y': 257}, {'x': 491, 'y': 364}, {'x': 274, 'y': 364}]",107,217,neutral
4400.jpg,/kaggle/input/mvsasingle/MVSA_Single/data/4400.jpg,420,600,True,"Bachelorette Shocker
HUMILIATING
PROPOSAL
Issue 1068
Aug 3, 2015
WEEK
BLAKE & MIRANDA","[{'x': 5, 'y': 17}, {'x': 494, 'y': 17}, {'x': 494, 'y': 405}, {'x': 5, 'y': 405}]",388,489,negative
4401.jpg,/kaggle/input/mvsasingle/MVSA_Single/data/4401.jpg,431,599,True,im,"[{'x': 198, 'y': 374}, {'x': 237, 'y': 374}, {'x': 237, 'y': 413}, {'x': 198, 'y': 413}]",39,39,neutral
4402.jpg,/kaggle/input/mvsasingle/MVSA_Single/data/4402.jpg,600,600,True,"THE
GARDEN
BELVEDERE
א","[{'x': 268, 'y': 261}, {'x': 582, 'y': 261}, {'x': 582, 'y': 567}, {'x': 268, 'y': 567}]",306,314,positive
4403.jpg,/kaggle/input/mvsasingle/MVSA_Single/data/4403.jpg,800,600,True,GRACE PAR,"[{'x': 459, 'y': 280}, {'x': 550, 'y': 280}, {'x': 550, 'y': 288}, {'x': 459, 'y': 288}]",8,91,negative
4404.jpg,/kaggle/input/mvsasingle/MVSA_Single/data/4404.jpg,700,570,True,"Be devoted
to one another
in love,
Honor one another
above yourselves.
Romans 12:10","[{'x': 149, 'y': 125}, {'x': 497, 'y': 125}, {'x': 497, 'y': 536}, {'x': 149, 'y': 536}]",411,348,positive
4405.jpg,/kaggle/input/mvsasingle/MVSA_Single/data/4405.jpg,300,200,True,"TIFFANY ANN GRACE
DEVOTED
A BDSM STORY","[{'x': 8, 'y': 2}, {'x': 198, 'y': 2}, {'x': 198, 'y': 280}, {'x': 8, 'y': 280}]",278,190,negative
4406.jpg,/kaggle/input/mvsasingle/MVSA_Single/data/4406.jpg,624,361,True,"MSJ
22
me Cail
BISSINGER ANNIE LEIBOV
Hill
Elkanah Hendrix
Caitlyn Je
Are you kidding me? So Bruce Jenner (I refuse to call him Caitlyn) won the Arthur
Ashe Courage Award, not that surprised at him winning because the morals of the
land have vanished and the people of the land have been blinded by the mind
manipulation from the powers that sit in the dark behind the scenes and push their
agendas. To be honest, I expected him to win, what threw me for a loop is the
audacity to chose him and his far from courageous act over Lauren Hill, the young
lady on the left who just lost her long time fight to Brain Cancer but not before she
Courageously played basketball and even raised over $1,000,000 for cancer
research, that is Courage. Or how about the runner up, an Army Veteran, Noah
Galloway who Courageously fought for our Country to the point of losing his arm and
leg in a bomb blast. This is a slap in the face to every soldier in America. Bravo
America, we now view cowardly as courageous, good as evil and evil as good. We
live in a world where Serena Williams can be called ugly because some say her
features are manly, but yet praise a man who actually looks like a man and trying to
look like a woman. I don't write posts like this to scare you, but rather in an attempt to
alert you, to warn you of what is to come. History repeats itself and the days we are
living in are compared to Sodom & Gamorah, the days of Noah and the time right
before the fall of Egypt. God will only allow so much wickedness before He reacts with
Righteous Anger. Get ready, be ready, stay ready, our King will return soon.","[{'x': 6, 'y': 143}, {'x': 353, 'y': 143}, {'x': 353, 'y': 615}, {'x': 6, 'y': 615}]",472,347,negative
4407.jpg,/kaggle/input/mvsasingle/MVSA_Single/data/4407.jpg,502,599,True,"DEVOTED
TRANSFORM YOUR LIFE ONE DAY AT A TIME
""Instead of fixating on
your insufficiencies, turn
your focus to the
promises, provision and
protection Jesus has
made available to you.""
Leon Fontaine
@miraclechannel
miraclechannel.ca","[{'x': 67, 'y': 45}, {'x': 529, 'y': 45}, {'x': 529, 'y': 476}, {'x': 67, 'y': 476}]",431,462,positive
4408.jpg,/kaggle/input/mvsasingle/MVSA_Single/data/4408.jpg,600,600,True,"Southern Recipe
PORK RINDS
&
CRACKLINS
GEN
BOUTHERN RECIPE","[{'x': 115, 'y': 71}, {'x': 599, 'y': 71}, {'x': 599, 'y': 599}, {'x': 115, 'y': 599}]",528,484,negative
4409.jpg,/kaggle/input/mvsasingle/MVSA_Single/data/4409.jpg,140,140,True,"devoted
couture
Shea
love","[{'x': 11, 'y': 35}, {'x': 117, 'y': 35}, {'x': 117, 'y': 73}, {'x': 11, 'y': 73}]",38,106,negative
441.jpg,/kaggle/input/mvsasingle/MVSA_Single/data/441.jpg,521,600,False,,[],0,0,positive
4410.jpg,/kaggle/input/mvsasingle/MVSA_Single/data/4410.jpg,601,599,True,"yogurt b
today's tasty choice
and sorbet...make your mix!
KILLING FLOOR","[{'x': 124, 'y': 0}, {'x': 570, 'y': 0}, {'x': 570, 'y': 411}, {'x': 124, 'y': 411}]",411,446,negative
4411.jpg,/kaggle/input/mvsasingle/MVSA_Single/data/4411.jpg,450,600,False,,[],0,0,negative
4412.jpg,/kaggle/input/mvsasingle/MVSA_Single/data/4412.jpg,399,599,False,,[],0,0,negative
4413.jpg,/kaggle/input/mvsasingle/MVSA_Single/data/4413.jpg,720,540,True,"TROMP
TimeBig and Kick Ass In Business And Life-
도널드 트럼프
억만장자 마인드
크게 생각하고 과감하게 행동하라
70-","[{'x': 0, 'y': 81}, {'x': 539, 'y': 81}, {'x': 539, 'y': 719}, {'x': 0, 'y': 719}]",638,539,negative
4414.jpg,/kaggle/input/mvsasingle/MVSA_Single/data/4414.jpg,800,600,True,"E-1
d Fire Rescue Service","[{'x': 111, 'y': 330}, {'x': 393, 'y': 330}, {'x': 393, 'y': 466}, {'x': 111, 'y': 466}]",136,282,positive
4415.jpg,/kaggle/input/mvsasingle/MVSA_Single/data/4415.jpg,1066,600,False,,[],0,0,positive
4416.jpg,/kaggle/input/mvsasingle/MVSA_Single/data/4416.jpg,448,598,False,,[],0,0,positive
4417.jpg,/kaggle/input/mvsasingle/MVSA_Single/data/4417.jpg,1024,575,False,,[],0,0,neutral
4418.jpg,/kaggle/input/mvsasingle/MVSA_Single/data/4418.jpg,337,599,True,"BOSTON
ANXIETY AND OUTRAGE
after little girl's chance encounter
with discarded HYPODERMIC NEEDLE
EPERIL
IN THE
PARK
LACONO
PLAYGROUN","[{'x': 132, 'y': 0}, {'x': 519, 'y': 0}, {'x': 519, 'y': 328}, {'x': 132, 'y': 328}]",328,387,negative
4419.jpg,/kaggle/input/mvsasingle/MVSA_Single/data/4419.jpg,367,490,False,,[],0,0,neutral
442.jpg,/kaggle/input/mvsasingle/MVSA_Single/data/442.jpg,450,600,False,,[],0,0,neutral
4420.jpg,/kaggle/input/mvsasingle/MVSA_Single/data/4420.jpg,300,600,True,"plasticbank
640,000 tons of fishing gear is discarded annually...
equivalent to 90,000 double decker buses!","[{'x': 72, 'y': 14}, {'x': 532, 'y': 14}, {'x': 532, 'y': 289}, {'x': 72, 'y': 289}]",275,460,neutral
4421.jpg,/kaggle/input/mvsasingle/MVSA_Single/data/4421.jpg,450,600,False,,[],0,0,positive
4422.jpg,/kaggle/input/mvsasingle/MVSA_Single/data/4422.jpg,254,487,True,"ReadersGazette.Com May Our Passion For Reading Never Die!
KR. ESKERT
THE
TEMPLAR
SUCCESSION
A Novel
Have You Read This Book Yet?
The Templar Succession: A Novel
by K. R. Eckert
In 1972 a disgraced college professor and a
retired FBI agent set out to discover, once and
for all, the final resting place of the legendary
Treasure of the Knights Templar. Days later,
both men disappear without a trace. Forty years
Visit Readers Gazette.Com for all the latest news
in the book world, explore our articles, short
stories and works in progress.
Be Sweet and Re-Tweet: Play games and Take Quizzes at the Website!","[{'x': 10, 'y': 8}, {'x': 476, 'y': 8}, {'x': 476, 'y': 253}, {'x': 10, 'y': 253}]",245,466,neutral
4423.jpg,/kaggle/input/mvsasingle/MVSA_Single/data/4423.jpg,337,598,True,"""","[{'x': 583, 'y': 208}, {'x': 597, 'y': 208}, {'x': 597, 'y': 222}, {'x': 583, 'y': 222}]",14,14,positive
4424.jpg,/kaggle/input/mvsasingle/MVSA_Single/data/4424.jpg,423,600,False,,[],0,0,positive
4425.jpg,/kaggle/input/mvsasingle/MVSA_Single/data/4425.jpg,553,327,False,,[],0,0,negative
4426.jpg,/kaggle/input/mvsasingle/MVSA_Single/data/4426.jpg,399,599,False,,[],0,0,positive
4427.jpg,/kaggle/input/mvsasingle/MVSA_Single/data/4427.jpg,425,599,False,,[],0,0,positive
4428.jpg,/kaggle/input/mvsasingle/MVSA_Single/data/4428.jpg,800,600,True,"MURDERED BY THE CAPITALIST CLASS
JOSEPH
HILLSTRÖM
PIRE YOUR BOSS
ABOUSH THE WAGE S/575M
OCT 7 1879 Nov 19, 1915
GAVLE SWEPEN
IF THE WORKERS
TOOK A NOTION
THEY COULD STOP
ALL SPEEDING TRAINS
EVERY-SHIP
UPON THE OCEAN
THEY COULD TIE
WITH MIGHTY CHAINS
SLC UTAW
EVERY WHEEL
IN THE CREATION
EVERY MINE
AND EVERY MILL
FLEETS AND ARMIES
OF EVERY NATION
WILL AT THEIR COMMAND
ORGANIZE!
STAND STILL
ABOLISH THE MAGE SYSTEN
*PING YOUR 3055","[{'x': 89, 'y': 259}, {'x': 538, 'y': 259}, {'x': 538, 'y': 629}, {'x': 89, 'y': 629}]",370,449,positive
4429.jpg,/kaggle/input/mvsasingle/MVSA_Single/data/4429.jpg,734,599,True,ngeta,"[{'x': 72, 'y': 421}, {'x': 139, 'y': 421}, {'x': 139, 'y': 470}, {'x': 72, 'y': 470}]",49,67,positive
443.jpg,/kaggle/input/mvsasingle/MVSA_Single/data/443.jpg,399,400,False,,[],0,0,neutral
4430.jpg,/kaggle/input/mvsasingle/MVSA_Single/data/4430.jpg,399,599,True,"AFRICA
JULY
U.S. CHAMBER OF COMME","[{'x': 254, 'y': 16}, {'x': 598, 'y': 16}, {'x': 598, 'y': 330}, {'x': 254, 'y': 330}]",314,344,neutral
4431.jpg,/kaggle/input/mvsasingle/MVSA_Single/data/4431.jpg,289,600,True,"""I must learn to be content
with being happier
than I deserve
Jane Austen","[{'x': 209, 'y': 72}, {'x': 591, 'y': 72}, {'x': 591, 'y': 250}, {'x': 209, 'y': 250}]",178,382,positive
4432.jpg,/kaggle/input/mvsasingle/MVSA_Single/data/4432.jpg,480,480,True,"Let gratitude
be the pillow
upon which you
kneel to say your
nightly prayer.
Dr. Maya Angelou","[{'x': 61, 'y': 127}, {'x': 442, 'y': 127}, {'x': 442, 'y': 403}, {'x': 61, 'y': 403}]",276,381,positive
4433.jpg,/kaggle/input/mvsasingle/MVSA_Single/data/4433.jpg,327,587,True,"'제초 로봇'10분 만에 고장
농민
그거 줘도 쓰지도 못해. 저거 GPS 잡아서 움직이는 걸
저걸 어떻게 해. GPS 떼어 가라고 해...","[{'x': 42, 'y': 24}, {'x': 427, 'y': 24}, {'x': 427, 'y': 296}, {'x': 42, 'y': 296}]",272,385,positive
4434.jpg,/kaggle/input/mvsasingle/MVSA_Single/data/4434.jpg,800,600,True,"JOR
MAST
MA","[{'x': 21, 'y': 516}, {'x': 336, 'y': 516}, {'x': 336, 'y': 534}, {'x': 21, 'y': 534}]",18,315,positive
4435.jpg,/kaggle/input/mvsasingle/MVSA_Single/data/4435.jpg,284,460,True,BLACK LIVES MATTER,"[{'x': 52, 'y': 77}, {'x': 401, 'y': 77}, {'x': 401, 'y': 125}, {'x': 52, 'y': 125}]",48,349,positive
4436.jpg,/kaggle/input/mvsasingle/MVSA_Single/data/4436.jpg,242,599,True,SCENE,"[{'x': 18, 'y': 177}, {'x': 36, 'y': 177}, {'x': 36, 'y': 190}, {'x': 18, 'y': 190}]",13,18,positive
4437.jpg,/kaggle/input/mvsasingle/MVSA_Single/data/4437.jpg,315,600,True,"Always do your best. What you plant now,
you will harvest later.
Og Mandino","[{'x': 17, 'y': 23}, {'x': 587, 'y': 23}, {'x': 587, 'y': 303}, {'x': 17, 'y': 303}]",280,570,positive
4438.jpg,/kaggle/input/mvsasingle/MVSA_Single/data/4438.jpg,503,600,True,"""Some people
grumble that
roses have thorns;
I am grateful that
thorns have roses.
-Jean-Baptiste Alphonse Karr
""","[{'x': 42, 'y': 54}, {'x': 558, 'y': 54}, {'x': 558, 'y': 465}, {'x': 42, 'y': 465}]",411,516,positive
4439.jpg,/kaggle/input/mvsasingle/MVSA_Single/data/4439.jpg,731,600,False,,[],0,0,positive
444.jpg,/kaggle/input/mvsasingle/MVSA_Single/data/444.jpg,752,596,True,10,"[{'x': 285, 'y': 654}, {'x': 302, 'y': 654}, {'x': 302, 'y': 673}, {'x': 285, 'y': 673}]",19,17,negative
4440.jpg,/kaggle/input/mvsasingle/MVSA_Single/data/4440.jpg,804,600,False,,[],0,0,positive
4441.jpg,/kaggle/input/mvsasingle/MVSA_Single/data/4441.jpg,537,600,True,"Nutrition Assistance
Number of Children Receiving Food Stamps by Living Arrangement
In millions
Mother only Married parents Two unmarried parents
Father only No parent present
8.1M
5.5M
2.7M
0.5M
2007
0.3M
0.5M
5.2M
1.2M
2014
0.5M
0.9M","[{'x': 10, 'y': 18}, {'x': 590, 'y': 18}, {'x': 590, 'y': 532}, {'x': 10, 'y': 532}]",514,580,positive
4442.jpg,/kaggle/input/mvsasingle/MVSA_Single/data/4442.jpg,780,600,True,"YOU
are the
icing
on
Cupenke
TOE FISH ARTO","[{'x': 132, 'y': 83}, {'x': 433, 'y': 83}, {'x': 433, 'y': 755}, {'x': 132, 'y': 755}]",672,301,positive
4443.jpg,/kaggle/input/mvsasingle/MVSA_Single/data/4443.jpg,499,454,True,910,"[{'x': 240, 'y': 75}, {'x': 262, 'y': 75}, {'x': 262, 'y': 83}, {'x': 240, 'y': 83}]",8,22,positive
4444.jpg,/kaggle/input/mvsasingle/MVSA_Single/data/4444.jpg,600,600,False,,[],0,0,negative
4445.jpg,/kaggle/input/mvsasingle/MVSA_Single/data/4445.jpg,600,600,False,,[],0,0,negative
4446.jpg,/kaggle/input/mvsasingle/MVSA_Single/data/4446.jpg,360,600,False,,[],0,0,negative
4447.jpg,/kaggle/input/mvsasingle/MVSA_Single/data/4447.jpg,187,600,True,"Apr 13:1
Feb 13
Dec12
Oct 12
Aug 12
Jun 12
Apr 12
Jun 13
Oct 14
Aug 14
Jun 14
Apr 14
Feb 14
Dec13
PO
Od 13
Aug 13
Dec14
Oct 15
Aug 15
Jun 15
Apr 15
Feb 15
0
Dec08
Aug 09
Apr 09
Dec09
Proportion of cash buyers.
892 2 2
Apr 11
Dec10
Aug 10
Apr 10
Aug 11
Dec11
Apr 13
Dec12
Aug 12
Apr 12
Aug 13
Dec13
Aug 14
Apr 14
Dec 14
Apr 15
Proportion of distressed sales","[{'x': 24, 'y': 13}, {'x': 578, 'y': 13}, {'x': 578, 'y': 178}, {'x': 24, 'y': 178}]",165,554,negative
4448.jpg,/kaggle/input/mvsasingle/MVSA_Single/data/4448.jpg,857,600,False,,[],0,0,neutral
4449.jpg,/kaggle/input/mvsasingle/MVSA_Single/data/4449.jpg,266,548,True,"Don't ever mistake
my silence
for ignorance,
my calmness for acceptance
and my kindness for weakness.","[{'x': 19, 'y': 0}, {'x': 527, 'y': 0}, {'x': 527, 'y': 263}, {'x': 19, 'y': 263}]",263,508,neutral
445.jpg,/kaggle/input/mvsasingle/MVSA_Single/data/445.jpg,725,600,True,"Happ
Valentine","[{'x': 121, 'y': 337}, {'x': 458, 'y': 337}, {'x': 458, 'y': 621}, {'x': 121, 'y': 621}]",284,337,negative
4450.jpg,/kaggle/input/mvsasingle/MVSA_Single/data/4450.jpg,381,599,False,,[],0,0,negative
4451.jpg,/kaggle/input/mvsasingle/MVSA_Single/data/4451.jpg,291,417,True,"""There are only two mistakes
one can make along the road to truth;
not going all the way,
and not starting.""
-Buddha","[{'x': 7, 'y': 74}, {'x': 411, 'y': 74}, {'x': 411, 'y': 212}, {'x': 7, 'y': 212}]",138,404,neutral
4452.jpg,/kaggle/input/mvsasingle/MVSA_Single/data/4452.jpg,855,480,True,"000 EE
00:25
@ 21%
с
III
=
selfridges.com
Click & Collect-order by 4pm
SELFRIDGES&CO
SIBLING
Distressed Knitted Jumper
£475.00
Product code: 56755381
0","[{'x': 9, 'y': 6}, {'x': 457, 'y': 6}, {'x': 457, 'y': 795}, {'x': 9, 'y': 795}]",789,448,neutral
4453.jpg,/kaggle/input/mvsasingle/MVSA_Single/data/4453.jpg,300,230,True,LIONSGATE,"[{'x': 5, 'y': 32}, {'x': 8, 'y': 32}, {'x': 8, 'y': 74}, {'x': 5, 'y': 74}]",42,3,neutral
4454.jpg,/kaggle/input/mvsasingle/MVSA_Single/data/4454.jpg,450,600,False,,[],0,0,positive
4455.jpg,/kaggle/input/mvsasingle/MVSA_Single/data/4455.jpg,553,600,True,"When one tugs at a single
thing in nature, he finds
it attached to the rest
of the world.
JOHN MUIR","[{'x': 75, 'y': 304}, {'x': 542, 'y': 304}, {'x': 542, 'y': 543}, {'x': 75, 'y': 543}]",239,467,positive
4456.jpg,/kaggle/input/mvsasingle/MVSA_Single/data/4456.jpg,464,500,True,"""To understand
the immeasurable,
the mind must be
extraordinarily
quiet, still.""
Jiddu Krishnamurti","[{'x': 51, 'y': 83}, {'x': 458, 'y': 83}, {'x': 458, 'y': 394}, {'x': 51, 'y': 394}]",311,407,positive
4457.jpg,/kaggle/input/mvsasingle/MVSA_Single/data/4457.jpg,290,600,True,"""Sometimes our
light goes out
but is blown into
flame by another
human being.
Each of us owes
deepest thanks
to those who have
rekindled this
light.,,","[{'x': 284, 'y': 4}, {'x': 586, 'y': 4}, {'x': 586, 'y': 271}, {'x': 284, 'y': 271}]",267,302,negative
4458.jpg,/kaggle/input/mvsasingle/MVSA_Single/data/4458.jpg,335,339,True,"It's weird to think
how different things
were a year ago.","[{'x': 68, 'y': 127}, {'x': 274, 'y': 127}, {'x': 274, 'y': 208}, {'x': 68, 'y': 208}]",81,206,negative
4459.jpg,/kaggle/input/mvsasingle/MVSA_Single/data/4459.jpg,998,476,False,,[],0,0,positive
446.jpg,/kaggle/input/mvsasingle/MVSA_Single/data/446.jpg,800,600,True,"he didn't mess about on Valentine's Day,
preferring to simply thrust her lady-cake
in the direction of her bloke and shout
She had
""Dinner's ready!""","[{'x': 19, 'y': 511}, {'x': 510, 'y': 511}, {'x': 510, 'y': 686}, {'x': 19, 'y': 686}]",175,491,positive
4460.jpg,/kaggle/input/mvsasingle/MVSA_Single/data/4460.jpg,826,562,True,"AS WE GROW UP,
WE REALIZE
IT BECOMES
LESS IMPORTANT
TO HAVE A TON
OF FRIENDS, AND
MORE IMPORTANT
TO HAVE
REAL ONES.
LV","[{'x': 163, 'y': 134}, {'x': 431, 'y': 134}, {'x': 431, 'y': 781}, {'x': 163, 'y': 781}]",647,268,neutral
4461.jpg,/kaggle/input/mvsasingle/MVSA_Single/data/4461.jpg,401,599,True,"NEW
ORK
2
19 ny
GIANTS","[{'x': 203, 'y': 112}, {'x': 361, 'y': 112}, {'x': 361, 'y': 203}, {'x': 203, 'y': 203}]",91,158,positive
4462.jpg,/kaggle/input/mvsasingle/MVSA_Single/data/4462.jpg,939,600,False,,[],0,0,neutral
4463.jpg,/kaggle/input/mvsasingle/MVSA_Single/data/4463.jpg,399,351,False,,[],0,0,positive
4464.jpg,/kaggle/input/mvsasingle/MVSA_Single/data/4464.jpg,600,600,False,,[],0,0,positive
4465.jpg,/kaggle/input/mvsasingle/MVSA_Single/data/4465.jpg,600,600,False,,[],0,0,positive
4466.jpg,/kaggle/input/mvsasingle/MVSA_Single/data/4466.jpg,105,140,False,,[],0,0,positive
4467.jpg,/kaggle/input/mvsasingle/MVSA_Single/data/4467.jpg,500,500,True,"We cannot learn without pain.
Aristotle","[{'x': 19, 'y': 170}, {'x': 477, 'y': 170}, {'x': 477, 'y': 321}, {'x': 19, 'y': 321}]",151,458,negative
4468.jpg,/kaggle/input/mvsasingle/MVSA_Single/data/4468.jpg,588,599,True,Miss Me,"[{'x': 445, 'y': 143}, {'x': 479, 'y': 143}, {'x': 479, 'y': 191}, {'x': 445, 'y': 191}]",48,34,negative
4469.jpg,/kaggle/input/mvsasingle/MVSA_Single/data/4469.jpg,482,600,True,"""Now, feel. I am thee and thou art me and
all of one is the other. And feel now.
Thou hast no heart but mine.""
-Ernest Hemingway","[{'x': 48, 'y': 55}, {'x': 486, 'y': 55}, {'x': 486, 'y': 190}, {'x': 48, 'y': 190}]",135,438,neutral
447.jpg,/kaggle/input/mvsasingle/MVSA_Single/data/447.jpg,600,600,True,"זיון
FRANKIE
(Pankibelle) MUA","[{'x': 4, 'y': 4}, {'x': 568, 'y': 4}, {'x': 568, 'y': 271}, {'x': 4, 'y': 271}]",267,564,positive
4470.jpg,/kaggle/input/mvsasingle/MVSA_Single/data/4470.jpg,973,400,True,"NO
Place
like
HOME","[{'x': 42, 'y': 136}, {'x': 370, 'y': 136}, {'x': 370, 'y': 835}, {'x': 42, 'y': 835}]",699,328,negative
4471.jpg,/kaggle/input/mvsasingle/MVSA_Single/data/4471.jpg,160,315,True,"""Bitterness is like
cancer. It eats
upon the host. But
anger is like fire. It
burns it all clean.""
Maya Angelou","[{'x': 165, 'y': 10}, {'x': 304, 'y': 10}, {'x': 304, 'y': 120}, {'x': 165, 'y': 120}]",110,139,neutral
4472.jpg,/kaggle/input/mvsasingle/MVSA_Single/data/4472.jpg,750,500,True,"A good
laugh and
a long
sleep are
the two
best
cures for
anything.","[{'x': 70, 'y': 180}, {'x': 295, 'y': 180}, {'x': 295, 'y': 584}, {'x': 70, 'y': 584}]",404,225,neutral
4473.jpg,/kaggle/input/mvsasingle/MVSA_Single/data/4473.jpg,899,600,False,,[],0,0,positive
4474.jpg,/kaggle/input/mvsasingle/MVSA_Single/data/4474.jpg,660,500,True,"DON'T JUDGE
MY CHOICES
WITHOUT
UNDERSTANDING
MY REASONS.","[{'x': 45, 'y': 214}, {'x': 453, 'y': 214}, {'x': 453, 'y': 445}, {'x': 45, 'y': 445}]",231,408,positive
4475.jpg,/kaggle/input/mvsasingle/MVSA_Single/data/4475.jpg,1066,600,False,,[],0,0,positive
4476.jpg,/kaggle/input/mvsasingle/MVSA_Single/data/4476.jpg,355,600,True,"C Rogers v S Marsh v S Watson
Test record as opening batsmen
Tests
Rogers
22
S Marsh
Watson
2
29
Runs scored
1,862
112
2,049
100s
5
0
2
Average
44.33
37.33
40.98","[{'x': 75, 'y': 26}, {'x': 536, 'y': 26}, {'x': 536, 'y': 329}, {'x': 75, 'y': 329}]",303,461,positive
4477.jpg,/kaggle/input/mvsasingle/MVSA_Single/data/4477.jpg,800,600,True,"Tock
SDR
obirbom
FICI
00
acid
BURL
MEAT BUNS
Serine
ARE ADVENTURE
11/14
SATURpay
BURLI
·開放
2013.4.8
2006
Chilan
Bomer
Bar
39degrees
MAKE YOUR MOVE
Our Loves Local City!
ANCHOR
THE
FLECIET
DEAL
入り口
SEARCHLIGH
SDR
ας","[{'x': 4, 'y': 3}, {'x': 592, 'y': 3}, {'x': 592, 'y': 759}, {'x': 4, 'y': 759}]",756,588,positive
4478.jpg,/kaggle/input/mvsasingle/MVSA_Single/data/4478.jpg,337,599,False,,[],0,0,positive
4479.jpg,/kaggle/input/mvsasingle/MVSA_Single/data/4479.jpg,800,600,True,"RONCHSY
SDR
SOR
いつもな
Deal Sunftor
SDR
undersign
INGLE
SUN
IRT NE
GREES
MACHIDA","[{'x': 65, 'y': 87}, {'x': 599, 'y': 87}, {'x': 599, 'y': 692}, {'x': 65, 'y': 692}]",605,534,neutral
448.jpg,/kaggle/input/mvsasingle/MVSA_Single/data/448.jpg,315,600,False,,[],0,0,positive
4480.jpg,/kaggle/input/mvsasingle/MVSA_Single/data/4480.jpg,800,600,True,Lines,"[{'x': 0, 'y': 87}, {'x': 49, 'y': 87}, {'x': 49, 'y': 114}, {'x': 0, 'y': 114}]",27,49,positive
4481.jpg,/kaggle/input/mvsasingle/MVSA_Single/data/4481.jpg,280,280,False,,[],0,0,neutral
4482.jpg,/kaggle/input/mvsasingle/MVSA_Single/data/4482.jpg,1000,549,True,"Appearing in ""The Billboard August 31, 1946
PHIL BRITO
PASSÉ
15088
Orchestra-WALTER GROSS
IT'S NOT I'M SUCH A
WOLF, IT'S JUST
YOU'RE SUCH A LAMB
""Sweetheart of Sigma Chi
O-SONNY BURKE
GORDON MACRAE
15089
STARS FELL ON ALABAMA
YOU KEEP COMING BACK
LIKE A SONG
From Paramount Picture ""Blue Sties
Orchestra WALTER GROSS
MIGUELITO VALDES
403
CASABLANCA
EL CUÁ CUÁ
MIGUELITO VALDES
AND HIS ORCHESTRA
DIZZY GILLESPIE
404
ONE BASS HIT-Part 1
DIZZY GILLESPIE SEXTET
ONE BASS HIT-Part 2
DIZZY GILLESPIE
AND HIS ORCHESTRA
NEW YORK
Musicraft
RECORDS
HOLLYWOOD
KOEHL, LANDIS AND LANDAN ADVERTISING NEW YORK CLEVELAND
AD NO. 148MU MUSICRAFT RECORDS INC. NEW YORK HOLLYWOOD
BILLBOARD AUGUST 31946 ISSUE HALF PAGE","[{'x': 128, 'y': 57}, {'x': 425, 'y': 57}, {'x': 425, 'y': 919}, {'x': 128, 'y': 919}]",862,297,negative
4483.jpg,/kaggle/input/mvsasingle/MVSA_Single/data/4483.jpg,253,506,True,"글연성 갤러리에뜨라고 올리는 썸네일
IMEISE BY CLIZERIC","[{'x': 134, 'y': 202}, {'x': 500, 'y': 202}, {'x': 500, 'y': 248}, {'x': 134, 'y': 248}]",46,366,positive
4484.jpg,/kaggle/input/mvsasingle/MVSA_Single/data/4484.jpg,667,500,False,,[],0,0,neutral
4485.jpg,/kaggle/input/mvsasingle/MVSA_Single/data/4485.jpg,300,600,False,,[],0,0,positive
4486.jpg,/kaggle/input/mvsasingle/MVSA_Single/data/4486.jpg,700,600,True,"ECTION
LECAM
EFL
621
ARE
DEGREES
MACHIDA
have aware
LEFLAH","[{'x': 0, 'y': 70}, {'x': 504, 'y': 70}, {'x': 504, 'y': 441}, {'x': 0, 'y': 441}]",371,504,positive
4487.jpg,/kaggle/input/mvsasingle/MVSA_Single/data/4487.jpg,512,512,True,"Advertisment
Guaranteed Radio Play!!!
we Guarantee 50 spins or more a day
on ROYALTY PAYING radio stations.
Try us out RISK FREE
If you don't get at least 50 spins a
day, YOU GET YOUR MONEY BACK!
678-667-8950 / 678-718-6461
SMMG Night Al Multimedia","[{'x': 6, 'y': 114}, {'x': 497, 'y': 114}, {'x': 497, 'y': 439}, {'x': 6, 'y': 439}]",325,491,positive
4488.jpg,/kaggle/input/mvsasingle/MVSA_Single/data/4488.jpg,600,600,True,"20150722
moft
au
00
HANKS","[{'x': 82, 'y': 14}, {'x': 500, 'y': 14}, {'x': 500, 'y': 538}, {'x': 82, 'y': 538}]",524,418,positive
4489.jpg,/kaggle/input/mvsasingle/MVSA_Single/data/4489.jpg,600,600,False,,[],0,0,positive
449.jpg,/kaggle/input/mvsasingle/MVSA_Single/data/449.jpg,869,600,True,Sunaf,"[{'x': 365, 'y': 673}, {'x': 491, 'y': 673}, {'x': 491, 'y': 717}, {'x': 365, 'y': 717}]",44,126,neutral
4490.jpg,/kaggle/input/mvsasingle/MVSA_Single/data/4490.jpg,337,599,False,,[],0,0,positive
4491.jpg,/kaggle/input/mvsasingle/MVSA_Single/data/4491.jpg,292,560,False,,[],0,0,positive
4492.jpg,/kaggle/input/mvsasingle/MVSA_Single/data/4492.jpg,600,600,True,OMARIO TESTINO,"[{'x': 93, 'y': 587}, {'x': 204, 'y': 587}, {'x': 204, 'y': 598}, {'x': 93, 'y': 598}]",11,111,negative
4493.jpg,/kaggle/input/mvsasingle/MVSA_Single/data/4493.jpg,360,539,False,,[],0,0,positive
4494.jpg,/kaggle/input/mvsasingle/MVSA_Single/data/4494.jpg,900,600,True,"LIKE
LIFE
ITSELF.
TEN SHORT STORIES
B.P.BROOME","[{'x': 10, 'y': 67}, {'x': 585, 'y': 67}, {'x': 585, 'y': 724}, {'x': 10, 'y': 724}]",657,575,negative
4495.jpg,/kaggle/input/mvsasingle/MVSA_Single/data/4495.jpg,341,600,True,SIMBA WITH DIZZY,"[{'x': 284, 'y': 256}, {'x': 512, 'y': 256}, {'x': 512, 'y': 282}, {'x': 284, 'y': 282}]",26,228,positive
4496.jpg,/kaggle/input/mvsasingle/MVSA_Single/data/4496.jpg,800,600,False,,[],0,0,positive
4497.jpg,/kaggle/input/mvsasingle/MVSA_Single/data/4497.jpg,314,598,False,,[],0,0,negative
4498.jpg,/kaggle/input/mvsasingle/MVSA_Single/data/4498.jpg,600,600,True,"深海魚 深海魚 深海魚
SA
E
SAMP
SAMPLE
深海魚
深海魚
深海魚","[{'x': 10, 'y': 102}, {'x': 583, 'y': 102}, {'x': 583, 'y': 493}, {'x': 10, 'y': 493}]",391,573,negative
4499.jpg,/kaggle/input/mvsasingle/MVSA_Single/data/4499.jpg,400,600,False,,[],0,0,negative
45.jpg,/kaggle/input/mvsasingle/MVSA_Single/data/45.jpg,333,499,False,,[],0,0,positive
450.jpg,/kaggle/input/mvsasingle/MVSA_Single/data/450.jpg,396,400,True,"Enough
LON
112
112 113 114","[{'x': 3, 'y': 44}, {'x': 325, 'y': 44}, {'x': 325, 'y': 212}, {'x': 3, 'y': 212}]",168,322,negative
4500.jpg,/kaggle/input/mvsasingle/MVSA_Single/data/4500.jpg,337,599,True,"Der ferne Him
BNC
磨
加獅
金獅眼鏡
DIGITALOSHAFT
助","[{'x': 0, 'y': 5}, {'x': 390, 'y': 5}, {'x': 390, 'y': 305}, {'x': 0, 'y': 305}]",300,390,positive
4501.jpg,/kaggle/input/mvsasingle/MVSA_Single/data/4501.jpg,800,600,False,,[],0,0,positive
4502.jpg,/kaggle/input/mvsasingle/MVSA_Single/data/4502.jpg,1024,577,True,"..ooo Verizon LTE 1:10 PM
@1065%
Details
<Messages Josh Stein
Wanna play 20
questions?
Ya
U first haha
Lol ok. Who was ur first
kiss
This kid name Adam
Laskey lol
Lol nice. Ur turn
Have u ever tasted
alcohol? Lol
Lol ya
I like bad boys haha. Ur
¡Message","[{'x': 11, 'y': 9}, {'x': 561, 'y': 9}, {'x': 561, 'y': 1000}, {'x': 11, 'y': 1000}]",991,550,positive
4503.jpg,/kaggle/input/mvsasingle/MVSA_Single/data/4503.jpg,337,599,False,,[],0,0,negative
4504.jpg,/kaggle/input/mvsasingle/MVSA_Single/data/4504.jpg,337,599,False,,[],0,0,negative
4505.jpg,/kaggle/input/mvsasingle/MVSA_Single/data/4505.jpg,240,320,False,,[],0,0,positive
4506.jpg,/kaggle/input/mvsasingle/MVSA_Single/data/4506.jpg,813,600,True,"ne to
ception
Dening Hours
2:00pm-4:00pm
ed all day Friday
A dog in
not just","[{'x': 0, 'y': 0}, {'x': 599, 'y': 0}, {'x': 599, 'y': 212}, {'x': 0, 'y': 212}]",212,599,negative
4507.jpg,/kaggle/input/mvsasingle/MVSA_Single/data/4507.jpg,300,600,True,"+
TITANSONLINE.COM","[{'x': 454, 'y': 2}, {'x': 567, 'y': 2}, {'x': 567, 'y': 16}, {'x': 454, 'y': 16}]",14,113,positive
4508.jpg,/kaggle/input/mvsasingle/MVSA_Single/data/4508.jpg,399,599,True,"uci
HEUSDEN
ZOLDER
UCI BMX WORLD CHAMPIONSHIPS","[{'x': 2, 'y': 356}, {'x': 136, 'y': 356}, {'x': 136, 'y': 398}, {'x': 2, 'y': 398}]",42,134,positive
4509.jpg,/kaggle/input/mvsasingle/MVSA_Single/data/4509.jpg,600,600,True,"STORY 2015
BREASTFEEDING
WELCOME HERE
BREASTFEEDING
WELCOME HERE
APOYAMOS LA
APOYAMOS LA
LACTANCIA MATERNA
LACTANCIA MATERNA
BREASTFEEDING
WELCOME HERE
APOYAMOS LA
LACTANCIA MATERNA","[{'x': 60, 'y': 88}, {'x': 490, 'y': 88}, {'x': 490, 'y': 545}, {'x': 60, 'y': 545}]",457,430,positive
451.jpg,/kaggle/input/mvsasingle/MVSA_Single/data/451.jpg,327,575,True,"Undercover China Dog Leather Investigation
01:54","[{'x': 17, 'y': 258}, {'x': 494, 'y': 258}, {'x': 494, 'y': 303}, {'x': 17, 'y': 303}]",45,477,positive
4510.jpg,/kaggle/input/mvsasingle/MVSA_Single/data/4510.jpg,640,480,True,"FIGH
WHE","[{'x': 238, 'y': 23}, {'x': 479, 'y': 23}, {'x': 479, 'y': 196}, {'x': 238, 'y': 196}]",173,241,positive
4511.jpg,/kaggle/input/mvsasingle/MVSA_Single/data/4511.jpg,474,600,True,"AWARD WINNING
BUTCHER FARM SHOP PIE MAKER
JONTHORNERS.CO.UK
01749 830138
Jon
Thorner's
OF SOMERSET
ESTABLISHED 1979
DIREC","[{'x': 10, 'y': 29}, {'x': 599, 'y': 29}, {'x': 599, 'y': 234}, {'x': 10, 'y': 234}]",205,589,neutral
4512.jpg,/kaggle/input/mvsasingle/MVSA_Single/data/4512.jpg,503,599,False,,[],0,0,neutral
4513.jpg,/kaggle/input/mvsasingle/MVSA_Single/data/4513.jpg,435,600,False,,[],0,0,positive
4514.jpg,/kaggle/input/mvsasingle/MVSA_Single/data/4514.jpg,337,599,False,,[],0,0,positive
4515.jpg,/kaggle/input/mvsasingle/MVSA_Single/data/4515.jpg,337,599,True,"MAIER
4
SASIC
13
PETER
14","[{'x': 168, 'y': 100}, {'x': 436, 'y': 100}, {'x': 436, 'y': 153}, {'x': 168, 'y': 153}]",53,268,negative
4516.jpg,/kaggle/input/mvsasingle/MVSA_Single/data/4516.jpg,900,600,False,,[],0,0,positive
4517.jpg,/kaggle/input/mvsasingle/MVSA_Single/data/4517.jpg,372,599,True,ww,"[{'x': 551, 'y': 0}, {'x': 593, 'y': 0}, {'x': 593, 'y': 25}, {'x': 551, 'y': 25}]",25,42,neutral
4518.jpg,/kaggle/input/mvsasingle/MVSA_Single/data/4518.jpg,399,600,False,,[],0,0,positive
4519.jpg,/kaggle/input/mvsasingle/MVSA_Single/data/4519.jpg,726,600,True,A,"[{'x': 546, 'y': 638}, {'x': 586, 'y': 638}, {'x': 586, 'y': 677}, {'x': 546, 'y': 677}]",39,40,positive
452.jpg,/kaggle/input/mvsasingle/MVSA_Single/data/452.jpg,568,426,True,U,"[{'x': 264, 'y': 111}, {'x': 293, 'y': 111}, {'x': 293, 'y': 132}, {'x': 264, 'y': 132}]",21,29,positive
4520.jpg,/kaggle/input/mvsasingle/MVSA_Single/data/4520.jpg,800,600,True,"thori
Cy
CHELSEA, LONDON
OTICE
GOURMET NATURA
CANDY KITTENS
NET WT. 150G/5.30Z","[{'x': 0, 'y': 201}, {'x': 464, 'y': 201}, {'x': 464, 'y': 674}, {'x': 0, 'y': 674}]",473,464,positive
4521.jpg,/kaggle/input/mvsasingle/MVSA_Single/data/4521.jpg,139,140,True,"Arms ease sitting
& standing
Additional 5","[{'x': 52, 'y': 16}, {'x': 124, 'y': 16}, {'x': 124, 'y': 130}, {'x': 52, 'y': 130}]",114,72,positive
4522.jpg,/kaggle/input/mvsasingle/MVSA_Single/data/4522.jpg,423,599,True,"SHARKNADO RISK MAP
WeatherBug
by Earth Networks""
High Risk
Elevated Risk
Increased Risk
Moderate Risk","[{'x': 46, 'y': 26}, {'x': 574, 'y': 26}, {'x': 574, 'y': 408}, {'x': 46, 'y': 408}]",382,528,negative
4523.jpg,/kaggle/input/mvsasingle/MVSA_Single/data/4523.jpg,800,600,True,"TO
ty of Sout
AF Lal Drive
Tompa 31
Results: 17-Jul-2015
1999434
1996454
KALYANI
AGNOSTICS-TAMPA
Collected
Verified By
Aste Verify
07/17/2015 130AM
07/18/2015 300AM
DERASARI KALYAN
N
Mage
Final
atty acids.
Linita
Reference Rang
Elas
AL
MG/DL
1730
Good
MODL
H
MG/DL
MG/DL CALC
CALC
125200 200
FOR-40
-130
<OR-50
LESTEROL
N
vider:
TM268550Mq
DERASARIKALYANI
Location: QUEST DIAGNOSTICS-TAMPA
MPREHENSIVE METABOLIC PANEL
LUCOSE, SERUM
77
UREA NITROGEN BUNney
CREATININE
EGFR AFRICAN AMERICAN
GFR Non-African American
BUN/CREATININE RATIO
SODIUM
POTASSIUM
CHLORIDE
CARBON DIOXIDE
CALCIUM
PROTEIN, TOTAL
ALBUMIN
GLOBULIN
ALBUMIN/GLOBULIN RATIO
BILIRUBIN, TOTAL Yellow
ALKALINE PHOSPHATASE
AST
ALT
Printed by: Santini, Roberta
MG/DL CALC
Collected
Ressited:
07/17/2015 12:00:00AM
Verified By:
07/18/2015 1:00:00AM
Auto Verify:
DERASARI, KALYANI
N
Result
Stage
Final
Units
77
Elag
Reference Range
MG/DL
65-99
16
1.21
MG/DL
7-25
98
MG/DL
0.60-1.35
84
ML/MIN
>OR-60
NOT APPLICABLE CALC
MUMIN/17
OR-60
142
6-22
MMOL/L
135-146
4.1
MMOLL
3.5-5.3
105
MMOL/L
98-110
24
MMOLL
19-30
9.6
MG/DL
8.6-10.39.6
7.5
G/DL
6.1-8.1
4.7
G/DL
3.6-5.T
G/DL CALC
1.9-3.7
1.0-2.5
CALC
MG/DL
0.2-1.2
Liver U
40-115
UL
U/L
HH
10-40
9-46
Page 1 of 2","[{'x': 0, 'y': 0}, {'x': 588, 'y': 0}, {'x': 588, 'y': 761}, {'x': 0, 'y': 761}]",761,588,negative
4524.jpg,/kaggle/input/mvsasingle/MVSA_Single/data/4524.jpg,253,506,True,"DRESS YOUR CHEVROLET
AND WIN A DAY ON THE GRANDSLAN STANDS
#CHEVYTUAИUP
CHEVROLET","[{'x': 14, 'y': 79}, {'x': 446, 'y': 79}, {'x': 446, 'y': 242}, {'x': 14, 'y': 242}]",163,432,positive
4525.jpg,/kaggle/input/mvsasingle/MVSA_Single/data/4525.jpg,464,599,False,,[],0,0,negative
4526.jpg,/kaggle/input/mvsasingle/MVSA_Single/data/4526.jpg,439,599,True,"Learning doesn't just happen to us by
chance. We have to fight for it with a
committed appetite, bellying up to
the table for second and third
helpings every single day.
Ginger Lewman
ESSDACK
Hutchinson, Kansas","[{'x': 8, 'y': 92}, {'x': 595, 'y': 92}, {'x': 595, 'y': 426}, {'x': 8, 'y': 426}]",334,587,positive
4527.jpg,/kaggle/input/mvsasingle/MVSA_Single/data/4527.jpg,468,599,True,"""I've learned that people will
forget what you said, people
will forget what you did, but
people will never forget how
you made them feel.""
-Maya Angelou","[{'x': 33, 'y': 57}, {'x': 519, 'y': 57}, {'x': 519, 'y': 394}, {'x': 33, 'y': 394}]",337,486,neutral
4528.jpg,/kaggle/input/mvsasingle/MVSA_Single/data/4528.jpg,412,599,False,,[],0,0,neutral
4529.jpg,/kaggle/input/mvsasingle/MVSA_Single/data/4529.jpg,900,600,True,REALITYKINGS.COM,"[{'x': 382, 'y': 878}, {'x': 592, 'y': 878}, {'x': 592, 'y': 894}, {'x': 382, 'y': 894}]",16,210,neutral
453.jpg,/kaggle/input/mvsasingle/MVSA_Single/data/453.jpg,300,600,True,"Turkish
Animal
✪>>>
Saving st
Group
animals
holidög
Please vote for Turkish Animal Group
rescue in the ""Holidog"" competition
on Facebook! If they win, they will
receive £500 to help save abused and
neglected dogs in Turkey like
Alfie (left) that have no one else to
care for them or protect them.","[{'x': 52, 'y': 21}, {'x': 570, 'y': 21}, {'x': 570, 'y': 290}, {'x': 52, 'y': 290}]",269,518,negative
4530.jpg,/kaggle/input/mvsasingle/MVSA_Single/data/4530.jpg,337,599,True,Diosa Susi,"[{'x': 73, 'y': 34}, {'x': 174, 'y': 34}, {'x': 174, 'y': 55}, {'x': 73, 'y': 55}]",21,101,negative
4531.jpg,/kaggle/input/mvsasingle/MVSA_Single/data/4531.jpg,400,600,False,,[],0,0,neutral
4532.jpg,/kaggle/input/mvsasingle/MVSA_Single/data/4532.jpg,450,600,False,,[],0,0,positive
4533.jpg,/kaggle/input/mvsasingle/MVSA_Single/data/4533.jpg,800,600,True,Coca-Cola,"[{'x': 283, 'y': 138}, {'x': 361, 'y': 138}, {'x': 361, 'y': 174}, {'x': 283, 'y': 174}]",36,78,positive
4534.jpg,/kaggle/input/mvsasingle/MVSA_Single/data/4534.jpg,650,600,True,"WINNER-ōō(EMPTY) M/V
17,006,034 views
192K
4K
WINNER
Subscribed
479,374 subscribers","[{'x': 35, 'y': 376}, {'x': 538, 'y': 376}, {'x': 538, 'y': 624}, {'x': 35, 'y': 624}]",248,503,positive
4535.jpg,/kaggle/input/mvsasingle/MVSA_Single/data/4535.jpg,370,300,False,,[],0,0,positive
4536.jpg,/kaggle/input/mvsasingle/MVSA_Single/data/4536.jpg,450,600,True,"ora..
DETERMINATION","[{'x': 241, 'y': 30}, {'x': 543, 'y': 30}, {'x': 543, 'y': 63}, {'x': 241, 'y': 63}]",33,302,positive
4537.jpg,/kaggle/input/mvsasingle/MVSA_Single/data/4537.jpg,800,600,True,"POP ROCK Cata
LISA Mhzree
IT.C
QU
EVER
NERS
BEMERMAID
G
鈴鹿店スタッフ
激押し!!
нэлэл
AW A
渾身のROCK チューンになるとのこと!!
ІН
ПОК ЭЛ1980-1
ROCK
wo
情報が届きました!!
LISAATE
Enpry HERゃんが作詞 ¥2800+税
ニューシングルリリース。
完全生產限定
DESTROY ALL
MONSTERS
通常温 ¥1200+税
和生產限定盤CD+DVD
¥1600+税
S
S
QU
WIN
予約の際はこちらをスタッフまでお持ちください
special
60D
ご予約の際はこちらをスタッフまでお持ちください
コthシング
pty MERMAID
9/29入荷!!三
9th
Empty MERMAID
VESTRO
MONSTERS,
09/29入荷!!三
DESTROY ALL
MONSTERS","[{'x': 0, 'y': 23}, {'x': 591, 'y': 23}, {'x': 591, 'y': 777}, {'x': 0, 'y': 777}]",754,591,neutral
4538.jpg,/kaggle/input/mvsasingle/MVSA_Single/data/4538.jpg,668,429,True,"015.08.05
'대개봉
HIE
8월 5일 대개
CHOHESHTE
8월
대개봉
8월 5
OSEN","[{'x': 0, 'y': 173}, {'x': 407, 'y': 173}, {'x': 407, 'y': 652}, {'x': 0, 'y': 652}]",479,407,positive
4539.jpg,/kaggle/input/mvsasingle/MVSA_Single/data/4539.jpg,800,600,True,"4 2769
NETS
8:57","[{'x': 0, 'y': 511}, {'x': 115, 'y': 511}, {'x': 115, 'y': 760}, {'x': 0, 'y': 760}]",249,115,negative
454.jpg,/kaggle/input/mvsasingle/MVSA_Single/data/454.jpg,600,600,False,,[],0,0,negative
4540.jpg,/kaggle/input/mvsasingle/MVSA_Single/data/4540.jpg,277,599,False,,[],0,0,negative
4541.jpg,/kaggle/input/mvsasingle/MVSA_Single/data/4541.jpg,716,599,True,HAEppySJ,"[{'x': 11, 'y': 678}, {'x': 113, 'y': 678}, {'x': 113, 'y': 705}, {'x': 11, 'y': 705}]",27,102,positive
4542.jpg,/kaggle/input/mvsasingle/MVSA_Single/data/4542.jpg,416,599,True,CRIS,"[{'x': 416, 'y': 201}, {'x': 455, 'y': 201}, {'x': 455, 'y': 231}, {'x': 416, 'y': 231}]",30,39,positive
4543.jpg,/kaggle/input/mvsasingle/MVSA_Single/data/4543.jpg,450,600,False,,[],0,0,negative
4544.jpg,/kaggle/input/mvsasingle/MVSA_Single/data/4544.jpg,335,595,True,"MEXICO
AFP","[{'x': 301, 'y': 0}, {'x': 589, 'y': 0}, {'x': 589, 'y': 330}, {'x': 301, 'y': 330}]",330,288,positive
4545.jpg,/kaggle/input/mvsasingle/MVSA_Single/data/4545.jpg,800,600,True,1+,"[{'x': 388, 'y': 432}, {'x': 402, 'y': 432}, {'x': 402, 'y': 454}, {'x': 388, 'y': 454}]",22,14,neutral
4546.jpg,/kaggle/input/mvsasingle/MVSA_Single/data/4546.jpg,389,500,True,"FREE
MEEK MIL","[{'x': 247, 'y': 156}, {'x': 351, 'y': 156}, {'x': 351, 'y': 312}, {'x': 247, 'y': 312}]",156,104,negative
4547.jpg,/kaggle/input/mvsasingle/MVSA_Single/data/4547.jpg,403,403,True,"Adopt Me!
(905) 896-5864 ⚫ mississauga.ca/adoptapet","[{'x': 19, 'y': 341}, {'x': 381, 'y': 341}, {'x': 381, 'y': 385}, {'x': 19, 'y': 385}]",44,362,negative
4548.jpg,/kaggle/input/mvsasingle/MVSA_Single/data/4548.jpg,450,600,True,"HE DAILY SHOW
EWART
OM
ريال","[{'x': 52, 'y': 18}, {'x': 593, 'y': 18}, {'x': 593, 'y': 404}, {'x': 52, 'y': 404}]",386,541,neutral
4549.jpg,/kaggle/input/mvsasingle/MVSA_Single/data/4549.jpg,1024,576,False,,[],0,0,negative
455.jpg,/kaggle/input/mvsasingle/MVSA_Single/data/455.jpg,375,500,True,"HELLO
Prosieben
ARFORCE","[{'x': 0, 'y': 112}, {'x': 165, 'y': 112}, {'x': 165, 'y': 230}, {'x': 0, 'y': 230}]",118,165,positive
4550.jpg,/kaggle/input/mvsasingle/MVSA_Single/data/4550.jpg,399,532,True,STE,"[{'x': 184, 'y': 152}, {'x': 273, 'y': 152}, {'x': 273, 'y': 210}, {'x': 184, 'y': 210}]",58,89,negative
4551.jpg,/kaggle/input/mvsasingle/MVSA_Single/data/4551.jpg,228,455,True,"DE HEXE
AUTOPISTA NO
ELECTRICA
PUEBLOS VIVOS
#apuntatAlVolt","[{'x': 25, 'y': 1}, {'x': 445, 'y': 1}, {'x': 445, 'y': 227}, {'x': 25, 'y': 227}]",226,420,neutral
4552.jpg,/kaggle/input/mvsasingle/MVSA_Single/data/4552.jpg,450,600,True,"wim with the
of principle,
rock.""
Chomas Jefferson
STUCO NEWS
A FOGA
HAST","[{'x': 0, 'y': 138}, {'x': 390, 'y': 138}, {'x': 390, 'y': 187}, {'x': 0, 'y': 187}]",49,390,negative
4553.jpg,/kaggle/input/mvsasingle/MVSA_Single/data/4553.jpg,337,599,True,EXIT,"[{'x': 567, 'y': 94}, {'x': 584, 'y': 94}, {'x': 584, 'y': 109}, {'x': 567, 'y': 109}]",15,17,negative
4554.jpg,/kaggle/input/mvsasingle/MVSA_Single/data/4554.jpg,337,599,True,"BOLD
BILD","[{'x': 143, 'y': 89}, {'x': 267, 'y': 89}, {'x': 267, 'y': 104}, {'x': 143, 'y': 104}]",15,124,neutral
4555.jpg,/kaggle/input/mvsasingle/MVSA_Single/data/4555.jpg,360,599,False,,[],0,0,negative
4556.jpg,/kaggle/input/mvsasingle/MVSA_Single/data/4556.jpg,600,600,True,"LI
Senpai
PLEASE
FOLLOW
BACK","[{'x': 104, 'y': 1}, {'x': 476, 'y': 1}, {'x': 476, 'y': 463}, {'x': 104, 'y': 463}]",462,372,negative
4557.jpg,/kaggle/input/mvsasingle/MVSA_Single/data/4557.jpg,600,600,True,"WOULD
STATISTICS
SHOW
THAT 2 OUT OF
100 PEOPLE
WOULD FOLLOW
BACK. IAM ONE.
ARE YOU THE
OTHER?","[{'x': 36, 'y': 32}, {'x': 578, 'y': 32}, {'x': 578, 'y': 548}, {'x': 36, 'y': 548}]",516,542,negative
4558.jpg,/kaggle/input/mvsasingle/MVSA_Single/data/4558.jpg,801,600,True,"If you look
Really
Really
Really
Really
Close. You can see this.
I follow bark","[{'x': 173, 'y': 96}, {'x': 476, 'y': 96}, {'x': 476, 'y': 700}, {'x': 173, 'y': 700}]",604,303,negative
4559.jpg,/kaggle/input/mvsasingle/MVSA_Single/data/4559.jpg,304,236,False,,[],0,0,negative
456.jpg,/kaggle/input/mvsasingle/MVSA_Single/data/456.jpg,718,473,False,,[],0,0,neutral
4560.jpg,/kaggle/input/mvsasingle/MVSA_Single/data/4560.jpg,600,600,False,,[],0,0,positive
4561.jpg,/kaggle/input/mvsasingle/MVSA_Single/data/4561.jpg,500,599,True,ESSY,"[{'x': 108, 'y': 96}, {'x': 223, 'y': 96}, {'x': 223, 'y': 308}, {'x': 108, 'y': 308}]",212,115,negative
4562.jpg,/kaggle/input/mvsasingle/MVSA_Single/data/4562.jpg,1024,458,True,"Stop it dad
C
BLOCK
What you call
an undead bee?
CA
BLOW
PLEASE
STOP
A zombee!
CK
A zom-bee, Coral.","[{'x': 67, 'y': 47}, {'x': 366, 'y': 47}, {'x': 366, 'y': 1001}, {'x': 67, 'y': 1001}]",954,299,positive
4563.jpg,/kaggle/input/mvsasingle/MVSA_Single/data/4563.jpg,856,600,True,"FGORGHTERS
JULY 8 & 9
caradelevingne
MARLYH
MANSON
PEVER FRAMPTON
CHEAP TRICK
AUGL
13h
FROM THE AUTHOR OF
THE FAULT IN OUR STARS
ENCORE
AUGUST
Shirkenor
BASCAL FLATS
AUGUST 27
ROBERT PLAST
GET LOST GET FOUND
PAPER TOWNS
PaperTownMovie.com
SUMMER 2015
PaperTowns
о
663,600 likes
NXNE
Budwe","[{'x': 6, 'y': 37}, {'x': 599, 'y': 37}, {'x': 599, 'y': 836}, {'x': 6, 'y': 836}]",799,593,positive
4564.jpg,/kaggle/input/mvsasingle/MVSA_Single/data/4564.jpg,394,485,True,"IS SHE GONNA
BE OKAY?
ONLY TIME
WILL TELL
WHAT DO YOU
KNOW ABOUT
MY WIFE!?","[{'x': 17, 'y': 7}, {'x': 254, 'y': 7}, {'x': 254, 'y': 332}, {'x': 17, 'y': 332}]",325,237,negative
4565.jpg,/kaggle/input/mvsasingle/MVSA_Single/data/4565.jpg,1024,577,False,,[],0,0,positive
4566.jpg,/kaggle/input/mvsasingle/MVSA_Single/data/4566.jpg,294,294,True,203,"[{'x': 126, 'y': 115}, {'x': 191, 'y': 115}, {'x': 191, 'y': 229}, {'x': 126, 'y': 229}]",114,65,positive
4567.jpg,/kaggle/input/mvsasingle/MVSA_Single/data/4567.jpg,900,599,False,,[],0,0,positive
4568.jpg,/kaggle/input/mvsasingle/MVSA_Single/data/4568.jpg,389,599,False,,[],0,0,neutral
4569.jpg,/kaggle/input/mvsasingle/MVSA_Single/data/4569.jpg,400,600,False,,[],0,0,neutral
457.jpg,/kaggle/input/mvsasingle/MVSA_Single/data/457.jpg,450,600,True,"Done
Saving gane ""quik"".
Done.
096
45
296","[{'x': 3, 'y': 2}, {'x': 575, 'y': 2}, {'x': 575, 'y': 434}, {'x': 3, 'y': 434}]",432,572,negative
4570.jpg,/kaggle/input/mvsasingle/MVSA_Single/data/4570.jpg,391,347,False,,[],0,0,positive
4571.jpg,/kaggle/input/mvsasingle/MVSA_Single/data/4571.jpg,1024,576,True,"Are you really that
dumb
????????????????
????????????????
????????????????
????????????????
????????????????
????????????????
????????????????
????????????????
??????? ??????","[{'x': 46, 'y': 248}, {'x': 549, 'y': 248}, {'x': 549, 'y': 899}, {'x': 46, 'y': 899}]",651,503,positive
4572.jpg,/kaggle/input/mvsasingle/MVSA_Single/data/4572.jpg,420,600,True,"eTu
30
Q
Treasure.Mrk","[{'x': 2, 'y': 69}, {'x': 577, 'y': 69}, {'x': 577, 'y': 407}, {'x': 2, 'y': 407}]",338,575,positive
4573.jpg,/kaggle/input/mvsasingle/MVSA_Single/data/4573.jpg,1066,600,False,,[],0,0,positive
4574.jpg,/kaggle/input/mvsasingle/MVSA_Single/data/4574.jpg,450,600,False,,[],0,0,neutral
4575.jpg,/kaggle/input/mvsasingle/MVSA_Single/data/4575.jpg,800,600,True,"FIND TH
JOY
IN THE
405
JHO","[{'x': 205, 'y': 236}, {'x': 378, 'y': 236}, {'x': 378, 'y': 343}, {'x': 205, 'y': 343}]",107,173,positive
4576.jpg,/kaggle/input/mvsasingle/MVSA_Single/data/4576.jpg,600,600,True,"oh yes lucifer
RIP","[{'x': 481, 'y': 354}, {'x': 597, 'y': 354}, {'x': 597, 'y': 434}, {'x': 481, 'y': 434}]",80,116,neutral
4577.jpg,/kaggle/input/mvsasingle/MVSA_Single/data/4577.jpg,308,598,True,"4 TRAITS ENGAGED EMPLOYEES EXHIBIT
ENTHUSIASM
employees are
enthusiastic about work
INSPIRED
employees are motivated
by their leaders
T
EMPOWERED
employees are allowed
to do the work their way
CONFIDENT
employees are sure they
can achieve excellence","[{'x': 53, 'y': 35}, {'x': 568, 'y': 35}, {'x': 568, 'y': 278}, {'x': 53, 'y': 278}]",243,515,positive
4578.jpg,/kaggle/input/mvsasingle/MVSA_Single/data/4578.jpg,337,599,True,"E
TOWA","[{'x': 225, 'y': 187}, {'x': 285, 'y': 187}, {'x': 285, 'y': 239}, {'x': 225, 'y': 239}]",52,60,negative
4579.jpg,/kaggle/input/mvsasingle/MVSA_Single/data/4579.jpg,802,600,True,"asar
A","[{'x': 254, 'y': 366}, {'x': 314, 'y': 366}, {'x': 314, 'y': 421}, {'x': 254, 'y': 421}]",55,60,positive
458.jpg,/kaggle/input/mvsasingle/MVSA_Single/data/458.jpg,585,600,True,199,"[{'x': 344, 'y': 262}, {'x': 376, 'y': 262}, {'x': 376, 'y': 293}, {'x': 344, 'y': 293}]",31,32,neutral
4580.jpg,/kaggle/input/mvsasingle/MVSA_Single/data/4580.jpg,559,390,True,"What is Consent?
Enthusiastic
✓ Sober
✔Mutual
Voluntary
✓Communicated clearly
before any sexual activity
Sex without consent is sexual assault!
It is a crime, and it is NOT okay!
Take a stand against sexual
violence!
A message from the CCU CARES Coalition
LiveWell
CCU
The
COAST","[{'x': 39, 'y': 95}, {'x': 349, 'y': 95}, {'x': 349, 'y': 495}, {'x': 39, 'y': 495}]",400,310,negative
4581.jpg,/kaggle/input/mvsasingle/MVSA_Single/data/4581.jpg,800,600,True,度,"[{'x': 536, 'y': 118}, {'x': 587, 'y': 118}, {'x': 587, 'y': 182}, {'x': 536, 'y': 182}]",64,51,negative
4582.jpg,/kaggle/input/mvsasingle/MVSA_Single/data/4582.jpg,398,599,True,"ОРГАНИЗАЦИЯ ОБЪЕДИНЕННЫХ НАЦИЙ
S
NACIONES UNIDAS
Viena
ONES UNIDAS
Viena
联合国
黑色
الأمم المتحدة
المتحدة
联合国
NATIONS U
Vienne
ЇХ НАЦИЙ","[{'x': 0, 'y': 63}, {'x': 598, 'y': 63}, {'x': 598, 'y': 327}, {'x': 0, 'y': 327}]",264,598,positive
4583.jpg,/kaggle/input/mvsasingle/MVSA_Single/data/4583.jpg,1024,577,True,"...oo Verizon
2:16 AM
@ 8%
←
PHOTO
с
chrisbrownofficial
Chris looking at Twitter like ""for
once it ain't me""
182,604 likes
1h
000","[{'x': 9, 'y': 9}, {'x': 558, 'y': 9}, {'x': 558, 'y': 918}, {'x': 9, 'y': 918}]",909,549,positive
4584.jpg,/kaggle/input/mvsasingle/MVSA_Single/data/4584.jpg,668,573,False,,[],0,0,negative
4585.jpg,/kaggle/input/mvsasingle/MVSA_Single/data/4585.jpg,450,600,True,KIRO,"[{'x': 403, 'y': 396}, {'x': 449, 'y': 396}, {'x': 449, 'y': 411}, {'x': 403, 'y': 411}]",15,46,positive
4586.jpg,/kaggle/input/mvsasingle/MVSA_Single/data/4586.jpg,370,577,True,EUPHORIA SUNRISE SMOOTHIE,"[{'x': 23, 'y': 318}, {'x': 554, 'y': 318}, {'x': 554, 'y': 342}, {'x': 23, 'y': 342}]",24,531,negative
4587.jpg,/kaggle/input/mvsasingle/MVSA_Single/data/4587.jpg,800,480,True,"93% 14:36
ความคิดเห็นที่ 3
iamu flying petals uwulusivasunsaUSIUSIH
ninamuautiqalseaonjugaunsau 2000
SM 1.42GBIWDJUNAN
ไม่รู้ว่าฟลายอิ้งจะรวบแค่ของทางเกาหลี หรือเอาของ
ต่างประเทศด้วย ก็คงต้องรอดูกันต่อไป
flying petals
@flying_petals
อืดตามอยู่
메일함이 2000개가 넘어가고 있어요 메일이
쏟아지는 관계로 낱개로 보내주시는것 보다
는 이왕이면 압축파일로 한번에 묶어서 주시
면 고맙겠습니당8ㅅ8 확인은 더디지만 보내
주시는 관련 자료들 차곡차곡 정리중이에요
etc
네이버
다음
수정한 날짜
2015-07-21 오후
2015-07-21 오전
2015-07-21 오전
2015-07-21 오전
위치:
datal
종류:
파일 폴더
크기:
2015-07-21 오전
인스타그램
트위터
2015-07-21 오전
CWUsersWuserWDesktop
1.42G (1.529.633.788 바이트)
디스크 할당 크기: 1.4268 (1.532.668.952 바이트)
내용:
파일 1,516 더28
2015-07-21 오전
만든 날짜:
2015년 7월 21일 오늘 15시간전
읽기 전용(폴더의 타일에만 적용XR)
김어
고급
확인
Loppuwe 22ns pru 2558 pm 13:49:36
Desktop Version
แบ่งปืน","[{'x': 19, 'y': 7}, {'x': 463, 'y': 7}, {'x': 463, 'y': 781}, {'x': 19, 'y': 781}]",774,444,positive
4588.jpg,/kaggle/input/mvsasingle/MVSA_Single/data/4588.jpg,337,600,True,"www.pptythailand.com www.
w.pptvthailand.com wi
ailand.com
A
PPTV HD","[{'x': 9, 'y': 8}, {'x': 598, 'y': 8}, {'x': 598, 'y': 324}, {'x': 9, 'y': 324}]",316,589,negative
4589.jpg,/kaggle/input/mvsasingle/MVSA_Single/data/4589.jpg,337,599,True,"Blooming! 内田心
Blooming!
ya Uchida
南月
**","[{'x': 110, 'y': 141}, {'x': 421, 'y': 141}, {'x': 421, 'y': 262}, {'x': 110, 'y': 262}]",121,311,negative
459.jpg,/kaggle/input/mvsasingle/MVSA_Single/data/459.jpg,600,600,False,,[],0,0,positive
4590.jpg,/kaggle/input/mvsasingle/MVSA_Single/data/4590.jpg,450,600,False,,[],0,0,positive
4591.jpg,/kaggle/input/mvsasingle/MVSA_Single/data/4591.jpg,360,600,False,,[],0,0,negative
4592.jpg,/kaggle/input/mvsasingle/MVSA_Single/data/4592.jpg,600,600,True,TPE,"[{'x': 435, 'y': 107}, {'x': 580, 'y': 107}, {'x': 580, 'y': 138}, {'x': 435, 'y': 138}]",31,145,positive
4593.jpg,/kaggle/input/mvsasingle/MVSA_Single/data/4593.jpg,369,600,False,,[],0,0,positive
4594.jpg,/kaggle/input/mvsasingle/MVSA_Single/data/4594.jpg,800,600,True,"ATE OF ELHOR
FOREVER METAL
BLEND","[{'x': 110, 'y': 306}, {'x': 498, 'y': 306}, {'x': 498, 'y': 351}, {'x': 110, 'y': 351}]",45,388,positive
4595.jpg,/kaggle/input/mvsasingle/MVSA_Single/data/4595.jpg,640,480,True,"Cheeta
Puffs","[{'x': 0, 'y': 303}, {'x': 250, 'y': 303}, {'x': 250, 'y': 534}, {'x': 0, 'y': 534}]",231,250,negative
4596.jpg,/kaggle/input/mvsasingle/MVSA_Single/data/4596.jpg,512,512,False,,[],0,0,neutral
4597.jpg,/kaggle/input/mvsasingle/MVSA_Single/data/4597.jpg,303,598,True,"Bogus Case Still no effect
Baseless Allegations - Yet no impact
Many FRAUD witness - Zero Change on faith
Looking at their losing side, now conspirators are looking
to commit death attack on Asaram Bapu Ji!
Sudarshan News added 2 new photos.
5hrs Edited
ब्रेकिंग न्यूज- आसाराम बापू जी को जान से मारने का गंभीर प्रयास होगा। जान का खतरा
लेबल / सबसे ज्यादा बठा। लेकिन सरकार और समर्थक गंभीर नही
अब तक गवाहों का कत्ल किया गया अब बापु को जान से मारने का गंभीर प्रयास होगा।
२००६ से सुदर्शन ने बापू के बारे में जो भी भविष्यवाणी कि वह हमेशा सही निकली। आज
कि भविष्यवाणी सहि ना निकले ऐसा हम भी चाहेंगे। लेकिन दुर्भाग्य से बापू के विरोधी
शक्तीयों समर्थकों से ज्यादा वेल प्लान्ड, संघटीत सामर्थशाली और परीनाम कारक
साबित हुई है।
इस लिए हम सबेरे ५ बजे इस समाचार को ब्रेकिंग न्यूज में तात्काल दे रहे हैं।
विस्तार से जानने के लिए देखते रहे सुदर्शन। जल्दि ही विशेष प्रस्तुति। Height of FRUSTRATION ?/
www.isupport.SudarshanNews.com","[{'x': 7, 'y': 9}, {'x': 590, 'y': 9}, {'x': 590, 'y': 301}, {'x': 7, 'y': 301}]",292,583,negative
4598.jpg,/kaggle/input/mvsasingle/MVSA_Single/data/4598.jpg,500,330,True,"THE #1 NEW YORK TIMES BEST SELLER BY
MELISSA DE LA CRUZ
Isle
of the
Lost
DESCENDANTS NOVEL","[{'x': 37, 'y': 19}, {'x': 296, 'y': 19}, {'x': 296, 'y': 466}, {'x': 37, 'y': 466}]",447,259,negative
4599.jpg,/kaggle/input/mvsasingle/MVSA_Single/data/4599.jpg,154,327,True,"The new nation called Nigeria should be an
estate of our great-grandfather, Uthman
Dan Fodio. We must ruthlessly prevent a
change of power. We use the minorities of
the North as willing tools and the South as a
conquered territory and never allow them to
rule over us, and never allow them to have
control over their future.
Almada Bello
AZ QUOTES","[{'x': 131, 'y': 14}, {'x': 311, 'y': 14}, {'x': 311, 'y': 144}, {'x': 131, 'y': 144}]",130,180,positive
46.jpg,/kaggle/input/mvsasingle/MVSA_Single/data/46.jpg,600,600,False,,[],0,0,negative
460.jpg,/kaggle/input/mvsasingle/MVSA_Single/data/460.jpg,256,599,False,,[],0,0,negative
4600.jpg,/kaggle/input/mvsasingle/MVSA_Single/data/4600.jpg,249,500,True,"NEW TOKE THE RESTSELLING SERIES
SCHOOL
GOOD
SCHOOL
EVIL
GOOD
AND
A WORLD WITHOUT PRINCES
SCHOOL
GOOD
COND
So SLAINANI
SOMAN CHAINANI
SOMAN CHAINANI","[{'x': 23, 'y': 11}, {'x': 474, 'y': 11}, {'x': 474, 'y': 239}, {'x': 23, 'y': 239}]",228,451,negative
4601.jpg,/kaggle/input/mvsasingle/MVSA_Single/data/4601.jpg,300,600,True,"JOHN KERRY
BARACK OBAMA
THE SUM OF ALL LIES","[{'x': 34, 'y': 16}, {'x': 557, 'y': 16}, {'x': 557, 'y': 107}, {'x': 34, 'y': 107}]",91,523,negative
4602.jpg,/kaggle/input/mvsasingle/MVSA_Single/data/4602.jpg,374,500,False,,[],0,0,negative
4603.jpg,/kaggle/input/mvsasingle/MVSA_Single/data/4603.jpg,362,480,True,MILLE,"[{'x': 404, 'y': 48}, {'x': 466, 'y': 48}, {'x': 466, 'y': 68}, {'x': 404, 'y': 68}]",20,62,neutral
4604.jpg,/kaggle/input/mvsasingle/MVSA_Single/data/4604.jpg,860,599,True,"女の子の体の
中心線はこれぐらい
グニャらせた方が、
より艶めかしい!","[{'x': 449, 'y': 337}, {'x': 545, 'y': 337}, {'x': 545, 'y': 529}, {'x': 449, 'y': 529}]",192,96,negative
4605.jpg,/kaggle/input/mvsasingle/MVSA_Single/data/4605.jpg,887,599,True,"www
XIII","[{'x': 247, 'y': 114}, {'x': 361, 'y': 114}, {'x': 361, 'y': 451}, {'x': 247, 'y': 451}]",337,114,neutral
4606.jpg,/kaggle/input/mvsasingle/MVSA_Single/data/4606.jpg,398,599,True,"SHO FTSE 6676.03
x2
0 min
EADERSHIP
LIVE WESTMINSTER
YOUGOV RESEARCH FOR THE TIMES PUTS JEREMY COM
ON 43%","[{'x': 3, 'y': 38}, {'x': 549, 'y': 38}, {'x': 549, 'y': 397}, {'x': 3, 'y': 397}]",359,546,positive
4607.jpg,/kaggle/input/mvsasingle/MVSA_Single/data/4607.jpg,557,570,True,&,"[{'x': 139, 'y': 94}, {'x': 297, 'y': 94}, {'x': 297, 'y': 217}, {'x': 139, 'y': 217}]",123,158,positive
4608.jpg,/kaggle/input/mvsasingle/MVSA_Single/data/4608.jpg,895,600,False,,[],0,0,positive
4609.jpg,/kaggle/input/mvsasingle/MVSA_Single/data/4609.jpg,666,500,True,www.JJ.AM,"[{'x': 2, 'y': 657}, {'x': 44, 'y': 657}, {'x': 44, 'y': 664}, {'x': 2, 'y': 664}]",7,42,positive
461.jpg,/kaggle/input/mvsasingle/MVSA_Single/data/461.jpg,337,599,False,,[],0,0,neutral
4610.jpg,/kaggle/input/mvsasingle/MVSA_Single/data/4610.jpg,307,513,True,"LIVERPOOL FC
YOU'LL NEVER WALK ALONE
Garuda Indonsia","[{'x': 94, 'y': 26}, {'x': 385, 'y': 26}, {'x': 385, 'y': 275}, {'x': 94, 'y': 275}]",249,291,positive
4611.jpg,/kaggle/input/mvsasingle/MVSA_Single/data/4611.jpg,877,600,True,only,"[{'x': 513, 'y': 0}, {'x': 599, 'y': 0}, {'x': 599, 'y': 31}, {'x': 513, 'y': 31}]",31,86,positive
4612.jpg,/kaggle/input/mvsasingle/MVSA_Single/data/4612.jpg,317,307,True,"UINQ
AQUINO
ABUNDA
TONIGHT
SJSBB
UST
WAY","[{'x': 5, 'y': 111}, {'x': 243, 'y': 111}, {'x': 243, 'y': 308}, {'x': 5, 'y': 308}]",197,238,positive
4613.jpg,/kaggle/input/mvsasingle/MVSA_Single/data/4613.jpg,800,600,False,,[],0,0,positive
4614.jpg,/kaggle/input/mvsasingle/MVSA_Single/data/4614.jpg,450,600,False,,[],0,0,positive
4615.jpg,/kaggle/input/mvsasingle/MVSA_Single/data/4615.jpg,1017,600,True,"HELLO
ASIA
Hello Asia!
@HelloAsiaAU
Tweet
The boys from #BTS, excited for their
#TRBin Melbourne performance
tonight! #Bangtan Boys #BTSAUS
#TRBinAustralia
BED-BULLET THE BED BULLET
BED BULLET
EBED BULLET
LE BED
THE BED
THE BED BULLET
Reply to Hello Asia!
914
2015 87S LIVE TRILOGY IN AUSTRALIA
EPISODE
THE BED BUL
Home
Notifications
Messages
Me","[{'x': 15, 'y': 14}, {'x': 582, 'y': 14}, {'x': 582, 'y': 1015}, {'x': 15, 'y': 1015}]",1001,567,negative
4616.jpg,/kaggle/input/mvsasingle/MVSA_Single/data/4616.jpg,600,600,True,"Trending: Philippines
#harryappreciationday
#ViceRyllePamatay Lines
#psynahuhulog
#ThankYouDreamscapeWithWings
#OTWOLIs Getting Exciting
HAPPY BAILONA DAY
SEIZEtheDAY JOSHANE
Kim Woo Bin and Shin Min Ah","[{'x': 17, 'y': 28}, {'x': 448, 'y': 28}, {'x': 448, 'y': 599}, {'x': 17, 'y': 599}]",571,431,neutral
4617.jpg,/kaggle/input/mvsasingle/MVSA_Single/data/4617.jpg,600,600,True,"STYLED
BY
PEYTON
VE
FASHION
EW YORK
CITY
BONGO","[{'x': 60, 'y': 27}, {'x': 560, 'y': 27}, {'x': 560, 'y': 588}, {'x': 60, 'y': 588}]",561,500,positive
4618.jpg,/kaggle/input/mvsasingle/MVSA_Single/data/4618.jpg,400,400,True,@Beulackjack,"[{'x': 293, 'y': 185}, {'x': 311, 'y': 185}, {'x': 311, 'y': 269}, {'x': 293, 'y': 269}]",84,18,positive
4619.jpg,/kaggle/input/mvsasingle/MVSA_Single/data/4619.jpg,209,430,False,,[],0,0,positive
462.jpg,/kaggle/input/mvsasingle/MVSA_Single/data/462.jpg,450,600,False,,[],0,0,positive
4620.jpg,/kaggle/input/mvsasingle/MVSA_Single/data/4620.jpg,450,600,False,,[],0,0,neutral
4621.jpg,/kaggle/input/mvsasingle/MVSA_Single/data/4621.jpg,600,600,False,,[],0,0,neutral
4622.jpg,/kaggle/input/mvsasingle/MVSA_Single/data/4622.jpg,654,600,True,"まか
Eighte
95","[{'x': 0, 'y': 160}, {'x': 324, 'y': 160}, {'x': 324, 'y': 489}, {'x': 0, 'y': 489}]",329,324,positive
4623.jpg,/kaggle/input/mvsasingle/MVSA_Single/data/4623.jpg,447,599,True,"Pinochilles
SINCE WHEN THAT'S
YOUR ROLE","[{'x': 98, 'y': 29}, {'x': 494, 'y': 29}, {'x': 494, 'y': 432}, {'x': 98, 'y': 432}]",403,396,positive
4624.jpg,/kaggle/input/mvsasingle/MVSA_Single/data/4624.jpg,450,600,False,,[],0,0,positive
4625.jpg,/kaggle/input/mvsasingle/MVSA_Single/data/4625.jpg,169,600,True,"198,076 VOTES
#Directioners
VS
S..
T:T
198,073 VOTES
#Selenators","[{'x': 23, 'y': 32}, {'x': 479, 'y': 32}, {'x': 479, 'y': 168}, {'x': 23, 'y': 168}]",136,456,positive
4626.jpg,/kaggle/input/mvsasingle/MVSA_Single/data/4626.jpg,399,599,False,,[],0,0,positive
4627.jpg,/kaggle/input/mvsasingle/MVSA_Single/data/4627.jpg,337,599,True,"FERGUSON
104
Ferguson, Missouri
KTVI 9:06 AM CT
BREAKING NEWS
FERGUSON, MISSOURI HIRES INTERIM POLICE CHIEF CAN
Mayor James Knowles | Ferguson, Missouri
7:06 AMPT
NEWSROOM","[{'x': 36, 'y': 22}, {'x': 568, 'y': 22}, {'x': 568, 'y': 324}, {'x': 36, 'y': 324}]",302,532,positive
4628.jpg,/kaggle/input/mvsasingle/MVSA_Single/data/4628.jpg,680,599,True,"SHARE THIS MATCHUP:
TWITTER f FACEBOOK
141,497 VOTES
#GOT7
141,026 VOTES
#Star1
VOTE
VS
9
VOTE
Identifying as an ""IGOT7"" is
essentially the cutest way
to say you've always got
the backs of GOT7.
Their addictive pop hooks
play a major role as to
why Sistar rack up so
many hit singles, but Star1
play an equally important
part too.","[{'x': 27, 'y': 12}, {'x': 552, 'y': 12}, {'x': 552, 'y': 650}, {'x': 27, 'y': 650}]",638,525,positive
4629.jpg,/kaggle/input/mvsasingle/MVSA_Single/data/4629.jpg,215,597,True,"DEAL
OF THE WEEK
SAVE
63%
PLANTS ZOMBIES.
GARDEN
WARFARE
€6.00
€14.99","[{'x': 228, 'y': 23}, {'x': 558, 'y': 23}, {'x': 558, 'y': 180}, {'x': 228, 'y': 180}]",157,330,negative
463.jpg,/kaggle/input/mvsasingle/MVSA_Single/data/463.jpg,596,600,False,,[],0,0,negative
4630.jpg,/kaggle/input/mvsasingle/MVSA_Single/data/4630.jpg,317,427,True,"DO F
SUPER
High Streng
Breaking Sm
*NOT SUITABLE FOR CLIMBING","[{'x': 133, 'y': 127}, {'x': 426, 'y': 127}, {'x': 426, 'y': 315}, {'x': 133, 'y': 315}]",188,293,positive
4631.jpg,/kaggle/input/mvsasingle/MVSA_Single/data/4631.jpg,399,599,False,,[],0,0,positive
4632.jpg,/kaggle/input/mvsasingle/MVSA_Single/data/4632.jpg,375,600,False,,[],0,0,negative
4633.jpg,/kaggle/input/mvsasingle/MVSA_Single/data/4633.jpg,900,600,True,"vodafone P
15:19
34%
billboard.com
SHARE THIS MATCHUP:
TWITTER f FACEBOOK
244,088 VOTES
#Directioners
243,873 VOTES
#Selenators
☑
KAT VOTE
BUGN
VS
VOTE
Five members, four
members -- it doesn't
matter for the Directioners.
One Direction's fan army is
here to ensure that the
U.K. group continues
dominating mainstream
music
From Wizards of Waverly
Place through her music
career, Selena Gomez's
loyal fan base love the
singer like a love song.
baby.
<]","[{'x': 28, 'y': 10}, {'x': 560, 'y': 10}, {'x': 560, 'y': 879}, {'x': 28, 'y': 879}]",869,532,positive
4634.jpg,/kaggle/input/mvsasingle/MVSA_Single/data/4634.jpg,571,600,True,"PREV NEXT
243,586 VOTES
#Directioners
KAT
POP-ROUND OF 32
SHARE THIS MATCHUP: TWITTER FACEBOOK
VS
243,458 VOTES
#Selenators
Five members, four members--it doesn't matter for
the Directioners. One Direction's fan army is hereto
ensure that the U.K. group continues dominating
mainstream music
From Wizards of Waverly Place through her music
career, Selena Gomez's loyal fan baselovethe
singer like a love song, baby.
X","[{'x': 14, 'y': 8}, {'x': 586, 'y': 8}, {'x': 586, 'y': 488}, {'x': 14, 'y': 488}]",480,572,positive
4635.jpg,/kaggle/input/mvsasingle/MVSA_Single/data/4635.jpg,311,398,True,"Wij
Wii Fit
WiF","[{'x': 47, 'y': 74}, {'x': 327, 'y': 74}, {'x': 327, 'y': 255}, {'x': 47, 'y': 255}]",181,280,positive
4636.jpg,/kaggle/input/mvsasingle/MVSA_Single/data/4636.jpg,337,599,False,,[],0,0,positive
4637.jpg,/kaggle/input/mvsasingle/MVSA_Single/data/4637.jpg,337,599,True,"Ferguson, Missouri
9:08 AM CT
ANDRE
ANDERSON
NEW INTERIM POLICE CHIEF
Spent 24 years with Glendale, AZ Police
Previously worked with Ferguson's
interim City Manager
Worked as prison guard before
joining police force
St. Louis Post-Dispatch
BREAKING NEWS
FERGUSON, MISSOURI HIRES INTERIM POLICE CHIEF CNN
Andre Anderson Interim Police Chief, Ferguson, Missouri
NAS
-33.42
NEWSROOM","[{'x': 35, 'y': 22}, {'x': 569, 'y': 22}, {'x': 569, 'y': 325}, {'x': 35, 'y': 325}]",303,534,positive
4638.jpg,/kaggle/input/mvsasingle/MVSA_Single/data/4638.jpg,300,300,False,,[],0,0,positive
4639.jpg,/kaggle/input/mvsasingle/MVSA_Single/data/4639.jpg,337,599,True,"NEW TONIGHT
TRUMP
TRU
Harrisburg, Pennsylvania
7:08 PM ET
TRUMP GETS REVENGE ON GRAHAM AFTER ""JACKASS"" COMMENT CNN
Jeffrey Lord | Former Political Director for President Reagan
4:08 PM PT
OUTFRONT","[{'x': 35, 'y': 23}, {'x': 569, 'y': 23}, {'x': 569, 'y': 325}, {'x': 35, 'y': 325}]",302,534,positive
464.jpg,/kaggle/input/mvsasingle/MVSA_Single/data/464.jpg,270,600,True,"*
Praise the Lord
...He healeth the
broken in heart.
Psalm 147: 1,2 ..
@IndianaCSMedia","[{'x': 9, 'y': 46}, {'x': 569, 'y': 46}, {'x': 569, 'y': 245}, {'x': 9, 'y': 245}]",199,560,negative
4640.jpg,/kaggle/input/mvsasingle/MVSA_Single/data/4640.jpg,534,600,True,"A gestalt of insanity
Brought us together
A false foundation
Separated us by the end
Last glance at the destroyed hope
of the promise yesterday
Quiet madness arises
In dead silence
Whatever it was
Our story exists no more
A heart used to beat only for you
Now falling apart
Bleeding you out in tears
Jen 2015/07/22","[{'x': 299, 'y': 28}, {'x': 589, 'y': 28}, {'x': 589, 'y': 522}, {'x': 299, 'y': 522}]",494,290,neutral
4641.jpg,/kaggle/input/mvsasingle/MVSA_Single/data/4641.jpg,607,599,True,"212,112 VOTES
#Directioners
KAT VOTE
CUG
VS
212,378 VOTES
#Selenators
VOTE
Five members, four
members -- it doesn't
matter for the Directioners.
One Direction's fan army is
here to ensure that the
U.K. group continues
dominating mainstream
music
From Wizards of Waverly
Place through her music
career, Selena Gomez's
loyal fan base love the
singer like a love song.
baby.","[{'x': 27, 'y': 19}, {'x': 547, 'y': 19}, {'x': 547, 'y': 605}, {'x': 27, 'y': 605}]",586,520,negative
4642.jpg,/kaggle/input/mvsasingle/MVSA_Single/data/4642.jpg,390,599,True,"186,703 VOTES
#Sheerios
186,672 VOTES
#Swifties
VS
VOTE","[{'x': 25, 'y': 24}, {'x': 487, 'y': 24}, {'x': 487, 'y': 329}, {'x': 25, 'y': 329}]",305,462,positive
4643.jpg,/kaggle/input/mvsasingle/MVSA_Single/data/4643.jpg,688,599,False,,[],0,0,negative
4644.jpg,/kaggle/input/mvsasingle/MVSA_Single/data/4644.jpg,900,600,True,"ooo Verizon
< Back
9:04 PM
10% O
My deepest fear is quicksand. No,
not literal quicksand that buries you
alive, but the quicksand of life. My
deepest fear is that everything in my
life is going fine, hell maybe even
perfect. Your life feels as if it's finally
coming together, you're the happiest
you've ever been. You're in love,
you're happy, your life is finally
beginning shape up in the way you
want it too. But then something
happens. It normally starts with
something small. Like having a bad
day, or a sudden feeling of regret, or
someone showing you that maybe","[{'x': 18, 'y': 9}, {'x': 574, 'y': 9}, {'x': 574, 'y': 801}, {'x': 18, 'y': 801}]",792,556,positive
4645.jpg,/kaggle/input/mvsasingle/MVSA_Single/data/4645.jpg,315,600,True,"HOW TO
Overcome
the Fear Factor of
of Going Live on
Periscope
BOOM
SOCIAL","[{'x': 154, 'y': 40}, {'x': 592, 'y': 40}, {'x': 592, 'y': 298}, {'x': 154, 'y': 298}]",258,438,positive
4646.jpg,/kaggle/input/mvsasingle/MVSA_Single/data/4646.jpg,337,599,False,,[],0,0,neutral
4647.jpg,/kaggle/input/mvsasingle/MVSA_Single/data/4647.jpg,350,599,False,,[],0,0,positive
4648.jpg,/kaggle/input/mvsasingle/MVSA_Single/data/4648.jpg,476,599,True,"ג
•....
Leave footprints
of kindness
simplereminders.com
wherever you go.","[{'x': 61, 'y': 0}, {'x': 549, 'y': 0}, {'x': 549, 'y': 380}, {'x': 61, 'y': 380}]",380,488,positive
4649.jpg,/kaggle/input/mvsasingle/MVSA_Single/data/4649.jpg,450,600,False,,[],0,0,negative
465.jpg,/kaggle/input/mvsasingle/MVSA_Single/data/465.jpg,465,355,False,,[],0,0,negative
4650.jpg,/kaggle/input/mvsasingle/MVSA_Single/data/4650.jpg,600,600,True,"PATRICK
ROTHEUSS
THE WISE
MAN'S
FEAR","[{'x': 248, 'y': 208}, {'x': 357, 'y': 208}, {'x': 357, 'y': 389}, {'x': 248, 'y': 389}]",181,109,positive
4651.jpg,/kaggle/input/mvsasingle/MVSA_Single/data/4651.jpg,923,600,True,"Isaiah 43:1
""Fear not,
for I have redeemed you;
I have called you by name,
You are Mine.""","[{'x': 16, 'y': 13}, {'x': 567, 'y': 13}, {'x': 567, 'y': 780}, {'x': 16, 'y': 780}]",767,551,neutral
4652.jpg,/kaggle/input/mvsasingle/MVSA_Single/data/4652.jpg,305,460,False,,[],0,0,positive
4653.jpg,/kaggle/input/mvsasingle/MVSA_Single/data/4653.jpg,401,534,True,"NO
NO
PECI
PENE
OR","[{'x': 346, 'y': 265}, {'x': 521, 'y': 265}, {'x': 521, 'y': 303}, {'x': 346, 'y': 303}]",38,175,neutral
4654.jpg,/kaggle/input/mvsasingle/MVSA_Single/data/4654.jpg,287,600,False,,[],0,0,negative
4655.jpg,/kaggle/input/mvsasingle/MVSA_Single/data/4655.jpg,600,600,True,PA,"[{'x': 59, 'y': 418}, {'x': 94, 'y': 418}, {'x': 94, 'y': 449}, {'x': 59, 'y': 449}]",31,35,negative
4656.jpg,/kaggle/input/mvsasingle/MVSA_Single/data/4656.jpg,400,599,True,らむ ゆき ゆな | InstaMag,"[{'x': 17, 'y': 367}, {'x': 210, 'y': 367}, {'x': 210, 'y': 388}, {'x': 17, 'y': 388}]",21,193,negative
4657.jpg,/kaggle/input/mvsasingle/MVSA_Single/data/4657.jpg,1024,577,True,"au 4G
21:53
@ 10 74%
名護市
ところにより曇り
28°
水曜日 今日
32
32
27
15時
16時
17時
18時
19時
19:20
32
31
31
30
29
日の入
木曜日
32
27
金曜日
31
27
土曜日
29
27
日曜日
31
27
月曜日
31
27
The
Weather
Channel
!!!","[{'x': 2, 'y': 9}, {'x': 568, 'y': 9}, {'x': 568, 'y': 1002}, {'x': 2, 'y': 1002}]",993,566,positive
4658.jpg,/kaggle/input/mvsasingle/MVSA_Single/data/4658.jpg,526,600,False,,[],0,0,neutral
4659.jpg,/kaggle/input/mvsasingle/MVSA_Single/data/4659.jpg,600,600,True,"SHUT
RUGGEDFRESH
35
22
A FERGUSON
CROCKET","[{'x': 29, 'y': 109}, {'x': 599, 'y': 109}, {'x': 599, 'y': 596}, {'x': 29, 'y': 596}]",487,570,negative
466.jpg,/kaggle/input/mvsasingle/MVSA_Single/data/466.jpg,600,600,True,"INDEPENDENT
FESTIVAL
WOOD","[{'x': 41, 'y': 0}, {'x': 474, 'y': 0}, {'x': 474, 'y': 215}, {'x': 41, 'y': 215}]",215,433,positive
4660.jpg,/kaggle/input/mvsasingle/MVSA_Single/data/4660.jpg,900,599,True,"SEVEN STEP
MASA
NACCHE
SEVEN STEP
SWITCH
NEW ALBUM
SWITCH Release Tour
10.18 下北沢ReG (レコ発 )
10.24
SUNBURST
10.25 石巻BLUE RESISTANCE
10.31 水戸SONIC
11.21 ROCKHEARTS
11.28
LIP2nd
11.29 鈴鹿SOUND STAGE
12.5 天神graf
12.6 Studio DO!
and more...","[{'x': 10, 'y': 5}, {'x': 501, 'y': 5}, {'x': 501, 'y': 899}, {'x': 10, 'y': 899}]",894,491,positive
4661.jpg,/kaggle/input/mvsasingle/MVSA_Single/data/4661.jpg,600,600,True,"Fe
ANNA JONES
""A simply brilliant
book-modern, clever,
beautiful, and full of
delicious recipes.""
JAMIE OLIVER
a modern way to eat
200+ satisfying vegetarian recipes
(that will make you feel amazing)","[{'x': 2, 'y': 126}, {'x': 457, 'y': 126}, {'x': 457, 'y': 459}, {'x': 2, 'y': 459}]",333,455,negative
4662.jpg,/kaggle/input/mvsasingle/MVSA_Single/data/4662.jpg,449,599,True,"VTGCLT
SUMMER
R
MARKET
SATURDAY JULY 25, 2015
FREE ENTRY 11AM-6PM","[{'x': 6, 'y': 11}, {'x': 594, 'y': 11}, {'x': 594, 'y': 440}, {'x': 6, 'y': 440}]",429,588,negative
4663.jpg,/kaggle/input/mvsasingle/MVSA_Single/data/4663.jpg,450,600,False,,[],0,0,positive
4664.jpg,/kaggle/input/mvsasingle/MVSA_Single/data/4664.jpg,450,600,False,,[],0,0,negative
4665.jpg,/kaggle/input/mvsasingle/MVSA_Single/data/4665.jpg,400,256,True,"NASH
GRIER
CAMERON
DALLAS
BULLIED? NOT
ESPINUSHA
A CHANCE!
JACK
JACK
JOHNSON
GILINSKY
TAYLOR
SHAWN
CANIFF
MENDES
high
AARON
MC
CARPENTER
AO
BYMACY MACE","[{'x': 1, 'y': 14}, {'x': 253, 'y': 14}, {'x': 253, 'y': 385}, {'x': 1, 'y': 385}]",371,252,neutral
4666.jpg,/kaggle/input/mvsasingle/MVSA_Single/data/4666.jpg,896,600,False,,[],0,0,positive
4667.jpg,/kaggle/input/mvsasingle/MVSA_Single/data/4667.jpg,972,600,False,,[],0,0,neutral
4668.jpg,/kaggle/input/mvsasingle/MVSA_Single/data/4668.jpg,1024,576,False,,[],0,0,positive
4669.jpg,/kaggle/input/mvsasingle/MVSA_Single/data/4669.jpg,397,600,False,,[],0,0,positive
467.jpg,/kaggle/input/mvsasingle/MVSA_Single/data/467.jpg,337,599,False,,[],0,0,negative
4670.jpg,/kaggle/input/mvsasingle/MVSA_Single/data/4670.jpg,263,599,True,"WIP
A","[{'x': 512, 'y': 98}, {'x': 555, 'y': 98}, {'x': 555, 'y': 118}, {'x': 512, 'y': 118}]",20,43,neutral
4671.jpg,/kaggle/input/mvsasingle/MVSA_Single/data/4671.jpg,800,530,True,"minha
casa","[{'x': 5, 'y': 756}, {'x': 71, 'y': 756}, {'x': 71, 'y': 791}, {'x': 5, 'y': 791}]",35,66,positive
4672.jpg,/kaggle/input/mvsasingle/MVSA_Single/data/4672.jpg,584,600,True,614,"[{'x': 432, 'y': 233}, {'x': 456, 'y': 233}, {'x': 456, 'y': 246}, {'x': 432, 'y': 246}]",13,24,positive
4673.jpg,/kaggle/input/mvsasingle/MVSA_Single/data/4673.jpg,320,320,False,,[],0,0,positive
4674.jpg,/kaggle/input/mvsasingle/MVSA_Single/data/4674.jpg,900,600,True,SWEE,"[{'x': 272, 'y': 224}, {'x': 416, 'y': 224}, {'x': 416, 'y': 349}, {'x': 272, 'y': 349}]",125,144,neutral
4675.jpg,/kaggle/input/mvsasingle/MVSA_Single/data/4675.jpg,893,600,True,150722 GJ,"[{'x': 501, 'y': 278}, {'x': 546, 'y': 278}, {'x': 546, 'y': 427}, {'x': 501, 'y': 427}]",149,45,neutral
4676.jpg,/kaggle/input/mvsasingle/MVSA_Single/data/4676.jpg,450,600,True,"PROPERTY OF
SYRACUSE
FOOTBALL","[{'x': 226, 'y': 257}, {'x': 297, 'y': 257}, {'x': 297, 'y': 288}, {'x': 226, 'y': 288}]",31,71,neutral
4677.jpg,/kaggle/input/mvsasingle/MVSA_Single/data/4677.jpg,600,600,True,"Scalp Magic
For Dry, Itchy & Flaky Scalp
Ruttos Ruttos Ruitos Ruitos
Moisture
Shampoo
Scalp
Cleanser
Anti-Itch
Conditioner
Spritzer
All
2","[{'x': 29, 'y': 30}, {'x': 286, 'y': 30}, {'x': 286, 'y': 298}, {'x': 29, 'y': 298}]",268,257,negative
4678.jpg,/kaggle/input/mvsasingle/MVSA_Single/data/4678.jpg,450,600,False,,[],0,0,neutral
4679.jpg,/kaggle/input/mvsasingle/MVSA_Single/data/4679.jpg,799,480,True,PKAPAWS,"[{'x': 117, 'y': 715}, {'x': 159, 'y': 715}, {'x': 159, 'y': 753}, {'x': 117, 'y': 753}]",38,42,neutral
468.jpg,/kaggle/input/mvsasingle/MVSA_Single/data/468.jpg,250,178,False,,[],0,0,neutral
4680.jpg,/kaggle/input/mvsasingle/MVSA_Single/data/4680.jpg,276,460,False,,[],0,0,neutral
4681.jpg,/kaggle/input/mvsasingle/MVSA_Single/data/4681.jpg,337,599,False,,[],0,0,neutral
4682.jpg,/kaggle/input/mvsasingle/MVSA_Single/data/4682.jpg,450,600,False,,[],0,0,positive
4683.jpg,/kaggle/input/mvsasingle/MVSA_Single/data/4683.jpg,346,222,True,"SARAH JASMON
One day
she was there...
And the next she was gone
the
SUMMER
SECRETS","[{'x': 13, 'y': 17}, {'x': 210, 'y': 17}, {'x': 210, 'y': 336}, {'x': 13, 'y': 336}]",319,197,positive
4684.jpg,/kaggle/input/mvsasingle/MVSA_Single/data/4684.jpg,331,600,True,"Video Overplay Tutorials
VIDEO
OVERPLAY
VIDEO
Video Overlay Vide
Step By Step Wizard
Get your first overplay up paint by numbers'
easy, just follow the steps!
WATCH
Tutorial Videos
At each of the steps, you will see a
link to watch the tutorial walk through
so you can watch and follow...
Unrivalled Support
Our team LOVES helping and will
be there to assist if you need.","[{'x': 46, 'y': 12}, {'x': 587, 'y': 12}, {'x': 587, 'y': 311}, {'x': 46, 'y': 311}]",299,541,neutral
4685.jpg,/kaggle/input/mvsasingle/MVSA_Single/data/4685.jpg,450,600,False,,[],0,0,positive
4686.jpg,/kaggle/input/mvsasingle/MVSA_Single/data/4686.jpg,300,600,True,"""Shitty reagents generate
shitty science.
They waste money and
waste careers.""
bit.ly/flawedreagents
nature","[{'x': 48, 'y': 34}, {'x': 534, 'y': 34}, {'x': 534, 'y': 283}, {'x': 48, 'y': 283}]",249,486,positive
4687.jpg,/kaggle/input/mvsasingle/MVSA_Single/data/4687.jpg,392,599,False,,[],0,0,neutral
4688.jpg,/kaggle/input/mvsasingle/MVSA_Single/data/4688.jpg,337,600,False,,[],0,0,positive
4689.jpg,/kaggle/input/mvsasingle/MVSA_Single/data/4689.jpg,1024,577,True,"...oo T-Mobile LTE 10:16 AM
79%
>
4 of 12
MORGAN HARPER NICHOLS
0:02
Grateful
-4:05
Morgan Harper Nichols
―
Morgan Harper Nicho
Repeat Artist
Create
Shuffle","[{'x': 10, 'y': 10}, {'x': 576, 'y': 10}, {'x': 576, 'y': 1007}, {'x': 10, 'y': 1007}]",997,566,neutral
469.jpg,/kaggle/input/mvsasingle/MVSA_Single/data/469.jpg,400,600,False,,[],0,0,positive
4690.jpg,/kaggle/input/mvsasingle/MVSA_Single/data/4690.jpg,600,600,True,AS40,"[{'x': 508, 'y': 39}, {'x': 572, 'y': 39}, {'x': 572, 'y': 77}, {'x': 508, 'y': 77}]",38,64,neutral
4691.jpg,/kaggle/input/mvsasingle/MVSA_Single/data/4691.jpg,436,445,True,ROAD RANGE,"[{'x': 155, 'y': 0}, {'x': 247, 'y': 0}, {'x': 247, 'y': 12}, {'x': 155, 'y': 12}]",12,92,positive
4692.jpg,/kaggle/input/mvsasingle/MVSA_Single/data/4692.jpg,294,600,True,"66
Love means not ever
having to say you're sorry.""
Erich Segal","[{'x': 23, 'y': 28}, {'x': 570, 'y': 28}, {'x': 570, 'y': 196}, {'x': 23, 'y': 196}]",168,547,positive
4693.jpg,/kaggle/input/mvsasingle/MVSA_Single/data/4693.jpg,500,500,True,"I'M GONNA MAKE
THE REST OF MY LIFE,
THE BEST OF MY LIFE.","[{'x': 74, 'y': 151}, {'x': 446, 'y': 151}, {'x': 446, 'y': 344}, {'x': 74, 'y': 344}]",193,372,neutral
4694.jpg,/kaggle/input/mvsasingle/MVSA_Single/data/4694.jpg,399,599,True,"Outline
k.com/dashad records","[{'x': 149, 'y': 177}, {'x': 434, 'y': 177}, {'x': 434, 'y': 263}, {'x': 149, 'y': 263}]",86,285,neutral
4695.jpg,/kaggle/input/mvsasingle/MVSA_Single/data/4695.jpg,711,500,False,,[],0,0,negative
4696.jpg,/kaggle/input/mvsasingle/MVSA_Single/data/4696.jpg,450,600,True,the Stare s,"[{'x': 438, 'y': 292}, {'x': 482, 'y': 292}, {'x': 482, 'y': 341}, {'x': 438, 'y': 341}]",49,44,neutral
4697.jpg,/kaggle/input/mvsasingle/MVSA_Single/data/4697.jpg,337,599,False,,[],0,0,positive
4698.jpg,/kaggle/input/mvsasingle/MVSA_Single/data/4698.jpg,300,600,True,"nature
The LHCb result
leaves little doubt
that pentaquarks
are real
bit.ly/pentaquarks","[{'x': 45, 'y': 16}, {'x': 288, 'y': 16}, {'x': 288, 'y': 252}, {'x': 45, 'y': 252}]",236,243,neutral
4699.jpg,/kaggle/input/mvsasingle/MVSA_Single/data/4699.jpg,341,600,False,,[],0,0,neutral
47.jpg,/kaggle/input/mvsasingle/MVSA_Single/data/47.jpg,450,600,False,,[],0,0,neutral
470.jpg,/kaggle/input/mvsasingle/MVSA_Single/data/470.jpg,899,600,True,"Cheer
Cancer
nization","[{'x': 296, 'y': 521}, {'x': 488, 'y': 521}, {'x': 488, 'y': 744}, {'x': 296, 'y': 744}]",223,192,neutral
4700.jpg,/kaggle/input/mvsasingle/MVSA_Single/data/4700.jpg,500,271,False,,[],0,0,negative
4701.jpg,/kaggle/input/mvsasingle/MVSA_Single/data/4701.jpg,342,599,True,Say What??,"[{'x': 25, 'y': 275}, {'x': 218, 'y': 275}, {'x': 218, 'y': 312}, {'x': 25, 'y': 312}]",37,193,neutral
4702.jpg,/kaggle/input/mvsasingle/MVSA_Single/data/4702.jpg,337,599,False,,[],0,0,neutral
4703.jpg,/kaggle/input/mvsasingle/MVSA_Single/data/4703.jpg,306,440,True,"Little Bee
by Edward Gibbs","[{'x': 59, 'y': 17}, {'x': 394, 'y': 17}, {'x': 394, 'y': 244}, {'x': 59, 'y': 244}]",227,335,positive
4704.jpg,/kaggle/input/mvsasingle/MVSA_Single/data/4704.jpg,712,600,True,"MOMS DEMAND ACTION
Maquisard @Browncoat Atty
8m
""If you have nothing to hide, you have
nothing to fear.""
Josef Goebbels.
Interesting choice.
@allyexaminer @tazcat2011
@wallsofthecity
Alison A. Martin @allyexaminer
@Browncoat Atty @tazcat2011
6mm
@wallsofthecity Mr. Goebbels' words
are wise words to live by
MOMS
DEMAND
ACTION
FOR GUN SENSI
IN AMERICA
.THEY LITERALLY SAY THAT NAZI
PROPAGANDA IS
""WISE WORDS TO LIVE BY""
facebook.com/HASOGCA","[{'x': 42, 'y': 23}, {'x': 599, 'y': 23}, {'x': 599, 'y': 705}, {'x': 42, 'y': 705}]",682,557,positive
4705.jpg,/kaggle/input/mvsasingle/MVSA_Single/data/4705.jpg,457,457,False,,[],0,0,neutral
4706.jpg,/kaggle/input/mvsasingle/MVSA_Single/data/4706.jpg,800,600,True,"WEEK TO HOWDARY
UN","[{'x': 127, 'y': 0}, {'x': 523, 'y': 0}, {'x': 523, 'y': 530}, {'x': 127, 'y': 530}]",530,396,positive
4707.jpg,/kaggle/input/mvsasingle/MVSA_Single/data/4707.jpg,802,600,False,,[],0,0,positive
4708.jpg,/kaggle/input/mvsasingle/MVSA_Single/data/4708.jpg,315,599,True,"STOP
FUID
RADIS
**
to
Whi
CAN'T BREATHE!
Evil dona","[{'x': 48, 'y': 26}, {'x': 598, 'y': 26}, {'x': 598, 'y': 314}, {'x': 48, 'y': 314}]",288,550,neutral
4709.jpg,/kaggle/input/mvsasingle/MVSA_Single/data/4709.jpg,601,599,False,,[],0,0,positive
471.jpg,/kaggle/input/mvsasingle/MVSA_Single/data/471.jpg,400,600,False,,[],0,0,neutral
4710.jpg,/kaggle/input/mvsasingle/MVSA_Single/data/4710.jpg,393,600,True,"WILLOW
FARM
NO","[{'x': 252, 'y': 157}, {'x': 479, 'y': 157}, {'x': 479, 'y': 286}, {'x': 252, 'y': 286}]",129,227,negative
4711.jpg,/kaggle/input/mvsasingle/MVSA_Single/data/4711.jpg,332,599,True,"Photo: www.nacion.com
Sólo bueno!","[{'x': 3, 'y': 318}, {'x': 329, 'y': 318}, {'x': 329, 'y': 331}, {'x': 3, 'y': 331}]",13,326,neutral
4712.jpg,/kaggle/input/mvsasingle/MVSA_Single/data/4712.jpg,800,600,True,"Gal
HOLE
DC
GE EXTRAL
(Realiouning
nicht gefragt bil
Thallelochin-Reaktion Nachweis von Chinolin-Derivaten mit O an C-6
la mass and
food
C
Chin
9-
HO
Chinide (9)
alle Nition
OH
d. Br-Fl.
H.CO.
H.CO.
H,CO
f
durch
Brz und
Dimensionung
Fortsetzung nachstes Bild
Thalleiochin-Reaktion: Nachweis von Chinolin-Derivaten mit O an C-6
Durchführung: Substanz + Bromwasser + NH,OH smaragdgrün
-
H.CO.
H.CO.
FOCH,
OCH
H.CO
HO
OCH,
im alkal. Medium: smaragdgrün","[{'x': 23, 'y': 87}, {'x': 576, 'y': 87}, {'x': 576, 'y': 699}, {'x': 23, 'y': 699}]",612,553,neutral
4713.jpg,/kaggle/input/mvsasingle/MVSA_Single/data/4713.jpg,482,515,True,"MOVIE MEMORIES
movie-memories.net
twitter.com/moviememories
I don't have friends.
I have family.","[{'x': 23, 'y': 64}, {'x': 400, 'y': 64}, {'x': 400, 'y': 470}, {'x': 23, 'y': 470}]",406,377,positive
4714.jpg,/kaggle/input/mvsasingle/MVSA_Single/data/4714.jpg,610,500,True,"visit: facebook.com/PaulWalkerDedication
""No matter where you are,
whether it's a quarter mile away
or halfway across the world
you'll always be with me and
visit: facebook.com/PaulWalkerDedication
you'll always be my brother.""","[{'x': 25, 'y': 5}, {'x': 492, 'y': 5}, {'x': 492, 'y': 607}, {'x': 25, 'y': 607}]",602,467,neutral
4715.jpg,/kaggle/input/mvsasingle/MVSA_Single/data/4715.jpg,464,599,False,,[],0,0,neutral
4716.jpg,/kaggle/input/mvsasingle/MVSA_Single/data/4716.jpg,337,599,True,EXIT,"[{'x': 502, 'y': 76}, {'x': 528, 'y': 76}, {'x': 528, 'y': 96}, {'x': 502, 'y': 96}]",20,26,positive
4717.jpg,/kaggle/input/mvsasingle/MVSA_Single/data/4717.jpg,300,600,False,,[],0,0,negative
4718.jpg,/kaggle/input/mvsasingle/MVSA_Single/data/4718.jpg,1024,575,True,"Tweet
HU
HollywoodLife
@HollywoodLife
4G
58%
5:51 PM
Q :
GIF
Nicki Minaj is FURIOUS with MTV's
VMAs for snubbing #Anaconda &
#FeelingMyself. See her rant: bit.ly/
1 KjoASV
4:33 PM 21 Jul 15
4 RETWEETS 14 FAVORITES
27
Reply to HollywoodLife","[{'x': 9, 'y': 8}, {'x': 561, 'y': 8}, {'x': 561, 'y': 999}, {'x': 9, 'y': 999}]",991,552,positive
4719.jpg,/kaggle/input/mvsasingle/MVSA_Single/data/4719.jpg,337,599,False,,[],0,0,positive
472.jpg,/kaggle/input/mvsasingle/MVSA_Single/data/472.jpg,800,600,True,"Our Love Is Forever
There's nothing
I would rather do
Than live my life
in love with you....","[{'x': 55, 'y': 186}, {'x': 402, 'y': 186}, {'x': 402, 'y': 624}, {'x': 55, 'y': 624}]",438,347,negative
4720.jpg,/kaggle/input/mvsasingle/MVSA_Single/data/4720.jpg,330,500,True,Bay ok phoon Hoogooubleg,"[{'x': 5, 'y': 318}, {'x': 154, 'y': 318}, {'x': 154, 'y': 328}, {'x': 5, 'y': 328}]",10,149,negative
4721.jpg,/kaggle/input/mvsasingle/MVSA_Single/data/4721.jpg,337,599,True,KBS2,"[{'x': 515, 'y': 21}, {'x': 555, 'y': 21}, {'x': 555, 'y': 33}, {'x': 515, 'y': 33}]",12,40,positive
4722.jpg,/kaggle/input/mvsasingle/MVSA_Single/data/4722.jpg,899,600,True,"IARK
사랑하자!
It s
Mark","[{'x': 120, 'y': 416}, {'x': 588, 'y': 416}, {'x': 588, 'y': 878}, {'x': 120, 'y': 878}]",462,468,positive
4723.jpg,/kaggle/input/mvsasingle/MVSA_Single/data/4723.jpg,421,599,True,"UTT ENTERTAINMENT
LEADER IN ENTERTAINMENT","[{'x': 5, 'y': 17}, {'x': 75, 'y': 17}, {'x': 75, 'y': 34}, {'x': 5, 'y': 34}]",17,70,negative
4724.jpg,/kaggle/input/mvsasingle/MVSA_Single/data/4724.jpg,504,600,False,,[],0,0,neutral
4725.jpg,/kaggle/input/mvsasingle/MVSA_Single/data/4725.jpg,392,599,True,SIC,"[{'x': 439, 'y': 4}, {'x': 478, 'y': 4}, {'x': 478, 'y': 25}, {'x': 439, 'y': 25}]",21,39,neutral
4726.jpg,/kaggle/input/mvsasingle/MVSA_Single/data/4726.jpg,800,600,True,"하루
하루 사용법
M
하우
하루 사용법
KEY
무슨 일을 하려고 하는데
KEY
남이 계속 태클을 걸고 뭐라고 할 때면
하루 사용법
KEY
그 사람 눈치 보지 말고
내가 알아서할게
하루
키스
하루
키스
하루
키스
하우
하루
KEY
이 한마디만 하세요
KEY
그리고 이렇게 이야기할 때는
11
KEY
꼭 결과로 보여주셔야 합니다.
KEY
안 그러면 진짜 무시당할 거예요
M
M
3","[{'x': 1, 'y': 13}, {'x': 599, 'y': 13}, {'x': 599, 'y': 778}, {'x': 1, 'y': 778}]",765,598,neutral
4727.jpg,/kaggle/input/mvsasingle/MVSA_Single/data/4727.jpg,800,600,False,,[],0,0,neutral
4728.jpg,/kaggle/input/mvsasingle/MVSA_Single/data/4728.jpg,450,599,True,CHAMPION SONG,"[{'x': 219, 'y': 399}, {'x': 263, 'y': 399}, {'x': 263, 'y': 414}, {'x': 219, 'y': 414}]",15,44,neutral
4729.jpg,/kaggle/input/mvsasingle/MVSA_Single/data/4729.jpg,450,600,True,"ENTERTAINMENT
LEADER IN ENTERTAINMENT","[{'x': 5, 'y': 22}, {'x': 84, 'y': 22}, {'x': 84, 'y': 39}, {'x': 5, 'y': 39}]",17,79,neutral
473.jpg,/kaggle/input/mvsasingle/MVSA_Single/data/473.jpg,252,599,True,"click
Instead of getting
out of
bed and
enjoying your day.
off work, I think
it would be fun if you
lied here for hours
and thought about all
the bad things you
have ever done. Ever","[{'x': 249, 'y': 16}, {'x': 592, 'y': 16}, {'x': 592, 'y': 225}, {'x': 249, 'y': 225}]",209,343,neutral
4730.jpg,/kaggle/input/mvsasingle/MVSA_Single/data/4730.jpg,719,600,True,Nithin Murugan,"[{'x': 13, 'y': 120}, {'x': 85, 'y': 120}, {'x': 85, 'y': 137}, {'x': 13, 'y': 137}]",17,72,neutral
4731.jpg,/kaggle/input/mvsasingle/MVSA_Single/data/4731.jpg,400,600,True,"OPLN
EXOPLANT
The E10
@ariari_chi
20150530 Shanghai","[{'x': 0, 'y': 352}, {'x': 570, 'y': 352}, {'x': 570, 'y': 398}, {'x': 0, 'y': 398}]",46,570,neutral
4732.jpg,/kaggle/input/mvsasingle/MVSA_Single/data/4732.jpg,337,599,True,(c) Tom Williams,"[{'x': 506, 'y': 314}, {'x': 586, 'y': 314}, {'x': 586, 'y': 324}, {'x': 506, 'y': 324}]",10,80,positive
4733.jpg,/kaggle/input/mvsasingle/MVSA_Single/data/4733.jpg,800,600,True,"heesecak
awberry
Cheesecake
DaVinci
GOURMET
CLASSIC
Strawberry
Fraise
DaVinci
GOURMET
CLASSIC
CLASSIQUE
706
We are your
Farmers
Vanilla
Strawberry
Kejimkujik Campfire S'mores
Chocolate
Mariners Sea Salt Caramel
Moon Mist
elon
nci
MET
Grap
Rais
Peach
Pêche
Dalair
758
CLASS
GOU
Cilmoval
PAL
C
Grapenut
Grizzly Tracks","[{'x': 0, 'y': 72}, {'x': 599, 'y': 72}, {'x': 599, 'y': 724}, {'x': 0, 'y': 724}]",652,599,neutral
4734.jpg,/kaggle/input/mvsasingle/MVSA_Single/data/4734.jpg,600,600,True,"R
ETALIC","[{'x': 112, 'y': 226}, {'x': 479, 'y': 226}, {'x': 479, 'y': 376}, {'x': 112, 'y': 376}]",150,367,neutral
4735.jpg,/kaggle/input/mvsasingle/MVSA_Single/data/4735.jpg,975,600,True,"LIFE IS
EITHER a
DARING
ADVENTURE
or NOTHING
AT ALL.
-HELEN
KELLER","[{'x': 97, 'y': 80}, {'x': 599, 'y': 80}, {'x': 599, 'y': 732}, {'x': 97, 'y': 732}]",652,502,positive
4736.jpg,/kaggle/input/mvsasingle/MVSA_Single/data/4736.jpg,1024,577,False,,[],0,0,negative
4737.jpg,/kaggle/input/mvsasingle/MVSA_Single/data/4737.jpg,279,499,True,"마이리
텔레비전
MLT-07
FE
To
MCC
LIVE
토요일밤 11시 15분
본방송","[{'x': 26, 'y': 16}, {'x': 474, 'y': 16}, {'x': 474, 'y': 138}, {'x': 26, 'y': 138}]",122,448,negative
4738.jpg,/kaggle/input/mvsasingle/MVSA_Single/data/4738.jpg,395,435,True,"""PEOPLE CAN'T BE
JUST TIED TOGETHER
THEY HAVE TO CONNECT.
OTHERWISE, THEY'LL FIND
THEMSELVES BOUND
HAND AND FOOT.
AIYAZAWA","[{'x': 6, 'y': 28}, {'x': 431, 'y': 28}, {'x': 431, 'y': 375}, {'x': 6, 'y': 375}]",347,425,negative
4739.jpg,/kaggle/input/mvsasingle/MVSA_Single/data/4739.jpg,598,269,True,"Remember,
no one
can make
you feel
inferior
without
your
consent.
Eleanor Roosevell","[{'x': 74, 'y': 136}, {'x': 217, 'y': 136}, {'x': 217, 'y': 471}, {'x': 74, 'y': 471}]",335,143,negative
474.jpg,/kaggle/input/mvsasingle/MVSA_Single/data/474.jpg,338,502,False,,[],0,0,negative
4740.jpg,/kaggle/input/mvsasingle/MVSA_Single/data/4740.jpg,450,600,True,"Candy
CAMERA","[{'x': 514, 'y': 406}, {'x': 595, 'y': 406}, {'x': 595, 'y': 443}, {'x': 514, 'y': 443}]",37,81,negative
4741.jpg,/kaggle/input/mvsasingle/MVSA_Single/data/4741.jpg,402,550,True,"""A CUP THAT IS ALREADY FULL CANNOT
HAVE MORE ADDED TO IT IN ORDER TO
RECEIVE THE FURTHER GOOD, WE MUST
GIVE OF THAT WHICH WE HAVE
-MARGARET BECKER","[{'x': 23, 'y': 111}, {'x': 526, 'y': 111}, {'x': 526, 'y': 297}, {'x': 23, 'y': 297}]",186,503,negative
4742.jpg,/kaggle/input/mvsasingle/MVSA_Single/data/4742.jpg,800,600,True,"ちいさなおさんの
これはいさなおっさんなら
ります
なお姉さん
2015 年 8 月 6 日(木)~10日(月) TACCS1179)
中山浩(アカ すぎやまゆう
OFFVVIDCOLOR ちいさなお姉さん
日本は
TIMETABLE
203
yo
TICKET
3800円 当日4000円 全席
8/6
19:00
7 14:00
8: 13:00
19:00
けちます。
リア
ます
18:00
9 13:00
18:00
おし
10 15:00
INFOMATION
12 http://www.africaza.net/ --RISTAL
BARKISST","[{'x': 0, 'y': 3}, {'x': 391, 'y': 3}, {'x': 391, 'y': 799}, {'x': 0, 'y': 799}]",796,391,negative
4743.jpg,/kaggle/input/mvsasingle/MVSA_Single/data/4743.jpg,607,600,True,"Luke Evans
@TheRealLukevans
@EmWatson Why thank you Belle!!
#beautyandthebeast
27
RETWEETS
FAVORITES
1,813
2,357
6:00 AM - 5 Mar 2015
*
Following","[{'x': 30, 'y': 29}, {'x': 553, 'y': 29}, {'x': 553, 'y': 579}, {'x': 30, 'y': 579}]",550,523,negative
4744.jpg,/kaggle/input/mvsasingle/MVSA_Single/data/4744.jpg,386,500,True,"Cherish
yesterday
Dream
Live
today
tomorrow
- Richard Bach","[{'x': 61, 'y': 46}, {'x': 421, 'y': 46}, {'x': 421, 'y': 347}, {'x': 61, 'y': 347}]",301,360,positive
4745.jpg,/kaggle/input/mvsasingle/MVSA_Single/data/4745.jpg,447,599,False,,[],0,0,neutral
4746.jpg,/kaggle/input/mvsasingle/MVSA_Single/data/4746.jpg,450,600,False,,[],0,0,positive
4747.jpg,/kaggle/input/mvsasingle/MVSA_Single/data/4747.jpg,337,599,True,Nati797-2015,"[{'x': 532, 'y': 325}, {'x': 593, 'y': 325}, {'x': 593, 'y': 333}, {'x': 532, 'y': 333}]",8,61,positive
4748.jpg,/kaggle/input/mvsasingle/MVSA_Single/data/4748.jpg,600,400,False,,[],0,0,neutral
4749.jpg,/kaggle/input/mvsasingle/MVSA_Single/data/4749.jpg,450,600,False,,[],0,0,neutral
475.jpg,/kaggle/input/mvsasingle/MVSA_Single/data/475.jpg,800,600,True,PIN,"[{'x': 304, 'y': 737}, {'x': 320, 'y': 737}, {'x': 320, 'y': 747}, {'x': 304, 'y': 747}]",10,16,neutral
4750.jpg,/kaggle/input/mvsasingle/MVSA_Single/data/4750.jpg,450,600,True,"LINAS
CLAAS
250
770
LEXION","[{'x': 457, 'y': 74}, {'x': 595, 'y': 74}, {'x': 595, 'y': 440}, {'x': 457, 'y': 440}]",366,138,neutral
4751.jpg,/kaggle/input/mvsasingle/MVSA_Single/data/4751.jpg,337,599,False,,[],0,0,neutral
4752.jpg,/kaggle/input/mvsasingle/MVSA_Single/data/4752.jpg,337,599,True,"ᎠᎢ
83
www.dailytimes.com.pk
Bilawal grieved over Chitral flood
1454
losses","[{'x': 15, 'y': 195}, {'x': 593, 'y': 195}, {'x': 593, 'y': 326}, {'x': 15, 'y': 326}]",131,578,positive
4753.jpg,/kaggle/input/mvsasingle/MVSA_Single/data/4753.jpg,468,600,True,"STATE OF TRAGEDY
These states account for
89.5%
of farmer suicides
DRIVEN TO DEATH
Causes of suicides (% share)
Bankruptcy
22.8
Family
22.3
problems
826
443
Farming-
Madhya
Chhattisgarh
related issues
19
Pradesh
Illness
14.6
Drug/Alcohol
abuse
4.9
898
Telangana
Others
16.3
2,568
321
Maharashtra
Karnataka","[{'x': 22, 'y': 20}, {'x': 570, 'y': 20}, {'x': 570, 'y': 439}, {'x': 22, 'y': 439}]",419,548,negative
4754.jpg,/kaggle/input/mvsasingle/MVSA_Single/data/4754.jpg,450,600,True,Boarth,"[{'x': 247, 'y': 64}, {'x': 254, 'y': 64}, {'x': 254, 'y': 91}, {'x': 247, 'y': 91}]",27,7,negative
4755.jpg,/kaggle/input/mvsasingle/MVSA_Single/data/4755.jpg,337,599,False,,[],0,0,positive
4756.jpg,/kaggle/input/mvsasingle/MVSA_Single/data/4756.jpg,526,600,True,"LIVE
Debating war in Afghanistan
Debating child sex abuse inquiry
Debating knife crime prevention
LIVE
Debating drug laws
Debating the impact of welfare reforms
on the sick and disabled
Debating the living wage
Voting to recognise Palestine
Debating tenancy reform
Debating schooling for Syrian refugees
Debating MP's expenses
Debating MP's pay","[{'x': 0, 'y': 4}, {'x': 584, 'y': 4}, {'x': 584, 'y': 515}, {'x': 0, 'y': 515}]",511,584,positive
4757.jpg,/kaggle/input/mvsasingle/MVSA_Single/data/4757.jpg,500,498,True,ON,"[{'x': 454, 'y': 457}, {'x': 480, 'y': 457}, {'x': 480, 'y': 476}, {'x': 454, 'y': 476}]",19,26,positive
4758.jpg,/kaggle/input/mvsasingle/MVSA_Single/data/4758.jpg,1066,600,True,"ウルトラマンギャル
決戦!ウルトラ!!
宇
3月中の土
プレゼント!
大浦龍宇一滝裕可里加藤 草川拓弥 小池里奈が
プレゼント!
3月 14日 (土) 全国ロードショー!!
http://m-8.jp/ginga/movie/","[{'x': 10, 'y': 692}, {'x': 543, 'y': 692}, {'x': 543, 'y': 973}, {'x': 10, 'y': 973}]",281,533,positive
4759.jpg,/kaggle/input/mvsasingle/MVSA_Single/data/4759.jpg,456,599,False,,[],0,0,positive
476.jpg,/kaggle/input/mvsasingle/MVSA_Single/data/476.jpg,1024,576,True,Ma,"[{'x': 68, 'y': 789}, {'x': 239, 'y': 789}, {'x': 239, 'y': 925}, {'x': 68, 'y': 925}]",136,171,positive
4760.jpg,/kaggle/input/mvsasingle/MVSA_Single/data/4760.jpg,321,480,True,"GRO
1596 3rd AVE.
SM
ONLY
JAPANESE RESTAURANT
NARUTO
RAMEN
212-289-7803
ラーメン","[{'x': 0, 'y': 22}, {'x': 429, 'y': 22}, {'x': 429, 'y': 284}, {'x': 0, 'y': 284}]",262,429,negative
4761.jpg,/kaggle/input/mvsasingle/MVSA_Single/data/4761.jpg,800,600,False,,[],0,0,positive
4762.jpg,/kaggle/input/mvsasingle/MVSA_Single/data/4762.jpg,876,600,True,"reesemoney300
19m
°
a
4,929 likes
reesemoney300 Bet not come aroud here false
claiming 100 100 100","[{'x': 23, 'y': 27}, {'x': 575, 'y': 27}, {'x': 575, 'y': 863}, {'x': 23, 'y': 863}]",836,552,negative
4763.jpg,/kaggle/input/mvsasingle/MVSA_Single/data/4763.jpg,800,600,False,,[],0,0,negative
4764.jpg,/kaggle/input/mvsasingle/MVSA_Single/data/4764.jpg,450,500,True,"ANOREXIC
GAY
INSECURE
SEXY
VIRGIN
MANPULATOR
INSANE
LOSER
INTELLIGENT
D","[{'x': 57, 'y': 11}, {'x': 465, 'y': 11}, {'x': 465, 'y': 439}, {'x': 57, 'y': 439}]",428,408,neutral
4765.jpg,/kaggle/input/mvsasingle/MVSA_Single/data/4765.jpg,337,599,True,"UAV
System Hack
Warbird
Orbital Care Package
Aerial Assault Drone
Remote Turret
5458
5458 Earned
566 Earned
35 Earned
34 Earned
23 Earned
17 Earned
く
1/12","[{'x': 32, 'y': 5}, {'x': 560, 'y': 5}, {'x': 560, 'y': 272}, {'x': 32, 'y': 272}]",267,528,negative
4766.jpg,/kaggle/input/mvsasingle/MVSA_Single/data/4766.jpg,1066,600,True,"ptio
02
Cele
KENKI YAMAGUCHI
TORU KAMITSURU
YUKITO NISHII
RYO MITSUYA
SHO JINNAL
ATSUSHI ARAL
SHINTARO AKUTSU
RYOSUKE IKEOKA
YOUICHIRO OHMI
TAKUYA NEGISHI
YUKI YAMADA
TAKAHISA MAEY AMA
ATSUSHI SHIRAMATA
SHION TSUCHIYA
SHOTARO OKUBO
JUN SHISON
Aften
Enogudavol
Hi!
CHUT
Yeah!!
taberto","[{'x': 15, 'y': 248}, {'x': 583, 'y': 248}, {'x': 583, 'y': 956}, {'x': 15, 'y': 956}]",708,568,neutral
4767.jpg,/kaggle/input/mvsasingle/MVSA_Single/data/4767.jpg,375,500,False,,[],0,0,positive
4768.jpg,/kaggle/input/mvsasingle/MVSA_Single/data/4768.jpg,398,599,True,GEXI contact,"[{'x': 511, 'y': 385}, {'x': 596, 'y': 385}, {'x': 596, 'y': 397}, {'x': 511, 'y': 397}]",12,85,negative
4769.jpg,/kaggle/input/mvsasingle/MVSA_Single/data/4769.jpg,342,599,True,PAGEANT of the MASTERS 2015,"[{'x': 40, 'y': 294}, {'x': 560, 'y': 294}, {'x': 560, 'y': 319}, {'x': 40, 'y': 319}]",25,520,positive
477.jpg,/kaggle/input/mvsasingle/MVSA_Single/data/477.jpg,450,600,False,,[],0,0,negative
4770.jpg,/kaggle/input/mvsasingle/MVSA_Single/data/4770.jpg,338,599,False,,[],0,0,negative
4771.jpg,/kaggle/input/mvsasingle/MVSA_Single/data/4771.jpg,451,600,True,"1318
Slemla","[{'x': 14, 'y': 225}, {'x': 363, 'y': 225}, {'x': 363, 'y': 283}, {'x': 14, 'y': 283}]",58,349,positive
4772.jpg,/kaggle/input/mvsasingle/MVSA_Single/data/4772.jpg,429,600,True,"INO&INGS, PLEASE CALL 7557
TIME
LESS
Wednesday
MUSIC BY:
CELLO
Ivanguih
MC:
WEDNESDAY
22.JULY 2015
900
equinox
MIDWEEK
RUB
WEDNESDAY JULY 22, 2015
DIMZ Agung COESLAMN
MCSIGA
www.X2CLUB NET ZODE 057 1007 ATT JOY TAN-078 7864 6509","[{'x': 28, 'y': 24}, {'x': 561, 'y': 24}, {'x': 561, 'y': 407}, {'x': 28, 'y': 407}]",383,533,positive
4773.jpg,/kaggle/input/mvsasingle/MVSA_Single/data/4773.jpg,450,600,False,,[],0,0,negative
4774.jpg,/kaggle/input/mvsasingle/MVSA_Single/data/4774.jpg,896,600,False,,[],0,0,neutral
4775.jpg,/kaggle/input/mvsasingle/MVSA_Single/data/4775.jpg,600,600,True,"YOU ARE CONSTANTLY
CREATING PATHS OR
OBSTACLES, BUT YOU
CAN'T CREATE BOTH.
ADDICTED SOULS","[{'x': 13, 'y': 23}, {'x': 329, 'y': 23}, {'x': 329, 'y': 307}, {'x': 13, 'y': 307}]",284,316,negative
4776.jpg,/kaggle/input/mvsasingle/MVSA_Single/data/4776.jpg,589,599,False,,[],0,0,negative
4777.jpg,/kaggle/input/mvsasingle/MVSA_Single/data/4777.jpg,470,313,False,,[],0,0,negative
4778.jpg,/kaggle/input/mvsasingle/MVSA_Single/data/4778.jpg,600,600,True,"50
LEE
粉
SDC
HAPPY BIRTHDAY
SEAN LEE","[{'x': 116, 'y': 184}, {'x': 599, 'y': 184}, {'x': 599, 'y': 549}, {'x': 116, 'y': 549}]",365,483,positive
4779.jpg,/kaggle/input/mvsasingle/MVSA_Single/data/4779.jpg,332,443,False,,[],0,0,negative
478.jpg,/kaggle/input/mvsasingle/MVSA_Single/data/478.jpg,600,600,True,"NO EXCUSE FOR THIS
petaz
FREE FOR ALL","[{'x': 33, 'y': 280}, {'x': 589, 'y': 280}, {'x': 589, 'y': 592}, {'x': 33, 'y': 592}]",312,556,negative
4780.jpg,/kaggle/input/mvsasingle/MVSA_Single/data/4780.jpg,202,202,True,"Happy Birthday
Cleveland!","[{'x': 24, 'y': 31}, {'x': 157, 'y': 31}, {'x': 157, 'y': 73}, {'x': 24, 'y': 73}]",42,133,positive
4781.jpg,/kaggle/input/mvsasingle/MVSA_Single/data/4781.jpg,300,600,False,,[],0,0,negative
4782.jpg,/kaggle/input/mvsasingle/MVSA_Single/data/4782.jpg,450,600,True,Me,"[{'x': 154, 'y': 2}, {'x': 190, 'y': 2}, {'x': 190, 'y': 21}, {'x': 154, 'y': 21}]",19,36,negative
4783.jpg,/kaggle/input/mvsasingle/MVSA_Single/data/4783.jpg,300,600,True,"ALLI
@STLOUISRAMS
Rams
HAPPY BIRTHDAY
STEVEN JACKSON
JULY 22, 1983","[{'x': 65, 'y': 11}, {'x': 590, 'y': 11}, {'x': 590, 'y': 290}, {'x': 65, 'y': 290}]",279,525,negative
4784.jpg,/kaggle/input/mvsasingle/MVSA_Single/data/4784.jpg,355,598,True,"SALE
31657
164
ツムツム ストア
OURPABOX
アナと雪の女
GET!
68
NEW
ハピネス
プレミアム
NEW
BOX
BOX
入
入
エルサ
「「アナ
より
10,000
30,000
下からツムを凍らせて
まとめて消せるよ!
サムが重して出るとスキルUP!
BOXの中身は
レスト
確認できます
1657
164
SALE
エルサ
アナより
下からツムを凍らせて
まとめて消せるよ!
レベル 1/5
スキル 1/6
0%
0%
スコア 90
SSサイズ
v6
Boon
6000
ツム
もどる
とじる
ストア
とじる
もどる
セット
D
<3
ストア
stor","[{'x': 15, 'y': 14}, {'x': 589, 'y': 14}, {'x': 589, 'y': 347}, {'x': 15, 'y': 347}]",333,574,positive
4785.jpg,/kaggle/input/mvsasingle/MVSA_Single/data/4785.jpg,1024,577,True,5,"[{'x': 518, 'y': 41}, {'x': 535, 'y': 41}, {'x': 535, 'y': 58}, {'x': 518, 'y': 58}]",17,17,positive
4786.jpg,/kaggle/input/mvsasingle/MVSA_Single/data/4786.jpg,600,600,False,,[],0,0,positive
4787.jpg,/kaggle/input/mvsasingle/MVSA_Single/data/4787.jpg,343,515,True,& EL,"[{'x': 136, 'y': 119}, {'x': 147, 'y': 119}, {'x': 147, 'y': 150}, {'x': 136, 'y': 150}]",31,11,positive
4788.jpg,/kaggle/input/mvsasingle/MVSA_Single/data/4788.jpg,600,600,True,LOYAL,"[{'x': 210, 'y': 405}, {'x': 403, 'y': 405}, {'x': 403, 'y': 470}, {'x': 210, 'y': 470}]",65,193,negative
4789.jpg,/kaggle/input/mvsasingle/MVSA_Single/data/4789.jpg,800,600,True,EXIT,"[{'x': 5, 'y': 268}, {'x': 21, 'y': 268}, {'x': 21, 'y': 280}, {'x': 5, 'y': 280}]",12,16,negative
479.jpg,/kaggle/input/mvsasingle/MVSA_Single/data/479.jpg,400,600,True,"REUTERS/Stefan Wermuth
""INSULT
MY MUM
AND I WILL
PUNCH
YOU""
Pope Francis
豆
FREEDOM
OF SPEECH-
HATRED
TO MUSLIMS
MUNAMMAD
P
Learn
manners","[{'x': 16, 'y': 9}, {'x': 401, 'y': 9}, {'x': 401, 'y': 397}, {'x': 16, 'y': 397}]",388,385,positive
4790.jpg,/kaggle/input/mvsasingle/MVSA_Single/data/4790.jpg,600,600,True,"DAYS
2D
ar
ஹா","[{'x': 559, 'y': 488}, {'x': 589, 'y': 488}, {'x': 589, 'y': 587}, {'x': 559, 'y': 587}]",99,30,positive
4791.jpg,/kaggle/input/mvsasingle/MVSA_Single/data/4791.jpg,659,600,True,"brittsnowhuh
52w
о
❤ 52,601 likes
000
brittsnowhuh And to the one we are leaving
behind... Miss you already little weirdo.
Decided to post our most comfortable family
photo.","[{'x': 26, 'y': 1}, {'x': 573, 'y': 1}, {'x': 573, 'y': 658}, {'x': 26, 'y': 658}]",657,547,positive
4792.jpg,/kaggle/input/mvsasingle/MVSA_Single/data/4792.jpg,400,599,False,,[],0,0,neutral
4793.jpg,/kaggle/input/mvsasingle/MVSA_Single/data/4793.jpg,300,600,True,"TRH The Duke and Duchess of Cambridge/AP Photo
HAPPY BIRTHDAY!
GOOD
abc MORNING
AMERICA","[{'x': 4, 'y': 2}, {'x': 571, 'y': 2}, {'x': 571, 'y': 291}, {'x': 4, 'y': 291}]",289,567,positive
4794.jpg,/kaggle/input/mvsasingle/MVSA_Single/data/4794.jpg,400,600,False,,[],0,0,positive
4795.jpg,/kaggle/input/mvsasingle/MVSA_Single/data/4795.jpg,294,560,False,,[],0,0,positive
4796.jpg,/kaggle/input/mvsasingle/MVSA_Single/data/4796.jpg,502,530,False,,[],0,0,positive
4797.jpg,/kaggle/input/mvsasingle/MVSA_Single/data/4797.jpg,1024,576,False,,[],0,0,positive
4798.jpg,/kaggle/input/mvsasingle/MVSA_Single/data/4798.jpg,502,530,True,"OBJECTS IN MIRROR ARE CLOSER
THAN THEY APPEAR","[{'x': 290, 'y': 336}, {'x': 435, 'y': 336}, {'x': 435, 'y': 380}, {'x': 290, 'y': 380}]",44,145,positive
4799.jpg,/kaggle/input/mvsasingle/MVSA_Single/data/4799.jpg,79,140,False,,[],0,0,negative
48.jpg,/kaggle/input/mvsasingle/MVSA_Single/data/48.jpg,679,499,True,LIVE,"[{'x': 453, 'y': 627}, {'x': 496, 'y': 627}, {'x': 496, 'y': 642}, {'x': 453, 'y': 642}]",15,43,positive
480.jpg,/kaggle/input/mvsasingle/MVSA_Single/data/480.jpg,882,500,True,"PANICH
00
It's okay bb,
I got you.
hoooo
The Latest Kate.tumblr.com","[{'x': 213, 'y': 46}, {'x': 483, 'y': 46}, {'x': 483, 'y': 873}, {'x': 213, 'y': 873}]",827,270,negative
4800.jpg,/kaggle/input/mvsasingle/MVSA_Single/data/4800.jpg,400,599,True,"AKERS
34
MAV","[{'x': 281, 'y': 227}, {'x': 510, 'y': 227}, {'x': 510, 'y': 364}, {'x': 281, 'y': 364}]",137,229,negative
4801.jpg,/kaggle/input/mvsasingle/MVSA_Single/data/4801.jpg,600,600,False,,[],0,0,positive
4802.jpg,/kaggle/input/mvsasingle/MVSA_Single/data/4802.jpg,348,600,True,"T
EVERLAST
14
5301
ma pa
Wau
H
mer
ER
2323","[{'x': 16, 'y': 143}, {'x': 525, 'y': 143}, {'x': 525, 'y': 279}, {'x': 16, 'y': 279}]",136,509,positive
4803.jpg,/kaggle/input/mvsasingle/MVSA_Single/data/4803.jpg,105,140,False,,[],0,0,positive
4804.jpg,/kaggle/input/mvsasingle/MVSA_Single/data/4804.jpg,399,599,False,,[],0,0,positive
4805.jpg,/kaggle/input/mvsasingle/MVSA_Single/data/4805.jpg,405,600,False,,[],0,0,positive
4806.jpg,/kaggle/input/mvsasingle/MVSA_Single/data/4806.jpg,337,599,True,"vileujws
vieuws","[{'x': 163, 'y': 16}, {'x': 591, 'y': 16}, {'x': 591, 'y': 158}, {'x': 163, 'y': 158}]",142,428,neutral
4807.jpg,/kaggle/input/mvsasingle/MVSA_Single/data/4807.jpg,300,300,False,,[],0,0,positive
4808.jpg,/kaggle/input/mvsasingle/MVSA_Single/data/4808.jpg,613,600,True,"C
TOPERATURE C
899
OFF
LO
NO
CONTROL
HEAT
SPEED
CONTROL
THEY
SHER &","[{'x': 220, 'y': 287}, {'x': 494, 'y': 287}, {'x': 494, 'y': 449}, {'x': 220, 'y': 449}]",162,274,positive
4809.jpg,/kaggle/input/mvsasingle/MVSA_Single/data/4809.jpg,450,600,True,"PROTECT
MY
VOTE
PROTECT
OUR VOTE
LET
THE PEOPLE
VOTE
RE
VOTING
VOTER
PROTECTION
NOT
SUPPRESSIDE","[{'x': 51, 'y': 197}, {'x': 364, 'y': 197}, {'x': 364, 'y': 334}, {'x': 51, 'y': 334}]",137,313,positive
481.jpg,/kaggle/input/mvsasingle/MVSA_Single/data/481.jpg,450,600,False,,[],0,0,positive
4810.jpg,/kaggle/input/mvsasingle/MVSA_Single/data/4810.jpg,328,599,False,,[],0,0,positive
4811.jpg,/kaggle/input/mvsasingle/MVSA_Single/data/4811.jpg,400,400,True,"95-10
CAPIT
F","[{'x': 203, 'y': 46}, {'x': 285, 'y': 46}, {'x': 285, 'y': 126}, {'x': 203, 'y': 126}]",80,82,positive
4812.jpg,/kaggle/input/mvsasingle/MVSA_Single/data/4812.jpg,450,600,True,"46
88","[{'x': 74, 'y': 70}, {'x': 487, 'y': 70}, {'x': 487, 'y': 349}, {'x': 74, 'y': 349}]",279,413,positive
4813.jpg,/kaggle/input/mvsasingle/MVSA_Single/data/4813.jpg,472,500,True,"OBJECTS IN MIRROR ARE CLOSER
THAN THEY APPEAR","[{'x': 266, 'y': 355}, {'x': 425, 'y': 355}, {'x': 425, 'y': 387}, {'x': 266, 'y': 387}]",32,159,positive
4814.jpg,/kaggle/input/mvsasingle/MVSA_Single/data/4814.jpg,400,600,False,,[],0,0,neutral
4815.jpg,/kaggle/input/mvsasingle/MVSA_Single/data/4815.jpg,472,500,False,,[],0,0,neutral
4816.jpg,/kaggle/input/mvsasingle/MVSA_Single/data/4816.jpg,400,400,True,"95-10
CAPIT
F","[{'x': 203, 'y': 46}, {'x': 285, 'y': 46}, {'x': 285, 'y': 126}, {'x': 203, 'y': 126}]",80,82,positive
4817.jpg,/kaggle/input/mvsasingle/MVSA_Single/data/4817.jpg,337,599,True,"LOS
#GAME ON!","[{'x': 23, 'y': 62}, {'x': 259, 'y': 62}, {'x': 259, 'y': 308}, {'x': 23, 'y': 308}]",246,236,positive
4818.jpg,/kaggle/input/mvsasingle/MVSA_Single/data/4818.jpg,760,512,True,brian may,"[{'x': 183, 'y': 642}, {'x': 259, 'y': 642}, {'x': 259, 'y': 679}, {'x': 183, 'y': 679}]",37,76,neutral
4819.jpg,/kaggle/input/mvsasingle/MVSA_Single/data/4819.jpg,140,140,False,,[],0,0,positive
482.jpg,/kaggle/input/mvsasingle/MVSA_Single/data/482.jpg,382,600,False,,[],0,0,positive
4820.jpg,/kaggle/input/mvsasingle/MVSA_Single/data/4820.jpg,337,599,True,IRELL,"[{'x': 242, 'y': 223}, {'x': 340, 'y': 223}, {'x': 340, 'y': 257}, {'x': 242, 'y': 257}]",34,98,neutral
4821.jpg,/kaggle/input/mvsasingle/MVSA_Single/data/4821.jpg,450,600,True,150,"[{'x': 200, 'y': 220}, {'x': 217, 'y': 220}, {'x': 217, 'y': 230}, {'x': 200, 'y': 230}]",10,17,positive
4822.jpg,/kaggle/input/mvsasingle/MVSA_Single/data/4822.jpg,450,600,False,,[],0,0,positive
4823.jpg,/kaggle/input/mvsasingle/MVSA_Single/data/4823.jpg,75,140,False,,[],0,0,positive
4824.jpg,/kaggle/input/mvsasingle/MVSA_Single/data/4824.jpg,140,140,False,,[],0,0,positive
4825.jpg,/kaggle/input/mvsasingle/MVSA_Single/data/4825.jpg,220,440,False,,[],0,0,positive
4826.jpg,/kaggle/input/mvsasingle/MVSA_Single/data/4826.jpg,650,600,True,"This Man Saw A Woman Stranded On The
Side Of The Road. But She Never Expected
Him To Do This.
While driving, a man saw an old lady stranded on
the side of the road. But even in the dim light of
day, he could see she needed help. So he pulled up
in front of her Mercedes and got out. His Pontiac
was still sputtering when he approached her.
Even with the smile on his face, she was
worried. No one had stopped to help for the last
hour or so. Was he going to hurt her? He didn't
look safe; he looked poor and hungry. He could
see that she was frightened, standing out there
in the cold. He knew how she felt. It was those
chills which only fear can put in you. He said,
""I'm here to help you, ma'am. Why don't you
wait in the car where it's warm? By the way, my
name is Bryan Anderson.""","[{'x': 13, 'y': 34}, {'x': 589, 'y': 34}, {'x': 589, 'y': 646}, {'x': 13, 'y': 646}]",612,576,positive
4827.jpg,/kaggle/input/mvsasingle/MVSA_Single/data/4827.jpg,338,600,False,,[],0,0,positive
4828.jpg,/kaggle/input/mvsasingle/MVSA_Single/data/4828.jpg,1024,577,True,"●●●●○ au 4G
22:11
56%
×
リツイートされたら (えげ...
shindanmaker.com/526631
Hot!
31 RTされたら
py @zu_u_un
まろくんは
1RTで嫌いな人の苗字
3RTで舐めたい異性の
体の部位
5RTで透明人間になっ
たらしたい事
7RTで人生最大の悪事
10RTでエッチしたい
フォロワー
を発表しなさい!
一彼女が
に彼
にきて..
ドアの外
めちゃコミック
でイタズラ
妹にお風呂
してたら・・・","[{'x': 3, 'y': 8}, {'x': 565, 'y': 8}, {'x': 565, 'y': 1010}, {'x': 3, 'y': 1010}]",1002,562,neutral
4829.jpg,/kaggle/input/mvsasingle/MVSA_Single/data/4829.jpg,360,600,False,,[],0,0,positive
483.jpg,/kaggle/input/mvsasingle/MVSA_Single/data/483.jpg,397,600,False,,[],0,0,positive
4830.jpg,/kaggle/input/mvsasingle/MVSA_Single/data/4830.jpg,800,600,True,"NASAN AS FOUREY KOP S
WALANG FOREVER EN
OULUL WALANG GANUN
ULA ASA b
TANGA Wafer bundek","[{'x': 50, 'y': 192}, {'x': 471, 'y': 192}, {'x': 471, 'y': 388}, {'x': 50, 'y': 388}]",196,421,negative
4831.jpg,/kaggle/input/mvsasingle/MVSA_Single/data/4831.jpg,490,600,True,"멈춰선 절망과 시작되는 희망~
절대희망소년소녀
SUN
MON
TUE
WED
THU
22
23
24
FRI
7월
25
SAT
재능 선점&
신청서 접수
00:00~
26
22
27
28
29
30
31
2
3
4
5
6
7
8
20
11
12
재능 선점&
합격자 발표
신청서 마감
8/10 00:00","[{'x': 13, 'y': 16}, {'x': 571, 'y': 16}, {'x': 571, 'y': 460}, {'x': 13, 'y': 460}]",444,558,positive
4832.jpg,/kaggle/input/mvsasingle/MVSA_Single/data/4832.jpg,1024,575,True,"V
AT&T LTE
10:26 AM
72%
lovecalculator.com
The Love Calculator
Name of first person
Name of second person
calculate!
WHO IS YOUR ZODIAC MATCH?
SO ACCURATE IT'S SCARY!
B","[{'x': 10, 'y': 8}, {'x': 523, 'y': 8}, {'x': 523, 'y': 1012}, {'x': 10, 'y': 1012}]",1004,513,neutral
4833.jpg,/kaggle/input/mvsasingle/MVSA_Single/data/4833.jpg,736,599,True,"о
❤17 J'aime","[{'x': 27, 'y': 630}, {'x': 169, 'y': 630}, {'x': 169, 'y': 735}, {'x': 27, 'y': 735}]",105,142,positive
4834.jpg,/kaggle/input/mvsasingle/MVSA_Single/data/4834.jpg,800,600,False,,[],0,0,negative
4835.jpg,/kaggle/input/mvsasingle/MVSA_Single/data/4835.jpg,360,599,False,,[],0,0,positive
4836.jpg,/kaggle/input/mvsasingle/MVSA_Single/data/4836.jpg,428,600,True,"If you don't like
seeing pictures of
violence towards
animals being
posted, you need
to help stop
the
violence, not the
pictures.
-Johnny Depp","[{'x': 28, 'y': 25}, {'x': 230, 'y': 25}, {'x': 230, 'y': 364}, {'x': 28, 'y': 364}]",339,202,negative
4837.jpg,/kaggle/input/mvsasingle/MVSA_Single/data/4837.jpg,356,521,True,"""NOT EVERYONE CAN
UNDERSTAND IT, BUT TO
THAT GIRL OR THAT BOY,
IT MIGHT BE THE
MOST IMPORTANT
THING IN THE WORLD.
JUST 'CAUSE WE DON'T
UNDERSTAND IT
DOESN'T MEAN YOU CAN SAY
IT'S CRAZY.""","[{'x': 10, 'y': 80}, {'x': 256, 'y': 80}, {'x': 256, 'y': 275}, {'x': 10, 'y': 275}]",195,246,negative
4838.jpg,/kaggle/input/mvsasingle/MVSA_Single/data/4838.jpg,1024,576,True,"oooo AT&T LTE
2:35 PM
9%
< Back (47)
Luke
Contact
Whatup
Today 11:34 AM
Hello there sleepy head
iMessage
Hi
Delivered
Send","[{'x': 13, 'y': 9}, {'x': 564, 'y': 9}, {'x': 564, 'y': 999}, {'x': 13, 'y': 999}]",990,551,negative
4839.jpg,/kaggle/input/mvsasingle/MVSA_Single/data/4839.jpg,429,600,True,"SO WHY DO YOU ALLOW
THINGS LIKE FAMINE,
WAR, SUFFERING,
DISEASE, CRIME,
HOMELESSNESS,
DESPAIR ETC. EXIST IN
OUR WORLD?
INTERESTING THAT
YOU SHOULD BRING
THAT UP AS I WAS
ABOUT TO ASK YOU
THE EXACT SAME
QUESTION
William DeBurgh","[{'x': 24, 'y': 29}, {'x': 581, 'y': 29}, {'x': 581, 'y': 421}, {'x': 24, 'y': 421}]",392,557,negative
484.jpg,/kaggle/input/mvsasingle/MVSA_Single/data/484.jpg,355,598,False,,[],0,0,positive
4840.jpg,/kaggle/input/mvsasingle/MVSA_Single/data/4840.jpg,578,600,False,,[],0,0,negative
4841.jpg,/kaggle/input/mvsasingle/MVSA_Single/data/4841.jpg,610,600,True,"Drake actually tweeted and deleted
this? Wow ahaha @Drake @Meek Mill
⚫oo Verizon
11:29 PM
Drizzy
@Drake
Tweet
38%
97
Meek Mill really mad because I
fucked Nicki and didn't shout his
album up. Woeeeeesssssss!!!!
7/21/15, 11:27 PM","[{'x': 18, 'y': 12}, {'x': 581, 'y': 12}, {'x': 581, 'y': 546}, {'x': 18, 'y': 546}]",534,563,positive
4842.jpg,/kaggle/input/mvsasingle/MVSA_Single/data/4842.jpg,576,599,True,"you forget you had sex with em
When somebody was so wack
G
G
23
G
C
G
G
G
G
G
B
G
G
G
G
G
G G
G
G
G
6
G
6 G G
G
G G
G
G
G
2
G
G
G
G
G
G
G
G
2
B
G
G
G","[{'x': 2, 'y': 72}, {'x': 585, 'y': 72}, {'x': 585, 'y': 468}, {'x': 2, 'y': 468}]",396,583,positive
4843.jpg,/kaggle/input/mvsasingle/MVSA_Single/data/4843.jpg,359,480,False,,[],0,0,positive
4844.jpg,/kaggle/input/mvsasingle/MVSA_Single/data/4844.jpg,337,600,True,ANGELE,"[{'x': 256, 'y': 298}, {'x': 322, 'y': 298}, {'x': 322, 'y': 336}, {'x': 256, 'y': 336}]",38,66,positive
4845.jpg,/kaggle/input/mvsasingle/MVSA_Single/data/4845.jpg,800,600,True,"Madame Tussauds
SHANDNAL *
LARGEAROM
res
#SAM
SHANGHAI
Madame Tussauds
Madame
SHANGHAI T
LAUDRAM
L883
S*
Madame Tussauds
Madame Tussauds
CARORAM
SHANGHAL
me Tussauds
SHANGHAI
杜莎夫人蜡像馆
Madame
上海松
me Tussauds
SHANGHAI *
肚莎夫人蜡像馆
Madame Tu
上海杜莎夫人
me Tussauds
e
SHANGHAL
*
土莎夫人姫像懷
*
159
O
Madame Tussauds
SHANGHAI
上海杜莎夫人蜡性關
Madame T
上海
Madame Tussauds
SHANGHAI
*
上海杜莎夫人替像馆
Madame Tu
上海杜莎夫人知
Madame Tussauds
SHANGHAI
*
ENEGRANRE
issauds
SHANGHAI
☆
Madame Tus
Madame Tussauds
上海杜莎夫人悠久
SHANGHAI
*
上海杜莎夫人赔偿
@Mr_凡先生
weibo.com/u/3591355593","[{'x': 0, 'y': 4}, {'x': 599, 'y': 4}, {'x': 599, 'y': 797}, {'x': 0, 'y': 797}]",793,599,negative
4846.jpg,/kaggle/input/mvsasingle/MVSA_Single/data/4846.jpg,337,599,True,"WHEN YOU'RE LOSING CENTRAL FOCUS
OF THE POPULATION
WHO REALISE THEY'VE BEEN DEGENERATED
BY EVIL PAEDOPHILES; WHO FOUND IT FUNNY
SEXY & SELF-AGGRANDISING;
THEY THEN DROP A MASSIVE BOMB
ON THE UKRAINIANS
THEN STICK & TODDLER;
WITH A SQUARE-HEAD
WHO'S A PAEDOPHILE;
IN FRONT OF THE CAMERAS & HAVE PUTIN
PRETEND TO BE THE OTHER HAND
OF THE GENOCIDE-ADDICTED
ASHKENAZI JEWES
WHO ARE THE PAEDOPHILE-PUPPETEERS;
SILENTLY-VIOLENTLY MURDERING YOU TOO....
EROLON.BLOGSPOT.COM","[{'x': 247, 'y': 4}, {'x': 595, 'y': 4}, {'x': 595, 'y': 332}, {'x': 247, 'y': 332}]",328,348,positive
4847.jpg,/kaggle/input/mvsasingle/MVSA_Single/data/4847.jpg,399,599,True,"D
JURASSIC WORLD","[{'x': 0, 'y': 90}, {'x': 527, 'y': 90}, {'x': 527, 'y': 129}, {'x': 0, 'y': 129}]",39,527,positive
4848.jpg,/kaggle/input/mvsasingle/MVSA_Single/data/4848.jpg,360,600,True,"Borjan
Bareezé
N STORES NOW
OUT","[{'x': 2, 'y': 20}, {'x': 437, 'y': 20}, {'x': 437, 'y': 181}, {'x': 2, 'y': 181}]",161,435,positive
4849.jpg,/kaggle/input/mvsasingle/MVSA_Single/data/4849.jpg,448,600,True,"HELPLINE FOR MEN
FACING FALSE CASE OF DOWRY, RAPE, FUT आप दहेज, बलात्कार, कार्यस्थल
WORKPLACE HARASSMENT, MAINTENANCE, प्रताड़ना, रखरखाव, बच्चे की अभिरक्षा,
CHILD CUSTODY, DOMESTIC VIOLENCE, घरेलू हिंसा, तलाक के झूठे मामलों से पीड़ित
DIVORCE?
है?
0 8882 498 498
CALL SIF - ONE
SINGLE NUMBER HELPLINE
ACROSS MAJOR CITIES.
FOR OTHER CITIES, PLEASE JOIN
US AT:
प्रमुख शहरों की एकल
हेल्पलाइन |
अन्य शहरों के लिए, हमारे साथ
जुड़ने के लिए:
Ind
an
www.saveindianfamily.in Save India","[{'x': 5, 'y': 4}, {'x': 595, 'y': 4}, {'x': 595, 'y': 447}, {'x': 5, 'y': 447}]",443,590,positive
485.jpg,/kaggle/input/mvsasingle/MVSA_Single/data/485.jpg,337,599,False,,[],0,0,neutral
4850.jpg,/kaggle/input/mvsasingle/MVSA_Single/data/4850.jpg,448,600,True,"فلاح انسانیت فانی دین اسلام آباد
دره شام پرهای انسانیت این مانی
سمیت مظلوم مسلمانوں کی مدد اور پاکستان فطران
مجر میں جاری رفاہی اور
فلاحی منصوبوں کے ساتھ تعاون کیجئے
زكوة صدقات
051
4434192","[{'x': 6, 'y': 121}, {'x': 555, 'y': 121}, {'x': 555, 'y': 346}, {'x': 6, 'y': 346}]",225,549,positive
4851.jpg,/kaggle/input/mvsasingle/MVSA_Single/data/4851.jpg,602,599,True,"SCHOOLS
WEEK","[{'x': 129, 'y': 74}, {'x': 481, 'y': 74}, {'x': 481, 'y': 476}, {'x': 129, 'y': 476}]",402,352,positive
4852.jpg,/kaggle/input/mvsasingle/MVSA_Single/data/4852.jpg,367,600,True,"Paste
Condemnation of Suruc Terrorist Bombing
Message
Insert
Options
12
Calibri
BIU abe x, x'
Attach file
Plain
text
Photo album
Add Check
names
Delivery Editing
Paragraph
Plain t...
Insert
Contacts
From
Clipboard
Font
To...
consulate.melburn@mfa.gov.tr
Send
Subject Condemnation of Suruc Terrorist Bombing
Show Cc & Bcc
TO: Turkish Consul General
Dear Sir,
I wish to express my utter disgust at the recent terrorist (ISIS) bombing of innocent Turkish civilians in Suruc.
In my opinion ISIS, the Turkish Government and ADK's Erdogan are complicit in major atrocities against the Kurds.
I believe your current government is a disgrace to the memory of Kemal Attaturk and lack a duty of care towards your
ethnic minorities.
Regards
Will Beattie","[{'x': 12, 'y': 8}, {'x': 591, 'y': 8}, {'x': 591, 'y': 323}, {'x': 12, 'y': 323}]",315,579,negative
4853.jpg,/kaggle/input/mvsasingle/MVSA_Single/data/4853.jpg,278,510,False,,[],0,0,positive
4854.jpg,/kaggle/input/mvsasingle/MVSA_Single/data/4854.jpg,300,600,False,,[],0,0,positive
4855.jpg,/kaggle/input/mvsasingle/MVSA_Single/data/4855.jpg,449,599,False,,[],0,0,positive
4856.jpg,/kaggle/input/mvsasingle/MVSA_Single/data/4856.jpg,237,598,True,"Economía chilena se habría contraído en
2T vs 1T y amenaza con llevar a 2% PIB de
2015
Consultora inglesa Capital Economics proyecta una caída del producto de
0,4% en abril-junio contra enero-marzo desestacionali-zado. Agentes locales
refrendan esa tendencia y advierten que crecimiento este año arriesga a no
superar el de 2014.
P. NAMUR, C. ALONSO ECONOMIA 05:00 HRS","[{'x': 11, 'y': 12}, {'x': 569, 'y': 12}, {'x': 569, 'y': 211}, {'x': 11, 'y': 211}]",199,558,positive
4857.jpg,/kaggle/input/mvsasingle/MVSA_Single/data/4857.jpg,333,333,False,,[],0,0,positive
4858.jpg,/kaggle/input/mvsasingle/MVSA_Single/data/4858.jpg,600,600,True,"1901
AUTICO
NÁUTICO
ÁUTICO
VENDA DE INGRESSOS","[{'x': 53, 'y': 87}, {'x': 548, 'y': 87}, {'x': 548, 'y': 503}, {'x': 53, 'y': 503}]",416,495,positive
4859.jpg,/kaggle/input/mvsasingle/MVSA_Single/data/4859.jpg,333,500,True,繩,"[{'x': 461, 'y': 304}, {'x': 499, 'y': 304}, {'x': 499, 'y': 332}, {'x': 461, 'y': 332}]",28,38,negative
486.jpg,/kaggle/input/mvsasingle/MVSA_Single/data/486.jpg,640,307,True,تولين,"[{'x': 187, 'y': 318}, {'x': 259, 'y': 318}, {'x': 259, 'y': 354}, {'x': 187, 'y': 354}]",36,72,neutral
4860.jpg,/kaggle/input/mvsasingle/MVSA_Single/data/4860.jpg,414,550,True,"BEFORE
AFTER","[{'x': 19, 'y': 19}, {'x': 349, 'y': 19}, {'x': 349, 'y': 33}, {'x': 19, 'y': 33}]",14,330,neutral
4861.jpg,/kaggle/input/mvsasingle/MVSA_Single/data/4861.jpg,433,426,False,,[],0,0,negative
4862.jpg,/kaggle/input/mvsasingle/MVSA_Single/data/4862.jpg,800,600,True,"Maeve Mugglebee
Photography","[{'x': 2, 'y': 105}, {'x': 43, 'y': 105}, {'x': 43, 'y': 185}, {'x': 2, 'y': 185}]",80,41,neutral
4863.jpg,/kaggle/input/mvsasingle/MVSA_Single/data/4863.jpg,435,580,True,"PEREZ
HILTON
CAR","[{'x': 435, 'y': 337}, {'x': 536, 'y': 337}, {'x': 536, 'y': 426}, {'x': 435, 'y': 426}]",89,101,neutral
4864.jpg,/kaggle/input/mvsasingle/MVSA_Single/data/4864.jpg,531,400,False,,[],0,0,neutral
4865.jpg,/kaggle/input/mvsasingle/MVSA_Single/data/4865.jpg,500,500,False,,[],0,0,neutral
4866.jpg,/kaggle/input/mvsasingle/MVSA_Single/data/4866.jpg,375,480,False,,[],0,0,negative
4867.jpg,/kaggle/input/mvsasingle/MVSA_Single/data/4867.jpg,422,599,True,"BRASIL
2
MEK","[{'x': 230, 'y': 351}, {'x': 385, 'y': 351}, {'x': 385, 'y': 414}, {'x': 230, 'y': 414}]",63,155,negative
4868.jpg,/kaggle/input/mvsasingle/MVSA_Single/data/4868.jpg,414,599,False,,[],0,0,neutral
4869.jpg,/kaggle/input/mvsasingle/MVSA_Single/data/4869.jpg,353,353,True,"#TeenChoice
FOX","[{'x': 265, 'y': 292}, {'x': 338, 'y': 292}, {'x': 338, 'y': 323}, {'x': 265, 'y': 323}]",31,73,neutral
487.jpg,/kaggle/input/mvsasingle/MVSA_Single/data/487.jpg,450,600,True,"NOW A MAJOR BORTY SERIES
AMONGST
WOMEN
JOHN MCGAHERN","[{'x': 126, 'y': 41}, {'x': 298, 'y': 41}, {'x': 298, 'y': 138}, {'x': 126, 'y': 138}]",97,172,neutral
4870.jpg,/kaggle/input/mvsasingle/MVSA_Single/data/4870.jpg,568,320,False,,[],0,0,neutral
4871.jpg,/kaggle/input/mvsasingle/MVSA_Single/data/4871.jpg,238,291,True,"Tendenze in Italia Modifica
#Theltalian DirectionersAtHomeLoveYouGuys
#OneDirectionAkaBestidolsInTheWorld
#cinevago
#vimeritate
#Justin BieberlsTheBestIdolin TheUniverse
Verona
#happybirthdayglee
#TwitcamLodoRugg
#7 yearsofskillzaisherebooya
#BillFanQuest","[{'x': 10, 'y': 11}, {'x': 254, 'y': 11}, {'x': 254, 'y': 226}, {'x': 10, 'y': 226}]",215,244,neutral
4872.jpg,/kaggle/input/mvsasingle/MVSA_Single/data/4872.jpg,283,599,True,"LADER
STARS
Pinnacle Book
Achievement
Award
Tales of the
Dragonfly
Book 11:
IN FLIGHT
TAMAK FERGUSON
TAMARA FERGUSON
A brilliantly written, compelling, and
fast-paced story with the sheer ability
to completely captivate your mind.
Review
from Reader's Favorite Reviewer","[{'x': 32, 'y': 100}, {'x': 590, 'y': 100}, {'x': 590, 'y': 276}, {'x': 32, 'y': 276}]",176,558,negative
4873.jpg,/kaggle/input/mvsasingle/MVSA_Single/data/4873.jpg,451,599,True,"Kandi
[adult swim","[{'x': 167, 'y': 335}, {'x': 559, 'y': 335}, {'x': 559, 'y': 371}, {'x': 167, 'y': 371}]",36,392,neutral
4874.jpg,/kaggle/input/mvsasingle/MVSA_Single/data/4874.jpg,834,552,False,,[],0,0,neutral
4875.jpg,/kaggle/input/mvsasingle/MVSA_Single/data/4875.jpg,283,283,True,爱奇,"[{'x': 247, 'y': 5}, {'x': 282, 'y': 5}, {'x': 282, 'y': 22}, {'x': 247, 'y': 22}]",17,35,positive
4876.jpg,/kaggle/input/mvsasingle/MVSA_Single/data/4876.jpg,300,400,False,,[],0,0,positive
4877.jpg,/kaggle/input/mvsasingle/MVSA_Single/data/4877.jpg,425,425,False,,[],0,0,neutral
4878.jpg,/kaggle/input/mvsasingle/MVSA_Single/data/4878.jpg,399,600,False,,[],0,0,neutral
4879.jpg,/kaggle/input/mvsasingle/MVSA_Single/data/4879.jpg,450,600,True,"PULASKI DELL
EURD MARKET ALTIC FOO
PELAIN
DELE","[{'x': 202, 'y': 44}, {'x': 313, 'y': 44}, {'x': 313, 'y': 270}, {'x': 202, 'y': 270}]",226,111,positive
488.jpg,/kaggle/input/mvsasingle/MVSA_Single/data/488.jpg,337,599,False,,[],0,0,positive
4880.jpg,/kaggle/input/mvsasingle/MVSA_Single/data/4880.jpg,400,600,False,,[],0,0,neutral
4881.jpg,/kaggle/input/mvsasingle/MVSA_Single/data/4881.jpg,288,598,True,"Wanna do something
later?
Idk
like what?","[{'x': 50, 'y': 28}, {'x': 534, 'y': 28}, {'x': 534, 'y': 256}, {'x': 50, 'y': 256}]",228,484,neutral
4882.jpg,/kaggle/input/mvsasingle/MVSA_Single/data/4882.jpg,259,599,True,"YOUR CHANCE TO
BE ON TV!
TUMI MORAKE
ONLY R30 - PROCEEDS GO TO THE
UPLIFTMENT PROGRAMME
DEEP FRIED MAN
LOUWVENTER
TREVOR GUMBI
NIK RABINOWITZ
SBOSH MAFU
POINT
ORBER
SNE DLADLA
7 SHOWS!
3 DAYS!
JULY 30 - AUG 1
TICKETS AVAILABLE
ON WEBTICKET.CO.ZA","[{'x': 0, 'y': 6}, {'x': 593, 'y': 6}, {'x': 593, 'y': 253}, {'x': 0, 'y': 253}]",247,593,neutral
4883.jpg,/kaggle/input/mvsasingle/MVSA_Single/data/4883.jpg,450,600,True,04/16/2010,"[{'x': 478, 'y': 393}, {'x': 571, 'y': 393}, {'x': 571, 'y': 407}, {'x': 478, 'y': 407}]",14,93,neutral
4884.jpg,/kaggle/input/mvsasingle/MVSA_Single/data/4884.jpg,359,540,True,"PLEASE
DO NOT
WALK ON
GRASS","[{'x': 195, 'y': 55}, {'x': 329, 'y': 55}, {'x': 329, 'y': 160}, {'x': 195, 'y': 160}]",105,134,neutral
4885.jpg,/kaggle/input/mvsasingle/MVSA_Single/data/4885.jpg,393,599,True,"00:00:23
-00:04:26","[{'x': 138, 'y': 347}, {'x': 391, 'y': 347}, {'x': 391, 'y': 355}, {'x': 138, 'y': 355}]",8,253,neutral
4886.jpg,/kaggle/input/mvsasingle/MVSA_Single/data/4886.jpg,600,600,True,208,"[{'x': 100, 'y': 465}, {'x': 119, 'y': 465}, {'x': 119, 'y': 472}, {'x': 100, 'y': 472}]",7,19,neutral
4887.jpg,/kaggle/input/mvsasingle/MVSA_Single/data/4887.jpg,335,599,True,Francis R. Malasig/European Pressphoto Agency,"[{'x': 28, 'y': 293}, {'x': 316, 'y': 293}, {'x': 316, 'y': 308}, {'x': 28, 'y': 308}]",15,288,neutral
4888.jpg,/kaggle/input/mvsasingle/MVSA_Single/data/4888.jpg,406,599,False,,[],0,0,positive
4889.jpg,/kaggle/input/mvsasingle/MVSA_Single/data/4889.jpg,503,600,True,"シルフ9月号(7/22発売)
どうぞよろしくお願い致します!!
それは色めく不協和音
第9話","[{'x': 180, 'y': 40}, {'x': 577, 'y': 40}, {'x': 577, 'y': 488}, {'x': 180, 'y': 488}]",448,397,neutral
489.jpg,/kaggle/input/mvsasingle/MVSA_Single/data/489.jpg,300,600,False,,[],0,0,positive
4890.jpg,/kaggle/input/mvsasingle/MVSA_Single/data/4890.jpg,250,599,True,"CARN TOW
CARN","[{'x': 502, 'y': 0}, {'x': 533, 'y': 0}, {'x': 533, 'y': 43}, {'x': 502, 'y': 43}]",43,31,positive
4891.jpg,/kaggle/input/mvsasingle/MVSA_Single/data/4891.jpg,374,500,True,"Sing to me, Paolo.","[{'x': 153, 'y': 316}, {'x': 346, 'y': 316}, {'x': 346, 'y': 340}, {'x': 153, 'y': 340}]",24,193,negative
4892.jpg,/kaggle/input/mvsasingle/MVSA_Single/data/4892.jpg,140,140,False,,[],0,0,positive
4893.jpg,/kaggle/input/mvsasingle/MVSA_Single/data/4893.jpg,349,594,True,"OBINES
MY &
THDAY!","[{'x': 546, 'y': 51}, {'x': 584, 'y': 51}, {'x': 584, 'y': 85}, {'x': 546, 'y': 85}]",34,38,positive
4894.jpg,/kaggle/input/mvsasingle/MVSA_Single/data/4894.jpg,289,599,False,,[],0,0,neutral
4895.jpg,/kaggle/input/mvsasingle/MVSA_Single/data/4895.jpg,1024,577,True,"..ooo Verizon
10:33 AM
10 21%
Cam
+--+---
---+--+---
Jul 22, 2015, 10:31 AM
X|X|
---+--+---
XIXIO
---+--+---
Message
Send","[{'x': 11, 'y': 10}, {'x': 556, 'y': 10}, {'x': 556, 'y': 1005}, {'x': 11, 'y': 1005}]",995,545,neutral
4896.jpg,/kaggle/input/mvsasingle/MVSA_Single/data/4896.jpg,600,600,True,"ICEMO
IceMoon
INTENSE
275
ח
PARENTAL
ADVISORY
EXPLICIT CONTER","[{'x': 13, 'y': 20}, {'x': 583, 'y': 20}, {'x': 583, 'y': 587}, {'x': 13, 'y': 587}]",567,570,negative
4897.jpg,/kaggle/input/mvsasingle/MVSA_Single/data/4897.jpg,112,140,True,"сососносо
KIT NO. 33","[{'x': 42, 'y': 3}, {'x': 96, 'y': 3}, {'x': 96, 'y': 108}, {'x': 42, 'y': 108}]",105,54,negative
4898.jpg,/kaggle/input/mvsasingle/MVSA_Single/data/4898.jpg,600,600,True,"hg HAROLD GREEN
112","[{'x': 17, 'y': 23}, {'x': 572, 'y': 23}, {'x': 572, 'y': 581}, {'x': 17, 'y': 581}]",558,555,negative
4899.jpg,/kaggle/input/mvsasingle/MVSA_Single/data/4899.jpg,675,442,True,"ROPA
ROPIE A
FAE
E
ROPE
EX
ROPE
OP
+
Source: mukenope #beside queue","[{'x': 15, 'y': 104}, {'x': 393, 'y': 104}, {'x': 393, 'y': 674}, {'x': 15, 'y': 674}]",570,378,neutral
49.jpg,/kaggle/input/mvsasingle/MVSA_Single/data/49.jpg,205,600,True,@eclectik,"[{'x': 229, 'y': 191}, {'x': 295, 'y': 191}, {'x': 295, 'y': 203}, {'x': 229, 'y': 203}]",12,66,positive
490.jpg,/kaggle/input/mvsasingle/MVSA_Single/data/490.jpg,300,300,False,,[],0,0,negative
4900.jpg,/kaggle/input/mvsasingle/MVSA_Single/data/4900.jpg,337,599,True,"CK.COM
KRAKEN
BLACK SPICED
RUM
TEAMROCK COM
KRAKE
BLACK SPI
RUM
LO
HIPS ORANG
MER
WORLD
HIPS ORAL","[{'x': 0, 'y': 71}, {'x': 598, 'y': 71}, {'x': 598, 'y': 320}, {'x': 0, 'y': 320}]",249,598,positive
4901.jpg,/kaggle/input/mvsasingle/MVSA_Single/data/4901.jpg,960,540,True,"*** AT&T 4G
2:03 AM
Touch to return to call 08:08
A facebook.com
59%
Rudy Marmaro
I could only imagine the media frenzy if
the race of these people were reversed
and it was white people raping and
murdering black people.
Like 16 Reply More 27 February
Stephen Slade Passariello
Get the fucking lynching ropes out. I'm
tired of this bullshit.
Like 315 Reply More 27 February
Steve Smith
Where is that Son of a Bitch Al Sharpton
now?
Like 5 Reply More 27 February
Jerome Hooge
Wasn't she dating black guys??
Like 2 Reply More 27 February
2 replies
Melvin Woods","[{'x': 10, 'y': 8}, {'x': 516, 'y': 8}, {'x': 516, 'y': 948}, {'x': 10, 'y': 948}]",940,506,negative
4902.jpg,/kaggle/input/mvsasingle/MVSA_Single/data/4902.jpg,390,599,False,,[],0,0,positive
4903.jpg,/kaggle/input/mvsasingle/MVSA_Single/data/4903.jpg,337,599,True,"TODAY TALK
with
NIWIC","[{'x': 301, 'y': 19}, {'x': 565, 'y': 19}, {'x': 565, 'y': 228}, {'x': 301, 'y': 228}]",209,264,positive
4904.jpg,/kaggle/input/mvsasingle/MVSA_Single/data/4904.jpg,285,598,True,"WWW.INC.IN
""लोक सभा में हम 44 ही सही,
पर पांडव कभी कौरव से डरे नहीं।""
लोक सभा में कांग्रेस के नेता, श्री मल्लिकार्जुन खड़गे
twitter.com/INCIndia","[{'x': 53, 'y': 105}, {'x': 591, 'y': 105}, {'x': 591, 'y': 277}, {'x': 53, 'y': 277}]",172,538,positive
4905.jpg,/kaggle/input/mvsasingle/MVSA_Single/data/4905.jpg,317,431,True,"BENGHAZI
GATE
MR. HICKS
The Last Man, To Ever Speak With
Christopher Stevens Alive, Was
Demoted By Hillary Clinton
For Telling His Story","[{'x': 29, 'y': 29}, {'x': 391, 'y': 29}, {'x': 391, 'y': 302}, {'x': 29, 'y': 302}]",273,362,positive
4906.jpg,/kaggle/input/mvsasingle/MVSA_Single/data/4906.jpg,337,600,True,"Hey...
&
Unkry","[{'x': 271, 'y': 90}, {'x': 580, 'y': 90}, {'x': 580, 'y': 334}, {'x': 271, 'y': 334}]",244,309,positive
4907.jpg,/kaggle/input/mvsasingle/MVSA_Single/data/4907.jpg,307,600,True,"15
Family secrets
can tear a
family apart...
The Georgie Connolly Stories
E. L. LINDLEY
COMPSMOUN
HIGH SCHOOT
bind
amazonkindle","[{'x': 33, 'y': 6}, {'x': 573, 'y': 6}, {'x': 573, 'y': 299}, {'x': 33, 'y': 299}]",293,540,negative
4908.jpg,/kaggle/input/mvsasingle/MVSA_Single/data/4908.jpg,1065,600,False,,[],0,0,neutral
4909.jpg,/kaggle/input/mvsasingle/MVSA_Single/data/4909.jpg,454,350,True,"0
TA
ITALY","[{'x': 36, 'y': 169}, {'x': 271, 'y': 169}, {'x': 271, 'y': 236}, {'x': 36, 'y': 236}]",67,235,neutral
491.jpg,/kaggle/input/mvsasingle/MVSA_Single/data/491.jpg,450,600,True,"February 13, 2015
Phoenix, Arizona
Countering Islamic Fundamentalism,
Nuclear Armed Iran
O.AC
O.AC
O.AC
Iranian American
Community of Arizona
O AC","[{'x': 16, 'y': 60}, {'x': 371, 'y': 60}, {'x': 371, 'y': 263}, {'x': 16, 'y': 263}]",203,355,neutral
4910.jpg,/kaggle/input/mvsasingle/MVSA_Single/data/4910.jpg,398,599,False,,[],0,0,negative
4911.jpg,/kaggle/input/mvsasingle/MVSA_Single/data/4911.jpg,288,303,True,"A
Yeguada Escalera
@Ymfescalera
Читать
Maria Fernanda de la Escalera, es una
de las ganaderías más prestigiosas del
mundo y la más antigua de PRE con
más de 3 siglos de historia...entra y...","[{'x': 22, 'y': 76}, {'x': 267, 'y': 76}, {'x': 267, 'y': 266}, {'x': 22, 'y': 266}]",190,245,neutral
4912.jpg,/kaggle/input/mvsasingle/MVSA_Single/data/4912.jpg,600,600,True,"#TheTruthCaster
TRUE MARRIAGE
NEEDS NO SHOW
MONEY
WWW.CONTROVERSYEXTRAORDINARY.COM
TWITTER.COM/MRCONTROVERSYX
FACEBOOK.COM/CONTROVERSYEXTRAORDINARY","[{'x': 28, 'y': 156}, {'x': 567, 'y': 156}, {'x': 567, 'y': 469}, {'x': 28, 'y': 469}]",313,539,neutral
4913.jpg,/kaggle/input/mvsasingle/MVSA_Single/data/4913.jpg,508,417,True,"living
ORE","[{'x': 102, 'y': 201}, {'x': 146, 'y': 201}, {'x': 146, 'y': 235}, {'x': 102, 'y': 235}]",34,44,negative
4914.jpg,/kaggle/input/mvsasingle/MVSA_Single/data/4914.jpg,210,300,False,,[],0,0,positive
4915.jpg,/kaggle/input/mvsasingle/MVSA_Single/data/4915.jpg,417,353,True,E,"[{'x': 129, 'y': 39}, {'x': 144, 'y': 39}, {'x': 144, 'y': 54}, {'x': 129, 'y': 54}]",15,15,negative
4916.jpg,/kaggle/input/mvsasingle/MVSA_Single/data/4916.jpg,324,599,False,,[],0,0,positive
4917.jpg,/kaggle/input/mvsasingle/MVSA_Single/data/4917.jpg,395,599,True,"Current Temps
PHOENIX
86°
YUMA
83°
SCOTTSDALE
83°
DEER VALLEY
83°
MESA GATEWAY ARPT
81°
GILA BEND AFB
79°
CASA GRANDE
81°
BLYTHE
79°
IMPERIAL
78°
EL CENTRO
78°
data valid as of 6-52 am Wed - NWS Phoenix","[{'x': 36, 'y': 22}, {'x': 246, 'y': 22}, {'x': 246, 'y': 349}, {'x': 36, 'y': 349}]",327,210,positive
4918.jpg,/kaggle/input/mvsasingle/MVSA_Single/data/4918.jpg,522,599,True,"mington
Sunt 89
93
Duquerque
MEXCO
96
Alampardo
90
97
90
90
96192
OKLAHOMA
LACIO
80
89
89
8
95
96
94
Wieltur
96
95
bbock
Téarminu
96
99 samund
97.ilene
Fort Dallas 96
96
100
Werth
97
SLOUB
100
96an
973-5
96
El Paso
98ampad
99 Odersac
Chihuahua
Chinusmus
CHIHWAA
Angelo
91
96
98
Wednesday High
Temperature Forecast
97
DHRO
San 96
Housby 95
Antonio
Culveston
96
103
Corpus Christi
Laredo
McAllen
95
Monterey
Brownsvile
94
O","[{'x': 2, 'y': 4}, {'x': 598, 'y': 4}, {'x': 598, 'y': 518}, {'x': 2, 'y': 518}]",514,596,neutral
4919.jpg,/kaggle/input/mvsasingle/MVSA_Single/data/4919.jpg,337,599,False,,[],0,0,negative
492.jpg,/kaggle/input/mvsasingle/MVSA_Single/data/492.jpg,800,600,False,,[],0,0,negative
4920.jpg,/kaggle/input/mvsasingle/MVSA_Single/data/4920.jpg,450,599,False,,[],0,0,positive
4921.jpg,/kaggle/input/mvsasingle/MVSA_Single/data/4921.jpg,360,599,False,,[],0,0,neutral
4922.jpg,/kaggle/input/mvsasingle/MVSA_Single/data/4922.jpg,450,600,True,"#NYMOVES
CAPITAL PLANNING
AKS PARSONS
Move Nye","[{'x': 267, 'y': 39}, {'x': 492, 'y': 39}, {'x': 492, 'y': 133}, {'x': 267, 'y': 133}]",94,225,negative
4923.jpg,/kaggle/input/mvsasingle/MVSA_Single/data/4923.jpg,375,500,True,"Ne
40
MOWELL
Catalog Number
Serial Number
STEMB
Customer Order
Delivery 10
CHOR
CRO L
Free R
O","[{'x': 179, 'y': 83}, {'x': 363, 'y': 83}, {'x': 363, 'y': 351}, {'x': 179, 'y': 351}]",268,184,positive
4924.jpg,/kaggle/input/mvsasingle/MVSA_Single/data/4924.jpg,375,500,True,"440
Rockwell
Automation
www","[{'x': 222, 'y': 75}, {'x': 336, 'y': 75}, {'x': 336, 'y': 210}, {'x': 222, 'y': 210}]",135,114,negative
4925.jpg,/kaggle/input/mvsasingle/MVSA_Single/data/4925.jpg,326,599,True,"BEE
EE
JAA","[{'x': 551, 'y': 99}, {'x': 591, 'y': 99}, {'x': 591, 'y': 126}, {'x': 551, 'y': 126}]",27,40,positive
4926.jpg,/kaggle/input/mvsasingle/MVSA_Single/data/4926.jpg,450,600,False,,[],0,0,negative
4927.jpg,/kaggle/input/mvsasingle/MVSA_Single/data/4927.jpg,600,600,False,,[],0,0,positive
4928.jpg,/kaggle/input/mvsasingle/MVSA_Single/data/4928.jpg,450,600,True,"""SUCCESS EACH DAY SHOULD BE
JUDGED BY THE SEEDS SOWN,
NOT THE HARVEST REAPED.""
JOHN C. MAXWELL
QUOTESEVERLASTING.COM","[{'x': 26, 'y': 111}, {'x': 572, 'y': 111}, {'x': 572, 'y': 413}, {'x': 26, 'y': 413}]",302,546,positive
4929.jpg,/kaggle/input/mvsasingle/MVSA_Single/data/4929.jpg,400,600,False,,[],0,0,neutral
493.jpg,/kaggle/input/mvsasingle/MVSA_Single/data/493.jpg,312,598,True,"WAAD ARIF
WAIT FOR HER 21ST FEB
Ignite
ORUBA","[{'x': 34, 'y': 45}, {'x': 330, 'y': 45}, {'x': 330, 'y': 307}, {'x': 34, 'y': 307}]",262,296,negative
4930.jpg,/kaggle/input/mvsasingle/MVSA_Single/data/4930.jpg,600,600,False,,[],0,0,positive
4931.jpg,/kaggle/input/mvsasingle/MVSA_Single/data/4931.jpg,749,599,True,"G
OCBC
Bank
@_yongmoney","[{'x': 420, 'y': 224}, {'x': 596, 'y': 224}, {'x': 596, 'y': 745}, {'x': 420, 'y': 745}]",521,176,negative
4932.jpg,/kaggle/input/mvsasingle/MVSA_Single/data/4932.jpg,480,480,True,"I WOULD RATHER
STAND WITH
GOD
AND BE JUDGED BY THE WORLD
THAN STAND WITH THE
WORLD
AND BE JUDGED BY GOD.
FROM THE CREATORS OF GOD'S DEAD PURE FLIX PRESENTS
DO YOU BELIEVE?
IN THEATERS NOW","[{'x': 5, 'y': 50}, {'x': 476, 'y': 50}, {'x': 476, 'y': 475}, {'x': 5, 'y': 475}]",425,471,neutral
4933.jpg,/kaggle/input/mvsasingle/MVSA_Single/data/4933.jpg,400,600,False,,[],0,0,positive
4934.jpg,/kaggle/input/mvsasingle/MVSA_Single/data/4934.jpg,420,420,True,"混浴
くらいで
ビビんなよ
名前負け
だぜ!
な... 何で?
伊賀の
勇ましくて
太いんだろ?
なんか
エロいっすよ
フレー
話してみたら
気さくな人
だった
何 妄想
してんの","[{'x': 13, 'y': 1}, {'x': 376, 'y': 1}, {'x': 376, 'y': 418}, {'x': 13, 'y': 418}]",417,363,positive
4935.jpg,/kaggle/input/mvsasingle/MVSA_Single/data/4935.jpg,529,529,True,य,"[{'x': 334, 'y': 21}, {'x': 441, 'y': 21}, {'x': 441, 'y': 121}, {'x': 334, 'y': 121}]",100,107,positive
4936.jpg,/kaggle/input/mvsasingle/MVSA_Single/data/4936.jpg,450,600,True,"【悠人】
「あ······ いいね 結婚式の日に、
夫以外の男と乱れる花嫁の君なんて、
これほど興奮する姿はないよ･･････! 」
BACK LOG
AGITO
skip
MEN
quick save
Ick LOAD","[{'x': 159, 'y': 334}, {'x': 534, 'y': 334}, {'x': 534, 'y': 443}, {'x': 159, 'y': 443}]",109,375,positive
4937.jpg,/kaggle/input/mvsasingle/MVSA_Single/data/4937.jpg,600,600,True,"Coming August 18th!
The DAY the CRAYONS
Came
HOME
elings UNDER THE COUCH
DREW DAYWalt
OLIVER TEFFERS
from the ceraries of the #1 BEST selling THE DAY the CRAYONS QUIT
#everycrayon counts","[{'x': 18, 'y': 17}, {'x': 588, 'y': 17}, {'x': 588, 'y': 586}, {'x': 18, 'y': 586}]",569,570,neutral
4938.jpg,/kaggle/input/mvsasingle/MVSA_Single/data/4938.jpg,246,470,True,VdoBuzz.in,"[{'x': 351, 'y': 212}, {'x': 450, 'y': 212}, {'x': 450, 'y': 227}, {'x': 351, 'y': 227}]",15,99,positive
4939.jpg,/kaggle/input/mvsasingle/MVSA_Single/data/4939.jpg,57,344,True,mahorka,"[{'x': 9, 'y': 6}, {'x': 315, 'y': 6}, {'x': 315, 'y': 53}, {'x': 9, 'y': 53}]",47,306,positive
494.jpg,/kaggle/input/mvsasingle/MVSA_Single/data/494.jpg,280,390,False,,[],0,0,positive
4940.jpg,/kaggle/input/mvsasingle/MVSA_Single/data/4940.jpg,449,600,False,,[],0,0,negative
4941.jpg,/kaggle/input/mvsasingle/MVSA_Single/data/4941.jpg,326,578,True,hamsterwatch.com,"[{'x': 409, 'y': 302}, {'x': 566, 'y': 302}, {'x': 566, 'y': 318}, {'x': 409, 'y': 318}]",16,157,negative
4942.jpg,/kaggle/input/mvsasingle/MVSA_Single/data/4942.jpg,304,600,False,,[],0,0,positive
4943.jpg,/kaggle/input/mvsasingle/MVSA_Single/data/4943.jpg,370,600,False,,[],0,0,negative
4944.jpg,/kaggle/input/mvsasingle/MVSA_Single/data/4944.jpg,466,599,True,"SECTIONS Q SEARCH
Los Angeles Times
TUESDAY JUL 21.2015
LATEST MOST POPULAR LOCAL CALIFORNIA ENTERTAINMENT SPORTS
Caltrans spokesman Philip Havins said the plan is to run both directions of the freeway on the
westbound bridge.
EGRADEYOURO
The severed link was already stranding motorists. One driver making the journey from Arizona to
Redondo Beach in an electric car became marooned after exhausting the 270 miles of charge on his Tesla.
He was unaware of the freeway closure and lengthy detour.
f y
Fires followed by floods: California
faces dramatic climate year with El
Nino, drought
MAROONED
BY TESLA
CALIFORNIA 5:00 AM","[{'x': 24, 'y': 10}, {'x': 598, 'y': 10}, {'x': 598, 'y': 458}, {'x': 24, 'y': 458}]",448,574,negative
4945.jpg,/kaggle/input/mvsasingle/MVSA_Single/data/4945.jpg,839,599,False,,[],0,0,positive
4946.jpg,/kaggle/input/mvsasingle/MVSA_Single/data/4946.jpg,883,600,False,,[],0,0,negative
4947.jpg,/kaggle/input/mvsasingle/MVSA_Single/data/4947.jpg,600,600,True,"HAPPY MEDIUM
26x2.35 K1083
(ETRTO 58-559)
OTC
799+40g-Folding Bead
30-50 psi 120 TPI
MADE IN TAIWAN
212833 240529
HAPPYAZDIUM
FOLD","[{'x': 288, 'y': 29}, {'x': 561, 'y': 29}, {'x': 561, 'y': 459}, {'x': 288, 'y': 459}]",430,273,negative
4948.jpg,/kaggle/input/mvsasingle/MVSA_Single/data/4948.jpg,323,575,True,"TRUMP
MAKE AMERICREAT
TRUMP","[{'x': 18, 'y': 5}, {'x': 566, 'y': 5}, {'x': 566, 'y': 322}, {'x': 18, 'y': 322}]",317,548,negative
4949.jpg,/kaggle/input/mvsasingle/MVSA_Single/data/4949.jpg,140,105,True,"INGER
OF PEA","[{'x': 38, 'y': 22}, {'x': 63, 'y': 22}, {'x': 63, 'y': 33}, {'x': 38, 'y': 33}]",11,25,negative
495.jpg,/kaggle/input/mvsasingle/MVSA_Single/data/495.jpg,337,599,True,"UR CANADA
nterprise
2
8200
(icaCola","[{'x': 0, 'y': 103}, {'x': 530, 'y': 103}, {'x': 530, 'y': 168}, {'x': 0, 'y': 168}]",65,530,negative
4950.jpg,/kaggle/input/mvsasingle/MVSA_Single/data/4950.jpg,600,600,True,"ADOPT DONT SHOP
Maggie is looking for
her forever home
MAGGIE
4yrs old
Blind in one eye
Blind Dg
Rescueuk
www.blinddogrescueuk.com
bdrukrehoming@yahoo.com","[{'x': 49, 'y': 48}, {'x': 548, 'y': 48}, {'x': 548, 'y': 560}, {'x': 49, 'y': 560}]",512,499,positive
4951.jpg,/kaggle/input/mvsasingle/MVSA_Single/data/4951.jpg,399,599,True,"River & Trail
Outfitters
River Trail
Outfitters","[{'x': 569, 'y': 78}, {'x': 590, 'y': 78}, {'x': 590, 'y': 200}, {'x': 569, 'y': 200}]",122,21,positive
4952.jpg,/kaggle/input/mvsasingle/MVSA_Single/data/4952.jpg,140,140,True,"Friction
USA
DIABLO SWISS
ROTARY","[{'x': 5, 'y': 49}, {'x': 137, 'y': 49}, {'x': 137, 'y': 137}, {'x': 5, 'y': 137}]",88,132,neutral
4953.jpg,/kaggle/input/mvsasingle/MVSA_Single/data/4953.jpg,390,598,False,,[],0,0,negative
4954.jpg,/kaggle/input/mvsasingle/MVSA_Single/data/4954.jpg,533,400,True,Masapeko,"[{'x': 332, 'y': 511}, {'x': 396, 'y': 511}, {'x': 396, 'y': 530}, {'x': 332, 'y': 530}]",19,64,negative
4955.jpg,/kaggle/input/mvsasingle/MVSA_Single/data/4955.jpg,772,600,True,"""Nico
Happy Birthday
2015.7.22","[{'x': 314, 'y': 563}, {'x': 591, 'y': 563}, {'x': 591, 'y': 747}, {'x': 314, 'y': 747}]",184,277,negative
4956.jpg,/kaggle/input/mvsasingle/MVSA_Single/data/4956.jpg,900,599,False,,[],0,0,positive
4957.jpg,/kaggle/input/mvsasingle/MVSA_Single/data/4957.jpg,600,423,True,"今日はお集まり
頂きありがとう
同上諸君
提督を
数々の調略により
内部から
我々ドイツ艦隊の
地位向上を目指す
提督の日はもう間近
レーベの情熱的なグ･･
私も毎日
き
プリンツの痴女っぷりに
眼をむく
ゴゴゴゴゴ
したわ・・・
提督は完全に
惚れている!!!
私たちにね!
きゃぁー!!","[{'x': 3, 'y': 14}, {'x': 407, 'y': 14}, {'x': 407, 'y': 458}, {'x': 3, 'y': 458}]",444,404,negative
4958.jpg,/kaggle/input/mvsasingle/MVSA_Single/data/4958.jpg,250,250,False,,[],0,0,positive
4959.jpg,/kaggle/input/mvsasingle/MVSA_Single/data/4959.jpg,839,600,False,,[],0,0,positive
496.jpg,/kaggle/input/mvsasingle/MVSA_Single/data/496.jpg,600,600,False,,[],0,0,negative
4960.jpg,/kaggle/input/mvsasingle/MVSA_Single/data/4960.jpg,811,577,True,"Ame nochi Yuki
by YukiAmeto
ameto-y
C88 夏コミ用","[{'x': 26, 'y': 28}, {'x': 493, 'y': 28}, {'x': 493, 'y': 807}, {'x': 26, 'y': 807}]",779,467,positive
4961.jpg,/kaggle/input/mvsasingle/MVSA_Single/data/4961.jpg,382,600,True,"Fly
Emirates","[{'x': 335, 'y': 101}, {'x': 382, 'y': 101}, {'x': 382, 'y': 124}, {'x': 335, 'y': 124}]",23,47,negative
4962.jpg,/kaggle/input/mvsasingle/MVSA_Single/data/4962.jpg,337,599,True,"ED
QATAR
AIRWAYS
0
TEL &
Fly
Emirates","[{'x': 96, 'y': 119}, {'x': 475, 'y': 119}, {'x': 475, 'y': 322}, {'x': 96, 'y': 322}]",203,379,positive
4963.jpg,/kaggle/input/mvsasingle/MVSA_Single/data/4963.jpg,783,600,False,,[],0,0,positive
4964.jpg,/kaggle/input/mvsasingle/MVSA_Single/data/4964.jpg,847,600,True,"クソ提督!
クソ提督!
ふう
クソ提督ーッ!
まぁまぁ 二人とも
それぐらいで
いうても朧さん
この第七肋骨のあたりを
さすすすってね
LK
うわーん!
ご主人さまに
さすられた!!
さすーんって!
すーん☆
くおりてぃー!!
ちょ!?!?
どったの
潮ちゃん?","[{'x': 36, 'y': 23}, {'x': 567, 'y': 23}, {'x': 567, 'y': 700}, {'x': 36, 'y': 700}]",677,531,positive
4965.jpg,/kaggle/input/mvsasingle/MVSA_Single/data/4965.jpg,735,599,True,"0
INSIDE
OUT
*04","[{'x': 31, 'y': 225}, {'x': 436, 'y': 225}, {'x': 436, 'y': 676}, {'x': 31, 'y': 676}]",451,405,neutral
4966.jpg,/kaggle/input/mvsasingle/MVSA_Single/data/4966.jpg,223,597,True,"Irish Water: Numbers
don't lie
(Only politicians do)","[{'x': 51, 'y': 56}, {'x': 511, 'y': 56}, {'x': 511, 'y': 177}, {'x': 51, 'y': 177}]",121,460,neutral
4967.jpg,/kaggle/input/mvsasingle/MVSA_Single/data/4967.jpg,900,599,False,,[],0,0,neutral
4968.jpg,/kaggle/input/mvsasingle/MVSA_Single/data/4968.jpg,763,600,False,,[],0,0,positive
4969.jpg,/kaggle/input/mvsasingle/MVSA_Single/data/4969.jpg,600,600,True,"Lave
@cin tw","[{'x': 5, 'y': 555}, {'x': 591, 'y': 555}, {'x': 591, 'y': 599}, {'x': 5, 'y': 599}]",44,586,neutral
497.jpg,/kaggle/input/mvsasingle/MVSA_Single/data/497.jpg,640,460,True,"Passionate Desires
Here's a selection of the Dreamgirl
Collection - See more at our website
T
Babydoll >
Bodystockings>
Bridal
Lingerie
Bustier & Corsets
Gown
Style>
All of these and more
available in Plus size up to 24
Satin
Style>
www.passionate-desires.co.uk","[{'x': 28, 'y': 15}, {'x': 439, 'y': 15}, {'x': 439, 'y': 618}, {'x': 28, 'y': 618}]",603,411,positive
4970.jpg,/kaggle/input/mvsasingle/MVSA_Single/data/4970.jpg,788,600,False,,[],0,0,neutral
4971.jpg,/kaggle/input/mvsasingle/MVSA_Single/data/4971.jpg,339,599,True,"Usa Syfy
So
חעף","[{'x': 44, 'y': 63}, {'x': 560, 'y': 63}, {'x': 560, 'y': 338}, {'x': 44, 'y': 338}]",275,516,neutral
4972.jpg,/kaggle/input/mvsasingle/MVSA_Single/data/4972.jpg,887,599,False,,[],0,0,negative
4973.jpg,/kaggle/input/mvsasingle/MVSA_Single/data/4973.jpg,600,517,False,,[],0,0,negative
4974.jpg,/kaggle/input/mvsasingle/MVSA_Single/data/4974.jpg,374,600,True,"Welcome to
FLORIDA","[{'x': 23, 'y': 207}, {'x': 526, 'y': 207}, {'x': 526, 'y': 367}, {'x': 23, 'y': 367}]",160,503,negative
4975.jpg,/kaggle/input/mvsasingle/MVSA_Single/data/4975.jpg,423,600,False,,[],0,0,negative
4976.jpg,/kaggle/input/mvsasingle/MVSA_Single/data/4976.jpg,337,599,False,,[],0,0,negative
4977.jpg,/kaggle/input/mvsasingle/MVSA_Single/data/4977.jpg,332,599,True,"5:30
総理スタジオ生解説中 そもそも安保法案って何だ?
による
の疑問 安倍首相
はなれ","[{'x': 35, 'y': 7}, {'x': 598, 'y': 7}, {'x': 598, 'y': 289}, {'x': 35, 'y': 289}]",282,563,negative
4978.jpg,/kaggle/input/mvsasingle/MVSA_Single/data/4978.jpg,390,600,False,,[],0,0,neutral
4979.jpg,/kaggle/input/mvsasingle/MVSA_Single/data/4979.jpg,393,600,True,"Tokyo's proposed National Stadium, a key part of its 2020 Olympics plan, is being reopened to design proposals after
Japanese officials said new cost estimates had risen sharply.
Japan Sports Counc","[{'x': 10, 'y': 344}, {'x': 514, 'y': 344}, {'x': 514, 'y': 386}, {'x': 10, 'y': 386}]",42,504,neutral
498.jpg,/kaggle/input/mvsasingle/MVSA_Single/data/498.jpg,450,600,False,,[],0,0,negative
4980.jpg,/kaggle/input/mvsasingle/MVSA_Single/data/4980.jpg,452,599,True,MUND,"[{'x': 0, 'y': 209}, {'x': 478, 'y': 209}, {'x': 478, 'y': 323}, {'x': 0, 'y': 323}]",114,478,positive
4981.jpg,/kaggle/input/mvsasingle/MVSA_Single/data/4981.jpg,332,399,True,"30
総理スタジオ生解説中 そもそも安保法
はなれ
の[]
0疑問","[{'x': 0, 'y': 9}, {'x': 398, 'y': 9}, {'x': 398, 'y': 288}, {'x': 0, 'y': 288}]",279,398,neutral
4982.jpg,/kaggle/input/mvsasingle/MVSA_Single/data/4982.jpg,450,600,True,"Well
EXCUSE ME
Princess!
RexcaliburSoren Flaws of Braw","[{'x': 3, 'y': 277}, {'x': 575, 'y': 277}, {'x': 575, 'y': 437}, {'x': 3, 'y': 437}]",160,572,positive
4983.jpg,/kaggle/input/mvsasingle/MVSA_Single/data/4983.jpg,360,599,True,"John Johnsonson th
A HUGE congrats to Joe Hockey for
winning $200k and losing $850k in costs
for his defamation action YOU SHOWED
THEM BUDDY
#hockeyfairfax","[{'x': 384, 'y': 255}, {'x': 579, 'y': 255}, {'x': 579, 'y': 336}, {'x': 384, 'y': 336}]",81,195,negative
4984.jpg,/kaggle/input/mvsasingle/MVSA_Single/data/4984.jpg,695,391,False,,[],0,0,negative
4985.jpg,/kaggle/input/mvsasingle/MVSA_Single/data/4985.jpg,128,128,True,8,"[{'x': 46, 'y': 16}, {'x': 77, 'y': 16}, {'x': 77, 'y': 46}, {'x': 46, 'y': 46}]",30,31,positive
4986.jpg,/kaggle/input/mvsasingle/MVSA_Single/data/4986.jpg,337,599,True,8월8일,"[{'x': 282, 'y': 313}, {'x': 316, 'y': 313}, {'x': 316, 'y': 327}, {'x': 282, 'y': 327}]",14,34,neutral
4987.jpg,/kaggle/input/mvsasingle/MVSA_Single/data/4987.jpg,243,599,True,"「鉄拳20周年」×「アイドルマスター10周年」特別合同企画!
20%
[鉄拳20周年]
鉄のプライド。
X
アイドルマスター
th
THE IDOLM@STER__
10周年
「プロデューサーさん! 鉄拳ですよ! 鉄拳!』
開催 2015年7月22日(木) 14:00~
期間
8月19日(水) 13:59 まで
[キャンペーン
©BNEI/PRODECT IM@S ©岡俊之 ©BANDAI NAMCO Entertainment Inc. TEKKEN 7& ©BANDAI NAMCO Entertainment Inc.","[{'x': 12, 'y': 10}, {'x': 591, 'y': 10}, {'x': 591, 'y': 240}, {'x': 12, 'y': 240}]",230,579,positive
4988.jpg,/kaggle/input/mvsasingle/MVSA_Single/data/4988.jpg,556,600,True,"Better
Improved
Clinician
Outcomes Experience
Improved
Lower
Patient
Costs
Experience","[{'x': 100, 'y': 130}, {'x': 487, 'y': 130}, {'x': 487, 'y': 428}, {'x': 100, 'y': 428}]",298,387,positive
4989.jpg,/kaggle/input/mvsasingle/MVSA_Single/data/4989.jpg,600,600,False,,[],0,0,negative
499.jpg,/kaggle/input/mvsasingle/MVSA_Single/data/499.jpg,300,600,True,"Temptations
Molly P Murphy","[{'x': 29, 'y': 24}, {'x': 584, 'y': 24}, {'x': 584, 'y': 282}, {'x': 29, 'y': 282}]",258,555,positive
4990.jpg,/kaggle/input/mvsasingle/MVSA_Single/data/4990.jpg,450,600,True,"This is
Faith
There's a deep sleep that comes only after they are absolutely sure. As she settles in, she gives
a great big sigh. Like a weight has been lifted off her shoulders. Then she sleeps deeper than
she ever has because she knows she's safe. You get a lump in your throat as you realize how
close she came.
Now she's safe. Forever.","[{'x': 1, 'y': 4}, {'x': 595, 'y': 4}, {'x': 595, 'y': 447}, {'x': 1, 'y': 447}]",443,594,negative
4991.jpg,/kaggle/input/mvsasingle/MVSA_Single/data/4991.jpg,572,599,False,,[],0,0,positive
4992.jpg,/kaggle/input/mvsasingle/MVSA_Single/data/4992.jpg,402,599,False,,[],0,0,positive
4993.jpg,/kaggle/input/mvsasingle/MVSA_Single/data/4993.jpg,600,600,True,"Worry less
Smile more","[{'x': 135, 'y': 0}, {'x': 489, 'y': 0}, {'x': 489, 'y': 599}, {'x': 135, 'y': 599}]",599,354,positive
4994.jpg,/kaggle/input/mvsasingle/MVSA_Single/data/4994.jpg,600,600,True,"Image
OUTCAST BY KIRKMAN & KZACETA
A DARKNESS
VOLUME 1: A DARKNESS SURROUNDS HIM
OUTCAST
BY KIRKMAN
&AZACETA","[{'x': 108, 'y': 47}, {'x': 461, 'y': 47}, {'x': 461, 'y': 410}, {'x': 108, 'y': 410}]",363,353,positive
4995.jpg,/kaggle/input/mvsasingle/MVSA_Single/data/4995.jpg,336,600,False,,[],0,0,neutral
4996.jpg,/kaggle/input/mvsasingle/MVSA_Single/data/4996.jpg,800,600,True,"movies borderline #23
Outcast
giopep*delu*alexdiro
POPCORN
[HOT TOPIC]
""LE USCITE DELLA SETTIMANA
LIFE AFTER BETH A FIELD IN ENGLAND","[{'x': 17, 'y': 24}, {'x': 577, 'y': 24}, {'x': 577, 'y': 786}, {'x': 17, 'y': 786}]",762,560,neutral
4997.jpg,/kaggle/input/mvsasingle/MVSA_Single/data/4997.jpg,399,599,True,rasma,"[{'x': 247, 'y': 324}, {'x': 327, 'y': 324}, {'x': 327, 'y': 368}, {'x': 247, 'y': 368}]",44,80,negative
4998.jpg,/kaggle/input/mvsasingle/MVSA_Single/data/4998.jpg,300,600,True,"DON'T STOP BELIEVIN'
OUTCAST","[{'x': 45, 'y': 41}, {'x': 534, 'y': 41}, {'x': 534, 'y': 77}, {'x': 45, 'y': 77}]",36,489,positive
4999.jpg,/kaggle/input/mvsasingle/MVSA_Single/data/4999.jpg,288,512,False,,[],0,0,positive
5.jpg,/kaggle/input/mvsasingle/MVSA_Single/data/5.jpg,450,600,False,,[],0,0,neutral
50.jpg,/kaggle/input/mvsasingle/MVSA_Single/data/50.jpg,250,468,True,"Their Loss Is Your Gain...
100% Clean and Legal Profits?","[{'x': 105, 'y': 188}, {'x': 359, 'y': 188}, {'x': 359, 'y': 232}, {'x': 105, 'y': 232}]",44,254,negative
500.jpg,/kaggle/input/mvsasingle/MVSA_Single/data/500.jpg,338,600,False,,[],0,0,neutral
5000.jpg,/kaggle/input/mvsasingle/MVSA_Single/data/5000.jpg,600,600,True,"Everytime i like somebody, they're
either stuck on a ex, attached to
somebody, confused, don't know
who they want, or be playing
games...","[{'x': 21, 'y': 204}, {'x': 569, 'y': 204}, {'x': 569, 'y': 435}, {'x': 21, 'y': 435}]",231,548,positive
5001.jpg,/kaggle/input/mvsasingle/MVSA_Single/data/5001.jpg,48,48,True,f,"[{'x': 20, 'y': 9}, {'x': 45, 'y': 9}, {'x': 45, 'y': 45}, {'x': 20, 'y': 45}]",36,25,negative
5002.jpg,/kaggle/input/mvsasingle/MVSA_Single/data/5002.jpg,542,599,True,"""Justice will not be
served until those
who are unaffected
are as outraged as
those who are.""
-Benjamin Franklin","[{'x': 10, 'y': 69}, {'x': 342, 'y': 69}, {'x': 342, 'y': 286}, {'x': 10, 'y': 286}]",217,332,neutral
5003.jpg,/kaggle/input/mvsasingle/MVSA_Single/data/5003.jpg,236,420,False,,[],0,0,positive
5004.jpg,/kaggle/input/mvsasingle/MVSA_Single/data/5004.jpg,596,600,True,"2.06 13:12:13
center
for
B: I want a Lamborghini.
medical
progress
.org
2.06 13:12:16
center
for
medical
B: I said I want a Lamborghini.
progress
.org","[{'x': 0, 'y': 205}, {'x': 599, 'y': 205}, {'x': 599, 'y': 591}, {'x': 0, 'y': 591}]",386,599,negative
5005.jpg,/kaggle/input/mvsasingle/MVSA_Single/data/5005.jpg,340,599,True,"Global
NEWS","[{'x': 480, 'y': 281}, {'x': 563, 'y': 281}, {'x': 563, 'y': 319}, {'x': 480, 'y': 319}]",38,83,negative
5006.jpg,/kaggle/input/mvsasingle/MVSA_Single/data/5006.jpg,167,599,True,"RuPaul
DRAG RACE
ALLSTARS","[{'x': 165, 'y': 6}, {'x': 405, 'y': 6}, {'x': 405, 'y': 149}, {'x': 165, 'y': 149}]",143,240,positive
5007.jpg,/kaggle/input/mvsasingle/MVSA_Single/data/5007.jpg,1024,576,True,"GERARD WAY
SHAUN SIMON
BECKY CLOONAN
La Vraie Vie des Fabuleux
Killjoys
GERARD WAY GABRIEL BA
UMBRELLA ACADEMY
1- LA SUITE APOCALYPTIQUE
MY MANCE.
THREE CHEERS FOR SWEET REVENGE","[{'x': 31, 'y': 84}, {'x': 544, 'y': 84}, {'x': 544, 'y': 736}, {'x': 31, 'y': 736}]",652,513,positive
5008.jpg,/kaggle/input/mvsasingle/MVSA_Single/data/5008.jpg,1024,583,False,,[],0,0,negative
5009.jpg,/kaggle/input/mvsasingle/MVSA_Single/data/5009.jpg,466,599,True,"I HEAR YOU CALLING IN THE
DEAD OF NIGHT","[{'x': 154, 'y': 390}, {'x': 577, 'y': 390}, {'x': 577, 'y': 444}, {'x': 154, 'y': 444}]",54,423,negative
501.jpg,/kaggle/input/mvsasingle/MVSA_Single/data/501.jpg,497,599,False,,[],0,0,negative
5010.jpg,/kaggle/input/mvsasingle/MVSA_Single/data/5010.jpg,339,599,False,,[],0,0,positive
5011.jpg,/kaggle/input/mvsasingle/MVSA_Single/data/5011.jpg,145,598,True,"Oct 15 WOW Hall
Eugene, OR
RSVP
Oct 16 Revolution Hall
Portland, OR
RSVP
Oct 17 The Crocodile
Seattle, WA
RSVP","[{'x': 22, 'y': 30}, {'x': 549, 'y': 30}, {'x': 549, 'y': 121}, {'x': 22, 'y': 121}]",91,527,positive
5012.jpg,/kaggle/input/mvsasingle/MVSA_Single/data/5012.jpg,450,600,True,DUALX,"[{'x': 291, 'y': 247}, {'x': 332, 'y': 247}, {'x': 332, 'y': 264}, {'x': 291, 'y': 264}]",17,41,neutral
5013.jpg,/kaggle/input/mvsasingle/MVSA_Single/data/5013.jpg,717,599,True,"OIKEU
MUKA
SUUS
PAS
A
Al
HUMAN
TRIGHT
AMNESTY
INTERNATIONAL","[{'x': 119, 'y': 168}, {'x': 581, 'y': 168}, {'x': 581, 'y': 716}, {'x': 119, 'y': 716}]",548,462,neutral
5014.jpg,/kaggle/input/mvsasingle/MVSA_Single/data/5014.jpg,1024,577,False,,[],0,0,neutral
5015.jpg,/kaggle/input/mvsasingle/MVSA_Single/data/5015.jpg,447,599,True,ts?,"[{'x': 0, 'y': 219}, {'x': 222, 'y': 219}, {'x': 222, 'y': 360}, {'x': 0, 'y': 360}]",141,222,negative
5016.jpg,/kaggle/input/mvsasingle/MVSA_Single/data/5016.jpg,800,600,False,,[],0,0,negative
5017.jpg,/kaggle/input/mvsasingle/MVSA_Single/data/5017.jpg,619,600,True,"Greetings from the
OUTER
BANKS
North
Carolina","[{'x': 42, 'y': 16}, {'x': 519, 'y': 16}, {'x': 519, 'y': 604}, {'x': 42, 'y': 604}]",588,477,neutral
5018.jpg,/kaggle/input/mvsasingle/MVSA_Single/data/5018.jpg,600,600,True,"SV
L","[{'x': 14, 'y': 75}, {'x': 392, 'y': 75}, {'x': 392, 'y': 548}, {'x': 14, 'y': 548}]",473,378,negative
5019.jpg,/kaggle/input/mvsasingle/MVSA_Single/data/5019.jpg,158,465,True,"The Canalathon - Sunday 27th March 2016
Participant Name: Jenni Morris (SiEntries ID: 333774)
Course: 50 Km
Class: Female
Club: Unattached","[{'x': 7, 'y': 37}, {'x': 451, 'y': 37}, {'x': 451, 'y': 156}, {'x': 7, 'y': 156}]",119,444,neutral
502.jpg,/kaggle/input/mvsasingle/MVSA_Single/data/502.jpg,105,140,False,,[],0,0,negative
5020.jpg,/kaggle/input/mvsasingle/MVSA_Single/data/5020.jpg,600,600,True,SV,"[{'x': 372, 'y': 480}, {'x': 397, 'y': 480}, {'x': 397, 'y': 501}, {'x': 372, 'y': 501}]",21,25,negative
5021.jpg,/kaggle/input/mvsasingle/MVSA_Single/data/5021.jpg,600,600,True,SV,"[{'x': 373, 'y': 470}, {'x': 394, 'y': 470}, {'x': 394, 'y': 487}, {'x': 373, 'y': 487}]",17,21,negative
5022.jpg,/kaggle/input/mvsasingle/MVSA_Single/data/5022.jpg,423,500,True,"DAM
AO","[{'x': 153, 'y': 25}, {'x': 270, 'y': 25}, {'x': 270, 'y': 114}, {'x': 153, 'y': 114}]",89,117,negative
5023.jpg,/kaggle/input/mvsasingle/MVSA_Single/data/5023.jpg,337,599,False,,[],0,0,positive
5024.jpg,/kaggle/input/mvsasingle/MVSA_Single/data/5024.jpg,899,584,True,ONE DIREC,"[{'x': 497, 'y': 0}, {'x': 583, 'y': 0}, {'x': 583, 'y': 25}, {'x': 497, 'y': 25}]",25,86,negative
5025.jpg,/kaggle/input/mvsasingle/MVSA_Single/data/5025.jpg,490,600,False,,[],0,0,positive
5026.jpg,/kaggle/input/mvsasingle/MVSA_Single/data/5026.jpg,350,600,True,"OPINION
Mexico's paralyzed president
by Jorge Ramos","[{'x': 33, 'y': 256}, {'x': 437, 'y': 256}, {'x': 437, 'y': 331}, {'x': 33, 'y': 331}]",75,404,neutral
5027.jpg,/kaggle/input/mvsasingle/MVSA_Single/data/5027.jpg,960,540,True,"Q21:38
""Paralyzed"" - Against The
Current (Official Music Video)
2,445,271 views
48K
270
Subscribe
againstthecurrentNY
1,120,672 subscribers
50+
((-))
Mix ""Paralyzed"" -
Against The Curren...
YouTube
3:53
""Gravity"" - Against The
Current (Official Music...
againstthecurrentNY
7M views
""Dreaming Alone"" -","[{'x': 22, 'y': 9}, {'x': 515, 'y': 9}, {'x': 515, 'y': 959}, {'x': 22, 'y': 959}]",950,493,positive
5028.jpg,/kaggle/input/mvsasingle/MVSA_Single/data/5028.jpg,587,517,True,"Unlike Comment
Thunder Liggins
Say hi to brandon
From
a ne","[{'x': 19, 'y': 522}, {'x': 516, 'y': 522}, {'x': 516, 'y': 582}, {'x': 19, 'y': 582}]",60,497,negative
5029.jpg,/kaggle/input/mvsasingle/MVSA_Single/data/5029.jpg,580,600,False,,[],0,0,positive
503.jpg,/kaggle/input/mvsasingle/MVSA_Single/data/503.jpg,800,600,False,,[],0,0,negative
5030.jpg,/kaggle/input/mvsasingle/MVSA_Single/data/5030.jpg,600,600,True,"Bd
LECKEY
T","[{'x': 132, 'y': 338}, {'x': 359, 'y': 338}, {'x': 359, 'y': 579}, {'x': 132, 'y': 579}]",241,227,positive
5031.jpg,/kaggle/input/mvsasingle/MVSA_Single/data/5031.jpg,400,600,True,"COVERNMENT
OLF STINK","[{'x': 351, 'y': 263}, {'x': 437, 'y': 263}, {'x': 437, 'y': 323}, {'x': 351, 'y': 323}]",60,86,positive
5032.jpg,/kaggle/input/mvsasingle/MVSA_Single/data/5032.jpg,573,599,True,sa,"[{'x': 415, 'y': 173}, {'x': 516, 'y': 173}, {'x': 516, 'y': 206}, {'x': 415, 'y': 206}]",33,101,positive
5033.jpg,/kaggle/input/mvsasingle/MVSA_Single/data/5033.jpg,600,600,True,"PACK TALES
ARE YOU THE BIGGEST WOLFPACK
MEN'S BASKETBALL FAN?
SHARE YOUR #PACKTALES AT
GOPACK.COM/PACKTALES
N","[{'x': 14, 'y': 22}, {'x': 553, 'y': 22}, {'x': 553, 'y': 583}, {'x': 14, 'y': 583}]",561,539,positive
5034.jpg,/kaggle/input/mvsasingle/MVSA_Single/data/5034.jpg,600,600,False,,[],0,0,positive
5035.jpg,/kaggle/input/mvsasingle/MVSA_Single/data/5035.jpg,450,600,True,"THE WHITE HOUSE
#RethinkDiscipline
www.WHITEHOUSE GOV","[{'x': 166, 'y': 79}, {'x': 296, 'y': 79}, {'x': 296, 'y': 168}, {'x': 166, 'y': 168}]",89,130,positive
5036.jpg,/kaggle/input/mvsasingle/MVSA_Single/data/5036.jpg,600,600,True,FOR,"[{'x': 186, 'y': 18}, {'x': 271, 'y': 18}, {'x': 271, 'y': 79}, {'x': 186, 'y': 79}]",61,85,negative
5037.jpg,/kaggle/input/mvsasingle/MVSA_Single/data/5037.jpg,900,600,True,"6-Time ROMANTIC TIMES Award Winner
LAURA
TAYLOR
Surrender
6-Time ROMANTIC TIMES Award Winner
LAURA
TAYLOR
Love of the Beach
Boxed Set
Volume One
Love at the Beach
Boxed Set
Volume One","[{'x': 24, 'y': 11}, {'x': 573, 'y': 11}, {'x': 573, 'y': 883}, {'x': 24, 'y': 883}]",872,549,negative
5038.jpg,/kaggle/input/mvsasingle/MVSA_Single/data/5038.jpg,800,600,True,"WELCOME TO THE ONE AND ONLY
NEW YORK
COMIC CON
NEXT
VLEVEL
NYCC
NEED #THE BORGIAS SH","[{'x': 23, 'y': 75}, {'x': 568, 'y': 75}, {'x': 568, 'y': 483}, {'x': 23, 'y': 483}]",408,545,positive
5039.jpg,/kaggle/input/mvsasingle/MVSA_Single/data/5039.jpg,337,599,True,"THE DAILY SHO
AR
DAILY SHOW","[{'x': 8, 'y': 38}, {'x': 598, 'y': 38}, {'x': 598, 'y': 97}, {'x': 8, 'y': 97}]",59,590,positive
504.jpg,/kaggle/input/mvsasingle/MVSA_Single/data/504.jpg,270,480,True,"Watercolour Painting
A video course
for those who THINK
they can't PAINT","[{'x': 35, 'y': 54}, {'x': 461, 'y': 54}, {'x': 461, 'y': 207}, {'x': 35, 'y': 207}]",153,426,positive
5040.jpg,/kaggle/input/mvsasingle/MVSA_Single/data/5040.jpg,899,600,True,"GARNET
ORUNE","[{'x': 15, 'y': 31}, {'x': 373, 'y': 31}, {'x': 373, 'y': 277}, {'x': 15, 'y': 277}]",246,358,positive
5041.jpg,/kaggle/input/mvsasingle/MVSA_Single/data/5041.jpg,589,599,False,,[],0,0,positive
5042.jpg,/kaggle/input/mvsasingle/MVSA_Single/data/5042.jpg,327,600,False,,[],0,0,negative
5043.jpg,/kaggle/input/mvsasingle/MVSA_Single/data/5043.jpg,485,599,False,,[],0,0,positive
5044.jpg,/kaggle/input/mvsasingle/MVSA_Single/data/5044.jpg,448,395,False,,[],0,0,positive
5045.jpg,/kaggle/input/mvsasingle/MVSA_Single/data/5045.jpg,600,600,False,,[],0,0,positive
5046.jpg,/kaggle/input/mvsasingle/MVSA_Single/data/5046.jpg,800,600,True,"EST
CES
CITY
UNTS
LOWEST
PRICES
POWER
LOWEST
PRICES
GUARANTEED
POWER CITY
FOWL
Bigger
DISCOUNTS
Biggest
SAVI
SAVINGS
FREE
BECYOUNG
CITY
LOWEST
PRICES
GUARANTEED
CLOWEST
PRICES
DISCOUNTS
Biggest
SAVINGS
POWER CITY
CLOWEST
PRICES
GUARANTEED
POWER CITY
FREE
FREE
action Booked 135/9957
Mone
DISCOUNTS
SAVINGS","[{'x': 0, 'y': 63}, {'x': 483, 'y': 63}, {'x': 483, 'y': 738}, {'x': 0, 'y': 738}]",675,483,positive
5047.jpg,/kaggle/input/mvsasingle/MVSA_Single/data/5047.jpg,1024,576,True,"H+
45%
2:51 PM
Home
Discover
Activity
13 11.3K
27.4K
Coca-Cola
#choosehappiness
Coca-Cola GB @CocaCola_GB
We're searching for the
×
#happiestselfie with @jimstweetings...
will it be yours? CokeURL.com/
hsech4
t3 64
HAPPIEST
SELFIE EVER
COMPETITION
T&CS: GM/CI/OM 16+. Follow us and upload
entry to Twitter or instagram. Closes 22.7)
309
Promoted
Neg retweeted
George Parolalista @G_Parolalista 50m
Priceless reaction from legendary
№7","[{'x': 32, 'y': 7}, {'x': 560, 'y': 7}, {'x': 560, 'y': 1006}, {'x': 32, 'y': 1006}]",999,528,positive
5048.jpg,/kaggle/input/mvsasingle/MVSA_Single/data/5048.jpg,640,500,False,,[],0,0,negative
5049.jpg,/kaggle/input/mvsasingle/MVSA_Single/data/5049.jpg,600,600,True,"Calligraphy
Chat
AT 1PM EASTERN","[{'x': 31, 'y': 122}, {'x': 579, 'y': 122}, {'x': 579, 'y': 448}, {'x': 31, 'y': 448}]",326,548,positive
505.jpg,/kaggle/input/mvsasingle/MVSA_Single/data/505.jpg,450,600,True,"INCH
23 Dritz","[{'x': 270, 'y': 392}, {'x': 574, 'y': 392}, {'x': 574, 'y': 437}, {'x': 270, 'y': 437}]",45,304,neutral
5050.jpg,/kaggle/input/mvsasingle/MVSA_Single/data/5050.jpg,270,480,True,"Watercolour Painting
A video course
for those who THINK
they can't PAINT","[{'x': 35, 'y': 54}, {'x': 461, 'y': 54}, {'x': 461, 'y': 207}, {'x': 35, 'y': 207}]",153,426,positive
5051.jpg,/kaggle/input/mvsasingle/MVSA_Single/data/5051.jpg,376,508,False,,[],0,0,positive
5052.jpg,/kaggle/input/mvsasingle/MVSA_Single/data/5052.jpg,400,600,True,Exploretraveler.com,"[{'x': 163, 'y': 10}, {'x': 309, 'y': 10}, {'x': 309, 'y': 27}, {'x': 163, 'y': 27}]",17,146,positive
5053.jpg,/kaggle/input/mvsasingle/MVSA_Single/data/5053.jpg,480,600,True,"The relationship of Chapters 4, 5, and 6 to Chapters 1, 2, and 3 is direct and far-
reaching. In the flood of the loss of humanness in our age-including the flow
from abortion-on-demand to infanticide and on to euthanasia-the only thing
that can stem this tide is the certainty of the absolute uniqueness and value of
people. And the only thing which gives us this is the knowledge that people are
made in the image of God. We have no other final protection. And the only way
we know that people are made in the image of God is through the Bible and the
Incarnation of Christ, which we know from the Bible.
If people are not made in the image of God, the pessimistic, realistic human-
ist is right: the human race is indeed an abnormal wart on the smooth face of a
silent and meaningless universe. In this setting, abortion, infanticide, and
euthanasia (including the killing of mentally deranged criminals, the severely
handicapped, or the elderly who are an economic burden) are completely logi-
cal. Any person can be obliterated for what society at one moment thinks of as
its own social or economic good. Without the Bible and without the revelation
in Christ (which is only told to us in the Bible) there is nothing to stand
between us and our children and the eventual acceptance of the monstrous
inhumanities of the age.","[{'x': 6, 'y': 8}, {'x': 592, 'y': 8}, {'x': 592, 'y': 472}, {'x': 6, 'y': 472}]",464,586,positive
5054.jpg,/kaggle/input/mvsasingle/MVSA_Single/data/5054.jpg,168,299,False,,[],0,0,neutral
5055.jpg,/kaggle/input/mvsasingle/MVSA_Single/data/5055.jpg,477,489,True,"If you ever doubt you have power:
The next time you are snowed in
think about
the power of a snowflake.
Storm is coming.
July 29th
#Bernie 2016","[{'x': 59, 'y': 18}, {'x': 433, 'y': 18}, {'x': 433, 'y': 438}, {'x': 59, 'y': 438}]",420,374,positive
5056.jpg,/kaggle/input/mvsasingle/MVSA_Single/data/5056.jpg,798,599,True,"UNITY
SERVICE
RECOVERY
DR.BOB BILL W
Women
in","[{'x': 84, 'y': 8}, {'x': 373, 'y': 8}, {'x': 373, 'y': 505}, {'x': 84, 'y': 505}]",497,289,neutral
5057.jpg,/kaggle/input/mvsasingle/MVSA_Single/data/5057.jpg,300,600,True,"90500
Introvert?
Way too soft
in delivering
your
message?","[{'x': 325, 'y': 20}, {'x': 592, 'y': 20}, {'x': 592, 'y': 249}, {'x': 325, 'y': 249}]",229,267,positive
5058.jpg,/kaggle/input/mvsasingle/MVSA_Single/data/5058.jpg,337,599,False,,[],0,0,positive
5059.jpg,/kaggle/input/mvsasingle/MVSA_Single/data/5059.jpg,598,540,False,,[],0,0,positive
506.jpg,/kaggle/input/mvsasingle/MVSA_Single/data/506.jpg,500,478,False,,[],0,0,positive
5060.jpg,/kaggle/input/mvsasingle/MVSA_Single/data/5060.jpg,370,599,True,"[
OMAR
MOMANI","[{'x': 18, 'y': 8}, {'x': 587, 'y': 8}, {'x': 587, 'y': 357}, {'x': 18, 'y': 357}]",349,569,negative
5061.jpg,/kaggle/input/mvsasingle/MVSA_Single/data/5061.jpg,337,599,True,"Remember: determination, strenght,
vision, a smile and hardworking are what
you need...
solarwind06","[{'x': 95, 'y': 236}, {'x': 532, 'y': 236}, {'x': 532, 'y': 333}, {'x': 95, 'y': 333}]",97,437,neutral
5062.jpg,/kaggle/input/mvsasingle/MVSA_Single/data/5062.jpg,450,600,False,,[],0,0,positive
5063.jpg,/kaggle/input/mvsasingle/MVSA_Single/data/5063.jpg,960,540,True,"TH
IN
PUL
IN
PUL
N
88% 14:34
Tweet
flowerchucker @flowerchucker
28m
Funny japes from one of the cowardly
abstainers. It's not a laughing matter to the
@UKLabour Members. You'll see.
Jamie Reed @jreedmp
Labour leadership latest: I'm off to buy a donkey
jacket.
13
Jamie Reed @jreedmp
@flowerchucker @UKLabour Is that a
threat?
(23)
*
4m
flowerchucker @flowerchucker
1m
@jreedmp @UKLabour No. It's a political
warning. Stop acting rattled. I am a peace
loving man.
17
*
Jamie Reed
Reply to Jamie Reed","[{'x': 9, 'y': 7}, {'x': 530, 'y': 7}, {'x': 530, 'y': 866}, {'x': 9, 'y': 866}]",859,521,negative
5064.jpg,/kaggle/input/mvsasingle/MVSA_Single/data/5064.jpg,360,436,True,"Blaisdell Way
Niles Blvd.
Magnitude: 3.98
Place: 3km NNE of Fremont
Time: 2:41:14 AM, 7/21/2015
View on USGS
(84)
Nis
District
rly
D St
Niles Community
Park
3rd St
St
Alameda Creek Trail
Shinn St
Rail Dr
Old Canyon
Spetti Dr
Pickering Ave
Morris
(238)","[{'x': 0, 'y': 0}, {'x': 435, 'y': 0}, {'x': 435, 'y': 353}, {'x': 0, 'y': 353}]",353,435,positive
5065.jpg,/kaggle/input/mvsasingle/MVSA_Single/data/5065.jpg,426,600,False,,[],0,0,positive
5066.jpg,/kaggle/input/mvsasingle/MVSA_Single/data/5066.jpg,789,600,True,"DAR
WENN / JUICYCELEB.COM
ES","[{'x': 56, 'y': 20}, {'x': 539, 'y': 20}, {'x': 539, 'y': 222}, {'x': 56, 'y': 222}]",202,483,positive
5067.jpg,/kaggle/input/mvsasingle/MVSA_Single/data/5067.jpg,401,600,True,"BARCLAYS BANK
WAN
E
BARCLAYS","[{'x': 83, 'y': 40}, {'x': 585, 'y': 40}, {'x': 585, 'y': 362}, {'x': 83, 'y': 362}]",322,502,neutral
5068.jpg,/kaggle/input/mvsasingle/MVSA_Single/data/5068.jpg,280,499,True,"Mr. Everhard
English 101
+ English around
BRAZZERS.COM","[{'x': 322, 'y': 14}, {'x': 494, 'y': 14}, {'x': 494, 'y': 275}, {'x': 322, 'y': 275}]",261,172,neutral
5069.jpg,/kaggle/input/mvsasingle/MVSA_Single/data/5069.jpg,426,600,False,,[],0,0,neutral
507.jpg,/kaggle/input/mvsasingle/MVSA_Single/data/507.jpg,671,599,True,"PHILIPPINE
MARKETING
ASSOCIATION
HAVAS
MEDIA ORTEGA
MAD WORLD
REMINDERS
#OOTD Wear your best OOTD that conveys a corporate
or decent style (no shorts, sandos, slippers)
Bring your deposit slips for tickets
Bring your school I.D.
Have a heavy meal before going to the
venue (snacks will be served at 3:30 P.M.)
Registration starts exactly at 10:00 A.M.
Doors open at exactly 11:00 A.M.
February 8, 2015 | SMX Convention Center, Pasay City
/philippinejuniormarketingassociation
ilovepima
www.pjma.org","[{'x': 36, 'y': 28}, {'x': 545, 'y': 28}, {'x': 545, 'y': 642}, {'x': 36, 'y': 642}]",614,509,neutral
5070.jpg,/kaggle/input/mvsasingle/MVSA_Single/data/5070.jpg,390,599,True,"Measuring Up the Competition
Average unique U.S. visitors to selected news/information sites, in millions
Huffington Post Media
Yahoo-ABC News
128.1
125.8
CNN Network
BuzzFeed.com
108.0
75.7
New York Times Digital
56.9
Gawker Media
54.7
Fox News Digital Network
54.0
Note: Monthly average for June 2014 to June 2015
Source: comScore
THE WALL STREET JOURNAL.","[{'x': 0, 'y': 25}, {'x': 597, 'y': 25}, {'x': 597, 'y': 385}, {'x': 0, 'y': 385}]",360,597,negative
5071.jpg,/kaggle/input/mvsasingle/MVSA_Single/data/5071.jpg,400,285,True,"""A must-read for every gay men and yose who wests to understand gym.""
""An engaging read.... A welcome addition
to the emerg
Work Page
Predent Amere Cage (2003-20
and long-overdos terature oo oging geym
Lical Corel Sociological Analysis of Aging a
Reeling
in the
Years
Gay Men's Perspectives on Age and Ageism
Tim Bergling","[{'x': 4, 'y': 11}, {'x': 270, 'y': 11}, {'x': 270, 'y': 395}, {'x': 4, 'y': 395}]",384,266,neutral
5072.jpg,/kaggle/input/mvsasingle/MVSA_Single/data/5072.jpg,500,500,False,,[],0,0,neutral
5073.jpg,/kaggle/input/mvsasingle/MVSA_Single/data/5073.jpg,416,585,True,"Emira
3","[{'x': 209, 'y': 127}, {'x': 536, 'y': 127}, {'x': 536, 'y': 172}, {'x': 209, 'y': 172}]",45,327,positive
5074.jpg,/kaggle/input/mvsasingle/MVSA_Single/data/5074.jpg,454,600,True,"10.0M
7.5M
5.0M
VMW VMware Inc. NYSE BATS
22-Jul-2015 10:35am
ARSI(14) 54.40
StockCharts.com
Open 82.72 High 86.79 Low 82.52 Last 86.48 Volume 684.5K Chg +3.29 (+3.95%)
VMW (Daily) 86.48
-MA(50) 86.92
-MA(200) 84.60.
Volume 684,452
90
70
64.40
30
10
92
90
88
86.48
80
84.00
84
82
80
78
76
2.5M
ZA
08445
26 Feb 9 17 23 Mar 9 16 23 Apr
MACD(12,26,9) -0.804, -1.055, 0.252
13 20 27 May 11 18 26 Jun 8 15 22
Jul
13 20 27 Aug 10
1
0,252
0804
26 Feb 9 17 23 Mar 9 16 23 Apr
13 20 27 May 11 18 20 Jun 8 15 22
Jul
13 20 27 Aug 10","[{'x': 14, 'y': 1}, {'x': 599, 'y': 1}, {'x': 599, 'y': 451}, {'x': 14, 'y': 451}]",450,585,positive
5075.jpg,/kaggle/input/mvsasingle/MVSA_Single/data/5075.jpg,591,599,False,,[],0,0,positive
5076.jpg,/kaggle/input/mvsasingle/MVSA_Single/data/5076.jpg,337,599,True,Edday,"[{'x': 143, 'y': 212}, {'x': 183, 'y': 212}, {'x': 183, 'y': 231}, {'x': 143, 'y': 231}]",19,40,positive
5077.jpg,/kaggle/input/mvsasingle/MVSA_Single/data/5077.jpg,354,600,True,"SO I TELL THEM
THEY CAN HAVE
A REFERENDUM
AGAIN?
TELL THEM
ANY OLD SHIT","[{'x': 29, 'y': 200}, {'x': 573, 'y': 200}, {'x': 573, 'y': 286}, {'x': 29, 'y': 286}]",86,544,positive
5078.jpg,/kaggle/input/mvsasingle/MVSA_Single/data/5078.jpg,369,599,True,"Shekhar Gupta
@ShekharGupta
*
Follow
Kejriwal loves playing victim/underdog. BJP
brainlessly playing along. Zero point in
blocking Swati Malliwal appointment to a
pointless job
RETWEETS
FAVORITES
41
31
5:41 PM - 22 Jul 2015
New Delhi, Delhi
000","[{'x': 17, 'y': 18}, {'x': 573, 'y': 18}, {'x': 573, 'y': 356}, {'x': 17, 'y': 356}]",338,556,neutral
5079.jpg,/kaggle/input/mvsasingle/MVSA_Single/data/5079.jpg,600,600,True,"Why
AmT
Happy So
ADVISORY
EXPLICIT LYRICS
An Album by Spose
So","[{'x': 17, 'y': 3}, {'x': 469, 'y': 3}, {'x': 469, 'y': 586}, {'x': 17, 'y': 586}]",583,452,positive
508.jpg,/kaggle/input/mvsasingle/MVSA_Single/data/508.jpg,400,599,True,ICE,"[{'x': 570, 'y': 259}, {'x': 588, 'y': 259}, {'x': 588, 'y': 269}, {'x': 570, 'y': 269}]",10,18,negative
5080.jpg,/kaggle/input/mvsasingle/MVSA_Single/data/5080.jpg,401,600,True,ELDER STREET,"[{'x': 22, 'y': 87}, {'x': 62, 'y': 87}, {'x': 62, 'y': 113}, {'x': 22, 'y': 113}]",26,40,neutral
5081.jpg,/kaggle/input/mvsasingle/MVSA_Single/data/5081.jpg,336,599,True,PODEVILLA/GETTY IMAGES/ HUJAND SAFODIENAS,"[{'x': 590, 'y': 44}, {'x': 598, 'y': 44}, {'x': 598, 'y': 200}, {'x': 590, 'y': 200}]",156,8,neutral
5082.jpg,/kaggle/input/mvsasingle/MVSA_Single/data/5082.jpg,446,599,False,,[],0,0,positive
5083.jpg,/kaggle/input/mvsasingle/MVSA_Single/data/5083.jpg,335,595,True,"600
AFP","[{'x': 154, 'y': 292}, {'x': 589, 'y': 292}, {'x': 589, 'y': 329}, {'x': 154, 'y': 329}]",37,435,positive
5084.jpg,/kaggle/input/mvsasingle/MVSA_Single/data/5084.jpg,1024,575,False,,[],0,0,positive
5085.jpg,/kaggle/input/mvsasingle/MVSA_Single/data/5085.jpg,900,599,True,"THE ASSASSIN'S
Remorse
JMD REID","[{'x': 41, 'y': 414}, {'x': 563, 'y': 414}, {'x': 563, 'y': 887}, {'x': 41, 'y': 887}]",473,522,positive
5086.jpg,/kaggle/input/mvsasingle/MVSA_Single/data/5086.jpg,422,571,False,,[],0,0,negative
5087.jpg,/kaggle/input/mvsasingle/MVSA_Single/data/5087.jpg,338,600,True,"安保関連11法案
和支援法案 海外で自衛隊が他国軍を後
集団的自衛権による
事態」で
B
「在外邦人口
武器防護
重要影
海外での
何可能に","[{'x': 212, 'y': 87}, {'x': 441, 'y': 87}, {'x': 441, 'y': 337}, {'x': 212, 'y': 337}]",250,229,negative
5088.jpg,/kaggle/input/mvsasingle/MVSA_Single/data/5088.jpg,423,423,False,,[],0,0,negative
5089.jpg,/kaggle/input/mvsasingle/MVSA_Single/data/5089.jpg,423,600,True,"SHENEMAN
WITH
VAPING I GET
ALL THE NICOTINE
NONE OF THE
SMOKE AND IT
MAKES ME
LOOK COOL.
YOU
LOOK LIKE
AN IDIOT
SMOKING A
LASER
POINTER.
©2015 Sheneman. All rights reserved.
Distributed by Tribune Content Agency","[{'x': 25, 'y': 20}, {'x': 582, 'y': 20}, {'x': 582, 'y': 414}, {'x': 25, 'y': 414}]",394,557,neutral
509.jpg,/kaggle/input/mvsasingle/MVSA_Single/data/509.jpg,256,256,False,,[],0,0,positive
5090.jpg,/kaggle/input/mvsasingle/MVSA_Single/data/5090.jpg,562,400,True,OK!,"[{'x': 22, 'y': 35}, {'x': 137, 'y': 35}, {'x': 137, 'y': 91}, {'x': 22, 'y': 91}]",56,115,positive
5091.jpg,/kaggle/input/mvsasingle/MVSA_Single/data/5091.jpg,900,599,False,,[],0,0,positive
5092.jpg,/kaggle/input/mvsasingle/MVSA_Single/data/5092.jpg,334,334,False,,[],0,0,positive
5093.jpg,/kaggle/input/mvsasingle/MVSA_Single/data/5093.jpg,900,600,True,"adidas
1.999
134","[{'x': 112, 'y': 256}, {'x': 538, 'y': 256}, {'x': 538, 'y': 558}, {'x': 112, 'y': 558}]",302,426,positive
5094.jpg,/kaggle/input/mvsasingle/MVSA_Single/data/5094.jpg,400,400,True,"5
YEARS OF
ONE
DIRECTION","[{'x': 224, 'y': 125}, {'x': 355, 'y': 125}, {'x': 355, 'y': 252}, {'x': 224, 'y': 252}]",127,131,negative
5095.jpg,/kaggle/input/mvsasingle/MVSA_Single/data/5095.jpg,900,600,True,"adidas
1.999
134","[{'x': 112, 'y': 256}, {'x': 538, 'y': 256}, {'x': 538, 'y': 558}, {'x': 112, 'y': 558}]",302,426,positive
5096.jpg,/kaggle/input/mvsasingle/MVSA_Single/data/5096.jpg,600,600,True,"NEWS
COLORADO SELLS
$34 MILLION IN
MARIJUANA IN
ONE MONTH: $3.4
MILLION GOES TO
SCHOOLS, AND
CRIME DOWN 15%","[{'x': 78, 'y': 174}, {'x': 508, 'y': 174}, {'x': 508, 'y': 574}, {'x': 78, 'y': 574}]",400,430,positive
5097.jpg,/kaggle/input/mvsasingle/MVSA_Single/data/5097.jpg,900,600,True,"adidas
1.999
134","[{'x': 112, 'y': 256}, {'x': 538, 'y': 256}, {'x': 538, 'y': 558}, {'x': 112, 'y': 558}]",302,426,positive
5098.jpg,/kaggle/input/mvsasingle/MVSA_Single/data/5098.jpg,354,599,False,,[],0,0,negative
5099.jpg,/kaggle/input/mvsasingle/MVSA_Single/data/5099.jpg,450,600,False,,[],0,0,positive
51.jpg,/kaggle/input/mvsasingle/MVSA_Single/data/51.jpg,679,509,False,,[],0,0,positive
510.jpg,/kaggle/input/mvsasingle/MVSA_Single/data/510.jpg,800,600,False,,[],0,0,neutral
5100.jpg,/kaggle/input/mvsasingle/MVSA_Single/data/5100.jpg,300,534,True,"VAN VICKER
CHARACTER NAME
TUNDE
NSIKAN ISAAC
CHARACTER NAME
CYNTHIA
KAIMA NNAEBUE
CHARACTER NAME
MICHAEL","[{'x': 44, 'y': 209}, {'x': 472, 'y': 209}, {'x': 472, 'y': 299}, {'x': 44, 'y': 299}]",90,428,positive
5101.jpg,/kaggle/input/mvsasingle/MVSA_Single/data/5101.jpg,715,600,True,Buki Tijani,"[{'x': 499, 'y': 677}, {'x': 573, 'y': 677}, {'x': 573, 'y': 694}, {'x': 499, 'y': 694}]",17,74,positive
5102.jpg,/kaggle/input/mvsasingle/MVSA_Single/data/5102.jpg,296,599,True,"38 METRO Wednesday, July 22, 2015
Puzzles O
For solutions visit
metro.co.uk/answers
PEARLS BEFORE SWINE
HEY, BUDDY, DO YOU HAVE A CHARGER
I COULD USE MY E-BOOK BATTERY
IS DEAD AND I'VE GOT NOTHING
ELSE TO READ.
THEN MAYBE YOU SHOULDN'T READ
BOOKS THAT NEED BATTERIES.
TECHNOPHOBE!
HELL HATH
NO FURY
BOOKSTORE
KILLER!
LIKE A
BOOK LOVER
SCORNED","[{'x': 0, 'y': 27}, {'x': 575, 'y': 27}, {'x': 575, 'y': 174}, {'x': 0, 'y': 174}]",147,575,positive
5103.jpg,/kaggle/input/mvsasingle/MVSA_Single/data/5103.jpg,448,600,True,"ちら
jasperislington.tumblr.com","[{'x': 433, 'y': 174}, {'x': 594, 'y': 174}, {'x': 594, 'y': 444}, {'x': 433, 'y': 444}]",270,161,negative
5104.jpg,/kaggle/input/mvsasingle/MVSA_Single/data/5104.jpg,190,600,True,"HEY, BUDDY, DO YOU HAVE A CHARGER
I COULD USE MY E-BOOK BATTERY
IS DEAD AND I'VE GOT NOTHING
ELSE TO READ.
THEN MAYBE YOU SHOULDN'T READ
BOOKS THAT NEED BATTERIES.
NO FURY
TECHNOPHOBE! HELL HATH
BOOKSTORE
KILLER!
LIKE A
BOOK LOVER
SCORNED","[{'x': 8, 'y': 2}, {'x': 591, 'y': 2}, {'x': 591, 'y': 73}, {'x': 8, 'y': 73}]",71,583,neutral
5105.jpg,/kaggle/input/mvsasingle/MVSA_Single/data/5105.jpg,323,599,False,,[],0,0,neutral
5106.jpg,/kaggle/input/mvsasingle/MVSA_Single/data/5106.jpg,300,600,True,"THEM
CANE
NEW JOB!","[{'x': 120, 'y': 0}, {'x': 477, 'y': 0}, {'x': 477, 'y': 90}, {'x': 120, 'y': 90}]",90,357,positive
5107.jpg,/kaggle/input/mvsasingle/MVSA_Single/data/5107.jpg,1065,600,True,"o Verizon
11:10 PM
Done
×
55%
Roxanne, 35
64 miles away Active 15 hours ago
About Roxanne
I am fucking whore, who cheated on my marriage and
5 kids, who knows what STDs I have.","[{'x': 15, 'y': 9}, {'x': 541, 'y': 9}, {'x': 541, 'y': 927}, {'x': 15, 'y': 927}]",918,526,neutral
5108.jpg,/kaggle/input/mvsasingle/MVSA_Single/data/5108.jpg,550,600,False,,[],0,0,positive
5109.jpg,/kaggle/input/mvsasingle/MVSA_Single/data/5109.jpg,600,600,True,"you are
eutral in
Situations of
justice,","[{'x': 86, 'y': 385}, {'x': 379, 'y': 385}, {'x': 379, 'y': 598}, {'x': 86, 'y': 598}]",213,293,positive
511.jpg,/kaggle/input/mvsasingle/MVSA_Single/data/511.jpg,450,600,False,,[],0,0,neutral
5110.jpg,/kaggle/input/mvsasingle/MVSA_Single/data/5110.jpg,385,599,True,"MP
ldJTrump.com","[{'x': 0, 'y': 120}, {'x': 598, 'y': 120}, {'x': 598, 'y': 168}, {'x': 0, 'y': 168}]",48,598,negative
5111.jpg,/kaggle/input/mvsasingle/MVSA_Single/data/5111.jpg,369,440,True,"d
로
EXO와 함께하는
배로 청춘여행 발대식","[{'x': 11, 'y': 59}, {'x': 402, 'y': 59}, {'x': 402, 'y': 368}, {'x': 11, 'y': 368}]",309,391,negative
5112.jpg,/kaggle/input/mvsasingle/MVSA_Single/data/5112.jpg,200,200,False,,[],0,0,positive
5113.jpg,/kaggle/input/mvsasingle/MVSA_Single/data/5113.jpg,183,275,False,,[],0,0,positive
5114.jpg,/kaggle/input/mvsasingle/MVSA_Single/data/5114.jpg,801,600,False,,[],0,0,positive
5115.jpg,/kaggle/input/mvsasingle/MVSA_Single/data/5115.jpg,800,480,True,"to
N33%
33% 15:56
A
Q
What Really
Happened in
Edmonton
trishdishes:
Alright guys, we've all heard the jokes about
the Edmonton show, and I was there and I
want to set a few things straight.","[{'x': 12, 'y': 6}, {'x': 472, 'y': 6}, {'x': 472, 'y': 451}, {'x': 12, 'y': 451}]",445,460,positive
5116.jpg,/kaggle/input/mvsasingle/MVSA_Single/data/5116.jpg,159,317,True,"Christina Jade Rollings
Happy to announce that there's go
family. God is GOOD!!!
Like Comment 1 hour ago-
54 people like this.
Adam Boehner Congratulations
will be very happy. I hope that n
stop sending me pics of your be
hope that you stop coming into
just because I drunkenly slept v
mistake. A huge mistake, dut si
crazy obsession for you and you
appreciate your calls to my hous
my daughter listened to. My mi","[{'x': 200, 'y': 2}, {'x': 316, 'y': 2}, {'x': 316, 'y': 143}, {'x': 200, 'y': 143}]",141,116,positive
5117.jpg,/kaggle/input/mvsasingle/MVSA_Single/data/5117.jpg,282,450,False,,[],0,0,neutral
5118.jpg,/kaggle/input/mvsasingle/MVSA_Single/data/5118.jpg,351,598,False,,[],0,0,neutral
5119.jpg,/kaggle/input/mvsasingle/MVSA_Single/data/5119.jpg,600,600,False,,[],0,0,positive
512.jpg,/kaggle/input/mvsasingle/MVSA_Single/data/512.jpg,852,480,False,,[],0,0,neutral
5120.jpg,/kaggle/input/mvsasingle/MVSA_Single/data/5120.jpg,400,300,False,,[],0,0,positive
5121.jpg,/kaggle/input/mvsasingle/MVSA_Single/data/5121.jpg,400,600,True,"CARABINERI
CARABINIERI","[{'x': 347, 'y': 305}, {'x': 502, 'y': 305}, {'x': 502, 'y': 340}, {'x': 347, 'y': 340}]",35,155,positive
5122.jpg,/kaggle/input/mvsasingle/MVSA_Single/data/5122.jpg,1066,600,True,"2
3
HOT NJU
CHEESEBUR
DAVES NOT
SINGLE
DRIVESHO
DOUBLE
DAVESHO
4 TRIPLE
8.19
BACC
4
That's right.
5
SON OF BAC
CONFIRM
ORDER HERE
CREATE YOUR ME
WITH A CHOICE OF
HAL
CHARLAR
GARDEN
MAPPLE SU
SOURC
EAKED","[{'x': 170, 'y': 112}, {'x': 599, 'y': 112}, {'x': 599, 'y': 612}, {'x': 170, 'y': 612}]",500,429,positive
5123.jpg,/kaggle/input/mvsasingle/MVSA_Single/data/5123.jpg,450,600,True,"Bollywoodlife.com
Telly Preview!
Raman and Ishita","[{'x': 4, 'y': 0}, {'x': 450, 'y': 0}, {'x': 450, 'y': 443}, {'x': 4, 'y': 443}]",443,446,negative
5124.jpg,/kaggle/input/mvsasingle/MVSA_Single/data/5124.jpg,403,599,True,"Charles
Manson
The incredible
story of the most
dangerous
man alive.","[{'x': 9, 'y': 0}, {'x': 278, 'y': 0}, {'x': 278, 'y': 166}, {'x': 9, 'y': 166}]",166,269,negative
5125.jpg,/kaggle/input/mvsasingle/MVSA_Single/data/5125.jpg,779,600,True,"We're not meant to be alone.
We're made with holes
inside our souls.
The only way to survive is
to fill them.
I think the catch is,
you don't choose with what.
ELLA JAMES
'SLOTH","[{'x': 9, 'y': 251}, {'x': 591, 'y': 251}, {'x': 591, 'y': 765}, {'x': 9, 'y': 765}]",514,582,positive
5126.jpg,/kaggle/input/mvsasingle/MVSA_Single/data/5126.jpg,506,599,True,"3 SİNNERS
SIRFUL FOOD UITHOUT THE SI...
HEALTHY
EATING DOESN'T
MEAN YOU HAVE TO
GIVE UP EVERYTHING
THAT TASTES GOOD
AND BECOME
A CRAZY B**TCH.","[{'x': 56, 'y': 85}, {'x': 458, 'y': 85}, {'x': 458, 'y': 445}, {'x': 56, 'y': 445}]",360,402,negative
5127.jpg,/kaggle/input/mvsasingle/MVSA_Single/data/5127.jpg,398,599,False,,[],0,0,positive
5128.jpg,/kaggle/input/mvsasingle/MVSA_Single/data/5128.jpg,450,600,True,자,"[{'x': 303, 'y': 178}, {'x': 311, 'y': 178}, {'x': 311, 'y': 186}, {'x': 303, 'y': 186}]",8,8,positive
5129.jpg,/kaggle/input/mvsasingle/MVSA_Single/data/5129.jpg,741,600,True,www,"[{'x': 341, 'y': 674}, {'x': 358, 'y': 674}, {'x': 358, 'y': 703}, {'x': 341, 'y': 703}]",29,17,positive
513.jpg,/kaggle/input/mvsasingle/MVSA_Single/data/513.jpg,800,600,False,,[],0,0,positive
514.jpg,/kaggle/input/mvsasingle/MVSA_Single/data/514.jpg,600,600,True,"RA
OF MEN BECAUSE
RE REELING
EIN.","[{'x': 293, 'y': 247}, {'x': 570, 'y': 247}, {'x': 570, 'y': 581}, {'x': 293, 'y': 581}]",334,277,negative
515.jpg,/kaggle/input/mvsasingle/MVSA_Single/data/515.jpg,289,502,True,"PR
Page Ranked And Expired Domain
Name Goldmine","[{'x': 73, 'y': 11}, {'x': 389, 'y': 11}, {'x': 389, 'y': 59}, {'x': 73, 'y': 59}]",48,316,neutral
516.jpg,/kaggle/input/mvsasingle/MVSA_Single/data/516.jpg,450,600,True,W.BUTO,"[{'x': 50, 'y': 93}, {'x': 122, 'y': 93}, {'x': 122, 'y': 116}, {'x': 50, 'y': 116}]",23,72,positive
517.jpg,/kaggle/input/mvsasingle/MVSA_Single/data/517.jpg,799,600,True,"www
Let's get
star
Befor
att co
Now you're r
Step 1
Start w
Step 2
-If you are
please call
To activate an
(e device upgr
1.866.895.1099
Step 3
Review and accept We
Turn your new phone on
Step 4
Make a test call or data conne
Important Message: If the activation has not be
after the shipment date, we will complete the activ
monthly recurring charges and applicable service.co
once your line is activated
iPhone
Ο
©2014 AT&T Intellectual Property All rights reserved
AT&T and Globe logo are registered trademarks of
AT&T Intellectual Property
CLMO73010713
8378
MWHLTT 0814 6031 E","[{'x': 23, 'y': 157}, {'x': 573, 'y': 157}, {'x': 573, 'y': 706}, {'x': 23, 'y': 706}]",549,550,positive
518.jpg,/kaggle/input/mvsasingle/MVSA_Single/data/518.jpg,386,514,False,,[],0,0,negative
519.jpg,/kaggle/input/mvsasingle/MVSA_Single/data/519.jpg,426,600,False,,[],0,0,neutral
52.jpg,/kaggle/input/mvsasingle/MVSA_Single/data/52.jpg,447,600,True,"D
TH","[{'x': 205, 'y': 111}, {'x': 528, 'y': 111}, {'x': 528, 'y': 422}, {'x': 205, 'y': 422}]",311,323,negative
520.jpg,/kaggle/input/mvsasingle/MVSA_Single/data/520.jpg,397,600,True,COFFEE HOUSE,"[{'x': 237, 'y': 220}, {'x': 381, 'y': 220}, {'x': 381, 'y': 245}, {'x': 237, 'y': 245}]",25,144,neutral
521.jpg,/kaggle/input/mvsasingle/MVSA_Single/data/521.jpg,400,600,True,"FISHERMAN'S KEEP
A SEAFOOD CELEBRATION
Feb 9-April 14
$23.95
DINNER BUFFET
*Price Includes $2 mychoice* member discount.","[{'x': 92, 'y': 162}, {'x': 510, 'y': 162}, {'x': 510, 'y': 391}, {'x': 92, 'y': 391}]",229,418,positive
522.jpg,/kaggle/input/mvsasingle/MVSA_Single/data/522.jpg,515,517,True,"LET'S BE
INSERTIVE
I WANT TO SEE
WHAT'S INSIDE
YOUR SECRET
BOX.
To:
I WANT YOU
TO FIRMLY
GRASP IT
From:
TO:
FROM:
JUST CALL
ME DADDY!
TO:
FROM:
Will you go
square dancing
with me?
Ta
Franc
I WANT TO BE
ALON
WITH YOU
LET ME
SHOW YOU MY
EAGER FACE.
TO:
FROM:
IT'S VALENTINE'S
DAY, WHY
ARENT YOU IN
UNIFORM?
10
FROM","[{'x': 17, 'y': 18}, {'x': 498, 'y': 18}, {'x': 498, 'y': 499}, {'x': 17, 'y': 499}]",481,481,negative
523.jpg,/kaggle/input/mvsasingle/MVSA_Single/data/523.jpg,1024,576,True,"Official government
hashtag
#FLAG50
Allison Vuchnich, Globalnews.ca","[{'x': 61, 'y': 134}, {'x': 567, 'y': 134}, {'x': 567, 'y': 799}, {'x': 61, 'y': 799}]",665,506,negative
524.jpg,/kaggle/input/mvsasingle/MVSA_Single/data/524.jpg,600,600,False,,[],0,0,positive
525.jpg,/kaggle/input/mvsasingle/MVSA_Single/data/525.jpg,769,600,False,,[],0,0,positive
526.jpg,/kaggle/input/mvsasingle/MVSA_Single/data/526.jpg,800,600,True,B 6 12,"[{'x': 442, 'y': 747}, {'x': 574, 'y': 747}, {'x': 574, 'y': 772}, {'x': 442, 'y': 772}]",25,132,positive
527.jpg,/kaggle/input/mvsasingle/MVSA_Single/data/527.jpg,450,600,True,L,"[{'x': 366, 'y': 91}, {'x': 378, 'y': 91}, {'x': 378, 'y': 100}, {'x': 366, 'y': 100}]",9,12,negative
528.jpg,/kaggle/input/mvsasingle/MVSA_Single/data/528.jpg,463,599,True,"INDIANA SENATE
DEMOCRATS
1.3 million Hoosiers
voted for Supt. Ritz.
Republicans wrestling control
from the only statewide-
elected Democrat is exactly
what it looks like:
revenge politics.
STATE SENATOR
TIM LANANE
DISTRICT 25
""
#iStandWithRitz","[{'x': 92, 'y': 75}, {'x': 544, 'y': 75}, {'x': 544, 'y': 443}, {'x': 92, 'y': 443}]",368,452,positive
529.jpg,/kaggle/input/mvsasingle/MVSA_Single/data/529.jpg,600,600,False,,[],0,0,positive
53.jpg,/kaggle/input/mvsasingle/MVSA_Single/data/53.jpg,443,442,False,,[],0,0,positive
530.jpg,/kaggle/input/mvsasingle/MVSA_Single/data/530.jpg,640,571,True,"Just
NEW YORK POST sta
TUESDAY, FEBRUARY 10, 2015 / Clearing 41' / Weather: P. 14 LATE CITY FINALI nypost.com
Buck!
$1.00
DATE
WITH
DEATH
Kin to let Bobbi
die on same
day as Whitney
EXCLUSIVE
Bobbi Kristina Brown's rela-
tives have made the anguished
decision to take her off life sup
port, but want it done tomorrow
so she can die on the same
date as ber mom, Whitney Hous-
ton (above left, with a young
Bobbil, sources told The Post.
The idea was floated by matri-
arch Cissy Houston and has the
blessing of the Brown family
SEE PAGE 5","[{'x': 1, 'y': 1}, {'x': 570, 'y': 1}, {'x': 570, 'y': 624}, {'x': 1, 'y': 624}]",623,569,positive
531.jpg,/kaggle/input/mvsasingle/MVSA_Single/data/531.jpg,296,596,False,,[],0,0,positive
532.jpg,/kaggle/input/mvsasingle/MVSA_Single/data/532.jpg,750,498,False,,[],0,0,negative
533.jpg,/kaggle/input/mvsasingle/MVSA_Single/data/533.jpg,393,599,False,,[],0,0,positive
534.jpg,/kaggle/input/mvsasingle/MVSA_Single/data/534.jpg,271,401,True,"Larry King
90
ICANHASCHEEZBURGER.COM
Totally Looks Like.com Larry King (Bee Movie)","[{'x': 45, 'y': 123}, {'x': 389, 'y': 123}, {'x': 389, 'y': 267}, {'x': 45, 'y': 267}]",144,344,neutral
535.jpg,/kaggle/input/mvsasingle/MVSA_Single/data/535.jpg,450,600,True,Jolie,"[{'x': 477, 'y': 287}, {'x': 511, 'y': 287}, {'x': 511, 'y': 315}, {'x': 477, 'y': 315}]",28,34,positive
536.jpg,/kaggle/input/mvsasingle/MVSA_Single/data/536.jpg,600,600,True,"EZ-GO
July 20, 2011
The Wedding of Noah & Vixen","[{'x': 12, 'y': 351}, {'x': 590, 'y': 351}, {'x': 590, 'y': 577}, {'x': 12, 'y': 577}]",226,578,neutral
537.jpg,/kaggle/input/mvsasingle/MVSA_Single/data/537.jpg,337,599,False,,[],0,0,positive
538.jpg,/kaggle/input/mvsasingle/MVSA_Single/data/538.jpg,1024,577,True,"iPod
2:16 PM
Instagram
chrisbrownofficial
21m
136929 likes
chrisbrownofficial Happy Valentine's Day
beautiful.... I'm so thankful to have and soul
that cares for me the way you do. Love you
babe
view all 5684 comments.","[{'x': 9, 'y': 9}, {'x': 559, 'y': 9}, {'x': 559, 'y': 945}, {'x': 9, 'y': 945}]",936,550,positive
539.jpg,/kaggle/input/mvsasingle/MVSA_Single/data/539.jpg,649,441,False,,[],0,0,positive
54.jpg,/kaggle/input/mvsasingle/MVSA_Single/data/54.jpg,704,600,True,"SWNS.COM
BIKE TECH
uk Ltd.
GAS GAS","[{'x': 15, 'y': 344}, {'x': 431, 'y': 344}, {'x': 431, 'y': 700}, {'x': 15, 'y': 700}]",356,416,positive
540.jpg,/kaggle/input/mvsasingle/MVSA_Single/data/540.jpg,337,599,True,WWW.FAMOUSANDNUDE.NET,"[{'x': 259, 'y': 6}, {'x': 592, 'y': 6}, {'x': 592, 'y': 23}, {'x': 259, 'y': 23}]",17,333,positive
541.jpg,/kaggle/input/mvsasingle/MVSA_Single/data/541.jpg,398,599,False,,[],0,0,negative
542.jpg,/kaggle/input/mvsasingle/MVSA_Single/data/542.jpg,600,600,False,,[],0,0,negative
543.jpg,/kaggle/input/mvsasingle/MVSA_Single/data/543.jpg,337,599,True,C11,"[{'x': 412, 'y': 304}, {'x': 450, 'y': 304}, {'x': 450, 'y': 319}, {'x': 412, 'y': 319}]",15,38,negative
544.jpg,/kaggle/input/mvsasingle/MVSA_Single/data/544.jpg,280,599,False,,[],0,0,neutral
545.jpg,/kaggle/input/mvsasingle/MVSA_Single/data/545.jpg,600,600,True,"A woman was arrested this week after she admitted to
purchasing gasoline, driving to her ex-boyfriend's house,
and using it to set his new girlfriend's car on fire.
She's now facing five years in prison
and up to three Country Music Awards.
#LNSM","[{'x': 53, 'y': 11}, {'x': 589, 'y': 11}, {'x': 589, 'y': 587}, {'x': 53, 'y': 587}]",576,536,positive
546.jpg,/kaggle/input/mvsasingle/MVSA_Single/data/546.jpg,800,600,False,,[],0,0,negative
547.jpg,/kaggle/input/mvsasingle/MVSA_Single/data/547.jpg,168,126,False,,[],0,0,positive
548.jpg,/kaggle/input/mvsasingle/MVSA_Single/data/548.jpg,600,600,False,,[],0,0,negative
549.jpg,/kaggle/input/mvsasingle/MVSA_Single/data/549.jpg,600,600,True,VISITORS GUI,"[{'x': 470, 'y': 415}, {'x': 599, 'y': 415}, {'x': 599, 'y': 486}, {'x': 470, 'y': 486}]",71,129,neutral
55.jpg,/kaggle/input/mvsasingle/MVSA_Single/data/55.jpg,900,599,False,,[],0,0,positive
550.jpg,/kaggle/input/mvsasingle/MVSA_Single/data/550.jpg,564,600,True,"2 YEARS AGO
I stole a cookie from
the Vet's Customer
Appreciation table...
And I would totally do
it again.
7:08pm Nov 05, 2012 - Facebook
timehop","[{'x': 21, 'y': 33}, {'x': 264, 'y': 33}, {'x': 264, 'y': 548}, {'x': 21, 'y': 548}]",515,243,negative
551.jpg,/kaggle/input/mvsasingle/MVSA_Single/data/551.jpg,450,600,False,,[],0,0,positive
552.jpg,/kaggle/input/mvsasingle/MVSA_Single/data/552.jpg,450,600,True,"Bar
Main
Dining
Patio
DD","[{'x': 156, 'y': 39}, {'x': 496, 'y': 39}, {'x': 496, 'y': 124}, {'x': 156, 'y': 124}]",85,340,positive
553.jpg,/kaggle/input/mvsasingle/MVSA_Single/data/553.jpg,300,600,True,#LOVE,"[{'x': 204, 'y': 74}, {'x': 464, 'y': 74}, {'x': 464, 'y': 216}, {'x': 204, 'y': 216}]",142,260,neutral
554.jpg,/kaggle/input/mvsasingle/MVSA_Single/data/554.jpg,800,600,True,CHIDISTRICTU,"[{'x': 257, 'y': 355}, {'x': 326, 'y': 355}, {'x': 326, 'y': 476}, {'x': 257, 'y': 476}]",121,69,positive
555.jpg,/kaggle/input/mvsasingle/MVSA_Single/data/555.jpg,600,600,False,,[],0,0,positive
556.jpg,/kaggle/input/mvsasingle/MVSA_Single/data/556.jpg,798,599,False,,[],0,0,neutral
557.jpg,/kaggle/input/mvsasingle/MVSA_Single/data/557.jpg,399,599,False,,[],0,0,negative
558.jpg,/kaggle/input/mvsasingle/MVSA_Single/data/558.jpg,387,580,False,,[],0,0,negative
559.jpg,/kaggle/input/mvsasingle/MVSA_Single/data/559.jpg,800,600,False,,[],0,0,positive
56.jpg,/kaggle/input/mvsasingle/MVSA_Single/data/56.jpg,407,600,False,,[],0,0,positive
560.jpg,/kaggle/input/mvsasingle/MVSA_Single/data/560.jpg,800,600,True,"2STEL FIG
ROCKY MOUNTAIN HATIM","[{'x': 281, 'y': 425}, {'x': 387, 'y': 425}, {'x': 387, 'y': 519}, {'x': 281, 'y': 519}]",94,106,positive
561.jpg,/kaggle/input/mvsasingle/MVSA_Single/data/561.jpg,428,599,False,,[],0,0,neutral
562.jpg,/kaggle/input/mvsasingle/MVSA_Single/data/562.jpg,755,600,True,01,"[{'x': 159, 'y': 445}, {'x': 216, 'y': 445}, {'x': 216, 'y': 481}, {'x': 159, 'y': 481}]",36,57,neutral
563.jpg,/kaggle/input/mvsasingle/MVSA_Single/data/563.jpg,315,472,True,2011 Geoffrey Clack,"[{'x': 344, 'y': 294}, {'x': 453, 'y': 294}, {'x': 453, 'y': 306}, {'x': 344, 'y': 306}]",12,109,negative
564.jpg,/kaggle/input/mvsasingle/MVSA_Single/data/564.jpg,600,600,False,,[],0,0,negative
565.jpg,/kaggle/input/mvsasingle/MVSA_Single/data/565.jpg,799,599,False,,[],0,0,positive
566.jpg,/kaggle/input/mvsasingle/MVSA_Single/data/566.jpg,600,600,False,,[],0,0,positive
567.jpg,/kaggle/input/mvsasingle/MVSA_Single/data/567.jpg,734,500,False,,[],0,0,neutral
568.jpg,/kaggle/input/mvsasingle/MVSA_Single/data/568.jpg,400,600,True,"EBONY AND IVORY
SHEENA DUCKWORTH PHOTOGRAPHY | ALL RIGHTS RESERVED.","[{'x': 433, 'y': 12}, {'x': 586, 'y': 12}, {'x': 586, 'y': 39}, {'x': 433, 'y': 39}]",27,153,positive
569.jpg,/kaggle/input/mvsasingle/MVSA_Single/data/569.jpg,810,540,True,"crazy
PLAY
v1230v.com","[{'x': 26, 'y': 756}, {'x': 61, 'y': 756}, {'x': 61, 'y': 785}, {'x': 26, 'y': 785}]",29,35,negative
57.jpg,/kaggle/input/mvsasingle/MVSA_Single/data/57.jpg,357,599,True,"BB FT ENG 47-17 TA
19
Final Score","[{'x': 55, 'y': 49}, {'x': 507, 'y': 49}, {'x': 507, 'y': 333}, {'x': 55, 'y': 333}]",284,452,negative
570.jpg,/kaggle/input/mvsasingle/MVSA_Single/data/570.jpg,800,600,False,,[],0,0,neutral
571.jpg,/kaggle/input/mvsasingle/MVSA_Single/data/571.jpg,600,600,False,,[],0,0,positive
572.jpg,/kaggle/input/mvsasingle/MVSA_Single/data/572.jpg,801,600,True,PNGSTEW,"[{'x': 418, 'y': 596}, {'x': 599, 'y': 596}, {'x': 599, 'y': 765}, {'x': 418, 'y': 765}]",169,181,positive
573.jpg,/kaggle/input/mvsasingle/MVSA_Single/data/573.jpg,824,600,False,,[],0,0,neutral
574.jpg,/kaggle/input/mvsasingle/MVSA_Single/data/574.jpg,1024,576,False,,[],0,0,negative
575.jpg,/kaggle/input/mvsasingle/MVSA_Single/data/575.jpg,600,600,True,NYHgWay,"[{'x': 378, 'y': 52}, {'x': 395, 'y': 52}, {'x': 395, 'y': 129}, {'x': 378, 'y': 129}]",77,17,positive
576.jpg,/kaggle/input/mvsasingle/MVSA_Single/data/576.jpg,143,158,True,V,"[{'x': 5, 'y': 56}, {'x': 19, 'y': 56}, {'x': 19, 'y': 69}, {'x': 5, 'y': 69}]",13,14,positive
577.jpg,/kaggle/input/mvsasingle/MVSA_Single/data/577.jpg,473,600,False,,[],0,0,positive
578.jpg,/kaggle/input/mvsasingle/MVSA_Single/data/578.jpg,383,599,False,,[],0,0,neutral
579.jpg,/kaggle/input/mvsasingle/MVSA_Single/data/579.jpg,800,600,False,,[],0,0,positive
58.jpg,/kaggle/input/mvsasingle/MVSA_Single/data/58.jpg,337,599,True,ست,"[{'x': 444, 'y': 298}, {'x': 504, 'y': 298}, {'x': 504, 'y': 318}, {'x': 444, 'y': 318}]",20,60,positive
580.jpg,/kaggle/input/mvsasingle/MVSA_Single/data/580.jpg,450,600,True,"DL-13 S
C-4771","[{'x': 126, 'y': 294}, {'x': 161, 'y': 294}, {'x': 161, 'y': 319}, {'x': 126, 'y': 319}]",25,35,neutral
581.jpg,/kaggle/input/mvsasingle/MVSA_Single/data/581.jpg,399,599,False,,[],0,0,positive
582.jpg,/kaggle/input/mvsasingle/MVSA_Single/data/582.jpg,315,600,True,R,"[{'x': 48, 'y': 269}, {'x': 71, 'y': 269}, {'x': 71, 'y': 289}, {'x': 48, 'y': 289}]",20,23,positive
583.jpg,/kaggle/input/mvsasingle/MVSA_Single/data/583.jpg,667,500,False,,[],0,0,positive
584.jpg,/kaggle/input/mvsasingle/MVSA_Single/data/584.jpg,601,599,True,朋,"[{'x': 381, 'y': 322}, {'x': 411, 'y': 322}, {'x': 411, 'y': 344}, {'x': 381, 'y': 344}]",22,30,neutral
585.jpg,/kaggle/input/mvsasingle/MVSA_Single/data/585.jpg,600,600,True,ENTINO,"[{'x': 370, 'y': 479}, {'x': 563, 'y': 479}, {'x': 563, 'y': 599}, {'x': 370, 'y': 599}]",120,193,positive
586.jpg,/kaggle/input/mvsasingle/MVSA_Single/data/586.jpg,800,600,True,Dou,"[{'x': 365, 'y': 781}, {'x': 397, 'y': 781}, {'x': 397, 'y': 795}, {'x': 365, 'y': 795}]",14,32,neutral
587.jpg,/kaggle/input/mvsasingle/MVSA_Single/data/587.jpg,286,600,True,"W
FENG SHU
SARCOIDOSIS HEALING","[{'x': 57, 'y': 34}, {'x': 441, 'y': 34}, {'x': 441, 'y': 159}, {'x': 57, 'y': 159}]",125,384,positive
588.jpg,/kaggle/input/mvsasingle/MVSA_Single/data/588.jpg,401,600,True,www.qwickaid.com/culinary,"[{'x': 4, 'y': 377}, {'x': 276, 'y': 377}, {'x': 276, 'y': 397}, {'x': 4, 'y': 397}]",20,272,positive
589.jpg,/kaggle/input/mvsasingle/MVSA_Single/data/589.jpg,600,600,False,,[],0,0,positive
59.jpg,/kaggle/input/mvsasingle/MVSA_Single/data/59.jpg,1000,600,True,"D
00
回
Sybil
7:42","[{'x': 14, 'y': 4}, {'x': 588, 'y': 4}, {'x': 588, 'y': 983}, {'x': 14, 'y': 983}]",979,574,positive
590.jpg,/kaggle/input/mvsasingle/MVSA_Single/data/590.jpg,756,599,False,,[],0,0,positive
591.jpg,/kaggle/input/mvsasingle/MVSA_Single/data/591.jpg,800,600,True,"FOSSIL
1954
FOR WOMEN
POUR LES FEMMES
PERFUME
EAU DE PARFUM
75 HL
0.25 FL OZ","[{'x': 272, 'y': 377}, {'x': 373, 'y': 377}, {'x': 373, 'y': 649}, {'x': 272, 'y': 649}]",272,101,positive
592.jpg,/kaggle/input/mvsasingle/MVSA_Single/data/592.jpg,450,600,False,,[],0,0,positive
593.jpg,/kaggle/input/mvsasingle/MVSA_Single/data/593.jpg,417,600,False,,[],0,0,positive
594.jpg,/kaggle/input/mvsasingle/MVSA_Single/data/594.jpg,640,488,True,"POLICE
DEPARTMENT
$15,000 REWARD
FOR HOMICIDE
POLICE
DEPARTMENT
VICTIM - JOHNATHAN LAZU
ON THURSDAY, FEBRUARY 7, 2013, AT APPROXIMATELY 2:30 P.M., INSIDE 220
SUYDAM STREET LOCATED IN THE CONFINES OF THE 83 PRECINCT IN BROOKLYN,
JOHNATHAN LAZU PICTURED ABOVE WAS THE VICTIM OF A HOMICIDE.
CALL: 1-800-577-8477(TIPS)
Reward up to $15,000 payable by Crime Stoppers upon arrest and indictment of the person(s)
responsible for the above listed crime.
Anyone with information regarding this crime is urged to contact Crime Stoppers. All callers to Crime
Stoppers remain Anonymous.
Poster Year: 2015
Poster Pet: 83
Poster: 888","[{'x': 10, 'y': 16}, {'x': 475, 'y': 16}, {'x': 475, 'y': 620}, {'x': 10, 'y': 620}]",604,465,positive
595.jpg,/kaggle/input/mvsasingle/MVSA_Single/data/595.jpg,337,599,False,,[],0,0,positive
596.jpg,/kaggle/input/mvsasingle/MVSA_Single/data/596.jpg,701,600,True,"Orgecan
COLIN'S
Osgecan
MAN
FINAL
İNDİRİM
KADIN
KADIN
Özgecan
Aslan","[{'x': 57, 'y': 108}, {'x': 585, 'y': 108}, {'x': 585, 'y': 444}, {'x': 57, 'y': 444}]",336,528,positive
597.jpg,/kaggle/input/mvsasingle/MVSA_Single/data/597.jpg,840,599,True,"The INDEPENDENT
POLICE
TIONALE
Police said that the attacker was in an
incoherent state when found at the scene
Moroccan man in France
killed at home in front of
wife in 'horrible
Islamophobic attack'","[{'x': 5, 'y': 13}, {'x': 594, 'y': 13}, {'x': 594, 'y': 823}, {'x': 5, 'y': 823}]",810,589,positive
598.jpg,/kaggle/input/mvsasingle/MVSA_Single/data/598.jpg,399,600,False,,[],0,0,neutral
599.jpg,/kaggle/input/mvsasingle/MVSA_Single/data/599.jpg,748,599,True,"Feb, 13th 2015
Özgecan Aslan, a 20 years old
Student of Kurdish-Alevi origin
from Dersim, was brutally
murdered in Turkish city,
Mersin-Tarsus.
She was first raped, then
stabbed with knife and then
burned by 3 ultranationalists
and islamists Turks (gray
Wolves or MHP).
2 of 3 killer are Necmettin
Altındöken and Fatih Gokce
Murderer","[{'x': 15, 'y': 341}, {'x': 507, 'y': 341}, {'x': 507, 'y': 672}, {'x': 15, 'y': 672}]",331,492,neutral
6.jpg,/kaggle/input/mvsasingle/MVSA_Single/data/6.jpg,1024,577,True,"●●●oo cricket LTE 10:10 AM
72%
<
1 of 322
1:29
Give Me Love
Shawn Mendes
||
-
♡covers♡
-3:03
Repeat All
Create
Shuffle All","[{'x': 11, 'y': 8}, {'x': 551, 'y': 8}, {'x': 551, 'y': 1008}, {'x': 11, 'y': 1008}]",1000,540,neutral
60.jpg,/kaggle/input/mvsasingle/MVSA_Single/data/60.jpg,544,428,False,,[],0,0,negative
600.jpg,/kaggle/input/mvsasingle/MVSA_Single/data/600.jpg,1024,576,True,"G
a","[{'x': 339, 'y': 564}, {'x': 516, 'y': 564}, {'x': 516, 'y': 874}, {'x': 339, 'y': 874}]",310,177,negative
601.jpg,/kaggle/input/mvsasingle/MVSA_Single/data/601.jpg,1024,576,True,"0
www
www
U
Stop
Coming
my ho
Mi
mm
wwwwwww
FIX
Чиш
0000
AKWI
AGO W
VAN
omy
Sac","[{'x': 36, 'y': 8}, {'x': 575, 'y': 8}, {'x': 575, 'y': 828}, {'x': 36, 'y': 828}]",820,539,positive
602.jpg,/kaggle/input/mvsasingle/MVSA_Single/data/602.jpg,400,600,False,,[],0,0,positive
603.jpg,/kaggle/input/mvsasingle/MVSA_Single/data/603.jpg,448,489,False,,[],0,0,positive
604.jpg,/kaggle/input/mvsasingle/MVSA_Single/data/604.jpg,600,600,True,"You're my kind of
drug, Valentine
To:
From:","[{'x': 242, 'y': 272}, {'x': 541, 'y': 272}, {'x': 541, 'y': 436}, {'x': 242, 'y': 436}]",164,299,positive
605.jpg,/kaggle/input/mvsasingle/MVSA_Single/data/605.jpg,900,600,True,"⚫ Sprint 3G
12:04 PM
@20%
PM
20%
.... Sprint 3G 12:04 PM
20%
ourself
dora
Snapchat
Twitter","[{'x': 0, 'y': 7}, {'x': 538, 'y': 7}, {'x': 538, 'y': 834}, {'x': 0, 'y': 834}]",827,538,neutral
606.jpg,/kaggle/input/mvsasingle/MVSA_Single/data/606.jpg,399,599,False,,[],0,0,positive
607.jpg,/kaggle/input/mvsasingle/MVSA_Single/data/607.jpg,459,600,True,Pete Mattinson,"[{'x': 513, 'y': 406}, {'x': 581, 'y': 406}, {'x': 581, 'y': 451}, {'x': 513, 'y': 451}]",45,68,positive
608.jpg,/kaggle/input/mvsasingle/MVSA_Single/data/608.jpg,800,600,True,"Talk About
101
MONITOR
CODE
MOTOROLA","[{'x': 193, 'y': 355}, {'x': 391, 'y': 355}, {'x': 391, 'y': 522}, {'x': 193, 'y': 522}]",167,198,negative
609.jpg,/kaggle/input/mvsasingle/MVSA_Single/data/609.jpg,800,600,True,"RONI
2000
IN
ZONIN
ze
MONTEMAS
BARBOURSVILLE
VAGINA, USA
N1821
Tel-39 0444 640111-info@zonin1821.it
blazoninut
ecco
Proscon
NIN
ZONIN","[{'x': 107, 'y': 0}, {'x': 472, 'y': 0}, {'x': 472, 'y': 657}, {'x': 107, 'y': 657}]",657,365,positive
61.jpg,/kaggle/input/mvsasingle/MVSA_Single/data/61.jpg,600,600,False,,[],0,0,neutral
610.jpg,/kaggle/input/mvsasingle/MVSA_Single/data/610.jpg,1024,576,True,"M5
RELOADED
ZERO
REME","[{'x': 63, 'y': 506}, {'x': 555, 'y': 506}, {'x': 555, 'y': 690}, {'x': 63, 'y': 690}]",184,492,positive
611.jpg,/kaggle/input/mvsasingle/MVSA_Single/data/611.jpg,628,600,False,,[],0,0,negative
612.jpg,/kaggle/input/mvsasingle/MVSA_Single/data/612.jpg,900,600,True,"orbis
Happy Valentines
day
SHUT UP","[{'x': 20, 'y': 71}, {'x': 528, 'y': 71}, {'x': 528, 'y': 631}, {'x': 20, 'y': 631}]",560,508,positive
613.jpg,/kaggle/input/mvsasingle/MVSA_Single/data/613.jpg,793,599,True,"Moon's Easy Money
Aidan Stone
Oh my; did I do that?","[{'x': 52, 'y': 616}, {'x': 548, 'y': 616}, {'x': 548, 'y': 764}, {'x': 52, 'y': 764}]",148,496,positive
614.jpg,/kaggle/input/mvsasingle/MVSA_Single/data/614.jpg,411,599,True,"2000
Google
Google earth
03.659004700122 at 7310","[{'x': 68, 'y': 372}, {'x': 594, 'y': 372}, {'x': 594, 'y': 410}, {'x': 68, 'y': 410}]",38,526,positive
615.jpg,/kaggle/input/mvsasingle/MVSA_Single/data/615.jpg,300,600,True,"#rbs6nations
3
SHOULDER TO SHOULDER
IRE V FRA
18-11
(FULL TIME)
RBS
NATIONS","[{'x': 18, 'y': 7}, {'x': 596, 'y': 7}, {'x': 596, 'y': 297}, {'x': 18, 'y': 297}]",290,578,positive
616.jpg,/kaggle/input/mvsasingle/MVSA_Single/data/616.jpg,800,600,False,,[],0,0,negative
617.jpg,/kaggle/input/mvsasingle/MVSA_Single/data/617.jpg,388,600,True,"Ron Ca
Polytron Investor 2008
$20,000 14.29%
Nathan Va
Polytroner 2009
$20,000 14.29%
Polytron investor 2009
$10,000 7.14%
Kellee Santiago
Polytron vetor 2009
$5000 3.57%
Jonathan Blow
Polytron vetor 2009
$5000 3.57%
Kyle
Polytron Investor 2009
$5000 3.57%
Matthew Wegner
Polytron Investor 2009
$2500 1.79%
J
Polytron Investor 2009
$20,000 14.29%
Mare Sheppard
Polytron Investor 2009
$10,000 7.14%
Greer
Polytron Investor 2008
$10,000 7.14%
Damage
Polytron Investor 2009
$5000 3.57%
POLYTRON
Phil Fish, Jason DeGroot
""Shadow Indie Fund"" Loan Recipients 2009
Seamus Michaly Grand Price Jury 2011
$140,000
Polytron investors on the IGF 2011 Jury:
Kellee Santiago
Polytron Investor 2009
2011 IndieCade
Chair of the Awards Jury
INDIE
CADE
DE
International Festival of Independent Games
Seamus McNally Grand Prize Jury 2011
In 2012 the IGF awarded three Indie Fund games these awards:
Seumas McNally Grand Prize ($30,000)
FEZ by Polytron (""Shadow Indie Fund"")
Excellence in Visual A ($3,000)
Dear Esther by thechineseroom (Indie Fund)
Technical Excellence ($3,000)
Antichamber by Demruth (Indie Fund)
released on Xbox
2012-Revenues shared among investors 2007.118
LO
DEBRE
9LO
BE
o
5555
DHE
La
ANTGCHAMBER
BE
2
Phil Fish, Developer of Fez
""Shadow Indie Fund Loan Recipient 2009
INDEPENDENT
GAMES FESTIVAL
2011 Indiecade Winner: Best
in Show, Best Story/World
Design","[{'x': 58, 'y': 23}, {'x': 581, 'y': 23}, {'x': 581, 'y': 368}, {'x': 58, 'y': 368}]",345,523,positive
618.jpg,/kaggle/input/mvsasingle/MVSA_Single/data/618.jpg,337,599,False,,[],0,0,neutral
619.jpg,/kaggle/input/mvsasingle/MVSA_Single/data/619.jpg,400,500,True,"twenty
dre
piots
roses r red
violets r blue
sugar i wanna go down
on u
to:
from:","[{'x': 48, 'y': 57}, {'x': 478, 'y': 57}, {'x': 478, 'y': 387}, {'x': 48, 'y': 387}]",330,430,negative
62.jpg,/kaggle/input/mvsasingle/MVSA_Single/data/62.jpg,800,600,True,"REFRESHINGLY SMOOTH
PREMIUM BEER
COBRA
कोबरा
15 621 L4330 10:01","[{'x': 131, 'y': 162}, {'x': 310, 'y': 162}, {'x': 310, 'y': 478}, {'x': 131, 'y': 478}]",316,179,positive
620.jpg,/kaggle/input/mvsasingle/MVSA_Single/data/620.jpg,424,600,True,"ZINDAGINOOR
colos","[{'x': 122, 'y': 177}, {'x': 599, 'y': 177}, {'x': 599, 'y': 324}, {'x': 122, 'y': 324}]",147,477,neutral
621.jpg,/kaggle/input/mvsasingle/MVSA_Single/data/621.jpg,600,600,True,"beauty
RESCHEDULE","[{'x': 59, 'y': 147}, {'x': 360, 'y': 147}, {'x': 360, 'y': 327}, {'x': 59, 'y': 327}]",180,301,negative
622.jpg,/kaggle/input/mvsasingle/MVSA_Single/data/622.jpg,526,526,True,"This valentine,
-go.
GIZMO ROUTE
-with-
Stk
what you need
BOO
ON","[{'x': 154, 'y': 108}, {'x': 474, 'y': 108}, {'x': 474, 'y': 437}, {'x': 154, 'y': 437}]",329,320,neutral
623.jpg,/kaggle/input/mvsasingle/MVSA_Single/data/623.jpg,800,600,True,"FUNNY, ENGAGING, FAST-PACED AND HUGELY ENJOYABLE. AND THE
STYLE IS ALL ROB KITCHIN'S.'-MICHAEL RUSSELL
STUMPED
ROB KITCHIN
A Screwball Noir
280
STEPS","[{'x': 78, 'y': 15}, {'x': 545, 'y': 15}, {'x': 545, 'y': 746}, {'x': 78, 'y': 746}]",731,467,positive
624.jpg,/kaggle/input/mvsasingle/MVSA_Single/data/624.jpg,800,600,True,"C
E
F
M
Q
R
G
H
1980S
FILM
ALPHABET
S
N
U
X
W
X
Z","[{'x': 40, 'y': 65}, {'x': 548, 'y': 65}, {'x': 548, 'y': 703}, {'x': 40, 'y': 703}]",638,508,positive
625.jpg,/kaggle/input/mvsasingle/MVSA_Single/data/625.jpg,447,599,True,"Today
9TH FEBRUARY
39 Today
D 30 ATE SET FOR JAILED AL-JAZEERA JOURNALISTS IN EGYPT
Today PRIN","[{'x': 0, 'y': 129}, {'x': 594, 'y': 129}, {'x': 594, 'y': 406}, {'x': 0, 'y': 406}]",277,594,negative
626.jpg,/kaggle/input/mvsasingle/MVSA_Single/data/626.jpg,600,600,True,"July 20, 2011
The Wedding of Noah & Vixen","[{'x': 12, 'y': 486}, {'x': 590, 'y': 486}, {'x': 590, 'y': 577}, {'x': 12, 'y': 577}]",91,578,negative
627.jpg,/kaggle/input/mvsasingle/MVSA_Single/data/627.jpg,840,564,True,"DON'T COPY,
MR CAVALLI
AND
BE
CREATIVE","[{'x': 18, 'y': 222}, {'x': 543, 'y': 222}, {'x': 543, 'y': 786}, {'x': 18, 'y': 786}]",564,525,negative
628.jpg,/kaggle/input/mvsasingle/MVSA_Single/data/628.jpg,600,600,False,,[],0,0,negative
629.jpg,/kaggle/input/mvsasingle/MVSA_Single/data/629.jpg,600,600,True,"МНЯЯТІР
MICROmeg
BLK
CELL
MA
THE SHAD
1
་་","[{'x': 112, 'y': 129}, {'x': 571, 'y': 129}, {'x': 571, 'y': 565}, {'x': 112, 'y': 565}]",436,459,negative
63.jpg,/kaggle/input/mvsasingle/MVSA_Single/data/63.jpg,450,600,True,"Team200
200
POLEGATE COMMUNITY CENTRE
WINDSOR CLUB
MARIA
CAULFIELD
Prospective Conservative Members","[{'x': 72, 'y': 105}, {'x': 425, 'y': 105}, {'x': 425, 'y': 285}, {'x': 72, 'y': 285}]",180,353,positive
630.jpg,/kaggle/input/mvsasingle/MVSA_Single/data/630.jpg,594,396,True,"WARNER
MUSIC
NER
Spotify
notify
W
MUS
ANER
USIC
Spotify
463044302
gettyimages
Mike Windle
WARNER
MUSIC
D
DELEON","[{'x': 0, 'y': 93}, {'x': 393, 'y': 93}, {'x': 393, 'y': 582}, {'x': 0, 'y': 582}]",489,393,positive
631.jpg,/kaggle/input/mvsasingle/MVSA_Single/data/631.jpg,600,600,True,"In Loving
Memory
""Smiley Kylie""
Rally Foundation.org","[{'x': 28, 'y': 43}, {'x': 588, 'y': 43}, {'x': 588, 'y': 588}, {'x': 28, 'y': 588}]",545,560,positive
632.jpg,/kaggle/input/mvsasingle/MVSA_Single/data/632.jpg,1024,577,True,"iPod
14:15
PLAYING FROM PLAYLIST
Intense Studying
FALL OUT BOY
AMERICAN BEAUTY/AMERICAN PSYCHO
Fall Out Boy
(+)
200
Universal Music
0:22
tz
K ||
H
0:30","[{'x': 9, 'y': 9}, {'x': 550, 'y': 9}, {'x': 550, 'y': 996}, {'x': 9, 'y': 996}]",987,541,positive
633.jpg,/kaggle/input/mvsasingle/MVSA_Single/data/633.jpg,244,399,False,,[],0,0,positive
634.jpg,/kaggle/input/mvsasingle/MVSA_Single/data/634.jpg,337,599,True,"Ate Web Se
enakinator.com/personnages
W
Correct
Hay Stay of Frerator Franator on your smartphone FAQ
Question N'35
Do you wish to be able to have
sex with your character?
12
Maropen
Virtuar Pier
Games
Yes
No
Don't know
Probably
Probably not
Free to Play
Pain New
11:06PM","[{'x': 35, 'y': 2}, {'x': 587, 'y': 2}, {'x': 587, 'y': 330}, {'x': 35, 'y': 330}]",328,552,positive
635.jpg,/kaggle/input/mvsasingle/MVSA_Single/data/635.jpg,690,600,False,,[],0,0,positive
636.jpg,/kaggle/input/mvsasingle/MVSA_Single/data/636.jpg,322,500,True,Death seems more inviting than life.,"[{'x': 44, 'y': 231}, {'x': 379, 'y': 231}, {'x': 379, 'y': 252}, {'x': 44, 'y': 252}]",21,335,positive
637.jpg,/kaggle/input/mvsasingle/MVSA_Single/data/637.jpg,450,600,True,35:5,"[{'x': 563, 'y': 430}, {'x': 599, 'y': 430}, {'x': 599, 'y': 445}, {'x': 563, 'y': 445}]",15,36,positive
638.jpg,/kaggle/input/mvsasingle/MVSA_Single/data/638.jpg,800,600,False,,[],0,0,positive
639.jpg,/kaggle/input/mvsasingle/MVSA_Single/data/639.jpg,634,535,False,,[],0,0,positive
64.jpg,/kaggle/input/mvsasingle/MVSA_Single/data/64.jpg,800,600,False,,[],0,0,positive
640.jpg,/kaggle/input/mvsasingle/MVSA_Single/data/640.jpg,413,599,False,,[],0,0,positive
641.jpg,/kaggle/input/mvsasingle/MVSA_Single/data/641.jpg,363,599,True,TmDays,"[{'x': 333, 'y': 37}, {'x': 383, 'y': 37}, {'x': 383, 'y': 48}, {'x': 333, 'y': 48}]",11,50,neutral
642.jpg,/kaggle/input/mvsasingle/MVSA_Single/data/642.jpg,444,505,True,"-
Rockfield North West","[{'x': 187, 'y': 294}, {'x': 482, 'y': 294}, {'x': 482, 'y': 420}, {'x': 187, 'y': 420}]",126,295,positive
643.jpg,/kaggle/input/mvsasingle/MVSA_Single/data/643.jpg,541,541,True,"#BIAF 2015
Соругамия тельных
☑
und by
ILYASAH
SHABAZZ
KEKLA MASOON
KEKLA MAGOON
X: A NOVEL","[{'x': 101, 'y': 20}, {'x': 437, 'y': 20}, {'x': 437, 'y': 472}, {'x': 101, 'y': 472}]",452,336,positive
644.jpg,/kaggle/input/mvsasingle/MVSA_Single/data/644.jpg,637,600,True,"Congratulations
Benedict
Cumberbatch and Sophie
Hunter! Fans react as
couple marry
Well, a couple of them were happy...
W
WEINSTEIN
FIJI
WATER
E WEINS
OMPANY","[{'x': 0, 'y': 20}, {'x': 599, 'y': 20}, {'x': 599, 'y': 586}, {'x': 0, 'y': 586}]",566,599,positive
645.jpg,/kaggle/input/mvsasingle/MVSA_Single/data/645.jpg,898,600,False,,[],0,0,negative
646.jpg,/kaggle/input/mvsasingle/MVSA_Single/data/646.jpg,500,500,False,,[],0,0,negative
647.jpg,/kaggle/input/mvsasingle/MVSA_Single/data/647.jpg,450,600,True,"BAD
NEW HOPE PRESBYTERY
PEACEMA COMMITTEE
mocracy
EARS
MA","[{'x': 308, 'y': 8}, {'x': 462, 'y': 8}, {'x': 462, 'y': 239}, {'x': 308, 'y': 239}]",231,154,negative
648.jpg,/kaggle/input/mvsasingle/MVSA_Single/data/648.jpg,342,599,True,"ELIVARⓇ
OPTIMISED SPORTS NUTRITION FOR
ENDURANCE ATHLETES OVER 35
DELIVAR
DELIVA ENDURE
ENDUR
DELIVAR
HYDRATE PLUS
VELIVAR
RECOVER AR
ELIVAR
VYDRATE PLUS
220
Triathlon
AWARDS 2015","[{'x': 95, 'y': 45}, {'x': 528, 'y': 45}, {'x': 528, 'y': 268}, {'x': 95, 'y': 268}]",223,433,positive
649.jpg,/kaggle/input/mvsasingle/MVSA_Single/data/649.jpg,366,600,True,"THIS S
HAPPENING
RIGHT
Te Your Crity NOW!","[{'x': 131, 'y': 104}, {'x': 531, 'y': 104}, {'x': 531, 'y': 275}, {'x': 131, 'y': 275}]",171,400,positive
65.jpg,/kaggle/input/mvsasingle/MVSA_Single/data/65.jpg,410,599,False,,[],0,0,positive
650.jpg,/kaggle/input/mvsasingle/MVSA_Single/data/650.jpg,1024,576,True,"Neill Bartlett
52%
3:19 PM
Write Post
O Share Photo
Angelena Bonet
5 hrs
Speak up and speak out!
and 7 others.
8 likes 1 comment
Like
- with Neill Bartlett
""Your voice
matters... never-
allow yourself to
be silenced.""
-Angelena Bonet
Comment
Share","[{'x': 36, 'y': 9}, {'x': 561, 'y': 9}, {'x': 561, 'y': 971}, {'x': 36, 'y': 971}]",962,525,positive
651.jpg,/kaggle/input/mvsasingle/MVSA_Single/data/651.jpg,346,598,True,"Global Fund
for Women
IGNITE
INTERNATIONAL
GIRLS HACKATHON","[{'x': 45, 'y': 30}, {'x': 450, 'y': 30}, {'x': 450, 'y': 113}, {'x': 45, 'y': 113}]",83,405,positive
652.jpg,/kaggle/input/mvsasingle/MVSA_Single/data/652.jpg,220,440,True,"tickler
breast
cancer
Campaign","[{'x': 276, 'y': 164}, {'x': 433, 'y': 164}, {'x': 433, 'y': 209}, {'x': 276, 'y': 209}]",45,157,neutral
653.jpg,/kaggle/input/mvsasingle/MVSA_Single/data/653.jpg,900,599,True,L,"[{'x': 319, 'y': 247}, {'x': 469, 'y': 247}, {'x': 469, 'y': 369}, {'x': 319, 'y': 369}]",122,150,negative
654.jpg,/kaggle/input/mvsasingle/MVSA_Single/data/654.jpg,450,600,True,"HAMMER
Dracula
CHRISTOPHER LEE
MICK JACKSON
JAZZ WEST COAST
WITH CONTE DACOR MET LEWS
ACERFELDMARTPEPPER BLUE PERING RUGS FREEMAN
COWBOY
FAVOURITES
PAUL DESMOND
BOSSA
antiqua
DOUG DUKE
BANCING TO THE
SWINGING HAMMOND ORGAN
BAL SHEWERD & THE RANCH HANDS
PHILIPS","[{'x': 55, 'y': 61}, {'x': 569, 'y': 61}, {'x': 569, 'y': 418}, {'x': 55, 'y': 418}]",357,514,positive
655.jpg,/kaggle/input/mvsasingle/MVSA_Single/data/655.jpg,600,600,False,,[],0,0,positive
656.jpg,/kaggle/input/mvsasingle/MVSA_Single/data/656.jpg,1024,576,True,"C& THE KNOB CONNECTION
KARCHER
DESIGN
18 55
22 BROAD
HOME
STREET
CITTAGE 22-
21 8
-LAKESIDE-","[{'x': 27, 'y': 288}, {'x': 511, 'y': 288}, {'x': 511, 'y': 1003}, {'x': 27, 'y': 1003}]",715,484,positive
657.jpg,/kaggle/input/mvsasingle/MVSA_Single/data/657.jpg,600,600,False,,[],0,0,neutral
658.jpg,/kaggle/input/mvsasingle/MVSA_Single/data/658.jpg,600,600,False,,[],0,0,positive
659.jpg,/kaggle/input/mvsasingle/MVSA_Single/data/659.jpg,800,600,True,"3
STARBUCKS
TM
chilled coffee drink
200
CAL
9.5 FL OZ (281","[{'x': 129, 'y': 75}, {'x': 454, 'y': 75}, {'x': 454, 'y': 727}, {'x': 129, 'y': 727}]",652,325,positive
66.jpg,/kaggle/input/mvsasingle/MVSA_Single/data/66.jpg,600,600,True,"ELISA
rainbow pulsation
-THE BEST OF ELISA-","[{'x': 129, 'y': 234}, {'x': 476, 'y': 234}, {'x': 476, 'y': 386}, {'x': 129, 'y': 386}]",152,347,neutral
660.jpg,/kaggle/input/mvsasingle/MVSA_Single/data/660.jpg,600,600,False,,[],0,0,positive
661.jpg,/kaggle/input/mvsasingle/MVSA_Single/data/661.jpg,337,599,False,,[],0,0,negative
662.jpg,/kaggle/input/mvsasingle/MVSA_Single/data/662.jpg,800,600,True,FM,"[{'x': 258, 'y': 296}, {'x': 287, 'y': 296}, {'x': 287, 'y': 310}, {'x': 258, 'y': 310}]",14,29,negative
663.jpg,/kaggle/input/mvsasingle/MVSA_Single/data/663.jpg,400,600,True,"SAN ANDRES
TINEZ SINT
DE
VARCL
PLATA FLORESTRQUILHESL
Coca-Cola
adidas TO
GLORIOSA
EN TODO
EL MUNDO
En primer plano, el equipo. Y de fondo, los 12.000
hinchas de San Lorenzo que conmovieron consu
aliento. Una imagen para la historia. Son Mundiales
30
FIFA
14
OFE
MATHEU
CAS
ASEROSE
VISA","[{'x': 0, 'y': 2}, {'x': 599, 'y': 2}, {'x': 599, 'y': 386}, {'x': 0, 'y': 386}]",384,599,positive
664.jpg,/kaggle/input/mvsasingle/MVSA_Single/data/664.jpg,360,598,False,,[],0,0,positive
665.jpg,/kaggle/input/mvsasingle/MVSA_Single/data/665.jpg,450,600,True,nosaced,"[{'x': 535, 'y': 244}, {'x': 543, 'y': 244}, {'x': 543, 'y': 279}, {'x': 535, 'y': 279}]",35,8,positive
666.jpg,/kaggle/input/mvsasingle/MVSA_Single/data/666.jpg,800,600,True,RH,"[{'x': 72, 'y': 395}, {'x': 144, 'y': 395}, {'x': 144, 'y': 445}, {'x': 72, 'y': 445}]",50,72,neutral
667.jpg,/kaggle/input/mvsasingle/MVSA_Single/data/667.jpg,450,600,True,"SAM BIVE
LY SIDNEY SMA
ON PULLEN
HCRO
HORO","[{'x': 156, 'y': 75}, {'x': 470, 'y': 75}, {'x': 470, 'y': 330}, {'x': 156, 'y': 330}]",255,314,positive
668.jpg,/kaggle/input/mvsasingle/MVSA_Single/data/668.jpg,600,600,False,,[],0,0,negative
669.jpg,/kaggle/input/mvsasingle/MVSA_Single/data/669.jpg,225,300,True,"""97 DAYS OF TORTURE...
THEY TOLD ME THEY
WOULD KILL ME
Tweet now to stop
the imminent execution
of Saman
STOP
TORTURE
AMNESTY","[{'x': 3, 'y': 11}, {'x': 251, 'y': 11}, {'x': 251, 'y': 210}, {'x': 3, 'y': 210}]",199,248,negative
67.jpg,/kaggle/input/mvsasingle/MVSA_Single/data/67.jpg,568,426,False,,[],0,0,negative
670.jpg,/kaggle/input/mvsasingle/MVSA_Single/data/670.jpg,270,480,False,,[],0,0,neutral
671.jpg,/kaggle/input/mvsasingle/MVSA_Single/data/671.jpg,287,552,False,,[],0,0,positive
672.jpg,/kaggle/input/mvsasingle/MVSA_Single/data/672.jpg,269,270,True,Welha com 6256743530,"[{'x': 90, 'y': 255}, {'x': 177, 'y': 255}, {'x': 177, 'y': 265}, {'x': 90, 'y': 265}]",10,87,positive
673.jpg,/kaggle/input/mvsasingle/MVSA_Single/data/673.jpg,600,600,True,"Maton MS500
Black
Maton","[{'x': 15, 'y': 23}, {'x': 584, 'y': 23}, {'x': 584, 'y': 588}, {'x': 15, 'y': 588}]",565,569,positive
674.jpg,/kaggle/input/mvsasingle/MVSA_Single/data/674.jpg,400,600,True,GH. Durric,"[{'x': 434, 'y': 379}, {'x': 491, 'y': 379}, {'x': 491, 'y': 392}, {'x': 434, 'y': 392}]",13,57,positive
675.jpg,/kaggle/input/mvsasingle/MVSA_Single/data/675.jpg,119,202,False,,[],0,0,positive
676.jpg,/kaggle/input/mvsasingle/MVSA_Single/data/676.jpg,900,599,False,,[],0,0,positive
677.jpg,/kaggle/input/mvsasingle/MVSA_Single/data/677.jpg,842,474,False,,[],0,0,positive
678.jpg,/kaggle/input/mvsasingle/MVSA_Single/data/678.jpg,286,504,True,"HAMI
SEAQUARIUM","[{'x': 203, 'y': 196}, {'x': 299, 'y': 196}, {'x': 299, 'y': 214}, {'x': 203, 'y': 214}]",18,96,positive
679.jpg,/kaggle/input/mvsasingle/MVSA_Single/data/679.jpg,300,599,True,"THE BET
TORONTO
MAPLE
SOURCE:
LOVE, WAR, HOCKEY SB NATION","[{'x': 41, 'y': 54}, {'x': 557, 'y': 54}, {'x': 557, 'y': 266}, {'x': 41, 'y': 266}]",212,516,positive
68.jpg,/kaggle/input/mvsasingle/MVSA_Single/data/68.jpg,300,600,True,MARKER,"[{'x': 144, 'y': 261}, {'x': 189, 'y': 261}, {'x': 189, 'y': 274}, {'x': 144, 'y': 274}]",13,45,positive
680.jpg,/kaggle/input/mvsasingle/MVSA_Single/data/680.jpg,399,599,True,"AMC
مركز حلب الإعلامي","[{'x': 53, 'y': 38}, {'x': 115, 'y': 38}, {'x': 115, 'y': 63}, {'x': 53, 'y': 63}]",25,62,positive
681.jpg,/kaggle/input/mvsasingle/MVSA_Single/data/681.jpg,450,600,False,,[],0,0,positive
682.jpg,/kaggle/input/mvsasingle/MVSA_Single/data/682.jpg,600,600,True,"hey bae.
you're cute
хохо
L
VE
MAISON
FLEURS","[{'x': 0, 'y': 69}, {'x': 528, 'y': 69}, {'x': 528, 'y': 425}, {'x': 0, 'y': 425}]",356,528,positive
683.jpg,/kaggle/input/mvsasingle/MVSA_Single/data/683.jpg,900,599,True,"Pou're
WEIRD
I
but you
Love
Happy
Valentine's Day!
&
PICCOLLAGE","[{'x': 0, 'y': 106}, {'x': 588, 'y': 106}, {'x': 588, 'y': 896}, {'x': 0, 'y': 896}]",790,588,positive
684.jpg,/kaggle/input/mvsasingle/MVSA_Single/data/684.jpg,849,600,True,"LINUS SVENNING
[SOM FREDRIK LJUNGBERG]
F
redrik Ljungberg är den första svensks
fotbollsspelaren som får anses vara lite
av en gayikon. Med käkar att do for,
aldrig sinande gayrykten och ett par avklad-
da Calvin Klein annonser var har 2000-talets
frikort för tusentals bögar världen över.
Klart festivalens hunkigaste deltagare lick
gestalta CK-Freddie.
Hur kommer det sig att du ir medi
Melodifestivalen?
Jag träffade Fredrik Kempe for ett hal-
vär sedan för att prata lite och direkt efter
vårt mote skrev han hela refrängen till,
Bröder. Läten är väldigt personlig och den
kändes rätt på en gang.
Beskriv din lit med tre ord.
Stor känslosam och terk
Vad är planen framöver, kommer det
mer material efter Melodifestivalen?
-Först slipper jag nog två latar på
svemaks, och köjag lite engelska. Det är
rock, pop & RnBroch kamke lite reggae..
Vem ar Fredrik Ljungberg for dig?
- En bra sveisk fotbollsspelare.
Vad tanker du på nih jag säger gasikon
Jag tänker på en snygg kille som gilla
av gaypubliken. Det försts namnet som,
kommer upp är kanske lite oväntat Gunther
(skrattar),
Du har sjukt mycket tatueringar, är
något ställe off limits?
-Ja, skrevet och röven skippar jag. Och
ansiktet. Men tatuerandet fär vänta lite nu,
jag har precis gjort armarna och är väldigt
om","[{'x': 16, 'y': 406}, {'x': 244, 'y': 406}, {'x': 244, 'y': 831}, {'x': 16, 'y': 831}]",425,228,positive
685.jpg,/kaggle/input/mvsasingle/MVSA_Single/data/685.jpg,600,600,False,,[],0,0,negative
686.jpg,/kaggle/input/mvsasingle/MVSA_Single/data/686.jpg,387,599,False,,[],0,0,positive
687.jpg,/kaggle/input/mvsasingle/MVSA_Single/data/687.jpg,600,592,True,"THE SMITHS
MEAT IS
MURDER
MEAT IS
MURDER
MEAT IS
MURDER
MEAT IS
MURDER","[{'x': 16, 'y': 13}, {'x': 506, 'y': 13}, {'x': 506, 'y': 582}, {'x': 16, 'y': 582}]",569,490,positive
688.jpg,/kaggle/input/mvsasingle/MVSA_Single/data/688.jpg,600,600,False,,[],0,0,neutral
689.jpg,/kaggle/input/mvsasingle/MVSA_Single/data/689.jpg,800,600,True,FOR,"[{'x': 105, 'y': 320}, {'x': 133, 'y': 320}, {'x': 133, 'y': 360}, {'x': 105, 'y': 360}]",40,28,positive
69.jpg,/kaggle/input/mvsasingle/MVSA_Single/data/69.jpg,465,600,True,"BRANCO
Americans for Limited
Government
...AND BY FAR, OUR
BIGGEST GLOBAL THREAT
IS CLIMATE CHANGE
JUST WHAT DO WE
HAVE TO DO TO GET
THIS GUYS ATTENTION?!
STATE OF THE UNION
BEHEADINGS
N
CRUSIFIXIONS
RAPES
BOKRAM RADICAL
KIDNAPPING ISLAM
GIRLS,
ENSLAVING
WOMEN,
KILLING
CARTOONISTS
cans
BOSTON
BOMBING
MURDERING
WHOLE
VILLAGES
FT HOOD
IRAN
911
media@limitgov.org","[{'x': 1, 'y': 0}, {'x': 598, 'y': 0}, {'x': 598, 'y': 464}, {'x': 1, 'y': 464}]",464,597,positive
690.jpg,/kaggle/input/mvsasingle/MVSA_Single/data/690.jpg,185,261,True,"செம கோவத்துல இருக்கேன்
fb.com/TamilPhotoComment","[{'x': 5, 'y': 14}, {'x': 250, 'y': 14}, {'x': 250, 'y': 51}, {'x': 5, 'y': 51}]",37,245,positive
691.jpg,/kaggle/input/mvsasingle/MVSA_Single/data/691.jpg,450,600,True,"LUF WORKSHOP
Central Nor
SPERT.
Education Sports Cy
Cat C
Funding C
8. A
Quiz-Gene
Speed Co
Mavering by
Dancing
Waxing Glupe
Local Compo","[{'x': 141, 'y': 54}, {'x': 291, 'y': 54}, {'x': 291, 'y': 445}, {'x': 141, 'y': 445}]",391,150,positive
692.jpg,/kaggle/input/mvsasingle/MVSA_Single/data/692.jpg,600,366,True,"rt
TH","[{'x': 239, 'y': 283}, {'x': 274, 'y': 283}, {'x': 274, 'y': 335}, {'x': 239, 'y': 335}]",52,35,positive
693.jpg,/kaggle/input/mvsasingle/MVSA_Single/data/693.jpg,800,600,False,,[],0,0,positive
694.jpg,/kaggle/input/mvsasingle/MVSA_Single/data/694.jpg,530,599,True,"Be thankful
For every heartache
That
comes
For each one
your way
Shows a path
To never again
Lead you astray
Everyone happens
No matter
The price
Pieces of
Heart soul
You'll always pay
Krystyna","[{'x': 53, 'y': 15}, {'x': 567, 'y': 15}, {'x': 567, 'y': 529}, {'x': 53, 'y': 529}]",514,514,positive
695.jpg,/kaggle/input/mvsasingle/MVSA_Single/data/695.jpg,400,600,False,,[],0,0,positive
696.jpg,/kaggle/input/mvsasingle/MVSA_Single/data/696.jpg,505,500,True,NIKE PRO,"[{'x': 195, 'y': 191}, {'x': 252, 'y': 191}, {'x': 252, 'y': 215}, {'x': 195, 'y': 215}]",24,57,positive
697.jpg,/kaggle/input/mvsasingle/MVSA_Single/data/697.jpg,323,599,True,Take Grimy ranarr,"[{'x': 406, 'y': 274}, {'x': 479, 'y': 274}, {'x': 479, 'y': 284}, {'x': 406, 'y': 284}]",10,73,negative
698.jpg,/kaggle/input/mvsasingle/MVSA_Single/data/698.jpg,81,80,True,S,"[{'x': 61, 'y': 23}, {'x': 75, 'y': 23}, {'x': 75, 'y': 37}, {'x': 61, 'y': 37}]",14,14,positive
699.jpg,/kaggle/input/mvsasingle/MVSA_Single/data/699.jpg,800,600,True,"Claiming That someone else's
Marriage is against Your Religion
Is like being angry at Sorreore
For cating a DoNUT because
You're on a DIET!!","[{'x': 29, 'y': 202}, {'x': 426, 'y': 202}, {'x': 426, 'y': 436}, {'x': 29, 'y': 436}]",234,397,neutral
7.jpg,/kaggle/input/mvsasingle/MVSA_Single/data/7.jpg,800,600,True,SnRaus,"[{'x': 182, 'y': 169}, {'x': 207, 'y': 169}, {'x': 207, 'y': 205}, {'x': 182, 'y': 205}]",36,25,negative
70.jpg,/kaggle/input/mvsasingle/MVSA_Single/data/70.jpg,320,320,True,"ELISA
ebullient future","[{'x': 45, 'y': 191}, {'x': 172, 'y': 191}, {'x': 172, 'y': 237}, {'x': 45, 'y': 237}]",46,127,neutral
700.jpg,/kaggle/input/mvsasingle/MVSA_Single/data/700.jpg,1066,600,False,,[],0,0,neutral
701.jpg,/kaggle/input/mvsasingle/MVSA_Single/data/701.jpg,600,600,True,"ht Search
Cancel
QWER
ASDFG
VBNM","[{'x': 174, 'y': 120}, {'x': 401, 'y': 120}, {'x': 401, 'y': 476}, {'x': 174, 'y': 476}]",356,227,positive
702.jpg,/kaggle/input/mvsasingle/MVSA_Single/data/702.jpg,450,600,True,HD,"[{'x': 93, 'y': 120}, {'x': 118, 'y': 120}, {'x': 118, 'y': 161}, {'x': 93, 'y': 161}]",41,25,positive
703.jpg,/kaggle/input/mvsasingle/MVSA_Single/data/703.jpg,572,429,True,"A HOUSE
IN THE SKY
Atul Gawande
Being Mortal
REBEL YELL
ANNES
Soul's Boundary
Hoking Patters
the Soul's Bound
the Bo
Kathy Nibs
Concertos
in D
Majo
VENGEFUL EAST
BOUKS
Riding
Furnishings
ALICE
MUNRO
VENGEFUL
HEARTS
BRUTE
Riding
Shafawn
HARBOR LADY Riding
Shotgu
W
A MATTER
OF JUSTICE
A MATTER
OF JUSTICE
LISA
A MATTER
OF JUSTICE
KANSAS
LISA SEE
LISA SEE
LISA
LISA
SEE
LISA
SEE","[{'x': 29, 'y': 31}, {'x': 428, 'y': 31}, {'x': 428, 'y': 571}, {'x': 29, 'y': 571}]",540,399,negative
704.jpg,/kaggle/input/mvsasingle/MVSA_Single/data/704.jpg,400,600,False,,[],0,0,neutral
705.jpg,/kaggle/input/mvsasingle/MVSA_Single/data/705.jpg,390,600,True,"K
@1theK","[{'x': 538, 'y': 338}, {'x': 586, 'y': 338}, {'x': 586, 'y': 378}, {'x': 538, 'y': 378}]",40,48,positive
706.jpg,/kaggle/input/mvsasingle/MVSA_Single/data/706.jpg,699,599,False,,[],0,0,positive
707.jpg,/kaggle/input/mvsasingle/MVSA_Single/data/707.jpg,600,600,False,,[],0,0,neutral
708.jpg,/kaggle/input/mvsasingle/MVSA_Single/data/708.jpg,790,592,False,,[],0,0,positive
709.jpg,/kaggle/input/mvsasingle/MVSA_Single/data/709.jpg,225,400,True,"SUSPEY
UCE
purs","[{'x': 0, 'y': 71}, {'x': 165, 'y': 71}, {'x': 165, 'y': 121}, {'x': 0, 'y': 121}]",50,165,positive
71.jpg,/kaggle/input/mvsasingle/MVSA_Single/data/71.jpg,800,600,True,VG,"[{'x': 453, 'y': 334}, {'x': 469, 'y': 334}, {'x': 469, 'y': 345}, {'x': 453, 'y': 345}]",11,16,positive
710.jpg,/kaggle/input/mvsasingle/MVSA_Single/data/710.jpg,337,599,True,JURGEN SCHADEBERG,"[{'x': 538, 'y': 330}, {'x': 597, 'y': 330}, {'x': 597, 'y': 334}, {'x': 538, 'y': 334}]",4,59,positive
711.jpg,/kaggle/input/mvsasingle/MVSA_Single/data/711.jpg,336,600,True,"UP SCHOOL
UP STORE
WILL
MILKER CONTY SCHOOLS
PRESENT
затоват
BALL
Chad Rees for The New York Times
CHOOP
BULTER
Gl","[{'x': 26, 'y': 27}, {'x': 562, 'y': 27}, {'x': 562, 'y': 325}, {'x': 26, 'y': 325}]",298,536,positive
712.jpg,/kaggle/input/mvsasingle/MVSA_Single/data/712.jpg,396,600,True,"2015 Christa J. Clark
artisticvegan.com
Raw
&
Vegan
Granola Bars!","[{'x': 0, 'y': 218}, {'x': 568, 'y': 218}, {'x': 568, 'y': 392}, {'x': 0, 'y': 392}]",174,568,neutral
713.jpg,/kaggle/input/mvsasingle/MVSA_Single/data/713.jpg,800,600,False,,[],0,0,neutral
714.jpg,/kaggle/input/mvsasingle/MVSA_Single/data/714.jpg,426,568,False,,[],0,0,negative
715.jpg,/kaggle/input/mvsasingle/MVSA_Single/data/715.jpg,515,600,True,"K
@1theK","[{'x': 531, 'y': 457}, {'x': 588, 'y': 457}, {'x': 588, 'y': 503}, {'x': 531, 'y': 503}]",46,57,negative
716.jpg,/kaggle/input/mvsasingle/MVSA_Single/data/716.jpg,450,600,True,"Jomoked
BCON
Mont Co
1199
BRATWURST SAUSAGE
BELCAMPO FARMS
MERGUEZ SAUSAGE
ALL
SEEP
Meat Co
1199
BILB
HOT DOGS
BELCAMPO FARMS
Meat Co
1199
POSE
BEER POLISH SAUSAGE
BREA","[{'x': 16, 'y': 3}, {'x': 599, 'y': 3}, {'x': 599, 'y': 305}, {'x': 16, 'y': 305}]",302,583,negative
717.jpg,/kaggle/input/mvsasingle/MVSA_Single/data/717.jpg,254,400,False,,[],0,0,positive
718.jpg,/kaggle/input/mvsasingle/MVSA_Single/data/718.jpg,150,225,False,,[],0,0,negative
719.jpg,/kaggle/input/mvsasingle/MVSA_Single/data/719.jpg,399,600,True,"Kenneth Sponset 2018
HAMMER","[{'x': 7, 'y': 363}, {'x': 91, 'y': 363}, {'x': 91, 'y': 389}, {'x': 7, 'y': 389}]",26,84,negative
72.jpg,/kaggle/input/mvsasingle/MVSA_Single/data/72.jpg,449,599,True,Macbook,"[{'x': 299, 'y': 288}, {'x': 321, 'y': 288}, {'x': 321, 'y': 293}, {'x': 299, 'y': 293}]",5,22,negative
720.jpg,/kaggle/input/mvsasingle/MVSA_Single/data/720.jpg,400,600,True,"@ManchesterSpot
القطرية
0000000000
@ManchesterSpot
000","[{'x': 6, 'y': 4}, {'x': 595, 'y': 4}, {'x': 595, 'y': 395}, {'x': 6, 'y': 395}]",391,589,positive
721.jpg,/kaggle/input/mvsasingle/MVSA_Single/data/721.jpg,1024,579,True,"Robe
pam
Van","[{'x': 146, 'y': 567}, {'x': 273, 'y': 567}, {'x': 273, 'y': 673}, {'x': 146, 'y': 673}]",106,127,positive
722.jpg,/kaggle/input/mvsasingle/MVSA_Single/data/722.jpg,403,600,True,GOODS CARRIE,"[{'x': 224, 'y': 302}, {'x': 322, 'y': 302}, {'x': 322, 'y': 327}, {'x': 224, 'y': 327}]",25,98,negative
723.jpg,/kaggle/input/mvsasingle/MVSA_Single/data/723.jpg,281,598,True,"F
AmendmentRights
Shall Not Be infringed
Jenn
JennJacques is blocked
Who to fol","[{'x': 3, 'y': 4}, {'x': 423, 'y': 4}, {'x': 423, 'y': 167}, {'x': 3, 'y': 167}]",163,420,negative
724.jpg,/kaggle/input/mvsasingle/MVSA_Single/data/724.jpg,750,600,True,"This is what a cow looks like
washed and blow-dried","[{'x': 35, 'y': 633}, {'x': 560, 'y': 633}, {'x': 560, 'y': 712}, {'x': 35, 'y': 712}]",79,525,positive
725.jpg,/kaggle/input/mvsasingle/MVSA_Single/data/725.jpg,585,599,True,"GEORGES QUEST FOR
WORLD PEACE S
TINA HELME
Click to LOOK INSIDE!
GEORGES QUEST FOR
WORLD PEACE
GEORGE'S QUEST FOR
WORLD PEACE
George's Fint Adventure
GEORGE'S QUEST FOR
WORLD PEACE 2
Gays Sad At","[{'x': 9, 'y': 116}, {'x': 564, 'y': 116}, {'x': 564, 'y': 355}, {'x': 9, 'y': 355}]",239,555,neutral
726.jpg,/kaggle/input/mvsasingle/MVSA_Single/data/726.jpg,800,600,True,"Badger & D
Boutique Coffee Roast
Badger & L
Boutique Coffee Roc
Irish Artisan Roasters
Nicaragua Finca El Bosque
100% Catal Natural 1413m We
bought all of this microlot, ""El Felb
Hand picked ripe cherries of 22%
sugar contem, dried naturally in a
parabolic dryer. Expect Fig. Dried
fruits, Cocoa mibs and sweet peach
SCAA 8612 FEB
Roasted in Fermoy on
Whole Bean
Aur
Irish Artisan Roasters
Ethiopia Oromia Qorema
Various Arabica Heirloom Van
Washed & Sun dried. 1774
small farm-holders form Qorcia
op supported by the NPO Techno
Full of lovely florals, with smet
Aptica, Foncy nuances &
lime on the finish
Roasted in Fermoy 12 FEB 2
Ground
New docian","[{'x': 35, 'y': 152}, {'x': 599, 'y': 152}, {'x': 599, 'y': 799}, {'x': 35, 'y': 799}]",647,564,neutral
727.jpg,/kaggle/input/mvsasingle/MVSA_Single/data/727.jpg,1024,576,False,,[],0,0,positive
728.jpg,/kaggle/input/mvsasingle/MVSA_Single/data/728.jpg,450,600,False,,[],0,0,negative
729.jpg,/kaggle/input/mvsasingle/MVSA_Single/data/729.jpg,1024,576,True,"m.soundclouc
SOUNDCLOUD
YUNG VELL MUSIC GROUP
Broken: levi da great, kevo, lil
gino, and yung vell at MME
0:01 3:37
G","[{'x': 6, 'y': 27}, {'x': 479, 'y': 27}, {'x': 479, 'y': 1018}, {'x': 6, 'y': 1018}]",991,473,negative
73.jpg,/kaggle/input/mvsasingle/MVSA_Single/data/73.jpg,337,599,False,,[],0,0,negative
730.jpg,/kaggle/input/mvsasingle/MVSA_Single/data/730.jpg,379,600,True,"Gorman Submarine, U.118
Washod Ashore at Hastings.","[{'x': 208, 'y': 328}, {'x': 381, 'y': 328}, {'x': 381, 'y': 353}, {'x': 208, 'y': 353}]",25,173,positive
731.jpg,/kaggle/input/mvsasingle/MVSA_Single/data/731.jpg,450,600,True,"amazon.co.uk
|mazonfr ama
amazones","[{'x': 125, 'y': 354}, {'x': 448, 'y': 354}, {'x': 448, 'y': 389}, {'x': 125, 'y': 389}]",35,323,positive
732.jpg,/kaggle/input/mvsasingle/MVSA_Single/data/732.jpg,1024,577,False,,[],0,0,negative
733.jpg,/kaggle/input/mvsasingle/MVSA_Single/data/733.jpg,574,516,True,"queen 67
All you have to do is say yes.
queenniex
Okay.
At least we have to try, right?
Okay.
Stop the violence. C'mon.
Okay, God, okay.","[{'x': 43, 'y': 9}, {'x': 434, 'y': 9}, {'x': 434, 'y': 564}, {'x': 43, 'y': 564}]",555,391,neutral
734.jpg,/kaggle/input/mvsasingle/MVSA_Single/data/734.jpg,537,599,True,"FAUX-FR
CHOCOLAT RO
QUEUR
Frenc
elegant
k chocolate
for true
met lovers
Brought to you
Brizar
Marie","[{'x': 332, 'y': 4}, {'x': 563, 'y': 4}, {'x': 563, 'y': 518}, {'x': 332, 'y': 518}]",514,231,negative
735.jpg,/kaggle/input/mvsasingle/MVSA_Single/data/735.jpg,321,575,True,"본방송
제시의 돌발 디스 랩
UNERETTY
RAPSTAR
타이미
참 그 친구 상처가 많은 친구야
She's so damaged.
M
칠전팔기 구해라
내일 밤 11:20","[{'x': 31, 'y': 14}, {'x': 556, 'y': 14}, {'x': 556, 'y': 314}, {'x': 31, 'y': 314}]",300,525,positive
736.jpg,/kaggle/input/mvsasingle/MVSA_Single/data/736.jpg,800,600,False,,[],0,0,positive
737.jpg,/kaggle/input/mvsasingle/MVSA_Single/data/737.jpg,900,600,False,,[],0,0,positive
738.jpg,/kaggle/input/mvsasingle/MVSA_Single/data/738.jpg,500,500,True,4400,"[{'x': 97, 'y': 145}, {'x': 262, 'y': 145}, {'x': 262, 'y': 294}, {'x': 97, 'y': 294}]",149,165,neutral
739.jpg,/kaggle/input/mvsasingle/MVSA_Single/data/739.jpg,400,600,False,,[],0,0,neutral
74.jpg,/kaggle/input/mvsasingle/MVSA_Single/data/74.jpg,800,600,True,"WOKE
WOKE
STEEL SLEEPY MAKE UP AT MAKEVAGAREUP.COM
STELL SLEEPY WARE
ШОКЕ
WAKE YA
GRITE UP
DOT COM
W
AK
ZOM
K","[{'x': 82, 'y': 109}, {'x': 525, 'y': 109}, {'x': 525, 'y': 642}, {'x': 82, 'y': 642}]",533,443,positive
740.jpg,/kaggle/input/mvsasingle/MVSA_Single/data/740.jpg,743,599,False,,[],0,0,negative
741.jpg,/kaggle/input/mvsasingle/MVSA_Single/data/741.jpg,600,600,False,,[],0,0,positive
742.jpg,/kaggle/input/mvsasingle/MVSA_Single/data/742.jpg,514,594,False,,[],0,0,positive
743.jpg,/kaggle/input/mvsasingle/MVSA_Single/data/743.jpg,960,540,True,"old
NO.7
BRAND
JACK DANIEL'S
old
No.7
BRAND
Jennessee
SOURASH
WHISKEY
PIO
A PERFECT MIX OF WHISKEY
COLA
275mle 6% VOL","[{'x': 114, 'y': 24}, {'x': 341, 'y': 24}, {'x': 341, 'y': 695}, {'x': 114, 'y': 695}]",671,227,negative
744.jpg,/kaggle/input/mvsasingle/MVSA_Single/data/744.jpg,443,599,False,,[],0,0,negative
745.jpg,/kaggle/input/mvsasingle/MVSA_Single/data/745.jpg,325,599,False,,[],0,0,negative
746.jpg,/kaggle/input/mvsasingle/MVSA_Single/data/746.jpg,804,600,True,"LIL
Ric
WICKED STREETS
WICKED STREETS","[{'x': 55, 'y': 177}, {'x': 590, 'y': 177}, {'x': 590, 'y': 636}, {'x': 55, 'y': 636}]",459,535,negative
747.jpg,/kaggle/input/mvsasingle/MVSA_Single/data/747.jpg,800,600,False,,[],0,0,negative
748.jpg,/kaggle/input/mvsasingle/MVSA_Single/data/748.jpg,337,599,False,,[],0,0,negative
749.jpg,/kaggle/input/mvsasingle/MVSA_Single/data/749.jpg,1024,575,True,"102/1
281","[{'x': 312, 'y': 46}, {'x': 539, 'y': 46}, {'x': 539, 'y': 502}, {'x': 312, 'y': 502}]",456,227,neutral
75.jpg,/kaggle/input/mvsasingle/MVSA_Single/data/75.jpg,600,600,False,,[],0,0,negative
750.jpg,/kaggle/input/mvsasingle/MVSA_Single/data/750.jpg,451,600,False,,[],0,0,negative
751.jpg,/kaggle/input/mvsasingle/MVSA_Single/data/751.jpg,337,599,True,"2
°
45 238 999 60
@HOOPVINE
BROXTON
51
1 28 117
SHEVERE","[{'x': 3, 'y': 43}, {'x': 532, 'y': 43}, {'x': 532, 'y': 318}, {'x': 3, 'y': 318}]",275,529,negative
752.jpg,/kaggle/input/mvsasingle/MVSA_Single/data/752.jpg,450,600,True,"Relanner wife
12","[{'x': 236, 'y': 69}, {'x': 304, 'y': 69}, {'x': 304, 'y': 93}, {'x': 236, 'y': 93}]",24,68,neutral
753.jpg,/kaggle/input/mvsasingle/MVSA_Single/data/753.jpg,600,600,False,,[],0,0,positive
754.jpg,/kaggle/input/mvsasingle/MVSA_Single/data/754.jpg,800,600,True,"WILD AFRICA
WILD AFRICA
CREAM
The Exotic Cream Liqueur","[{'x': 23, 'y': 70}, {'x': 278, 'y': 70}, {'x': 278, 'y': 649}, {'x': 23, 'y': 649}]",579,255,negative
755.jpg,/kaggle/input/mvsasingle/MVSA_Single/data/755.jpg,607,599,True,"311192
Wet n Wild
wet n wild
wet wild","[{'x': 87, 'y': 89}, {'x': 539, 'y': 89}, {'x': 539, 'y': 572}, {'x': 87, 'y': 572}]",483,452,positive
756.jpg,/kaggle/input/mvsasingle/MVSA_Single/data/756.jpg,600,600,False,,[],0,0,positive
757.jpg,/kaggle/input/mvsasingle/MVSA_Single/data/757.jpg,431,440,True,"The people will believe what
the media tells them they believe.
- George Orwell","[{'x': 16, 'y': 330}, {'x': 424, 'y': 330}, {'x': 424, 'y': 422}, {'x': 16, 'y': 422}]",92,408,positive
758.jpg,/kaggle/input/mvsasingle/MVSA_Single/data/758.jpg,384,600,False,,[],0,0,positive
759.jpg,/kaggle/input/mvsasingle/MVSA_Single/data/759.jpg,600,600,True,"MILD
WILD
HES","[{'x': 183, 'y': 310}, {'x': 440, 'y': 310}, {'x': 440, 'y': 409}, {'x': 183, 'y': 409}]",99,257,neutral
76.jpg,/kaggle/input/mvsasingle/MVSA_Single/data/76.jpg,1024,576,True,"DIAMOND
BLU-RAY + DVD
Disney
Blu-ray Disc
EDITION
+ DIGITAL HD
101 DALMATIANS
A
Disney Movies
Anywhere
+ VUDU
Unlock Your Digital Movie Today
First Time On
Blu-ray™ & Digital HD
Fri 0915 y","[{'x': 51, 'y': 136}, {'x': 530, 'y': 136}, {'x': 530, 'y': 766}, {'x': 51, 'y': 766}]",630,479,positive
760.jpg,/kaggle/input/mvsasingle/MVSA_Single/data/760.jpg,450,600,False,,[],0,0,positive
761.jpg,/kaggle/input/mvsasingle/MVSA_Single/data/761.jpg,361,600,False,,[],0,0,negative
762.jpg,/kaggle/input/mvsasingle/MVSA_Single/data/762.jpg,337,600,False,,[],0,0,positive
763.jpg,/kaggle/input/mvsasingle/MVSA_Single/data/763.jpg,368,491,False,,[],0,0,positive
764.jpg,/kaggle/input/mvsasingle/MVSA_Single/data/764.jpg,600,600,True,dolfinarium,"[{'x': 485, 'y': 564}, {'x': 582, 'y': 564}, {'x': 582, 'y': 584}, {'x': 485, 'y': 584}]",20,97,positive
765.jpg,/kaggle/input/mvsasingle/MVSA_Single/data/765.jpg,333,499,False,,[],0,0,negative
766.jpg,/kaggle/input/mvsasingle/MVSA_Single/data/766.jpg,388,599,True,"Sura
Slander
Cha","[{'x': 135, 'y': 114}, {'x': 426, 'y': 114}, {'x': 426, 'y': 144}, {'x': 135, 'y': 144}]",30,291,neutral
767.jpg,/kaggle/input/mvsasingle/MVSA_Single/data/767.jpg,800,600,False,,[],0,0,positive
768.jpg,/kaggle/input/mvsasingle/MVSA_Single/data/768.jpg,960,540,False,,[],0,0,negative
769.jpg,/kaggle/input/mvsasingle/MVSA_Single/data/769.jpg,800,600,False,,[],0,0,negative
77.jpg,/kaggle/input/mvsasingle/MVSA_Single/data/77.jpg,798,599,True,COLLEGE RE,"[{'x': 485, 'y': 681}, {'x': 521, 'y': 681}, {'x': 521, 'y': 797}, {'x': 485, 'y': 797}]",116,36,positive
770.jpg,/kaggle/input/mvsasingle/MVSA_Single/data/770.jpg,399,599,True,Tem,"[{'x': 392, 'y': 191}, {'x': 406, 'y': 191}, {'x': 406, 'y': 197}, {'x': 392, 'y': 197}]",6,14,negative
771.jpg,/kaggle/input/mvsasingle/MVSA_Single/data/771.jpg,603,599,True,"إذا لم تستطع الحصول
على من تحب
ستشعر ان حياتك
لا قيمة لها","[{'x': 268, 'y': 117}, {'x': 595, 'y': 117}, {'x': 595, 'y': 385}, {'x': 268, 'y': 385}]",268,327,positive
772.jpg,/kaggle/input/mvsasingle/MVSA_Single/data/772.jpg,650,500,True,FADINGTALESITUMBLE,"[{'x': 269, 'y': 305}, {'x': 322, 'y': 305}, {'x': 322, 'y': 381}, {'x': 269, 'y': 381}]",76,53,negative
773.jpg,/kaggle/input/mvsasingle/MVSA_Single/data/773.jpg,400,320,False,,[],0,0,positive
774.jpg,/kaggle/input/mvsasingle/MVSA_Single/data/774.jpg,450,600,False,,[],0,0,negative
775.jpg,/kaggle/input/mvsasingle/MVSA_Single/data/775.jpg,450,600,True,"CART
F&Black C
double an
TON GENERAL
Snde hoy
Rk Of Lung Cancer
Disease, Even in Ne
Are Not & Safe
And
PAPMAUX
NOT ONLY
does IT SHOW YOU
HOW YOU'RE
VeD
MUCH
Love...","[{'x': 7, 'y': 0}, {'x': 580, 'y': 0}, {'x': 580, 'y': 443}, {'x': 7, 'y': 443}]",443,573,neutral
776.jpg,/kaggle/input/mvsasingle/MVSA_Single/data/776.jpg,800,600,False,,[],0,0,positive
777.jpg,/kaggle/input/mvsasingle/MVSA_Single/data/777.jpg,450,600,True,FZL 7526,"[{'x': 337, 'y': 171}, {'x': 399, 'y': 171}, {'x': 399, 'y': 190}, {'x': 337, 'y': 190}]",19,62,positive
778.jpg,/kaggle/input/mvsasingle/MVSA_Single/data/778.jpg,600,600,True,"O HOL
Police: Man beats daughter's boyfriend
for beating her
theshrug.net
1 Like","[{'x': 3, 'y': 210}, {'x': 591, 'y': 210}, {'x': 591, 'y': 572}, {'x': 3, 'y': 572}]",362,588,neutral
779.jpg,/kaggle/input/mvsasingle/MVSA_Single/data/779.jpg,600,600,False,,[],0,0,negative
78.jpg,/kaggle/input/mvsasingle/MVSA_Single/data/78.jpg,619,505,True,@4Ever4Animals,"[{'x': 489, 'y': 250}, {'x': 499, 'y': 250}, {'x': 499, 'y': 369}, {'x': 489, 'y': 369}]",119,10,positive
780.jpg,/kaggle/input/mvsasingle/MVSA_Single/data/780.jpg,720,405,False,,[],0,0,negative
781.jpg,/kaggle/input/mvsasingle/MVSA_Single/data/781.jpg,260,346,False,,[],0,0,negative
782.jpg,/kaggle/input/mvsasingle/MVSA_Single/data/782.jpg,600,600,True,"ROGERS 3G
35%
1:49
Saturday, February 14
sige to unik","[{'x': 88, 'y': 126}, {'x': 239, 'y': 126}, {'x': 239, 'y': 399}, {'x': 88, 'y': 399}]",273,151,positive
783.jpg,/kaggle/input/mvsasingle/MVSA_Single/data/783.jpg,1024,576,True,LIVE,"[{'x': 491, 'y': 358}, {'x': 525, 'y': 358}, {'x': 525, 'y': 377}, {'x': 491, 'y': 377}]",19,34,positive
784.jpg,/kaggle/input/mvsasingle/MVSA_Single/data/784.jpg,600,600,True,E,"[{'x': 386, 'y': 0}, {'x': 399, 'y': 0}, {'x': 399, 'y': 7}, {'x': 386, 'y': 7}]",7,13,positive
785.jpg,/kaggle/input/mvsasingle/MVSA_Single/data/785.jpg,900,600,True,"6-Time Romantic Times Award Winner
LAURA
TAYLOR
Wilder's
Woman","[{'x': 30, 'y': 23}, {'x': 555, 'y': 23}, {'x': 555, 'y': 830}, {'x': 30, 'y': 830}]",807,525,negative
786.jpg,/kaggle/input/mvsasingle/MVSA_Single/data/786.jpg,1199,439,False,,[],0,0,positive
787.jpg,/kaggle/input/mvsasingle/MVSA_Single/data/787.jpg,1032,581,True,"ARRIVA
T279
LJ13 CHL","[{'x': 218, 'y': 364}, {'x': 560, 'y': 364}, {'x': 560, 'y': 545}, {'x': 218, 'y': 545}]",181,342,positive
788.jpg,/kaggle/input/mvsasingle/MVSA_Single/data/788.jpg,564,574,False,,[],0,0,neutral
789.jpg,/kaggle/input/mvsasingle/MVSA_Single/data/789.jpg,600,600,False,,[],0,0,negative
79.jpg,/kaggle/input/mvsasingle/MVSA_Single/data/79.jpg,450,600,True,"Slono
111","[{'x': 264, 'y': 249}, {'x': 392, 'y': 249}, {'x': 392, 'y': 323}, {'x': 264, 'y': 323}]",74,128,neutral
790.jpg,/kaggle/input/mvsasingle/MVSA_Single/data/790.jpg,450,600,False,,[],0,0,negative
791.jpg,/kaggle/input/mvsasingle/MVSA_Single/data/791.jpg,800,600,True,"I am
zealous.","[{'x': 51, 'y': 198}, {'x': 322, 'y': 198}, {'x': 322, 'y': 429}, {'x': 51, 'y': 429}]",231,271,positive
792.jpg,/kaggle/input/mvsasingle/MVSA_Single/data/792.jpg,140,133,False,,[],0,0,positive
793.jpg,/kaggle/input/mvsasingle/MVSA_Single/data/793.jpg,337,599,True,"ent Club
chubby mexican
EST. Feb 2015","[{'x': 0, 'y': 152}, {'x': 499, 'y': 152}, {'x': 499, 'y': 220}, {'x': 0, 'y': 220}]",68,499,neutral
794.jpg,/kaggle/input/mvsasingle/MVSA_Single/data/794.jpg,448,600,True,MYZ 216,"[{'x': 448, 'y': 247}, {'x': 494, 'y': 247}, {'x': 494, 'y': 274}, {'x': 448, 'y': 274}]",27,46,negative
795.jpg,/kaggle/input/mvsasingle/MVSA_Single/data/795.jpg,463,600,True,"tinc
tinc","[{'x': 136, 'y': 87}, {'x': 427, 'y': 87}, {'x': 427, 'y': 252}, {'x': 136, 'y': 252}]",165,291,negative
796.jpg,/kaggle/input/mvsasingle/MVSA_Single/data/796.jpg,800,600,True,This is A,"[{'x': 509, 'y': 91}, {'x': 599, 'y': 91}, {'x': 599, 'y': 127}, {'x': 509, 'y': 127}]",36,90,negative
797.jpg,/kaggle/input/mvsasingle/MVSA_Single/data/797.jpg,800,600,True,"211
Gat","[{'x': 0, 'y': 153}, {'x': 599, 'y': 153}, {'x': 599, 'y': 205}, {'x': 0, 'y': 205}]",52,599,neutral
798.jpg,/kaggle/input/mvsasingle/MVSA_Single/data/798.jpg,250,350,False,,[],0,0,positive
799.jpg,/kaggle/input/mvsasingle/MVSA_Single/data/799.jpg,600,600,True,Cat&Dog,"[{'x': 489, 'y': 209}, {'x': 546, 'y': 209}, {'x': 546, 'y': 233}, {'x': 489, 'y': 233}]",24,57,positive
8.jpg,/kaggle/input/mvsasingle/MVSA_Single/data/8.jpg,447,599,False,,[],0,0,negative
80.jpg,/kaggle/input/mvsasingle/MVSA_Single/data/80.jpg,450,600,True,"AKER b
GRAB YOU
BRAIN
MITTENS
Jack","[{'x': 38, 'y': 267}, {'x': 344, 'y': 267}, {'x': 344, 'y': 377}, {'x': 38, 'y': 377}]",110,306,positive
800.jpg,/kaggle/input/mvsasingle/MVSA_Single/data/800.jpg,600,600,True,happy Valentine's Day,"[{'x': 55, 'y': 486}, {'x': 394, 'y': 486}, {'x': 394, 'y': 529}, {'x': 55, 'y': 529}]",43,339,positive
801.jpg,/kaggle/input/mvsasingle/MVSA_Single/data/801.jpg,601,599,True,"""Optimist: Someone who
figured out that taking a step
backward after taking a step
forward isn't a disaster,
it's more like a cha-cha.""","[{'x': 67, 'y': 364}, {'x': 534, 'y': 364}, {'x': 534, 'y': 535}, {'x': 67, 'y': 535}]",171,467,neutral
802.jpg,/kaggle/input/mvsasingle/MVSA_Single/data/802.jpg,283,448,False,,[],0,0,positive
803.jpg,/kaggle/input/mvsasingle/MVSA_Single/data/803.jpg,450,600,True,"Mr & Mrs Grundling
BMW X5","[{'x': 36, 'y': 29}, {'x': 545, 'y': 29}, {'x': 545, 'y': 407}, {'x': 36, 'y': 407}]",378,509,positive
804.jpg,/kaggle/input/mvsasingle/MVSA_Single/data/804.jpg,401,600,False,,[],0,0,positive
805.jpg,/kaggle/input/mvsasingle/MVSA_Single/data/805.jpg,600,600,True,"Been Hurt. Lied To. Used And Broken
By The People Who So-Called ""Loved"" Me.
Then I Get Asked Why I Act So
Cold-Hearted
Y'all Did This.
17 stuffy75","[{'x': 1, 'y': 90}, {'x': 578, 'y': 90}, {'x': 578, 'y': 586}, {'x': 1, 'y': 586}]",496,577,negative
806.jpg,/kaggle/input/mvsasingle/MVSA_Single/data/806.jpg,337,599,True,"HE MOVEMENT
DEVENTS HUMAN MENTA
TO A FORCE THAT
PINS THE GLOBE
THE MOVEMENT
TRAMPLES DOWN WALES
AND ERADICATES RE
MOVEMENT","[{'x': 0, 'y': 29}, {'x': 409, 'y': 29}, {'x': 409, 'y': 66}, {'x': 0, 'y': 66}]",37,409,negative
807.jpg,/kaggle/input/mvsasingle/MVSA_Single/data/807.jpg,1032,581,True,"Welcom
forty
Perry Timms
adju
W
People & Transform
Changing the world of work: one c
HR: The Chang
People Pow
and a new form of
#GivebackUK","[{'x': 41, 'y': 0}, {'x': 580, 'y': 0}, {'x': 580, 'y': 527}, {'x': 41, 'y': 527}]",527,539,negative
808.jpg,/kaggle/input/mvsasingle/MVSA_Single/data/808.jpg,337,599,False,,[],0,0,neutral
809.jpg,/kaggle/input/mvsasingle/MVSA_Single/data/809.jpg,800,600,True,"I
a book
Like reading
when it is Quiete
When
s
and
night and
that Julia
my favite
anchor bebe
Lots of
because the writes lots
Hus thyming books and
makes
from people
Annis
ggges","[{'x': 34, 'y': 130}, {'x': 599, 'y': 130}, {'x': 599, 'y': 488}, {'x': 34, 'y': 488}]",358,565,negative
81.jpg,/kaggle/input/mvsasingle/MVSA_Single/data/81.jpg,399,599,True,"200
AKISTAN","[{'x': 206, 'y': 198}, {'x': 442, 'y': 198}, {'x': 442, 'y': 259}, {'x': 206, 'y': 259}]",61,236,positive
810.jpg,/kaggle/input/mvsasingle/MVSA_Single/data/810.jpg,519,600,False,,[],0,0,negative
811.jpg,/kaggle/input/mvsasingle/MVSA_Single/data/811.jpg,400,600,False,,[],0,0,neutral
812.jpg,/kaggle/input/mvsasingle/MVSA_Single/data/812.jpg,580,386,False,,[],0,0,negative
813.jpg,/kaggle/input/mvsasingle/MVSA_Single/data/813.jpg,622,599,False,,[],0,0,negative
814.jpg,/kaggle/input/mvsasingle/MVSA_Single/data/814.jpg,450,600,True,M4,"[{'x': 214, 'y': 131}, {'x': 305, 'y': 131}, {'x': 305, 'y': 178}, {'x': 214, 'y': 178}]",47,91,neutral
815.jpg,/kaggle/input/mvsasingle/MVSA_Single/data/815.jpg,398,599,True,"He had no failings which were not owing to a noble cause; to an
ardent, generous, perhaps an immoderate passion for fame; a
passion which is the instinct of all great souls.
Edmund Buske
you
Inspire your Life (shouttfunct","[{'x': 15, 'y': 18}, {'x': 568, 'y': 18}, {'x': 568, 'y': 382}, {'x': 15, 'y': 382}]",364,553,positive
816.jpg,/kaggle/input/mvsasingle/MVSA_Single/data/816.jpg,1024,576,True,"styler
3
SHES. I SYSTE
OTAL CONTROL
3 BRUSHES. 1 SYSTEM.
TOTAL CONTROL
2.
HAIR PHILOSOPHERS
Lindy
LINDOR","[{'x': 154, 'y': 306}, {'x': 525, 'y': 306}, {'x': 525, 'y': 666}, {'x': 154, 'y': 666}]",360,371,positive
817.jpg,/kaggle/input/mvsasingle/MVSA_Single/data/817.jpg,600,600,True,"HOPPER
BURG R
OCUS
focus
focu
focus","[{'x': 0, 'y': 29}, {'x': 428, 'y': 29}, {'x': 428, 'y': 361}, {'x': 0, 'y': 361}]",332,428,positive
818.jpg,/kaggle/input/mvsasingle/MVSA_Single/data/818.jpg,600,600,True,"What are you doing?
-Waiting","[{'x': 258, 'y': 442}, {'x': 542, 'y': 442}, {'x': 542, 'y': 504}, {'x': 258, 'y': 504}]",62,284,negative
819.jpg,/kaggle/input/mvsasingle/MVSA_Single/data/819.jpg,600,600,False,,[],0,0,positive
82.jpg,/kaggle/input/mvsasingle/MVSA_Single/data/82.jpg,800,600,True,"PLAYBILL
LYCEUM THEATRE
DISGRACED","[{'x': 89, 'y': 75}, {'x': 522, 'y': 75}, {'x': 522, 'y': 471}, {'x': 89, 'y': 471}]",396,433,positive
820.jpg,/kaggle/input/mvsasingle/MVSA_Single/data/820.jpg,725,544,True,"WISH
IN ASSOCIATION WITH
Dairygold
INSPIRING
WOMEN
IN STEM","[{'x': 148, 'y': 136}, {'x': 270, 'y': 136}, {'x': 270, 'y': 300}, {'x': 148, 'y': 300}]",164,122,neutral
821.jpg,/kaggle/input/mvsasingle/MVSA_Single/data/821.jpg,450,600,True,"The
Footwear
Industry Awards 2015
In association with
FRA bfa
Footwear...
15th February 2015
National Motorcycle Museum, Birmingham","[{'x': 105, 'y': 113}, {'x': 497, 'y': 113}, {'x': 497, 'y': 359}, {'x': 105, 'y': 359}]",246,392,neutral
822.jpg,/kaggle/input/mvsasingle/MVSA_Single/data/822.jpg,1024,576,True,Ready to go!!!,"[{'x': 192, 'y': 736}, {'x': 384, 'y': 736}, {'x': 384, 'y': 762}, {'x': 192, 'y': 762}]",26,192,positive
823.jpg,/kaggle/input/mvsasingle/MVSA_Single/data/823.jpg,300,194,True,"Kjell Ola Dahl
False apparenze
abitate in una O
Tarfalle Marsilio","[{'x': 7, 'y': 6}, {'x': 130, 'y': 6}, {'x': 130, 'y': 286}, {'x': 7, 'y': 286}]",280,123,positive
824.jpg,/kaggle/input/mvsasingle/MVSA_Single/data/824.jpg,600,600,False,,[],0,0,positive
825.jpg,/kaggle/input/mvsasingle/MVSA_Single/data/825.jpg,370,500,False,,[],0,0,positive
826.jpg,/kaggle/input/mvsasingle/MVSA_Single/data/826.jpg,450,600,True,"HAPPY WALL
FALSE DALAI LAMA STOP STING","[{'x': 20, 'y': 143}, {'x': 513, 'y': 143}, {'x': 513, 'y': 221}, {'x': 20, 'y': 221}]",78,493,negative
827.jpg,/kaggle/input/mvsasingle/MVSA_Single/data/827.jpg,600,600,True,"PAPAROACHE
PAPAROACH
FE. A.R.
F.E.A. R.
LVRSЯ
LNIOS","[{'x': 8, 'y': 83}, {'x': 596, 'y': 83}, {'x': 596, 'y': 422}, {'x': 8, 'y': 422}]",339,588,negative
828.jpg,/kaggle/input/mvsasingle/MVSA_Single/data/828.jpg,600,600,True,"PA ROACH
betragedy","[{'x': 224, 'y': 37}, {'x': 298, 'y': 37}, {'x': 298, 'y': 147}, {'x': 224, 'y': 147}]",110,74,positive
829.jpg,/kaggle/input/mvsasingle/MVSA_Single/data/829.jpg,336,336,False,,[],0,0,positive
83.jpg,/kaggle/input/mvsasingle/MVSA_Single/data/83.jpg,600,600,False,,[],0,0,positive
830.jpg,/kaggle/input/mvsasingle/MVSA_Single/data/830.jpg,870,600,True,"⑤
LIFE","[{'x': 440, 'y': 290}, {'x': 590, 'y': 290}, {'x': 590, 'y': 856}, {'x': 440, 'y': 856}]",566,150,negative
831.jpg,/kaggle/input/mvsasingle/MVSA_Single/data/831.jpg,331,598,True,Juliegarmon.com,"[{'x': 383, 'y': 281}, {'x': 541, 'y': 281}, {'x': 541, 'y': 301}, {'x': 383, 'y': 301}]",20,158,neutral
832.jpg,/kaggle/input/mvsasingle/MVSA_Single/data/832.jpg,431,597,True,"WILL YOU
PLAY WITH
ME
@bleedheadless","[{'x': 31, 'y': 38}, {'x': 331, 'y': 38}, {'x': 331, 'y': 323}, {'x': 31, 'y': 323}]",285,300,positive
833.jpg,/kaggle/input/mvsasingle/MVSA_Single/data/833.jpg,450,600,True,"PRO
POWER
YORK","[{'x': 43, 'y': 8}, {'x': 140, 'y': 8}, {'x': 140, 'y': 357}, {'x': 43, 'y': 357}]",349,97,positive
834.jpg,/kaggle/input/mvsasingle/MVSA_Single/data/834.jpg,640,480,False,,[],0,0,negative
835.jpg,/kaggle/input/mvsasingle/MVSA_Single/data/835.jpg,212,600,True,"The ALKISTIS Method
The
ALKISTIS
Method
Learn How to Become
Self-Confident and Influence
Others.
Be Self-Confident
& Influence Others
Within 60 Days
O
ALKISTIS","[{'x': 36, 'y': 46}, {'x': 385, 'y': 46}, {'x': 385, 'y': 193}, {'x': 36, 'y': 193}]",147,349,negative
836.jpg,/kaggle/input/mvsasingle/MVSA_Single/data/836.jpg,900,600,False,,[],0,0,negative
837.jpg,/kaggle/input/mvsasingle/MVSA_Single/data/837.jpg,800,600,False,,[],0,0,positive
838.jpg,/kaggle/input/mvsasingle/MVSA_Single/data/838.jpg,600,600,True,FRIENDLY,"[{'x': 210, 'y': 429}, {'x': 267, 'y': 429}, {'x': 267, 'y': 487}, {'x': 210, 'y': 487}]",58,57,positive
839.jpg,/kaggle/input/mvsasingle/MVSA_Single/data/839.jpg,254,600,True,"10 FOI 8 WEE
WITH WEEKLY
NOT TO LET YOUR
DINNER
110 FAT BURN FAMILY FRIENDLY YOUR FAST EAL FOOD
MEAL RECIP FAT BURNING MEALS START GUIDE
OTHIES
BURNING
ERTS
DIAN
CREATED BY
CREATED BY
HANA KEULIAN
DIANA KE
CREATED BY
DIANA KEULIAN
DIANA KEUILIAN
CHEATLEY
MANA KEULIAN","[{'x': 38, 'y': 64}, {'x': 557, 'y': 64}, {'x': 557, 'y': 220}, {'x': 38, 'y': 220}]",156,519,neutral
84.jpg,/kaggle/input/mvsasingle/MVSA_Single/data/84.jpg,396,599,True,"1258
Philz Coffee
ONE CUP AT A TIME","[{'x': 99, 'y': 151}, {'x': 430, 'y': 151}, {'x': 430, 'y': 212}, {'x': 99, 'y': 212}]",61,331,positive
840.jpg,/kaggle/input/mvsasingle/MVSA_Single/data/840.jpg,901,599,False,,[],0,0,positive
841.jpg,/kaggle/input/mvsasingle/MVSA_Single/data/841.jpg,800,600,True,"CGP
CGP
Salters
for Edel
STUDENTS'
AS-Level
Biology
CGP
Exam Board:
cel
& Practice","[{'x': 53, 'y': 137}, {'x': 502, 'y': 137}, {'x': 502, 'y': 569}, {'x': 53, 'y': 569}]",432,449,positive
842.jpg,/kaggle/input/mvsasingle/MVSA_Single/data/842.jpg,422,599,True,"PAGE 1 OF 314
115965 WORDS
6","[{'x': 68, 'y': 104}, {'x': 543, 'y': 104}, {'x': 543, 'y': 343}, {'x': 68, 'y': 343}]",239,475,positive
843.jpg,/kaggle/input/mvsasingle/MVSA_Single/data/843.jpg,800,600,False,,[],0,0,positive
844.jpg,/kaggle/input/mvsasingle/MVSA_Single/data/844.jpg,600,600,False,,[],0,0,negative
845.jpg,/kaggle/input/mvsasingle/MVSA_Single/data/845.jpg,600,600,False,,[],0,0,positive
846.jpg,/kaggle/input/mvsasingle/MVSA_Single/data/846.jpg,600,600,False,,[],0,0,positive
847.jpg,/kaggle/input/mvsasingle/MVSA_Single/data/847.jpg,300,600,True,"8/8
Getting Started Tasks
Congratulations! You have completed each of the Getting Started tasks
Getting Started Tasks
1. Upload Display Picture
1/1 Upload a picture of your face to help your contacts easily identify you
2. Upload Cover Photo
1/1 Upload a cover photo to personalise your profile
3. Add Contact details
3/3 Add a contact number, email address and location to your profile
easier to share your details
identidex
share their details with you","[{'x': 6, 'y': 8}, {'x': 352, 'y': 8}, {'x': 352, 'y': 294}, {'x': 6, 'y': 294}]",286,346,positive
848.jpg,/kaggle/input/mvsasingle/MVSA_Single/data/848.jpg,783,600,True,"The Gul
8366PROJECT MADAYS OF 30 MINUTE DRAWINGS DAY 365 DECEMBER 3, 2014 LON WENGER
MINUSINDUSTRIES The End HONESTLY I cant belique it's over, All that remains is a still stake
365 days later. This endive thing has played but like a jogtife. Sure there were dingans and put
witches but their were also incpated friends, castles and jewels. Yes, in the end, lodget
the girl.","[{'x': 18, 'y': 294}, {'x': 581, 'y': 294}, {'x': 581, 'y': 781}, {'x': 18, 'y': 781}]",487,563,positive
849.jpg,/kaggle/input/mvsasingle/MVSA_Single/data/849.jpg,774,600,False,,[],0,0,positive
85.jpg,/kaggle/input/mvsasingle/MVSA_Single/data/85.jpg,220,597,True,"FEBRUARY
14 2015
1 BILLION
IRISING
REVOLUTION
DRUM! DANCE! RISE!
ONEBILLIONRISING.ORG
#1BILLIONRISING
#RISE4REVOLUTION","[{'x': 8, 'y': 1}, {'x': 579, 'y': 1}, {'x': 579, 'y': 177}, {'x': 8, 'y': 177}]",176,571,positive
850.jpg,/kaggle/input/mvsasingle/MVSA_Single/data/850.jpg,492,333,True,LAWLESS,"[{'x': 119, 'y': 270}, {'x': 317, 'y': 270}, {'x': 317, 'y': 348}, {'x': 119, 'y': 348}]",78,198,positive
851.jpg,/kaggle/input/mvsasingle/MVSA_Single/data/851.jpg,725,600,True,"Parents In
Recovery
I'm beautifully broken, perfectly
imperfect, beautiful in my flaws.
All together, I am a
beautiful disaster
-Kate McCarthy","[{'x': 50, 'y': 56}, {'x': 555, 'y': 56}, {'x': 555, 'y': 681}, {'x': 50, 'y': 681}]",625,505,negative
852.jpg,/kaggle/input/mvsasingle/MVSA_Single/data/852.jpg,300,500,True,"WE ARE BEAUTIFUL
IN EVERY SINGLE WAY.
-CHRISTINA AGUILERA
QUOTETHATTALK.TUMBLR.COM","[{'x': 109, 'y': 132}, {'x': 391, 'y': 132}, {'x': 391, 'y': 194}, {'x': 109, 'y': 194}]",62,282,positive
853.jpg,/kaggle/input/mvsasingle/MVSA_Single/data/853.jpg,519,599,True,"F14 WED
00
FI4WED","[{'x': 113, 'y': 32}, {'x': 493, 'y': 32}, {'x': 493, 'y': 429}, {'x': 113, 'y': 429}]",397,380,positive
854.jpg,/kaggle/input/mvsasingle/MVSA_Single/data/854.jpg,600,600,True,"CONT
GROW
4P...
Erow
Love","[{'x': 162, 'y': 128}, {'x': 547, 'y': 128}, {'x': 547, 'y': 428}, {'x': 162, 'y': 428}]",300,385,positive
855.jpg,/kaggle/input/mvsasingle/MVSA_Single/data/855.jpg,720,523,True,"asicksenseofnothing:
elkane:
Jack Dawson... Penniless artist who wins a ticket onto Titanic in
1912, attends a first class dinner, develops a taste for the finer things
in life, pockets the Heart of the Ocean, survives the sinking, pawns
the diamond, spends the following ten years building his wealth and
in 1922 moves to West Egg as Jay Gatsby... Millionaire with a shady
past and fear of swimming pools.
FUCK
Source: elkan","[{'x': 17, 'y': 501}, {'x': 506, 'y': 501}, {'x': 506, 'y': 719}, {'x': 17, 'y': 719}]",218,489,positive
856.jpg,/kaggle/input/mvsasingle/MVSA_Single/data/856.jpg,400,599,False,,[],0,0,positive
857.jpg,/kaggle/input/mvsasingle/MVSA_Single/data/857.jpg,800,600,True,"ndar social
MANDA
Bassinas?
9
BG KD
FW-Vyda-PVE-Reino02
Conquistutor
Infinity
Knights,
DrVlad
0
cce
W
Dist
Requer Facçã
40'44: 5'16","[{'x': 0, 'y': 27}, {'x': 577, 'y': 27}, {'x': 577, 'y': 660}, {'x': 0, 'y': 660}]",633,577,positive
858.jpg,/kaggle/input/mvsasingle/MVSA_Single/data/858.jpg,800,600,True,"Cadence Theatre Company & The New Theatre present the World Premiere of
One Is Not
Oneself
By Gerard Lee
2nd-14th FEB 2015
7.30pm €15/12/10
Preview 2nd & 3rd
Directed by
Matthew Ralli
A play inspired by Noel
Coward, and including a
selection of his songs
the
new
theatre
Mark O'Regan
Paula Greevy-Lee
Ronan Murray
The New Theatre, 43 East Essex Street, Dublin 2 www.thenewtheatre.com 01 670 3361","[{'x': 105, 'y': 29}, {'x': 559, 'y': 29}, {'x': 559, 'y': 626}, {'x': 105, 'y': 626}]",597,454,positive
859.jpg,/kaggle/input/mvsasingle/MVSA_Single/data/859.jpg,800,600,False,,[],0,0,negative
86.jpg,/kaggle/input/mvsasingle/MVSA_Single/data/86.jpg,800,600,False,,[],0,0,positive
860.jpg,/kaggle/input/mvsasingle/MVSA_Single/data/860.jpg,450,600,True,C,"[{'x': 275, 'y': 76}, {'x': 340, 'y': 76}, {'x': 340, 'y': 147}, {'x': 275, 'y': 147}]",71,65,positive
861.jpg,/kaggle/input/mvsasingle/MVSA_Single/data/861.jpg,300,300,True,"an ocean between us
AS I LAY DYING","[{'x': 66, 'y': 112}, {'x': 282, 'y': 112}, {'x': 282, 'y': 174}, {'x': 66, 'y': 174}]",62,216,negative
862.jpg,/kaggle/input/mvsasingle/MVSA_Single/data/862.jpg,900,600,False,,[],0,0,positive
863.jpg,/kaggle/input/mvsasingle/MVSA_Single/data/863.jpg,626,469,False,,[],0,0,positive
864.jpg,/kaggle/input/mvsasingle/MVSA_Single/data/864.jpg,600,600,False,,[],0,0,negative
865.jpg,/kaggle/input/mvsasingle/MVSA_Single/data/865.jpg,337,599,True,"6° Wednesday
5°
6°
5°
6°
6°
7°
5°
7°
5°
7°
6°
6°
7°
7°
6°","[{'x': 121, 'y': 56}, {'x': 397, 'y': 56}, {'x': 397, 'y': 324}, {'x': 121, 'y': 324}]",268,276,negative
866.jpg,/kaggle/input/mvsasingle/MVSA_Single/data/866.jpg,600,600,False,,[],0,0,negative
867.jpg,/kaggle/input/mvsasingle/MVSA_Single/data/867.jpg,600,600,False,,[],0,0,positive
868.jpg,/kaggle/input/mvsasingle/MVSA_Single/data/868.jpg,286,600,True,"FENG SHU
SARCOIDOSIS HEALING","[{'x': 307, 'y': 34}, {'x': 441, 'y': 34}, {'x': 441, 'y': 159}, {'x': 307, 'y': 159}]",125,134,positive
869.jpg,/kaggle/input/mvsasingle/MVSA_Single/data/869.jpg,800,600,False,,[],0,0,positive
87.jpg,/kaggle/input/mvsasingle/MVSA_Single/data/87.jpg,800,600,True,"THE WALKING DEAD
NEW TOMORROW 9.8c
FOLL
MARS & CROISSANY
ам","[{'x': 404, 'y': 498}, {'x': 599, 'y': 498}, {'x': 599, 'y': 667}, {'x': 404, 'y': 667}]",169,195,positive
870.jpg,/kaggle/input/mvsasingle/MVSA_Single/data/870.jpg,612,600,True,"OR
The Business Shop
The Busine","[{'x': 0, 'y': 338}, {'x': 598, 'y': 338}, {'x': 598, 'y': 490}, {'x': 0, 'y': 490}]",152,598,positive
871.jpg,/kaggle/input/mvsasingle/MVSA_Single/data/871.jpg,558,499,False,,[],0,0,positive
872.jpg,/kaggle/input/mvsasingle/MVSA_Single/data/872.jpg,280,336,True,"HostGator
GET
%
WEB
HOSTING
OFF CLICK HERE
NOW!
www.HostGator.com","[{'x': 41, 'y': 25}, {'x': 317, 'y': 25}, {'x': 317, 'y': 267}, {'x': 41, 'y': 267}]",242,276,negative
873.jpg,/kaggle/input/mvsasingle/MVSA_Single/data/873.jpg,600,600,False,,[],0,0,positive
874.jpg,/kaggle/input/mvsasingle/MVSA_Single/data/874.jpg,800,600,True,"A Carolyn Pauli Novel
Carolyn Paulis
His Open Arms
In the late 1970's as women struggle
for recognition in the fire department
and in the police department, Carolyn Pauli
encounters a series of deadly events
that change her life forever...
A Police Novel
Written by CJ Wright","[{'x': 39, 'y': 56}, {'x': 558, 'y': 56}, {'x': 558, 'y': 747}, {'x': 39, 'y': 747}]",691,519,positive
875.jpg,/kaggle/input/mvsasingle/MVSA_Single/data/875.jpg,808,600,False,,[],0,0,positive
876.jpg,/kaggle/input/mvsasingle/MVSA_Single/data/876.jpg,142,600,True,"Get Published!
COOLBEAR
Audiobook Catalog
E
AUDIOBOOKS
Audiobook Publishing","[{'x': 95, 'y': 6}, {'x': 568, 'y': 6}, {'x': 568, 'y': 140}, {'x': 95, 'y': 140}]",134,473,positive
877.jpg,/kaggle/input/mvsasingle/MVSA_Single/data/877.jpg,900,598,False,,[],0,0,negative
878.jpg,/kaggle/input/mvsasingle/MVSA_Single/data/878.jpg,600,600,False,,[],0,0,negative
879.jpg,/kaggle/input/mvsasingle/MVSA_Single/data/879.jpg,600,600,True,ard,"[{'x': 176, 'y': 237}, {'x': 254, 'y': 237}, {'x': 254, 'y': 266}, {'x': 176, 'y': 266}]",29,78,positive
88.jpg,/kaggle/input/mvsasingle/MVSA_Single/data/88.jpg,450,600,True,"GE
ITER
0","[{'x': 0, 'y': 102}, {'x': 591, 'y': 102}, {'x': 591, 'y': 134}, {'x': 0, 'y': 134}]",32,591,positive
880.jpg,/kaggle/input/mvsasingle/MVSA_Single/data/880.jpg,1024,576,False,,[],0,0,positive
881.jpg,/kaggle/input/mvsasingle/MVSA_Single/data/881.jpg,322,599,True,abb,"[{'x': 184, 'y': 78}, {'x': 361, 'y': 78}, {'x': 361, 'y': 224}, {'x': 184, 'y': 224}]",146,177,positive
882.jpg,/kaggle/input/mvsasingle/MVSA_Single/data/882.jpg,227,400,True,"50
CANCE","[{'x': 85, 'y': 44}, {'x': 322, 'y': 44}, {'x': 322, 'y': 172}, {'x': 85, 'y': 172}]",128,237,negative
883.jpg,/kaggle/input/mvsasingle/MVSA_Single/data/883.jpg,372,599,False,,[],0,0,negative
884.jpg,/kaggle/input/mvsasingle/MVSA_Single/data/884.jpg,401,599,False,,[],0,0,negative
885.jpg,/kaggle/input/mvsasingle/MVSA_Single/data/885.jpg,900,600,True,"E
●00 AT&T
9:19 PM
68%
RSD ringsidec
PHOTO
HIGHLY DETAILED
ACTION FIGURE
SERIES 35
RANDY ORTON
8+
SERIES
#35
WRESTLING
FIGURES
BA.COM
EVOLUTION
W
INCLUDES
ENTRANCE
SHIRT
RINGSIDE
ELITE
COLLECTION
COLLECTIBLES
Q Ο
Q
с
10h","[{'x': 17, 'y': 9}, {'x': 583, 'y': 9}, {'x': 583, 'y': 889}, {'x': 17, 'y': 889}]",880,566,neutral
886.jpg,/kaggle/input/mvsasingle/MVSA_Single/data/886.jpg,336,598,True,Alfprint,"[{'x': 504, 'y': 142}, {'x': 532, 'y': 142}, {'x': 532, 'y': 154}, {'x': 504, 'y': 154}]",12,28,negative
887.jpg,/kaggle/input/mvsasingle/MVSA_Single/data/887.jpg,337,599,True,"Kel
3
CONTRACT
3
BULLS
23
13-34 MATT BULLARD
STANDING SHOT THREE-3
CONTRACT +3
OFFENSIVE REBOUND 3
1985-86
CONTINUE","[{'x': 67, 'y': 136}, {'x': 518, 'y': 136}, {'x': 518, 'y': 250}, {'x': 67, 'y': 250}]",114,451,negative
888.jpg,/kaggle/input/mvsasingle/MVSA_Single/data/888.jpg,550,550,True,"Di Riseborough
FIND YOUR
OURAGE
Intuitive Life Strategist
ISN'T ABOUT
PLEASING EVERYONE.
DON'T LET THE OPINIONS OF
OTHERS GET IN THE WAY OF
YOUR DREAMS OR
Hoppinces.","[{'x': 102, 'y': 44}, {'x': 520, 'y': 44}, {'x': 520, 'y': 476}, {'x': 102, 'y': 476}]",432,418,positive
889.jpg,/kaggle/input/mvsasingle/MVSA_Single/data/889.jpg,450,600,True,Garth Cripps 2015,"[{'x': 252, 'y': 428}, {'x': 364, 'y': 428}, {'x': 364, 'y': 440}, {'x': 252, 'y': 440}]",12,112,negative
89.jpg,/kaggle/input/mvsasingle/MVSA_Single/data/89.jpg,600,600,True,"WIND
IN YOUR
SAILS","[{'x': 218, 'y': 356}, {'x': 289, 'y': 356}, {'x': 289, 'y': 412}, {'x': 218, 'y': 412}]",56,71,positive
890.jpg,/kaggle/input/mvsasingle/MVSA_Single/data/890.jpg,600,600,False,,[],0,0,positive
891.jpg,/kaggle/input/mvsasingle/MVSA_Single/data/891.jpg,542,426,True,"$10,000
Mobile
Hot Seat
Tuesdays
Aliante
Every Tuesday in February!
All actively playing mobile users who accept the
Hot Seat offer from their mobile app qualify!
Every hour 12PM - 5PM
5 winners will win $50 in free slot play!
At 6PM - Double the winners and double the prize!
10 winners will win $100 in free slot play.
All winners will be announced over the intercom and
must swipe at kiosk to redeem prize.
Gusts must swipe at kloak by 11:00PM to redeem prize. All prize will expire each Tuesday at 11:00PM.
Management reserves all rights. See Players Club for complete details","[{'x': 43, 'y': 27}, {'x': 410, 'y': 27}, {'x': 410, 'y': 536}, {'x': 43, 'y': 536}]",509,367,positive
892.jpg,/kaggle/input/mvsasingle/MVSA_Single/data/892.jpg,199,599,True,"Happiness
E-girls
WA
COLORFUL
R
Sayaka
LIVE TOUR 2015
ayapa
Happiness","[{'x': 94, 'y': 0}, {'x': 490, 'y': 0}, {'x': 490, 'y': 198}, {'x': 94, 'y': 198}]",198,396,neutral
893.jpg,/kaggle/input/mvsasingle/MVSA_Single/data/893.jpg,600,600,True,"Don't take life so seriously.
It's not like you're going
to get out alive.","[{'x': 115, 'y': 29}, {'x': 487, 'y': 29}, {'x': 487, 'y': 111}, {'x': 115, 'y': 111}]",82,372,neutral
894.jpg,/kaggle/input/mvsasingle/MVSA_Single/data/894.jpg,400,600,True,"REALMS OF LIGHT
:)
MAY YOU
GLOW
WITH
HAPPINESS :)","[{'x': 14, 'y': 53}, {'x': 560, 'y': 53}, {'x': 560, 'y': 390}, {'x': 14, 'y': 390}]",337,546,neutral
895.jpg,/kaggle/input/mvsasingle/MVSA_Single/data/895.jpg,600,600,True,"2=FREE
IF YOU'RE MY THRIVE CUSTOMER
AND YOU AREN'T GETTING YOUR
PRODUCTS FOR FREE THEN I'M
NOT DOING MY JOB!!!
Let me help you get your THRIVE for FREE!!!","[{'x': 43, 'y': 89}, {'x': 557, 'y': 89}, {'x': 557, 'y': 538}, {'x': 43, 'y': 538}]",449,514,positive
896.jpg,/kaggle/input/mvsasingle/MVSA_Single/data/896.jpg,510,600,False,,[],0,0,neutral
897.jpg,/kaggle/input/mvsasingle/MVSA_Single/data/897.jpg,250,500,True,"Happiness is not a matter of
intensity but of balance and order
and rhythm and harmony.
- Thomas Merton
> BENKUBASSEK.com","[{'x': 198, 'y': 59}, {'x': 479, 'y': 59}, {'x': 479, 'y': 242}, {'x': 198, 'y': 242}]",183,281,positive
898.jpg,/kaggle/input/mvsasingle/MVSA_Single/data/898.jpg,450,600,False,,[],0,0,positive
899.jpg,/kaggle/input/mvsasingle/MVSA_Single/data/899.jpg,375,500,True,"""Before you diagnose
yourself with depression
or low self esteem,
first make sure that you
are not, in fact, just
surrounding yourself
with assholes.""
- William Gibson","[{'x': 238, 'y': 101}, {'x': 470, 'y': 101}, {'x': 470, 'y': 323}, {'x': 238, 'y': 323}]",222,232,positive
9.jpg,/kaggle/input/mvsasingle/MVSA_Single/data/9.jpg,450,600,False,,[],0,0,neutral
90.jpg,/kaggle/input/mvsasingle/MVSA_Single/data/90.jpg,384,459,False,,[],0,0,positive
900.jpg,/kaggle/input/mvsasingle/MVSA_Single/data/900.jpg,600,600,True,"Tea
s On Al","[{'x': 138, 'y': 2}, {'x': 198, 'y': 2}, {'x': 198, 'y': 55}, {'x': 138, 'y': 55}]",53,60,positive
901.jpg,/kaggle/input/mvsasingle/MVSA_Single/data/901.jpg,600,600,False,,[],0,0,negative
902.jpg,/kaggle/input/mvsasingle/MVSA_Single/data/902.jpg,327,480,True,"E
www.famousanduncensored.com","[{'x': 206, 'y': 121}, {'x': 473, 'y': 121}, {'x': 473, 'y': 320}, {'x': 206, 'y': 320}]",199,267,positive
903.jpg,/kaggle/input/mvsasingle/MVSA_Single/data/903.jpg,666,500,False,,[],0,0,positive
904.jpg,/kaggle/input/mvsasingle/MVSA_Single/data/904.jpg,600,600,False,,[],0,0,negative
905.jpg,/kaggle/input/mvsasingle/MVSA_Single/data/905.jpg,800,600,False,,[],0,0,positive
906.jpg,/kaggle/input/mvsasingle/MVSA_Single/data/906.jpg,480,480,True,"A BABY ELEPHANT THAT LOST HER
MOTHER GREETS THE MAN THAT IS
CARING FOR HER.","[{'x': 11, 'y': 392}, {'x': 457, 'y': 392}, {'x': 457, 'y': 466}, {'x': 11, 'y': 466}]",74,446,positive
907.jpg,/kaggle/input/mvsasingle/MVSA_Single/data/907.jpg,600,600,False,,[],0,0,neutral
908.jpg,/kaggle/input/mvsasingle/MVSA_Single/data/908.jpg,600,600,True,"""Geçermiş"" Bu sevda bitmez!
81","[{'x': 179, 'y': 391}, {'x': 401, 'y': 391}, {'x': 401, 'y': 472}, {'x': 179, 'y': 472}]",81,222,positive
909.jpg,/kaggle/input/mvsasingle/MVSA_Single/data/909.jpg,225,225,False,,[],0,0,positive
91.jpg,/kaggle/input/mvsasingle/MVSA_Single/data/91.jpg,600,600,True,"WDB
COMING TO
JERSEY CITY, NJ
CONFERENCE EXPOILUNCHEON
Register wonton.ado.com
WDB
WOMEN DOING IT BIG
4 DAYS OF
AMAZING
WDIB
WOMEN DOING IT BIG
REGISTER TODAY
FRI, MAY 1, 2015:
""LADIES NIGHT"" PRE-EVENT
PAJAMA PARTY
SAT, MAY 2, 2015:
""POWER OF YOU"" - DAY 1
SIIN MAY 2 2015.
PRE-EVENT PAJAMA PARTY
""LADIES NIGHT""
LADIES COME IN YOUR FAVORITE PAJAMAS OR ONESIE FOR
WINE, PILLOW TALK, GAMES & DEMONSTRATIONS @ HOST HOTEL
Featuring Erotica Soul Artist D'or of D'or's Play House
CONFERENCE | EXPO | LUNCHEON
NEW YORK/NEW JERSEY | May 1 - 4, 2015
Register @WDIBExpo.org | TianaVonJohnson.com","[{'x': 14, 'y': 16}, {'x': 429, 'y': 16}, {'x': 429, 'y': 439}, {'x': 14, 'y': 439}]",423,415,positive
910.jpg,/kaggle/input/mvsasingle/MVSA_Single/data/910.jpg,800,600,True,F,"[{'x': 48, 'y': 17}, {'x': 101, 'y': 17}, {'x': 101, 'y': 87}, {'x': 48, 'y': 87}]",70,53,positive
911.jpg,/kaggle/input/mvsasingle/MVSA_Single/data/911.jpg,1066,600,True,"L
KIKIMOTE","[{'x': 64, 'y': 16}, {'x': 505, 'y': 16}, {'x': 505, 'y': 788}, {'x': 64, 'y': 788}]",772,441,positive
912.jpg,/kaggle/input/mvsasingle/MVSA_Single/data/912.jpg,600,600,False,,[],0,0,negative
913.jpg,/kaggle/input/mvsasingle/MVSA_Single/data/913.jpg,600,600,True,"HOPIDIC
COURY & BUEHLER
PHYSICAL THERAPY","[{'x': 31, 'y': 166}, {'x': 577, 'y': 166}, {'x': 577, 'y': 231}, {'x': 31, 'y': 231}]",65,546,neutral
914.jpg,/kaggle/input/mvsasingle/MVSA_Single/data/914.jpg,450,600,True,"THE
PRINCE ALB","[{'x': 180, 'y': 27}, {'x': 214, 'y': 27}, {'x': 214, 'y': 43}, {'x': 180, 'y': 43}]",16,34,positive
915.jpg,/kaggle/input/mvsasingle/MVSA_Single/data/915.jpg,600,600,False,,[],0,0,positive
916.jpg,/kaggle/input/mvsasingle/MVSA_Single/data/916.jpg,915,600,True,"A little more persistence,
a little more effort and what seemed
hopeless failure may turn to glorious success...
@saudrammah","[{'x': 70, 'y': 32}, {'x': 534, 'y': 32}, {'x': 534, 'y': 233}, {'x': 70, 'y': 233}]",201,464,positive
917.jpg,/kaggle/input/mvsasingle/MVSA_Single/data/917.jpg,750,500,False,,[],0,0,positive
918.jpg,/kaggle/input/mvsasingle/MVSA_Single/data/918.jpg,700,467,True,"Model: Dani Divine
Maxime fort
www.maximeávet.com
2014","[{'x': 3, 'y': 651}, {'x': 461, 'y': 651}, {'x': 461, 'y': 699}, {'x': 3, 'y': 699}]",48,458,positive
919.jpg,/kaggle/input/mvsasingle/MVSA_Single/data/919.jpg,1024,577,True,"...o Verizon
9:14 AM
75% D.4
Like
Comment
Share
Fernando Escareno
8 minutes ago.
This is literally old news to me. If you haven't
ever given a women an orgasm. Then I'm
not too sure what to tell you.
I've already mastered this position numerous
times.
Urethral opening
(exit point for
ejaculate)
bone
Urethra
Anus
Approximate location
of G spot
Emptied
bladder
Uterus
Anterior
vaginal
wall
Cervix UT
squirting 101
before you get to reading... Please dro...
eroticnoire.wordpress.com
Like
Comment
Sarah Clemons with Daniel
Share
News Feed Requests Messenger Notifications
More","[{'x': 8, 'y': 9}, {'x': 567, 'y': 9}, {'x': 567, 'y': 1021}, {'x': 8, 'y': 1021}]",1012,559,positive
92.jpg,/kaggle/input/mvsasingle/MVSA_Single/data/92.jpg,366,600,False,,[],0,0,positive
920.jpg,/kaggle/input/mvsasingle/MVSA_Single/data/920.jpg,800,600,False,,[],0,0,neutral
921.jpg,/kaggle/input/mvsasingle/MVSA_Single/data/921.jpg,319,480,True,ALLIGATOR BAIT.,"[{'x': 169, 'y': 287}, {'x': 277, 'y': 287}, {'x': 277, 'y': 309}, {'x': 169, 'y': 309}]",22,108,positive
922.jpg,/kaggle/input/mvsasingle/MVSA_Single/data/922.jpg,600,600,True,"L
BOW 4 ME GP
23al
Breeas","[{'x': 161, 'y': 62}, {'x': 599, 'y': 62}, {'x': 599, 'y': 302}, {'x': 161, 'y': 302}]",240,438,positive
923.jpg,/kaggle/input/mvsasingle/MVSA_Single/data/923.jpg,250,300,False,,[],0,0,negative
924.jpg,/kaggle/input/mvsasingle/MVSA_Single/data/924.jpg,201,598,False,,[],0,0,positive
925.jpg,/kaggle/input/mvsasingle/MVSA_Single/data/925.jpg,800,600,False,,[],0,0,positive
926.jpg,/kaggle/input/mvsasingle/MVSA_Single/data/926.jpg,447,599,True,AW,"[{'x': 426, 'y': 251}, {'x': 598, 'y': 251}, {'x': 598, 'y': 417}, {'x': 426, 'y': 417}]",166,172,neutral
927.jpg,/kaggle/input/mvsasingle/MVSA_Single/data/927.jpg,804,600,True,106.8,"[{'x': 195, 'y': 333}, {'x': 296, 'y': 333}, {'x': 296, 'y': 397}, {'x': 195, 'y': 397}]",64,101,positive
928.jpg,/kaggle/input/mvsasingle/MVSA_Single/data/928.jpg,804,600,False,,[],0,0,positive
929.jpg,/kaggle/input/mvsasingle/MVSA_Single/data/929.jpg,800,600,False,,[],0,0,positive
93.jpg,/kaggle/input/mvsasingle/MVSA_Single/data/93.jpg,398,600,False,,[],0,0,neutral
930.jpg,/kaggle/input/mvsasingle/MVSA_Single/data/930.jpg,480,480,True,"ABY SMAL GANG
ADVISORY
WE DAMY BOYZ
NJIBI","[{'x': 32, 'y': 38}, {'x': 358, 'y': 38}, {'x': 358, 'y': 448}, {'x': 32, 'y': 448}]",410,326,positive
931.jpg,/kaggle/input/mvsasingle/MVSA_Single/data/931.jpg,261,261,False,,[],0,0,negative
932.jpg,/kaggle/input/mvsasingle/MVSA_Single/data/932.jpg,500,500,False,,[],0,0,positive
933.jpg,/kaggle/input/mvsasingle/MVSA_Single/data/933.jpg,529,599,True,"I'm telling you Tony, Sora should
have also been named a Keyblade
Master.
Well, at least Riku didn't fall asleep during
the test. Of course, you know something
about sleeping during a conflict, Steve.
KHMEMES
MEMES
MARVEL
CAPTAIN AMERICA
MAY 6, 2016","[{'x': 6, 'y': 105}, {'x': 595, 'y': 105}, {'x': 595, 'y': 517}, {'x': 6, 'y': 517}]",412,589,positive
934.jpg,/kaggle/input/mvsasingle/MVSA_Single/data/934.jpg,750,500,False,,[],0,0,negative
935.jpg,/kaggle/input/mvsasingle/MVSA_Single/data/935.jpg,1024,576,False,,[],0,0,positive
936.jpg,/kaggle/input/mvsasingle/MVSA_Single/data/936.jpg,799,599,True,"BOWFLEX
BOWFLEX
TreadClimber
BOWFLEX
Calories
30","[{'x': 0, 'y': 102}, {'x': 416, 'y': 102}, {'x': 416, 'y': 550}, {'x': 0, 'y': 550}]",448,416,positive
937.jpg,/kaggle/input/mvsasingle/MVSA_Single/data/937.jpg,800,600,False,,[],0,0,positive
938.jpg,/kaggle/input/mvsasingle/MVSA_Single/data/938.jpg,100,100,True,LEBINFO,"[{'x': 6, 'y': 69}, {'x': 95, 'y': 69}, {'x': 95, 'y': 87}, {'x': 6, 'y': 87}]",18,89,negative
939.jpg,/kaggle/input/mvsasingle/MVSA_Single/data/939.jpg,800,600,False,,[],0,0,neutral
94.jpg,/kaggle/input/mvsasingle/MVSA_Single/data/94.jpg,297,296,True,Shah Rukh Khan,"[{'x': 181, 'y': 1}, {'x': 281, 'y': 1}, {'x': 281, 'y': 18}, {'x': 181, 'y': 18}]",17,100,neutral
940.jpg,/kaggle/input/mvsasingle/MVSA_Single/data/940.jpg,341,341,True,"GUSTAVO CERATI
FUERZANATURAL","[{'x': 41, 'y': 12}, {'x': 272, 'y': 12}, {'x': 272, 'y': 57}, {'x': 41, 'y': 57}]",45,231,neutral
941.jpg,/kaggle/input/mvsasingle/MVSA_Single/data/941.jpg,600,600,True,@Elena pravia,"[{'x': 151, 'y': 418}, {'x': 238, 'y': 418}, {'x': 238, 'y': 446}, {'x': 151, 'y': 446}]",28,87,positive
942.jpg,/kaggle/input/mvsasingle/MVSA_Single/data/942.jpg,800,600,True,0,"[{'x': 336, 'y': 645}, {'x': 403, 'y': 645}, {'x': 403, 'y': 723}, {'x': 336, 'y': 723}]",78,67,neutral
943.jpg,/kaggle/input/mvsasingle/MVSA_Single/data/943.jpg,212,200,True,"ISAID FEED THE POOR AND HEAL THE SICK
NOT BLEED THE POOR TO FEED THE RICH
facebook.com/Forward Progressives","[{'x': 5, 'y': 1}, {'x': 193, 'y': 1}, {'x': 193, 'y': 208}, {'x': 5, 'y': 208}]",207,188,neutral
944.jpg,/kaggle/input/mvsasingle/MVSA_Single/data/944.jpg,640,480,False,,[],0,0,neutral
945.jpg,/kaggle/input/mvsasingle/MVSA_Single/data/945.jpg,588,600,True,"Remember no one can
make you feel inferior
without your consent
-Eleanor Roosevelt
spire your Life {shouttr.net}","[{'x': 7, 'y': 146}, {'x': 584, 'y': 146}, {'x': 584, 'y': 562}, {'x': 7, 'y': 562}]",416,577,neutral
946.jpg,/kaggle/input/mvsasingle/MVSA_Single/data/946.jpg,600,600,False,,[],0,0,neutral
947.jpg,/kaggle/input/mvsasingle/MVSA_Single/data/947.jpg,581,600,True,"DO YOU KNOW THIS BLACK LAB PUPPY?
Found near Jane and Finch in North York (Toronto) on
October 10, suffering from multiple broken bones,
chemical burns, and an elastic band around its muzzle.
CALL 1-800-222-8477","[{'x': 7, 'y': 8}, {'x': 592, 'y': 8}, {'x': 592, 'y': 565}, {'x': 7, 'y': 565}]",557,585,negative
948.jpg,/kaggle/input/mvsasingle/MVSA_Single/data/948.jpg,600,600,False,,[],0,0,neutral
949.jpg,/kaggle/input/mvsasingle/MVSA_Single/data/949.jpg,790,599,True,adid,"[{'x': 259, 'y': 230}, {'x': 287, 'y': 230}, {'x': 287, 'y': 243}, {'x': 259, 'y': 243}]",13,28,negative
95.jpg,/kaggle/input/mvsasingle/MVSA_Single/data/95.jpg,600,600,False,,[],0,0,negative
950.jpg,/kaggle/input/mvsasingle/MVSA_Single/data/950.jpg,600,600,True,"MIR
TA
MIR","[{'x': 167, 'y': 81}, {'x': 223, 'y': 81}, {'x': 223, 'y': 220}, {'x': 167, 'y': 220}]",139,56,negative
951.jpg,/kaggle/input/mvsasingle/MVSA_Single/data/951.jpg,566,566,True,"THERE IS A BATTLE OF TWO
WOLVES INSIDE US ALL.
ONE IS EVIL. IT IS ANGER, JEALOUSY, GREED,
RESENTMENT, LIES, INFERIORITY AND EGO.
THE OTHER IS GOOD. IT IS JOY, PEACE, LOVE, HOPE,
HUMILITY, KINDNESS, EMPATHY, AND TRUTH.
THE WOLF THAT WINS IS
THE ONE YOU FEED.
collective
CEEVOLUTION","[{'x': 52, 'y': 44}, {'x': 517, 'y': 44}, {'x': 517, 'y': 537}, {'x': 52, 'y': 537}]",493,465,negative
952.jpg,/kaggle/input/mvsasingle/MVSA_Single/data/952.jpg,454,600,True,www.jakophite.com,"[{'x': 149, 'y': 267}, {'x': 447, 'y': 267}, {'x': 447, 'y': 301}, {'x': 149, 'y': 301}]",34,298,negative
953.jpg,/kaggle/input/mvsasingle/MVSA_Single/data/953.jpg,600,600,False,,[],0,0,positive
954.jpg,/kaggle/input/mvsasingle/MVSA_Single/data/954.jpg,409,599,False,,[],0,0,positive
955.jpg,/kaggle/input/mvsasingle/MVSA_Single/data/955.jpg,168,299,False,,[],0,0,negative
956.jpg,/kaggle/input/mvsasingle/MVSA_Single/data/956.jpg,600,397,True,first-classescorts.com,"[{'x': 6, 'y': 380}, {'x': 385, 'y': 380}, {'x': 385, 'y': 423}, {'x': 6, 'y': 423}]",43,379,negative
957.jpg,/kaggle/input/mvsasingle/MVSA_Single/data/957.jpg,600,600,False,,[],0,0,negative
958.jpg,/kaggle/input/mvsasingle/MVSA_Single/data/958.jpg,337,599,False,,[],0,0,positive
959.jpg,/kaggle/input/mvsasingle/MVSA_Single/data/959.jpg,600,600,True,"FRIDAY THE
TH","[{'x': 121, 'y': 518}, {'x': 444, 'y': 518}, {'x': 444, 'y': 596}, {'x': 121, 'y': 596}]",78,323,positive
96.jpg,/kaggle/input/mvsasingle/MVSA_Single/data/96.jpg,378,570,True,"HOW
IT IS
Sweet
TO BE Loved
BY YOU","[{'x': 107, 'y': 111}, {'x': 298, 'y': 111}, {'x': 298, 'y': 260}, {'x': 107, 'y': 260}]",149,191,negative
960.jpg,/kaggle/input/mvsasingle/MVSA_Single/data/960.jpg,400,600,False,,[],0,0,negative
961.jpg,/kaggle/input/mvsasingle/MVSA_Single/data/961.jpg,347,600,True,"Did you know the impact of loneliness can....
Have the same impact on life expectancy as smoking 15 cigarettes a day
SPORTING
MEMORIES
Using memories of sport to tackle
dementia, depression and loneliness","[{'x': 13, 'y': 18}, {'x': 577, 'y': 18}, {'x': 577, 'y': 322}, {'x': 13, 'y': 322}]",304,564,positive
962.jpg,/kaggle/input/mvsasingle/MVSA_Single/data/962.jpg,286,181,False,,[],0,0,negative
963.jpg,/kaggle/input/mvsasingle/MVSA_Single/data/963.jpg,1024,576,True,"PHOTO
basketmouth
9h
1,681 likes
basketmouth The Potrait of a man that laughed
last.
view all 29 comments
vorubadboil When ur blessed a whole country will
Q","[{'x': 25, 'y': 29}, {'x': 563, 'y': 29}, {'x': 563, 'y': 1000}, {'x': 25, 'y': 1000}]",971,538,positive
964.jpg,/kaggle/input/mvsasingle/MVSA_Single/data/964.jpg,600,600,False,,[],0,0,positive
965.jpg,/kaggle/input/mvsasingle/MVSA_Single/data/965.jpg,332,440,True,"NEWS
NATION
4:58 PM
सबका राजा आर प्योर मसाला
मेरठ में हैवानियत
R-pure","[{'x': 35, 'y': 30}, {'x': 396, 'y': 30}, {'x': 396, 'y': 302}, {'x': 35, 'y': 302}]",272,361,negative
966.jpg,/kaggle/input/mvsasingle/MVSA_Single/data/966.jpg,450,600,False,,[],0,0,positive
967.jpg,/kaggle/input/mvsasingle/MVSA_Single/data/967.jpg,334,599,False,,[],0,0,neutral
968.jpg,/kaggle/input/mvsasingle/MVSA_Single/data/968.jpg,450,600,False,,[],0,0,positive
969.jpg,/kaggle/input/mvsasingle/MVSA_Single/data/969.jpg,450,600,True,"Sally tested and recommended to
CAUTION/WARNING
念與真經安全試驗。
RHA
告::
ested and recommended for children 3 years and de
比玩具組安全試驗,適合3歲或以上
asted and recommended for children 3 years and over
ON WARNING
PERHATIAN: Tak
注意/警告:可能含細小已有,不
elah diuj keamanannya untuk akus
CAUTION/WARNING: May contain small parts. Net intended for o
years and over
Noted for chicken unders
無使用。
「不要合3歲以下只童使用。
usia 3 tahun dan keatas
anak-anak usia di bawah 3 tahun
gian-bagian kecil
Peso Nasional Food
mat untukkanak 3
AN
kack
MG
4740
*使用。
gianngandungi bahagian-bahsde M
經安全,百合3歲或以
dak sesuai untuk kanak-kanak di bawah tahun
Dual Enton, Malaysia
รับเด็กอายุ 3 ขวบขึ้นไป
帳/廣告:可者含無小配件,不適合3維。
a untuk anak-anak un 3 bihun dan kes
Shatan Fak disarankan untuk anak-anak
ngin mengandung begian-bagian p
skinal Food-
kanak-kanak berumur 3
ngkin
-7643
dang bah
優
เค
M","[{'x': 0, 'y': 56}, {'x': 599, 'y': 56}, {'x': 599, 'y': 366}, {'x': 0, 'y': 366}]",310,599,negative
97.jpg,/kaggle/input/mvsasingle/MVSA_Single/data/97.jpg,366,599,False,,[],0,0,positive
970.jpg,/kaggle/input/mvsasingle/MVSA_Single/data/970.jpg,240,600,True,MIND THE GAP,"[{'x': 211, 'y': 108}, {'x': 403, 'y': 108}, {'x': 403, 'y': 127}, {'x': 211, 'y': 127}]",19,192,positive
971.jpg,/kaggle/input/mvsasingle/MVSA_Single/data/971.jpg,903,599,True,"Episode 8:
Melissa Walsh
NSPIRING
AWESOME","[{'x': 20, 'y': 32}, {'x': 583, 'y': 32}, {'x': 583, 'y': 864}, {'x': 20, 'y': 864}]",832,563,positive
972.jpg,/kaggle/input/mvsasingle/MVSA_Single/data/972.jpg,241,459,True,"Sentencing Today for Attempted Murder
> Damone Lewis","[{'x': 47, 'y': 23}, {'x': 403, 'y': 23}, {'x': 403, 'y': 206}, {'x': 47, 'y': 206}]",183,356,positive
973.jpg,/kaggle/input/mvsasingle/MVSA_Single/data/973.jpg,639,494,True,"ST
STEPHENS
TAVERN","[{'x': 74, 'y': 87}, {'x': 168, 'y': 87}, {'x': 168, 'y': 161}, {'x': 74, 'y': 161}]",74,94,positive
974.jpg,/kaggle/input/mvsasingle/MVSA_Single/data/974.jpg,877,584,False,,[],0,0,neutral
975.jpg,/kaggle/input/mvsasingle/MVSA_Single/data/975.jpg,337,599,True,SAMSUNG,"[{'x': 267, 'y': 159}, {'x': 336, 'y': 159}, {'x': 336, 'y': 180}, {'x': 267, 'y': 180}]",21,69,positive
976.jpg,/kaggle/input/mvsasingle/MVSA_Single/data/976.jpg,600,600,False,,[],0,0,neutral
977.jpg,/kaggle/input/mvsasingle/MVSA_Single/data/977.jpg,800,600,True,"Samen
insurgent
noun.
a rebel or revolutionary.","[{'x': 144, 'y': 423}, {'x': 540, 'y': 423}, {'x': 540, 'y': 702}, {'x': 144, 'y': 702}]",279,396,negative
978.jpg,/kaggle/input/mvsasingle/MVSA_Single/data/978.jpg,828,600,False,,[],0,0,negative
979.jpg,/kaggle/input/mvsasingle/MVSA_Single/data/979.jpg,480,493,True,THE CATZ REVIEW,"[{'x': 46, 'y': 381}, {'x': 420, 'y': 381}, {'x': 420, 'y': 410}, {'x': 46, 'y': 410}]",29,374,positive
98.jpg,/kaggle/input/mvsasingle/MVSA_Single/data/98.jpg,355,570,False,,[],0,0,negative
980.jpg,/kaggle/input/mvsasingle/MVSA_Single/data/980.jpg,900,600,True,"West 35th St
ONE JAY
111
NEW OPEN
CONE
1907","[{'x': 16, 'y': 131}, {'x': 599, 'y': 131}, {'x': 599, 'y': 656}, {'x': 16, 'y': 656}]",525,583,positive
981.jpg,/kaggle/input/mvsasingle/MVSA_Single/data/981.jpg,600,600,False,,[],0,0,negative
982.jpg,/kaggle/input/mvsasingle/MVSA_Single/data/982.jpg,403,599,True,Bejoys,"[{'x': 524, 'y': 377}, {'x': 598, 'y': 377}, {'x': 598, 'y': 402}, {'x': 524, 'y': 402}]",25,74,positive
983.jpg,/kaggle/input/mvsasingle/MVSA_Single/data/983.jpg,398,599,False,,[],0,0,negative
984.jpg,/kaggle/input/mvsasingle/MVSA_Single/data/984.jpg,187,598,True,COLORADO,"[{'x': 449, 'y': 18}, {'x': 478, 'y': 18}, {'x': 478, 'y': 22}, {'x': 449, 'y': 22}]",4,29,negative
985.jpg,/kaggle/input/mvsasingle/MVSA_Single/data/985.jpg,352,470,True,"CLICK HERE FULL RESOLUTION
HOTLINK PROTECTION ACTIVATED NOTE: Empty or Blank Referrals are not Allowed
It is not sufficient that I succeed -
all others must fail.
-Genghis Khan","[{'x': 3, 'y': 15}, {'x': 469, 'y': 15}, {'x': 469, 'y': 324}, {'x': 3, 'y': 324}]",309,466,positive
986.jpg,/kaggle/input/mvsasingle/MVSA_Single/data/986.jpg,900,600,False,,[],0,0,negative
987.jpg,/kaggle/input/mvsasingle/MVSA_Single/data/987.jpg,600,600,True,"liefje
O
W
R
2
x
V
H
u
WEEKLY PLANNER
ESDAY
WEDNESDAY
□","[{'x': 246, 'y': 215}, {'x': 582, 'y': 215}, {'x': 582, 'y': 385}, {'x': 246, 'y': 385}]",170,336,negative
988.jpg,/kaggle/input/mvsasingle/MVSA_Single/data/988.jpg,450,600,True,"PATRO
Farroll High Sch
YOU MATTER
The CouDELLORS BRINGE
FUN AND HAPPINESO TO THE
SCHOOL! THEY BRIGHTEN MY DAY
It is
DOVE
whsechat
week FEB. 2ND FEB. Scrowd
ASCAIS sechst
CARE
cscchat
CARE","[{'x': 212, 'y': 180}, {'x': 493, 'y': 180}, {'x': 493, 'y': 388}, {'x': 212, 'y': 388}]",208,281,negative
989.jpg,/kaggle/input/mvsasingle/MVSA_Single/data/989.jpg,600,600,True,"WHAT'S
LOVE
GOT TO DO
WITH IT?","[{'x': 118, 'y': 37}, {'x': 436, 'y': 37}, {'x': 436, 'y': 243}, {'x': 118, 'y': 243}]",206,318,positive
99.jpg,/kaggle/input/mvsasingle/MVSA_Single/data/99.jpg,1024,576,False,,[],0,0,positive
990.jpg,/kaggle/input/mvsasingle/MVSA_Single/data/990.jpg,450,600,True,ANDADDY,"[{'x': 281, 'y': 376}, {'x': 343, 'y': 376}, {'x': 343, 'y': 396}, {'x': 281, 'y': 396}]",20,62,positive
991.jpg,/kaggle/input/mvsasingle/MVSA_Single/data/991.jpg,448,395,False,,[],0,0,positive
992.jpg,/kaggle/input/mvsasingle/MVSA_Single/data/992.jpg,300,600,True,"THAT REF MAKES ME WANT TO
SCREAM!
#ANGER","[{'x': 27, 'y': 17}, {'x': 572, 'y': 17}, {'x': 572, 'y': 289}, {'x': 27, 'y': 289}]",272,545,neutral
993.jpg,/kaggle/input/mvsasingle/MVSA_Single/data/993.jpg,450,600,False,,[],0,0,negative
994.jpg,/kaggle/input/mvsasingle/MVSA_Single/data/994.jpg,600,600,True,TBP,"[{'x': 138, 'y': 111}, {'x': 155, 'y': 111}, {'x': 155, 'y': 125}, {'x': 138, 'y': 125}]",14,17,negative
995.jpg,/kaggle/input/mvsasingle/MVSA_Single/data/995.jpg,65,65,False,,[],0,0,positive
996.jpg,/kaggle/input/mvsasingle/MVSA_Single/data/996.jpg,800,600,True,SL,"[{'x': 319, 'y': 638}, {'x': 376, 'y': 638}, {'x': 376, 'y': 681}, {'x': 319, 'y': 681}]",43,57,neutral
997.jpg,/kaggle/input/mvsasingle/MVSA_Single/data/997.jpg,600,600,False,,[],0,0,positive
998.jpg,/kaggle/input/mvsasingle/MVSA_Single/data/998.jpg,1024,577,False,,[],0,0,positive
999.jpg,/kaggle/input/mvsasingle/MVSA_Single/data/999.jpg,437,435,True,"Remediosherbales
Remedios caseros y naturales y terapias alternativas","[{'x': 29, 'y': 39}, {'x': 406, 'y': 39}, {'x': 406, 'y': 84}, {'x': 29, 'y': 84}]",45,377,positive
