filename,true_label,pred_label,confidence,text_source,alpha,extracted_text
neutral_736.jpg,Neutral,Neutral,0.8415574,OCR,0.5,"BACKROOMS
100+ Levels"
neutral_678.jpg,Neutral,Neutral,0.8334006,OCR,0.5,"Did You Know?
A spark of static electricity
can measure up to 3,000
volts.
Quail
ELECTRONICS"
neutral_717.jpg,Neutral,Neutral,0.9021013,OCR,0.5,"+ SHAPES
El.
Elanguages
circle
triangle
rectangle
oval
heart
square
pentagon
hexagon
heptagon
octagon parallelogram right triangle
+
star
drop
cross
cube
cone
cylinder"
negative_759.jpg,Negative,Negative,0.95506656,OCR,0.5,"INV
Maharashtra: Fire
breaks out in 5-storey
building in Mumbai's
Jhaveri Bazar area"
positive_158.jpeg,Positive,Positive,0.9115876,OCR,0.5,"Rabindranath
Tagore Jayanti
Best Birthday Wishes
CBestmessage.org"
negative_629.jpeg,Negative,Negative,0.9652873,OCR,0.5,"Cyclone Amphan
causes widespread
destruction in West Bengal
PTC
NEWS"
negative_729.jpg,Negative,Negative,0.9458952,OCR,0.5,"GOVT DEPLOYS FORCES
AHEAD OF LANDFALL
TIMES
NOW"
neutral_727.jpg,Neutral,Neutral,0.8065151,OCR,0.5,The Spartan Training System
neutral_213.jpg,Neutral,Neutral,0.9259286,OCR,0.5,"CREATING A
FACEBOOK
POST
Ir's
WORLD
REFUGEE
CHRISTMAS
Canva
Votional lood
Tea Day
FREAKY
FRIDAY"
negative_782.jpg,Negative,Negative,0.9785719,OCR,0.5,"SEOUL SHANTY
TOWN FIRE
18
NEWS
Click"
neutral_808.jpg,Neutral,Neutral,0.79851615,OCR,0.5,"HOW JAPAN BEGAN
2000BC 248 604 1000 1274"
negative_476.jpeg,Negative,Negative,0.97508574,OCR,0.5,KERALA FLOODS
negative_188.jpg,Negative,Negative,0.9686822,OCR,0.5,"R. FIRE IN MUMBAI HIGH RISE
R. ALISHA LIVE FROM TARDEO, MUMBAI
REPUBLIC."
neutral_900.jpg,Neutral,Neutral,0.88054335,OCR,0.5,"BREAKING
THE
SOUND
BARRIER
TEDED"
neutral_198.jpg,Neutral,Neutral,0.803188,OCR,0.5,"FUNKAARIYAN
Help
me
i am
huawei
user"
positive_984.jpg,Positive,Positive,0.9688195,OCR,0.5,"The two
most important
days in your
life are the
day you
are born
and the day
you find
out why.
Mark Twain
List Inspire"
positive_301.jpeg,Positive,Positive,0.96064454,OCR,0.5,"Do not worry about anything because
there is nothing that belongs to you.
Everything is temporary.
~Adeep"
neutral_119.jpeg,Neutral,Neutral,0.79703707,OCR,0.5,"Bodybuilder
Programmer"
neutral_824.jpg,Neutral,Neutral,0.7168932,OCR,0.5,"VIKING BRITAIN
HOW ENGLAND
WAS MADE
865-937"
positive_525.jpeg,Positive,Positive,0.6872401,OCR,0.5,"HRDC
PROFESSIONAL
She supported him when
he had nothing
Pov
Star
Av
Now she is with him when
he has everything
This is how you define the
loyalty of a woman"
neutral_414.jpeg,Neutral,Neutral,0.9173256,OCR,0.5,"This guy knows all
our secrets
18
Sarcasm"
positive_223.jpeg,Positive,Positive,0.98691154,OCR,0.5,"When
you wish good for
others, good things
come back to you.
This is the law
of nature.
(Wonders Dairy)"
positive_297.jpeg,Positive,Positive,0.97408605,OCR,0.5,"Don't pretend to be a good person
Just be who you are.
~Adeep"
positive_728.jpg,Positive,Positive,0.9807277,OCR,0.5,"m3
ल
m
The art of
being happy is
to be satisfied
with what you
have."
neutral_485.jpeg,Neutral,Neutral,0.7499094,OCR,0.5,"I ran out of treats.
He is inconsolable."
negative_875.jpg,Negative,Negative,0.91093266,OCR,0.5,"INDIAN-ORIGIN GANGS OF CANADA:
DRUGS, MURDERS & POLITICS
WION
DARK WORLD
Global Crime Series"
neutral_930.jpg,Neutral,Neutral,0.6436393,OCR,0.5,"Pla
PLAZA
ALMENGO
Flaza
PLAZA
ALBERGO
SPLENDIDO
STORANTE
Plaza
GUCCI"
neutral_863.jpg,Neutral,Neutral,0.91549134,OCR,0.5,"THE HISTORY OF THE WORLD
ACCORDING TO
CATS
MA
TEDED"
positive_1012.jpg,Positive,Positive,0.9808273,OCR,0.5,"HAPPINESS IS
JUST A MOOD
""POSITIVITY""
IS A MINDSET
WWW.GIRLBOSSVIBES.COM"
neutral_437.jpeg,Neutral,Neutral,0.51345646,OCR,0.5,"My girl mad at me
for something
Me thinking about
how cute she looks
when angry"
negative_853.jpg,Negative,Negative,0.95103395,OCR,0.5,"DISASTROUS
DELUGE
9
NEWS
ED"
neutral_105.jpeg,Neutral,Neutral,0.55443186,BLIP,0.5,a man sitting on a rock in front of a waterfall
positive_249.jpg,Positive,Positive,0.952474,OCR,0.5,"Risking is better
than regretting.
- Via (Dark Secrets)"
positive_226.jpeg,Positive,Positive,0.68584156,OCR,0.5,"DON'T WASTE
FOOD
I CAN'T
EAT
EVERYTHING
I WILL
EAT
ANYTHING
Ig @being limitless_
DON'T WASTE FOOD!"
positive_787.jpg,Positive,Positive,0.9038838,OCR,0.5,"GO WHERE
YOU FEEL THE
MOST ALIVE
shutterstock.com .2199325451"
neutral_494.jpeg,Neutral,Neutral,0.92524576,OCR,0.5,"Incoming Valentine's
Day messages
Single people
00039"
negative_620.jpeg,Negative,Negative,0.94852793,OCR,0.5,"INDIA BOWS TO INDIA BOWS TO ITALIAN PRESSURE newsX
ITALY
LIVE-07-Feb
India surrenders to Italy in the fishermen
murder case
BREAKING NEWS
INDIA SURRENDERS TO ITALY
MEA HAD OPPOSED THE DEATH PENALTY CITING
TREATY WITH ITALY"
neutral_381.jpg,Neutral,Neutral,0.92164934,OCR,0.5,"class Solution {
public:
long long maxMatrixSum(vector<vector<int>>& matrix) {
int n=matrix.size();
long long res=0;
int neg=0;
int smallNeg=INT_MAX;
for(int i=0;i<n;i++){
for(int j=0;j<n;j++){
if(matrix[i][j]<0) {
}
}
}
neg++;
smallNeg-min(smallNeg, abs (matrix[i][j]));
res+=abs (matrix[i][j]);
if(neg%2==0){
}
return res;
else{
// cout<<""smallNeg- ""<<smallNeg;
return res-smallNeg-smallNeg;
}
};"
positive_649.jpg,Positive,Negative,0.89771485,OCR,0.5,"""All the News
We Hope to Print
VOL CLVI..No. 54,631
The New York Times
Nation Sets Its Sights on
NEW YORK, SATURDAY, JULY 4, 2009
Special Edition
FREE
Building Sane Economy IRAQ WAR ENDS
True Cost Tax, Salary Caps, Trust Busting Top List
The bedr
Troops to Return
Immediately
mander ""True Cost Account
gaphand withdrawal from
Try bill seeks to
property of all cr
Much so, aber the
G Depoput the bra
Why SwNancy whop
Maximum Wage TREASURY
Law Succeeds ANNOUNCES
Salary Caps Will Help
Stabilize Economy
By JE MALONE
C.S. Arap helicopters begin moving to and from Ha's former place
""TRUE COST"" cabers Train for New Life USA Patriot Act Repel
TAX PLAN
By MARCUS
Ex-Secretary
Apologizes for
W.M.D. Scare
WANTON
Op
Det
D
""This is the best a
withdrew from"
neutral_192.jpeg,Neutral,Neutral,0.7052028,OCR,0.5,"THIS IS ME WAITING
FOR THE PRIVILEGES OF
BEING WHITE"
positive_371.png,Positive,Positive,0.8947789,OCR,0.5,Happy Valentine's Day
neutral_782.jpg,Neutral,Neutral,0.92636764,OCR,0.5,"OVER
25 Million
VIEWS
¿(M)
Python in 4 hours
Full Course"
positive_434.jpeg,Positive,Positive,0.9202634,OCR,0.5,"LIFEMELLO
BE CAREFUL
WHO YOU TRUST.
THE DEVIL WAS ONCE
AN ANGEL"
negative_044.jpg,Negative,Negative,0.96000504,BLIP,0.5,a woman and child walk through a rubble - strewn street in the old city of dhaka
negative_379.jpg,Negative,Negative,0.9690615,OCR,0.5,"IN THE ASSEMBLY
Jadeja: 14,702 suicide cases
registered in last two years
EXPRESS NEWS SERVICE
AHMEDABAD, MARCH 2
DATA ON crime tabled by the state
Home ministry in the Assembly
Monday in response to questions
raised by Congress MLAs stated
that a total of 14,702 cases of sui-
cide were registered in Gujarat in
the last two years, suggesting that
on an average nearly 20 persons
took their lives every day.
Congress leader Paresh
Dhanani tried to corner the gov-
ernment alleging that it was
clubbing suicides under 'unnat-
ural deaths' in order to show
""control"" in the number of sui-
cide cases, and sought details on
whether those who committed
suicide were farmers. Of the
88,081 unnatural death cases
registered in last two years,
14,702 were suicide cases.
GUJARAT
ASSEMBLY
Home minister Pradeepsinh
Jadeja said that Dhanani's ques-
tion had a 'rajkiya badboo' (po-
litical intent) and informed the
House that ""if agriculture is
mentioned as the profession in
the FIR registered in cases of sui-
cides, it is not correct to consider
these happened because of agri-
culture related issues. A package
of Rs 3,795 crore has been de-
clared by the state government
for the farmers"".
Jadeja also said that suicide
due to crop failure was negligible
in the state. Giving reasons for
these unnatural deaths, Jadeja
told the House during question
hour on Monday that there are
several reasons, including exam
result-related stress, financial
problems, illness or mental illness,
marriage or family-related issues,
that can drive a person to take the
extreme step.
Responding to a written ques-
tion raised by Kalabhai Dabhi,
Congress MLA from Kapadvanj
constituency in Kheda district
pertaining to suicide cases
recorded in Kheda and Anand,
Jadeja said that not a single case
of agrarian distress or unemploy-
ment-related suicide have been
recorded in these two districts.
""There is not a single case in
Kheda and Anand districts
where a person committed sui-
cide due to agriculture related is-
sues or unemployment.""
The highest number of sui-
cide cases in 2018 and 2019 have
been recorded in Surat (2,153)
followed by Ahmedabad (1,941)
and Rajkot (1,651), as per data
tabled in the House.
Stating that Gujarat is a pros-
perous state which tops the coun-
try in terms of employment,
Jadeja also said that there is not a
single case of suicide due to un-
employment reported.
Further, the data reveals that
2,034 murder cases were
recorded in the last two years in
Gujarat which means on an aver-
age 2-3 cases were reported
everyday. Besides, 2,720 rape
cases were also reported during
the same period.
Further, a total of 3,305 cases
of rioting have been registered in
last two years with Ahmedabad
leading the list with 408 cases, fol-
lowed by Surat (277), Vadodara
(215) and Bhavnagar (203)."
neutral_107.jpeg,Neutral,Neutral,0.93505406,OCR,0.5,"We found him
Junior
Kitten
Beef Rind
Bauf-Rund
Hanzo Oxe/Okse
Hardd Wolowing
Whiskas"
neutral_504.jpeg,Neutral,Neutral,0.899907,OCR,0.5,"you having your busy time:
me patiently waiting:"
neutral_407.jpeg,Neutral,Neutral,0.7354699,OCR,0.5,"SINN
VOLL
LOS"
neutral_875.jpg,Neutral,Neutral,0.92798233,OCR,0.5,"TEDED
TALTIME
MANAGEMENT"
neutral_146.png,Neutral,Neutral,0.8950172,OCR,0.5,"LESSOR
VS
LESSEE
A lease agreement is an arrangement between two parties - lessor vs
lessee
LESSOR
The one who gives his place on rent
to a lessee is called a LESSOR.
LESSEE
A LESSEE is a person who takes a
place may it be a bungalow an
apartment, on rent."
negative_130.jpeg,Negative,Negative,0.98986983,OCR,0.5,"GREAT FALLS
TRIBUNE
SPECIAL E
Bloody terror
Thousands feared dead in word terorist attack ever
M"
positive_041.jpeg,Positive,Positive,0.8495567,OCR,0.5,"You cannot teach a man
anything; you can only
help him find it within
himself.
-Galileo Galilei"
neutral_069.jpeg,Neutral,Neutral,0.913905,OCR,0.5,"I LOVE MANGO?
I LOVE APPLE?"
negative_404.jpeg,Negative,Negative,0.9752859,OCR,0.5,"DISASTER
dreamstimea
BREAKING NEWS
COVID-19"
positive_064.jpeg,Positive,Positive,0.7695897,OCR,0.5,Good News!
negative_343.jpeg,Negative,Negative,0.97266686,OCR,0.5,"Girl, 14, Suicide
By Gas in Home
The death of Ann Coady,
14,
whe body was found Monday
night in the gas filled living room
of her home at 27 Commerce St,
was recorded as a suicide by police
yesterday, though no motive could
be learned for her action
Cas was pouring from four Jets
of a range and Ann's body lay on
the floor, when her brother, Robert.
15. returned to the apartment they
shared with their mother, Cather-
ine, a widow. A police emergency
squad tried vainly to revive the
girl with way.
No nutes were found.
Almost 100 cartoons in the
hook of The Neighbors."" On sale
mall ar at The Sews Information
Bareas for the
WANTED
BLOOD DONORS
P.M..
P. M.
Cash Purchase
o SHARP & DOHME
326 East 39th St. Sad As"
negative_364.jpg,Negative,Negative,0.9334612,OCR,0.5,"WORLD'S NEWS
When will
пс
NEW DELHI
a coronavirus
vaccine be ready?
Even at their most effective and
draconian-containment strategies
have only slowed the spread of the
respiratory disease Covid-19. With
the World Health Organization
finally declaring a pandemic, all eyes
have turned to the prospect of a
vaccine, because only a vaccine can
prevent people from getting sick.
About 35 companies and academic
titutions are racing to create such
at least four of which
they have
BELING
с
AMSTERDAM
GLOBAL PANDEMIC ALARM! Coronavirus Cases:
COVID-19
The disease was first identified in December 2019 in Wuhan, the capital of China's
Hubei province, and has since spread globally, resulting in the ongoing 2019-20
coronavirus pandemic. In the days and weeks ahead, we expect to see the number of
cases, the number of deaths, and the number of affected countries climb even higher
Active Cases
1001615
Closed Cases
610577
1554R7
Total Death
Hecovered
Total Cases
More Bad Information
There are rapidly growing numbers
of cases in many countries, and many
countries in Europe have already
reported nation-wide community"
positive_764.jpg,Positive,Positive,0.89423823,OCR,0.5,"pik
freepik
freepik
freepik
THOUGHTS
GROW
*
POS
freepik"
negative_225.jpg,Negative,Negative,0.96652746,OCR,0.5,"RUSSIAN MISSILES STRIKE KYIV SHOPPING CENTRE
AT LEAST 8 KILLED"
negative_810.jpg,Negative,Negative,0.870805,OCR,0.5,"1.00
CCTV INDIA
TODAY
2022
VK BHAWRA
ANI
DGP PUNJAB
MOOSEWALA'S CAR
MOMENTS BEFORE GETTING SHOT
INDIA"
neutral_109.jpeg,Neutral,Neutral,0.8686848,OCR,0.5,"H
M
C
3
M
W
OM
哋?
SPI
M
H
M
НИ
CM
C
M
HC"
negative_651.jpg,Negative,Negative,0.5809512,OCR,0.5,"Hurt
Some people hurt by words
some by actions and
some by silence
But the biggest hurt is
that someone ignoring us when
we value them alot
(heart Broken Words)"
positive_417.png,Positive,Positive,0.6504004,OCR,0.5,"f
We hope you had a great birthday, Pietro!
Here's a video we made for you with some
birthday posts from your friends."
positive_922.jpg,Positive,Positive,0.8834094,OCR,0.5,"115
You Mean
The World
To Me
Quotes
www.LUVZE.com"
negative_780.jpg,Negative,Negative,0.95606923,OCR,0.5,"| NEWS
This Uttarakhand minister tried to
put out a forest fire with a bush"
negative_695.jpg,Negative,Negative,0.5311728,OCR,0.5,"Fear is the path to the dark
side. Fear leads to anger.
Anger leads to hate. Hate
leads to suffering.
- Yoda"
positive_901.jpg,Positive,Positive,0.88954234,OCR,0.5,"HAPPY
66
THER
HAPPY L
FATHER'S
DAY
F
DA"
negative_140.jpg,Negative,Neutral,0.44823408,BLIP,0.5,a large black stone
neutral_838.jpg,Neutral,Neutral,0.8912355,OCR,0.5,"TEDED
WHY DO CATS
DO THAT?"
positive_733.jpg,Positive,Positive,0.97126424,OCR,0.5,"""Being Happy
Never Goes
Out of Style""
Lilly Pulitzer"
neutral_170.png,Neutral,Neutral,0.8372896,OCR,0.5,"THE
BEST
TV AD'S"
neutral_558.jpg,Neutral,Neutral,0.8562894,OCR,0.5,"FACEBOOK AND
INSTAGRAM GO DOWN
DIDN'T EVEN
NOTICE
It Feels Like Victory"
neutral_449.jpg,Neutral,Neutral,0.6660056,OCR,0.5,"f LIVE
STAY TUNED
TODAY
10PM
with Naeem Mohaimeen
Social Media Marketing Expert
f yourfb yourlg"
neutral_228.jpeg,Neutral,Neutral,0.93600774,OCR,0.5,"aka Types Arith
ernary Operator Arrays Fo
pop Do While Loop User In
tringLEARN C++
ecurs
10 Exception
IN ONE VIDEO
lass Objects Private Public
rototypes Static Encapsul
onstructors Destructors T
2:52/35040:04"
positive_776.jpg,Positive,Positive,0.79393315,OCR,0.5,"STOCK
BIGS
BIGST
BIG
STOCK
BIGST
THE BEST
BIG
STOCK
BIGSTOCK
BIG
BIGSTOCK
VIEW
COMES
BIG
AFTER
BIGSTOCK
MOCK
THE
BIG
BIGSTOCK
BIG
HARDEST
BIGSTOCK
CLIMB
BIGS
BIGSTOCK
BIGSTOCK
Image ID: 385623743
bigstock.com
BIGSTOCK"
positive_618.jpeg,Positive,Positive,0.94861317,OCR,0.5,"Conceive. Believe. Achieve.
If your mind can conceive and
your heart believes it then you
can achieve it.
- Via (Dark Secrets)"
neutral_022.jpg,Neutral,Neutral,0.92066675,OCR,0.5,"ghost mom
@radtoria
Following
My cat learned he could scoop up food with his
cone and stole my damn taco when I wasn't
looking
RETWEETS LIKES
5,633 10,834
RW"
neutral_751.jpg,Neutral,Neutral,0.71550906,OCR,0.5,"WHY
TEDED
DO WE
DREAM?"
negative_864.jpg,Negative,Negative,0.9694613,OCR,0.5,"KHA
MAN BEHIND ATTACK ON INDIAN
EMBASSY IN LONDON DEAD
HT"
negative_352.jpeg,Negative,Negative,0.92778194,OCR,0.5,"INDIA
TODAY
CORONA
BREAKING
FIRST DEATH
DUE TO JAB"
positive_994.jpg,Positive,Positive,0.90772164,OCR,0.5,"Your best teacher is
your last mistake.
DreamsQuote.Com"
negative_171.jpg,Negative,Negative,0.9040443,OCR,0.5,"NEW ZEALAND
TSUNAMI
NEWS"
positive_893.jpg,Positive,Positive,0.6000096,OCR,0.5,"7 Best
Texts To
Make
Her DAY!"
neutral_017.jpg,Neutral,Neutral,0.9154893,OCR,0.5,"2
234
4
<import yoruba from %Nigeria//>
<! YORUBATYPE html>
<ori>
<oruko>%>ede programming titun ti yoruba
</oruko%>
</ori>
5
6
<ara%>
7
8
9
10
<ori alakoko>Omo yoruba atata ni mi</ori>
</ara%\\>
<eso%>
ori alakoko {
11
titobi: 50px;
12
13
}
14
15
16
sisanra: 10px;
</eso\\%>
<lati owo @ronniepaul ni ede programming yi
ti seyo%//>
// ese pupo \\"
negative_585.jpg,Negative,Negative,0.68422353,OCR,0.5,"BEAR PATROL
Igl@being limitless.
I'M NOT CROSSING THE
ROAD. THE ROAD IS
CROSSING MY FOREST."
negative_262.jpg,Negative,Negative,0.9399502,OCR,0.5,"BREAKING NEWS
TODAY
DELHI BUILDING COLLAPSE
4-STOREY COLLAPSES IN NORTH DELHI
2
GOVT: READY TO CREATE PANEL
TO PROBE PEGASUS ROW"
neutral_563.jpeg,Neutral,Neutral,0.93064654,OCR,0.5,"FEBRUARY 15
OTHERS WALLET
PROGRAMMERS"
neutral_774.jpg,Neutral,Neutral,0.9124031,OCR,0.5,"Potato Spiral
Cutter"
negative_834.jpg,Negative,Negative,0.9156234,OCR,0.5,"FLOODED
COUNTY
OF SONOMA
CALIFORNIA
HEAVY SNOWFALL & RAIN"
negative_692.jpg,Negative,Negative,0.5573361,OCR,0.5,"Sometimes, Crying
is the only way your
eyes speak when
your mouth can't
explain how broken
your heart is."
positive_588.jpeg,Positive,Positive,0.90974116,OCR,0.5,"HAPPY
MOTHER'S
DAY
MAY 2020
Sending love and hugs across
the miles to the best Mom ever.
www.website.com
Your
Logo"
negative_587.jpg,Negative,Negative,0.55677533,OCR,0.5,"successpictures
@successpictures
Some people
just act like
they are
trying to
help you...
@successpictures"
neutral_681.jpg,Neutral,Neutral,0.93556464,OCR,0.5,"D
PICCOLO
EXPLORER
BOOKS
50 FACTS
ABOUT
ELECTRONICS
Know the facts, then try out
your knowledge on the
Games and Puzzles!"
positive_207.jpeg,Positive,Positive,0.72632015,OCR,0.5,"No city celebrates Durga Puja
like Kolkata"
negative_024.jpg,Negative,Negative,0.7723315,BLIP,0.5,people are gathered around a muddy puddle
neutral_621.jpeg,Neutral,Neutral,0.59869814,OCR,0.5,"Sale=
$25 off every $100* you spend on anything in the store.
Friday & Saturday November 27-28 @
Sailing Supply/Downwind Marine
SPEND
HARDWARE,
SAVE
$100
CLOTHING,
$25
BOOKS,
$200
ROPE.
$50
PFD'S,
$300
$75
AND
$400
MORE!!
$100
DOWNWIND
**SALE IS BASED ON RETAIL PRICING ONLY AND DOES NOT APPLY TO
ANY IN-HOUSE ACCOUNTS OR ONLINE PURCHASES."""
positive_454.jpeg,Positive,Positive,0.9441698,OCR,0.5,"We always work for a better
tomorrow. But when tomorrow
comes, instead of enjoying, we again
think of a better tomorrow!
Let's have a better today.
@successpictures
@successpictures"
positive_513.jpeg,Positive,Positive,0.5225375,OCR,0.5,"RVC rvcjinsta
RVCJ
www.EVCI.COM
20-YEAR OLD PRIYANJALI GUPTA
FROM DELHI CREATES AN AI MODEL THAT
CAN UNDERSTAND SIGN LANGUAGE
hello: 63%
RVCJ
WWW.AVC.COM
iloveyou: 100%
""THE MODEL TRANSLATES A FEW ASL SIGNS TO
ENGLISH USING TRANSFER LEARNING FROM
PRETRAINED ssd_mobilenet MODEL,"" SHE SAID
IT ANALYSES MOTIONS TO CONVERT SIGN
LANGUAGE TO ENGLISH. WONDERFUL
RVCJ Media
Google Play"
positive_780.jpg,Positive,Positive,0.9088863,OCR,0.5,"66
""It's failure that gives you
the proper perspective on
success.""
Ellen DeGeneres"
negative_377.jpeg,Negative,Negative,0.89183164,OCR,0.5,"U.S. DETECTS ATOMIC BLAST IN RUSSIA
THE GAMBLE IN
CZECHOSLOVAKIA
WAR AND POLITICS
Tanks surround them
but they still cry resist
Wall That Divides the World
WELFARE CAPITALISM
Coming Test
and Oppket
THE WAR, UNFORTUNATELY,
WAS NEVER LIKE THIS
WORLD SPIN KALLIES FOR SPEZ PEACE
Cold War
OUR COMMUNIST ALLV
DEALING
WITH THE
DEADLY CRISIS
dreamstime.com
Hopes dulled
by specters
of despair
THE END OF
THE BEGINNING
RISANS WAGE PREPLANDA BASTLE N
CONVUON"
negative_800.jpg,Negative,Negative,0.71533597,OCR,0.5,"In war there is no
PRIZE
for runner-up
2
General Omar Bradley via Gecko&Fly"
negative_558.jpg,Negative,Negative,0.8272841,OCR,0.5,"Forwarded
Pass it Please
Good news, Wuhan's corona virus can
be cured by one bowl of freshly boiled
garlic water.
Old Chinese doctor has proven it's
efficacy. Many patients has also proven
this to be effective. Eight (8) cloves of
chopped garlics add seven (7)cups of
water and bring to boil., Eat and drink
the boiled garlic water, overnight
improvement and healing. Glad to share
this.
2:56 PM
Forwarded
Apart from Bongs, everyone else needs to take
precaution against Corona virus. It will not affect
Bongs much because, since childhood, we are
immune to 'Corona'
Eta Corona
Ota Corona
Birokto Corona
Bandrami Corona
Jhogra Corona
Maramari Corona
Dustumi Corona
Besi Nachanachi Corona
and so on....
So bongs, just chill
11:25"
neutral_593.jpeg,Neutral,Neutral,0.8231015,OCR,0.5,"1st rule of Programming:
If it works....don't touch it!.."
negative_509.jpeg,Negative,Negative,0.9242844,OCR,0.5,"MORNING
P
ATERSON'S
RINCIPAL
APER
THE
C
OUSES ON EASTSIDE WRECKED BY E
RADICALS LAUNCH REIGN OF T
mal Machines Damage Homes SCHOOL TEACHERS
of Prominent Men in
Eight Cities.
IN PALMER'S RESIDENCE
ORGANIZE UNION
JW Ann Felste
Tacter
AFL
AUSTRIA PLEADS FOR LAST
PEACE BASED ON RIGHT 78
Rey, After Being Basic Ten from is, Asks Ass
Mest Rece Hangry and Colonial Prosessions and
Neyo Mel Artemide Yr
Sant"
negative_081.jpg,Negative,Negative,0.9556781,OCR,0.5,EARTHQUAKE
neutral_944.png,Neutral,Neutral,0.849579,OCR,0.5,"NN
New Normal"
neutral_176.png,Neutral,Neutral,0.93034613,OCR,0.5,"Did You Know
x
The longest I've gone
without sleep is...
← Back
Answer
New"
neutral_812.jpg,Neutral,Neutral,0.85343325,OCR,0.5,"8=1/√5Z
Gmm
THE HISTORY OF
MATHEMATICS"
neutral_154.png,Neutral,Neutral,0.9579574,OCR,0.5,"Terminal
P@Geeks :~$
Programming
Gecks"
neutral_912.jpg,Neutral,Neutral,0.7811503,OCR,0.5,"BATTERY+B
ENERGY DOESN'T
FLOW IN WIRES
I"
negative_749.jpg,Negative,Negative,0.8804269,OCR,0.5,"PUTIN ‣LIVE
UNLEASHES
2,00,000
MEN
NEWS 18"
positive_1005.jpg,Positive,Positive,0.945819,OCR,0.5,"let your
faith
be
bggon
than your
fear"
positive_581.jpeg,Positive,Positive,0.91809446,OCR,0.5,"shaadicelebration
shaadicelebration.kolkata
Shaadi
Celebration
Team
Shandi Celebration
wishing you all
Diwali
+31 7435454671
+31 6420588130"
positive_786.jpg,Positive,Positive,0.96890867,OCR,0.5,"*
TECHWEK.COM
""It's a new day!
I will win,
strive and
conquer."""
negative_331.jpeg,Negative,Negative,0.96990293,OCR,0.5,"Car Collision Kills
Actor James Dean
Turnipseed received minor in
juries
PASO ROBLES, Calif. (UP)
James Dean, 24-year-old film star
was killed early Friday night in A hospital doctor said Dean died
head-on collision of his German
sports car some 30 miles east of instantly and put the time of death
here.
at about 5:40 pm. He said the
Dean, who shot to prominence actor's body was terribly bat
in the film version of John Stein- tered"", by the impact and that be
back's East of Eden, died instand-affered a broken neck, numerous
ly when his Porsche racing cur broken bones, and cuts and
crashed into a sedan at a highway
intersection near the small Central The collision threw Dean's sports
California community of Chlame car 130 feet down the highway, the
The highway patrol said the CHP said
bruises.
driver of the second car. Donald Sanford Roth, Warner Brothers
Turnipseed, 2, of Tulare, Calif. still photographer, said he was fol
attempted to turn left in front of wing Dean's car a few miles be
Dean and the vehicles crashed hind. He said neither be nor his
head-en, some 150 miles north of passenger, Bill Hickman, of Metro-"
positive_648.jpg,Positive,Positive,0.5372952,OCR,0.5,"y being
one who
and vow
ty
Toppy at
al.co.uk
EXMOUTH JOURNAL
Take a paws to help
guide dog charity
A WITINYCOMBE woman is asking
other dog lovers and their pets to
Join her on a fundraising walk in
aid of guide dogs.
Laura Waddell, 24, of Denmark
Road is organising the walk as
part of Guide Dogs for the Blind's
national Go Walkies event
The walk will be along the Exmouth
to Budleigh cycle track, and art
from the bridge in Capel Lane at
10am on May 18
There will be goody bags at the
end for all those taking part, as well
as a chance to win a six month sup
ply of Eukanuba dog food.
Laura will be doing the walk with
ber seven-year-old beagle Amber,
and wants as many dogs and their
owners as possible to join them
She said ""Guide Dogs for the
do an amazing job
I see a lot of the training pups
around town with their volunteering
trainers, as well as guide dogs with
their owners who make a real differ
ence to their lives
Doing this walk will hopefully
raise some money but also aware
ness about how de changing the
dogs are in this charity. Also I just
the dog walkers on the day to
IN
EXH
SHOUTH
since
1858
JOURNAL
Dean Road resident Laura Wade is gang og was part of the Guide
some bind Go was even on Saturday May 18 Laure is pred
with her dog Aniber and the was will start at 10am from the cycle path on Capel Lane
to Budleigh Salterton and back Photo by Simon Hom Ref exe 3083-16 134
have a fun time together
book page at www.facebook.com/
Anyone who would lie to join events/300668706228406
To sponsor the walken, visit
admin http://uk.virginmoneygiving.com/
team/ExmouthGoWas
Laura on the walk can contact be
by emailing
con, or can visit the event's Face
THE
cha"
positive_535.jpeg,Positive,Positive,0.89959264,OCR,0.5,"Be kind, don't judge, and
have respect for others.
@successpictures
@successpictures
@successpictures"
neutral_140.jpeg,Neutral,Neutral,0.92796147,OCR,0.5,Your Ad Here
positive_070.png,Positive,Positive,0.6519772,OCR,0.5,The Ministry of Good News
negative_278.jpeg,Negative,Negative,0.9045137,OCR,0.5,"ARREST IN RANJITH
SREENIVASAN'S MURDER"
positive_645.jpg,Positive,Positive,0.9887302,OCR,0.5,"Start smiling from the
heart it will make
your life more
beautiful and happy.
DreamsQuote.Com"
neutral_802.jpg,Neutral,Neutral,0.8176235,OCR,0.5,"C
CCO
60
CODING
MUSIC
HACKER CHILLSTEP
னை"
neutral_343.jpeg,Neutral,Neutral,0.91071093,OCR,0.5,"When you keep singing love songs.
Mom:"
positive_841.jpg,Positive,Positive,0.95356303,OCR,0.5,"a smile is the best
makeup any girl can
wear
-Marilyn Monroe
Quotesjin.Com"
negative_907.jpg,Negative,Negative,0.9538981,OCR,0.5,GRIME SCENE
neutral_313.jpeg,Neutral,Neutral,0.7406584,OCR,0.5,"Medical Students
Don't work hard, work with intelligence...
laughingcolours.com
Engineering Student"
neutral_946.png,Neutral,Neutral,0.7670608,OCR,0.5,"celio
be normal.*"
positive_488.jpeg,Positive,Positive,0.50902873,OCR,0.5,"when you write 10
lines of code without
searching on Google
It ain't much, but it's honest work,"
negative_474.jpeg,Negative,Negative,0.9164686,OCR,0.5,"WE ARE LOOKING FOR
EYEWITNESSES SO THAT THE WHOLE
WORLD KNOWS THE TRUTH!
CLIMATE IS CHANGING
If you are an eyewitness of a climate disaster.
please, contact us and share your story!
climate@creativesociety.com"
neutral_219.jpg,Neutral,Positive,0.46518323,OCR,0.5,"tell
One day you will
you've overcome what
your story of how
you are going through
now, and it will become
part of someone else's
survival guide.
LIFERHINO
LET NOTHING STAND IN YOUR WAY"
positive_329.jpg,Positive,Positive,0.925424,OCR,0.5,"ଧରିତ
ଧରିତ୍ରୀ
PELIANCE
AASHIRVAAD
RELIANCE
May Lord Jagannath
LATEST LY
Bring In the Best Colours of
Success, Prosperity and
Happiness to Your Life.
Wishing
You and Your Family
Blessed Rath Yatra!"
negative_106.jpg,Negative,Neutral,0.64312565,BLIP,0.5,a young boy with his mouth open
positive_882.jpg,Positive,Positive,0.8035059,OCR,0.5,"I wish I could turn back the clock
I'd find you sooner and love you longer...
- myfeeling.co"
positive_927.jpg,Positive,Positive,0.9620257,OCR,0.5,"Happy Birthday
Your smile always lights up every room.
Keep shining
Happy birthday!"
positive_579.jpeg,Positive,Positive,0.8561032,OCR,0.5,"Whatever the occasion, we at shaad moments, make
certain that everything goes as per your desire. We
provide end to end services to transform your event
into wonderful CELEBRATION
CELEBRATION-MARRIAGE cum BANQUET HALL
9431190666/9430302444"
neutral_757.jpg,Neutral,Neutral,0.88972735,OCR,0.5,"WHAT MAKES
TEDED
MUSCLES
GROW?"
positive_373.jpeg,Positive,Positive,0.94302607,OCR,0.5,"Happy Anniversary
to a Beautiful Couple"
negative_227.jpg,Negative,Negative,0.98447233,OCR,0.5,"LATEST NEWS
THE INVADERS
LAUNCHED A
ROCKET ATTACK ON
VASILKOV
- UKRAINE RUSSIA NEWS
Medico topics"
neutral_583.jpeg,Neutral,Neutral,0.6574307,OCR,0.5,How does YOUR day begin?
negative_388.jpeg,Negative,Negative,0.9277378,OCR,0.5,"INDIA
TODAY
CYCLONE
YAAS
LANDFALL
EXPECTED
BETWEEEN
11 AM & 1 PM"
positive_429.jpeg,Positive,Positive,0.90090054,OCR,0.5,"Acufire
HAPPY INDEPENDENCE DAY
Salute to Corona Warriors
They are at work so that you can be safe at home
Stay Safe, Stay Acufire Protected"
neutral_843.jpg,Neutral,Neutral,0.7971146,OCR,0.5,"A DAY IN THE LIFE OF A
ROMAN
SOLDIER
TEDED"
negative_230.jpg,Negative,Negative,0.98732376,OCR,0.5,"RUSSIA INVADES UKRAINE
FRESH EXPLOSIONS, MISSILE ATTACK ROCK KYIV
INDIA
TODAY"
neutral_599.jpg,Neutral,Neutral,0.7598857,OCR,0.5,"When you go to Japan and
they don't speak in subtitles.
ingilp.com
I'll never forgive the Japanese!"
negative_787.jpg,Negative,Negative,0.84785926,OCR,0.5,"sky news
'28 DAYS OF HELL'
WAR IN UKRAINE"
positive_310.jpeg,Positive,Positive,0.974967,OCR,0.5,"For your peace of mind,
do not try to understand
everything."
neutral_938.jpg,Neutral,Neutral,0.78344107,OCR,0.5,"MOST REALISTIC HAIR
PHYSICS EVER"
positive_739.jpg,Positive,Positive,0.9397783,OCR,0.5,"YOU ARE
STRONGER
THAN YOU
THINK"
negative_051.jpeg,Negative,Negative,0.9619609,OCR,0.5,"DUNE DO NOT C
MURDER"
positive_959.jpg,Positive,Positive,0.8610063,OCR,0.5,"""HOWEVER DIFFICULT LIFE
MAY SEEM, THERE IS ALWAYS
SOMETHING YOU CAN DO AND
SUCCEED AT."""
positive_148.jpeg,Positive,Positive,0.93058276,OCR,0.5,"Trust your intuition.
It never lies.
Via (Dark Secrets)"
positive_190.jpg,Positive,Positive,0.98704284,OCR,0.5,"I wish a Happy Holi
to everyone.
Let the colors of holi
fill your heart with
peace and love."
negative_141.jpg,Negative,Negative,0.9753192,OCR,0.5,"33 YEARS OF
BHOPAL GAS TRAGEDY:
VICTIMS AWAIT JUSTICE
ANI"
negative_674.jpg,Negative,Negative,0.97302556,OCR,0.5,"DEADLY
QUAKE
:::9
NEWS"
negative_285.jpg,Negative,Negative,0.98391753,OCR,0.5,"City Edition
10-(0)21
Swees
P
Karol Bagh
Saree House
INDIAN EXPRESS
Largest combined net sales among all daily newspapers in India
Published from New Delhi, Chandigarh, Bombay, Madras, Madurai, Vijayawada, Hyderabad, Bangalore, Ahmedabad and Cochin
Vol. L. No. BE
New Delhi: Thursday, January 28, 1982
60 P
ON EASY INSTALMENTS
Texla TV
The right Choice
angad ELECTRONICS
Seventy killed in Agra train accident
Delhi-bound Dakshin Express
collides with goods train
By Seema Mustaf
Express News Service
Sixty-one persons died in a
crew of the
whe
Did Dakshin Express acted to
jat nude As cantatutest jng tracks Mage Mastal was
sation
Wedday mor
wenty-three persons
e injured, fively.
Driver blames fog
Expres News d
AGMAJ 2
Cranes were simp
The ined ved
decalimi. Tie
ope of the
The b
AM
of
Punt to were room
Used to
Kanbere sand
Joning of the perf
Chrmals The The the small 110 die in train
smash in Algeria"
neutral_639.jpg,Neutral,Neutral,0.9472207,OCR,0.5,"]
O
101.1 FM
Types of
Advertisement"
neutral_439.jpg,Neutral,Neutral,0.9197537,OCR,0.5,"WHAT
DOES IT
MEAN?"
positive_470.jpeg,Positive,Positive,0.9670348,OCR,0.5,"Life starts when you stop
waiting for someone to
come and save you.
Via (Dark Secrets)
8.74"
neutral_116.jpeg,Neutral,Neutral,0.8870103,OCR,0.5,facebook
neutral_864.jpg,Neutral,Neutral,0.8651531,OCR,0.5,"TEDED
HOW TO BUILD A FICTIONAL WORLD"
neutral_094.jpeg,Neutral,Neutral,0.81857127,OCR,0.5,I'M WATCHING YOU
positive_509.jpeg,Positive,Positive,0.9204105,OCR,0.5,"""
If the plan doesn't work, change
the plan but never the goal."
negative_488.jpg,Negative,Negative,0.92118883,OCR,0.5,"20th anniversary of
Afghan war
War on terror or
hegemony"
positive_295.jpeg,Positive,Positive,0.942294,OCR,0.5,"When you speak alot,
you miss the beauty of silence
-Adeep"
neutral_060.jpeg,Neutral,Neutral,0.7665409,OCR,0.5,"Consulting
Loans
H
S
IJ
Sch"
neutral_616.jpg,Neutral,Neutral,0.8387749,OCR,0.5,"BRAND
MARKETING
ADVERTISING
LOGO
DESIGN
IDENTITY
TRUST
VALUE
STRATEGY"
positive_836.jpg,Positive,Positive,0.9860953,OCR,0.5,"Smile is the real power of
every person."
neutral_045.jpg,Neutral,Neutral,0.9754513,OCR,0.5,"Working with Java as a Python
programmer
Meme
ArrayList can not be used for primitive types, like int, char, etc. We need a
wrapper class for such cases.
ARD
Why are you the way that you are?"
neutral_902.jpg,Neutral,Neutral,0.8774562,OCR,0.5,"TEDED
WHAT IS THE
HEISENBERG
UNCERTAINTY
PRINCIPLE?"
negative_413.jpeg,Negative,Negative,0.80152225,OCR,0.5,"て
DO YOU PART!
ABUSE
STOP
THE ABUSE
- Encourage short fermale victims to cholenge abase and ensure that they get help.
-Report child abuse to the police
dialy
- Encourage dildren to report beying berous to school"
neutral_416.jpg,Neutral,Neutral,0.9125623,OCR,0.5,"Suddenly my PC
started working
faster.
Then i realized
that Antivirus
has expired."
neutral_302.jpeg,Neutral,Neutral,0.95333374,OCR,0.5,Programmer
negative_324.jpeg,Negative,Negative,0.9319304,OCR,0.5,"SC notice to Gujarat
on farmers' suicides
New Delhi The Supreme
Court on Priday sought
sponse of the Giant govern
ment on an NGO's allegation
regarding the suicide of 600
farmers in the state between
2000 and 2012, when
Narendra Modi
was the etief min
Ister due
drought and del
A bend of Jas
toes Dipak Misra
and Las issued
notice to the Anan
diben Patel govern
ment on a petition
led to Mallka So
nial-founded
NGO Citizens Resource and
Action Initiative which chal
lenged the Gujarat high
wastale polscy matter
The NGO through RT
queries, learnt that from 2003
2007 many as fermes
committed suicide lit
eto another RTI qu
the state informed that be
tween 2006 and 2012, another
121 farmers com
mitted
suicide
taking the nam
ber of officially
acknowledged
farmers suicides
As per the
NGO the reso
behind the farm-
ers' suicides we
""Increasing
mount of loan,
cotton crop failure due to no
ruin and drought, bad econom
lesituation Inability to pay in
court's verdict not to interstallments for loans taken for
whe on the ground that farm
tractor seeds and other agri
it's relief and rehabilitation cultural Implements"""
positive_240.jpg,Positive,Positive,0.92202365,OCR,0.5,"If you can't change the
circumstances, change
your perspective.
-Unknown
25 6"
neutral_389.jpg,Neutral,Neutral,0.94272065,OCR,0.5,"8yo me, challenging
the laws of physics
100
Z
Z
S"
positive_701.jpg,Positive,Positive,0.89833903,OCR,0.5,"Happy
International Children's
Day
Smit Creation
.com
""There is nothing as pure, as adorable as
the innocence of a child.....
Keep it alive to keep this world alive."""
positive_187.jpg,Positive,Positive,0.8919638,OCR,0.5,"LATEST LY
May Goddess Durga
shower her
choicest blessings
on you today
and forever.
Subho Shasthi!"
negative_882.jpg,Negative,Negative,0.9518513,OCR,0.5,"MURDER WEAPON
RECOVERED
INDIA
TODAY"
positive_993.jpg,Positive,Positive,0.9499948,OCR,0.5,"Sometimes you have to
stop thinking so much
and just go where your
heart takes
you.
ExplorePic.Com"
neutral_582.jpg,Neutral,Neutral,0.9218545,OCR,0.5,"nh404@Desktop: $ python3.10
Python 3.10.4 (main, Mar 24 2022, 16:12:56) [GCC 9.4.0] on linux
Type ""help"", ""copyright"", ""credits"" or ""license"" for more information.
>>> import turtle
Traceback (most recent call last):
File ""<stdin>"", line 1, in <module>
File ""/usr/lib/python3.10/turtle.py"", line 107, in <module>
import tkinter
ModuleNotFoundError: No module named 'tkinter'
>>> import Turtle
Traceback (most recent call last):
File ""<stdin>"", line 1, in <module>
ModuleNotFoundError: No module named 'Turtle'
>>> import tkinter
Traceback (most recent call last):
File ""<stdin>"", line 1, in <module>
ModuleNotFoundError: No module named 'tkinter'
>>>"
negative_250.jpg,Negative,Negative,0.96044827,OCR,0.5,"Police and villagers in all-night search for missing girl
BODY FOUND IN
Missing schoolgirl lived here Tragedy in
isolated spot
at Penllergaer
WOOD
Search in woodland area
LONDON FLOUR RUSH
Master Bakers
LOVED HOME
Cargo ship
hit rock
ppose rationing off 'Smalls
A
Local reactions
Rival applicants for
Mondays
Weather Forecast
Germans
unaware of
SWANSEA AS A FUTURE
HOLIDAY RESORT
mass murders £516,000 scheme for
seaside amenities
Hated mystery
LABOURER IN
COURT ON
MURDER CHARGE
WOMAN'S BODY
ON WASTE
GROUND
LIBERAL CAL
TO DEFEAT
GOVERNMENT
LONDON SEARCH
FOR HEATH
M
C
Travelled lonely road:
PRINCESS TO
CORSEDD BA"
positive_804.jpg,Positive,Positive,0.98387575,OCR,0.5,"USE YOUR SMILE TO
CHANGE THIS WORLD,
BUT DON'T LET
THIS WORLD
CHANGE
YOUR SMILE.
For more Quotes: www.Inspiring Quotes.in"
positive_635.jpg,Positive,Positive,0.96154773,OCR,0.5,"""Arise, awake,
stop not until
your goal is
achieved.""
- Swami Vivekananda"
negative_823.jpg,Negative,Negative,0.7811897,OCR,0.5,"GUJARAT ON HIGH ALERT
NEWS 18
Click"
negative_591.jpeg,Negative,Positive,0.5951608,OCR,0.5,"YOU MOTHER FUCKERS
BETTER BE FOLLOWING MY
COMMUNITY STANDARDS"
neutral_884.jpg,Neutral,Neutral,0.787346,OCR,0.5,"THE GREATEST
TED TALK
EVER SOLD
TEDED"
neutral_185.png,Neutral,Neutral,0.8349682,OCR,0.5,"50
WORD
EDIT"
negative_235.jpg,Negative,Negative,0.98073286,OCR,0.5,"BREAKING NEWS
EXPLOSIONS IN LVIV & KHERSON
INDIA
TODAY"
negative_581.jpg,Negative,Negative,0.67604125,OCR,0.5,"[ অক্সিজেন।
OXYGEN STATION
sb shovon
OXYGEN"
positive_748.jpg,Positive,Positive,0.9063767,OCR,0.5,"""Believe you
can and you're
halfway there.”
-THEODORE ROOSEVELT
RS"
neutral_266.jpeg,Neutral,Neutral,0.9193779,OCR,0.5,"Suggested App
Jasper's Recipe Generator
Sponsored
Download our app and get delicious recipes
for Jasper's Market's latest produce!
Jasper's Recipe
Generator
541 people use this
Install Now"
neutral_253.jpeg,Neutral,Neutral,0.8057549,OCR,0.5,This property protected by Ol' Stink Eye
positive_181.jpeg,Positive,Positive,0.93346953,OCR,0.5,"National
Girl Child Day
A world without girl is as
impossible as a world
without water."
neutral_427.jpg,Neutral,Neutral,0.84379303,OCR,0.5,Just another cat post
positive_1009.jpg,Positive,Positive,0.9435782,OCR,0.5,"Be with someone
who is good for
your mental health."
negative_895.jpg,Negative,Negative,0.9692341,OCR,0.5,"EMPTY
DELHI DOUBLE MURDER
HORROR
INDIA
TODAY"
negative_030.jpg,Negative,Negative,0.95110726,OCR,0.5,"AFTERMATH OF
CYCLONE AMPHAN
CRUX."
neutral_293.jpeg,Neutral,Neutral,0.94469,OCR,0.5,"When you are angry with each other
but still do video call"
positive_703.jpg,Positive,Positive,0.8945451,OCR,0.5,"The Role Pene
Smiling is the best way
to face every problem
statuswhatsapp.co.in"
positive_480.jpg,Positive,Positive,0.818567,OCR,0.5,"Never lose your
@successpictures
inner child."
positive_667.jpg,Positive,Positive,0.91760695,OCR,0.5,"I learn
something
EVERY TIME I GO
INTO THE
MOUNTAINS.
-
· Michael Kennedy
TALE OF 2 BACKPACKERS"
positive_827.jpg,Positive,Positive,0.9742107,OCR,0.5,"Smiling is the best way to face
every problem, to crush every fear,
to hide every pain."
neutral_129.jpeg,Neutral,Neutral,0.74130845,BLIP,0.5,a man sitting at a table with a laptop and papers
neutral_076.jpg,Neutral,Neutral,0.44170254,BLIP,0.5,a truck driving down a highway next to a field
positive_650.jpg,Positive,Positive,0.889531,OCR,0.5,LIST OF MOST HAPPY COUNTRIES
positive_401.jpeg,Positive,Positive,0.6851397,OCR,0.5,"Some people just act like
they're trying to help you.
@successpictures
@successpictures
@successpictures"
positive_045.jpeg,Positive,Neutral,0.5159559,OCR,0.5,shutterstock.com-536210539
positive_591.jpeg,Positive,Positive,0.95980775,OCR,0.5,"Happy
Valentine's
Day"
neutral_483.jpg,Neutral,Neutral,0.95700914,OCR,0.5,"Teacher: Write ""sorry"" 100 times
Me: for(int i=0;i<100;i++)
print('sorry')
Teacher: Hmm you over smart guy
now write the output as well
Me*"
neutral_350.jpg,Neutral,Neutral,0.8906815,OCR,0.5,"begineers learning
440
EE
FB@xKawaki
Now You Will Feel The Real Pain
C"
neutral_625.jpeg,Neutral,Neutral,0.65973043,OCR,0.5,"NEVER
BETTER"
neutral_778.jpg,Neutral,Neutral,0.873976,OCR,0.5,"MAKE PAPER
AT HOME
tutorial!"
negative_498.jpg,Negative,Negative,0.78151286,OCR,0.5,"WATER
OVER"
positive_335.jpeg,Positive,Positive,0.70230937,OCR,0.5,HAPPY HOL
positive_017.jpeg,Positive,Positive,0.7796579,OCR,0.5,"HAPPY
BIRTHWAY"
positive_794.jpg,Positive,Positive,0.97478676,OCR,0.5,"""A smile is a
curve that sets
everything
straight.'
- Phyllis Diller
Parade"
negative_210.jpeg,Negative,Negative,0.9826424,OCR,0.5,"THE BOSTON HERALD
LATE CITY
SDITION
ATOMIC BOMB HITS NAGASAKI. SOVIET
ENTERS WAR. U.S. BIDS TOKYO QUIT
Vital Kyushu
City Is Second
Atom Target
HOM TRUMAN
PRODDED RES
The"
neutral_431.jpg,Neutral,Neutral,0.81475145,OCR,0.5,"How I feel after I watch a 15
min youtube video about
blackholes & dark matter"
positive_820.jpg,Positive,Positive,0.95918834,OCR,0.5,"Smile! It increases
your face value.
-Robert Harling
Quotesjin.Com"
negative_902.jpeg,Negative,Negative,0.96319836,OCR,0.5,"STORM ALEX
FLOODING IN FRANCE"
positive_644.jpg,Positive,Positive,0.9492734,OCR,0.5,"Make someone happy,
Make just one someone happy,
And you will be happy, too.
-Jimmy Durante
AZ QUOTES"
negative_571.jpeg,Negative,Negative,0.6212801,OCR,0.5,"2
@SUCCESS.TIP
IF YOU KEEP THEM BUSY
WITH BASIC NEEDS, THEY
WILL FORGET ABOUT THE
FREEDOM THEY LOST."
positive_485.jpeg,Positive,Positive,0.96937644,OCR,0.5,"Believe you can
and you will.
-Unknown
@InspirationalQuotes720"
positive_437.jpeg,Positive,Positive,0.9030732,OCR,0.5,GOOD NEWS
neutral_469.jpeg,Neutral,Neutral,0.7096288,OCR,0.5,"TWIN
RENTAL AGREEMENT"
positive_256.jpg,Positive,Positive,0.9790102,OCR,0.5,"1
Believe in yourself. You are braver
than you think, more talented than
you know, and capable of more
than you imagine.
- Via (Dark Secrets)"
positive_1015.jpg,Positive,Positive,0.9886762,OCR,0.5,"THE HAPPINESS OF
YOUR LIFE
DEPENDS UPTO
THE QUALITY OF
YOUR THOUGHTS
SO THINK HAPPY
AND POSITIVE."
positive_036.jpeg,Positive,Positive,0.89770865,OCR,0.5,"Always help someone.
You might be the only one
that does."
negative_216.jpg,Negative,Negative,0.9836254,OCR,0.5,"MAJOR FIRE IN MUMBAI
HIGH-RISE
mid-day
.com"
neutral_211.jpeg,Neutral,Neutral,0.83771044,OCR,0.5,"Albirds
Tain't say enough about how comfortable these shoes are.""
Free shipping and free returns.
Machine washable, for when life gets dirty."
negative_881.jpg,Negative,Negative,0.98029083,OCR,0.5,"BREAKING NEWS
SHOOTING
IN DELHI
R."
neutral_694.jpg,Neutral,Neutral,0.9096817,OCR,0.5,"Logo
Buy A New Laptop
Or Exchange Your Old Laptop For New One
WIDE RANGE OF LAPTOPS
U
A
Y
x
N
M
P
O
-
A
9
Best Quality Laptops"
neutral_857.jpg,Neutral,Neutral,0.9274844,OCR,0.5,"The
ORIGINS
of
GOLD
TEDED"
positive_566.jpeg,Positive,Positive,0.6220952,OCR,0.5,"ALL GREAT ACHIEVEMENTS
REQUIRE TIME
@successpictures
NCH
@successpictures"
positive_723.jpg,Positive,Positive,0.9601065,OCR,0.5,"Invaly.com
Good Morning!!
have a beautiful day"
positive_999.jpg,Positive,Positive,0.96077514,OCR,0.5,"IT IS A LONG ROAD,
IT SEEMS IMPOSSIBLE
BUT IT WILL BE
WORTH IT
DAILYFUNNYQUOTE.COM"
positive_317.jpeg,Positive,Positive,0.95530367,OCR,0.5,"May Lord Jagannath
bless you and family,
Happy Jagannath Yatra
SmitCreation
.com"
positive_970.jpg,Positive,Positive,0.93883276,OCR,0.5,"ALWAYS
REMEMBER.
YOUR FOCUS
DETERMINES
YOUR REALITY 99
George Lucas"
positive_950.jpg,Positive,Positive,0.85390395,OCR,0.5,"BURNLAR
BURNLAB
#readytosweat
Your diet is a bank
account. Good food
choices are
GOOD
INVESTMENTS."
positive_949.jpg,Positive,Positive,0.87665427,OCR,0.5,Believe in yourself
neutral_306.jpeg,Neutral,Neutral,0.8915274,OCR,0.5,"Ahmed Abdirahim Abdullahi
Sep 16, 2021.
Tell me something I don't
know.
xaviergazm
You can't buy a new mirror because all
mirrors have been used technically."
negative_213.jpeg,Negative,Negative,0.973933,OCR,0.5,"The New York Times.
LATE CITY CRITE
FIRST ATOMIC BOMB DROPPED ON JAPAN;
MISSILE IS EQUAL TO 20,000
TRUMAN WARNS FOE OF A
Jet Plane Explain Kill
PLEAS DEAS Majer Bong, Top U.S. Ace
TONS OF TNT;
RAIN OF RUIN'
Steel Tower Vapor NEW
In Trial of Mighty Bank"
negative_713.jpg,Negative,Negative,0.9851098,OCR,0.5,"NATURAL DISASTERS OF THIS YEAR
dea
INDIA
TODAY
NEWS
MO"
negative_318.jpeg,Negative,Negative,0.9105253,OCR,0.5,"DISASTER
33 DEAD
STILL
MISSING
Moment of impact
The Sun"
negative_545.jpeg,Negative,Negative,0.90069884,OCR,0.5,"TRAFFIC
UPDATES
KAUFTUR PROTEST ALERT"
positive_262.jpg,Positive,Positive,0.9408489,OCR,0.5,"Don't kill your
spirit just to keep a
connection alive.
Via (Dark Secrets)"
neutral_923.jpg,Neutral,Neutral,0.9245441,OCR,0.5,"Fe
WHAT IS
HAPPENING?"
negative_115.jpg,Negative,Negative,0.9835781,OCR,0.5,"BHOPAL GAS TRAGEDY
2-3 DECEMBER, 1984"
neutral_311.jpg,Neutral,Neutral,0.9226888,OCR,0.5,"My cat decided to arrive at precisely the
right moment during story time with my
daughter.
RU P
but the best kind of cat
is your very own."
neutral_874.jpg,Neutral,Neutral,0.8915843,OCR,0.5,"HOW
SOLAR PANELS
WORK
TEDED"
positive_391.jpeg,Positive,Positive,0.8965921,OCR,0.5,"It may be stormy
now but it can't
rain forever.
Via (Dark Secrets)"
negative_429.jpg,Negative,Negative,0.9296334,OCR,0.5,"WER?
CE
BBC NEWS
END VIOLENCE
AGAINST WOMEN"
positive_598.jpeg,Positive,Positive,0.980986,OCR,0.5,"When
you wish good for
others, good things
come back to you.
This is the law
of nature.
(Wonders Dairy)
Wonders Dairy
www.wondersdairy.com"
neutral_827.jpg,Neutral,Neutral,0.7864197,OCR,0.5,"THIRTEEN
DAYS"
neutral_546.jpg,Neutral,Neutral,0.7533279,OCR,0.5,"Among urine cultures collected from
1,265 adult patients in primary care clinics:
55% 24% 21%
were contaminated
were positive
showed no growth
Healio"
positive_025.jpeg,Positive,Positive,0.95788246,OCR,0.5,"You define your own life.
Don't let other people
write your script.
- Via (Dark Secrets)"
negative_168.jpg,Negative,Negative,0.9609449,OCR,0.5,"AUSTRALIAN BUREAU ISSUES
TSUNAMI WARNING
newsx
NEWS. NOT NOISE"
positive_396.jpeg,Positive,Positive,0.66180956,OCR,0.5,"LIFE
EOR
ME OXYGEN FOOD"
negative_751.jpg,Negative,Negative,0.8938937,OCR,0.5,"WION
PUTIN DARES THE
WEST"
neutral_338.jpg,Neutral,Neutral,0.867546,OCR,0.5,"Your next task is to fix bug in
your friend's Java code."
negative_722.jpg,Negative,Negative,0.68850636,OCR,0.5,"BEYOND THE
HEADLINE
WITH TAMANNA INAMDAR
DEBT
USA STARING AT FINANCIAL
DISASTER?
MIRROR
NOW"
negative_799.jpg,Negative,Negative,0.716004,OCR,0.5,"JAPAN PREPARES FOR WAR
VANTAGE ON Firstpost
TAKE ON THE WORLD"
negative_362.jpeg,Negative,Negative,0.9622539,OCR,0.5,"NDTV
KERALA: DEATH COUNT
CROSSES 30,000
BCOINSWITCH
KERALA BIGGEST CONTRIBUTOR TO
INDIA'S COVID MORTALITY"
neutral_232.png,Neutral,Neutral,0.90648055,OCR,0.5,"Academic
Positions"
neutral_376.jpg,Neutral,Neutral,0.8894881,OCR,0.5,"Someone: So, tell me
more about you?
Me trying to
remember who i am:
animes posting"
positive_469.jpg,Positive,Positive,0.9740139,OCR,0.5,"""Do everything with a
good heart and expect
nothing in return, and
you will never be
disappointed.""
-Barbara Lowe
Lessons
EARNED"
negative_844.jpg,Negative,Negative,0.92285216,OCR,0.5,"itv NEWS
ÍHA
FAMILY TRAPPED
FOR FORTNIGHT"
negative_422.jpeg,Negative,Negative,0.90599716,OCR,0.5,"CHILD
SEXUAL ABUSE"
negative_770.jpg,Negative,Negative,0.93232787,OCR,0.5,"J&K: FOREST FIRE IN UDHAMPUR
AREA CONTINUES TO RAGE
Oneindia English"
neutral_901.jpg,Neutral,Neutral,0.93248963,OCR,0.5,"CAN YOU SOLVE THE
RAGNAROK
RIDDLE?
TEDED"
neutral_675.jpg,Neutral,Neutral,0.72403926,OCR,0.5,"freepi
freepik
freepik
freepik
freepik
BRAND
EXTRA
WHITENING
14 DAYS
eepik
free
epik
designed by freepik
ik
BRAND
TOOTHPASTE
MINT TOOTHPASTE
Lorem ipsum dolor sit amet,
consectetuer adipiscing elit,
sed diam nonummy nibh
euismod tincidunt ut laoreet
freepik
IT'S ALL
BRIGHT
freep
freepi
freepik
reepik"
negative_763.jpg,Negative,Negative,0.97729635,OCR,0.5,"Gujarat: Massive fire breaks out at
packaging company in Bharuch GIDC
ANI"
neutral_880.jpg,Neutral,Neutral,0.78876716,OCR,0.5,"The
History
of the
Great
Wall
TEDED"
neutral_364.jpeg,Neutral,Neutral,0.9320048,OCR,0.5,"""Money can't buy you
time""
SSDs:
V-NAND SSD
860 EVO
SATER
1TB
SAMSUNG"
negative_159.jpeg,Negative,Negative,0.9789916,OCR,0.5,"BREAKING NEWS
TERRORIST ATTACK IN
MANIPUR
3 OTHER PERSONNEL ALSO KILLED
BREAKING NEWS TERRORISTS AMBUSH SECURITY FORCES IN MANIPUR
AHE D
01:58 PM
INDIA AHEAD"
positive_091.jpg,Positive,Neutral,0.7184694,BLIP,0.5,a plate of pasta being lifted with a fork
neutral_770.jpg,Neutral,Neutral,0.7546446,OCR,0.5,"AMERICAN
N HOME
FARMHOUSE DIYS
is better
ON
THE FARM
FARM
SWEET
FARM"
neutral_013.jpg,Neutral,Neutral,0.388071,BLIP,0.5,a group of people
negative_013.jpg,Negative,Negative,0.9384407,BLIP,0.5,a man walks through the rubble of a street in the city of aleppo
positive_851.jpg,Positive,Positive,0.985724,OCR,0.5,"Let us always meet each
other with smile, for the
smile is the beginning of
love.
-Mother Teresa
© Lifehack"
negative_827.jpg,Negative,Negative,0.91725105,OCR,0.5,"sky news
POWER PLANT
WORKERS FEAR
'DEVASTATION'
WAR IN UKRAINE"
negative_206.jpeg,Negative,Negative,0.977669,OCR,0.5,"BREAKING NEWS
MUMBAI FIRE
FIRE AT
KAMALA
BUILDING IN
MUMABI'S
TARDEO
TARDEO, MUMBAI
TODAY"
neutral_732.jpg,Neutral,Neutral,0.9593157,OCR,0.5,"1 MINUTE
10 MINUTES
2 MINUTES
5 MINUTES
W"
neutral_711.jpg,Neutral,Neutral,0.9261286,OCR,0.5,"FREE PPT TEMPLATES
Insert the Subtitle of Your Presentation
Report: freeppt7.com Mentor Professor***
Time: 20XX"
positive_556.jpeg,Positive,Positive,0.8873335,OCR,0.5,"AS LONG AS YOU BELIEVE IN YOURSELF
THERE WILL ALWAYS BE A WAY FOR YOU
@successpictures
@successpictures
@successpictures"
negative_514.jpeg,Negative,Negative,0.89601576,OCR,0.5,"THE
BOMBING OF WALL STREET"
positive_113.jpg,Positive,Neutral,0.4055082,BLIP,0.5,a red rose in the garden
negative_453.jpeg,Negative,Negative,0.9117857,OCR,0.5,WORLD WAR II
negative_041.jpeg,Negative,Negative,0.79016423,OCR,0.5,"BAN
RUSSIA
FROM
SWIFT"
neutral_753.jpg,Neutral,Neutral,0.8956492,OCR,0.5,"QUESTIONS
NO ONE KNOWS
THE ANSWERS TO
BUSINESS 2-0
TEDED"
positive_714.jpg,Positive,Positive,0.985693,OCR,0.5,"THE SIMPLE MANTRA TO BE HAPPY
IS TO MAKE OTHERS HAPPY.
QuotesLifetime.com"
positive_915.jpg,Positive,Positive,0.96822524,OCR,0.5,"66
A smile
can help you
weather even the
strongest storm.
LOVE KNOW"
negative_745.jpg,Negative,Negative,0.9630351,OCR,0.5,"CRUX.
THE REAL AIM OF
BELGOROD ATTACKS WAS..."
neutral_223.jpeg,Neutral,Neutral,0.92762357,OCR,0.5,"Computer Science Students
Year 1
printf(""Hello World"")
Year 2
Data structures,
DBMS, Operating
System
Year 3
I wanna go home
Year 4
Welcome to my
YouTube channel!"
negative_354.jpeg,Negative,Negative,0.9677164,OCR,0.5,"Dw
COVID disaster in India"
negative_347.jpeg,Negative,Negative,0.97798264,OCR,0.5,"ANOTHER GIRL
HANGS HERSELF
IN DEATH TOWN
Internet cult linked to
14th suicide in a year"
positive_225.jpeg,Positive,Positive,0.88035905,OCR,0.5,"You are capable of
amazing things
2020 Copyright Pearla Arts. All rights reserved.
EM THE ELEPHANT"
positive_620.jpeg,Positive,Positive,0.970283,OCR,0.5,"Be a good person
in real life, not in
social media.
(Thoughts Wonder)
Thoughts Wonder"
negative_077.jpg,Negative,Negative,0.8676399,BLIP,0.5,a pile of rubble
negative_439.jpeg,Negative,Negative,0.895957,OCR,0.5,"ASHA WORKERS IN THE DOCK LOCALS MISBEHAVE
BIG STORY LOCALS MISBEHAVE WITH ASHA WORKERS
VIJAYAPURA
f facebook.
NEWS
9"
neutral_645.jpeg,Neutral,Neutral,0.5277089,OCR,0.5,Aur phir kuch youn huva ky
positive_945.jpg,Positive,Positive,0.9542239,OCR,0.5,"BELIEVE IN
YOURSELF
AND YOU WILL BE
UNSTOPPABLE
P KATARINA HOLST"
negative_406.jpeg,Negative,Negative,0.93153375,OCR,0.5,"CYCLONE 'EYE'
BY-PASSES MUMBAI"
neutral_559.jpeg,Neutral,Neutral,0.8290587,OCR,0.5,"E=mc
CROFORCRCRct"
neutral_867.jpg,Neutral,Neutral,0.76471114,OCR,0.5,"8 TRAITS OF
SUCCESSFUL
PEOPLE
Are you successful?"
neutral_366.jpg,Neutral,Neutral,0.89390975,OCR,0.5,"h1 heading
h2 heading
h3 heading
h4 heading
h5 heading
h6 heading"
positive_277.jpg,Positive,Positive,0.9519131,OCR,0.5,"Lately my peace has
been more important
than proving my point.
- Via (Dark Secrets)"
neutral_132.jpg,Neutral,Neutral,0.913826,OCR,0.5,"shutterstock
utterstock
e
r
C
h
Cycle_0
Cycle_0
shuttstock
shutter
Sauttersck shutterstor
y
e
r pa
Cycle_0
a
h
Ре
C
☐ ☐
str.ck
IMAGE ID: 1520105537
www.shutterstock.com"
negative_540.jpeg,Negative,Negative,0.91162425,OCR,0.5,"AUGUST 6
HIROSHIMA DAY"
positive_464.jpeg,Positive,Positive,0.9736978,OCR,0.5,"Don't lose hope,
you never know what
tomorrow will bring.
-Unknown"
positive_103.jpeg,Positive,Positive,0.95221126,OCR,0.5,"As long as you are alive, you
have it in you. Never give up.
- Via (Dark Secrets)"
positive_784.jpg,Positive,Positive,0.8288875,OCR,0.5,"If you can dream it, you can do it.
NEVER GIVE UP"
negative_260.jpg,Negative,Negative,0.95494366,OCR,0.5,"POLICE
TEEN, 15
STABBED
IN BACK
umbramek,
А репро
be low back
bpl who h
De
and on the
FULL STORY TAGES"
neutral_243.png,Neutral,Neutral,0.8835306,OCR,0.5,"English
Conversation"
neutral_316.jpg,Neutral,Neutral,0.9841397,OCR,0.5,"Finding a Linux
Process
Finding
a cat
ps ps ps ps"
positive_099.jpeg,Positive,Positive,0.95463705,OCR,0.5,"No amount of
physical beauty will
ever be as valuable
as a beautiful
heart.
(Thoughts Wonder)"
positive_791.jpg,Positive,Positive,0.9124862,OCR,0.5,"O BrightDrops
Life is like
photography.
You use the
negatives to
develop.
Ziad K. Abdelnour"
positive_626.jpg,Positive,Positive,0.79678756,OCR,0.5,"All truths are easy to understand
once they are discovered;
the point is to discover them.
- Galileo Galilei
AZ QUOTES"
neutral_868.jpg,Neutral,Neutral,0.82068276,OCR,0.5,"CAN YOU
SOLVE THE
о
RIVER CROSSING RIDDLE?
TEDED"
neutral_876.jpg,Neutral,Neutral,0.8658856,OCR,0.5,"The
History
of Tea
TEDED"
neutral_680.jpg,Neutral,Neutral,0.8828479,OCR,0.5,"YOU NEED TO KNOW
tionship between
ensitivity & Modern
Scaler
PT3"
neutral_096.jpg,Neutral,Neutral,0.85193723,OCR,0.5,"THANK YOU
FOR BROWSING
FRESH
mecreatorapp.com"
negative_704.jpg,Negative,Negative,0.92567337,OCR,0.5,"ROSS
LINE DO NOT CROSS
POLICE LINE DO NOT CE
MURDER
IN THE
NEWS
AN INSIDE LOOK AT HOW
TELEVISION COVERS CRIME
ROBERT H. JORDAN JR.
Anchor/Reporter, WGN Television, Chicago"
positive_815.jpg,Positive,Positive,0.65136766,OCR,0.5,"When I saw you
I fell in love
and you smiled
because you knew
WWW.ARAIOFLIGHT.COM"
positive_925.jpg,Positive,Positive,0.9085381,OCR,0.5,"""Take responsibility of your
own happiness; never put it
in other people's hands.""
- Roy T. Bennett
BeAnInspirer
Spread the Inspiration
.COM"
negative_273.jpg,Negative,Negative,0.99221075,OCR,0.5,"MUMBAI BUILDING COLLAPSE
9 KILLED, OVER 20 INJURED
INDIA
TODAY"
negative_814.jpg,Negative,Negative,0.9814509,OCR,0.5,"1.00
BREAKING NEWS
INDIA
TODAY
AK47 RIFLES REPORTEDLY USED FOR
MURDER
CCTV IMAGES
INDIA
TODAY"
neutral_142.jpg,Neutral,Neutral,0.45683318,BLIP,0.5,a group of people standing on a beach
positive_718.jpg,Positive,Positive,0.8005915,OCR,0.5,SUPER HAPPY
negative_792.jpg,Negative,Negative,0.77349675,OCR,0.5,"GOLD
IS THE
NERVE OF
THE WAR."
positive_1013.jpg,Positive,Positive,0.9665899,OCR,0.5,"THINK OF ALL THE BEAUTY
STILL LEFT AROUND YOU
AND BE HAPPY.
Anne Frank
dailyquotesbank.com"
positive_1007.jpg,Positive,Positive,0.94784194,OCR,0.5,"""ACTION IS THE
FOUNDATIONAL
KEY TO ALL
SUCCESS."""
neutral_660.jpg,Neutral,Neutral,0.8646551,OCR,0.5,"FULL LINE OF BLACK MATTE COOKWARE
BAKELITE HANDLES
NON-STICK
CLASSIC DESIGN
CONVENIENT SPOUT"
negative_798.jpg,Negative,Positive,0.59342647,OCR,0.5,"War is evil, but it
is often the lesser
evil.
George Orwell
EVERYDAYPOWER"
neutral_509.jpeg,Neutral,Neutral,0.930369,OCR,0.5,"C++ programmer data bundles
1 Daily/Weekly Bundles
2 Weekly Bundles
3 Monthly Bundles
4 Data++
5 Mega Bundles
6 Binge Plans
7 Big Data Plans
11 Next
22 Back
0 Menu
4
CANCEL
SEND
~Emeremgini"
positive_829.jpg,Positive,Positive,0.96029234,OCR,0.5,"A SMILE IS THE
EASIEST GIFT
TO GIVE.
Routinely Nomadic"
negative_349.jpg,Negative,Negative,0.98097867,OCR,0.5,"THE TIMES
DIEURET
NODRO
SCOTLAND
WEDNESDAY JANUARY 27 2021 | THETIMES.CO.UK | NO 73379
Printed in Scotland
£2.20 £1.10 to subscribers
(based on 7 Day Print Pack)
100,000 deaths
UK is first in Europe to lose so many to Covid Johnson 'deeply sorry' 30,000 more fatalities predicted within month
Kat Lay Health Editor
Michael Keith, Sam Joiner, Tom Calver
Boris Johnson apologised to the
nation last night as Britain became the
first European country to officially
reach the sombre milestone of more
than 100,000 coronavirus deaths.
The prime minister said that he took
full responsibility and insisted: ""We
did everything we could.""
Britain is the fifth nation to reach a
six-figure death toll after the US,
Brazil, India and Mexico. Experts said
thousands more deaths were inevita-
ble, with one estimate of 30,000 within
a month. Separate data from Johns
Hopkins University showed that there
had been more than 100 million cases
recorded around the world.
Mr Johnson said: ""I am deeply sorry
for every life that has been lost and of
course as prime minister I take full
responsibility for everything that the
government has done. We truly did
everything we could and continue to
do everything that we can to minimise
loss of life and suffering in what has
been a very, very difficult stage and a
very, very difficult crisis for our coun-
try, and we will continue to do that.""
In other developments:
The chief executive of Astrazeneca
said Britain would reach 30 million
vaccinations by the end of March and
accused EU countries of being ""emo-
tional about delays.
Chris Whitty, the chief medical offi-
cer for England, said that Britain had
reached the peak of the second wave.
The head of the NHS said the virus
could become a ""much more treatable
disease"" over the next six to 18 months..
●Parents were promised an update in
days about the prospect of children re-
turning to school, but Mr Johnson said
classes would reopen ""cautiously"".
There were 7,766 deaths registered
in the week ending January 15 with the
virus mentioned on the death certifi-
cate, bringing the total in Britain to
103,602. In Scotland the deaths of 87
people who had tested positive in the
past 28 days were registered, taking
the toll to 5,796. John Swinney, deputy
first minister, called the figure ""heart-
breaking"" as he announced it to the
Scottish parliament.
The UK government uses a separate
measure of deaths that have occurred
within 28 days of a positive test, which
also passed 100,000 yesterday. After
1,631 new deaths were recorded it
stood at 100,162. Death certificates
capture more cases because they in-
clude those in which doctors have
EU cash wanted
University principals have
urged ministers to take
money that paid for EU
students' free tuition and
fully fund Scottish higher
education. Page 4
Victims of the pandemic Top row, from left: Fayez Ayache, 76; the Right Rev Vincent Logan, 79; Manjeet Riyat, 52; Leilani
Dayrit, 47: Khulisani Nkala, 46. Second row: Gladys Lewis, 74; Peter Gough, 56; Belly Mujinga, 47; Gerallt Davies, 51; Margaret
Tapley, 84. Third row: Nasir Khan, 46; Dominga David, 62; Ray Lever, 62; Julie Penfold, 53; Anna Lisa Sayson, age unknown.
Fourth row: Karen Hutton, 58; Kevin Smith, age unknown; Eyitolami Olaolorun, 60; Amged El-Hawrani, 55; Shabnum Sadiq, 39
made a diagnosis based on clinical
symptoms even in the absence of a
positive test. Mr Johnson said it was
""hard to compute the sorrow"" in the
death toll and promised his govern-
ment would ""learn the lessons"".
Sir Keir Starmer, the Labour leader,
said that it was a ""national tragedy""
with the figure ""twice as many as died
in the Blitz [and] the equivalent of the
population of towns such as Bath or
Stevenage or Hastings"". He argued
Tesco boss payout
A Tesco supermarket
manager who was sacked
after tackling a shoplifter in
an ""intensely scary
confrontation has won a
£40,000 payout. Page 5
that ministers were too slow in re-
sponse, such as imposing lockdowns,
providing protective equipment and
testing. ""There's a strong sense that
our government has been behind the
curve at every stage,"" he said.
Professor Whitty said that daily
death numbers would fall ""relatively
slowly over the next few weeks"".
Adam Kucharski, of the London
School of Hygiene and Tropical Medi-
cine, said 30,000 more deaths were
IN THE NEWS
likely within the next month ""from in
fections that have already happened"".
The vast majority of the victims
have been older people, with 90 per
cent of those who died aged 65 or more
and 75 per cent aged at least 75. People
from black, Asian and other ethnic
minority groups have died in dispro-
portionately high numbers.
Coronavirus latest, pages 6-12
Botched response demands scrutiny,
leading artide, page 27
Girls' health warning | Trump summoned
The mental health of girls
declines sharply at 14 and
worsens through
adolescence, caused in part
by heavy social media use, a
study has suggested. Page 15
Donald Trump will be issued
with a summons for his
second impeachment trial,
although Republicans have
challenged the legitimacy of
the process. Pages 28-29
Frimpong 'letdown'
Neil Lennon says he feels
betrayed by Jeremie
Frimpong, the Dutch right
back who is on the brink of a
move to the German giants
Bayer Leverkusen. Page 66
Scottish travel
rules may be
tougher than
rest of the UK
Kieran Andrews Scottish Political Editor
Steven Swinford Deputy Political Editor
Graeme Paton Transport Correspondent
Scotland is poised to bring in tougher
quarantine rules for overseas travel-
lers than England after Boris Johnson
rejected calls by Priti Patel for the tem-
porary closure of Britain's borders.
The UK government will announce
today a limited hotel quarantine
system for arrivals from high-risk
countries in a move that is likely to
frustrate ministers at Holyrood for not
going far enough.
John Swinney, the deputy first min-
ister, said yesterday that the Scottish
government believed a comprehen-
sive system of supervised quarantine
was required.
The Times has been told that Ms
Patel, the home secretary, pushed for a
travel ban to stop potentially vaccine-
resistant strains of coronavirus from
being imported into the UK. She sug-
gested the move to give the govern-
ment time to prepare a blanket hotel
quarantine system for all arrivals.
However, Mr Johnson rejected the
call and is expected to restrict the re-
quirement for hotel quarantine to
Britons returning from 30 high-risk
countries that are covered by a travel
ban for foreigners. These include
South America, Portugal and Cape
Verde after the discovery of two new
coronavirus variants in Brazil. It also
includes South Africa and neighbour-
ing countries where another variant
emerged. Non-UK residents from
these countries are already barred
from entering Britain.
Although border control is reserved.
to Westminster, public health is
devolved to Holyrood, meaning
Scottish ministers have control over
quarantine measures.
Mr Swinney told MSPs that any
changes ""will work best on a four-
nation basis"" but signalled that Scot-
tish ministers were willing to bring in
tougher restrictions. He said: ""The
Continued on page 2, col 3
9771742 498035"
negative_397.jpeg,Negative,Negative,0.9471291,OCR,0.5,Surviving Natural Disaster
negative_786.jpg,Negative,Negative,0.8721665,OCR,0.5,"WHY CHINESE
MILITARY IS
PREPPING
FOR WAR?
No
TIMES
NOW"
negative_599.jpeg,Negative,Negative,0.67906386,OCR,0.5,"OH MY DAD
I'M SO OFFENDED
memegenerator.ns"
negative_307.jpeg,Negative,Negative,0.9879471,OCR,0.5,"Manitoba
Free Press
EIGHTY-FOUR KILLED IN COLLAPSE OF BRIDGE
SOUTH SPAN FALLS
INTO ST. LAWRENCE
CAUSE OF ACCIDENT & MISTERY"
negative_605.jpg,Negative,Negative,0.877143,OCR,0.5,"Torah-Box.com
c-live
EURONEWS ISRAEL STAMPEDE
NOW DOZENS KILLED AT RELIGIOUS FESTIVAL IN MOUNT MERON
BENEDICTIONS
www.torah-box.com/brakha
SEGOULA 'HAT ROTEL
www.torah-box.com/18
VENTE AUX ENCHERES
www.torah-box.com/encheres"
negative_012.jpg,Negative,Negative,0.97739625,OCR,0.5,"J&K: 7 ARMY PERSONNEL
KILLED SINCE MONDAY"
positive_892.jpg,Positive,Positive,0.9706629,OCR,0.5,"Add life to your days
not days to your life.
Free Download Sanjay Jangam App:
www.anjay.mim.com
Good Morning!
esanjayjangam.com"
positive_413.jpeg,Positive,Positive,0.9376774,OCR,0.5,"We always work for a better
tomorrow. But when tomorrow
comes, instead of enjoying, we again
think of a better tomorrow!
Let's have a better today.
@successpictures
@successpictures"
positive_992.jpg,Positive,Positive,0.98247004,OCR,0.5,"3.
Celebrate
BE THE REASON
SOMEBODY
SMILES TODAY.
Helen Barry, Positive Vibes Amalayana
be happy
beauty"
negative_294.jpg,Negative,Negative,0.9035088,OCR,0.5,"BIKANER-
GUWAHATI
EXPRESS
DERAILS
INDIA
TODAY
LIVE"
neutral_488.jpg,Neutral,Neutral,0.7206305,OCR,0.5,"WHY A NEW YORK CITY FAMILY
CAST OFF CONVENTION FOR A
LIFE-CHANGING YEAR ON A SAILBOAT
SEVEN
at SEA
ERIK ORTON & EMILY ORTON"
neutral_643.jpeg,Neutral,Neutral,0.8777032,OCR,0.5,"Did You Know
Newark
If I had to be locked for a week
in a room that was completely
dark or completely bright, I'd
rather...
New Question + Add Answer"
negative_134.png,Negative,Negative,0.6341588,OCR,0.5,"FACEBOOK ISN'T
SO BAD
ONCE YOU BLOCK YOUR
FAMILY AND FRIENDS."
negative_415.jpeg,Negative,Negative,0.8975852,OCR,0.5,"THE DAILY NEWS
NOVEMBER 1 FASTEST DELIVERY
GREENVILLE, 589551 USA
EXTRA! EXTRA!
CHILD
ABUSE"
positive_842.jpg,Positive,Positive,0.94207644,OCR,0.5,"It's your smile that
makes life your
more beautiful."
neutral_542.jpg,Neutral,Neutral,0.9257193,OCR,0.5,"intel
Ⓡ"
positive_997.jpg,Positive,Positive,0.9515484,OCR,0.5,"Click Here
if you don't
imagine, nothing
ever happens
at all.
- JOHN GREEN
MrGreat"
neutral_404.jpg,Neutral,Neutral,0.9393455,OCR,0.5,"How people fixed
lightbulbs before Isaac
Newton invented gravity"
positive_615.jpeg,Positive,Positive,0.91255116,OCR,0.5,you need sleep more than people.
positive_259.jpg,Positive,Positive,0.9804008,OCR,0.5,"Nobody can make you happy
until you're happy with
yourself first.
-Unknown
@InspirationalQuotes720"
neutral_003.jpg,Neutral,Neutral,0.46607897,OCR,0.5,मेरे
positive_749.jpg,Positive,Positive,0.92197657,OCR,0.5,"The mind is
everything. What you
think you become.
Buddha
EVERYDAY POWER"
neutral_916.jpg,Neutral,Neutral,0.803845,OCR,0.5,WE TESTED IT'
neutral_571.jpeg,Neutral,Neutral,0.90638256,OCR,0.5,"When you give someone a fake
number and they start dialing it in
front of you"
negative_248.jpg,Negative,Negative,0.98773587,OCR,0.5,"BUILDING COLLAPSE
HORROR IN
CENTRAL
DELHI
CAN NEWS 18"
neutral_566.jpg,Neutral,Neutral,0.86570835,OCR,0.5,"DOES COMMON EVERDAY
ACTIVITY
DOSEN'T POST IT ON
FACEBOOK"
neutral_816.jpg,Neutral,Neutral,0.77849686,OCR,0.5,"ԿՈՐԸ՝
HELICOPTER
ROPE
RIDDLE"
neutral_811.jpg,Neutral,Negative,0.646226,OCR,0.5,"NAI
NATUS VINCERE
เปิ
XBET
КУХНЯ
ROSTER MANIA"
negative_766.jpg,Negative,Negative,0.97462523,OCR,0.5,"COURTESY: LORRY YEDNAK
STEVENS
Fine Homes
CONTINUING COVERAGE
OAK ISLAND FIRE DEPARTMENT BATTLING
LARGE HOUSE FIRE
NEWS HEADLINES idents, visitors to sign up for new emergency alert system
5:03 56°
WHERE
NEWS"
negative_006.jpg,Negative,Negative,0.94440174,OCR,0.5,"R. TURKEY TO HOST TALKS?
WORLD
AT WAR
R. BREAKING
NEWS
ZELENSKYY:
NATO ALLOWING
BOMBINGS IN
UKR
DAY 10 OF RUSSIAN OFFENSIVE
RUSSIA CLAIMS UKRAINE PRESIDENT FLED TO POLAND"
positive_610.jpg,Positive,Positive,0.94038653,OCR,0.5,"Not taking
things personally
is a very important
life skill.
Via (Dark Secrets)"
neutral_149.jpeg,Neutral,Neutral,0.8932819,OCR,0.5,"THE OPTIMIZELY BLOG
TERIOF
design
Create
4 FACEBOOK AD
CAMPAIGNS TO BOOST
CONVERSION RATES
874>
7
U
B"
negative_573.jpeg,Negative,Negative,0.42201757,OCR,0.5,"If you want to save
water
Bath with your
neighbours daughter
-master oogway
Master cogway will be
back next cake day to
give you more of his
fu-kung wisdom"
neutral_368.jpeg,Neutral,Neutral,0.9723046,OCR,0.5,"doodlelotl
@Doodlelot
There are 2 kinds of cats in this world"
negative_518.jpg,Negative,Negative,0.9756152,OCR,0.5,ISRAEL BOMBS GAZA
positive_526.jpeg,Positive,Positive,0.87725866,OCR,0.5,vibe alone until you're valued.
negative_252.jpg,Negative,Negative,0.9103031,OCR,0.5,CRIME
positive_051.jpeg,Positive,Positive,0.85798013,OCR,0.5,"NAME
Happy Anniversary
Any Name Here
Ganiversaries are the days be treasure your
companion and let them know that you are going to
create the best moments in the upcoming year
Celebrate the memories of yesterday, joys of today,
hopes of tomorrow and forever togetherness."
neutral_903.jpg,Neutral,Neutral,0.8628473,OCR,0.5,"SPALDING
MAGNUS
EFFECT"
neutral_918.jpg,Neutral,Negative,0.50908136,OCR,0.5,"π
NEWTON CHANGED THE GAME"
positive_328.jpg,Positive,Positive,0.9569999,OCR,0.5,"*HAPPY
EIDD"
positive_460.jpeg,Positive,Positive,0.9630283,OCR,0.5,"Don't lose hope, you never know
what tomorrow will bring.
- Via (Dark Secrets)"
positive_355.jpeg,Positive,Positive,0.976043,OCR,0.5,"Believe that
tomorrow will be
@Meltblogs
better than today."
positive_565.jpeg,Positive,Positive,0.91306305,OCR,0.5,"You don't need to be liked
by everyone, not everyone
has a good taste."
neutral_281.jpeg,Neutral,Neutral,0.9536693,OCR,0.5,"Class
So you let all my friends to
have access to my privates?
C++
Coding Humor
Yes
That doesn't seem fair."
negative_165.jpg,Negative,Negative,0.9900521,OCR,0.5,"sky NEWS Special Report
Suicide bomb attack
in Manchester"
positive_384.jpeg,Positive,Positive,0.66218954,OCR,0.5,"15 Day
Valentine's
POST IDEAS
sorayan.com"
neutral_897.jpg,Neutral,Neutral,0.81604195,OCR,0.5,"THE SURPRISING REASON
OUR MUSCLES GET TIRED
TEDED
л"
negative_215.jpg,Negative,Negative,0.94697094,OCR,0.5,"NHK WORLD
BREAKING NEWS
HYDROGEN EXPLOSION
van le"
neutral_456.jpeg,Neutral,Neutral,0.87043905,OCR,0.5,"Day 1
Day 4
Day 5
when I was a kid :
lam a scientist"
positive_114.jpeg,Positive,Positive,0.965048,OCR,0.5,"if it keeps you happy, keep it quiet.
- Via (Dark Secrets)"
negative_735.jpg,Negative,Negative,0.95664215,OCR,0.5,"10 SOLDIERS, 1
DRIVER KILLED
IN DANTEWADA
INDIA
TODAY"
negative_610.jpg,Negative,Negative,0.9223676,OCR,0.5,"It
61 21 T1
Russia Ukraine War Update
Is This the Beginning of the Third World War (WW3)?
f SA NEWS CHANNEL
@SATLOKCHANNEL □ SA NEWS CHANNEL @SANEWSCHANNEL SANEWS.IN
SA
NEWS
सच जो आप जानना चाहते है"
neutral_422.jpeg,Neutral,Neutral,0.8258553,OCR,0.5,"Organic Chemistry
Chemistry
I love chemistry
P"
negative_821.jpg,Negative,Negative,0.98346424,OCR,0.5,"GREEK BOAT TRAGEDY:
HUNDREDS MISSING AT SEA
WION"
positive_907.jpg,Positive,Positive,0.8636768,OCR,0.5,"O/OurHappy LifePage
I may not be
the best, but I
sure am trying my
best."
positive_717.jpg,Positive,Positive,0.92701364,OCR,0.5,"Every Child Is A Different Kind Of
Fower And All Together,
Make This World.
A Beautiful Garden
WWW.DAILYSMSCOLLECTION.IN"
positive_253.jpg,Positive,Positive,0.92347,OCR,0.5,"Some of us matured early
because life showed us the
worst side of the world
at a early age.
Psychological Treatment"
positive_732.jpg,Positive,Positive,0.9746437,OCR,0.5,"Good Morning
Start
your day
with
positive comme
energy
and happy
thoughts."
negative_552.jpg,Negative,Negative,0.94552934,OCR,0.5,"CRIME SCENE DO NOT RE
DD
ENTER"
positive_016.jpeg,Positive,Positive,0.9774259,OCR,0.5,"Without rain
nothing grows,
Learn to embrace
the storms of
your life.
(Thoughts Wonder)
Thoughts Wonder"
neutral_510.jpg,Neutral,Neutral,0.78963035,OCR,0.5,"BIGSTOCK
NOWHERE"
neutral_342.jpg,Neutral,Neutral,0.8742419,OCR,0.5,My projects status
negative_758.jpg,Negative,Negative,0.9396042,OCR,0.5,"WION
WILDFIRE RAVAGE
PARTS OF SPAIN"
neutral_689.jpg,Neutral,Neutral,0.8791333,OCR,0.5,"DONT MISS OUT
MEGA SALE
Gaming Laptop
AXUS P50-X69
50%
OFF
USE CODE: SALE50
AT CHECKOUT
BUY NOW
M
MARCELI STUDIO"
negative_733.jpg,Negative,Negative,0.96588296,OCR,0.5,"AffairsCloud
India Lost Over 1.3 Lakh Lives In Disasters Linked To
Extreme Weather, Climate Change
In 50 Years: UN Agency"
negative_520.jpeg,Negative,Negative,0.6327497,OCR,0.5,"THIS IS MEDIA!
@successpictures
@successpictures
E
@successpictures"
positive_531.jpeg,Positive,Positive,0.889463,OCR,0.5,"Jokermotivationofficial
IF THEY ARE FINE
WITHOUT YOU, THEN
BE FINE WITHOUT
THEM TOO."
positive_691.jpg,Positive,Positive,0.98194027,OCR,0.5,"Just smile and be the reason
for someone to smile
sana_wr8s12"
negative_725.jpg,Negative,Negative,0.9728277,OCR,0.5,"CYCLONE TAUKTAE MAKES LANDFALL IN GUJARAT,
CAUSES DESTRUCTION ON MAHA COAST"
negative_029.jpg,Negative,Negative,0.91339684,BLIP,0.5,a large pile of rubble
positive_985.jpg,Positive,Positive,0.9727526,OCR,0.5,"""The most wasted
of all days is one
without laughter.""
Nicholas Chamfort"
neutral_162.jpeg,Neutral,Negative,0.52165705,BLIP,0.5,a man walking on a sidewalk next to a building
positive_721.jpg,Positive,Positive,0.9493381,OCR,0.5,"CHALLENGING RISKS WILL
MAKE YOU CRAVE
FOR MORE SUCCESS.
QuotesLifetime.com"
neutral_602.jpg,Neutral,Neutral,0.9073931,OCR,0.5,"KING OF THE
JUNGLE
KING OF THE
INTERNET"
negative_500.jpeg,Negative,Negative,0.9161031,OCR,0.5,"ISRAELI AIR FORCE
STRIKES BACK AT
GAZA"
negative_337.jpeg,Negative,Negative,0.9745766,OCR,0.5,"for
OXFORD
STUNNED BY
TEEN'S DEATH"
neutral_685.jpg,Neutral,Neutral,0.82045805,OCR,0.5,"ALMOST
10%
•
OF THE
PEOPLE
IN FRANCE AGED 18 TO 65 YEARS OLD
will regrettably
keep on thinking that
this is an ad for a new
•
COMPUTER
HELP US MAKE ILLITERACY THE NATIONAL CAUSE OF 2013
Sign the petition of the National Agency for the Fight Against Illiteracy in France on illettrisme2013.fr"
positive_876.jpg,Positive,Positive,0.9722526,OCR,0.5,"THERE IS ALWAYS
A REASON TO SMILE
FIND IT.
www.dpsayings.com"
neutral_934.jpg,Neutral,Neutral,0.69537055,OCR,0.5,"P
WORLD'S
a
LONGEST
STRAW"
negative_788.jpg,Negative,Negative,0.9722141,OCR,0.5,"A YEAR OF WAR IN UKRAINE
LIVES LOST AND DISRUPTED"
negative_286.jpeg,Negative,Negative,0.9294948,OCR,0.5,"CAN NEWS 18
LATEST NEWS
LATEST
UPDATES ON
BENGAL
N35222
TRAIN
TRAGEDY"
positive_736.jpg,Positive,Positive,0.98925984,OCR,0.5,"Of you stay positive
in a negative situation
you win.
HAPPY SUNDAY
HappySundayimages.com
HIOX"
neutral_063.jpg,Neutral,Neutral,0.60973704,OCR,0.5,SNAVY 203
neutral_562.jpg,Neutral,Neutral,0.7691996,OCR,0.5,"BIGGEST
SALE
SHOP NOW
UPTO 50% OFF
ON ENTIRE STORE
LIMITED TIME OFFER"
positive_265.jpg,Positive,Positive,0.97421336,OCR,0.5,"Life has no
remote. Get up
and change it
yourself.
(Wonders Diary)"
neutral_858.jpg,Neutral,Neutral,0.9069407,OCR,0.5,"TEDED
HOW DOES THE
STOCK MARKET
WORK?"
negative_270.jpg,Negative,Negative,0.9506557,OCR,0.5,"INDIA BUILDING 'FELL LIKE
HOUSE OF CARDS'"
negative_473.jpeg,Negative,Negative,0.9586228,OCR,0.5,KERALA FLOODS: SEVERE CALAMITY
positive_686.jpg,Positive,Positive,0.97375643,OCR,0.5,"I feel the best,
when I am happy.
Cool Funny Quotes.com"
neutral_741.jpg,Neutral,Neutral,0.9124981,OCR,0.5,"OpenAI GPT-4
Function Calling
0237"
negative_681.jpg,Negative,Negative,0.5814998,OCR,0.5,"I AM NOT FEELING ANYTHING,
I AM COMPLETELY
EMPTY RIGHT NOW
IT IS MAKING ME
DEPRESSED.
QuotesLifetime.com"
negative_707.jpg,Negative,Negative,0.90551233,OCR,0.5,"NEWS 18
POLICE RECOVERS MORE
HAN 13 BODY PARTS"
negative_683.jpg,Negative,Negative,0.44664997,OCR,0.5,"When it hasn't been your day, your
week, your month or even your year.
MORE"
negative_322.jpeg,Negative,Negative,0.98417807,OCR,0.5,"The New York Times.
E AS 2 AIRLINERS COLLIDE OVER
ETS BROOKLYN FIRE, KILLING 5 OT
ND PLANE CRASHES ON STATEN IS
Dillon Appointed Secretory of Treasury, A PLOT OFFROUTE 10 Brooklyn Houses Bur
Kennedy's Brother Is Attorney General FOST After Plane Hits a Chur"
negative_329.jpeg,Negative,Negative,0.9749859,OCR,0.5,"Nuclear plant accident
reported in Soviet Union
Signs indicate partial core meltdown"
positive_550.jpeg,Positive,Positive,0.97423685,OCR,0.5,"Go out in nature,
ground yourself
and relax.
- Via (Dark Secrets)"
neutral_168.jpg,Neutral,Neutral,0.921909,OCR,0.5,"TWITTER
EVERYONE
FACEBOOK
AND INSTAGRAM"
positive_522.jpeg,Positive,Positive,0.90323186,OCR,0.5,"Dealing with it alone is
powerful.
-SANGEETA RANA"
positive_889.jpg,Positive,Positive,0.8954468,OCR,0.5,"I think that wrybody that
smiles automatically looks
better.
- Diane Lane
Quotesjin.Com"
positive_952.jpg,Positive,Positive,0.91886854,OCR,0.5,"Good
things
take
time."
positive_1002.jpg,Positive,Positive,0.982501,OCR,0.5,"InspiredVibes
Eventually you'll end up where
you need to be, with who you're
meant to be with, and doing
what you should be doing.
Patience is the key.
E
中"
positive_101.jpg,Positive,Positive,0.9227232,OCR,0.5,"Success is not always
what you see.
@successpictures
successpictures"
negative_078.jpeg,Negative,Negative,0.9650556,OCR,0.5,"The Call-Chronicle-Examiner
EARTHQUAKE AND FIRE:
SAN FRANCISCO IN RUINS"
neutral_039.jpg,Neutral,Neutral,0.5733993,BLIP,0.5,a large airplane sitting on top of an airport
negative_723.jpg,Negative,Negative,0.9828811,OCR,0.5,"MYANMAR DECLARES RAKHINE
A NATIONAL DISASTER AREA
Oneindia English"
positive_824.jpg,Positive,Positive,0.9421153,OCR,0.5,"YOU MAKE ME
SMILE, LAUGH AND HAPPY.
WITH YOU EVERYTHING
MAKES PERFECT SENSE.
My Dear Valentine"
positive_761.jpg,Positive,Positive,0.9697534,OCR,0.5,"""Plant beautiful thoughts
in your mind, to
create beauty
in your life.
Dr Moses Simuyemba
Moses Chikoti
Photography"
negative_494.png,Negative,Negative,0.9488405,OCR,0.5,"Facts from Africa.
Yesterday at 4:02 AM -
The terrifying images of Khartoum city Sudan following the heavy rains that
led to floods.
Let's pray for Sudan."
positive_316.png,Positive,Positive,0.949875,OCR,0.5,"HAPPY EID*
""Ramadhan Kareem"""
neutral_134.jpg,Neutral,Neutral,0.86778736,OCR,0.5,"I WILL FIND YOU
ENTOMOLOGY CHELS
AND I WILL DESCRIBE YOU"
positive_975.jpg,Positive,Positive,0.97077906,OCR,0.5,"LIFE
IS LIKE RIDING
A BICYCLE.
TO KEEP YOUR
BALANCE YOU MUST
KEEP MOVING.
ALBERT EINSTEIN"
neutral_544.jpeg,Neutral,Neutral,0.92679095,OCR,0.5,"When your cat msgs your boss
trying to get you fired
5:08 PM
/0.=89.47
=n0vbzgv88888
888888
888
8888
Kyle Sankowicz 5:09 PM
Absolutely.
Smartest thing you've ever said."
negative_549.jpg,Negative,Negative,0.90572286,OCR,0.5,"TWEET AT YOUR OWN RISK IN INDIA
GIRLS ARRESTED
KIN THREATENED
PALGHAR"
positive_612.jpg,Positive,Positive,0.9750509,OCR,0.5,"Never regret focusing your
energy on building a better
life for yourself.
- Via (Dark Secrets)"
negative_110.jpg,Negative,Neutral,0.53624964,BLIP,0.5,a man and woman sitting on a couch
negative_269.jpg,Negative,Negative,0.9839746,OCR,0.5,"INDIA
TODAY
THANE BUILDING
COLLAPSE
10 DEAD,
11 INJURED,
20 RESCUED"
negative_465.jpeg,Negative,Negative,0.83519125,OCR,0.5,"Second
-World
War"
negative_034.jpg,Negative,Negative,0.554775,BLIP,0.5,a group of women standing in a crowd
positive_494.jpeg,Positive,Positive,0.76855034,OCR,0.5,"Sarcasm
If my man pays for lunch, I pay for
dinner, if he pays for the movie tickets,
I will buy snacks. If he's having a rough
day, I'll help him out.. 50/50.
Stop expecting to be treated like a
queen while you are not
treating him like a king."
neutral_637.jpeg,Neutral,Neutral,0.82766855,OCR,0.5,"KJAE 93.5 shared 95.7 The Jet's post.
Thursday at 08:06.
95.7 The Jet
April 2 at 06:30-
QUESTION
If you were to let
someone in your
house right now,
what would they
find on TOP of
your refrigerator?
01.6K 12.2K Comments 141 Shares"
neutral_373.jpg,Neutral,Neutral,0.94705427,OCR,0.5,"No, I will not fix
your computer again.
USE LINUX"
neutral_320.jpg,Neutral,Neutral,0.93442786,OCR,0.5,"A FEMALE
COMPUTER
IS NEEDED
CONTACT:
08030756798"
negative_700.jpg,Negative,Negative,0.969815,OCR,0.5,"TOI
DELHI TEEN MURDER: COPS
RECOVER MURDER WEAPON"
neutral_501.jpeg,Neutral,Neutral,0.9651042,OCR,0.5,"log(a+b) loga + log b
=
Gago Resolve
log (a + b) = log a + log (1+
a
LAY LL"
neutral_137.png,Neutral,Neutral,0.7056662,OCR,0.5,less than
negative_014.jpg,Negative,Negative,0.7503184,BLIP,0.5,people walking along the beach in the city
negative_843.jpg,Negative,Negative,0.9118084,OCR,0.5,"OCEANGATE EXPEDITIONS
OceanGate
EXPEDITIONS
LIVE
NOW SUBMARINE FOR TITANIC
FOXI TOURS GOES MISSING AT SEA"
negative_636.jpg,Negative,Negative,0.52110946,OCR,0.5,"It's amazing how someone
can break your heart and you can
still love them with all the little pieces.
WishesMsg.com"
neutral_068.jpg,Neutral,Neutral,0.71603525,BLIP,0.5,bmw 3 series m competition
negative_503.jpg,Negative,Negative,0.88463795,OCR,0.5,"In World
In Gaza"
negative_484.jpg,Negative,Negative,0.8576269,OCR,0.5,"SCHAUT
NICHT
WEG
#StopPutinNow
NO NS2
NO WAR
STOP
Ratin PUTIN
For VUROPE
STOP PUTIN
STOP WAR"
positive_299.jpeg,Positive,Positive,0.93257904,OCR,0.5,"Be low key.
Be private.
Be humble.
Via (Dark Secrets)"
positive_680.jpg,Positive,Positive,0.9371964,OCR,0.5,"QUOTEMENT.COM
A clear blue sky puts
everyone in a good
mood."
positive_096.jpeg,Positive,Positive,0.7835421,OCR,0.5,"1111
A KING ISN'T BORN. HE IS MADE.
@successpictures
@successpictures"
negative_594.jpg,Negative,Negative,0.6185241,OCR,0.5,"You're not
alone
So sorry for your loss
Everything happens
for a reason"
positive_029.jpeg,Positive,Neutral,0.5074234,OCR,0.5,"TOP 10
FUNNY
VIDEOS
India.com"
neutral_889.jpg,Neutral,Neutral,0.94297117,OCR,0.5,"WHY DO
JOINTS
POP?
TEDED"
positive_128.jpeg,Positive,Neutral,0.6291697,OCR,0.5,"WHY IS JUPITER THE MOST BADASS
PLANET IN THE SOLAR SYSTEM?
IT IS THE LARGEST AND
THE OLDEST PLANET.
IT'S SO LARGE THAT
1300 EARTH CAN
FIT INSIDE IT.
IT HAS 79 MOONS,
SOME OF WHICH
ARE LARGER THAN
MERCURY.
IT'S COVERED WITH LARGE
STORMS SOME OF WHICH ARE
EVEN LARGER THAN EARTH.
IT'S CALLED A 'FAILED STAR'.
IF IT HAS ENOUGH MASS, IT'S
CORE COULD'VE SUSTAINED
IT'S GRAVITY PROTECTS
EARTH FROM ASTEROIDS &
COMETS AND STABILIZES THE
SOLAR SYSTEM.
NUCLEAR FUSION LIKE THE SUN. IG/FB:- FREAKY ASTROPHILE"
positive_386.jpeg,Positive,Positive,0.9848928,OCR,0.5,Have patience and some hope. Life will be better.
positive_696.jpg,Positive,Positive,0.9570887,OCR,0.5,"""
DON'T CRY BECAUSE
IT'S OVER, SMILE BECAUSE
IT HAPPENED.
Dr. Seuss"
negative_021.jpeg,Negative,Negative,0.9718386,OCR,0.5,"SINK 3 SHIPS OFF TOKIO
R
22 DEAD ON PLANE
Carole Lombard, 15 Army Fliers Victims
STAR
BACK
SubRAF in
3
Malaya
Ships Me A Rips laps
POSSE FINDS
BURNED WRECK
OF LA AIRLINER"
negative_049.jpg,Negative,Neutral,0.5434575,OCR,0.5,"Thank you
for driving
carefully
Cars"
positive_823.jpg,Positive,Positive,0.9635999,OCR,0.5,"QUOTES HINDI ENGLISH
""Because of your
smile, you make life
more beautiful.""
- Thich Nhat Hanh"
negative_502.jpg,Negative,Negative,0.94665325,OCR,0.5,"""Tragedy in South Lebanon provides vital information about a topic often
misreported by the mainstream media...This is an important book.""
Reese Erlich, author of The Iran Agenda: The Real Story of US Policy and the Middle East Crisis
TRAGEDY
IN SOUTH LEBANON
The Israeli-Hezbollah War of 2006
Cathy Sultan
Author of A Beirut Heart and
Israeli and Palestinian Voices"
neutral_919.jpg,Neutral,Neutral,0.8961075,OCR,0.5,"EZ ES E4
ES
ELMEZ
E8
3D
PRINTED
ROCKETS"
neutral_878.jpg,Neutral,Neutral,0.6385356,OCR,0.5,"SLEEP TO REMEMBER
TEDED
REMEMBER TO SLEEP"
positive_196.jpeg,Positive,Positive,0.87690836,OCR,0.5,"IT'S MY
BIRTHDAY!"
positive_492.jpg,Positive,Positive,0.7203994,OCR,0.5,"Every school
should have an
organic garden that
is maintained by a
gardening class,
while the food
grown is used to
feed the students."
neutral_769.jpg,Neutral,Neutral,0.86274123,OCR,0.5,"Bounce Ball
Homemade Crazy Ball
CLINIC
PLUS+
STRONG&LONG
HEALTH SHAMPOO
MK PROTE
FEVI
GUM
lime"
positive_910.jpg,Positive,Positive,0.8399965,OCR,0.5,"Sweet Sig
I like to watch you smile
because your smile
means the world to me
B"
positive_856.jpg,Positive,Positive,0.9269978,OCR,0.5,"66
Go ahead, make
me smile.
LOVE KNOW"
positive_850.jpg,Positive,Positive,0.9297647,OCR,0.5,"I have witnessed the
softening of the hardest of
hearts by a simple smile.
Goldie Hawn
BrainyQuote"
negative_246.jpg,Negative,Negative,0.9903221,OCR,0.5,"HOSPITAL BUILDING COLLAPSE
Voice of Upendra Jain, IGP Bhopal
OCAN
Bhop: CNN-IBN
LIVE
BREAKING NEWS
ALTIES
AS
VET
INDIA HOSPITAL CEILING COLLAPSES CAN
Officials: Ceiling of one floor has fallen in two-story building
DAX
-8.43"
negative_649.jpg,Negative,Negative,0.6149267,OCR,0.5,"Where
there is
LOVE,
there is
PAIN
SPADEQUOTES.COM"
positive_569.jpeg,Positive,Positive,0.96305287,OCR,0.5,"Stay out, let them
fix their own karma.
- Via (Dark Secrets)"
positive_659.jpg,Positive,Positive,0.77543133,OCR,0.5,"""Willpower is
like a muscle,
the more
frequently
you train it,
the stronger
it gets.""
-Unknown
www.shackinginsneakers.com"
neutral_707.jpg,Neutral,Neutral,0.8247128,OCR,0.5,"POWERPOINT
TEMPLATE
We would like to offer you a stylish and reasonable
presentation that will help you to promote your business
Slide Members"
neutral_360.jpeg,Neutral,Neutral,0.95225286,OCR,0.5,"MERGE SORT IN
PYTHON
-
By @pythoncodess
12 35 87 26 9287
12 35 87 26
9287
12 35
87 26
9 28
7
12
35
87
26
9
28
7
1235.
26 87
928
7
12 26 35 87
7 9 28
✓
7 9 12 26 28 35 87"
negative_647.jpg,Negative,Negative,0.58134794,OCR,0.5,"The saddest part in life is saying
goodbye to someone you wish
to spend your lifetime with.
FunZumo.com"
neutral_217.jpeg,Neutral,Neutral,0.8071836,OCR,0.5,"People: I don't watch WWE
because it's fake.
Me:
So you watch
movies because
they are real?"
positive_1021.jpg,Positive,Positive,0.96021485,OCR,0.5,"happy
MIND
happy
LIFE"
negative_524.jpeg,Negative,Negative,0.5961385,OCR,0.5,"Make it empty!
WEB
Idle robbery"
negative_740.jpg,Negative,Negative,0.8833349,OCR,0.5,"'SACRED BATTLE
WITH THE WEST'
NEWS
18
LIVE"
positive_870.jpg,Positive,Positive,0.9493346,OCR,0.5,"One of the most rewarding
things in life is to always put
a smile on your face.
Quotesjin.Com"
positive_573.jpeg,Positive,Positive,0.6806487,OCR,0.5,Celebration
neutral_935.jpg,Neutral,Neutral,0.8063368,OCR,0.5,"2018
2023
CN CN
CARTOON NETWORK
CARTOON NETWORK"
positive_568.jpeg,Positive,Positive,0.9530388,OCR,0.5,"let them be them, let us be us."
positive_333.jpeg,Positive,Positive,0.8123001,OCR,0.5,HAPPY HOLD
positive_863.jpg,Positive,Positive,0.95991063,OCR,0.5,"103
Smile Quotes
To Make Your Day
Better
wisdomquotes.com"
positive_595.jpeg,Positive,Positive,0.9071094,OCR,0.5,"Everyone says you only
fall in love once but
that's not true
because
every time
when I see you,
I fall in love
all over again."
positive_274.jpg,Positive,Positive,0.9819547,OCR,0.5,"The key to
success is to
focus on
@Motivational Life
goal, not
obsactles."
positive_518.jpeg,Positive,Positive,0.8806829,OCR,0.5,"Consistency
is attractive."
positive_817.jpg,Positive,Positive,0.90311,OCR,0.5,"Don't let someone snatch
your smile!"
positive_069.jpg,Positive,Positive,0.9518995,OCR,0.5,"Learn from yesterday,
live for today,
hope for tomorrow.
The important thing
is not to stop questioning.
-Albert Einstein
RD"
neutral_291.jpg,Neutral,Neutral,0.84892976,OCR,0.5,"Our
when
performance
team's
collaborate
we"
positive_121.jpg,Positive,Negative,0.40700495,BLIP,0.5,a man climbing on a rock
negative_542.jpeg,Negative,Negative,0.91358876,OCR,0.5,HIROSHIMA DAY - 6 AUGUST
positive_576.jpeg,Positive,Positive,0.82766944,OCR,0.5,"The Best
WEDDING RECEPTION...Ever!
TOUR GUIDE TO CREATING AN UNFORGETTABLY FUN CELEBRATION
PETER MERRY"
positive_681.jpg,Positive,Positive,0.9296435,OCR,0.5,"Ask yourself if what
you're doing today is
getting you closer to
where you want to be
tomorrow."
positive_117.jpg,Positive,Positive,0.7643522,OCR,0.5,"Being late doesn't mean
failure. Maybe it means getting
ready for a great launch.
@successpictures
successpictures
Successpictures
56"
negative_304.jpeg,Negative,Negative,0.98816156,OCR,0.5,"OF
NEWS
WORLD
HOLE IN
HEART OF
THE CITY
alamy
PICTURE EXCLUSIVE
ARACE
HORSES
MORE TO COME
WARN IRA
alamy"
positive_127.jpeg,Positive,Positive,0.97951114,OCR,0.5,"A satisfied life is better
than a successful life,
because our success is
measured by others, but
our satisfaction is
measured by our own
soul, mind and heart."
neutral_043.jpg,Neutral,Neutral,0.8109484,OCR,0.5,www
neutral_246.jpeg,Neutral,Neutral,0.61731195,OCR,0.5,"THE CHANCES OF YOUR CAT STEALING
YOUR BF/GF ARE LOW...
BUT NEVER ZERO."
negative_769.jpg,Negative,Negative,0.9791432,OCR,0.5,"BEYOND THE
HEADLINE
WITH TAMANNA INAMDAR
MAN MADE DISASTER OR
CLIMATE CHANGE IN GOA?
MIRROR
NOW"
positive_365.jpeg,Positive,Positive,0.8994725,OCR,0.5,"LIFEMELLO
IF YOU TRY AND FAIL,
CONGRATULATIONS.
MOST PEOPLE
WON'T EVEN
TRY."
positive_411.png,Positive,Positive,0.88402295,OCR,0.5,"Happy
Anniversary"
neutral_892.jpg,Neutral,Neutral,0.8625183,OCR,0.5,"WHAT CAUSES
INSOMNIA?
TEDED
11 12 1
☑"
negative_035.jpg,Negative,Negative,0.91118443,OCR,0.5,"INDIA-CHINA GALWAN STAND-OFF:
AT LEAST 20 SOLDIERS KILLED"
positive_762.jpg,Positive,Positive,0.96371055,OCR,0.5,"We're in each others's
life for a reason.
Thanks for
showing up"
negative_889.jpg,Negative,Negative,0.9658551,OCR,0.5,"NEWS
Delhi Fridge Murder
CCTV Footage Shows Nikki Yadav
Hours Before Death"
positive_473.jpg,Positive,Positive,0.5935011,OCR,0.5,"@Tinola
My only goal in
life is to convince
every cat that i'm
their friend."
neutral_171.jpeg,Neutral,Neutral,0.7918699,OCR,0.5,welcome
negative_403.jpeg,Negative,Negative,0.97717404,OCR,0.5,"ess
ina quake toll tops 1,7
top 150K
hhe Ve
DISASTER
Pers
ttle Chile
Quake survive
Volcan"
positive_939.jpg,Positive,Positive,0.9860347,OCR,0.5,"There are so many
beautiful
reasons to be happy."
neutral_708.jpg,Neutral,Neutral,0.9349717,OCR,0.5,"口飲
PowerPoint Presentation
Premium Quality Presentations will be
delivered in time
Ppt and Pdf format"
positive_750.jpg,Positive,Positive,0.9312819,OCR,0.5,"All things are difficult
before they are easy.
Thomas Fuller
quotefancy"
positive_122.jpeg,Positive,Positive,0.96464294,OCR,0.5,"Rediate good cheer and
goodwill towards everyone. It
works like a magnet. You
attract what you rediate.
- Via (Dark Secrets)"
negative_175.jpg,Negative,Negative,0.9862398,OCR,0.5,"The Des Moines Register
11 SWEPT TO DEATH IN FLOOD
Others Lost; Audubon, Exira Homes Float Away
TERROR YOU
25"
neutral_537.jpeg,Neutral,Neutral,0.9070554,OCR,0.5,"Afternoon
me
The lunch
packed by
morning me"
neutral_264.jpg,Neutral,Neutral,0.91035455,OCR,0.5,"Hackers in movies after
smashing their keyboard for
0.0001 seconds
TAP
TAP
I'm in"
positive_754.jpg,Positive,Positive,0.98990726,OCR,0.5,"""Inspiration comes from
within yourself. One has
to be positive. When
you're positive, good
things happen.""
-
Deep Roy
Routinely Nomadic"
negative_007.jpg,Negative,Negative,0.9896247,OCR,0.5,"UKRAINE UNDER ATTACK
RUSSIAN SHELLING IN OKHTYRKA
INDIA
TODAY"
neutral_512.jpeg,Neutral,Neutral,0.95605534,OCR,0.5,"@orazio_kovac
Meme cats
ANNUAL
MEETING
orajo ovar"
negative_264.jpg,Negative,Negative,0.9172996,OCR,0.5,"INDIA
TODAY
RAJASTHAN
NEWS
CHILLING
MURDER
CAUGHT
ON CAM"
negative_075.png,Negative,Negative,0.89836407,OCR,0.5,EARTHQUAKE ALERT
negative_341.jpeg,Negative,Negative,0.9712788,OCR,0.5,"THE TIMES OF IN
दहे आप
www
cast how Mass suicide? 11 of family 48 de
Morcodes &
have
PM
found dead in city home
Diary Recovered
with Notes On
Mass Salvation
falls in
When Driver
MIN LASE BUSSIAN BATTL"
neutral_862.jpg,Neutral,Neutral,0.88225913,OCR,0.5,"TEDED
HOW DOES
ASTHMA
WORK?"
negative_492.jpg,Negative,Negative,0.98499346,OCR,0.5,"Record TV Kenya
BREAKING A Russia's Putin announces a try operation in Ukraine, Ukrainian Interior
confirms that its capital Kyle is under attack from Russian cruise and balls. W
begun"
neutral_648.jpeg,Neutral,Neutral,0.7826667,OCR,0.5,"Owen Edward Richeson IV-with
Jeneer Johnson Richason
I'm most grateful for
My wife and son!
Like Comment Share"
positive_507.jpg,Positive,Positive,0.91490626,OCR,0.5,"Happy Independence Day
2020"
neutral_917.jpg,Neutral,Neutral,0.9486103,OCR,0.5,HOW DOES THIS WORK?
positive_071.jpg,Positive,Negative,0.4219211,OCR,0.5,CFA
positive_389.jpeg,Positive,Neutral,0.5863283,OCR,0.5,"2 DIFFERENT MINDSETS
ENTRE
PRE
NEUR"
neutral_425.jpg,Neutral,Neutral,0.95078087,OCR,0.5,"NORMAL VS PROGRAMMERS
PEOPLE
Empty
• Problems
Fixing
OPURE.PYTHON
Null
Bugs
Debugging
⚫ And so on...
Loops
Every single...
Human, Computer,
Tree
Fake ID
∙ 1
English, German,
Spanish
For-Each
Object
• lid
.0
Python, C, C++"
positive_405.jpeg,Positive,Positive,0.9667331,OCR,0.5,"Don't be jealous of
anyone.
Don't compete with
anyone
Just focus on becoming
the best version of
yourself."
neutral_703.jpg,Neutral,Neutral,0.95553005,OCR,0.5,"sidesmania.com
Here goes your
presentation title.
And here your subtitle."
neutral_922.jpg,Neutral,Neutral,0.88172865,OCR,0.5,THEY'RE MAKING A COMEBACK
neutral_939.jpg,Neutral,Neutral,0.9048028,OCR,0.5,Top 10 Interesting Facts
negative_143.jpg,Negative,Negative,0.8793833,BLIP,0.5,a woman and child in a car
neutral_887.jpg,Neutral,Neutral,0.86502874,OCR,0.5,"TEDED
CAN YOU SOLVE
THE CONTROL ROOM RIDDLE?"
neutral_257.jpeg,Neutral,Neutral,0.92384636,OCR,0.5,"spiders are
the only web
developers in
the world that
enjoy finding
bugs"
positive_086.jpeg,Positive,Positive,0.9518472,OCR,0.5,"Sometimes you have to
blame yourself because
you knew better.
Via (Dark Secrets)"
negative_433.jpg,Negative,Negative,0.9459951,OCR,0.5,"The TOI report on December 11
Torture, abuse & disease: Home for
juveniles itself needs correction
Inspection Of Noida's Only Correction Home Reveals Chilling State Of Affairs
Shafaque Alem
#timesgroup.com
Noida: A year old boy recent
ly reused from Noida's only
home for juvenile offenders
spent most of his detention
worrying about how to on
nise canli to buy access to his
bunily members on visitor
ditys Not paying up could mean
much worse than missing the
moting it could be a simple
beating at the hands of ""
nies on a lucky day On bad
ones, it would spell hours of
tortur head dunking in the
wash basin or toilet pot, and
one's face being urinated upon
The main objective of any
or reformations
home is exactly what the name
to show yo
who have stayed the right path
help them
ALK
Seel re
crimes
committed by juveniles are not
only rising but getting more
belnoux the Nolda home ap
pears to be a polar opposite
by deepening the scars rathe
than apply the hea
the healing touch
The state of affairs inside
the home came to light after a
district legal services muthority
(DSA) inspection on October
this year in its report filed on
October is to the distri
district magistrate the home's
probation officer the juvenile
justice board chairman, the
DESA cised accounts of several
Inmates to raise concern about
serious flaws in the win the
home was run
The inmates showed their
Injay marks and gave the
the juvenile justice bond went
on an inspection of the home on
November ""The trimates told
me they are add topoy Rs500
200 per visit of their family
members They are also asked
towash clothesandelen tollets
if they do not pay Ewen in win-
observation home Shetoon
tions that the extortion's ring
leader appears to be this man.
and adds. The inmates whol
to pay the money suffer
Hat they do not complain for
Ing more attacks My son con
fided in me but requested me
come so severe that they face
difficulty in performing nor
mal activities the DLSA re
port said
District magistrate BN
Singh told TOI be hadd
the DLSA report and directed
the chief medical officer to send
The inmates showed
their injury marks to
the inspection team
from DLSA, alleging
some 'seniors' were in
cahoots with certain
officials in extorting
money from inmates
inmates accused in heinous
crimes like murder and rape
One of the inmates came to Nol
ds and contacted Child for
hep On July 28 that year the
Gautam Budh N
tration set up the Noida juve
nile home to Phase2 But just a"
positive_972.jpg,Positive,Positive,0.97212917,OCR,0.5,"""Miracles happen
everyday, change your
perception of what a
miracle is and you'll see
them all around you.
-Jon Bon Jovi"
negative_753.jpg,Negative,Negative,0.842314,OCR,0.5,"Atlantic Council
Council
Atlantic Council
Atlantic Council
Atlantic Council
Atlantic Council
Atlanti
Atlantic Council
THE
NEWS WITH
WHY INTERNATIONAL RELATIONS THEORY
SHEPARD SUGGESTS GREAT-POWER WAR IS COMING
SMITH
CNBC"
positive_242.jpg,Positive,Positive,0.96960115,OCR,0.5,"66
To be calm is the
highest achievement
of the self.
- Zen Proverb"
neutral_873.jpg,Neutral,Neutral,0.8391473,OCR,0.5,"HOW DOES
LASER EYE
SURGERY
WORK?
эт
TEDED"
neutral_182.jpeg,Neutral,Negative,0.5572565,OCR,0.5,"when you see someone suffering from
depression.
We Post memes here, sir."
neutral_777.jpg,Neutral,Neutral,0.7075504,OCR,0.5,"Boost Your Home's Worth!
TOP
DIY HOME
IMPROVEMENT
PROJECTS"
negative_812.jpg,Negative,Negative,0.97049594,OCR,0.5,"1.00
BREAKING NEWS
INDIA
TODAY
INDIA TODAY ACCESSES CCTV IMAGES
BEFORE MURDER
ST ON INDIA TOD
HAST
NEW DELHI
SHIV AROOR. EXECUTIVE EDITOR
INDIA
TODAY"
positive_407.jpeg,Positive,Positive,0.92685175,OCR,0.5,"Scrapsplanet.com
Warm Greetings
on
Durga Puja
May Maa Durga
gives us the power
to fight against
all corruption"
positive_954.jpg,Positive,Positive,0.96610916,OCR,0.5,"My goal is not to
be better than
anyone else, but
to be better than I
used to be
www.Rishikajain.com"
positive_294.jpeg,Positive,Positive,0.98601115,OCR,0.5,"Everyday is a new
beginning, a new chance
to make today better
than yesterday.
Via (Dark Secrets)"
positive_285.jpg,Positive,Positive,0.98359984,OCR,0.5,"Go confidently in the direction of
your dreams! Live the life you've
imagined.
- Henry David Thoreau
@Inspirational Quotes720"
neutral_181.png,Neutral,Neutral,0.8671514,OCR,0.5,">YouTube
Mohuel TV"
positive_015.jpg,Positive,Positive,0.97686386,OCR,0.5,"When life knocks you
down, roll over and
look at the stars.
- Via (Dark Secrets)"
neutral_595.jpg,Neutral,Neutral,0.8984524,OCR,0.5,"it could all be so simple
Bongleris
you
me
horror
chicken wings
movie
marathon"
negative_739.jpg,Negative,Negative,0.8756413,OCR,0.5,"WORLD
WAR III
SOON?
LIVE
INDIA
TODAY
WAY"
positive_768.jpg,Positive,Positive,0.95476985,OCR,0.5,"Today's GOAL:
DON'T FORGET TO
BE AWESOME!
->>>"
positive_002.jpg,Positive,Positive,0.49530506,OCR,0.5,30
positive_766.jpg,Positive,Positive,0.86944866,OCR,0.5,"It is never too late to be
who you might have been.
George Elliot
sourcesofinsight.com"
negative_152.jpg,Negative,Neutral,0.4588966,BLIP,0.5,a hospital room with a lot of beds and a lot of people
neutral_690.jpg,Neutral,Neutral,0.77086246,OCR,0.5,"Interpretation Facts:
5 Things Everyone
Needs to Know"
positive_241.jpg,Positive,Positive,0.9732678,OCR,0.5,"You must teach your
heart to accept what
cannot be changed.
- Via (Dark Secrets)"
negative_344.jpeg,Negative,Negative,0.91716623,OCR,0.5,"Heart Breaking News
Sushant Singh Rajput Commits
Sucide, RIP"
neutral_848.jpg,Neutral,Neutral,0.78423506,OCR,0.5,"TEDED
HOW PREGNANCY
PREGO-PRESTO
TESTS WORK"
negative_327.jpeg,Negative,Negative,0.898349,OCR,0.5,"FINAL 5 New York Mirror
Marilyn
Monroe
Kills Self
Found Nude in Bed...Hand
On Phone... Took 40 Pills
Begin Her Life Story - Page 3"
positive_164.jpg,Positive,Neutral,0.59473556,BLIP,0.5,a young girl is smiling while holding a tennis racket
negative_458.jpeg,Negative,Negative,0.8842397,OCR,0.5,"FRAUD
2400
HO
7500
869195"
neutral_531.jpg,Neutral,Neutral,0.90758073,OCR,0.5,"! Just QR-code!
Lorem Ipsum Dolor
QR-code
Lorem ipsum dolor
sit amet
Lorem Ipsum QR-code
Nothing
Quick Response
Code
Sample abstract
QR-code
Sample QR-code
© CanStockPhoto.com-csp44718140
Ut enim ad
minim veniam"
positive_341.jpeg,Positive,Positive,0.9566181,OCR,0.5,"Happy
Holi"
positive_657.jpg,Positive,Positive,0.8898805,OCR,0.5,"PUSH
YOURSELF
NO ONE IS GOING TO DO IT FOR YOU"
neutral_541.jpeg,Neutral,Neutral,0.9214648,OCR,0.5,"Sarcasm
{ }
Impossible"
positive_368.jpeg,Positive,Positive,0.97635365,OCR,0.5,"Staying positive
makes a big
@Motivational Life
difference in life."
positive_138.jpeg,Positive,Positive,0.952507,OCR,0.5,"Time is precious.
Make sure you
spend it with the
right people."
negative_105.jpg,Negative,Negative,0.93988776,OCR,0.5,"ESSEN
MA
サワケン
LIVE
NHK WORLD
s estimated at 7.9.
BREAKING NEWS
POWERFUL QUAKE ROCKS JAPAN
INEWSLINE
BREAKING NEWS: A powerful quake hit"
positive_946.jpg,Positive,Positive,0.9604838,OCR,0.5,"GOOD THINGS COME
TO THOSE WHO
sweat.
2.5KG
POPSUGAR"
negative_145.jpg,Negative,Negative,0.9940846,OCR,0.5,"40 killed, 30 injured in
suicide bomb attack
ANI"
neutral_391.jpeg,Neutral,Neutral,0.9497672,OCR,0.5,"An Introduction to
Semantics"
negative_416.jpg,Negative,Negative,0.8335912,OCR,0.5,"1914
FIR"
neutral_393.jpg,Neutral,Neutral,0.73206353,OCR,0.5,"This world is funny,if the government finds
diamonds in your backyard it is government
property but if they find drugs it's yours."
neutral_473.jpeg,Neutral,Neutral,0.7623235,OCR,0.5,"BREAKFAST
recipe
With Chef
Kevin
Matthews"
negative_886.jpg,Negative,Negative,0.9818164,OCR,0.5,"MAN MURDERED, BODY
CHOPPED INTO PIECES
INDIA
TODAY"
neutral_387.jpeg,Neutral,Neutral,0.9502542,OCR,0.5,"DEVELOPERS LIFESTYLE
Linux
on
PC
404 Mind Nca Found
Linux
in
VirtualBox
@developers_lifestyle"
negative_839.jpg,Negative,Negative,0.98821306,OCR,0.5,"DEATH TOLL
RISES
✓ NEWS"
positive_990.jpg,Positive,Positive,0.9569134,OCR,0.5,"""Live with no
excuses and
travel with no
regrets""
A ADVENTURE IN YOU"
negative_466.jpeg,Negative,Negative,0.87969065,OCR,0.5,"World War 2
Fact of the Day"
negative_521.jpeg,Negative,Negative,0.88267183,OCR,0.5,"HIROSHIMA
AND NAGASAKI
75 YEARS LATER
75th Anniversary of the Bombing
H
TONIGHT
HISTORY
SEPTEMBER
FRIDAY at 8.05PM"
negative_614.jpg,Negative,Negative,0.8996688,OCR,0.5,"w cases in 24hr
FOOD
dreamstime
EWA
The outrennen daily
dreams
INSIDE TODAY
⑥dreamstime.com
rtime
dreamstime
www.newagebd.net
dreamstime
Dhaka, Sunday, April 15, 20, Baishakh 6, 1427 B5
COVID-19 death toll 84, Bo
patients 2,144
nennle died of
Staff Corresponden mstime
COVID-19 situation in Bangladesh
t
rtime
que 3 Taila
your daily
dreamstime
OUR
Sunday 19 April 2020 Dhaka Editor
yt food
sed t
ID 180004529 Onuchcha"
positive_982.jpg,Positive,Positive,0.8798847,OCR,0.5,"3
Corporate Bytes
IF YOU CAN REMAIN CALM
IN A STRESSFUL SITUATION,
YOU WIN."
negative_653.jpg,Negative,Negative,0.58928525,OCR,0.5,"66
A part of
me has
departed
with you.
LOVE KNOW"
positive_095.jpeg,Positive,Positive,0.91160643,OCR,0.5,"NEVER COMPARE YOURSELF WITH
ANYONE. YOU ARE UNIQUE, COMPLETE
AND BEAUTIFUL.
-ADEEP"
positive_179.jpeg,Positive,Positive,0.9300939,OCR,0.5,"MY LIFE
WITHOUT
YOU NOT
POSSIBLE"
negative_033.jpg,Negative,Negative,0.9413668,BLIP,0.5,a forest fire burning through the trees
negative_752.jpg,Negative,Negative,0.93264765,OCR,0.5,"PUTIN'S
TROOPS
'TRAPPED'
18
NEWS
‣LIVE"
neutral_164.png,Neutral,Neutral,0.94493425,BLIP,0.5,three screens showing the messages on their phones
neutral_524.jpeg,Neutral,Neutral,0.64904225,OCR,0.5,"BACK
FRONT"
negative_438.jpeg,Negative,Negative,0.9535507,OCR,0.5,CRIME SCENE DO NOT CROSS
negative_533.jpg,Negative,Negative,0.87367976,OCR,0.5,"!! भावपुर्ण श्रद्धांजली !!
पुलवामा शहीदों को शत्-शत् नमन"
neutral_914.jpg,Neutral,Neutral,0.8655226,OCR,0.5,"WEIGHT BLOCK
OILED
LANE"
negative_612.jpg,Negative,Negative,0.9367196,OCR,0.5,"R. FIR AGAINST CONG MP
BREAKING NOW FAKE NEWS PROBE
BREAKING NEWS
FIR AGAINST CONG
MP & 6 LUTYENS'
REPORTERS
REPUBLIC.
REPORT
FAKE NEWS CRACKDOWN
NOIDA: FIR FILED AGAINST CONG MP"
negative_664.jpg,Negative,Negative,0.9692801,OCR,0.5,"AMP drive
वर्ष 59
12 PEOPLE DIED IN THE
INDORE TEMPLE INCIDENT
Oneindia English
13"
neutral_517.jpeg,Neutral,Neutral,0.96571374,OCR,0.5,"What's the output ?
A. aaa package com.smartprogrammer;
public class JavaQuiz {
public static void main(String[] args) {
}
for (int x=0; x < 5; x++);
System.out.print(""a"");
B. a
10}
C. Error
D. None"
positive_007.jpeg,Positive,Positive,0.9309275,OCR,0.5,"ONE DAY EVERYTHING WILL BE OKAY.
BOOK OF PROSPERITY"
neutral_842.jpg,Neutral,Neutral,0.95361626,OCR,0.5,"HOW DO
JELLYFISH
STING?
TEDED"
negative_238.jpg,Negative,Negative,0.97309935,OCR,0.5,"DEVASTATING KHARKIV ATTACK
NUMBING VIDEO CAPTURES MISSILE ATTACK
INDIA
TODAY"
positive_456.jpeg,Positive,Positive,0.96316963,OCR,0.5,"You and only you
have the power to
change your life.
- Via (Dark Secrets)"
negative_480.jpg,Negative,Negative,0.7296035,OCR,0.5,"НЕТ ВОЙ НЕ
СВОБОДУ ПРИВАТНЕНИЕ"
neutral_384.jpg,Neutral,Neutral,0.9612782,OCR,0.5,python... developer
negative_641.jpg,Negative,Negative,0.5183132,OCR,0.5,"If you love someone
more, he will hurt
you the most.
linepoetry.com"
positive_958.jpg,Positive,Positive,0.9787494,OCR,0.5,"IN A GENTLE WAY,
YOU CAN SHAKE
THE WORLD
MAHATMA GANDHI
Happy 360
lives
WWW.HAPPYLIVES 360.COM"
negative_665.jpg,Negative,Negative,0.99177074,OCR,0.5,"UTTARAKHAND: 26 PILGRIMS
DEAD IN TRAGEDY
MIRROR
NOW"
neutral_436.jpg,Neutral,Neutral,0.7721035,OCR,0.5,"--10
NUTS
your daily dose of
Immunity
+91 9819 599 599
www.ilovestore.in
Follow Us:
care@ilovestore.in"
positive_803.jpg,Positive,Positive,0.9536706,OCR,0.5,"The
ones with wisdom
don't take life too seriously.
Maxime Lagacé"
neutral_684.jpg,Neutral,Neutral,0.80705535,OCR,0.5,"4G
airtel
SWITCH TO
INDIA'S WIDEST
4G NETWORK
airtel.in/4G
NEAR UMAIM LAKE"
negative_098.jpg,Negative,Neutral,0.65000844,OCR,0.5,depositphoto
neutral_286.jpeg,Neutral,Neutral,0.75927687,OCR,0.5,"Alcohol and Calculus don't mix
Don't Drink and Derive"
negative_539.jpeg,Negative,Negative,0.865028,OCR,0.5,"सा
आगाल में इन्साफ करो
DOWN WITH LONDON DOWLYMPICS
डाव कम्पनी को ओलम्पिक खेलों से भगाओ"
positive_807.jpg,Positive,Positive,0.8806904,OCR,0.5,"A smile is a friend
maker.
Bangambiki Habyarimana
EVERYDAY POWER"
negative_408.jpeg,Negative,Negative,0.83389837,OCR,0.5,BHOPAL GAS
positive_395.jpeg,Positive,Positive,0.9678375,OCR,0.5,"Trust yourself,
you've survived a lot
and you'll survive
whatever is
coming.
(Wonders Dairy)
Wonders Dairy
www.wondersdairy.com"
neutral_630.jpeg,Neutral,Neutral,0.64029294,OCR,0.5,"NOTHING MATTERS
""HAHA NOPE
""AT
ALLP
...it Never Has!"
neutral_224.jpg,Neutral,Positive,0.91471124,OCR,0.5,"MILLENIAL MINDSET
IF YOU GENUINELY WANT
SOMETHING, DON'T WAIT FOR IT--
TEACH YOURSELF TO BE IMPATIENT."
positive_725.jpg,Positive,Positive,0.97482586,OCR,0.5,"""Be happy for this
moment.
This moment is your
life.""
Omar Khayyam
Routinely Nomadic"
positive_632.jpg,Positive,Positive,0.9735908,OCR,0.5,"""Whatever you think
that you will be.
if you think yourself weak,
weak you will be;
if you think yourself strong,
you will be.'
Swami Vivekananda"
neutral_101.jpeg,Neutral,Negative,0.53374857,BLIP,0.5,a dog jumping over a rocky beach
negative_762.jpg,Negative,Negative,0.97012866,OCR,0.5,"DNA VIDEO
Bharuch (Gujarat)
A massive fire broke out at a packaging company
in Bharuch GIDC of Gujarat on March 22"
negative_807.jpg,Negative,Negative,0.85895586,OCR,0.5,"HOUSE
sky news ✶✶✶✶ THE
TINA TURNER
DEATH:***
'INCREDIBLY SAD NEWS'
N"
neutral_187.jpeg,Neutral,Neutral,0.8727582,OCR,0.5,"WOW THESE MEME
PICTURES ARE HILARIOUS
OBETTER POST THEM ON
FACEBOOK SO OTHER PEOPLE
CAN FIND OUT ABOUT THEM"
positive_024.jpeg,Positive,Positive,0.9085306,OCR,0.5,"You are entering a
state where everything
works in your favor.
- Via (Dark Secrets)"
negative_161.jpg,Negative,Negative,0.57306993,OCR,0.5,"00
Sir main gareeb hu..
Bsdk Galat set pe Aya hai tu"
neutral_933.jpg,Neutral,Neutral,0.79856986,OCR,0.5,"7
Humans only emit a tiny
fraction of the CO2
released into the
atmosphere every
year
You Tube"
neutral_805.jpg,Neutral,Neutral,0.94096774,OCR,0.5,"search bin a sp
.st-sub-indicat
ent.cart-menu.cart-1
der-outer.trans
sf-menu >
OV
RDV
.sf-me
BV > ul
TV ul
TREEV
ent, header#t
Sdios
Club
2 WEEKS
2 WEEKS
4 WEEKS
JS"
negative_637.jpg,Negative,Negative,0.7113088,OCR,0.5,"We need to talk.
10:48.
dreamstime
It's not you. It's me.
12:53
You deserve better.
12:53"
positive_682.jpg,Positive,Positive,0.9742515,OCR,0.5,"Start each day
with a positive
thought and a
grateful heart.
Roy T. Bennett"
neutral_318.jpeg,Neutral,Neutral,0.85787785,OCR,0.5,"Imagine becoming a Billionaire
at the age of your battery
percentage right now?
Mine: 35 years"
negative_760.jpg,Negative,Negative,0.97827536,OCR,0.5,"MASSIVE FIRE AT PVC MARKET
IN DELHI, WATCH VIDEO
Oneindia English"
positive_537.jpeg,Positive,Positive,0.8008641,OCR,0.5,"DON'T ALLOW SOMEONE ELSE
TO KILL YOUR DREAMS.
@successpictures
@successpictures"
negative_191.jpg,Negative,Negative,0.9586621,OCR,0.5,"NIPPON TV
NEWS 24
JAPAN
0テレ
Technology leads
to new findings
on Fukushima disaster
Fukushima Central TV/Nippon TV"
negative_052.jpg,Negative,Negative,0.9320817,OCR,0.5,"SUPER CYCLONE,AMPHAN INTENSIFIES
520 KM FROM SOUTH ODISHA
INDIA
TODAY"
neutral_932.jpg,Neutral,Neutral,0.9244312,OCR,0.5,"74,500 GENERATIONS"
positive_647.jpg,Positive,Positive,0.5758863,OCR,0.5,"TORONTO SUN NEWS MONDAY, JANUARY 2006
I'm Not Brown I'm Human
VERONICA ENSU
Grade 5 student James Valitchka's new book, I'm Not Brown I'm Human, details how
children can learn to overcome racism. This is the 11-year-old Toronto boy's sixth book.
27
A good heart
is colour-blind
11-year-old author teaches how to overcome racism
MICHELE HENRY
Toronto Sun
James Valitchka is no
stranger to the soul-piercing
sting of racist remarks.
One of only two black kids
attending an affluent ele-
mentary school in a predom
inantly white Ottawa neigh-
bourhood, the 11-year-old
was often teased, beaten up
and belittled because of his
skin colour.
""I had to leave that school,""
said the pre-teen, who moved
to Toronto with his mother
last year. ""It made me feel
really bad about myself.""
Sensing there were other
kids grappling with the same
stresses, the Grade 5 student
put pen to paper and wrote
his sixth book, which is titled
I'm Not Brown I'm Human
and details how children can
learn to overcome racism. Re-
leased in a limited number
of local bookstores this week,
the young author waved it
proudly about the Dominion
ballroom at the Sheraton
Centre yesterday during the
Toronto kickoff of Black His-
tory Month in Canada.
Just bullying
""Racism is just bullying be-
cause of skin colour, he said.
Rosemary Sadlier, presi-
dent of the Ontario Black His
tory Society, addressed the
crowd yesterday and told lo
cal politicians and commu
nity members alike that cele-
brating black history and
culture is paramount to de-
feating hatred.
""Where we see so much
negativity we lose sight of the
contribution that people of
African origin have made
since the very beginning of
this country,"" she said. To
have Black History Month in
Toronto right now is of criti-
cal importance because it's
one of the pro-active things to
address some of the issues
that affect us all right now,
such as gun violence.""
Among the books by black
authors and illustrations by
black artists that filled the en-
trance to the ballroom, was a
demonstration of the Black
History Canada website.
Developed by Historica,
blackhistorycanada.ca was
launched at the event and is a
resource for teachers seek-
ing information about black
history in Canada.
michele.herry@tor.sunpub.com"
neutral_847.jpg,Neutral,Neutral,0.8370803,OCR,0.5,"HOW THE
DIGESTIVE
SYSTEM
WORKS
TEDED"
positive_951.jpg,Positive,Positive,0.9222884,OCR,0.5,"shutter
Prem Sheela
utterstock
shutterstock
Prem Sheela
IT NEVER
Stutterstock
shutter
GETS EASIER,
YOU JUST
shutostock
GET BETTER.
stock
hutters
2
shutterstor
IMAGE ID: 1234836901
www.shutterstock.com"
negative_779.jpg,Negative,Negative,0.9818691,OCR,0.5,"MASSIVE FIRE IN GREATER
LONDON AREA"
neutral_005.jpg,Neutral,Neutral,0.9428253,OCR,0.5,"A developer's
first setup
A developer's
setup after 1
year
FINDPRO"
neutral_115.jpeg,Neutral,Neutral,0.7554207,OCR,0.5,"The Show
The Rehearsal"
neutral_520.jpeg,Neutral,Neutral,0.906083,BLIP,0.5,a child using a laptop computer
neutral_940.jpg,Neutral,Neutral,0.8591522,OCR,0.5,"30 MINUTES OF
USELESS
INFORMATION"
positive_338.jpeg,Positive,Positive,0.8714297,OCR,0.5,"Happy Holi Images
Happy
Holi!"
positive_605.jpeg,Positive,Positive,0.9344387,OCR,0.5,"Beauty is hidden in
everything, just learn
how to observe.
-Ritu Ghatourey
@InspirationalQuotes720"
positive_439.jpg,Positive,Positive,0.8691129,OCR,0.5,"May this day bring countless joy to your life.
May the coming years of your life be spent
in loving and caring for each other.
Happy Wedding
Anniversary
Any Name Here"
negative_072.jpg,Negative,Negative,0.9653194,BLIP,0.5,firefighters search the remains of a house destroyed by the superstorm
positive_742.jpg,Positive,Positive,0.8567974,OCR,0.5,"""The best way to
make your
dreams come true
is to wake up.""
- Paul Valery, French poet
11
12
10
2
19
3
8
76 5"
neutral_735.jpg,Neutral,Positive,0.54563427,OCR,0.5,"SAFE
DON'T EAT!"
negative_781.jpg,Negative,Negative,0.94347656,OCR,0.5,"Fire In Panchkula
www.5DariyaNews.com"
negative_183.jpg,Negative,Negative,0.6881741,OCR,0.5,"You
Tube
P
Cyber-Criminals
Found a Home on
Social Media Sites
CIO INSIGHT
Since 2011, cyber-
criminals have found
a haven in social
media, where they
perpetrate fraud.
In the past six
months, their
numbers have
increased 70 percent."
neutral_340.jpeg,Neutral,Neutral,0.89015746,OCR,0.5,"My boyfriend is taking care of my cat for
me. I asked how it was going and he sent
me this."
positive_362.jpeg,Positive,Positive,0.95310557,OCR,0.5,"LIFEMELLO
Don't think about what can
happen in a month.
Don't think about what can
happen in a year.
Just focus on the 24 hours
in front of you and
do what you can to
get closer to where you
want to be."
neutral_679.jpg,Neutral,Neutral,0.7373754,OCR,0.5,"World
TELEVISION DAY
2019
A brief history of
televisions
Supawa
INDIATV
indiatvnews.com"
neutral_578.jpg,Neutral,Neutral,0.9428127,OCR,0.5,"1. Palindrome
In Case of String
def palindrome (s):
temp = 5[::-1]
if stemp:
print(""Yes!! It's Palindrome"")
else:
print(""No!! It's not palindrome"")
s=""nitin""
palindrome(s)
#By using indexing using for loop
def palindrome2(s):
n = len(s)
for i in range(n):
if s[i] != s[n-i-1]:
return False
return True
By using Inbuilt functions reversed and join
def palindrome3(s):
reverse_s reversed(s)
# print(reverse_s)
# for i in reverse_s:
O print(i))
temp = .join(reversed(s))
if stemp:
return True
else:
return False
(N NITIN MANGOTRA
THANGOTRA
#By Using while loop
def palindrome4(s):
n = len(s)
first = 0
last = n-1
while(first <last):
if s[first] s [last]:
first += 1 #first=first+1
last = 1 #last = last+1
else:
return False
return True
In Case Of Number
#In Case of Numbers:
#By Using Split Method
def palindrome5(n):
s = str(n)
temp = s[::-1]
if s == temp:
return True
else:
return False
#By using while loop.
def palindrome6(n):
temp = n #1456
rev_n = 0
while (temp>0):
digit = temp % 10
rev n = rev_n 10 + digit
temp = temp // 10
if n == rev_n:
return True
else:
return False"
positive_495.jpg,Positive,Positive,0.54443824,OCR,0.5,"""I love you""
""I love you more""
""No, I love you moreeee"""
neutral_747.jpg,Neutral,Neutral,0.87835944,OCR,0.5,"BINARY, PERMUTATION
AND COMMUNICATION
MATRICES
Year 12 General Maths
PREVIEW VIDEO
maffsguru.com"
positive_1008.jpg,Positive,Positive,0.92802584,OCR,0.5,"I love you
and
I don't want to
lose you.
Because my life
has been better
Since the day
I found you.."
neutral_730.jpg,Neutral,Neutral,0.5779023,OCR,0.5,"BLOW
YOUR
MIND"
negative_675.jpg,Negative,Negative,0.9534111,OCR,0.5,"OVER 4,000
KILLED IN TURKEY
NEWS 18
OLIVE"
positive_050.jpg,Positive,Positive,0.6296441,OCR,0.5,"MOTHER GIVES WINGS
TO YOUR DREAMS."
neutral_609.jpg,Neutral,Neutral,0.8572755,OCR,0.5,"E111
E300 102
143
E133
E124
E132"
positive_105.jpg,Positive,Neutral,0.5353788,BLIP,0.5,tulipliplipliplipliplipliplipliplipliplipliplipliplipliplip
positive_944.jpg,Positive,Positive,0.97906244,OCR,0.5,"STAY POSITIVE.
ATTITUDE IS
EVERYTHING."
positive_271.jpg,Positive,Positive,0.94680995,OCR,0.5,"Believe in your current self,
to create your future self.
-Unknown
@InspirationalQuntes72"
positive_692.jpg,Positive,Positive,0.9846729,OCR,0.5,"today
IS THE°
Perfect
day to be
happy!"
negative_257.jpg,Negative,Negative,0.9701819,OCR,0.5,"NDTV
Two Buildings Collapse In
Malad & Fort Area"
negative_726.jpg,Negative,Negative,0.9306619,OCR,0.5,"@indiafirst.news
INDIA
FIRST
03:55PM
Image Source: ommcomnews
Maharashtra Braces for Fury of Cyclone
Tauktae
BREAKING NEWS"
positive_846.jpg,Positive,Positive,0.97752666,OCR,0.5,"If you have only
one smile in you
give it to the people
you love.
Maya Angelou
EVERYDAY POWER"
positive_883.jpg,Positive,Positive,0.9481656,OCR,0.5,"I will always stay loyal and
committed to you and only you.."
negative_454.jpeg,Negative,Negative,0.9539399,OCR,0.5,"ON YOUR
JOR HOURS
ZAM-BUK
Daily Herald
SAUSAGES GO
BETTER WITH
PSAUCE
WAR DECLARED BY
BRITAIN AND FRANCE
The Fleet Moves Lathable POLES SMASH WAY
Into Position
We d INTO E. PRUSSIA
Belave The o
GERMANY AT 11 O'CLOCK YESTERDAY Chall
MORNING
London Hears
Its First
Raid Warning"
positive_044.jpg,Positive,Positive,0.9612564,OCR,0.5,"You are more
powerful than
anything you're
going through
right now.
-
Via (Dark Secrets)"
positive_370.jpeg,Positive,Positive,0.94997454,OCR,0.5,"lifemello
MY GOAL IS NOT TO BE
BETTER THAN ANYONE ELSE,
BUT TO BE BETTER THAN
I USED TO BE."
positive_866.jpg,Positive,Positive,0.98487276,OCR,0.5,"I don't need sunlight in my
life, your smile is enough to
brighten up my day and make
me feel good.
Good Morning
""
- FUNKYLIFE.IN"
negative_577.jpg,Negative,Negative,0.7229457,OCR,0.5,"SAD TRUTH
1820
HELP!
@successpictures
2020
HELP!
@successpictures"
negative_002.jpg,Negative,Negative,0.9754288,OCR,0.5,"HUNDREDS
KILLED IN
UKRAINE
>NEWS
NIGHTLY AT 6"
negative_724.jpg,Negative,Negative,0.9613428,OCR,0.5,"CYCLONE TAUKTAE
UPDATES:
IMD ISSUES ALERT FOR
GUJARAT, KERALA,
KARNATAKA, GOA AND
MAHARASHTRA, LIKELY
TO INTENSIFY BY
MONDAY EVENING"
positive_168.jpg,Positive,Positive,0.89356303,OCR,0.5,"Dream, dream, dream.
Dreams transform into
thoughts and thoughts
result in action
AP. J. Adul Kalam
The Indian EXPRESS"
neutral_905.jpg,Neutral,Neutral,0.79091513,OCR,0.5,UNSTOPPABLE?
negative_648.jpg,Negative,Positive,0.93565226,OCR,0.5,"You don't always have to pretend to be strong.
There is no need to prove all the time that
everything is going well."
positive_712.jpg,Positive,Positive,0.9363255,OCR,0.5,"A dad is someone who
wants to catch you
before you fall but
instead picks you up,
brushes you off and lets
you try again.
Happy Father's Day!"
neutral_008.jpg,Neutral,Neutral,0.76996493,OCR,0.5,UniCredit Banca
negative_719.jpg,Negative,Negative,0.9580361,OCR,0.5,"TVC NEWS
NEWS@NIGERIA BATTLES WORST
10PM
FLOODS"
negative_701.jpg,Negative,Negative,0.9788352,OCR,0.5,"NEWS
EPICENTRE
KILLED, CHOPPED, DUMPED
BONE-CHILLING
DELHI MURDER PLOT
ON CAN NEWS 18"
negative_390.jpeg,Negative,Negative,0.9386342,OCR,0.5,"AffairsCloud
Cyclone Tauktae
makes landfall in Gujarat"
neutral_131.jpeg,Neutral,Neutral,0.7315023,BLIP,0.5,a ladder leading to a cloud
positive_639.jpg,Positive,Positive,0.9442977,OCR,0.5,"HAPPY PEOPLE
ARE ALWAYS BEAUTIFUL"
neutral_321.jpeg,Neutral,Neutral,0.9458554,OCR,0.5,"SHOULD BE ALLOWED
ON THE COUNTER
CHANGE MY MIND"
neutral_579.jpeg,Neutral,Neutral,0.9453628,OCR,0.5,"int Paths(int m, int n)
{
int NumberOfSteps = (m + n)
int c = m1;
double ans = 1.0;
for (int i = 1; i <= c; i++)
{
}
2;
ans = ans * (NumberOfSteps - c + i) / i;
return (int)ans;
}"
positive_080.jpeg,Positive,Positive,0.93904495,OCR,0.5,"You never fail until
you stop trying.
Albert Einstein"
negative_903.jpeg,Negative,Negative,0.5979075,OCR,0.5,"Murali_rout
I don't need your love
cause I already cried enough"
positive_314.jpeg,Positive,Positive,0.9807307,OCR,0.5,"Take a moment to
realize how blessed
you are.
(Thoughts Wonder)"
positive_343.jpeg,Positive,Positive,0.99049383,OCR,0.5,"My only wish is
to paint your face with colors
so that your life also be filled
with the vibrant colors of love,
happiness and joy.
Happy Holi"
negative_568.jpg,Negative,Negative,0.9840423,OCR,0.5,"భారీ అగ్నిప్రమాదం..
బూడిదైన 53 దుకాణాలు
9 LIVE
తెలుగు"
positive_106.jpeg,Positive,Positive,0.97911215,OCR,0.5,"Remember,
anyone can love you
when the sun is shining.
In the storms is where
you learn who truly
cares for you.
(Wonders Diary)
www.wondersdiary.com"
neutral_605.jpeg,Neutral,Neutral,0.54359156,OCR,0.5,"MEANINGLESS
QUOTES"
negative_764.jpg,Negative,Negative,0.9843544,OCR,0.5,"MAJOR
FIRE DISASTERS
IN INDIA
mmapsofindia.com"
positive_747.jpg,Positive,Positive,0.9651158,OCR,0.5,"A POSITIVE VIBE
CAN SORT ALL OF
YOUR PROBLEMS.
QuotesLifetime.com"
neutral_592.jpg,Neutral,Neutral,0.6468556,OCR,0.5,"When life starts treating me good
Me:
FB/AnimeFuture
Very suspicious.
This is kinda freaking me out.
Am I dying?
I am not used to this."
positive_267.jpg,Positive,Positive,0.96247363,OCR,0.5,"Focus on yourself
and watch your life
get better.
-Via (Dark Secrets)"
positive_559.jpeg,Positive,Positive,0.8788133,OCR,0.5,"Don't make up
problems if there are
none.
@successpictures
I"
positive_661.jpg,Positive,Positive,0.7376834,OCR,0.5,Congratulations
positive_112.jpeg,Positive,Positive,0.8857087,OCR,0.5,"Be grateful for what you have.
@successpictures
རེ་ར
212
@successpictures
@successpictures
\\
(L."
neutral_254.jpg,Neutral,Neutral,0.7984408,OCR,0.5,senior Javelin developer
neutral_049.jpg,Neutral,Neutral,0.4780209,BLIP,0.5,a large white airplane on a runway
positive_601.jpeg,Positive,Positive,0.9617853,OCR,0.5,"The more you heal, the more
you detach from anything
holding you back.
- Via (Dark Secrets)"
neutral_296.jpg,Neutral,Neutral,0.9552292,OCR,0.5,"Types of Cat Loaf
white
toasted
burnt
cinnamon
pumpernickel
moldy
marble rye
extra fluffy
gluten-free
choco-swirl
stale
whole grain
cheesy garlic
potato
nyan usclaireforce"
positive_088.jpg,Positive,Neutral,0.69215065,BLIP,0.5,a man is holding a dog in his arms
positive_497.jpeg,Positive,Positive,0.65924585,OCR,0.5,"BEFORE HELPING OTHERS
FIRST HELP YOURSELF
@successpictures
0
@successpictures
100
@successpictures"
positive_176.jpeg,Positive,Positive,0.9602284,OCR,0.5,"CBOYO
Children are the gifts of God,
let then fly with their thoughts.
Happy Children's Day"
negative_601.jpeg,Negative,Negative,0.71907234,OCR,0.5,"Do's and Don'ts
Are you living
in a safe house?
Be smart
Be prepared
Folve the 2018"
positive_165.jpg,Positive,Positive,0.96275634,OCR,0.5,"99
LIFE and TIME
are the world's
best Teachers.
Life teaches
us to make
good use of
TIME and TIME
teaches us the
value of LIFE.
-A.P.J. Abdul Kalam
66 quoteoflovelifeandbollywood.com"
neutral_800.jpg,Neutral,Neutral,0.940439,OCR,0.5,"A close up TALK WITH
THE PROGRAMMER
WEB DEVELOPER
TECH STREETS
EP2
etcs.
WEBSITE
Develo
ent
GUCC"
neutral_445.jpeg,Neutral,Neutral,0.9460775,OCR,0.5,"www.aluth.com
Me
Me
Me
1173
Download
Files
Friend
Download
Files
147
117
Download
Files
Friend
M
fy
in aluthmedia"
positive_153.jpg,Positive,Neutral,0.5006101,BLIP,0.5,a young boy holding a medal in his hands
positive_408.jpg,Positive,Positive,0.95737875,OCR,0.5,"Happy
Durga Puja!
Sarva Mangala
Mangalye,
Shive Sarvartha
Saadhike,
Sharanye Triambake
Gauri,
Narayani Namostute.
2
ShortStatusQuotes.com"
neutral_734.jpg,Neutral,Neutral,0.8939836,OCR,0.5,"SATURATED
AND TRANS
FATS"
negative_199.jpg,Negative,Negative,0.98205066,OCR,0.5,"ANI
Watch: Massive fire breaks out
at Bagri Market in Kolkata"
positive_232.jpeg,Positive,Positive,0.9135343,OCR,0.5,"WARNING
BE GOOD, DO GOOD, THINK GOOD
AND DON'T FORGET TO SMILE
BECAUSE YOU ARE UNDER
24 HOUR KARMA SURVEILLANCE
ANGELO NIVETH"
positive_543.jpeg,Positive,Positive,0.9481187,OCR,0.5,"You only
fail when
@Meltblogs
you stop
trying."
positive_920.jpg,Positive,Positive,0.9872372,OCR,0.5,"८८
THE BEST WAY TO CHEER
YOURSELF IS TO TRY TO
CHEER SOMEONE ELSE UP.
Mark Twain"
neutral_669.jpg,Neutral,Neutral,0.8245392,OCR,0.5,"call me Lord Steven
wiki How"
positive_059.jpeg,Positive,Positive,0.87667465,OCR,0.5,"(:
HAPPY NEWS"
negative_529.jpeg,Negative,Negative,0.9712975,OCR,0.5,"Remembering 26/11 Mumbai Terror
attack. It is the most horrific terror
attack on the soil of India
Around 170+ people died & over
300 were wounded.
A Black Day For India
E"
positive_737.jpg,Positive,Positive,0.9734277,OCR,0.5,"It doesn't really
matter who
you used to be,
what matters
is who
FB MOTIVATIONAL QUOTES
you're becoming.
MQ"
neutral_700.jpg,Neutral,Neutral,0.91692775,OCR,0.5,"WELCOME
This is a sample text that you can edit. You can change
font (size, color, name), or apply any desired formatting."
positive_562.jpeg,Positive,Positive,0.96194905,OCR,0.5,"Stay out, let them
fix their own karma.
- Via (Dark Secrets)"
neutral_300.jpg,Neutral,Neutral,0.9051136,OCR,0.5,"WE PUT MUSIC
IN
MEMORY CARD
FLASH DICKS
AND
PHONES"
neutral_476.jpg,Neutral,Neutral,0.8635919,OCR,0.5,"Excuse me
Do you have a moment to talk about Linux?
VIA 9GAG.COM"
negative_150.jpg,Negative,Negative,0.97320503,OCR,0.5,"REUTERS
LIVE
NHK WORLD
BREAKING NEWS
TSUNAMI HITS
NEWSLINE
and immediately. In Miyagi Prefecture, northeastern Japan, quake intensity"
neutral_325.jpeg,Neutral,Neutral,0.9225495,OCR,0.5,"10 errors
Fix All
Now you have
20 errors"
positive_348.jpeg,Positive,Positive,0.9865922,OCR,0.5,"May this beautiful
occasion of eid gives you
all the reasons to make
your life even more
beautiful. Wishing you
a happy Eid day!
Eid Mubaraki"
neutral_278.jpeg,Neutral,Neutral,0.95356536,OCR,0.5,"Proton
Electron
Neutron"
positive_324.jpeg,Positive,Positive,0.8802219,OCR,0.5,"a
smile can hide so much pain."
positive_052.jpg,Positive,Positive,0.726405,OCR,0.5,Durga Puja 2021
negative_721.jpg,Negative,Negative,0.88435936,OCR,0.5,"NATURAL
DISASTERS THAT
SHOOK INDIA
AND REST OF THE
WORLD THIS
YEAR
NH
India"
negative_122.jpg,Negative,Neutral,0.48378938,BLIP,0.5,a woman in a white shirt
negative_045.jpg,Negative,Negative,0.9465719,OCR,0.5,"RISID BUS
গ্রীন হইতে হাওড়া (
TATA
RIS-110
BBC NEWS
Amphan: Kolkata
devastated as cyclone
leaves scores dead
MAY 21, 2020.4 MIN READ"
positive_073.jpeg,Positive,Positive,0.9518678,OCR,0.5,"WE COME TO LOVE NOT BY
FINDING A PERFECT PERSON. BUT
BY LEARNING TO SEE AN
IMPERFECT PERSON PERFECTLY"
positive_008.jpg,Positive,Positive,0.51561725,OCR,0.5,SOURAV
negative_288.jpeg,Negative,Negative,0.99126387,OCR,0.5,"GOA BUILDING COLLAPSE TRAGEDY
IBN Live
JBN"
negative_430.jpeg,Negative,Negative,0.9807806,OCR,0.5,"MINNEAPOLIS
MAY 28
COM
KAYLEIGH
FOX TENSIONS HIGH AFTER ATLANTA POLICE SHOOTING
NEWS
BREAKING NEWS
HOW... WHELAN'S BROTHER DAVID CALL VERDICT POLITICAL AND SAYS HIS LAWYERS WILL AP"
neutral_776.jpg,Neutral,Neutral,0.8454133,OCR,0.5,"DIV
CLOUD
LIGHT
ل
TikTok"
positive_1011.jpg,Positive,Positive,0.9579671,OCR,0.5,"Time
happy"
neutral_555.jpeg,Neutral,Neutral,0.9155915,OCR,0.5,"I see the problem. Your
guitar is out of tuna."
neutral_533.jpeg,Neutral,Neutral,0.87370217,OCR,0.5,"ဝ
+ MATH
BACKGROUND
ဝ"
negative_339.jpeg,Negative,Negative,0.880337,OCR,0.5,"18-yr-old
kills self
RAJIV SHARMA
nxiety about the up-
Child
takes
coming HSC exams
seems to the reason be-
hind the suicide of an"
positive_448.jpg,Positive,Positive,0.5518568,OCR,0.5,"70-yr-old 'tunnel man' from Karnataka, who
turned barren land fertile, awarded Padma Shri.
INDIA
mews.in
Via INSHORT
Amai Mahalinga Naik single-handedly converted a
piece of barren hilltop land into a flourishing farm.
He is also known as Surunga, one-man army and
a water warrior. Congratulations to him. A
MEWS"
neutral_434.jpeg,Neutral,Neutral,0.9376203,OCR,0.5,"ESC
04/0
F1
F2
F3
F4
1
2
Q
W
CAPS
A
LOCK
↑
SHIFT
CTRL
FN
23
S
9
Z
X"
neutral_772.jpg,Neutral,Neutral,0.80993885,OCR,0.5,"DURALOCK
о
DURACELL"
neutral_251.jpg,Neutral,Neutral,0.9501246,OCR,0.5,"what if we use 0% of our brain?
Evolution
Human B"
positive_397.jpeg,Positive,Positive,0.98453784,OCR,0.5,"Today might not be perfect, but
it's a perfect day to be happy.
-Lori Deschene"
neutral_498.jpg,Neutral,Neutral,0.7943163,OCR,0.5,"100 Favorite
Social Media
Conversation
Starters for
Better
Engagement"
neutral_044.jpg,Neutral,Neutral,0.7689631,BLIP,0.5,a model of a jet flying in the sky
negative_850.jpg,Negative,Negative,0.9300424,OCR,0.5,"NUCLEAR
ACCIDENT
☆
NEWS"
positive_895.jpg,Positive,Positive,0.78137594,OCR,0.5,"www
- love
YOUR
DICTIONARY
Me + you
="
neutral_458.jpeg,Neutral,Neutral,0.9452133,OCR,0.5,"void Merge(vector<pair<int, int>> v)
{
sort(v.begin(), v.end()); // we will sort vector of pair.
stack<pair<int, int>> s; // we will create stack
s.push({v[0].first, v[0].second});
for (int i = 1; i < v.size(); i++)
{
int start1 =
int end1 ==
s.top().first;
s.top().second;
int start2
=
v[i].first;
}
int end2 = v[i].second;
if (end1 < start2)
{
}
s.push({start2, end2});
else
{
}
s.pop();
end1 = max(end1, end2);
s.push({start1, end1});
TC:-O(nlogn)+O(n)
SC:-O(n)"
negative_267.jpg,Negative,Negative,0.9544361,OCR,0.5,"K'TAKA MURDER CASE
ACCUSED KASHIF'S WIFE EXCLUSIVE
INDIA
TODAY
INDIA
TODAY
EXCLUSIVE
KASHIF
ACCUSED 1"
positive_346.jpeg,Positive,Positive,0.9845072,OCR,0.5,"Happy Eid Mubarak
Cherish every moment of this
beautiful festival, and may all
your dreams come true soon."
neutral_383.jpeg,Neutral,Neutral,0.84714556,OCR,0.5,When the doctor takes an x-ray of my heart
positive_704.jpg,Positive,Positive,0.90439385,OCR,0.5,"Wish You
Happy Diwali"
positive_433.jpg,Positive,Positive,0.8532803,OCR,0.5,HAPPY BIRTHDAY
negative_371.jpg,Negative,Negative,0.9635434,OCR,0.5,"38
FRIDAY, JANUARY 3
Seven injured as
cars crash
TEN people escaped se-
rious injury when two
cars collided on a hump-
back bridge late on Sat-
urday night.
But seven of them had to
go to hospital.
A Datsun, driven by Della
Jeavons, of Waterside,
Peartree Bridge, and a Volvo,
driven by Maureen Benwell,
of Welland Close, Newport
Pagnell, crashed on the canal
bridge, Great Linford.
Ramblers meet tough going
MILTON Keynes welcome break at the
Ramblers Association
were hosts to Bedford
Rambling Club on their
last walk.
The combined party of
about 30 walkers, led by Mike
Bowley, found the route tough
going because of recent heavy
rain, numerous stiles and dif-
ficult ground conditions.
The ramble passed
Gayhurst House, Tathall End
and Eakley Lanes before a
Wheatsheaf, Ravenstone.
When heavy rain fell dur-
ing lunch some members
opted to take a short cut to
the cars, but the main group
followed the planned route to
visit Cowpers Alcove and
Weston Underwood.
The next ramble will be on
Sunday, February 1. Every-
one is welcome to join the
group at Wolverton Station at
10 am for a short walk by the
canal and river.
Della Jeavons, 19, Mark
Golding, 18, of Penryn Ave-
nue, Fishermead, Glyn
Jeavons, 18, of Waterside,
Peartree Bridge, Alison Mills,
of Richmond Way, New-
port Pagnell, and Maureen
and Gillian Benwell, of Well-
and Close, Newport Pagnell,
were all treated and dis-
charged at Northampton
General Hospital.
Caroline Tricks, 17, of
Pipard, Great Linford, was
kept in hospital for a day with
head injuries.
J. Hanland, 17, of the
Chequers, Castlethorpe,
Dylan Jeavons, 14, of Water-
side, Peartree Bridge, and
Mark Ward, 17, of Cranesbill
Place, Conniburrow, were
treated by Bucks ambulan-
cemen at the scene of the
crash."
neutral_310.jpeg,Neutral,Neutral,0.9069342,OCR,0.5,"Tell Cersei. I want
her to know it was
me"
positive_350.jpg,Positive,Positive,0.6611043,OCR,0.5,"SPRING FEST
SPRING FEST, IIT
KHARAGPUR
#VLOG1"
neutral_633.jpeg,Neutral,Neutral,0.7723956,OCR,0.5,"Jo
The Meaningless Club"
positive_793.jpg,Positive,Positive,0.9881097,OCR,0.5,"English Quotes
Latest Collection of Quotes
Let us always meet
each other with a smile,
for the smile is the
beginning of love.
aa
- Mother Teresa
www.theenglishquotes.com"
neutral_014.jpg,Neutral,Neutral,0.7399011,OCR,0.5,F
neutral_263.jpeg,Neutral,Neutral,0.8966967,OCR,0.5,"""I have the
same problem""
asking for
help online"
positive_530.jpeg,Positive,Positive,0.9579879,OCR,0.5,"Karma says,
Never loose your
self respect for someone
who don't care about your
feelings and
emotions.
SPIRIT OF LIFE"
neutral_729.jpg,Neutral,Neutral,0.89660347,OCR,0.5,"FREUD
FACTS
DE"
neutral_791.jpg,Neutral,Neutral,0.9438184,OCR,0.5,"Dynamic Programming
Solve coding challenges!
5
6 7
[] null null [3] [4] [5] [3,3] null
1 2
3
(M)
1
0
LLI
E
3
0
රථ
OVER
1 Million
VIEWS"
positive_875.jpg,Positive,Positive,0.9145136,OCR,0.5,"overallmotivation.com
THERE'S ALWAYS A
REASON TO SMILE."
positive_004.jpeg,Positive,Positive,0.98436356,OCR,0.5,"Just because one
thing does not go
right, does not
mean your life is
ruined. @Motivational Life
Stay positive."
positive_616.jpeg,Positive,Positive,0.9490265,OCR,0.5,"Not everyone deserves
an invite to your next
chapter, doesn't matter
who they are.
- Via (Dark Secrets)"
positive_503.jpeg,Positive,Positive,0.9723787,OCR,0.5,"Be humble
and never think
that you are better than
anyone else...
For dust you are; and unto
dust you shall return."
neutral_742.jpg,Neutral,Neutral,0.64062876,OCR,0.5,"W
HONEST
TRAILERS"
positive_152.jpeg,Positive,Positive,0.9717131,OCR,0.5,"INSTAGRAM/@THE LEGENDS SAYS
SUCCESS IS NOT
THE KEY TO HAPPINESS.
HAPPINESS IS THE KEY TO
SUCCESS.
INSTAGRAM/@THE LEGENDS SAYS"
positive_421.jpg,Positive,Positive,0.8313621,OCR,0.5,"Happy
INDEPENDENCE DAY
15TH AUGUST
INDIA™V
indiatvnews.com"
neutral_860.jpg,Neutral,Neutral,0.8786016,OCR,0.5,"CAN YOU SOLVE
TEDED
THE EGG DROP
RIDDLE?"
neutral_215.png,Neutral,Neutral,0.90059185,OCR,0.5,"MEMES
MONKEY"
positive_553.jpeg,Positive,Positive,0.7192457,OCR,0.5,"Wow! WHAT A
BEAUTIFUL DAY!
theAwkwardYeti.com"
negative_748.jpg,Negative,Negative,0.91443247,OCR,0.5,"LIVE
PUTIN'S
END STRIKE
ON
UKRAINE?
INDIA
TODAY"
neutral_401.jpg,Neutral,Neutral,0.9121623,OCR,0.5,"O
22:48
H
Hi
Im looking for free web host
for my websites any
suggestions
??
9+
http://localhost
Aa"
positive_902.jpg,Positive,Positive,0.9787017,OCR,0.5,"Shayarisove
Shayarisove.com
""I don't want a perfect life,
I want a happy life"".."
negative_020.jpg,Negative,Negative,0.91825664,OCR,0.5,"CYCLONE
AMPHAN
INDIATV
indiatvnews.com"
negative_626.jpg,Negative,Negative,0.9591094,OCR,0.5,"LICE
NYC BOMBING SUSPECT FACES FEDERAL TERROR CHARGES
NBC NEWS
CE"
positive_888.jpg,Positive,Positive,0.96737325,OCR,0.5,"Smiles are free
but they are worth a
lot..
© Lifehack"
negative_824.jpg,Negative,Negative,0.9243655,OCR,0.5,"Titanic Tragedy
of 2023 shocks
the World Billionaire
Heartbreaking
Disaster
By Prashant Dhawan
WORLD
AFFAIRS"
negative_232.jpg,Negative,Negative,0.9790057,OCR,0.5,"DAY 9 OF PUTIN'S INVASION
NUCLEAR DISASTER LOOMS
INDIA
TODAY"
neutral_477.jpeg,Neutral,Neutral,0.9298429,OCR,0.5,"Get IP Address Using C++
#include<conio.h>
#include<stdlib.h>
int main() {
system(""C:\\Windows\\System32\\ipconfig"");
getch();
33
}
C
++
Get IP Address Using Python
import socket
hostname = socket.gethostname()
IPAddr = socket.gethostbyname (hostname)
print(IPAddr)"
positive_378.jpeg,Positive,Positive,0.96207917,OCR,0.5,"LATEST
Happy Mothers Day
Thank You for Everything
You've Done for Us.
It's More Than We Can Ever
Repay You!"
positive_965.jpg,Positive,Positive,0.9804904,OCR,0.5,"· HAPPINESS
IS A MOOD.
POSITIVITY
IS A MINDSET.
@POSITIVELY PRESENT
*"
neutral_122.jpg,Neutral,Neutral,0.823811,OCR,0.5,"COMPANY NAME
CLEAN
PURE
WATER.
Galliamm est omnis divisa
in partes tres unam
incolunt Belgae, aliam
Aquitani. Lorem ipsum
dolor sit amet
50% OFF
ON YOUR FIRST DELIVERY
Getty Stock
CONTACT US
www.website.com"
negative_731.jpg,Negative,Negative,0.9310656,OCR,0.5,"NEWS
18
Click
BIPARJOY HITS
WEST COAST"
negative_672.jpg,Negative,Negative,0.913708,OCR,0.5,"HURRICANE FIONA DEVASTATING U.S.
田
INDIA
TODAY
NEWS
MO
THE
E HOUSE
INGTON"
positive_436.jpg,Positive,Positive,0.7099253,OCR,0.5,"**FloberTree
10
Heart-touching
Wedding
Anniversary
Messages For
Wife"
positive_637.jpg,Positive,Positive,0.97793925,OCR,0.5,"""People are just as happy as they make up
their minds to be.""
Abraham Lincoln
Invajy.com
Self improvement"
neutral_891.jpg,Neutral,Neutral,0.87646985,OCR,0.5,"ACCURACY
VS
PRECISION
TEDED"
neutral_552.jpeg,Neutral,Neutral,0.92460203,OCR,0.5,"who
Programers
write dating apps
I guide others to a treasure that I cannot possess"
neutral_051.jpeg,Neutral,Neutral,0.92005897,OCR,0.5,cat yawning step by step
positive_528.jpeg,Positive,Positive,0.9539908,OCR,0.5,"Love all, trust few.
Not everything
is real & not everyone
is true."
positive_770.jpg,Positive,Positive,0.9636556,OCR,0.5,"WORK HARD
IN SILENCE;
LET SUCCESS
MAKE THE
NOISE."
neutral_567.jpeg,Neutral,Neutral,0.9106197,OCR,0.5,while True:
neutral_077.png,Neutral,Neutral,0.8860036,OCR,0.5,"O
Ox2142
NETWORKING NONSENSE"
positive_183.jpg,Positive,Positive,0.9115947,OCR,0.5,"P.A.I.N.S
Positive
Attitude
In
Negative
Situation
ap
Cuctes Fullinge"
positive_979.jpg,Positive,Positive,0.95903844,OCR,0.5,"Keep putting out good. It will
come back to you tenfold in
unexpected ways.
DreamsQuote.Com"
negative_093.jpg,Negative,Negative,0.9377575,OCR,0.5,"WION
6.2 MAGNITUDE EARTHQUAKE
HITS INDONESIA"
positive_926.jpg,Positive,Positive,0.96243846,OCR,0.5,"66
The path from dreams to
success does exist.
-Kalpana Chawla
English"
positive_092.jpeg,Positive,Positive,0.9647597,OCR,0.5,"Step by step. Day by
day. It all comes to
you in due time.
Via (Dark Secrets)"
negative_702.jpg,Negative,Negative,0.9256309,OCR,0.5,"BUTCHERED & BETRAYED
LIVE FROM THE
BIGGEST KILLER'S DEN
EXCLUSIVE
TONIGHT"
neutral_347.jpeg,Neutral,Neutral,0.8984295,OCR,0.5,"C
WOLM STRAY
Rj emoji
What is needed for a
good relationship?
Primary Keys"
neutral_725.jpg,Neutral,Neutral,0.8037522,OCR,0.5,1000 HOURS LATER...
positive_702.jpg,Positive,Positive,0.9649754,OCR,0.5,"HAPPY
FRIENDSHIP DAY
QUOTES"
neutral_535.jpg,Neutral,Neutral,0.889233,OCR,0.5,"Annotation Sources
Geographic
Landmarks
Camera
Pa
Application
Knowledge
Environment
Conditions
Calendars
26
Annotations
CRam Jan"
negative_053.jpg,Negative,Negative,0.7576941,BLIP,0.5,a young boy stands in front of a pile of rubble
negative_728.jpg,Negative,Negative,0.9589068,OCR,0.5,"obc NEWS SPECIAL REPORT
TWO BOMB EXPLOSIONS AT
THE BOSTON MARATHON
adidas"
negative_218.jpg,Negative,Negative,0.9780927,OCR,0.5,"FIRE AT MUMBAI HIGH-RISE
RESCUE OPERATION CONTINUES
INDIA
TODAY
KAMALR"
negative_360.jpeg,Negative,Negative,0.8492181,OCR,0.5,"CORONAVIRUS DEATH
TOLL RISES TO
400
NAGPURTODAY.IN"
neutral_759.jpg,Neutral,Neutral,0.8292369,OCR,0.5,"HOW THE FOOD YOU EAT
AFFECTS YOUR BRAIN
TEDED
TED"
positive_075.jpeg,Positive,Positive,0.9399488,OCR,0.5,"All power
is within
you; you
can do
anything
and
everything."
positive_551.jpeg,Positive,Positive,0.9471257,OCR,0.5,"Win your mind and you will win the world.
~Adeep"
neutral_408.jpg,Neutral,Neutral,0.9130826,OCR,0.5,As a kitten he fell in a taffy-pulling machine
positive_038.jpg,Positive,Positive,0.9709412,OCR,0.5,"Don't lose hope, you never know
what tomorrow will bring.
- Via (Dark Secrets)"
negative_335.jpg,Negative,Negative,0.93188584,OCR,0.5,"02 hindustantimes
htbhopal
23MAY 2016
Over 18,000 farmers committed
suicide in MP in the past 15 years
THREE DEATHS A DAY Agriculture
experts say reasons may be crop failure due
to scanty rainfall, droughts or hailstorms
Neeraj Santosh
BROPAL: More um 300 farm
ers committed suicide in the
gast one-and-a-half decades in
Madhya Pradesh that has an
agrariaenomg the latest date
of the Madhya Pradesh Crime
Recounts Bureau Ras revealed
more than diree farmers
mit
ted suicide for past 1 gears in
the state Between 2005 and 2
in the state the data renesle
Agrimiture experts say that
themasons for the farmerdiness
in the state were any filium de
to scanry rainfall, diughts or
haditoms that damage caps
This badly hits the village
economy thing many farmers
either as stro
work as labours or take
from local lenders, who later
presarise them for payment
The poor monsoon in a my
for monedhan decade and a hal
has been a cause for worry as
neadly 70% of cultivated area in
the state is rain-irrigated and
when rain is deficient or faili
it his farmers Sadly
in the last decade and a half
Madhya Pradesh has been rain
deficient almost every year
received above average rainfalli
Every gear Madhya Prades
>
Since 1970, the
income of the farmers
(minimum support price
of wheat) has increased
just 19 times, while the
income of the government
employees has increased
120 to 150 times
DEWINDER SHARMA, agriculture
expet
1.212 m most of in from the
September and June
A recent agriculture eco-
mamic survey released by the
state government, states that
Sellow average rainfall for the
past decade and a half affected
agriculture in the wate
Experts say linking farmer
sticides to deficient fail or
amp failure was a very simple
way to analyse farmer anticides
Devinder Suanma anagrin
being diribem commit suicide
as they have been deliberatelly
kept impoverished ""Farmers
don't here any incomesecuritY
Webuy food from them at cheap
test ences inflation remains
ader deck he said
But the gap between their
AGRARIAN CRISIS
Latest data states that between 2001 and 2015, 18,627
farmers committed suicide in the state
Number of suicides
income and that of the govern
ment employees is increasing
Since 1970, the income of the
farmers (minimum support
price of wheat) has increased
times while the income of
the government employees has
increased 220 to 150 times and
that of professors has increased
150 to 170 times"" said Sharma,
who heads the Delhi-based
Forum for Biotechnology and
Food Security
PER YEAR DEATHS
The government should shift
its focus from profit-oriented agri-
culture to food security-oriented
agriculture at the village level.
said Sachin Jain, another ana
Jst ""Clipuate change or deficient
rainfall was a factor in farmer su
cides, but the correlation between
the two is not simple and involves
complex issues ""he said
The main factor that drives a
farmer to suicide is his income
insecurity: Small and marginal
2000
1372
2002
1340
2003
1445
2004
1638
2005
1248
2006
1375
2003
1263
2008
1378
2009
1395
2010
1237
2011
1326
2012
1172
2013
1090
2014
826
581
farmers in the state primarily
grow crops for their own con-
sumption and sell what is left.
but over the past decades the gov
ernment has pushed a policy of
agriculture for profit, encourag
ing farmers to grow cash-rich
crops,"" Jain added.
""When a farmer grows cash-
rich crop and if the crop fails be
gets trapped in vicious cycle of
debt,"" he said. ""So the famer is
forced take the extreme step"""
negative_448.jpeg,Negative,Negative,0.8886254,OCR,0.5,"HINDUSTAN TIMES, RANCHI
THURSDAY, SEPTEMBER 20, 2012
Complaints flood cyber crime portal
wat on
A
photographs The"
neutral_075.jpeg,Neutral,Neutral,0.8342762,OCR,0.5,"All that I need for Valentine's Day is you
Poorly Made
Cat Memes"
positive_476.jpg,Positive,Positive,0.6042408,OCR,0.5,"I alone absorb
22 Kg of CO2 in a year.
All I ask in
return is that
""you let me live"""
positive_930.jpg,Positive,Positive,0.9764555,OCR,0.5,"Thursday is a reminder that you
are capable of achieving
greatness. Believe in yourself!
Happy Thursday"
neutral_345.jpg,Neutral,Neutral,0.8700294,OCR,0.5,"RARE PIC OF A CAT-EGORY 3
PURRICANE!!!"
negative_888.jpg,Negative,Negative,0.9330651,OCR,0.5,"HOMICIDE ARREST
KEITH
PHILLIPS
PREVIOUS CONVICTION
ON WEAPONS CHARGE
FOX
FOXS COM WE ARE FOXSY
VOXSF.COM WEARE FOXS FOX37.COM WE ARE FOXSY
FOXS.COM W
59
5:03
69°
NEWS
HENSLEY
SON
HLO
RIGHT NOW
71°"
neutral_871.jpg,Neutral,Neutral,0.88991976,OCR,0.5,"CAN YOU SOLVE
THE AIRPLANE RIDDLE?
TEDED
FUGORI
FUKANO
OROKANA
3"
positive_878.jpg,Positive,Positive,0.9917784,OCR,0.5,"GOOD
Morning
BE SO HAPPY THAT
WHEN OTHERS LOOK
AT YOU, THEY BECOME
HAPPY TOO.
- FUNKYLIFE.IN"
neutral_762.jpg,Neutral,Neutral,0.8731687,OCR,0.5,C PERPETUAL-
negative_667.jpg,Negative,Negative,0.9485235,OCR,0.5,"masaha
KUWAIT LATEST
NEWS
1 dead, 1 injured in two-vehicle
collision on Ta'awen Road"
neutral_426.jpeg,Neutral,Neutral,0.727543,OCR,0.5,"pitaji agr aapko bheem
سية
itna hi psmd h to aap hi
suhagraat bna lijiye uske sath"
neutral_888.jpg,Neutral,Neutral,0.83692014,OCR,0.5,"THE FIRST LINE OF
TEDED
IMMORTAL HUMAN CELLS"
positive_248.jpg,Positive,Positive,0.94334054,OCR,0.5,"Sometimes you need to
learn to be quiet even when
you have a lot to say.
- Via (Dark Secrets)"
negative_816.jpg,Negative,Negative,0.9402039,OCR,0.5,"EDIFIC
JET
INDIA
TODAY
THE BIG
BOOM CRASH"
positive_880.jpg,Positive,Positive,0.9858951,OCR,0.5,"66
""A smile is happiness
you'll find right
under your nose.
- Tom Wilson
99
Parade"
neutral_062.png,Neutral,Neutral,0.82640254,OCR,0.5,N
neutral_671.jpg,Neutral,Neutral,0.92467946,OCR,0.5,"Where's Waldo?
wiki How to Be Random"
positive_360.jpeg,Positive,Positive,0.7196686,OCR,0.5,"INSTAGRAM: @BAD NEWS THE JOKER
INSTAGRAM BAD NEWS THE JOKER
IF LYING WAS
A JOB, I KNOW
SOME PEOPLE WHO
WOULD BE
BILLIONAIRES."
positive_035.jpeg,Positive,Neutral,0.5666102,BLIP,0.5,a woman in a black dress
negative_833.jpg,Negative,Negative,0.983128,OCR,0.5,"TIMES
NOW
INDIA SENDS
RELIEF TO
QUAKE-HIT
TURKEY, SYRIA
XN"
neutral_836.jpg,Neutral,Neutral,0.930481,OCR,0.5,"CAN YOU SOLVE
THE THREE GODS RIDDLE?
TEDED
JLL"
positive_109.jpg,Positive,Positive,0.8645532,OCR,0.5,"@successpictures
Karma
@successpictures
Good or bad, what you put
out comes back to you!
@successpictures"
negative_399.jpeg,Negative,Negative,0.9823314,OCR,0.5,"BREAKING NEWS BREAKING NEWS
World News
Earthquake disaster
Mo
The"
positive_689.jpg,Positive,Positive,0.9854735,OCR,0.5,"live life be happy and
have fun..
allpoetrylife.com"
neutral_247.jpg,Neutral,Neutral,0.94021964,OCR,0.5,"Space X
Space Y"
neutral_783.jpg,Neutral,Neutral,0.9158323,OCR,0.5,"THE
LAST
TUTORIAL
you will ever need
TS"
neutral_865.jpg,Neutral,Neutral,0.8915616,OCR,0.5,"JUST HOW
SMALL
IS AN ATOM?
TEDED"
positive_575.jpeg,Positive,Positive,0.9160702,OCR,0.5,"Marriage is a
Lifetime Affair
JD
celebration
www.jdcelebration.in"
negative_825.jpg,Negative,Negative,0.9754759,OCR,0.5,"DEADLY
TRAIN CRASH
Today
:::9
NEWS"
neutral_797.jpg,Neutral,Neutral,0.93075645,OCR,0.5,"LEARN
PYTHON
IN 1 HOUR"
positive_275.jpg,Positive,Positive,0.8788243,OCR,0.5,"JOKERS QUOTES
DEAR SUCCESS,
I'M COMING FOR YOU.
I WILL NEVER GO
BACK UNTIL I GET
YOU.
2020"
positive_814.jpg,Positive,Positive,0.975694,OCR,0.5,"English Quotes
Latest Collection of Quotes
A warm smile
is the universal language
of kindness.
- William Arthur Ward
aa
www.theenglishquotes.com"
neutral_819.jpg,Neutral,Neutral,0.7020895,OCR,0.5,"e
O
COMPLETE
MODERN
VISTORY
THROUGH ANIMATION"
neutral_457.jpg,Neutral,Neutral,0.5522655,OCR,0.5,SAMSU
positive_934.jpg,Positive,Positive,0.98520184,OCR,0.5,"ALWAYS BE HAPPY AND KEEP SMILING QUOTES
Quotes OF Quote"
positive_382.jpeg,Positive,Positive,0.93403137,OCR,0.5,"Self-care is working
on yourself over and
over again until you
get it right.
(Thoughts Wonder)"
positive_775.jpg,Positive,Positive,0.8873555,OCR,0.5,"S
VK
PROGRESS HAS LITTLE
300 32TO DO WITH SPEED,
NW BUT MUCH TO DO
WITH DIRECTION.
Unknown
3
OL.08
40 60
NE
MARE
PACIFI-
cv M."
neutral_395.jpeg,Neutral,Neutral,0.56966734,OCR,0.5,"BLAH...
BLAH...
BLAH..."
negative_112.jpeg,Negative,Negative,0.57190865,OCR,0.5,"Haters will say
it is Photoshop.
Respect your
parents.
They passed
school
without
google.."
positive_969.jpg,Positive,Positive,0.9660765,OCR,0.5,"""WHEN YOU FINALLY
LEARN YOUR
SELF-WORTH...
YOU STOP GIVING
OTHERS
DISCOUNTS""
quoteslife143.online"
negative_870.jpg,Negative,Negative,0.9655567,OCR,0.5,"O
abc
WCPO
66
BABIES HAD
BEEN SHOT"""
negative_037.jpg,Negative,Negative,0.9798793,OCR,0.5,"JAMMU AND KASHMIR
5 SOLDIERS KILLED IN POONCH
INDIA
TODAY"
negative_773.jpg,Negative,Negative,0.9683175,OCR,0.5,"MIRROR
NOW
CALIFORNIA WILDFIRE TRIPLES IN SIZE
THOUSANDS FORCED TO EVACUATE"
negative_221.jpg,Negative,Negative,0.9700428,OCR,0.5,"Massive fire breaks in
Kolkata's Bagri market
900
M.M.CROCKERY"
neutral_503.jpg,Neutral,Neutral,0.8244324,OCR,0.5,"What does
it mean?"
negative_838.jpg,Negative,Negative,0.86351836,OCR,0.5,"4News
Pakistan: Will
Imran Khan be
arrested again?
alberts"
positive_760.jpg,Positive,Positive,0.97642255,OCR,0.5,"POSITIVE THOUGHTS CAN
CHANGE YOUR WHOLE
DAY AND POSITIVE
MINDSET CAN CHANGE
YOUR WHOLE LIFE.
-ANONYMOUS
QUOTESPEDIA.ORG"
neutral_466.jpeg,Neutral,Neutral,0.9722364,OCR,0.5,"Nvidia GTX 1080
AMD Radeon RX
Vega 64
Intergrated
graphics card
Google
how to download graphics card
How to download a graphic
card?"
neutral_336.jpeg,Neutral,Neutral,0.94292486,OCR,0.5,"Peter I Told You
Coding Humor
Not to think
programming is easy"
neutral_771.jpg,Neutral,Neutral,0.8593799,OCR,0.5,"the art of the
SIDE
HUSTLE"
positive_375.jpeg,Positive,Positive,0.9638094,OCR,0.5,"HAPPY
Mathers
Day"
positive_981.jpg,Positive,Positive,0.97474355,OCR,0.5,"""To improve is to change;
to be perfect is to change often.
-Winston Churchill"
positive_483.jpg,Positive,Positive,0.5969332,OCR,0.5,"MATH LOVE STORIES
PARALLEL
ASYMPTOTE
Soulmates who are never
meant to meet each other
TANGENT & CIRCLE
To be together once,
then drift apart forever
Stheroundpanda
Always getting closer,
but will never be together
SINE & COSINE
M
Keep falling in and out of
love, forever out of step"
negative_797.jpg,Negative,Negative,0.95043963,OCR,0.5,"nability
Quronews.
THE HAGUE, NETHERLANDS
RUSSIA-UKRAINE WAR
EURONEWS WAR CRIMES CONFERENCE
TOOL ICC AND EU MEET IN THE HAGUE OVER VIOLATIONS COMMITTED BY RUSSIA"
neutral_418.jpeg,Neutral,Neutral,0.7629036,OCR,0.5,"EY
Company:
• Position:
• Salary:
EY
Graduate Trainee
INR 3 LPA to 4 LPA (Expected)
BBA/Bcom/BSC (CS)
• Degree:
• Branch:
All
• Batch:
• Location:
•
2022
Pan India
Apply Link: in my profile @jobdrives
Follow us for more Job Updates
O@Jobdrives"
negative_298.jpg,Negative,Negative,0.9873897,OCR,0.5,"Bihar Train Tragedy
INDIA
TODAY"
positive_504.jpg,Positive,Positive,0.5535143,OCR,0.5,"Dan Regan
@Social_Mime
When I'm behind a slow car I steer my
car a little to the right so the people
behind me can see it isn't my fault."
positive_498.jpg,Positive,Neutral,0.6967478,OCR,0.5,I searched for my dog for 20 minutes
negative_720.jpg,Negative,Negative,0.9625839,OCR,0.5,"BREAKING
NEWS
ASSAM'S
SUBANSIRI DAM
DAMAGED AFTER
HEAVY RAINS
MIRROR
NOW"
positive_785.jpg,Positive,Positive,0.8074211,OCR,0.5,"NOTHING
worth
HAVING COMES
EASY"
positive_145.jpeg,Positive,Positive,0.98603356,OCR,0.5,"Don't cry over the past,
it's gone, don't stress
about the future, it has
not arrived yet. Live in
the present and make
@Motivational Life
it beautiful."
negative_750.jpg,Negative,Negative,0.8335887,OCR,0.5,"WHERE IS THE RUSSIA-UKRAINE
WAR HEADED IN 2023?
MIRROR
NOW
YOU. FIRST."
neutral_144.jpg,Neutral,Neutral,0.49886698,BLIP,0.5,a group of people sitting on a beach
negative_712.jpg,Negative,Negative,0.97353697,OCR,0.5,"British Red Cros
NATURAL DISASTERS:
EARTHQUAKES
Refusing to people inci"
positive_160.jpg,Positive,Positive,0.9387251,OCR,0.5,"GE
You have
to dream
before your
dreams can
come true.
A. P. J. Abdul Kalam
The Indian EXPRESS"
negative_576.jpg,Negative,Negative,0.5078128,OCR,0.5,"Me listening to strangers conversation
thinking how f**kin' dumb they are."
neutral_798.jpg,Neutral,Neutral,0.9646747,OCR,0.5,"SHOULD YOU
LEARN
|=GO?"
positive_819.jpg,Positive,Positive,0.96327657,OCR,0.5,"Smile at the
obstacle, for it
is a bridge.
Medusa The Poet
EVERYDAYPOWER"
neutral_655.jpg,Neutral,Neutral,0.91062725,OCR,0.5,"Do You
Know
?"
negative_302.jpeg,Negative,Negative,0.995095,OCR,0.5,"THE HINDUSTAN TIMES
BOMB BLASTS ROCK BOMBAY
Over 200 killed Select targets hit Army put on alert."
negative_621.jpeg,Negative,Negative,0.9684489,OCR,0.5,"KOLKATA
FIRE
""INXHIFZS
FIRE
FIRE IN HATIBAGAN MARKET
NEWS BREAKING NEWS
SHOW BIZ VINOD A 'SHAME'
OSCAR FILM F"
negative_026.jpeg,Negative,Negative,0.9520175,OCR,0.5,"BALTIMORE NEWS-POST NIGHT
RACE SPECIAL
GERMANY. ITALY
DECLARE WAR ON
UNITED STATES
-
alamy
alamy
Masing Hit Set Ablesey
By Banker!
BULLETIN"
positive_964.jpg,Positive,Positive,0.9822489,OCR,0.5,"A POSITIVE DAY
BEGINS WITH
A POSITIVE
MINDSET.
WWW.GIRLBOSSVIBES.COM"
neutral_194.png,Neutral,Neutral,0.9465915,OCR,0.5,"1
Say hi to your new Facebook friend
MemeZila.com"
positive_047.jpg,Positive,Positive,0.90490764,OCR,0.5,"64
If I love myself despite
my infinite faults,
how can I hate anyone at
the glimpse of a few faults.
SWAMI VIVEKANANDA
The Indian EXPRESS"
positive_119.jpeg,Positive,Positive,0.9831376,OCR,0.5,"The secret of being
happy is accepting
where you are in life
and making the
most out of
every day.
(Wonders Diary)
www.wondersdiary.com"
neutral_615.jpeg,Neutral,Neutral,0.76718587,BLIP,0.5,a man wearing a black t - shirt with a white logo
positive_631.jpg,Positive,Positive,0.96078503,OCR,0.5,"One ounce of practice is worth
a thousand pounds of theory.
Vivekanande"
negative_510.jpeg,Negative,Negative,0.9402578,OCR,0.5,"124
הקטן נעים
44 DEAD, 150 INJURED IN LAG B'OMER STAMPEDE
NETANYAHU LAMENTS HEAVY TRAGEDY AT MOUNT MERON"
negative_061.jpeg,Negative,Negative,0.57824504,OCR,0.5,"WE ALL
GO LITTLE
MAD
SOMETIMES"
neutral_814.jpg,Neutral,Neutral,0.7911786,OCR,0.5,"Sleepiest.
Voice
Ever...
CONSCIOUS.TV"
negative_096.jpeg,Negative,Negative,0.95658934,OCR,0.5,"ani t
London convicts bon
el strikes
Iran expands Mu
uranium
enrichment
wa
argets
Iran's president
blames U.S. for
terror in regio
WAR
dead
Five U.S. men
tack
in Pakistan
sought had
aks jus
Iran embraces nuclear
o Attacks kill
at least 127 Blast"
positive_918.jpg,Positive,Positive,0.86311674,OCR,0.5,"Innocent people are
not stupid. They just
think everyone has a
good heart.
LET'S TALK
KARMA"
negative_018.jpg,Negative,Negative,0.9672102,BLIP,0.5,a house is being demolished in the village of a village in the outskirts of the city of kaba
negative_179.jpg,Negative,Negative,0.9360797,OCR,0.5,RAPE
negative_151.jpeg,Negative,Negative,0.9327104,OCR,0.5,"DECEMBER 3,1984
HE NIGHT OF TRAGEDY"
positive_909.jpg,Positive,Positive,0.85685325,OCR,0.5,"66
Life is too short
not to smile.
LOVE KNOW"
negative_697.jpg,Negative,Negative,0.96249574,OCR,0.5,"E
WHO'S THE ACCUSED
IN DELHI MURDER CASE?"
neutral_719.jpg,Neutral,Neutral,0.86407024,OCR,0.5,"Only My
English.com
Grammar
Shapes Name
Circle
Triangle Square
are Rectangle
Right Angle
Rombus
Star
Heart
Hexagon
Cube"
negative_308.jpg,Negative,Negative,0.9780272,OCR,0.5,"Los Angles Times
IN TWO PARTS
DALY, FIVE CO
ATOMIC BOMB HITS JAPAN
Jet Plane Explosion Kills Maj. Bong
Death Ends
Ace's 'Shooting Star
Blows Up in Test Flight Career of
Over North Hollywood
Sen. Johnson
C
B-29's Pound Man's Most Destructive
Navy Arsenal Force, One Equal to 2000
on Honshu B-29 Loads, Blasts Nips
Wing Out of
Mystery T
CAM
WASHINGTON, AE & UP-The most terrible destructive force ever
FEATURES INDEX
Tanks Give G
New Pining
G.M.C. Plans
Major Plant
Extension Here
Heat Down to 82;
Further Drop Due
Recent Quakes
Now Revealed
as Bomb Blasts
INVENTORS CLAIM
GADGET WILL FEEL
FREEZE AND WASH
Four Bandits Beat
and Rob Acter
Atom-Splitting
Test by Science
Group Disclosed
Destroyer Blest
Claims 21 Lives
JAP BROADCAST NOTES
TRUMAN ANNOUNCEMENT
United Sta"
negative_727.jpg,Negative,Negative,0.95595026,OCR,0.5,"A strong earthquake of magnitude
7 has hit Turkey and Greece
ZEE"
positive_500.jpeg,Positive,Positive,0.9774426,OCR,0.5,"Trust that whatever
is meant for you is
on its way.
- Via (Dark Secrets)"
negative_384.jpeg,Negative,Negative,0.9814292,OCR,0.5,"30 killed as bus falls off bridge
Shindi-bound TCS staff tong victims, many of the 16 ligured in critical condition"
negative_831.jpg,Negative,Negative,0.9441145,OCR,0.5,"SYRIA
EARTHQUAKES BRING ON YET ANOTHER DISASTER"
neutral_826.jpg,Neutral,Neutral,0.5770036,OCR,0.5,"|HISTORY MARATHON
1857 TO 1947
LUCENT + SPECTURM + NCERTS
BY DR VIPAN GOYAL
GS
BY DR VIPAN GOYAL"
neutral_074.jpg,Neutral,Neutral,0.93553007,OCR,0.5,"NOT SURE IF ACTUALLY HAVE
FREE TIME
OR JUST FORGETTING EVERYTHING
quickmeme.com"
negative_660.jpg,Negative,Negative,0.94880664,OCR,0.5,"24 PEOPLE
DIED OF
SPURIOUS
ALCOHOL IN
DRY
GUJARAT
WWW.ZEENEWS.COM
NEWS
INGLISH
NEWS"
neutral_606.jpg,Neutral,Neutral,0.777935,OCR,0.5,"135. A tradesman gives 4% dis-
count on the marked price
and gives 1 article free for
buying every 15 articles and
thus gains 35%. The marked
price is increased above the
cost price by
(1) 40%
(3) 50%
(2).39%
(4) 20%
to do
136 A and B undert"
negative_631.jpeg,Negative,Negative,0.92394954,OCR,0.5,"CYCLONE YAAS
LIVE UPDATES
KALINGA"
neutral_851.jpg,Neutral,Neutral,0.88821614,OCR,0.5,"A
BRIEF
HISTORY
OF
CHESS
ՄԵՆ
TEDED"
neutral_124.png,Neutral,Neutral,0.9329241,OCR,0.5,"Leaflet
Media Space"
negative_200.jpg,Negative,Negative,0.9910141,OCR,0.5,"Daily Enterprise.
MASS, MONDAY, JULY 22, 1946
ETINS
MCKINLEY
abad Fi
347
day
Weather
THREE CENTS
IN
REPORTS 50 KILLED
JERUSALEM BOMB BLAST
SHOWERS HELP CROPS IN CITY
AREA, BUT MORE RAIN SEEN
NEEDED TO MEET SITUATION
Farmlands, Long Dry, Get Boost from
Rain. But Two-Day Fall
they
ps
sit
Is Needed
was the
ng esprit by Le
day, the
ring the ght and
fast in the sity since July 2
eyed be add that what the
sally need is a bay two day
A yet, the best the water an
Sy kurow but the
wit the shows bs d
the fad but the
TOTAL OF 60
ARE SAID TO
Headquarters of
British Army, Sec-
retariat Is Scene
BE INJURED
By CARTER DAVIDSON
WALEM 302-AP
Tits Nebot and shattered
part of the hit King David nie
head of the Army
and the metariat of the Patie
Overment og at
tetying bid that
dick the mooves part it th
chet este
The stack este 21 days after the"
negative_849.jpg,Negative,Negative,0.9697597,OCR,0.5,"NEWS
FLOODING
EMERGENCY
WA DOWNPOUR"
positive_547.jpeg,Positive,Positive,0.96497405,OCR,0.5,"Practice positive
self-talk. Your mind is
always listening.
Via (Dark Secrets)"
positive_282.jpg,Positive,Positive,0.97716475,OCR,0.5,"Your discipline determines
the quality of your life.
-Unknown
@InspirationalQuotes/20"
positive_400.jpeg,Positive,Positive,0.84574807,OCR,0.5,"UNSUCCESSFUL SUCCESSFUL
PEOPLE
PEOPLE
FAIL
FAIL
FAIL
FAIL
FAIL
FAIL
FAIL
FAIL
FAIL
FAIL
FAIL
FAIL"
negative_693.jpg,Negative,Negative,0.57693315,OCR,0.5,"Sometimes it's hard to smile
when you feel like crying inside.
www.Attitudecaption.com"
negative_301.jpg,Negative,Negative,0.9858825,OCR,0.5,"BRIDGE COLLAPSE
Latest Tragedy on India's Roads
m mapsofindia.com"
negative_131.jpg,Negative,Negative,0.56011647,BLIP,0.5,a man sitting on the floor
positive_726.jpg,Positive,Positive,0.97075313,OCR,0.5,BE HAPPY
positive_142.jpg,Positive,Neutral,0.49111986,BLIP,0.5,a young man smiling and wearing a black shirt
neutral_780.jpg,Neutral,Neutral,0.8532243,OCR,0.5,"BUY
DIY
FAIL
KEFAIL
Have A NickDay!
?"
negative_497.jpg,Negative,Negative,0.9087961,OCR,0.5,Flood
neutral_641.jpeg,Neutral,Neutral,0.96770763,OCR,0.5,"Cancel
Update Status
answered a question
If I were to go to the store right now to buy ice
cream, the flavor I would pick is...
Add your answer
Add to your post"
neutral_833.jpg,Neutral,Neutral,0.9044056,OCR,0.5,QUANTUM?
positive_545.jpeg,Positive,Positive,0.7324869,OCR,0.5,"@suc
spictures
2
DIFFERENT
MINDSETS
@successpictures
successpictures"
negative_790.jpg,Negative,Negative,0.70365983,OCR,0.5,"""WAR IS
DELIGHTFUL TO
THOSE WHO HAVE
HAD NO
EXPERIENCE
OF IT.""
Desiderius Erasmus"
positive_157.jpeg,Positive,Positive,0.96446466,OCR,0.5,"Never give up.
Great things
take time.
Be patient."
neutral_111.jpeg,Neutral,Neutral,0.91357684,OCR,0.5,"OVER
C071
1 A
13
Control Panel Home:
Device Manager
Remote settings
System protection
System
Control Panel System and Security System
Advanced system settings
View basic information about your computer
Windows edition -
Windows 8.1 Single Language with Bing
©2013 Microsoft Corporation. All rights
reserved.
Get more features with a new edition of
Windows
System
Search Co. P
Windows 8
See also
Action Center
Windows Update
Manufacturer
Processor
Acer
Not Available
Installed memory (RAM): Not Available
System type
Pen and Touch:
32-bit Operating System, x64-based processor
No Pen or Touch Input is available for this Display
acer
Acer support
Website
Online support
Computer name, domain, and workgroup settings
Computer name
Full computer name
User
User
Computer description:
Workgroup:
acer
WORKGROUP
Change settings
V19"
neutral_653.jpg,Neutral,Neutral,0.5948434,OCR,0.5,"THE GOURMET
Non-Burning Saucepan
possesses advantages obvious to every woman; it fills a long-felt household want, a
saucepan that can cook unattended and will not let its contents burn.
What the Gourmet Non-Burning Saucepan is and does.
It is a deep, green enamelled saucepan, white inside and complete with flat enamelled cover, and
with a spun-on copper bottom enclosing a fireproof lining. The polished copper bottom matches and
sets off admirably the green enamel, and the whole effect of the article is distinctly pleasing and
inviting, and inspires confidence in its promise of quality and long service.
For Cooking Sauces,Custards, Milk, Porridge, etc., etc.,
it is unsurpassed. IT WILL NOT let
its contents BURN.
The copper bottom and fire-
proof lining protect what is the
most vulnerable part in an
enamel saucepan-the bottom,
so that a Gourmet Non-Burn-
ing Saucepan lasts three times
as long as an ordinary enamel
saucepan, and moreover the
danger of chipping while cook-
ing is eliminated,
THE TEST.-Boil milk
in it down to a thick
cream and it will not
burn.
No. 12 1 pt.1/9
14 2 pt. 2/-
No. 16
3 pint 2/6
18
4 pint 2/9
The number denotes inside
diameter in centimetres.
ENAMEL SAUCEPAN BOTTOM
LINING
COPPER BOTTOM
QUEEN'S PUDDING BOILERS.
No Cloth or String used. Earthenware
Bowl. Tinned Steel Cover. Keep Water
Out, and Goodness in. Make puddings
as light as sponge cake.
Prices-
N12
1 pint, 9d.
3 pint, 2/-
pint, 1/
4 pint, 2/6
2 pint, 1/6
6 pint, 3/
THE
GOURMET
DUPLEX
FORK.
burning and scalding your
Sausages, Bacon, etc., in the
This is a stamped steel utensil, heavily coated with pure tin. Saves
hands when turning Chops and Steaks on the Grill, Roasts in the oven,
frying pan. Hold Rissoles, Fishcakes, Baked Potatoes, and Chestnuts. Does not pierce or tear the
meat, a point strongly in its favour as a cooking utensil for Steaks; etc., Handle shaped to the hand,
always cool. Has a spring grip that automatically releases whatever you are holding immediately
pressure is released on the handles, and forks remain wide open ready for the next hot thing to be
picked up.
Price
7d. each.
Write for list of GOURMETWARE,"" sent post free on receipt of a postcard to
H.M.
GOURMET & CO., (Dept.) Mount Pleasant, London, W.C.
alamy
Image ID: AA8EH6
www.alamy.com"
positive_403.jpeg,Positive,Positive,0.9464067,OCR,0.5,"The person coming
to save you is your
healed self.
- Via (Dark Secrets)"
positive_200.jpeg,Positive,Positive,0.9025263,OCR,0.5,"HAPPY
ANNIVERSARY
SHARE YOUR PICTURE & ANNIVERSARY DATE
SO WE CAN
CELEBRATE YOU!"
positive_058.jpg,Positive,Neutral,0.46841773,BLIP,0.5,women wearing masks and holding hands up to the camera
negative_463.jpg,Negative,Negative,0.9671537,OCR,0.5,"PREMIER GIV
LER LAST CHE
SUNDAY
DISPATCH
SPECIAL LATE NEWS
WAR
-OFFICIAL
GRAPHIC
CABINET H
AT
NAV
Telegraph.co.uk/video
MPTS"
positive_540.jpeg,Positive,Positive,0.9579882,OCR,0.5,"You must teach
your heart to accept
what cannot be
changed.
(Thoughts Wonder)
For Cold
Drink
433
Thoughts Wonder"
negative_056.jpeg,Negative,Neutral,0.68617284,OCR,0.5,"NOT CUTE
JUST
PSYCHO"
positive_130.jpeg,Positive,Positive,0.9505137,OCR,0.5,"Conceive. Believe. Achieve.
If your mind can conceive and
your heart believes it then you
can achieve it.
- Via (Dark Secrets)"
negative_858.jpg,Negative,Negative,0.9722871,OCR,0.5,"NEWS
Floods In Several Parts Of Assam
33,500 People Affected,
Lakhimpur Worst Hit
ПР P"
negative_892.jpg,Negative,Negative,0.97335196,OCR,0.5,"THREE YOUNG BOYS KILLED IN SHOOTING
FATHER CHARGED WITH THREE COUNTS OF AGGRAVATED MURDER
BREAKING
NEWS
5
WLWT"
positive_139.jpg,Positive,Neutral,0.41262963,BLIP,0.5,a woman holding a flower in her hand
positive_516.jpeg,Positive,Positive,0.965598,OCR,0.5,"Mind
is not a dustbin to
keep anger hatred
and jealousy.
But it's a treasure box
to keep love happiness
and sweet memories.
- Swami Vivekananda"
positive_897.jpg,Positive,Positive,0.96145916,OCR,0.5,"I HOPE YOUR
MORNING IS
AS BRIGHT AS
YOUR SMILE
GoodMorning Wishes.Pics"
negative_525.jpeg,Negative,Negative,0.74287766,OCR,0.5,"Mohd Khair is with Md Khair Md Noor and 19 others.
25 June 17:15
Attempted ARMED ROBBERY at a clinic at Puchong, Malaysia o
June
20
But the robbery was aborted when the doctor himself shot the
robbers
One robber escaped while the other received multic gunshots...not
sure of he survived ough
S
0:0:/1:44
DO43
G
21 comments 41 shar"
negative_562.jpg,Negative,Negative,0.65191674,OCR,0.5,"'Everyone at the site where clicking
pictures and making videos and
posting on social media. But not a single
human came to help her. No one.'"
negative_609.jpg,Negative,Negative,0.9480107,OCR,0.5,"New York Post
ITALY
AT WAR
Italy today declared war on France and Britain.
Hitler's Italian jackal jumped at the throats of
the stricken Allies at a moment when 1,800.000 Germans
were driving forward only 25 to 30 miles from Paris."
negative_146.jpg,Negative,Negative,0.43628752,BLIP,0.5,a group of people
negative_860.jpg,Negative,Negative,0.9524624,OCR,0.5,"DW
Flooding
death toll rises to 103"
negative_441.jpg,Negative,Negative,0.73894316,OCR,0.5,"POUT
JE
odn TORTURE ROOM
news"
negative_639.jpg,Negative,Negative,0.654045,OCR,0.5,"When I realized
we will not be together,
the pain and sorrow
flooded my heart
and I am drowning still.
LoveMessagesFromHeart.com"
positive_197.png,Positive,Positive,0.79633653,OCR,0.5,"modif.ai
Merry Christmas
ALLO
Party
NEW YEAR'S EVE
24
December
ENJOY THE
BEST PARTY
INTO"
neutral_260.jpeg,Neutral,Neutral,0.8675387,OCR,0.5,"People liking
snapchat because
it doesn't save
the messages
The developer
that never learned
SQL"
neutral_082.jpeg,Neutral,Neutral,0.85762715,OCR,0.5,"ONLY ONE PERSON WOULD
TURN THIS INTO A MEME"
positive_053.jpg,Positive,Positive,0.954458,OCR,0.5,"""If you want
to live
a happy
life,
tie it to
a goal,
not to people
or objects.""
-Albert Einstein
Qquote"
neutral_890.jpg,Neutral,Neutral,0.8370068,OCR,0.5,"TEDED
Squad
00
Π
II IT
WHY DO ANIMALS
HAVE DIFFERENT
LIFESPANS?"
neutral_795.jpg,Neutral,Neutral,0.4981244,OCR,0.5,"GO
CYBERSECURITY
CISCO.
CCNA
CompTIA
eJPT
A+"
neutral_001.jpeg,Neutral,Neutral,0.68596476,OCR,0.5,"Good you have scrolled for so
long
you have reached the
sanctum of the CONED CATS.
They wish you a nice life.
dnos A"
negative_846.jpg,Negative,Negative,0.64452755,OCR,0.5,"1999 Horror
ITV"
neutral_188.jpg,Neutral,Neutral,0.8711363,OCR,0.5,"imgflip.com
Me when the 30
day snooze expires"
negative_036.jpeg,Negative,Negative,0.7150717,OCR,0.5,"Nit Jamshedpur
Frustration"
positive_1001.jpg,Positive,Positive,0.9401877,OCR,0.5,"""A GOOD IDEA
BECOMES
A GREAT IDEA
WHEN
YOU LET IT
OUT.""
quoteslife143.online"
negative_223.jpg,Negative,Negative,0.97403836,OCR,0.5,"R. RISE NEWSBREAK
TARDEO, MUMBAI
FIRE AT TARDEO'S 20 STOREY BUILDING"
negative_028.jpg,Negative,Negative,0.9384421,BLIP,0.5,a house is seen in the aftermath of a landslide in the philippines
negative_884.jpg,Negative,Negative,0.9422325,OCR,0.5,"INV
adidas
TWO KHALISTANI TERRORISTS
DEAD IN A WEEK"
negative_350.jpg,Negative,Negative,0.91771126,OCR,0.5,"HOW COVID-19 HAS
AFFECTED INDIA
Union Territory of
Jammu and Kashmir
Union Territory
of Ladakh
3
Punjab
Rajasthan
1
2
Uttar Pradesh
Delhi
6
Haryana
10
20
1
14
Mahrashtra
11
O
Karnataka
Telangana
21
Kerala
17
Tamil Nadu
1
Total Confirmed cases
(Indian National)
Tolol Contimed cases
(Foreign National)
56
17
As on 12-3-2020 at 11:00 AM"
negative_481.jpg,Negative,Negative,0.64782053,OCR,0.5,"STOP
PUTIN"
neutral_925.jpg,Neutral,Neutral,0.87267816,OCR,0.5,ARE YOU NOT CONVINCED?
negative_898.jpg,Negative,Negative,0.925526,OCR,0.5,"sky news
MYSTERY
OVER
RAPPER'S DEATH"
negative_551.jpg,Negative,Negative,0.56864,OCR,0.5,"Posta About Photos
Mentions
Vinayakan's Posts
Vinayakan
Details
Ayyapnene panni
Page - Artist
417
1 coms 10 shes
en.wikipedia.org/wiki/Vinayakan
Comment
Vinayakan
Kunna
Libe
Comman
Vinayakan
2410
Pooru
Vinayakan
Kunna kunna kunna kunna
Vinayakan"
positive_068.jpg,Positive,Positive,0.8310338,OCR,0.5,"Nothing truly valuable can be
achieved except by the unselfish
cooperation of many individuals
Albert Einstein
quotefancy"
negative_359.jpeg,Negative,Negative,0.90187836,OCR,0.5,DEATH TOLL CROSSES 1 LAKH MARK
positive_666.jpg,Positive,Positive,0.90757895,OCR,0.5,"The
best vi
view
comes after
the hardest
climb
THEWANDERLUST WITHIN.COM"
positive_221.jpeg,Positive,Positive,0.9396651,OCR,0.5,"Once you forget what you're worth,
you forget what you deserve.
-Unknown
@InspirationalQuotes720"
negative_754.jpg,Negative,Negative,0.9836769,OCR,0.5,"MANHATTAN
SPORTS FINAL
DAILY NEWS
NEW YORK'S PICTURE NEWSPAPER
MS
Tuesday, April 29, 1900
SOVIET PLANT SPEWS ATOMIC CLOUD
NUCLEAR
DISASTER
Western officials fear high death toll
Technicians in Forsmark, Sweden, check radiation level of people exposed to fallout from
nuclear incident at Soviet reactor near Kiex. yesterday. Stories start on page 2."
positive_976.jpg,Positive,Positive,0.97319156,OCR,0.5,"The rain will pass. Keep
your head up. Look for
the rainbow.
DreamsQuote.Com"
neutral_635.jpg,Neutral,Neutral,0.87794983,OCR,0.5,THE CONVERSATION
positive_149.jpeg,Positive,Positive,0.95697415,OCR,0.5,"Happy moments come with a happy heart.
yuzdeyuzingilizce"
positive_210.jpg,Positive,Positive,0.84910864,OCR,0.5,"Happy
Basant Panchami
2022
LATEST LY"
negative_166.jpg,Negative,Negative,0.97462213,OCR,0.5,"ALJAZEERA
POLI
OLIZEI
BREAKING
VIENNA SHOOTING
apparent terror attack'"
neutral_204.png,Neutral,Neutral,0.9276115,OCR,0.5,"power thesaurus
Synonyms for Academic
position
ideal position academic status
formal position"
neutral_676.jpg,Neutral,Neutral,0.88091457,OCR,0.5,"Curiously
Interesting
Facts"
neutral_462.jpeg,Neutral,Neutral,0.8727567,OCR,0.5,"Don't text my daughter
again
Tom And Jerry Club
Our daughter.
She calls me daddy too."
positive_700.jpg,Positive,Positive,0.9824065,OCR,0.5,"May the Divine light of Diwali bring
peace, happiness, and prosperity to
your life..
Wish you all a very HAPPY DIWALI
thebestshayari.in"
neutral_451.jpeg,Neutral,Neutral,0.8539884,OCR,0.5,When the DNA test isn't needed...
positive_214.jpeg,Positive,Positive,0.84542,OCR,0.5,"ITVerticals
EMPLOYEE BIRTHDAY
CELEBRATION
HAPPY
BIRTHDAY!
Kai Jibran Askari
Wish you of the best from
team IT Verticals"
positive_571.jpeg,Positive,Positive,0.91398346,OCR,0.5,"f
Happy
Birthday
Wishes
FOR FACEBOOK FRIENDS
**YOURFATES.COM
تثق"
negative_375.jpeg,Negative,Negative,0.97024107,OCR,0.5,"THE SALISBURY TIMES
GERMANY INVADES POLAND
Britain Will Fight, Chamberlain Says
Hitler's Same Con
Italy Is Neutral,
France Aids Poles"
negative_259.jpg,Negative,Negative,0.983287,OCR,0.5,"10 Dead In Bhiwandi
Building Collapse
NDTV"
neutral_815.jpg,Neutral,Neutral,0.7553415,OCR,0.5,"WHY WAS
BONN
GERMANY'S
CAPITAL?"
negative_742.jpg,Negative,Negative,0.9054475,OCR,0.5,"WEST'S MOZART PROVOCATION
FOR PUTIN AMID BOMBARDMENT
HT"
positive_287.jpg,Positive,Positive,0.97999156,OCR,0.5,"Your life does not
get better by
chance.
It gets better by
@Motivational Life
change."
positive_919.jpg,Positive,Positive,0.8771619,OCR,0.5,"You're the most beautiful girl
I've ever met.
www.True Wordings.com"
positive_904.jpg,Positive,Positive,0.8983607,OCR,0.5,you're my everything
positive_156.jpg,Positive,Neutral,0.54478705,BLIP,0.5,a man in a suit and tie smiling
negative_445.jpg,Negative,Negative,0.8765788,OCR,0.5,"Starz Gazette
R
Sunday, August 12, 1929
Page
WAR ON THE HORIZON
DETAILS UNFOLDING ON LEADER'S PLANS TO DEFEND THE NATION
which roughly 68% of inports
from Vaterland were directed
Long-fueled tensions in the Delta's many secretive projects, to What twisted foresight naist cit valnes and ideals, governing his
Global Senate rose to a boil this
leaders possess to believe that people rough selfishness and
past Wednesday as representatives
science and technology is the way xenophobia. He should embrace the
Delta Fontis voiced their ""The Chancellor's) actions to the future?""
Delts Initiative's pursuit of peace-
extreme disapproval of The will have dire repercussions,"" The conflict, which had been through science if he truly aims to
Chancellor's handle on interna- Delta representatives announced publicly broadcasted on television take Vaterland into the future.""
tional trade. following a ""His decision to discontinue trade and radio, resulted in many While debate and speculation is
declaration by our leader that he with us is not only misguided, but instances of misconduct among being spun wildly throughout our
would cease all imports and dangerous.""
civilians. Passionate supporters of Nation Delta Fontis has remained
exports betiveen the States. Their
selcatlessly slanderous comments
on his supposed abuse of the Ten
Year Agreement were met with
equally relentless backlash from
The Chancellor himself who
promptly refuted their claims by
calling into question the nature of
""The Delta Initiative greedily The Chancellor rallied aggres- quiet and secretive. ""It's to be
takes the gifts we provide to them sively outside the compound, expected"" says Captain Marx of
and wastes it all on useless and causing a parade of violence the First Division. ""One State
inconsequential scientific endeave against advocates of the Delta aiming to go to war with another
ors,"" The Chancellor argued. ""To Initiative. Military forces were will let nothing slip through the
cut off their supply is to conserve quickly called to intervene, an cracks. If there's one thing the
our resources for things that truly action that left the streets of Delta Initiative is good at, it's
matter in these times of crisis. Unison riddled with a chaotic mess keeping secrets.""
of debris and human bodies. The government of Delta
Statistics estimate the number of Fontis is notorious for keeping
casualties at 25, while 143 were secrets regarding its scientific and
found injured..
The conference conchaded
following a clear threat of war
from the representatives of Delta
Fontis. If The Chancelles will not
relent and give us our deserved
resources, we will take thein by
force.""
military development, a trait that
never quite sat well with particular
members of the Global Senate. It
was a difficult decision for The
Chancellor to sign onto the Ten
Year Agreement when the Delta
Initiative first presented it to the
Senate. Only time will tell if first
impressions really do count
Despite the harrowing results
of this event, our leader stands Political Analysts observing
unyielding. Upon his return to the this unfolding event have expressed
Vaterland Capitol he issued a fears that the battle for resources,
speech to the masses, showing no should things truly come to all-out
restraint in expressing enmity and war, would spread beyond the
making it clear that he no longer borders of Vaterland and Delta
considers Delta Fontis an ally of Fontis. Parking conflict on a
the State. ""My comrades, we must global scale. ""It's undeniable that a
not falter beneath the cowardly powerful State like Delta Fontis
threats of disputant villains! If they would look to its allies for support,""
desire to take arms against us, we says analyst James Genz. ""If The
will be ready, We will prove to Chancellor is wise, he would do the
Delta Fontis, to the world, that our sathe. But one must imagine, in the
glorious Vaterland is now and event of a Great World War, what ab
forever a symbol of progress and crippling effect that would have on
power!""
our global economy.""
An underground rebel group For now the future seems
who caught wind of the ordeal mcntain, but our leader has made
released a statementthe following it clear that he will not back down
day, arguing that The Chancellor from a feht. Please expect updates
""blinds himself with traditional is a wea
""AREA 99"" UNDER INVESTIGATION
Photo: Vaterland Air Force
00
One of the most long-debated all over the globe.
station alongside multiple sets of
mysteries of the Delta Initiative is But now, standing in the wake Jowering smokestacks. A pair of
the enigmatic ""Area 99. known of an ever-growing conflict. The collosal metal rings surrounds the
publicly only as a research station Chancellor of Vaterland has depression itself
in the northwestern regions of declared Asca 99 and all other One popular theory written by
Delta Fontis. Of the roughly 68% Delta stations like it a potential an'anonymous member of Pyramid
of imports from Vaterland that danger to the State. To that end our claims a meteor crashed in Delta
were shipped to Delta Fontis, leader has ordered extensive Fontis several thousand years ago,
more than half of that share went investigation into the nature of the leaving behind
le-wide
straight to the development of the facility and why the Delta Initiative impact crater They suggest that
mysterious research station, regards it with such high scientists who later studied the
studies show
significance. Delta officials have crater came upon some new form of
No one knows what goes on again refused comment on the ""negatively charged non-restrial
behind the Great Wall that extends matter.
matter."" The term in physics refers
for miles outside the general Photographs taken from a to a yet undiscovered form of
vicinity of the station, and Delta Vaterland Air Force Spy Plane (see energy that functions not unlike
officials have refused comment at above) reveal the facility to be Dark Matter the invisible force
every turn. In response to these surrounding a massive depression driving the fabric of space and time
many unanswered questions. Area in the landscape, roughly 16 miles apart. The theorist speculates that
99 has been the subject of many a in diameter. An array of dome- the rings are in fact a pair of Particle
ghost story and conspiracy theory shaped structures connect to the Colliders, used to study the
(story contact on page 4)"
neutral_361.jpg,Neutral,Neutral,0.7320554,OCR,0.5,"Nobody:
Girls at beach taking pictures
DEARCHUSH"
neutral_236.jpg,Neutral,Neutral,0.93279636,OCR,0.5,"C
Developer: Makes a simple, intuitive UI
Users"
positive_290.jpeg,Positive,Positive,0.97704333,OCR,0.5,"Respect yourself
and others will
respect you.
Via (Dark Secrets)"
neutral_807.jpg,Neutral,Neutral,0.76025033,OCR,0.5,"Noah's Ark
located??
HISTORY"
neutral_828.jpg,Neutral,Neutral,0.6210252,OCR,0.5,"History of
Korea"
positive_467.jpeg,Positive,Positive,0.94587076,OCR,0.5,"I'm ready for a new
chapter in my life.
(Thoughts Wonder)
Thoughts Wonder"
positive_097.jpg,Positive,Neutral,0.70412093,BLIP,0.5,a woman holding a cat in her arms
positive_104.jpeg,Positive,Positive,0.55727446,BLIP,0.5,a family celebrating a birthday
neutral_744.jpg,Neutral,Neutral,0.85659623,OCR,0.5,"DO YOU
HAVE IT?"
positive_235.jpeg,Positive,Positive,0.9569527,OCR,0.5,"You will find your home. You will
find your place. You will find your
people. Give it a little bit of
time. It will happen.
- Via (Dark Secrets)"
negative_777.jpg,Negative,Negative,0.9711534,OCR,0.5,"Operation underway to
douse forest fire in Uttarakhand
ANI"
positive_674.jpg,Positive,Positive,0.8961406,OCR,0.5,"66
A good marriage is like
a casserole, only those
responsible for it really
know what goes in it.""
1000
woman's day"
positive_745.jpg,Positive,Positive,0.9201884,OCR,0.5,"A great
ATTITUDE
becomes
a great DAY
WHICH
becomes
a greaT
YEAR"
negative_082.jpg,Negative,Negative,0.6023325,BLIP,0.5,a car that is on the side of the road
negative_129.jpg,Negative,Negative,0.4973808,OCR,0.5,Share this picture!
neutral_358.jpg,Neutral,Neutral,0.9322536,OCR,0.5,"When you finally
understand something
in math
FB/AnimeFuture"
neutral_764.jpg,Neutral,Neutral,0.9379176,OCR,0.5,"TEDED
CAN YOU SOLVE THIS
LOGIC PUZZLE?
E"
negative_080.jpeg,Negative,Negative,0.9007151,OCR,0.5,"CORONA UPDATE
SUN
NEWS
உலக சுகாதார அமைப்பு கருத்து!
""கொரோனா வைரஸ் பேரழிவை
உண்டாக்கும் என்பதற்கு
இந்தியாவே சான்று; இந்தியாவின்
நிலை கவலை அளிக்கிறது!”"
neutral_947.png,Neutral,Neutral,0.8375163,OCR,0.5,NormalTV
negative_690.jpg,Negative,Negative,0.5468328,OCR,0.5,"63
Accepted it already,
but it still makes me sad.
www.bigenter.info"
negative_698.jpg,Negative,Negative,0.9542632,OCR,0.5,"WHO WAS THE HYDERABAD
WOMAN KILLED IN LONDON?
ΤΟΙ"
positive_652.jpg,Positive,Positive,0.97417766,OCR,0.5,"Positive thinking will
let you do everything
better than negative
thinking will.
Zig Ziglar
BrainyQuote"
negative_085.jpg,Negative,Negative,0.90330434,OCR,0.5,"3883899676 25895
1145445508
gettyimages
Hindustan Times"
positive_305.jpeg,Positive,Positive,0.9753232,OCR,0.5,"Life is a one time
offer, live it well...
(Thoughts Wonder)
Thoughts Wonder"
positive_173.jpeg,Positive,Positive,0.9394928,OCR,0.5,"love is
you"
negative_538.jpeg,Negative,Negative,0.969477,OCR,0.5,"We live in a county where everyone knows
about Chernobyl, thanks to a Web Series.
But no one knows about the Bhopal Gas
Tragedy, which took place in our own
country and was equally disastrous."
neutral_090.png,Neutral,Neutral,0.8542392,OCR,0.5,"-funded
With
KICK
STARTER"
neutral_654.jpg,Neutral,Neutral,0.8351675,OCR,0.5,"DID
YOU
KNOW?"
negative_436.jpeg,Negative,Negative,0.9585674,OCR,0.5,"Kerala crime capital of India,
Kochi most dangerous city
State Leaves
Uttar Pradesh,
Delhi Far Behind
GOON'S OWN COUNTRY?
424.118798
26
1876
3419 64
2,41986
11756"
positive_220.jpeg,Positive,Positive,0.9132595,OCR,0.5,"MERRY
CHRISTMAS!"
negative_477.jpeg,Negative,Negative,0.9752294,OCR,0.5,KERALA FLOODS
positive_923.jpg,Positive,Positive,0.9352267,OCR,0.5,"INSPIRATIONAL
LOVE QUOTES"
neutral_670.jpg,Neutral,Neutral,0.82697606,OCR,0.5,"Article title:
survive your first year as a medical student
~
wiki How"
positive_755.jpg,Positive,Positive,0.98075473,OCR,0.5,"Parade
""Because of your
smile, you make life
more beautiful.'
- Thich Nhat Hanh
"""
positive_752.jpg,Positive,Positive,0.9598075,OCR,0.5,"A positive mindset
brings positive things."
positive_672.jpg,Positive,Positive,0.8856454,OCR,0.5,"The shoreline at sunset
is simply...beautiful."
neutral_046.jpg,Neutral,Neutral,0.78557664,OCR,0.5,"If oil can float on water, put
oil on your feet and walk in
the ocean. Simple.
calm down
calm down"
neutral_127.jpeg,Neutral,Neutral,0.8763402,OCR,0.5,"My cat after bringing me
the pen I lost months ago
Purrrrlock Holmes"
neutral_184.jpg,Neutral,Neutral,0.9057694,OCR,0.5,"hamjí
@apkapio
Everyone Right Now
@FarhanNitrates
8:00 PM - 07 May 19 Twitter for Android"
positive_799.jpg,Positive,Positive,0.9480262,OCR,0.5,"A
Your smile
conquers my
heart
Pure Love Quotes.com"
negative_099.jpg,Negative,Negative,0.9242737,OCR,0.5,"000 NEWS
TSUNAMI
WARNING
RISING WATER"
negative_236.jpg,Negative,Negative,0.96903676,OCR,0.5,"RUSSIA VS UKRAINE
RUSSIA INTENSIFIES MISSILE ATTACK ON KYIV
INDIA
TODAY
REW"
negative_891.jpg,Negative,Negative,0.96856856,OCR,0.5,"D.R. CONGO
UGANDA
MPONDWE
UGANDA
SCHOOL ATTACK"
neutral_841.jpg,Neutral,Neutral,0.8563545,OCR,0.5,"חוני
TEDED
CAN YOU SOLVE THE LOCKER RIDDLE?"
positive_711.jpg,Positive,Positive,0.98156476,OCR,0.5,"JnanaKadali
www.jnanakadali.com
BE HAPPY
Inapakadali
Enjoy Every Moment of
Your Life, Life is Too Short
to Weaste on Grudges.
Laugh when You Can,
Apoligze When you Should.."
positive_387.jpeg,Positive,Positive,0.9278292,OCR,0.5,"It's more peaceful when
everything is private.
Via (Dark Secrets)"
positive_009.jpg,Positive,Positive,0.98713386,OCR,0.5,"Don't just be good
to others. Be good to
yourself too
(Wonders Diary)
www.wondersdiary.com"
positive_931.jpg,Positive,Positive,0.95387274,OCR,0.5,"A child without mom
Is like
A god without temple
LOVE YOU MAA
- chidipothu Rohith
YourQuote.in"
positive_026.jpg,Positive,Neutral,0.56077945,BLIP,0.5,a room filled with tables and chairs
neutral_799.jpg,Neutral,Neutral,0.8686283,OCR,0.5,"ARDUINO
IN
90
WATCH NOW
MINS"
positive_582.jpeg,Positive,Positive,0.5076457,OCR,0.5,"MONTH DEAL
CIVIL WEDDING
MANAGEMENT
Inclusio
tance of procuring, processing & filing of marriage
Wedding officiant & ve
info, flange us or set an appointment at our office."
negative_209.jpeg,Negative,Negative,0.97047913,OCR,0.5,"DAILY EXPRESS
30th DAY in Hiroshima: Those who escaped begin to die, victims of
THE ATOMIC PLAGUE
'I write this as a warning to the world' The big
DOCTORS FALL AS THE PICTURE THAT DOES NOT TELL THE WHOLE STORY Switch:
'Over by
THEY WORK
Poison gas fear: All wear masks
spring'
3.320,173
AMAZES
4.30 LATEST"
neutral_839.jpg,Neutral,Neutral,0.9179824,OCR,0.5,"HOW PLAYING AN INSTRUMENT
BENEFITS YOUR BRAIN
TEDED"
negative_592.jpg,Negative,Negative,0.6238526,OCR,0.5,"YOU'RE IN FB JAIL
I'M IN FACEBOOK JAIL FOR 30 DAY BECAUSE
OF AN OFFENSIVE MUSLIM MEME THAT I POSTED IN
A GROUP CALLED THE US DEPARTMENT OF OFFENSIVE MEMES
imgflip.com"
neutral_207.jpg,Neutral,Neutral,0.8306094,OCR,0.5,"YOUR
LOGO
FOLLOW US
ON OUR SOCIAL NETWORKS
in f✔ O
@YOURSOCIALNETWORK
Double click to edit this design template from the graphic editor EDIT.org"
negative_863.jpg,Negative,Negative,0.7765572,OCR,0.5,"LIVE COVERAGE
YNW MELLY
DOUBLE
MURDER TRIAL
FL v. JAMELL DEMONS
LAW &
CRIME
TRIAL NETWORK"
positive_867.jpg,Positive,Positive,0.8922248,OCR,0.5,"I choose you.
And I'll choose you
over and over and over.
Without pause,
without a doubt,
in a heartbeat.
I'll keep choosing you."
positive_020.jpg,Positive,Positive,0.441904,OCR,0.5,T
neutral_722.jpg,Neutral,Neutral,0.86119723,OCR,0.5,AVOCADO
negative_618.jpg,Negative,Negative,0.9598679,OCR,0.5,"MEMO NAMES
SUICIDE BOMBER"
positive_150.jpg,Positive,Neutral,0.47684753,BLIP,0.5,a man in a suit and tie smiling
positive_489.jpg,Positive,Positive,0.59665096,OCR,0.5,"Grace Hopper
The Mother of Software
Hopper was the first to propose a computer
programming language based on English, and
in 1952 finished work on her compiler for the
A-0 System. In 1959, she guided the CODASYL
consortium in the creation of the COBOL
programming language."
neutral_755.jpg,Neutral,Positive,0.49164972,OCR,0.5,"H
THE
H
I
NFINITE
H
WELCOME TO
THE
TEDEd
INFINITE
HOTEL"
negative_057.jpg,Negative,Negative,0.97745156,OCR,0.5,"CYCLONE AMPHAN HITS INDIA
4 DEAD IN WEST BENGAL
INDIA
TODAY"
neutral_695.jpg,Neutral,Neutral,0.8786142,OCR,0.5,"FLASH
SALE
Laptops
starting at
$149
Get Offer
FREE SHIPPING &
ACCESSORIES"
positive_771.jpg,Positive,Positive,0.97684824,OCR,0.5,"Conquer yourself and the
whole universe is yours.
-Swami Vivekanand
motivation.kamkibat.com"
negative_862.jpg,Negative,Negative,0.96872306,OCR,0.5,"NEWS
Morena, MP
All About The Madhya Pradesh
Honor Killing Case"
negative_801.jpg,Negative,Negative,0.92343414,OCR,0.5,"NEWS
18
Click
PUTIN DUMPS
N-TREATY, WEST IRKED"
negative_761.jpg,Negative,Negative,0.9399004,OCR,0.5,"- FIRE AT TIKRI BORDER
R. NEWS"
negative_274.jpg,Negative,Negative,0.99378043,OCR,0.5,"INDIA
TODAY
BREAKING NEWS
11 DEAD IN MUMBAI
BUILDING COLLAPSE"
positive_415.jpg,Positive,Positive,0.9517128,OCR,0.5,"Jai Maa Durgaa, Maa aapki har
monakamana puri karein. *
May all your problems solved of your
life.
Happy Durga Puja
greetingseveryday.com"
positive_840.jpg,Positive,Positive,0.9720179,OCR,0.5,"A perfect day is
when the soul smile.
@therandomvibez"
positive_227.jpeg,Positive,Positive,0.97331077,OCR,0.5,"Don't let a little negativity stop you
from seeing all the good that's around.
-Unknown
@Inspirational Quotes720"
negative_606.jpg,Negative,Negative,0.84784174,OCR,0.5,"alamy
alamy
YOUR BOMBS
alamy
KILL
CIVILIANS
alamy
alamy
a
a
Image ID: 2DWJEMR
www.alamy.com"
negative_387.jpeg,Negative,Negative,0.9611236,OCR,0.5,"pol
Putin strikes
bring war to
door of Nato
TIMES
War reaches Nato border
BBC NEWS"
neutral_728.jpg,Neutral,Neutral,0.80500704,OCR,0.5,"<OULD
YOU
RESIST
THE RING?
TEDED"
negative_869.jpg,Negative,Negative,0.9723068,OCR,0.5,"#MRNORIGINALS
DU STUDENT STABBED TO DEATH,
POLICE NABS TWO ACCUSED
MIRROR
NOW"
neutral_156.jpeg,Neutral,Neutral,0.8673764,OCR,0.5,"OH, A BAND YOU LIKE
BECAME FAMOUS?
TELL ME ABOUT HOW
THEY SOLD OUT"
positive_229.jpeg,Positive,Positive,0.9565646,OCR,0.5,"Life begins twice
One is in Mind
Other one is in Reality
Angelo Niveth"
neutral_453.jpg,Neutral,Neutral,0.8280235,OCR,0.5,"Clips
13371-14
DENTIST
NEAR ME
207"
neutral_059.jpg,Neutral,Neutral,0.89637196,OCR,0.5,"When you flush the toilet
and the water starts rising"
neutral_334.jpg,Neutral,Neutral,0.8359893,OCR,0.5,"Sergio
SerajeddinR
When your birthday is in Ramadan
SMIA"
negative_311.jpg,Negative,Negative,0.9677166,OCR,0.5,"The Portsmouth Herald
Staging Collapses
4 MEN KILLED ON BRIDGE
Five Men
Injured in
70-FootFall
280 Condominiums Urged
In Wentworth Hotel Area"
neutral_942.jpg,Neutral,Neutral,0.9122173,OCR,0.5,"Facebook Link Post Image
1200 X 628
Template courtesy of
Dustn.tv"
positive_924.jpg,Positive,Positive,0.923544,OCR,0.5,"""A baby's smile is a dancing flower
of twinkling stars.
-ApolloM
Myhappybirthdays.com"
neutral_921.jpg,Neutral,Neutral,0.9224422,OCR,0.5,"COULD YOU
EVEN LIFT?
00"
negative_646.JPG,Negative,Negative,0.5937028,OCR,0.5,"Sorry..
My mistake for
thinking you loved
me.
allpoetrylife.com"
positive_628.jpg,Positive,Positive,0.94787025,OCR,0.5,"Dependence Is Misery.
Independence Is Happiness.
SWAMI VIVEKANANDA
Statustown.com"
neutral_221.png,Neutral,Neutral,0.85430944,OCR,0.5,"M
МЕНСКИ
FOODS
FOOD INGREDIENTS
AND ADDITIVES"
neutral_743.jpg,Neutral,Neutral,0.8526196,OCR,0.5,"PARADOX
RVPTO
THIS IS"
positive_175.jpeg,Positive,Positive,0.9363279,OCR,0.5,Happy Children's Day
positive_848.jpg,Positive,Positive,0.95493615,OCR,0.5,"YF
I JUST WANT TO
TELL YOU THAT
YOU MAKE ME
HAPPY AND I
THINK I CAN NEVER
THANK YOU
ENOUGH FOR IT.
YOURFATES.COM"
neutral_446.jpg,Neutral,Neutral,0.9272635,OCR,0.5,"Funny Picture.com NA
f"
positive_560.jpeg,Positive,Positive,0.9684249,OCR,0.5,"Failure is not the
opposite of success;
it's part of success.
Via (Dark Secrets)"
neutral_004.jpg,Neutral,Negative,0.6074802,BLIP,0.5,a group of women sitting on the ground
positive_722.jpg,Positive,Positive,0.98812497,OCR,0.5,"GOOD
MORNING!
Wishing you a day
full of sunny smiles
and happy thoughts!
Have a Fantastic Day!"
positive_774.jpg,Positive,Positive,0.9130925,OCR,0.5,"THINK LIKE
A PROTON,
ALWAYS
POSITIVE
Fetch
C
great
Quotes"
neutral_750.jpg,Neutral,Neutral,0.8822613,OCR,0.5,"THE
TAROT CARD
THE EMPEROR
THE LOVERS
STRENGTH
RIDDLE
JUSTICE
TEDED"
neutral_627.jpg,Neutral,Neutral,0.9629291,OCR,0.5,"◉-
grammarly
Hey!
12:35 ✓✓
:"
neutral_538.jpg,Neutral,Neutral,0.8765001,OCR,0.5,"MATH IS A GAME
PLAYED
ACCORDING TO
CERTAIN SIMPLE
RULES WITH
MEANINGLESS
MARKS ON PAPER
MATH IS A GAME
PLAYED
ACCORDING TO
CERTAIN SIMPLE
RULES WITH
MEANINGLESS
MARKS ON PAPER"
negative_050.jpg,Negative,Negative,0.96898293,OCR,0.5,"CYCLONE TAUKTAE
R. NEWS"
neutral_726.jpg,Neutral,Neutral,0.86427784,OCR,0.5,"KEY & PEELE
ht O"
positive_427.jpg,Positive,Positive,0.8114556,OCR,0.5,"IT'S MY
BIRTHDAY!
DO"
positive_541.jpeg,Positive,Positive,0.8816209,OCR,0.5,"fb/Doraemon memes
ig/doraemon_memes90
社会
Hemant Dwivedi
Stop thinking about your past because the
more you think, the more it will hurt."
neutral_601.jpeg,Neutral,Neutral,0.8206085,OCR,0.5,meaningless
positive_874.jpg,Positive,Positive,0.90673375,OCR,0.5,"All the statistics in
the world can't
measure the
warmth of a smile.
Chris Hart
EVERYDAY POWER"
negative_768.jpg,Negative,Negative,0.9808295,OCR,0.5,"FIRE DESTROYS HOMES
IN ROHINGYA CAMP"
neutral_853.jpg,Neutral,Neutral,0.9080018,OCR,0.5,"WHY CAN'T YOU
0
DIVIDE BY ZERO?
TEDED"
positive_279.jpg,Positive,Positive,0.9468582,OCR,0.5,"Every situation is temporary
and will pass away. Stay calm
~Adeep"
neutral_899.jpg,Neutral,Neutral,0.82226455,OCR,0.5,"TEDED
WHAT IS
DEJA VU?"
negative_574.jpeg,Negative,Negative,0.5461958,OCR,0.5,"Gloomy演スォ
@livingdarknsad
Me trying to cover the whole syllabus
one night before exam"
neutral_479.jpg,Neutral,Neutral,0.7696787,OCR,0.5,"""ONE DAY"" OR "" DAY ONE""
@successpictures
DAY
ONE!!
@successpictures
@successpictures
00"
positive_660.jpg,Positive,Positive,0.96056354,OCR,0.5,"A GOOD
WORKOUT
IS A GREAT WAY
TO CREAR
YOUR MIND
www.THOUGHTSGURUJI.COM"
positive_654.jpg,Positive,Positive,0.96786404,OCR,0.5,"BELIEVE YOU'RE BORN
TO ACHIEVE GREAT THINGS
THEGOALCHASER.COM"
neutral_840.jpg,Neutral,Neutral,0.8530334,OCR,0.5,"WHAT
CAUSES
DANDRUFF?
TEDED"
positive_668.jpg,Positive,Positive,0.75612825,OCR,0.5,"FEEL
dreams one
GOOD"
negative_673.jpg,Negative,Negative,0.9437958,OCR,0.5,"LATEST
NEWS E
DEATH TOLL RISES
WORLD BANK $1.7B
EARTHQUAKE AID
NEWS"
positive_110.jpeg,Positive,Positive,0.95414615,OCR,0.5,"Better to be king of
your silence than slave
of your words.
(Thoughts Wonder)
Thoughts Wonder"
positive_215.jpeg,Positive,Positive,0.88484967,OCR,0.5,"Merry
Christmas!
DERLAGES.COM"
negative_193.jpeg,Negative,Negative,0.9835803,OCR,0.5,"IN
TERROR STRIKES
PINK CITY
The Indian EXPRESS
7 blasts in 20 minutes kill 60, injure over 100 NSG team on its way
Death and fear in Jaipur"
positive_019.jpeg,Positive,Positive,0.97288215,OCR,0.5,"Be private. Not
everyone wants what
is best for you.
(Thoughts Wonder)
Thoughts Wonder"
positive_063.jpg,Positive,Positive,0.88470733,OCR,0.5,"""That man has
reached
immortality who
is disturbed by
nothing
material."""
neutral_855.jpg,Neutral,Neutral,0.90536463,OCR,0.5,"CAN YOU SOLVE
TEDED
THE FROG RIDDLE?"
positive_030.jpeg,Positive,Positive,0.97686386,OCR,0.5,"When life knocks you
down, roll over and
look at the stars.
- Via (Dark Secrets)"
positive_697.jpg,Positive,Positive,0.9675018,OCR,0.5,"Shayarisova.com
YOU DO NOT FIND THE HAPPY
LIFE. YOU MAKE IT."
positive_861.jpg,Positive,Positive,0.9693713,OCR,0.5,"""Now I smile more
often than I used to
and that is only
because of you.
LoveBoy"
negative_180.jpg,Negative,Negative,0.8570961,OCR,0.5,"It wasn't bad sex.
It wasn't a mistake.
It wasn't my fault.
ltwas
rape.
THIS
It wasn't bad sex.
It wasn't a mistake.
It wasn't my fault.
It was
rape
picture-alliance/dp."
positive_879.jpg,Positive,Positive,0.8425176,OCR,0.5,"66
His smile makes
my heart sing.
LOVE KNOW"
neutral_304.jpg,Neutral,Neutral,0.9155899,OCR,0.5,"THIS WEBPAGE IS
TAKING FOREVER
TO LOAD!
CLICK
COM
G
×
VEATHER.COM
TUES
WED
MON
LOW $5 23
THURS
LOW BLOW T
SODIE
KSHH
COM
Pervis Zach M. Stafford"
positive_855.jpg,Positive,Positive,0.8551856,OCR,0.5,"I like it when you smile.
But I Love it when I'm the reason."
neutral_597.jpeg,Neutral,Neutral,0.936854,OCR,0.5,"Teacher: there is no electrical device
that has 100% efficiency. The other
energy is converted to heat
Me: What about a heater?
The teacher:
Listen here, you
little shit"
neutral_258.jpg,Neutral,Neutral,0.94040823,OCR,0.5,"My cat is afraid of baths
so in order to get him into
one I have to fill it with
rubber ducks"
neutral_141.jpg,Neutral,Neutral,0.8966924,OCR,0.5,"I MADE A FACEBOOK
POST
GOT 3 LIKES
memegenerator.net"
neutral_758.jpg,Neutral,Neutral,0.8834441,OCR,0.5,"WHAT WOULD
HAPPEN IF YOU
DIDN'T DRINK WATER?
TEDED"
neutral_659.jpg,Neutral,Neutral,0.7963871,OCR,0.5,"MACEliteOUSEWARE
Quality Valve Reliability
Macclite Nonstick Gift set
Trio Pack Set of 3pc
1. Superior Non-Stick Coating Which will last longer
and stays new
2. Extra Tick Base to Avoid Warping
3. Strong and Study Handle
4. (HTR) High Temperature Resistant
Gift Set Of 3pc"
positive_914.jpg,Positive,Positive,0.82691306,OCR,0.5,"66
Smilin' out loud.
LOVE KNOW"
positive_751.jpg,Positive,Positive,0.9880514,OCR,0.5,"Think positive,
be positive and positive
things will happen.,,
WishesMsg.com"
negative_817.jpg,Negative,Negative,0.9766183,OCR,0.5,"Uri Rape Horror
INDIA
TODAY"
negative_583.jpg,Negative,Negative,0.8200102,OCR,0.5,"दो बेटों की मौत पर
बिलखती महिला
ABP
न्यूज़"
negative_670.jpg,Negative,Negative,0.9263911,OCR,0.5,"GUJARAT BRIDGE******
COLLAPSE LIVE
INDIA
TODAY"
negative_802.jpg,Negative,Negative,0.95075095,OCR,0.5,"WHO 'BENEFITTED'
FROM DRUG WAR DEATHS?
'FILIPINOS, NOT ME', SAYS DUTERTE"
positive_442.jpeg,Positive,Positive,0.8995314,OCR,0.5,"YourSelf
Quotes
""Words cannot express how
happy I am to say 'happy
birthday' to you another
year of your life. You are
so special to me.
HAPPY
Birthday"
negative_046.jpeg,Negative,Negative,0.97381365,OCR,0.5,"DAILY PAPER
Mason City Globe-Gazette
U.S. DECLARES WAR
Hawaiian Casualties Total 3,000
Philippines Attacked
by Japanese Bombers
290 Casualties Listed
ENLAND GE United Front Is
TO MARCALS Shown as Congress
WPS Orders Hostilities
Japs Claim
Supremacy
in Pacific"
positive_353.jpeg,Positive,Positive,0.96060646,OCR,0.5,"111
111
Become a master
at not caring
about things you
cannot control.
- Via (Dark Secrets)"
positive_237.jpeg,Positive,Positive,0.85783875,OCR,0.5,"@fearlessmotivationofficial
""LIFE is the C between
the B and the D.
The B is BIRTH.
The D is DEATH
and so the C is CHOICE.""
-Jim Kwik"
positive_034.jpeg,Positive,Positive,0.9302192,OCR,0.5,"Never expect, never assume,
never ask, and never demand.
Just let it be. Because if it's
meant to be, it will happen.
@InspirationalQuotes 720"
positive_589.jpeg,Positive,Positive,0.95849526,OCR,0.5,"HAPPY
Mother's Day
WE HONOR AND LOVE YOU"
negative_852.jpg,Negative,Negative,0.96462524,OCR,0.5,"12 YEARS OF FUKUSHIMA
TRAGEDY
WION"
positive_854.jpg,Positive,Positive,0.9704636,OCR,0.5,"FIND YOUR INSPIRATION.
THIS IS WHAT MAKES
LIFE SO EASY AND AMAZING.
QuotesLifetime.com"
positive_942.jpg,Positive,Positive,0.9567794,OCR,0.5,"Daily Status Quotes.Com
HAPPINESS IS
A CRAZY
MATHEMATICS,
BECAUSE
IT MULTIPLIES
WHEN
YOU DIVIDE IT.
DailyStatusQuotes.com"
negative_876.jpg,Negative,Negative,0.8862228,OCR,0.5,"L
5
SUSPECT IN DEADLY BELLTOWN
SHOOTING CHARGED
ד"
neutral_057.jpg,Neutral,Neutral,0.51526284,BLIP,0.5,a man sitting on a pile of rocks
neutral_591.jpeg,Neutral,Neutral,0.73118764,OCR,0.5,"Stress ball is good but b**bs are
better."
negative_065.jpg,Negative,Negative,0.9061177,OCR,0.5,"AMPHAN: SUPER CYCLONIC STORM
DURING COVID PANDEMIC
INDIA
TODAY"
negative_711.jpg,Negative,Negative,0.96203434,OCR,0.5,"NATURAL DISASTERS
THAT SHOOK WORLD IN
2022
INDIATV
indiatvnews.com"
negative_160.jpg,Negative,Negative,0.9389286,OCR,0.5,"Bhopal Gas Disaster
An Enduring Tragedy"
neutral_249.jpeg,Neutral,Neutral,0.8854101,OCR,0.5,"Interviewer: Please make yourself
comfortable
Me:
So why should you hire me?"
positive_021.jpg,Positive,Positive,0.9302192,OCR,0.5,"Never expect, never assume,
never ask, and never demand.
Just let it be. Because if it's
meant to be, it will happen.
@InspirationalQuotes 720"
positive_890.jpg,Positive,Neutral,0.48589703,OCR,0.5,"BEST SWEET GOOD MORNING
MESSAGES TO MAKE HER SMILE
TH"
neutral_672.jpg,Neutral,Neutral,0.7904476,OCR,0.5,"our army
wiki How"
negative_659.jpg,Negative,Negative,0.5726846,OCR,0.5,"I really want to talk to
someone about my thoughts
and feelings but I can't.
@QUOTESJIN.COM"
neutral_701.jpg,Neutral,Neutral,0.91933024,OCR,0.5,"CC BEST COURSES
Microsoft
PowerPoint
CC class central
B
☆
000
888
888
P"
neutral_861.jpg,Neutral,Neutral,0.96060634,OCR,0.5,"TEDED
Schrödinger's Cat"
neutral_786.jpg,Neutral,Neutral,0.7603551,OCR,0.5,HARVARD UNIVERSITY
negative_241.jpg,Negative,Negative,0.9725691,OCR,0.5,"RAIGAD BUILDING COLLAPSE
13 DEAD, 4-YR-OLD AMONG 78 RESCUED
Maha govt will give compensation of Rs 5L each to families of deceased
Raigad: Thirteen peo-
ple have died and sev-
eral are still missing
after a residential build-
ing collapsed in Maha-
rashtra's Raigad dis-
trict on Monday even-
ing. The rescue opera-
tion has been going on
for more than 24 hours.
Seven bodies were
found in the last two
hours in the debris, of-
ficials said. More than
78 people have been res-
cued so far.
Three teams of the
NDRF (National Disaster
Response Force) and 12
teams of the fire brigade
are at the spot. The five-
storey building, which
was about seven years
old, had over 45 flats.
The rescue officials
had a brief moment of
relief when they pulled
out a four-year-old alive
from the debris.
""A case has been reg-
istered against the de-
veloper and architect.
Whoever will be respon-
sible, strict action will
be taken against them. It
would take another sev-
en-eight hours to clear
the debris,"" Collector
Nidhi Chaudhary said.
""We have announced an
ex-gratia of Rs 5 lakh
each to the families of
deceased. Financial as-
sistance of up to Rs
50,000 will be provided
to those injured,"" said
state Minister Vijay Wa-
dettiwar-Agencies
IDC
DRE
DA
ZO.R.F.
RESCUL
FORCE
-PHOTOS BY ANI
Search and rescue operation underway at the spot, where a building collapsed in Raigad district on Tuesday. A 4-year-old boy was
rescued from under the debris at the site of building collapse in Mahad, Raigad on Tuesday.
PM MODI EXPRESSES GRIEF
PM Narendra Modi has expressed anguish
over the building collapse in a residen-
tial area of Mahad in
Maharashtra's Raigad
district and prayed for
the speedy recovery of
the injured. ""Saddened
by the building collapse
in Mahad, Raigad in Ma-
harashtra. My thoughts
are with the families of
those who lost their dear ones. I pray the
injured recover soon. Local authorities and
NDRF teams are at the site of the tragedy,
providing all possible assistance"" PMO India
said in a tweet.
PRESIDENT OF INDIA
@RASHTRAPATIBHVN
The news of the building
collapse at Mahad, Raigad
in Maharashtra and loss
of lives is distressing. My
thoughts and prayers are
with the accident victims. I
wish speedy recovery of the
injured. Local authorities
and NDRF teams are
coordinating rescue and
relief efforts.
Saddened about the Maha incident: Raga
New Delhi: Congress
leader Rahul Gandhi
conveyed condo-
lences to the kin of
the deceased, who
lost their lives in the
building collapse in
the residential area of
Mahad in Raigad dis-
trict. ""I am distressed/
saddened about the in-
cident that took place
in Mahad. I offer my
deepest condolences
to the family members
of the deceased,"" he
tweeted. He further
appealed to state
government to provide
immediate aid to the
injured and people who
are trapped under the
debris and urged party
workers to assist the
rescue teams. —ANI
FIR against five persons, rescue
operations underway, say cops
Raigad: An FIR was
registered against five
people at Mahad city
police station over
building collapse in a
residential area of
Mahad in Raigad dis-
trict, wherein, 13 peo-
ple lost their lives.
According to police,
the FIR has been reg-
istered under Sections
304 (culpable homi-
cide not amounting to
murder), 304-A (caus-
ing death by negli
gence), 337 (causing
hurt by act endanger-
ing life), 338 (causing
grievous hurt by act
endangering life) and
34 (acts by several per-
sons in furtherance of
common intention) of
the Indian Penal Code.
So far, no one has been
arrested. —ANI"
positive_818.jpg,Positive,Positive,0.9618009,OCR,0.5,"""It takes a lot of
energy to be
negative. You
have to work at
it. But smiling is
painless. I'd
rather spend my
energy smiling.""
1000
Eric Davis
HAPPIERHUMAN.COM
66"
negative_133.jpg,Negative,Negative,0.89175,BLIP,0.5,"people wearing face masks walk along a road in new delhi, india, on april 29, 2020"
positive_482.jpeg,Positive,Positive,0.96744186,OCR,0.5,"I fall, I rise, I make mistakes.
I live, I learn, I've been hurt but
I'm alive. I'm human, I'm not
perfect but I'm thankful.
-Unknown"
negative_744.jpg,Negative,Negative,0.9576699,OCR,0.5,"BREAKING NEWS
RUSSIA: 3RD WORLD WAR WOULD BE NUCLEAR
INDIA
TODAY
AHA"
neutral_697.jpg,Neutral,Neutral,0.8898964,OCR,0.5,"5 WAYS
ADVERTISEMENTS
Help You Connect To A Product"
positive_699.jpg,Positive,Positive,0.9150059,OCR,0.5,"HAPPY
BROTHERS DAY
Quotes"
neutral_929.jpg,Neutral,Neutral,0.86888146,OCR,0.5,"After 5 Ads
Skip Ad ►"
neutral_745.jpg,Neutral,Neutral,0.70653117,OCR,0.5,"CL
Magic
REPPER
10 SHTF
APARTMENT
PREPS"
negative_730.jpg,Negative,Negative,0.93195,OCR,0.5,"COASTAL GUJARAT
RAVAGED BY CYCLONE
TOI"
positive_380.jpeg,Positive,Positive,0.97246605,OCR,0.5,"You have
suffered enough,
now is the time
to live a life that
really brings
you joy.
www.Your Positive Oasis.com"
negative_819.jpg,Negative,Negative,0.9442266,OCR,0.5,"298 Pakistanis
feared Dead
Insane Migrant Disaster
By Prashant Dhawan
WORLD
AFFAIRS
- Pakistani Media"
negative_688.jpg,Negative,Positive,0.8671148,OCR,0.5,"""The key to
emotional
enlightenment is the
knowledge that
only your thoughts
can affect your
moods.
-DAVID D. BURNS"
positive_773.jpg,Positive,Positive,0.95832264,OCR,0.5,"FAILURE
IS NOT THE OPPOSITE OF
SUCCESS.
IT IS PART OF
SUCCESS."
negative_138.jpg,Negative,Negative,0.8366493,OCR,0.5,"FAKE NEWS
SEH
LADAY
G"
neutral_332.jpeg,Neutral,Neutral,0.88563335,OCR,0.5,"Interviewer: Please make yourself
comfortable
Me:
So why should you hire me?"
negative_600.jpeg,Negative,Negative,0.7192812,OCR,0.5,"THERE MUST BE SOME WAY
THIS VICTIMIZES ME"
neutral_945.jpeg,Neutral,Neutral,0.92861784,OCR,0.5,"Messaging is the New Normal
How Messaging is Moving Business"
positive_753.jpg,Positive,Positive,0.8723948,OCR,0.5,"AN ULTIMATE COLLECTION
POSITIVE
THOUGHTS
To Change Your Negative Mindset
SWAN OLIGHT
EDITED BY: S. B. KHANDARE"
negative_765.jpg,Negative,Negative,0.84218323,OCR,0.5,"Climate change
Devastating effects could be felt within 15 yea
New Yo
carbon e
previously
study pub
Journal
Research
weather an
than had
bee
They abo
effects of ch
stroke and
s of unchecked
greater than
many as
worldwide
The sto
ta-analy
papers
seen a
view of
The rese
hopeful signs"
negative_111.jpg,Negative,Negative,0.96191835,OCR,0.5,"N
BREAKING NEWS
LIVE
AT LEAST 126 DEAD IN SCHOOL TERROR ATTACK CAN
HSI
-357.35
GCMBRK TALIBAN SPOKESMAN SAYS SIX SUICIDE BOMBERS ENTERED SCHOOL COMPOUND"
positive_808.jpg,Positive,Positive,0.97827995,OCR,0.5,"A perfect day is
when the soul smile."
neutral_924.jpg,Neutral,Neutral,0.8372506,OCR,0.5,"NOT JUST 10,000 HOURS"
positive_186.jpg,Positive,Positive,0.9194561,OCR,0.5,Happy Holi 2021 wishes
neutral_464.jpg,Neutral,Neutral,0.8970288,OCR,0.5,"i am 25 and i already
have millions of Fans.
sartcosti. tom and jerry
oh Please,
i have Billions of Fans
and i don't even Exist."
negative_685.jpg,Negative,Negative,0.7262069,OCR,0.5,"TRUST ON GIRLS?
NO CHANCE
HAPPY-WISHES.NET"
positive_424.jpeg,Positive,Positive,0.8311176,OCR,0.5,"International Mother Language Day 2020
""Languages without borders"""
negative_126.jpeg,Negative,Negative,0.9526572,OCR,0.5,"SAYFULLO SAIPOV
29 YEARS OLD
FROM
TAMPA, FL
BREAKING NEWS
DEADLY TRUCK TERROR
SOURCES: SUSPECT REPORTEDLY YELLED ALLAHU AKBAR
бос"
negative_451.jpeg,Negative,Negative,0.960197,OCR,0.5,"Pittsburgh Post-Gazette
WAR IS OVER
Truman Announces Full Jap Surrender;
Proclamation of V-J Day to Come Later
Follow Official
al of Fighting
MacArthur to Accept
Capitulation Ed
Of Fighting Ordered"
negative_830.jpg,Negative,Negative,0.9869023,OCR,0.5,"DISASTER ZONE
THE TURKEY-SYRIA EARTHQUAKE
sky news"
neutral_898.jpg,Neutral,Neutral,0.90958655,OCR,0.5,"WILL IT mmm
FALL?
m
TEDED"
negative_627.jpg,Negative,Negative,0.8468543,OCR,0.5,"DANGER
TSUNAMI"
negative_243.jpg,Negative,Negative,0.95455384,OCR,0.5,"TIMES
OF INDIA
Three juveniles among six
held for murder of youth
Old Enmity
Motive Behind
Killing: Police
TIMES NEWS NETWORK
Puducherry: Police have ar-
rested six people, including
three juveniles, on charges of
murdering a youth due to
previous enmity here.
Police produced S Iyya-
nar alias Thadi Iyyanar, 24, P
Manikandan alias Katta Ma-
ni, 23, and M Ajithkumar
alias Chandru, 22, hailing
from Pudhu Nagar at Kanu-
vapet in Villianur before a lo-
cal court which remanded
them in judicial custody. Po-
lice produced the three juve-
BROUGHT TO JUSTICE:Policemen with three of the accused
arrested in connection with the murder
niles in conflict with the law
before a special court, which
sent them to an observation
home. Senior superintend-
ent of police (law and order)
Apoorva Gupta said a gang
armed with long knives way-
laid two men on a motorcycle
on Saturday and brutally
hacked one of them to death.
TOI
The deceased was identi-
fied as Thamizh alias Ilava-
rasan. The Villianur police
have registered a case and
initial inquiries revealed
that previous enmity be-
tween Thamizh and Iyyanar
was the motive behind the
murder. She said Thamizh
had attacked Iyyanar and his
friends and forced him to
kneel down during one of
their quarrels. Infuriated by
the incident, Iyyanar and his
friends decided to eliminate
Thamizh and hatched a plot
to kill him. On noticing their
rival with his friend on a mo-
torcycle at a secluded place,
the gang members attacked
him with sharp weapons.
Thamizh died on the spot.
Police arrested six peo-
ple, including three juve-
niles, and seized long knives,
a motorcycle, mobile phones
and blood-stained clothes
from their possession after
the arrested confessed to
committing the crime. Police
inquiries also revealed invol-
vement of two others- Arjun
and Pandian alias Arun-in
the crime."
positive_260.jpg,Positive,Positive,0.97281945,OCR,0.5,"Don't expect from others to make
you feel happy. Discover your own
source of happiness.
~Adeep"
positive_192.jpg,Positive,Positive,0.9279864,OCR,0.5,"HAPPY
birthday
to YOU"
positive_987.jpg,Positive,Positive,0.9284736,OCR,0.5,"JUST BECAUSE
MY PATH
IS DIFFERENT
DOESN'T MEAN
I'M LOST."
neutral_191.png,Neutral,Neutral,0.96313035,OCR,0.5,"Buffer
Sponsored ⚫
Buffer makes it super easy to share to social
Buffer For Agencies
buffer.com
Learn More"
negative_668.jpg,Negative,Negative,0.96753395,OCR,0.5,"TIMES
NOW
AMBULANCE
AMBULANCE RUNS OUT FUEL
PATIENT LOSES LIFE"
negative_560.jpeg,Negative,Negative,0.9377626,OCR,0.5,"ΤΟΙ
Accident"
negative_880.jpg,Negative,Negative,0.958655,OCR,0.5,"FLORIDA JUROR IN SHOCK
FOX 13
RAPPER ACCUSED OF MURDER AFTER DOUBLE HOMICIDE ACQUITTAL"
neutral_773.jpg,Neutral,Neutral,0.8349167,OCR,0.5,"FROM THIS TO THIS
GLOWING
EYES"
neutral_150.jpg,Neutral,Neutral,0.81809413,OCR,0.5,"I DON'T REMEMBER SAYING
ANY OF THESE QUOTES PEOPLE CREDIT
ME FOR ON FACEBOOK. WILL SMITH"
positive_586.jpeg,Positive,Positive,0.7718917,OCR,0.5,HAPPY INDEPENDENCE DAY
positive_284.jpg,Positive,Positive,0.94044614,OCR,0.5,"There is no greater wealth in
this world than peace of mind."
negative_836.jpg,Negative,Negative,0.9390439,OCR,0.5,CBCNEWS
positive_998.jpg,Positive,Positive,0.9690676,OCR,0.5,"OF COURSE IT'S HARD.
IT'S SUPPOSED TO BE
HARD. IF IT WERE EASY,
EVERYBODY WOULD DO
IT. HARD IS WHAT
MAKES IT GREAT.
DAILYFUNNYQUOTE.COM"
positive_048.jpeg,Positive,Positive,0.9130478,OCR,0.5,"Take care of your heart.
Via (Dark Secrets)"
negative_650.jpg,Negative,Negative,0.5272851,OCR,0.5,"69status.srkh.in
Things change. And
friends leave. Life
doesn't stop for
anybody."
negative_557.jpeg,Negative,Negative,0.80903065,OCR,0.5,"""DEAD BODY is a crowd-pleasing
murder mystery that will keep
fright fans guessing while
providing plenty of bloody
goodness along the way.""
FANGORIA"
neutral_895.jpg,Neutral,Neutral,0.8602261,OCR,0.5,"EINSTEIN'S
TWIN
PARADOX
EXPLAINED
TEDED"
negative_776.jpg,Negative,Negative,0.97933066,OCR,0.5,"Youtube/Плохие Новости Andrei Vasilyev / TАЅЅ
ПЛОХИЕ
НОВОСТИ
News
Russian
Eco-Disasters 2020"
neutral_084.jpg,Neutral,Neutral,0.8993921,OCR,0.5,"imgflip.com
me: opens sunroof
everyone else on the submarine:
."
positive_431.jpeg,Positive,Positive,0.62859374,OCR,0.5,IL'S ALL ABOUT THE RED & GREEN
neutral_351.jpeg,Neutral,Neutral,0.8645012,OCR,0.5,"WHAT DOES SPIDER-MAN DO FOR A LIVING?
What?
HE'S A WEB DESIGNER..."
negative_663.jpg,Negative,Negative,0.99418604,OCR,0.5,"HW
NEPAL CRASH: DOZENS KILLED AS PLANE
CRASHES NEAR POKHARA AIRPORT"
neutral_649.jpeg,Neutral,Neutral,0.8926639,OCR,0.5,"How to Write an Academic Blog Post
Proofed.
U"
negative_791.jpg,Negative,Negative,0.9035289,OCR,0.5,"Only the dead
have seen the
END
of
WAR
Plato via Gecko &Fly"
positive_321.jpg,Positive,Positive,0.9361379,OCR,0.5,"Eid Mubarak
Eid Mubarak, Eid Mubarak,
happy Eid, happy Eid,
Eid's a time for sharing, Eid's a time for sharing,
happy Eid, happy Eid."
negative_845.jpg,Negative,Negative,0.91999346,OCR,0.5,"itv NEWS
EARTHQUAKE VICTIMS
IN THE FREEZING COLD"
negative_154.jpeg,Negative,Negative,0.9760585,OCR,0.5,"DECEMBER 3,1984
STRUGGLE FOR JUSTICE CONTINUES
BHOPAL GAS TRAGEDY"
neutral_148.jpg,Neutral,Neutral,0.553267,OCR,0.5,ز الصحي
positive_233.jpeg,Positive,Positive,0.8756888,OCR,0.5,"BE THE TYPE OF PERSON THEY
WILL REGRET LOSING
4the different"
negative_677.jpg,Negative,Negative,0.9840848,OCR,0.5,"TURKEY-SYRIA
EARTHQUAKE
APPEAL
DEC"
positive_989.jpg,Positive,Positive,0.91775584,OCR,0.5,"TODAYS
Мама
合
Shoot fe
the
moon.
Even you miss,
you'll land among the
stars.
-Les Brown"
neutral_763.jpg,Neutral,Neutral,0.88506246,OCR,0.5,"A BRIE(F) HISTORY OF
CHEESE
TEDED
تر
تر
Ü
沁
ن
ند"
positive_694.jpg,Positive,Positive,0.98977196,OCR,0.5,"Smiling is good
for the heart.
laughing is
good for the soul.
and loving will
keep you living,
Jaughing & smiling.
TrueShayari"
neutral_234.jpeg,Neutral,Neutral,0.87831247,OCR,0.5,"That moment when you're in
exam and all you know is
date and name
FB/AnimeFuture"
negative_708.jpg,Negative,Negative,0.8906029,OCR,0.5,"3 MAIN ACCUSED
ARRESTED IN BJYM CASE
NEWS 18"
negative_254.jpg,Negative,Negative,0.6963702,OCR,0.5,"BAD
INTENTIONS"
positive_678.jpg,Positive,Positive,0.656851,OCR,0.5,"""TIME SPENT AMONGST TREES IS
NEVER WASTED TIME.""
- KATRINA MAYER
WALK MY WORLD"
negative_570.jpeg,Negative,Negative,0.85758215,OCR,0.5,"Dhawal Dudhaiya
@dhawaldudhaiya
#Mamata Banarjee @Mamata Official
she was murdered and raped by rohingya's
and bangladeshi jihadi's. She had a fault to support
@BJP4India. Its a Alarming situation for hindus. Never
depend on any Bajrang Dal or any other only. Act how to
save our women's
Be weaponised
20 years old
from Paschim
Medinipur, West Bengal
OfIndiaOurHome
She was brutly Raped & Murdered by 6 Mans
& Hanged Near her House Bcoz of her BJP
Connection RIP. Culprits Must Be Hanged
#JusticeFor
11:34 AM May 5, 2021 Twitter for Android"
negative_177.jpg,Negative,Negative,0.73466074,OCR,0.5,"RUNWAY EMBANKMENT
want get"
positive_514.jpeg,Positive,Positive,0.85509956,OCR,0.5,"What is the single biggest thing you can do
to help you towards professional success?
People do not have to follow up,
when you commit to doing something.
That's it.
"""
neutral_937.jpg,Neutral,Neutral,0.7899173,OCR,0.5,"G
dogs
GEOGRAPHY
IF YOU ARE
BORED"
neutral_226.png,Neutral,Neutral,0.80902815,OCR,0.5,"START
the
CON VER SaTiON"
negative_486.jpg,Negative,Negative,0.87400436,OCR,0.5,"STOP
PUTIN
WAR"
neutral_796.jpg,Neutral,Neutral,0.9328482,OCR,0.5,"Gunter Peterson
Sr. C++ Engineer @ Systemic Systems"
positive_663.jpg,Positive,Positive,0.8801001,OCR,0.5,"CON RATS
""
"""
neutral_492.jpg,Neutral,Neutral,0.8728527,OCR,0.5,"What do you take
the most photos of?
LIVERPOOL LASS
A Yourself
B Your kids
C Your partner
D Your food
E Your pet"
negative_123.jpg,Negative,Negative,0.9419372,OCR,0.5,CRIME
positive_837.jpg,Positive,Positive,0.6734073,OCR,0.5,"KEVMRC.COM
YOU CAN CHANGE
HATER'S MIND WITH
YOUR SMILE."
positive_511.jpeg,Positive,Positive,0.82772195,OCR,0.5,"When things really hurts you
@Rakshya khadka
they makes you quiet."
neutral_375.jpeg,Neutral,Neutral,0.90257514,OCR,0.5,"This is how the letter 'b' and 'd' face
each other in the word 'abdomen'
So Goo"
positive_206.jpeg,Positive,Positive,0.93201613,OCR,0.5,"MERRY
CHRISTMAS
May God bless you with a
festive, loving and peaceful
celebration this Christmas and
all throughout the year"
neutral_852.jpg,Neutral,Neutral,0.8798753,OCR,0.5,"cos
The
History
of
TEDED
Chocolate"
neutral_526.jpg,Neutral,Neutral,0.7471857,OCR,0.5,EW&IMPROVEL
negative_516.jpeg,Negative,Negative,0.9872385,OCR,0.5,"CBS NEWS
Israel responds to fire balloons from
Gaza Strip with fighter jet strikes
thean of an 12.2020
LIVE"
positive_962.jpg,Positive,Positive,0.9750345,OCR,0.5,"BE HAPPY AND
SMILE
Estd.
1991 ist"
positive_860.jpg,Positive,Positive,0.9194664,OCR,0.5,"66
You are the
sunshine that
brightens my
world with love.
LOVE KNOW"
negative_547.jpeg,Negative,Negative,0.8179816,OCR,0.5,RAPE
positive_929.jpg,Positive,Positive,0.82998264,OCR,0.5,"""Everyone
smiles in the
same
language.
George Carlin"
positive_789.jpg,Positive,Positive,0.9905716,OCR,0.5,"Just one
small positive
thought
in the morning
can change
your whole day."
neutral_355.jpeg,Neutral,Neutral,0.79252607,OCR,0.5,"..is it morning
yet,momma?.."
positive_178.jpeg,Positive,Neutral,0.6152575,OCR,0.5,"I'm late for school, but there's
a cat on my lap"
negative_104.jpeg,Negative,Neutral,0.49355775,OCR,0.5,"Me explaining to
my model that it
needs to work or
else I'll lose my job:
My model:
horse
MB"
negative_840.jpg,Negative,Negative,0.91641396,OCR,0.5,"IN NEWS
d
drishti
THE
CHAMOLI
DISASTER"
neutral_514.jpg,Neutral,Neutral,0.8891778,BLIP,0.5,the screenshoter app on linux
negative_643.jpg,Negative,Negative,0.56022483,OCR,0.5,"PAIN CHANGES PEOPLE,
SOME BECOME RUDE AND
SOME BECOME SILENT.
QUOTESDIARY.COM"
negative_011.jpg,Negative,Negative,0.8948513,OCR,0.5,"REPRINT BROUGHT TO YOU BY M-C ASSOCIATES
WAR EXTRA
BALTIMORE
HANGING
NEWS-POST
THE
ENDENT
APER
The
Largest
Evening
Circulation
in
the
Entire
VOL. CXL.-NO. 28
Entered a second-class matter at Baltimore Postoffice,
MONDAY, DECEMBER 8, 1941
South
PRICE 3 CENTS
JAPS BOMB
U. S. ISLANDS
II
M 1 Attached"
positive_170.jpeg,Positive,Positive,0.9486953,OCR,0.5,"If I had to choose between
loving you and breathing.
I would use my last breath
to say I love you."
neutral_153.jpeg,Neutral,Neutral,0.79212046,OCR,0.5,ווי
negative_173.jpg,Negative,Negative,0.9783753,OCR,0.5,"CALICUT PLANE TRAGEDY
R. NEWS"
negative_687.jpg,Negative,Negative,0.5715145,OCR,0.5,"Mood swings do not
respect status:
individuals from all
walks of life and
social backgrounds
are equally likely to
be affected.
- JAN SCOTT"
positive_085.jpg,Positive,Neutral,0.56996584,BLIP,0.5,a road going through a valley with a mountain in the background
positive_067.jpg,Positive,Neutral,0.5707209,BLIP,0.5,a black and white image of a lake with trees in the fore
neutral_024.jpg,Neutral,Neutral,0.78666264,OCR,0.5,4
negative_640.jpg,Negative,Negative,0.5258086,OCR,0.5,"It's never the tear that
measures the pain; sometimes,
it's the smile we fake.
www.Funkylife.in"
positive_014.jpg,Positive,Positive,0.4038238,BLIP,0.5,a young girl holding a puppy in her arms
negative_426.jpeg,Negative,Positive,0.55076855,OCR,0.5,"Scie
Rase In
Solidarity
With Our Sisters
Enough to
ENOUGH"
negative_456.jpeg,Negative,Negative,0.97089255,OCR,0.5,"U.S. BOMBS IRAQ
Hdmds of its strike Baghdad, other tants"
negative_803.jpg,Negative,Negative,0.92779934,OCR,0.5,"The executives
dying to fund
Putin's war
listen
M
ABC
NEWS
DAILY"
positive_852.jpg,Positive,Positive,0.97675085,OCR,0.5,"""Let us always meet
each other with smile,
for the smile is the
beginning of love.""
Mother Teresa
Parade"
neutral_893.jpg,Neutral,Neutral,0.6907084,OCR,0.5,"TEDEd
THE ORIGINS
OF RUSSEA"
neutral_354.jpg,Neutral,Neutral,0.8794588,OCR,0.5,"you fighting your demons i'm chilling
with mine"
negative_460.jpg,Negative,Negative,0.7757078,OCR,0.5,"THE LISTENING POST
ALJAZEERA
UKRAINE
THE INFORMATION WAR"
positive_671.jpg,Positive,Positive,0.9653752,OCR,0.5,"Do good, feel good;
feel good, do good.
Gretchen Rubin
quotefancy"
neutral_209.png,Neutral,Neutral,0.9360887,OCR,0.5,"ADVERTISING
A GUIDE FOR BEGINNERS
8"
positive_501.jpg,Positive,Neutral,0.9668493,OCR,0.5,"slate
@PleaseBeGneiss
the geometry is too complicated to
explain here but cutting a sandwich
diagonally gives you more sandwich"
neutral_907.jpg,Neutral,Neutral,0.9184264,OCR,0.5,"10
.C
d
INCOMPLETENESS"
neutral_284.jpg,Neutral,Neutral,0.94894445,OCR,0.5,"←
QEdit - pip_conso...
ان
51% 12:41
123
#import os, os.path, sys, readline
num1 =
num2 =
int(input(""enter your number: "")
int(input(""enter your number:"")
num3 = int(input(""enter your number: "")
4
5
num4
=
int(input(""enter your number: "")
6
8
9
if(num1>num2):
f1 = num1
10
else:
11
f1 = num2
12 if(num3>num4):
13
f2 = num3
14
else:
15
f2 = num4
16 if(f1>f2):
17
18
19
20
21
2222
22
23
else:
print(str(f1) + ""is greatest "")
print(str(f2) + ""is greatest "")
< > → 54
>="
positive_665.jpg,Positive,Positive,0.9265866,OCR,0.5,"“THE HARDEST MOUNTAIN
TO CLIMB
IS THE ONE WITHIN.""
-J.Lynn
WALK MY WORLD"
neutral_693.jpg,Neutral,Neutral,0.78257436,OCR,0.5,"freepik
freepik
freepik
pik
freepik
freepik
cyberg.
freepik
Poster
Cyber Monday
freepik
CYBER
MONDAY
SALE O
THIS
MONTH
freshik O
70%
OFF
Ut enim ad minim veniam,
quis nostrud exercitation
ullamco laboris nisi ut
Fredincio ex ea commodo
Use Code: XXXVLL70
free
freepik
freepik
f
jk
24
3 a
&
4
5
<-->
Q
W
E
T
Y
U
D
F
G
H
Z
V
N
M
☎
youraccount
K
xand
1
freepin
.
freepik
freepik
freep
freepik
freepi
freepik
freepik"
negative_623.jpg,Negative,Negative,0.99156404,OCR,0.5,"WEST END FINAL
Evening
LONDON
2012
Standard
LONDON, THURSDAY, 7 JULY 2005
www.thisislondon.co.uk
Incorporating THE EVENING NEWS
40p
SALE
TERROR
BOMBS
EXPLODE
ACROSS
LONDON
Many dead and injured
Blasts on Tubes and bus
Al Qaeda prime suspect
Soldiers patrol the streets
Entire city in gridlock
٠١١١١
Frost Newspapers
Horror: barefoot and bleeding, a commuter is led from Edgware Road station after attack
NIGHTMARE IN THE RUSH-HOUR — REPORTS AND PICTURES: PAGES 2, 3, 4, 5, 6, 7, 8, 9, 10 & 11"
negative_251.jpg,Negative,Negative,0.9620842,OCR,0.5,"Police and villagers in all-night search for missing girl
BODY FOUND IN
Missing schoolgirl lived here Tragedy in
isolated spot
at Penllergaer
WOOD
Search in woodland area
LONDON FLOUR RUSH
Master Bakers
Cargo ship
hit rock
ppose rationing off 'Smalls
A
Local reactions
Rival applicants for
Mondays
Weather Forecast
Germans
unaware of
SWANSEA AS A FUTURE
HOLIDAY RESORT
mass murders £516,000 scheme for
seaside amenities
Hotel mystery
LABOURER IN
COURT ON
MURDER CHARGE
WOMAN'S BODY
ON WASTE
GROUND
LIBERAL CAL
TO DEFEAT
GOVERNMENT
LONDON SEARCH
FOR HEATH
M
C
Travelled lonely road:
PRINCESS TO SE
CORSEDD BA"
neutral_886.jpg,Neutral,Neutral,0.9371184,OCR,0.5,"wu
ни
WHY
ARE
SLOTHS
wwwww.so SLOW?
Oxo
www
TEDED"
neutral_756.jpg,Neutral,Neutral,0.5802092,OCR,0.5,"FLOATERS
TEDED
IN YOUR EYE"
negative_380.jpg,Negative,Negative,0.98273504,OCR,0.5,"WION
CAUSE
7,636
OF SUICIDE MARRIAGE-RELATED ISSUE
SOURCE: NERE, 2020
SHOCKING NUMBERS FROM INDIA
2020: MORE INDIANS DIED OF SUICIDE THAN WUHAN VIRUS"
negative_774.jpg,Negative,Negative,0.8554853,OCR,0.5,"FIRE&RESE
KOCHI IS SUFFOCATING
INDIA
TODAY
0"
positive_734.jpg,Positive,Positive,0.9156308,OCR,0.5,"""Act as if what
you do makes a
difference. It does.""
—WILLIAM JAMES
RS"
negative_658.jpg,Negative,Positive,0.9360103,OCR,0.5,"UniGreet.com
Trust me,
I will never come into your life,
If you feel better without me."
positive_783.jpg,Positive,Positive,0.9642011,OCR,0.5,"""NEVER LEAVE THAT
TILL TOMORROW
WHICH YOU CAN
DO TODAY.""
- BENJAMIN FRANKLIN
Routinely Nomadic"
neutral_205.jpeg,Neutral,Neutral,0.9226973,OCR,0.5,"WHEN I SEE PEOPLE ARGUING ON A
FACEBOOK POST
AND I'M JUST LIKE"
positive_1017.jpg,Positive,Positive,0.9877826,OCR,0.5,"Today
I choose to be
Happy.
The Power of Quotes"
positive_801.jpg,Positive,Positive,0.985198,OCR,0.5,"A smile is happiness
you'll find right
under your nose."
neutral_239.jpeg,Neutral,Neutral,0.9118862,OCR,0.5,"PROBLEMS OUTPUT
DEBUG CONSOLE TERMINAL POP
$ make mario
make: *** No rule to make target 'mario'. Stop.
$ 1s
hello/
mario-more/
$ make mario-more
mario-more is a directory
$ make mario
make: *** No rule to make target 'mario'. Stop.
$ ./mario
bash: ./mario: No such file or directory
$ make mario
make: *** No rule to make target 'mario'. Stop.
$ make mario
make: *** No rule to make target 'mario'. Stop.
$ make mario.c
Did you mean 'make mario'?
$"
neutral_440.jpeg,Neutral,Neutral,0.9159136,OCR,0.5,"Only people with cat(s)
will understand"
negative_706.jpg,Negative,Negative,0.92857885,OCR,0.5,"BJP LEADER'S SON ARRESTED FOR
MURDER, RESORT DEMOLISHED
Oneindia English"
neutral_793.jpg,Neutral,Neutral,0.8122672,OCR,0.5,"VE RI
TAS
HARVARD
(^)
Harvard CS50
Full University Course"
positive_089.jpeg,Positive,Positive,0.94402516,OCR,0.5,"Maturity Is when
Someone hurts you and
You try to understand
their situation and
Don't hurt them back."
neutral_083.jpeg,Neutral,Neutral,0.86474067,OCR,0.5,"Canon
When you are surrounded by
1000's years of history, but
there is a cat"
negative_119.jpg,Negative,Negative,0.95920205,OCR,0.5,"Bhopal Gas Tragedy
Dec 2 1984
NEWS CLICK"
positive_698.jpg,Positive,Positive,0.9877212,OCR,0.5,"HAPPINESS IS A CHOICE, NOT A
RESULT. NOTHING WILL MAKE
YOU HAPPY UNTIL YOU
CHOOSE TO BE HAPPY.
@Inspired Living"
positive_093.jpg,Positive,Neutral,0.5320339,BLIP,0.5,a man and woman posing for a photo in front of a backdrop
neutral_775.jpg,Neutral,Neutral,0.91382957,OCR,0.5,"How I Bind
a Text Block"
positive_810.jpg,Positive,Positive,0.9011029,OCR,0.5,"ALL THE
STATISTICS IN
THE WORLD
CAN'T MEASURE
THE WARMTH
OF A SMILE.
CHRIS HART
HAPPIERHUMAN.COM"
negative_016.jpg,Negative,Negative,0.96804464,OCR,0.5,"Copyrighterl
The Des Moines Register JAPAN DECLARES WAR
ACTION LIKELY IN PACIFIC ON U. S. AND BRITAIN
JAPANES PRESS COMMENTS
EXTRA BALTIMORE
EWS-POST
EXTRA
JAPS BOMB PEARL
PEARL MANILA
HARBOR
Extra
A Newspaper Account of the
United States' Entry into World War II
from the Erie C. Caren Collection
YOU ASKED FOR IT_
JAPAN!
Japan Times & Honolulu Star-Bulletin 1 EXTRA
Brilliant War Resu
SAN FRANCISCO, Dec. 7.-Pres-
ident Roosevelt anseunced this
morning that Japanese planes had
attacked Manila and Pearl Harbor.
WAR!
OAHU BOMBED BY
JAPANESE PLANES
SIX KNOWN DEAD, 21 INJURED, AT EMERGENCY HOSPITAL
Attash
ate
Defense Areas
Hundreds See
City Bombed"
neutral_108.jpg,Neutral,Neutral,0.82256985,OCR,0.5,"feeling jealous.
lan Kidder is
Yesterday at 10:42 AM
Waiting for that optional pass/fail like
I
Carnegie
Mellon
University"
positive_339.jpeg,Positive,Positive,0.967586,OCR,0.5,"""May the festival of colours
brings the brightness of colors
to your life
Happy Holi"
positive_359.jpeg,Positive,Positive,0.9717306,OCR,0.5,"When you don't expect
anything from anybody,
you experience true
peace.
-SANGEETA RANA"
negative_661.jpg,Negative,Negative,0.95140123,OCR,0.5,"HW
11 DIED OF HEATSTROKE AT A
MAHARASHTRA STATE EVENT"
positive_805.jpg,Positive,Positive,0.96581155,OCR,0.5,"KEEP SMILING, BECAUSE LIFE
IS A BEAUTIFUL THING
AND THERE'S SO MUCH TO
SMILE ABOUT.
-MARILYN MONROE
QUOTESPEDIA.ORG"
neutral_806.jpg,Neutral,Neutral,0.8421304,OCR,0.5,"Chris
ROUND
Lattner
3
#381
Lex
Fridman"
neutral_789.jpg,Neutral,Neutral,0.8624552,OCR,0.5,"THE FUTURE OF
Artificial
Intelligence"
neutral_397.jpg,Neutral,Neutral,0.8765091,OCR,0.5,"Phy-Fi
Electric charge
dailycivil.com
indishi
B"
negative_865.jpg,Negative,Negative,0.8287608,OCR,0.5,"#MRNORIGINALS
KILLED FOR DEFAULTING LOAN PAYMENT,
KEJRIWAL QUESTIONS LAW & ORDER
MIRROR
NOW"
positive_859.jpg,Positive,Positive,0.89501023,OCR,0.5,"Unknown
I've never seen a
smiling face that
was not beautiful.
www.MOTIVE4YOU.COM"
neutral_230.jpg,Neutral,Neutral,0.8632978,OCR,0.5,"How to
Write
The
Complete
Definitive
Edition
a Good
Advertisement
A SHORT COURSE IN COPYWRITING
Victor O. Schwab"
positive_1006.jpg,Positive,Positive,0.9564278,OCR,0.5,"DON'T LET
ANYONE'S
IGNORANCE, HATE,
DRAMA, OR
NEGATIVITY STOP
YOU FROM BEING
THE BEST PERSON
YOU CAN BE.
KUSHANDWIZDOM"
neutral_472.jpg,Neutral,Neutral,0.9636189,OCR,0.5,"WHY I UPDATE THE SOFTWARE
Want to use the
latest version
The notification
is annoying"
neutral_121.jpeg,Neutral,Neutral,0.91348845,BLIP,0.5,a woman sitting at a table using a laptop
negative_444.jpeg,Negative,Negative,0.97460437,OCR,0.5,"NORTH IOWA'S
DAILY PAPER
EDITED FOR THE HOME.
VOL. XLVIII
DEPARTMENT
HISTORY AND ope
Mason City Globe-Gazette
""THE NEWSPAPER THAT MAKES ALL NORTH SWANS N
MASON CITY, IOWA, MONDAY, DECEMBER & 1941
HOME EDITION
MASON CITY
THE LIGHT
NO. 00
U.S. DECLARES WAR
Hawaiian Casualties Total 3,000
Philippines Attacked
by Japanese Bombers;
290 Casualties Listed
BULLETINS
NEW YORK, (AP-A NBC parter, broadcasting in
said that ""ecific damage"" had bees left 1 the Japanese
MANILA, (AP)-The Japan radio a
ships t
reported badant Monday that Japan
MANILA, (UP-Pre dispatches reported that 100
Monday night when Japanwarplanes raided
west coast of the island of Luen, ert of the Cangapo
RUSSIA
CHINA
Where U. S. Battles Japanese
MAN
3232AKE
CANAQUA
UNITED
SAN FRANCISCO STATES
MIDWAY IS
CHEAST INDIES
40
HAWAIIAN
ISLANDS
SOUTH
AMERICA
ENGLAND GOES United Front Is
TO WAR: CALLS Shown as Congress
JAPS ""WANTON Orders Hostilities
Declares Defending
Forces in Malay
Ready When Fees Came
WASHINGTON, (AP-The United Stat
decaced way t
Overwhelmingly, and with the greatest weity showi
President's req
band the boun
c degr
hambers graniet
MANILA (AP-Japanese babes strisk at y
bass and ports the myth of the Phpines Monday,
ing at the big Fort Stensburg Clark fold the
mesniais capital at the ports of Dave and Appar
and the far them
alan
Areas is which fighting has occurs betare fores
Sunday
Japs Claim
Supremacy
in Pacific"
neutral_737.jpg,Neutral,Neutral,0.910041,OCR,0.5,"TOP 5
INEXPLICABLE
MYSTERIES
HISTORY"
neutral_691.jpg,Neutral,Neutral,0.8251258,OCR,0.5,"HP Official Store
hp WORLD
Own an HP Laptop starting
@2199.00 per month
www
EXTRA
5% CASHBACK
SBI Card
Make e simple
Original Product
hp
FREE
100% Free
Shipping
intel.
CORE
Warranty Guarantee"
neutral_290.jpeg,Neutral,Neutral,0.8368546,OCR,0.5,"COLAT
Open door
Closed door
Evie
Scott
2020"
negative_899.jpg,Negative,Negative,0.97378707,OCR,0.5,"The public murder
of a 16-year-old
girl in Delhi
Brut."
negative_734.jpg,Negative,Negative,0.97835124,OCR,0.5,"HW
10 JAWANS DEAD IN IED BLAST
BY NAXALS IN DANTEWADA"
negative_043.jpg,Negative,Negative,0.94483006,BLIP,0.5,a firefighter in silhouette
neutral_160.jpg,Neutral,Neutral,0.7621913,OCR,0.5,"I'M GOING TO DELETE MY
FACEBOOK
RIGHT AFTER I POST ABOUT DELETING MY FACEBOOK AND I HANG AROUND
TO READ COMMENTS ABOUT ME DELETING FACEBOOKator.net"
negative_394.jpeg,Negative,Negative,0.9615097,OCR,0.5,"A strong earthquake of magnitude
7 has hit Turkey and Greece
ZEE"
positive_325.jpeg,Positive,Positive,0.9788759,OCR,0.5,"Success hits different when
nobody believed in you.
-
Via (Dark Secrets)"
neutral_809.jpg,Neutral,Neutral,0.5771757,OCR,0.5,"OLD HOLLYWOOD
ACCENT
NUBTORY"
positive_978.jpg,Positive,Positive,0.85846865,OCR,0.5,"""Only in the darkness
can you see the
stars.""
- Martin Luther King"
negative_842.jpg,Negative,Negative,0.90721476,OCR,0.5,"WION
OHIO FACES
ENVIRONMENTAL PROBLEM"
positive_693.jpg,Positive,Positive,0.95155996,OCR,0.5,"Be the reason of
someone's smile today
Storymirror.com"
positive_844.jpg,Positive,Positive,0.99014544,OCR,0.5,"Cood
Morning
Live life to the fullest, and
focus on the positive.
allpoetrylife.com"
negative_793.jpg,Negative,Negative,0.912063,OCR,0.5,"KYIV, UKRAINE
LIVE THE AM
FOX TWO MILLION FLEE PUTIN'S BRUTAL INVASIO
NEWS
FOX NEWS ALERT"
positive_520.jpeg,Positive,Positive,0.97147715,OCR,0.5,"Start making your own
happiness a priority.
Via (Dark Secrets)"
neutral_272.jpg,Neutral,Neutral,0.77494675,OCR,0.5,"I'm a
Hacker.
What's
your job?
Then, can you hack
a Facebook account for
me?
implip.com"
negative_290.jpeg,Negative,Negative,0.98178136,OCR,0.5,"DAILY
OBSERVER
MARKSMAN
RC 5 injured in hotel building MAN
collapse; minister places
stop order on construction 930-SAFE
Negril tragedy"
positive_478.jpeg,Positive,Positive,0.9654366,OCR,0.5,"If they say it is
impossible.
Remember that,
It is impossible
@Motivational Life
for them, not
you."
negative_835.jpg,Negative,Negative,0.81515324,OCR,0.5,"Global
NEWS"
positive_331.jpg,Positive,Positive,0.89782834,OCR,0.5,"Happy Lohri
May this festival of Lohri bring joy and Happiness
to you and family.
Happy Lohri
ਹੈਪੀ ਲੋਹੜੀ"
positive_980.jpg,Positive,Positive,0.9576967,OCR,0.5,"The safest
place to be
is within
the will
of God.
howtopraythescriptures.com"
negative_554.jpeg,Negative,Neutral,0.63869625,OCR,0.5,"DBK
DERD
BODY
HINEZ"
positive_912.jpg,Positive,Positive,0.9823307,OCR,0.5,"LIFE is simply
bursting with
JOY!
www.facebook.com/SoulSpeaking
Sue Krebs"
negative_186.jpeg,Negative,Negative,0.96217346,OCR,0.5,"SAFES
Manchester Evening News
LATE
UNITED CUP XI
CRASH: ""28 DIE""
Plunged into houses at Munich, exploded
SURVIVORS SAVED in
BLAZING WRECKAGE
PEOPLE
KILLED"
positive_838.jpg,Positive,Positive,0.93281794,OCR,0.5,"Foto:4Quate.com
Smile
it's a free therapy and it looks
good on you.
Foto 4Qui
40
foto+Quote.com"
positive_743.jpg,Positive,Positive,0.95418024,OCR,0.5,"Every day is a fresh start,
wake up with a thankful heart."
positive_393.jpeg,Positive,Positive,0.93213403,OCR,0.5,vibes don't lie.
positive_546.jpeg,Positive,Positive,0.57971656,OCR,0.5,"fb/Doraemon memes
ig/doraemon_memes90
A
Are you feeling lonely?
Hemant Dwivedi
Never mind, you're not the only one to feel like."
negative_679.jpg,Negative,Negative,0.7216008,OCR,0.5,"SAD REALITY
GOVERNMENT TODAY'S CURRENCY
@successpictures
@suce spictures
@successpictures
@successpictures"
positive_886.jpg,Positive,Positive,0.945124,OCR,0.5,"A peaceful smile
inspire others
to live in peace too.
Maxime Lagacé"
negative_775.jpg,Negative,Negative,0.95462424,OCR,0.5,"WION
CROATIA BATTLES
MASSIVE WILDFIRE"
positive_906.jpg,Positive,Positive,0.98127663,OCR,0.5,"LET US ALWAYS
MEET EACH OTHER
WITH SMILE, FOR
THE SMILE IS THE
BEGINNING
OF LOVE.
GOODate
MORNING.com"
positive_584.jpeg,Positive,Positive,0.9283173,OCR,0.5,"Happy
Independence Day
Today we come together,
Be the cause for the unity,
Make it Beautiful day another...
Fight against corruption,
Spurl the flag of On NATION
VANDE MATRAM"
positive_811.jpg,Positive,Positive,0.97750163,OCR,0.5,"You have a smile that
is so bright that it puts
the sun to shame.
linepoetry.com"
neutral_881.jpg,Neutral,Neutral,0.9435408,OCR,0.5,"ее
CAN YOU SOLVE
THE FISH RIDDLE?
TEDED"
negative_811.jpg,Negative,Negative,0.9624212,OCR,0.5,"1.00
BREAKING NEWS
INDIA
TODAY
WHITE COLOURED ALTO SNATCHED AT
GUN POINT
mahing
2009-05-2
INDIA
TODAY"
negative_149.jpg,Negative,Negative,0.7428838,BLIP,0.5,a group of people sitting around a fire
neutral_379.jpeg,Neutral,Neutral,0.8448472,OCR,0.5,"Bug
Feature"
neutral_328.jpeg,Neutral,Neutral,0.73770547,OCR,0.5,strong
positive_251.jpg,Positive,Positive,0.9529518,OCR,0.5,"Sometimes it takes
the worst pain to bring
out the best change.
Via (Dark Secrets)"
positive_735.jpg,Positive,Positive,0.97257876,OCR,0.5,"Stay Positive
Stay Happy"
negative_874.jpg,Negative,Negative,0.953884,OCR,0.5,"UNIMAGINABLE
DELHI BRUTALITY
NEWS 18"
negative_048.jpg,Negative,Negative,0.55749625,BLIP,0.5,a man holding a baby
neutral_765.jpg,Neutral,Neutral,0.7995153,OCR,0.5,"TEDED
what is bipolar disorder?"
positive_083.jpeg,Positive,Positive,0.96882856,OCR,0.5,"You must teach your
heart to accept what
cannot be changed.
- Via (Dark Secrets)"
negative_038.jpg,Negative,Negative,0.9220194,BLIP,0.5,a woman walks through a destroyed house
negative_642.jpg,Negative,Negative,0.6283443,OCR,0.5,"I hate those days
where you don't
know why, but you
just feel sad."
negative_120.jpeg,Negative,Negative,0.55600727,OCR,0.5,"ON FACEBOOK
HAVEN'T SEEN ANY BAD
MEMES"
neutral_801.jpg,Neutral,Neutral,0.9455621,OCR,0.5,"455
corial:
# This is some text
PYTHON
roCode (Tutorial):
def _init_(self, python
self.language pytho
def hello(self):
print(""Hello"")
# This is some more text
# Idk what to white here
print(""Watch the video ;)"") #Woo000od
12
Hours
0000
FULL COURSE
print(""Have a nice day! :)"")"
neutral_651.jpeg,Neutral,Neutral,0.9093163,OCR,0.5,"Conversations
Matter"
neutral_784.jpg,Neutral,Neutral,0.8851552,OCR,0.5,"MY
25
26 def check_db():
27
if not os.path.isfile(F
ADVICE
31
32
33
34
345
Home():
check_db()
all_books = db.session.query(Book)
return render_template(""index.ht
@app.route(""/edit"", methods [""GET"",""
def edit():
if request.method=""POST""
book_id = request.form[""id""]
book_to_update
Book query
book_to_update.rating reques
db.session.commit()
return redirect(url_f"
negative_796.jpg,Negative,Negative,0.90435743,OCR,0.5,"►KYIV, UKRAINE
LIVE 8:25 PM
FOX EMBARRASSING RETREAT FOR RUSSIAN TROOPS IN UKRAINE
NEWS
10:25 PT
WAR ON UKRAINE"
neutral_021.jpeg,Neutral,Neutral,0.9707916,OCR,0.5,"回
KEDA
Is that
all you need?
Yes.
bash scripts-"
negative_101.png,Negative,Negative,0.6013804,OCR,0.5,"NEW
Negative
Picxy"
positive_1014.jpg,Positive,Positive,0.988527,OCR,0.5,"I will no longer
allow the
NEGATIVE
things in my
life to SPOIL all
of the GOOD
things i have.
I choose to be
HAPPY.
More Quotes @ www.Inspiring Quotes.in"
neutral_704.jpg,Neutral,Neutral,0.9254776,OCR,0.5,"LOGO
Free PPT templates
Insert the Subtitle of Your Presentation
https://www.pptxtemplates.com"
positive_669.jpg,Positive,Positive,0.95938563,OCR,0.5,"Real beauty is to be
true to oneself.
That's what makes
me feel good.
Laetitia Casta
BrainyQuote"
negative_103.jpg,Negative,Negative,0.9723599,OCR,0.5,"PULWAMA ATTACK:
FATHER-DAUGHTER HELD
Photo Courtesy: Reuters"
positive_869.jpg,Positive,Positive,0.9837736,OCR,0.5,"You won't have a happy life if you worry
about what others say about you.
SHAYARI777.com"
neutral_768.jpg,Neutral,Neutral,0.9216719,OCR,0.5,WHICH FAMILY IS FAKE?
positive_821.jpg,Positive,Positive,0.9099518,OCR,0.5,"""A smile is a curve that sets
everything straight.""- Phyllis Diller
invay.com"
neutral_276.jpg,Neutral,Neutral,0.95375395,OCR,0.5,"I Heard he doesn't use ""i""
in a for-loop"
negative_603.jpeg,Negative,Negative,0.90764296,OCR,0.5,EARTHQUAKE
neutral_849.jpg,Neutral,Neutral,0.9206979,OCR,0.5,"1
2
3
TEDED
CAN YOU
SOLVE THE
PASSCODE RIDDLE?"
negative_087.jpeg,Negative,Negative,0.970788,OCR,0.5,EARTHQUAKE
positive_1016.jpg,Positive,Positive,0.98535216,OCR,0.5,"A positive attitude brings
much gratitude. Think positive,
be positive, speak positive.
Do it every day, make it
a HABIT."
negative_755.jpg,Negative,Negative,0.9659277,OCR,0.5,"INDIA TODAY
TOP NEWS HEADLINES AT 11 PM
INDIA
TODAY
NIETRO"
neutral_327.jpg,Neutral,Neutral,0.9439064,OCR,0.5,"حيى
قول
فلافل
Java
Popular Restaurant
07 مطعم جافا
REPAIR
Java Popular Restaurant Hummus Foul-Falafel
AFFY
لا قوة ان بانت
pept
Ө"
negative_795.jpg,Negative,Negative,0.8445842,OCR,0.5,"AUGUST 2, 2010
The CHRISTIAN SCIENCE
MONITOR
A WEEKLY REVIEW OF GLOBAL NEWS & IDEAS VOLUME 102/ISSUE 36
$3.50
DEEP-DRILLING BRAZIL LEARNS FROM BP 12
HIGH STAKES IN MIDTERM ELECTIONS 16
STATES EMBRACE ONE SCHOOL STANDARD 19
THE OTHER WAR
IN AFGHANISTAN
Winning hearts and minds
means helping Afghans where
it matters. Why aid agencies are
falling short and where they
are learning to deliver.
A SPECIAL REPORT BY BEN ARNOLDY"
neutral_307.jpg,Neutral,Neutral,0.9093429,OCR,0.5,"I have hired this cat
to stare at you"
neutral_844.jpg,Neutral,Neutral,0.9375371,OCR,0.5,"M
TEDED
CAN YOU SOLVE
THE PIRATE
RIDDLE?"
negative_229.jpg,Negative,Negative,0.9783585,OCR,0.5,"BREAKING NEWS
MISSILE ATTACK ON KHARKIV CITY COUNCIL
INDIA
TODAY"
neutral_749.jpg,Neutral,Neutral,0.7496073,OCR,0.5,"THE ENTIRE
HISTORY
of
SPIDER-MAN"
positive_003.jpg,Positive,Positive,0.9774259,OCR,0.5,"Without rain
nothing grows,
Learn to embrace
the storms of
your life.
(Thoughts Wonder)
Thoughts Wonder"
neutral_829.jpg,Neutral,Neutral,0.8004432,OCR,0.5,"A.I
LIVE"
negative_732.jpg,Negative,Negative,0.9424232,OCR,0.5,"NEWS
18
Click
DWARKA BRACES FOR
CYCLONE LANDFALL"
neutral_662.jpg,Neutral,Neutral,0.8773736,OCR,0.5,"English
with Vicky
KITCHEN UTENSILS
22s
Canva
garlic press
chopping
board
strainer
teapot
tray
spice
grater
bowl
containers
napkin
rolling pin
oven glove
steak
hammer
Canva
colander corkscrew frying pan saucepan (U.K.)
WO
pot (U.S.)
whisk knife
spatula ladle
fork spoon
plate
apron"
positive_203.jpeg,Positive,Positive,0.923607,OCR,0.5,"Merry
Christmas"
negative_709.jpg,Negative,Negative,0.91951156,OCR,0.5,"WHO KILLED
SONALI PHOGAT?
18
NEWS"
positive_212.jpg,Positive,Positive,0.8607915,OCR,0.5,Happy Holi
neutral_331.jpg,Neutral,Neutral,0.9363911,OCR,0.5,"Today's 3 year olds
can switch on laptops and
open their favorite apps
Me? When I was 3,
I ate mud"
neutral_910.jpg,Neutral,Neutral,0.79542804,OCR,0.5,"THIS BIKE
PROVES IT"
neutral_668.jpg,Neutral,Neutral,0.89003193,OCR,0.5,"PYTHON
RANDOM
MODULE
Young Wonks"
negative_137.jpg,Negative,Neutral,0.4500098,BLIP,0.5,a picture of a man
positive_708.jpg,Positive,Positive,0.9711319,OCR,0.5,"675
""I have chosen
to be HAPPY
because its
good for my
HEALTH""
For more Quotes: www.Inspiring Quotes.in"
neutral_130.jpeg,Neutral,Neutral,0.7887249,OCR,0.5,Business Post
positive_688.jpg,Positive,Positive,0.95403206,OCR,0.5,"Happiness depends not on material
things but our view on the things.
SHAYARI777.com"
negative_867.jpg,Negative,Negative,0.9639615,OCR,0.5,"NEWS
London, UK
Student From Hyderabad
Stabbed To Death in London"
negative_293.jpeg,Negative,Negative,0.98142624,OCR,0.5,"FREE PRESS JOURNAL
AROMA
60 DEAD IN CITY RAIL DISASTER
Locals collide
Civil Supply
Commissioner
to peg prices
Board authoris
Govt to set
near Matunga
Over 250 injured in
worst-ever smash
is har d"
neutral_904.jpg,Neutral,Neutral,0.91021526,OCR,0.5,"2730
3637
3636
3632
605
5456
989
3636
3434
3614
682
1816
362
1813
2728
454
301
300
3413
3412
3383
565
564
560
93
92
15
3330
554
552
544
98
88
14
3972
1706
282
280
46
277
276
272
45
44
7
1536
151
5448
906
984
150
5376
5320
853
852
843
141
140
23
832
138
136
22
768
2720
453
452
75
2560
426
70
416
69
68
11
384
1365
1364
227
1360
226
1344
1300
213
212
35
208
34
192
3x+1
32
5
17
96
24
48
16
8
2"
positive_729.jpg,Positive,Positive,0.79669154,OCR,0.5,"POSITIVE QUOTES
QUOTE
BOLDÜ"
positive_917.jpg,Positive,Positive,0.7059203,OCR,0.5,"WHEN I THINK
ABOUT YOU I END UP
HAVING A STUPID
GRIN ON MY FACE."
negative_449.jpg,Negative,Negative,0.9612825,OCR,0.5,"एसीपी
अर्जुन
बच्चों को ज़मीन में क्यों गाड़ा?
INDIA"
neutral_199.jpg,Neutral,Neutral,0.80213475,OCR,0.5,"FUNKAARIYAN
Help
me
i am
huawei
user"
neutral_817.jpg,Neutral,Neutral,0.93573594,OCR,0.5,THESE MICE ARE TWINS
positive_679.jpg,Positive,Positive,0.9527103,OCR,0.5,"WHEN YOU STOP
CHASING
THE WRONG THINGS
YOU ALLOW
THE RIGHT THINGS
TO CATCH YOU"
negative_205.jpeg,Negative,Negative,0.98285985,OCR,0.5,"MUMBAI:
MAJOR
FIRE
KILLS 2"
positive_673.jpg,Positive,Positive,0.8197705,OCR,0.5,"The sunset casts a golden glow
across the valley."
positive_100.jpeg,Positive,Positive,0.7899766,OCR,0.5,"Balance is Key in Life
@successpictures
G
@successpictures
@successpictures"
positive_690.jpg,Positive,Positive,0.98854667,OCR,0.5,"LIFE IS TOO SHORT,
7
SO NEVER REGRET SOMETHING
THAT MAKES YOU HAPPY.
QuotesLifetime.com"
positive_643.jpg,Positive,Positive,0.8524872,OCR,0.5,"ΠΛ
ΠΛ
INTERNATIONAL DAY OF HAPPINESS
MARCH 20"
neutral_073.jpg,Neutral,Neutral,0.5094844,BLIP,0.5,a tiger standing on a rock
negative_619.jpeg,Negative,Negative,0.9465909,OCR,0.5,"INDIA BOWS TO INDIA BOWS TO ITALIAN PRESSURE newsX
ITALY
LIVE-07-Feb
India surrenders to Italy in the fishermen
murder case
BREAKING NEWS
INDIA SURRENDERS TO ITALY
MEA HAD OPPOSED THE DEATH PENALTY CITING
TREATY WITH ITALY"
positive_1004.jpg,Positive,Positive,0.9659705,OCR,0.5,"Every end is
a new
beginning
PICTURE QUOTER.COM"
positive_621.jpeg,Positive,Positive,0.97680265,OCR,0.5,"When life knocks you
down, roll over and
look at the stars.
-
- Via (Dark Secrets)"
positive_606.jpeg,Positive,Positive,0.93741333,OCR,0.5,"Distance is my new
answer, I no longer
react, I no longer
argue, I simply withdraw
Joker Theory"
negative_317.jpeg,Negative,Negative,0.96759135,OCR,0.5,"FONT
ROMPTANT P
BAY H
SILVER BRIDGE TUMBLES,
TOLL, 7 DEAD, 41 MISSING
Point Pleasant Register
I Couldn't Understand Why I Made It'
Five Survivors
Give Accounts
Divers Begin
Search For
Untold Loss"
neutral_495.jpg,Neutral,Neutral,0.5868825,OCR,0.5,"AAP Kis k
Bina Jee Nhi
Sakty...??
Answer Intresting hona chahiye..."
neutral_647.jpeg,Neutral,Neutral,0.92262596,OCR,0.5,"Write the Correct
Answer!!
9+8 4x2 = ??
A: 26
B: 9
C: 17"
negative_003.jpg,Negative,Negative,0.9465742,BLIP,0.5,a large building with a fire in the middle
positive_656.jpg,Positive,Positive,0.7439225,OCR,0.5,"HAPPINESS
QUOTES
81 Quotes about
Happiness and
Finding Joy in Life"
negative_420.jpeg,Negative,Negative,0.8397956,OCR,0.5,"BAN RUSSIA ER SWIFT
05 SKY
Ukrai LACRENE
Unit
Ukraine"
negative_615.jpg,Negative,Negative,0.98855174,OCR,0.5,"Gandhi dies in bomb blast
Former Indian prime minister assassinated while campaigning
MADRAS adu
Kaj
Rajiv Gandhi
BACKGROUND
ON GANDHI
21244
MAR
Sonia Manif
help her shi
Na brother is
seat in Partament becam
1904 Eed p
pep took
capital, Now
the ts of the
th, and other of
Asal of the
partir dections
and 15 meal of Thand
Sunday, the Unof
Cathe
dreen that d
Star Indy Ga
Cands, lift is contoned by her daughter, Phynka, nght, and an unidentified wo
Dictator
Rival Warner Center malls"
negative_741.jpg,Negative,Negative,0.90560615,OCR,0.5,"LIVE (((O)))
TRUMP: WORLD WAR III
A POSSIBILITY"
positive_450.jpeg,Positive,Positive,0.97481674,OCR,0.5,"The world around you is
only beautiful when you
are at peace with the
world within you.
- Via (Dark Secrets)
e"
negative_737.jpg,Negative,Negative,0.9707012,OCR,0.5,"Hindustan Times
New Delhi, Tenda December 28.2004
Prayers, tears and fear
The day after
Tsunami toll 25,000; 7,000 in India"
positive_001.jpeg,Positive,Positive,0.97337675,OCR,0.5,"Listen to your
soul. It always
knows when it's
time to start a
new chapter in
your life.
Via (Dark Secrets)"
positive_709.jpg,Positive,Positive,0.94476974,OCR,0.5,"TrueShayari.in
You only live once
but if you work right,
Once is enough."
negative_897.jpg,Negative,Negative,0.98689306,OCR,0.5,"CHAMBA MURDER;
LOCALS WENT VIOLENT
TIMES
NOW"
negative_684.jpg,Negative,Negative,0.6833319,OCR,0.5,"WHAT ARE YOUR PLANS
AFTER THE WAR?
GOT A JOB WITH THE AMERICANS
...DEPARTMENT OF EDUCATION
imgflip.com"
negative_580.jpg,Negative,Negative,0.5808151,OCR,0.5,"UNKNOWN
FACTS
Everyone Wants to Park in
Shade, but No One Wants to
Plant a Tree."
negative_556.jpeg,Negative,Neutral,0.8664315,OCR,0.5,"when you're cleaning your room and
find that one condom you left under
your bed 10 years ago"
negative_655.jpg,Negative,Negative,0.5487569,OCR,0.5,"I REALLY WANT
TO BE HAPPY,
BUT THERE'S SOMETHING
INSIDE ME
THAT SCREMS
""YOU DONT DESERVE IT”"
positive_263.jpg,Positive,Positive,0.9714825,OCR,0.5,"Not caring what people
think and growing at your
own pace is self-care.
Via (Dark Secrets)"
negative_671.jpg,Negative,Negative,0.9842461,OCR,0.5,"BREAKING-
INDIA BRIDGE COLLAPSE"
positive_033.jpg,Positive,Positive,0.9758195,OCR,0.5,"If you have the power
to make someone happy,
do it. The world needs
more of that.
(Thoughts Wonder)"
positive_894.jpg,Positive,Positive,0.7979386,OCR,0.5,"I am head over
heels, deeply
and crazily in
love with you."
neutral_665.jpg,Neutral,Neutral,0.6918074,OCR,0.5,"THE
MEDIA
ANT
15 Best Magazine Advertisement
Examples of Successful Campaigns
TITLE
001
PHOTOGRAPHY BOOK
2022
PHOTO
BOOK
Your Name
Studio v 455 Addess
Pachal 800
Unitated States
YourName@gmail.com
www.YourWebsite.com
Your Instagram
LOREM IPSUM DOLOR SIT AMET
TITLE
BOOK
Lorem ipsum dolor sit amet
diam nonummy nibh oumed
incidunt ut laoreet dolore
Lorem ipsum dolor sit amet,
consectetuer adipiscing
diam nonummy nibh euismod
Lorem ipsum dolor sit amet,
dem nonummy nibh euismod
tincidunt ut laoreet dolore
PAGE 1
themediaant.com"
neutral_550.jpg,Neutral,Neutral,0.7588632,OCR,0.5,"your account has
been locked
your account has been
locked due to suspicious
we detected suspicious
activity on your account
ALERT!
your account has
been locked
ALERT!
your account has
ALERT!
been locked"
neutral_632.jpg,Neutral,Neutral,0.85383934,OCR,0.5,"VectorStockⓇ
Ice Cream
Strawberry mix
Best choice
for summer!
NEW
VectorStock.com/21520349"
negative_885.jpg,Negative,Negative,0.92264193,OCR,0.5,"INDIAN-ORIGIN WOMEN
STABBED TO DEATH
London
the
quint
world"
neutral_705.jpg,Neutral,Neutral,0.8823812,OCR,0.5,"FREE ICONS FOR
POWERPOINT
8-8
iconpacks.net
[PPT]"
negative_194.jpeg,Negative,Negative,0.97844005,OCR,0.5,"SHILTON
THE HINDUSTAN TIMES
ADVERTHE
an
BOMB BLASTS ROCK BOMBAY"
neutral_402.jpeg,Neutral,Neutral,0.6706288,BLIP,0.5,a pen and a piece of paper on a table
positive_144.jpg,Positive,Neutral,0.5891715,BLIP,0.5,a man in a blue shirt and bow tie
neutral_066.jpg,Neutral,Neutral,0.64793026,OCR,0.5,VOLE
negative_645.jpg,Negative,Negative,0.56758523,OCR,0.5,"Sad people love the rain
because they are
no longer crying along.
TrueShayari.in"
neutral_410.jpeg,Neutral,Neutral,0.69757885,OCR,0.5,"ACHER
PERFO
CLIEN
ANPRUL
TERNATION RATEGYVISI
ATION
DUCTSUCC SERVICES
CLIENESTA
JONRUDGETP ROLL INVE
HSERVICESTEAM PERFORM
INVESTMENTHIRTINGPREDUC
MARKETING CLIENTS LEADERSHIP
""RMANCECONCEPTPLAN
PODUCT INTERNAT"
negative_871.jpg,Negative,Negative,0.9696932,OCR,0.5,"704
INDIA
TODAY
BODY PARTS BOILED
AFTER MURDER"
positive_218.jpeg,Positive,Positive,0.8821224,OCR,0.5,"ARCHIPELAGO
MERRY
CHRISTMAS
May the warmth and peace of
the holiday season be yours.
Safe
COVID-19
TESTED
travels"
negative_184.jpg,Negative,Negative,0.9166931,OCR,0.5,"TRAGIC HOMECOMING FOR
REPATRIATION FLIGHT
Photo Courtesy: AFP"
positive_710.jpg,Positive,Positive,0.9420497,OCR,0.5,"HAPPY
Mother's
DAY"
neutral_087.jpeg,Neutral,Neutral,0.9273376,OCR,0.5,"@the_grapher
8 boys 2 girls
8 males
2 females
10
8XY 2XX
2x(4y+x)
the rapher
10"
positive_908.jpg,Positive,Positive,0.9491985,OCR,0.5,"""Pure happiness is found in nothing
but in the innocent smile of a baby,
99
Myhappybirthdays.com"
neutral_261.jpg,Neutral,Neutral,0.9484767,OCR,0.5,"Google when I
enter my account
with a different
device
@abhisssssshek
Google when I
actually get
hacked"
negative_297.jpg,Negative,Negative,0.9806557,OCR,0.5,"BREAKING NEWS
BENGAL TRAIN ACCIDENT
INDIA
TODAY"
negative_527.jpeg,Negative,Negative,0.9661341,OCR,0.5,"Irant
Remembering the victims of
26/11
On this day, I pay tributes and
homage to the Martyrs and survivors
of India's bloodiest terrorist attack in Mumbai.
Their sacrifices will never be forgotten."
neutral_019.jpg,Neutral,Neutral,0.8052122,BLIP,0.5,3d car model - chevrolet cruztte by 3d
negative_333.jpg,Negative,Negative,0.9619211,OCR,0.5,"YEARS
ILATE CITY FINAL
Pop star's plane
crash tragedy
PILOT'S
WARNING
IGNORED
EXCLUS"
negative_893.jpg,Negative,Negative,0.9168738,OCR,0.5,"Courtesy: Jeremy Moore
PERSON OF INTEREST IN YOUNG DOLPH
KILLING FOUND DEAD IN ORANGE MOUND
WREG.COM"
neutral_661.jpg,Neutral,Neutral,0.8240917,OCR,0.5,"KITCHEN UTENSILS
Duis aute irure dolor in reprehenderit in voluptate velit
esse cillum dolore eu fugiat nulla pariatur occaecat
READ MORE
KITCHEN SUPPLIES
Duis aute irure dolor in reprehenderit in vol
esse cillum dolore eu fugiat nulla pariatur occaecat
READ MORE
COOKING TOOLS
Duis aute irure dolor in reprehenderit in voluptate
esse cium dolore eu fugiat nulla pariatur occaecal
READ MORE"
neutral_787.jpg,Neutral,Neutral,0.9110266,OCR,0.5,"salary
y
K-Means
Clustering
Experience
adidas"
positive_731.jpg,Positive,Positive,0.966774,OCR,0.5,"The secret of
being
HAPPY
Is accepting
where you are in
life
And making the
most out of
everyday
www.brainwavelove.com"
neutral_837.jpg,Neutral,Neutral,0.85154665,OCR,0.5,"(C)
CAN YOU
SOLVE THE
VIRUS
RIDDLE?
TEDED"
negative_598.jpeg,Negative,Negative,0.56534624,OCR,0.5,"I NEED ALL STOLEN,
FUNNY & OFFENSIVE MEMES
O
POSTED RIGHT HERE..."
positive_031.jpeg,Positive,Positive,0.9680382,OCR,0.5,"You have suffered
enough, now is time to
live a life that really
brings you joy.
Via (Dark Secrets)
VIP SHOP"
neutral_716.jpg,Neutral,Neutral,0.92008257,OCR,0.5,"How to
Make PPT
in Mobile
PPT
CASHIFY"
negative_778.jpg,Negative,Negative,0.9582168,OCR,0.5,"WILDFIRES
RAGE
ACROSS
GREECE
THE LATEST"
negative_657.jpg,Negative,Negative,0.5173342,OCR,0.5,"DON'T LET YOUR HAPPINESS
DEPEND ON SOMETHING
YOU MAY LOSE."
positive_664.jpg,Positive,Positive,0.9750439,OCR,0.5,"""EVERYONE WANTS TO
LIVE ON TOP OF THE MOUNTAIN,
BUT ALL THE HAPPINESS
AND GROWTH OCCURS
WHILE YOU'RE CLIMBING IT.""
-Andy Rooney
WALK MY WORLD"
negative_530.jpeg,Negative,Negative,0.7766775,OCR,0.5,"World
War I
in color"
neutral_825.jpg,Neutral,Neutral,0.8631667,OCR,0.5,"A
BRIEF
HISTORY
OF
CHESS
VOTEDED"
negative_669.jpg,Negative,Negative,0.9862819,OCR,0.5,"35 PEOPLE DEAD IN MORBI
CABLE BRIDGE COLLAPSE
TIMES
NOW"
negative_058.jpeg,Negative,Negative,0.7565183,BLIP,0.5,a soldier in the field
negative_878.jpg,Negative,Negative,0.964724,OCR,0.5,"WHO WAS THE HYDERABAD
WOMAN KILLED IN LONDON?
TOI"
positive_779.jpg,Positive,Positive,0.9372575,OCR,0.5,"""YOU NEVER
FAIL UNTIL YOU
STOP TRYING.""
-
- ALBERT EINSTEIN
Routinely Nomadic"
positive_881.jpg,Positive,Positive,0.9543984,OCR,0.5,"There are only two things,
that i want to be with you
now and forever.
esanjayjangam.com"
neutral_298.jpeg,Neutral,Neutral,0.93437207,OCR,0.5,"The perfect T-shirt doesn't
exi-
introverted
but willing
to discuss
cats."
neutral_166.jpeg,Neutral,Neutral,0.73849714,OCR,0.5,"Get pointers and products at
www.yourshoes.com.
FIND THE BEST SHOE"
positive_357.jpeg,Positive,Positive,0.86263144,OCR,0.5,"@officialjokerquotes
Never let your
feelings get too deep,
people can change
anytime.
THE JOKER
QUOTES"
positive_627.png,Positive,Positive,0.86333656,OCR,0.5,"www.psartworks.in
Art is never finished,
only abandoned.
-Leonardo da Vinci"
negative_596.jpg,Negative,Negative,0.5291,OCR,0.5,"Kya Kaam Karte Ho Beta?
Berozgaar Hu
Oh Engineering Ki Hai Londe ne"
negative_566.jpeg,Negative,Negative,0.97830474,OCR,0.5,"Major fire accident in
Pharma city at Parwada
ఎగిసిపడుతున్న మంటలు
విశాఖ పరవాడ ఫార్మాసిటీ లో మరో ప్రమాదం
BREAKING NEWS
విశాఖ: పరవాడ
ఫార్మాసిటీలో మరో
ప్రమాదం
BIG
BREAKING
9
విశాఖ
localwire
భయాందోళనలో స్థానికులు PL"
negative_818.jpg,Negative,Negative,0.9690772,OCR,0.5,"Migrant boat disaster
BBC NEWS"
negative_067.jpg,Negative,Negative,0.9613465,OCR,0.5,"CRUX.
CYCLONE AMPHAN RAVAGES
BENGAL & ODISHA"
positive_244.jpg,Positive,Positive,0.9615246,OCR,0.5,"You can hit the restart
button any time you
want in life. Your age
doesn't matter.
- Via (Dark Secrets)"
negative_717.jpg,Negative,Negative,0.95665693,OCR,0.5,"DW
Australia flooding a
'once in a century event'"
positive_809.jpg,Positive,Positive,0.8999959,OCR,0.5,"""Have you bring
smile on someone's
face today? Do it
and see the
difference in your
life."" -Invajy"
neutral_242.jpg,Neutral,Neutral,0.94999033,OCR,0.5,"my gf is at the vet and she sent me this
derinthescarletpescatarian
Your gf is beautiful"
positive_076.jpg,Positive,Neutral,0.5106,BLIP,0.5,a person holding a flower in their hand
neutral_657.jpg,Neutral,Neutral,0.78677976,OCR,0.5,"Your
Thigh Bone
Can Resist
Thousands of
Pounds of
Force.
DICTIONARY"
neutral_666.jpg,Neutral,Neutral,0.92393005,OCR,0.5,"О
DID YOU
KNOW?
ww
о
كم
X
X"
negative_425.jpeg,Negative,Negative,0.9381725,OCR,0.5,"45-year-old Hyd woman to return after
years of torture by hubby in Pakistan
Ryder
espres desperate to rea
your old wo
mantum the city who was al
slave by
been mead and will m
from Lahom on W
Mader, Amed Ullah
Khan,
the case with
the oral affairs minis
and the High Con
the woman's heband was not
xowte her to porn She
eventually got a visa and
med Utah Khan sent her a
TUI hid the pro
blem of Mohamad Bogan
report on January 7,37
About an Mo married another woman in
taadiga
Oman With And Ch
New Moda Kun with posody 10
gay Sushma Sward to help Mo
tricked in marie si harada Bey, she was
Mama Yeni The alvidada visa Theod
kasperacal then refused to send her say
with the man in Om A he will not bear the t
Mamata mwen penture
On the led the man
Het
Amed Lah Khan who
ved the tickets
Peramate
children born Detron La
Mo
Mascas, one more child was dayanersonandreach Hyde
water she was no Pared in the evening. He tha
kistan. Her Indian passport
adviseerd
Jy 7, 2017
which Union external affairs
and as
kod Intian High Co
Pakisanto provide help
Pakistan, the husband
sedating her and
kotha Swart
dien High Commission Earth
be rescu
therro"
negative_142.jpg,Negative,Negative,0.9578545,OCR,0.5,"18 DEAD INCLUDING
BOTH PILOTS
NDTV"
negative_125.jpg,Negative,Negative,0.8894789,BLIP,0.5,people are walking down the street in a crowded area
positive_684.jpg,Positive,Positive,0.81358355,OCR,0.5,"by impl
Fall in love with
taking care of my body."
positive_797.jpg,Positive,Positive,0.9708339,OCR,0.5,"The smile of
God is victory.
linepoetry.com"
positive_308.jpeg,Positive,Positive,0.90909415,OCR,0.5,"Some
stranger
somewhere
still remembers you
because you were kind
to them when no
one else was.
(Thoughts Wonder)
Thoughts Wonder"
positive_833.jpg,Positive,Positive,0.90798676,OCR,0.5,"Every time
i see you
I fall in love
all over again.
Free Download Sanjay Jangom App
www.helophus.com
Cheloplus.com"
negative_314.jpeg,Negative,Negative,0.9951428,OCR,0.5,"7 KILLED, 74 HURT IN
SCHOOL AIR CRASH
Jet, Trap
Collid
High in Sky, Pieces
Slash Into Playground"
neutral_823.jpg,Neutral,Neutral,0.83881533,OCR,0.5,"171
E
BEAT
The History of the Kei Car"
positive_933.jpg,Positive,Positive,0.88995206,OCR,0.5,"YOU MAKE ME SMILE
IN EVERY WAY I CAN
WISH FOR. FOR ME,
YOUR SMILE AND
YOUR LOVE ARE THE
INFINITE SOURCES OF
HAPPINESS IN THIS
BORING LIFE.
Myhappybirthdays.com"
neutral_882.jpg,Neutral,Neutral,0.87567633,OCR,0.5,"O A
TEDED
WHAT ARE
CARBOHYDRATES?"
positive_896.jpg,Positive,Positive,0.93311286,OCR,0.5,"66
""If you try to please everyone,
you will please no one. It is
impossible to lead your life for
others' happiness.""
Sudha Murty
HER STORY"
negative_879.jpg,Negative,Negative,0.8757521,OCR,0.5,"'MONSTER MANOJ NOT
COOPERATING'
INDIA
TODAY"
negative_091.jpeg,Negative,Negative,0.81668496,OCR,0.5,"August 23rd, 2011
Virginia earthquake"
negative_829.jpg,Negative,Negative,0.9077099,OCR,0.5,"BIPARJOY NOW SEVERE
CYCLONIC STORM
INDIA
TODAY"
neutral_761.jpg,Neutral,Neutral,0.9583133,OCR,0.5,"How
ANESTHESIA
TEDED
WORKS"
neutral_117.jpeg,Neutral,Neutral,0.6278032,BLIP,0.5,a man with glasses and a sweater
negative_848.jpg,Negative,Negative,0.891945,OCR,0.5,"Life After
Nuclear
Meltdown
in Fukushima
Collection
VICE World News"
neutral_157.jpeg,Neutral,Neutral,0.6949628,BLIP,0.5,a woman is holding a magni and looking at a trash can
neutral_080.jpg,Neutral,Neutral,0.6972562,OCR,0.5,FA
negative_855.jpg,Negative,Negative,0.95638597,OCR,0.5,"NUCLEAR
DISASTER?
9
NEWS"
negative_857.jpg,Negative,Negative,0.9320915,OCR,0.5,"Dw
Desperate situation
in Kherson region"
neutral_193.jpg,Neutral,Neutral,0.82436097,OCR,0.5,"When my sister cooked for the first
time.
*me
venus"
positive_054.jpeg,Positive,Positive,0.90687513,OCR,0.5,"You know you are on
the right track when you
become uninterested
in looking back.
- Via (Dark Secrets)"
neutral_370.jpg,Neutral,Neutral,0.95624423,OCR,0.5,"WHAT DOES THE
FOX SAY?
ARRAY"
positive_238.jpeg,Positive,Positive,0.81230783,OCR,0.5,"Jokermotivationofficial
CRY AS HARD AS YOU
WANT, BUT MAKE SURE
WHEN YOU STOP CRYING
DON'T CRY FOR THE
SAME REASON AGAIN."
positive_988.jpg,Positive,Positive,0.92170477,OCR,0.5,"NOTHING
worth having
COMES EASY"
neutral_177.jpeg,Neutral,Neutral,0.7766783,OCR,0.5,"THAT MOMENT WHEN YOU
REALIZE
IT WASN'T A FART"
negative_490.jpg,Negative,Negative,0.88484144,OCR,0.5,"WAR IN
AFGHANISTAN
HOME FRONT"
positive_534.jpeg,Positive,Positive,0.786468,OCR,0.5,"Understand more,
Judge less.
A"
negative_676.jpg,Negative,Negative,0.94191957,OCR,0.5,"HELPLESS
TURKEY,
SYRIA
STARE AT
RISING
DEATH
TOLL
ITFA"
positive_713.jpg,Positive,Positive,0.9527786,OCR,0.5,"Day
Happy Youth L
Share Best Wishes and Quotes"
positive_899.jpg,Positive,Positive,0.9617347,OCR,0.5,"ENGLISH
Jagran
For all the times you've
brought a smile
and made my days seem
brighter.
Happy
• Women's Day"
negative_767.jpg,Negative,Negative,0.97568285,OCR,0.5,"FIRE AT ROHINGYA REFUGEE CAMP
12000 PEOPLE HOMELESS
TOI"
neutral_820.jpg,Neutral,Neutral,0.83287287,OCR,0.5,"ALIENS
IN THE
OCEAN
H
HISTORY."
positive_744.jpg,Positive,Positive,0.9278158,OCR,0.5,"66
A LITTLE
PROGRESS
EACH DAY
ADDS UP TO
BIG
RESULTS
99"
positive_961.jpg,Positive,Positive,0.9578735,OCR,0.5,"Happy
Mind
Happy
Life."
negative_696.jpg,Negative,Negative,0.9610213,OCR,0.5,"DELHI SHAHBAD MURDER CASE
LIVE UPDATES
LA
CALIFORNIA
RELEADER
GENERATION
INDIATV
indiatv.in"
neutral_442.jpg,Neutral,Neutral,0.84983516,OCR,0.5,"L
K
MEANING"
neutral_549.jpeg,Neutral,Neutral,0.8713634,OCR,0.5,"Other girls
happiness:
My
happiness:
Note
x
Code compiled successfully
OK
We aren't same sis!"
neutral_909.jpg,Neutral,Neutral,0.8893788,OCR,0.5,"Veritasium
Veritasium
Veri
Varitasi
ritasium
Veritasi
Veritasium
eritas
Veritasium
AGLIA
HOW DOES THIS HAPPEN?"
neutral_490.jpeg,Neutral,Neutral,0.9761276,OCR,0.5,"You got a very funny
meme on programming
And you want to share it.
You have no friend
who knows programming"
negative_479.jpg,Negative,Negative,0.9428706,OCR,0.5,CRIME
negative_400.jpeg,Negative,Negative,0.9746622,OCR,0.5,"PACIFIC
OCE
Lak
World News
Tsunami disaster"
negative_059.jpg,Negative,Negative,0.8541304,BLIP,0.5,the battle of waterloo
neutral_818.jpg,Neutral,Neutral,0.86334944,OCR,0.5,"TIMELAPSE
OF THE
FUTURE"
positive_891.jpg,Positive,Positive,0.9673202,OCR,0.5,"Nojoto
your face is a world to
me...
And...
... your smile is mah
life!!
Himanshu Chaturvedi"
negative_009.jpg,Negative,Negative,0.7330675,BLIP,0.5,a flooded street in venice
neutral_031.jpeg,Neutral,Neutral,0.9534935,OCR,0.5,"""How to pick up chicks""
Google
Bing"
positive_642.jpg,Positive,Positive,0.9573219,OCR,0.5,"I feel the best,
when I am happy.
Cool Funny Quotes.com"
positive_292.jpeg,Positive,Positive,0.97509503,OCR,0.5,"To be peaceful, sometimes
losing connection with people
and things are fine.
~Adeep"
negative_894.jpg,Negative,Negative,0.9249359,OCR,0.5,"EM
EastMojo.com
DECEASED WOMAN WEARING TRIBAL CLOTHES,
APPEARS TO BE IN MID-40S: LOCALS
ASSAM"
positive_042.jpeg,Positive,Positive,0.9764807,OCR,0.5,"Don't compare your life
to others. There is no
comparison between
the Sun and the Moon,
@Meltblogs
they shine when it is
their time."
positive_858.jpg,Positive,Positive,0.9047889,OCR,0.5,"Never
LEX regret
EXPERIENCE
anything
that made
you smile.
- Mark
Twain
EVERYDAY POWER
US
AMAZING"
neutral_779.jpg,Neutral,Neutral,0.78063715,OCR,0.5,"DOWNSIZE
YOUR JEANS"
positive_055.jpg,Positive,Positive,0.75452733,OCR,0.5,"Mathematics is the
language with which God
has written the universe.
Galileo Galilei
quotefancy"
neutral_748.jpg,Neutral,Neutral,0.5104752,OCR,0.5,NORWAY
neutral_896.jpg,Neutral,Neutral,0.8899315,OCR,0.5,"IMPROVE YOUR
CRITICAL
THINKING
TEDED"
positive_563.jpeg,Positive,Positive,0.8624004,OCR,0.5,"DIRECTION IS MORE IMPORTANT
THAN SPEED. MANY ARE GOING
FAST BUT IN A WRONG DIRECTION.
@successpictures
2
جی
@successpictures
☑
@successpictures"
positive_853.jpg,Positive,Positive,0.98657936,OCR,0.5,"THE ONLY THING THAT
MATTERS THE MOST
IS YOUR HAPPINESS.
QuotesLifetime.com"
neutral_715.jpg,Neutral,Neutral,0.9097102,OCR,0.5,"IMPORT
itation...
POWERPOINT
SLIDES
00:00
00:00
0:00:10:00
01-Presentation 7"
negative_569.jpeg,Negative,Negative,0.85165,OCR,0.5,"Luo Connection
November at 15
Another one Bomb Gateway Bus going to Mpigi Gat catch Fire Click And see the
Video
GATEWAY"
positive_790.jpg,Positive,Positive,0.862152,OCR,0.5,"Hello
Monday!
New Monday
New Week
New Start
New Goals"
negative_771.jpg,Negative,Negative,0.9380195,OCR,0.5,"QGKTODAY
GK, Current Affairs & General Studies
Forest Fire in Mizoram"
negative_794.jpg,Negative,Negative,0.88136446,OCR,0.5,"OCTOBER 2016
NEWS
channel
WAR HERO OR CRIMINAL?
FORMER GREEN BERET CHARGED WITH MURDER
WHATEVER HAPPENED TO...?"
neutral_870.jpg,Neutral,Neutral,0.8752006,OCR,0.5,"10222 = 2 CASE
HOW TO NAVIGATE THE
TEDED
EGYPTIAN
UNDERWORLD
11&stag 2 1 0 2 2 2 = = m ZF ZF"
positive_826.jpg,Positive,Positive,0.9460491,OCR,0.5,"""Smiling is the best way to
face every problem, to crush
every fear and to hide every
pain."" - Invajy"
neutral_507.jpg,Neutral,Neutral,0.5453454,OCR,0.5,"actions
speak
louder
than
Words"
positive_864.jpg,Positive,Positive,0.8722942,OCR,0.5,"My heart
skips a beat
when I think
of you.
YOUR
DICTIONARY"
positive_247.jpg,Positive,Positive,0.9609003,OCR,0.5,"if it keeps you happy, keep it quiet.
- Via (Dark Secrets)"
negative_877.jpg,Negative,Negative,0.7500696,OCR,0.5,"YOUNG DOLPH'S
KILLER FOUND DEAD
THE BREAKFAST
CLUB
RUMOR
REPORT"
positive_798.jpg,Positive,Positive,0.9396411,OCR,0.5,"Smile at strangers
and you just might
change a life.
Steve Maraboli
EVERYDAY POWER"
neutral_686.jpg,Neutral,Neutral,0.8626644,OCR,0.5,"WINNER 3 YEARS IN A ROW!
SHOPPERS BEST PLACE TO BUY
CHOKE
2006 ONLINE
SOFTWARE
PERIPHERALS
-CORE COMPONENTS
Endless Selection
Discover Newegg.com - Your Notebook Headquarters
Toshiba Satellite
A305-$6844 Notebook
Intel Core 2 Duo T8100 (2.10GHz)
15.4"" Wide XGA-34-114-459
Lenovo IdeaPad U110
Notebook
11.1"" display with frameless
screen
lenovo
TOSHIBA
Sony VAIO TZ Series
VGN-TZ298N/X Notebook
Intel Core 2 Duo U7700 (1.33GHz)
11.1"" Wide XGA 2GB-34-117-636
HP dv9830us Notebook
Intel Core 2 Duo T5550 (1.83GHz)
17.0"" Wide XGA+ -34-147-654
WE
HAVE
WHAT
YOU NEED
PRICE • SERVICE • SELECTION
NO PAYMENTS FOR 6 MONTHS with your Newegg.com Preferred Account
See website for more information. Promotion ends 07/31/08
newegg.com
ONCE YOU KNOW, YOU NEWEGG.""
€2000-2008 Newegg Inc. All rights reserved. Pricing and Availability Prices good from 05/13/08 to 07/13/08 or while supplies last, Prices, availability and terms of offers may change without notice. Taxes and shipping charges, if applicable, are not shown
Newegg is not responsible for pricing or other errors and reserves the right to cancel orders arising from such errors. All items sold as retail unless otherwise noted OEM products may be sold without packaging documentation or other articles. ""See
Newegg.com website for more information on promotion end dates for the Newegg.com Preferred Account"
negative_469.jpeg,Negative,Negative,0.9023459,OCR,0.5,"ORDER of BATTLE
WORLD WAR II"
negative_890.jpg,Negative,Negative,0.96215904,OCR,0.5,"INDIA
TODAY
आर्यभट्ट महाविद्यालय
ARYABHATTA COLLEGE
UNIVERSITY OF DELHI
Benito Juarez Marg, South Campus, New Delhi-110021
DELHI UNIVERSITY STUDENT
STABBED TO DEATH"
neutral_104.jpeg,Neutral,Neutral,0.8487689,OCR,0.5,"t
WE POST FROGS TODAY, SIR
V"
neutral_055.jpeg,Neutral,Neutral,0.8299427,OCR,0.5,"Bees AL
Public - + Album
O Off->
Stop acting like broken
When you're chilling in real life
thebeesalxp_21"
positive_683.jpg,Positive,Positive,0.9786409,OCR,0.5,"""Be a Good Person
But
Don't Try to Prove it"""
positive_887.jpg,Positive,Positive,0.98144114,OCR,0.5,"Every time you
smile at someone,
it is an action of
love, a gift to
that person, a
beautiful thing.
-
- Mother Teresa
YourSelf
Quotes"
negative_682.jpg,Negative,Positive,0.51427317,OCR,0.5,"UG
TIME DOESN'T REALLY HEAL
THE HEART. IT JUST MAKES THE
HEART FORGET ALL THE PAIN.
www.Funylife.in"
positive_932.jpg,Positive,Positive,0.83703935,OCR,0.5,"overallmotivation.com
I LOVE THOSE RANDOM MEMORIES
THAT MAKE ME SMILE."
positive_781.jpg,Positive,Positive,0.90093386,OCR,0.5,"DARE TO LIVE
the life
YOU'VE ALWAYS
WANTED"
neutral_712.jpg,Neutral,Neutral,0.8167201,OCR,0.5,"Dumbbell
only 1 person
could lift"
neutral_804.jpg,Neutral,Neutral,0.9349241,OCR,0.5,"5 Things Every
Programmer Needs"
positive_685.jpg,Positive,Positive,0.88087994,OCR,0.5,"BURNLAB
eza
#readytosweat
THE ONLY BAD
WORKOUT IS THE ONE
THAT DIDN'T HAPPEN.
7.5KG
BURNLA"
negative_393.jpeg,Negative,Negative,0.88570285,OCR,0.5,"'Vayu' To Make
Landfall In Gujarat
ABP
न्यूज़"
neutral_202.jpg,Neutral,Neutral,0.7324894,OCR,0.5,"Nakshtra Tiwari
@sab_par_bhari
She:hum dono M kya rista hh..
He:rista to do logo M hota hh,
hum dono to ek hh..
15 y/o nibbi:
Translate Tweet"
positive_872.jpg,Positive,Positive,0.96923876,OCR,0.5,"On this Thursday, let your
passion fuel your actions and
lead you to your purpose.
Happy Thursday
ayar Maze.com"
neutral_821.jpg,Neutral,Neutral,0.62828743,OCR,0.5,"IRANIAN
DNA
HISTORY
ANCESTRAL
BREWI"
negative_088.jpeg,Negative,Negative,0.7469312,OCR,0.5,"BAD
NEWS!"
neutral_845.jpg,Neutral,Neutral,0.94453716,OCR,0.5,"www
CO
CAN YOU
SOLVE
THE TEMPLE
RIDDLE?
TEDED"
negative_896.jpg,Negative,Negative,0.9359362,OCR,0.5,"sky news
NOTTINGHAM: MAN
CHARGED WITH
THREE MURDERS
K"
positive_905.jpg,Positive,Positive,0.9285153,OCR,0.5,"When I fell in love
with you I realized
I wanted to spend the
rest of my life with you."
negative_163.jpeg,Negative,Neutral,0.5943223,BLIP,0.5,a pair of gold and red rhine bangies
negative_367.jpg,Negative,Negative,0.9858756,OCR,0.5,"Pictures: Colin McPherson
Fighting for life
FIVE neighbours from a
quiet Edinburgh suburb are
in hospital today after two
road smashes.
The families, from Saughton Mains,
had to be cut free from the wreckage
of their cars after horrifying head-on
collisons which happened just hours
apart.
Both families were travelling in
Ford Sierra cars when the accidents
happened
CRASH ONE: In the centre of Edin-
burgh, left 49-year-old Linda Monroe
fighting for her life in the Western
General Hospital with serious head
injuries.
She was a passenger in the car with
her husband and teenage son when it
was involved in a four-car crash on
the West Approach Road at 2.15pm
yesterday.
Alive
Mrs Monroe was unconscious as
firemen spent more than 30 minutes
cutting her free from the wreckage.
She was today in a ""critical"" condi-
tion in the Western General Hospital
Her husband John (65) was also
trapped but remained conscious dur-
ing most of his ordeal despite agonis-
ing leg injuries.
He helplessly watched efforts to
keep his wife alive.
The couple's 13-year-old son, also
John, was a passenger in the back of
the car and was taken to hospital.
Both father and son were today
""satisfactory"" in Edinburgh Royal
Infirmary.
RESCUERS:
The
e emergency
services staged
a combined
operation as to
free the
trapped crash
victims from
the wreckage
after
yesterday's first
accident.
Near neighbours injured in
separate head-on crashes
AFTERMATH: The remains of the Monroes' dar. Fire crews used specialised cutting equipment to help free them.
by SCOTT DOUGLAS
The family, from Saughton Mains
Place, were travelling towards the
city centre when the accident hap-
pened
Jayne Beck (28), from Tranent, the
driver of a Red Star delivery van was
taken to hospital and later released,
as were Hung Cheung Ng (36), of
Laichpark, in Chesser, and James
Park (41) of Ashley Grove, whose
vehicles were also involved in the
accident.
CRASH TWO: Came a few hours
later, at around 7pm, when husband
and wife William and Elizabeth
Russell of nearby Saughton Mains
Gardens, were involved in a head on
collision with another car at Ber-
wick-upon-Tweed.
Again firefighters had to use cutting
gear in a delicate operation to free
the victims from the mangled
remains of their and the couple were
taken to Edinburgh Royal Infirmary.
Mr Russell suffered leg, chest and
facial injuries. His wife suffered arm
injuries. Today both were ""stable""
The driver of the other car Brian
Short (33). of Mansfield Road,
Tweedmouth, Berwick, suffered
multiple injuries and was today
""serious"" in Edinburgh Royal Infirm
ary."
positive_193.jpg,Positive,Positive,0.962745,OCR,0.5,"May your Christmas
be filled with love.
Merry
Christmas.
ShortStatusQuotes.com"
neutral_832.jpg,Neutral,Neutral,0.9321706,OCR,0.5,"0
HOW
THOR
TEDED
GOT HIS
HAMMER"
neutral_667.jpg,Neutral,Neutral,0.7240879,OCR,0.5,"BEST CAR
FOR RENT
TODAY
MICHEL
$59,99
0"
positive_623.jpeg,Positive,Positive,0.9580723,OCR,0.5,"The struggle you
are in today is
developing the
strength you need
@Motivational Life
for tomorrow."
positive_012.jpeg,Positive,Positive,0.98713386,OCR,0.5,"Don't just be good
to others. Be good to
yourself too
(Wonders Diary)
www.wondersdiary.com"
positive_792.jpg,Positive,Positive,0.84073424,OCR,0.5,"66
Impossible
is for
the unwilling.
www.rishikajain.com"
positive_706.jpg,Positive,Positive,0.8881458,OCR,0.5,"TeachersDayWishes.com
HAPPY
TEACHER'S DAY
You are an amazing teacher, and
you only deserve the best.
HIOX"
neutral_588.jpeg,Neutral,Neutral,0.9546669,OCR,0.5,"Using your PC
At Day
At Night"
neutral_430.jpeg,Neutral,Neutral,0.5412956,OCR,0.5,"My next relationship will
be private
cause it's my ex again"
neutral_421.jpg,Neutral,Neutral,0.83665025,OCR,0.5,"Finally, an anime I can relate to"
neutral_866.jpg,Neutral,Neutral,0.9388696,OCR,0.5,"TEDED
DOES TIME EXIST?"
negative_815.jpg,Negative,Negative,0.9057416,OCR,0.5,"Bengaluru Mass Molestation
INDIA
TODAY"
positive_903.jpg,Positive,Positive,0.85081375,OCR,0.5,"pretty, rich and famous.
Me?
I just want to be happy.
EnlighteningQuotes.com"
positive_916.jpg,Positive,Positive,0.76313823,OCR,0.5,"COOKING WAS NEVER MY PASSION
UNTIL I KNEW YOUR FAVORITE FOOD.
Pickup Lines
For Girl
feeding trends.com
BB
B"
neutral_928.jpg,Neutral,Neutral,0.94165653,OCR,0.5,"HOW IS THIS POSSIBLE?
wwwwwwwwwwwww"
positive_506.jpeg,Positive,Positive,0.9522294,OCR,0.5,"The distance between dreams
and reality is called discipline.
-Unknown
@Inspirational Quotes 720"
positive_658.jpg,Positive,Positive,0.88353086,OCR,0.5,"Fit is not a destination.
It's a way of life."
positive_311.jpg,Positive,Positive,0.9836656,OCR,0.5,"india.com
MAY YOUR PLATE OF LIFE
BE ALWAYS FULL OF JUICY
KABABS & TIKAS, TOPPED WITH
THE CHUTNEY OF HAPPINESS.
WITH BEST EID WISHES,
HAPPY EID!
Eid Mubarak"
negative_069.jpg,Negative,Negative,0.830407,BLIP,0.5,a group of soldiers walking through a field
neutral_197.jpeg,Neutral,Neutral,0.85119283,OCR,0.5,"VAGUE FACEBOOK POSTS
IN REAL LIFE"
neutral_053.jpeg,Neutral,Neutral,0.7060462,OCR,0.5,"WHAT IF I TOLD YOU,
WE ALL HAVE PROBLEMS
SOME OF US JUST CHOOSE
NOT TO POST THEM ON FACEBOOK"
negative_866.jpg,Negative,Negative,0.7045568,OCR,0.5,"BODY PARTS FED TO
STRAY DOGS
INDIA
TODAY"
positive_675.jpg,Positive,Positive,0.6620772,OCR,0.5,"Two years later and
we're just as in love as
111
the day we said 'I do.""
woman's day"
neutral_785.jpg,Neutral,Neutral,0.95083606,OCR,0.5,"SHADER
ART CODING
void mainImage( out vec4 fragColor, in vec2 fragCoord ) {
vec2 uv = (fragCoord 2.0 iResolution.xy) / iResol
float d length(uv);
d = sin(d);
d = abs(d);
d = smoothstep(0.0, 0.1, d);
fragColor vec4(d, d, d, 1.0);
о"
neutral_237.png,Neutral,Neutral,0.80730265,OCR,0.5,"Academic Position
1 Senior professor
2 Professor
Frequency Percentage
24
5.9
65
15.9
3 Associate professor
08
2.0
4 Senior lecturer grade I & II
258
63.2
5 Lecturer/Lecturer (Probationary)
53
13.0
Total
408
100"
negative_495.jpg,Negative,Negative,0.90648574,OCR,0.5,"WATER
OVER
ROAD"
negative_644.jpg,Negative,Negative,0.54984355,OCR,0.5,"People keep telling
me that life goes on,
but to me that's the
saddest part.
scrolldroll.com"
negative_579.jpg,Negative,Negative,0.56277037,OCR,0.5,"Deleting a
single row from
a production
database.
1,249
records
affected."
negative_092.jpeg,Negative,Neutral,0.4915348,OCR,0.5,OH NO... NO!
positive_825.jpg,Positive,Positive,0.97533154,OCR,0.5,"Your smile may be the
only smile a child sees
today. Smile a lot.
linepoetry.com"
neutral_911.jpg,Neutral,Neutral,0.8828811,OCR,0.5,"1
MILLION
POUNDS"
neutral_047.png,Neutral,Neutral,0.91884947,OCR,0.5,To
neutral_522.jpg,Neutral,Neutral,0.8144016,OCR,0.5,"mother
she
me
from
rust
S
seч need
g
breast
cook
milk out
rain
rock
this
delí
6
delicate 01
honey
language
trud my said
symph
hit moan
rin
and
egg
ao
f-1+
not
let
nese
unip
your
sleep
there
take
ful s
ha
finge
sausage
death
above moon the
ship
the
stare
am skin
boy
like
smooth
blow
juice
read
must
behind
all
drool
petal
bed
day
som
id like"
negative_868.jpg,Negative,Negative,0.65654135,OCR,0.5,"KILLER
PILOT
TRICKS
JURY
DR.
GRANDE"
positive_638.jpg,Positive,Positive,0.9832461,OCR,0.5,"The happiness
of your life depends on
the quality of your
thoughts
~Marcus Aurelius
To legally use for training,
presentations or any
other purpose please
purchase at
www.OpenTheMeeting.com
Purchased video does not
include the above statement."
neutral_746.jpg,Neutral,Neutral,0.8796681,OCR,0.5,"х
BEFORE
по
GX
4(4
775242
고
30%
MATHS
SECRET HACK!
13/2
+26312
AFTER
95%"
negative_784.jpg,Negative,Negative,0.96423894,OCR,0.5,"Forest fire
breaks out near
Tamil Nadu's
Kodaikanal
hills"
neutral_846.jpg,Neutral,Neutral,0.83795035,OCR,0.5,"WHY ARE
SOME PEOPLE
LEFT-HANDED?
TEDED"
positive_715.jpg,Positive,Positive,0.9493349,OCR,0.5,"Good Morning
Have a Great Day
www.AllQuotesicon.com"
neutral_720.jpg,Neutral,Neutral,0.76392287,OCR,0.5,"W
HEADLINE
COMPANY
Header
TO WHOM IT MAY CONCERN
www.yourwebsite.com
098-123-3456
enail@nyemail.com
1 Your Street
A Town Somewhere
County or District
State
Zip/Postcode
Video provides a powerful way to help you prove your point. When you click Online Video,
you can paste in the embed code for the video you want to add. You can also type a
keyword to search online for the video that best fits your document.
To make your document look professionally produced, Word provides header, footer, cover
page and text box designs that complement each other. For example, you can add a
matching cover page, header and sidebar. Click Insert, then choose the elements you want
from the different galleries.
Themes and styles also help to keep your document coordinated. When you click Design
and choose a new Theme, the pictures, charts and SmartArt graphics change to match your
new theme. When you apply styles, your headings change to match the new theme.
Cause nime in Word with now hittees that shoe on where ins and them. In chenne she was
HEADLINE
COMPANY
LETTERHEAD
DESIGN
IN HEADERS
& FOOTERS"
positive_147.jpg,Positive,Neutral,0.62055266,BLIP,0.5,a man in a suit and tie smiling
positive_828.jpg,Positive,Positive,0.9552299,OCR,0.5,"66
Smile, it's free
therapy."
neutral_696.jpg,Neutral,Neutral,0.9279069,OCR,0.5,"Compatible
with Illustrator
Laptop
Mockup
• High Quality
⚫ 100% Vector | EPS10
⚫ Realistic Design
dreamstime"
negative_806.jpg,Negative,Negative,0.7399378,OCR,0.5,"ANOTHER COVID WAVE SOON?
INDIA
TODAY
NEWS
MO"
positive_486.jpg,Positive,Positive,0.6933695,OCR,0.5,"Quiet now
Dear Animals
kathauna-cot
All Humans Are Not the Same."
positive_419.jpeg,Positive,Positive,0.9048096,OCR,0.5,"No one else would understand our relationship,
and no one else in this world
would understand me the way you do.
Happy Anniversary!
-UltraUpdates.com
230+ Happy Anniversary Status For Wife"
positive_676.jpg,Positive,Positive,0.8925836,OCR,0.5,"66
One year down,
forever to go.
woman's day"
positive_363.jpeg,Positive,Positive,0.5013777,OCR,0.5,"Perfect bands don't exi--
A"
positive_695.jpg,Positive,Positive,0.95543885,OCR,0.5,"I KNOW MY PRIORITIES
THAT'S WHY I AM HAPPY.
QuotesLifetime.com"
positive_066.jpg,Positive,Negative,0.52025944,BLIP,0.5,a group of people standing around a shack
neutral_072.jpg,Neutral,Neutral,0.62560296,BLIP,0.5,a boat is sitting on the shore of a lake
positive_730.jpg,Positive,Positive,0.9895534,OCR,0.5,"You attract the
energy that you give off.
Spread good vibes. Think
positively. Enjoy life.
Power of Positively"
positive_900.jpg,Positive,Positive,0.9615575,OCR,0.5,"Good EveningSms.com
GOOD EVENING
Share your smile with the World
HIOX"
negative_841.jpg,Negative,Negative,0.7569983,OCR,0.5,"THE
SINKING
STATE?
INDIA
TODAY"
negative_887.jpg,Negative,Negative,0.9847169,OCR,0.5,"ANGER OVER GRUESOME
HIMACHAL KILLING
NEWS 18
Click
SHULT IS WITH CAMERA"
neutral_850.jpg,Neutral,Neutral,0.81439793,OCR,0.5,"HOW DO
TORNADOES
FORM?
TEDED"
negative_283.jpg,Negative,Negative,0.9692167,OCR,0.5,"SINGHU MURDER:
IDETAINED, ISURRENDERS"
positive_120.jpeg,Positive,Positive,0.8305506,OCR,0.5,"LIFE IS TOO SHORT TO HIDE
THINGS. DON'T BE AFRAID TO
SAY WHAT YOU FEEL.
@successpictures
' |\
@successpictures"
neutral_738.jpg,Neutral,Neutral,0.9212191,OCR,0.5,"2018
Lay's
India's Magic
Masala
20
2023
lays
India's Magic Masala
airtel 2GB FREE DATA"
negative_025.jpg,Negative,Negative,0.7117679,BLIP,0.5,a group of people walking on a road
negative_872.jpg,Negative,Negative,0.9512385,OCR,0.5,"HT
KHALISTAN
PANNUN NEXT AFTER KHALISTAN
RADICAL NIJJAR SHOT DEAD?
INDIAN"
positive_269.jpg,Positive,Positive,0.9523971,OCR,0.5,"Put the past behind you.
Concentrate on the future
- Via (Dark Secrets)"
negative_372.jpeg,Negative,Negative,0.9787073,OCR,0.5,"MUMBAI-AGRA HIGHWAY
C
P
Accident claims lives of five""
doctors in Nashik, one injured
The six were returning to Pimpalgaon Baswant after attending a meet
DOCTORS
end
The and the
sbdel
hande
ecossed the bod"
positive_137.jpeg,Positive,Positive,0.81980693,OCR,0.5,"(43)
CHWWW
Don't let
people know
too much
about you."
negative_068.jpeg,Negative,Negative,0.86546826,BLIP,0.5,a group of soldiers in a field with helicopters flying overhead
positive_135.jpeg,Positive,Positive,0.96851164,OCR,0.5,"lifemello
Every situation in life
is temporary.
So, when life is good,
make sure you enjoy and
receive it fully.
And when life is not good,
remember that it will not
last forever and better
days are on the way."
positive_849.jpg,Positive,Positive,0.972087,OCR,0.5,"""SMILE to change
the World, don't let
the World change
your SMILE.""
- Sandeep Maheshwari
www.yourselfquotes.com"
negative_505.jpeg,Negative,Negative,0.9650866,OCR,0.5,"alamy
alamy
alamy
onese
suicide bomber
attack, ko
explosion
afamy"
positive_603.jpeg,Positive,Positive,0.893062,OCR,0.5,"Listen closely to yourself when
you're feeling uncomfortable.
Honor your needs.
- Via (Dark Secrets)"
positive_977.jpg,Positive,Positive,0.961072,OCR,0.5,"❝❝ WE MAY
ENCOUNTER
MANY
DEFEATS
BUT WE MUST
NOT BE
DEFEATED.""
-Maya Angelou"
negative_813.jpg,Negative,Negative,0.9405903,OCR,0.5,"間
RESUSCITATION
INDIA
TODAY
MOOSE WALA SHOT DEAD
ICONIC SINGER MURDERED
INDIA
TODAY
SHOCKING GANG ATTACK
MANN WITHDREW SECURITY"
negative_118.jpg,Negative,Negative,0.97313523,BLIP,0.5,the plane that crashed in the philippines
neutral_036.jpeg,Neutral,Neutral,0.6240328,OCR,0.5,"Spice
a alamy stock photo
alam
a
R
alany
alac"
neutral_721.jpg,Neutral,Neutral,0.7960872,OCR,0.5,"dreamstime.
GRAPE"
positive_719.jpg,Positive,Positive,0.9474092,OCR,0.5,"SMILE AND
HAVE A GREAT DAY!
DIGITAL MOMBLOGES"
negative_575.jpg,Negative,Neutral,0.90565544,OCR,0.5,"when you accidentally open a
message and now you have to reply"
positive_885.jpg,Positive,Positive,0.92262596,OCR,0.5,"Isn't it nice to think
that tomorrow is a
new day with no
mistakes in it yet?
Anne of Green Gables by L.M. Montgomery
inside of happiness.com"
neutral_835.jpg,Neutral,Neutral,0.8853475,OCR,0.5,"TEDED
E=mc2
CAN YOU SOLVE
EINSTEIN'S RIDDLE?"
positive_716.jpg,Positive,Positive,0.90713847,OCR,0.5,"66
Happy Brother's Day dear. You are
my first and forever best friend.
www.bigenter.info"
positive_956.jpg,Positive,Positive,0.9249678,OCR,0.5,"Don't Cry
BECAUSE IT'S OVER
Smile X
BECAUSE IT HAPPENED
Х Х
=
X"
positive_677.jpg,Positive,Positive,0.90930897,OCR,0.5,"Life doesn't
come with a
manual
it
comes with a
mother."
positive_943.jpg,Positive,Positive,0.8829402,OCR,0.5,"www.THOUGHTS.com
BE
THEBEST
VERSION
OF YOU"
positive_423.png,Positive,Positive,0.8448991,OCR,0.5,Shaadi Celebrations
positive_705.jpg,Positive,Positive,0.8648246,OCR,0.5,"HAPPY
FATHER'S
DAY
The power of a dad in a child's life
is unmatched."
negative_736.jpg,Negative,Negative,0.97970605,OCR,0.5,"Hindustan Times
New thithi Monday, December 27, 2004 Mar 1.30
MORNING AFTER CHRISTMAS...
Tsunami smashes Asia
EVASTATION CM"
negative_714.jpg,Negative,Negative,0.9846841,OCR,0.5,"DNA
NATURAL
DISASTERS IN
2022: INDIA
LOST 1,098 LIVES"
negative_847.jpg,Negative,Negative,0.8852049,OCR,0.5,"Dw
35 years of
Bhopal"
positive_777.jpg,Positive,Positive,0.9592619,OCR,0.5,"THINGS MAY COME TO
THOSE WHO WAIT,
BUT ONLY THE THINGS
LEFT BY THOSE WHO
HUSTLE.
Abraham Lincoln"
neutral_699.jpg,Neutral,Neutral,0.89441615,OCR,0.5,"Which electronics should you unplug
when not in use?
Laptops and computers
TVs and gaming systems
Small kitchen appliances
Phone chargers
Lamps/lighting fixtures
Constellation.
An Exelon Company"
negative_597.jpeg,Negative,Negative,0.7977383,OCR,0.5,"ST
In a bid to garner Christine support for the ruling party dictatorship and
possibly tum Singapore imo a Christian state, the PAP goverment will be
weblower who exposed the AP candidate's Christ
since been acted and facing police charges for ""Tabricating fe
Chi The C
As the
Loong
FALSE
tion Depe
is under or Prim
oral, the
ions in Singar ane rigged and RA
The Ma
sted fo
didate
Christian evangelist Racel
Ong Sin Yen
ngapore States Times"
positive_724.jpg,Positive,Positive,0.9905825,OCR,0.5,"THEY SAY A PERSON
NEEDS JUST THREE THINGS
TO BE TRULY HAPPY IN THIS
WORLD: SOMEONE TO
LOVE, SOMETHING TO DO,
AND SOMETHING
TO HOPE FOR.""
Tom Bodett"
negative_820.jpg,Negative,Negative,0.93224585,OCR,0.5,"VANTAGE
TAKE ON THE WORLD
ON
Firstpost
FLOODS & VOLCANIC
FIRE IN ITALY"
neutral_709.jpg,Neutral,Neutral,0.865909,OCR,0.5,"PowerPoint
for
Beginners
RAMGOPAL
Presentation-Process.com
P"
negative_357.jpeg,Negative,Negative,0.95797855,OCR,0.5,"WION
COVID-19 CASES IN
INDIA"
positive_132.jpeg,Positive,Positive,0.9785019,OCR,0.5,"You glow differently
when you have good
people with good
intentions in
your life.
(Thoughts Wonder)"
neutral_913.jpg,Neutral,Neutral,0.8960539,OCR,0.5,"631374
56765
35
64635
326537667768
67883
45625
486243795
42426
464766
56856868
8833557
247624379
66852
547344
5544
47
568557 77
685
6
4.2
5213
666
4369
52248
12683
77
EPIC MATH DUEL
8635
3647
177
3159
2.2.2
7.2
46
468
23"
neutral_006.jpeg,Neutral,Neutral,0.9275631,OCR,0.5,"C
WOLM INDUSTRY
PELESE SED
FROR
FRESSER
What is needed for a
good relationship?
Primary Keys"
positive_963.jpg,Positive,Positive,0.99063534,OCR,0.5,"Happy are those who take
life day by day, complain
very little, and are thankful
for the small things
in life.
Daily funny Quotes.com"
negative_019.jpg,Negative,Negative,0.92833185,BLIP,0.5,a woman carrying a child in a flooded street
positive_074.jpg,Positive,Positive,0.4548001,OCR,0.5,O Pierre-Emmanuel MICHEL
positive_839.jpg,Positive,Positive,0.7923567,OCR,0.5,"Smile!
It increases your
face value.
ROBERT HARLING -
MEDITATIVEMIND"
positive_319.jpeg,Positive,Positive,0.97359383,OCR,0.5,"Don't give up, the beginning
is always the hardest.
@Inspirational Quotes 720"
neutral_926.jpg,Neutral,Neutral,0.8171476,OCR,0.5,"RE
200-300
300
400
-200
100
LIQUID
NITROGEN
EN"
neutral_663.jpg,Neutral,Neutral,0.7893728,OCR,0.5,"MONDAY
& TUESDAY
ONLY
WITH THIS COUPON
BUY 1, GET 1
FREE
ALL SHOES
Buy one and get one of equal
or lesser value FREE
Have a Smartphone?
Save this coupon to your phone
by using the NeoReader App
on your iPhone, Blackberry,
or Android to scan the QR
code at the right
VERY
FINE SHOES
SCAN
IT
Download Free Neoreader App"
negative_859.jpg,Negative,Negative,0.79404867,OCR,0.5,"DW
Water in
short supply"
positive_687.jpg,Positive,Positive,0.94872415,OCR,0.5,"I don't want a perfect life.
Jwant a happy life.
QImagine Quotes
www.imainequotes.com"
positive_161.jpg,Positive,Neutral,0.59478116,BLIP,0.5,a woman with a tennis racket and a tennis racket
neutral_859.jpg,Neutral,Neutral,0.8435123,OCR,0.5,"THE MYTH OF
PANDORA'S BOX
TEDED"
negative_804.jpg,Negative,Negative,0.7164706,OCR,0.5,"All war is a symptom of man's
failure as a thinking animal.
JOHN STEINBECK"
neutral_551.jpg,Neutral,Neutral,0.75712574,OCR,0.5,"your account has
been locked
your account has been
locked due to suspicious
we detected suspicious
activity on your account
ALERT!
your account has
been locked
ALERT!
your account has
ALERT!
been locked"
neutral_273.jpeg,Neutral,Neutral,0.8770312,OCR,0.5,"POST 2 HAND
ADVERTISING & MARKETING SERVICES"
positive_845.jpg,Positive,Positive,0.95529985,OCR,0.5,"Shayarisove
Smile, smile at your mind as
often as possible. Your smiling
will considerably reduce vOUP
mind's tearing tension."
positive_538.jpeg,Positive,Neutral,0.8367833,OCR,0.5,"DIFFERENT DEPICTIONS OF HALLUCIGENIA
BY LINARYTHISMS
(Conway Morris, 1997)
(Ramsköld, 1992)
(Smith & Caron, 2015)
(Isayama, 2020)
LinaryThisms"
positive_167.jpg,Positive,Positive,0.9693742,OCR,0.5,"You Cannot Change Your Future, But
You Can Change Your Habits, And
Surely Your Habits Will Change Your
Future.
APJ ABDUL KALAM
≈
Statustown.com"
positive_607.jpg,Positive,Positive,0.9351182,OCR,0.5,"Don't be upset with people
and situations in your life,
because both are powerless
without your reaction.
@InspirationalQuotes720"
negative_001.jpg,Negative,Negative,0.92036843,OCR,0.5,"STOP WAR
UKRAINE
IN
Слава Україні!
MAKE
NOT"
negative_710.jpg,Negative,Negative,0.93022525,OCR,0.5,"News
WATCH: Social media
influencer criticised for video
reenacting true murder case"
neutral_399.jpeg,Neutral,Neutral,0.8039364,OCR,0.5,"N
KB7Z
MI
B
M
N
A
E
CONFUSION
Z G
FUS
A
850
I
ON
NAH
H
HHRW
403
RW
YHYR
TI
AYK
EHA
EL
Y
с
H
O A
OR"
negative_805.jpg,Negative,Negative,0.8921975,OCR,0.5,"US 7th FLEET
ENTERED CHINA SEA!
BREAKING
NEWS TENSIONS RISE BETWEEN CHINA AND US"
neutral_467.jpg,Neutral,Neutral,0.9378589,OCR,0.5,"PROGRAMMING LANGUAGES
VS USER COUNT
JS
JavaScript
11.7 Million
Python
8.2 Million
Java
7.6 Million
C++
6.3 Million
Swift
2.1 Million
Ruby
1.8 Million"
negative_593.jpeg,Negative,Neutral,0.6428852,OCR,0.5,"When you ask your husband if he's cheating
on you but he just hits you in the face
All right, then. Keep your secrets."
neutral_097.jpeg,Neutral,Negative,0.62169105,BLIP,0.5,a speedboat speeding across the water
negative_280.jpg,Negative,Negative,0.97625816,OCR,0.5,"INDIA
TODAY
CRIME NEWS
INSTA POST
SPARKS
MASS MURDER IN
MADHYA PRADESH"
neutral_612.jpg,Neutral,Neutral,0.7959379,OCR,0.5,"COOL STORY,
BRO...
QuotesBook.com"
negative_124.jpeg,Negative,Neutral,0.86493766,OCR,0.5,"амс
EL CAMINO
What the hell is this?
What?
This is my product"
negative_743.jpg,Negative,Negative,0.91575396,OCR,0.5,"WORLD WAR III
WARNING
Today
9
NEWS"
negative_851.jpg,Negative,Negative,0.9819419,OCR,0.5,"NDTV
3 Trains Involved
In Freak Accident"
positive_796.jpg,Positive,Positive,0.98555243,OCR,0.5,"Always wear a smile,
because your
smile is a
reason for
many others
to smile
Winnie The Pooh
KEVMRC.COM"
positive_1018.jpg,Positive,Positive,0.99171114,OCR,0.5,"EmilysQuotes.Com
""Be happy. Be who you wanna be.
If others doesn't like it, then let them be.
Happiness is a choice.
Life isn't about pleasing everybody."
positive_609.jpg,Positive,Positive,0.96630627,OCR,0.5,"I have found that if you love life,
life will love you back.
- Arthur Rubinstein
@InspirationalQuotes720"
positive_057.jpg,Positive,Neutral,0.5201747,OCR,0.5,Lubo
negative_470.jpeg,Negative,Negative,0.96955186,OCR,0.5,PRAY FOR KERALA
negative_789.jpg,Negative,Negative,0.6724957,OCR,0.5,"""I am crying for more and more
disasters, for bigger calamities, for
grander failures. I want the whole world
to be out of whack, I want everyone
to scratch himself to death.""
Henry Miller *Tropic of Cancer"" (1934)"
neutral_936.jpg,Neutral,Neutral,0.47531837,OCR,0.5,PARIS
neutral_943.jpeg,Neutral,Neutral,0.7119867,OCR,0.5,NORMAL
positive_352.jpeg,Positive,Positive,0.9720956,OCR,0.5,"Stop comparing.
Everyone's growth has
its own rhythm.
Via (Dark Secrets)"
negative_073.png,Negative,Negative,0.621623,OCR,0.5,"Branty
HORROR"
positive_134.jpeg,Positive,Positive,0.8328315,OCR,0.5,"Do not hesitate to say no.
- Via (Dark Secrets)"
positive_475.jpeg,Positive,Positive,0.926046,OCR,0.5,"live your life at your own terms.
- Via (Dark Secrets)
MINDSIGHT
DANIEL SIEEL PL.D."
positive_898.jpg,Positive,Positive,0.963048,OCR,0.5,"Your smile has this
incredible way of making
me happy.
www.bigenter.info"
positive_720.jpg,Positive,Positive,0.7315035,OCR,0.5,"GOOD
NEWS
TODAY"
neutral_091.jpeg,Neutral,Neutral,0.9621463,OCR,0.5,"What people think:
00
What it's actually is:
IPS WAL
Senpe"
positive_832.jpg,Positive,Positive,0.9254781,OCR,0.5,"30 Best Happy Quotes
Which Really
Makes You Smile"
neutral_099.jpeg,Neutral,Neutral,0.8974106,OCR,0.5,"PROBLEMS
OUTPUT
DEBUG CONSOLE
TERMINAL
mario/ $ make mario
mario.c:7:19: error: expected ')'
while (height !1-8){ get_int (""Height: "");}
mario.c:7:11: note: to match this '('
while (height !1-8){ get_int (""Height: "");}
1 error generated.
make: *** [<builtin>: mario] Error 1
mario/ $
hp"
neutral_413.jpg,Neutral,Neutral,0.95755935,OCR,0.5,"""so are you a
particle or wave?""
Light:
Perhaps"
negative_555.png,Negative,Negative,0.7459151,OCR,0.5,"DEAD
BODY
KINGZ"
positive_255.jpg,Positive,Positive,0.98105943,OCR,0.5,"Happiness comes more
easily when you feel good
about yourself without
feeling the need for
anyone else's approval."
positive_830.jpg,Positive,Positive,0.95357275,OCR,0.5,"""Be the reason
someone
smiles today."""
neutral_575.jpeg,Neutral,Neutral,0.9343884,OCR,0.5,"I was born cute
& rich. You?
PROGRAMMER
Naked!"
negative_662.jpg,Negative,Negative,0.9874085,OCR,0.5,"WALL COLLAPSED,
9 PEOPLE DIED IN LUCKNOW
Oneindia English"
negative_410.jpg,Negative,Negative,0.9620118,OCR,0.5,"Cabinet okays death for
sexual attack on minors
Govt set to amend
POCSO Act to
prevent sex abuse
against children
DNA Correspondent
correspondent@dnaindia.net
New Delhi: The Cabinet on
Friday approved death pen-
alty for aggravated sexual as-
sault against children below
the age of 18 years as part of
amendments in the Protec-
tion of Children from Sexual
Offences Act (POCSO Act).
The amendments, amount-
ing to 14 including the intro-
duction of new sections,
aims to make punishments
for crime against children
more stringent, including of-
fences in the digital space.
These include amendments
to Sections 4, 5 and 6 of the
Act to increase punishments
from seven to 10 years, from
10 to 20 years and from 20 to
life imprisonment and death.
Welcoming the amend-
ments, BJP MP Rajeev Chan-
drasekhar said that a lot needs
to be done in prosecution of
such cases. ""While these cases
are to be tried within one year,
in reality most cases take a
long time. Witnesses turn hos-
tile and the long period of in-
vestigation and prosecution
means that parents withdraw
these cases. Speedier investi-
gations will ensure justice in
STRINGENT
Death penalty in aggra-
vated sexual offences against
children below 18 years under
LAWS TO POCSO
PROTECT KIDS
these cases,"" said Chan-
drasekhar, who is also a child
rights activist.
Enakshi Ganguly of the
HAQ Centre for Child Rights
said that death penalty will
do very little to secure jus-
tice. ""Death penalty is not the
solution. Only rightful con-
viction has ever brought
down such cases. In fact,
Sections 4, 5, 6, 9, 14,
15 and 42 of POCSO to be
amended to provide an op-
tion of stringent punishment
including death penalty
Fine for not destroying child
porn material or reporting child
pornography
Protect kids from
sexual offences in
times of natural
calamities and
disasters
Punishment for
administering
hormone or chemical
substance to minors
to attain early sexual
maturity for the pur-
pose of penetrative
sexual assault
Death penalty will do very little to secure
justice. In fact, these changes will only
end up putting the lives of children in danger, as
perpetrators will end up killing them to smother
evidences
Enakshi Ganguly, co-founder HAQ
While these cases are to be tried within a
year, in reality most cases take a long
time. Witnesses turn hostile and long period of
investigation and prosecution means that
parents withdraw these cases
Rajeev Chandrasekhar,
BJP MP & child right activist
these changes will only end
up putting the lives of chil-
dren in danger, as perpetra-
tors will end up killing them
to smother evidences. This is
a populist move aimed to gar-
ner more praise ahead of the
elections,"" said Enakshi.
Amendments in Section 9
aim to provide a cover for
sexual assault of children
during natural calamities and
disasters, in addition to cases
in which they are adminis-
tered with hormones to aid in
penetrative sexual assault.
After the Kathua gan-
grape-murder case, Union
Women and Child Develop-
ment minister Maneka Gan-
dhi had proposed the
amendments. Turn to P4"
neutral_754.jpg,Neutral,Neutral,0.9610396,OCR,0.5,"wwwwwwwww
TEDED
CAN YOU SOLVE THE HAT RIDDLE?"
positive_446.jpeg,Positive,Positive,0.9676846,OCR,0.5,Be happy with what you have now
positive_738.jpg,Positive,Positive,0.986207,OCR,0.5,"""Every day may
not be good...
but there is
something good
in every day.
""
ALICE MORSE EARL
HealthyPlace.com"
positive_758.jpg,Positive,Positive,0.97564685,OCR,0.5,"Positive thoughts lead to
positive results.
Maria V. Snyder
CoolNSmart.com"
negative_746.jpg,Negative,Negative,0.9715946,OCR,0.5,"RUSSIA'S DEADLIEST
WEAPONS IN ACTION
WION
90"
positive_202.jpeg,Positive,Positive,0.94177765,OCR,0.5,"Happy
Saraswati Pooja
2076
""Devotion to the Goddess of
Wisdom & Knowledge""
Simrik Air
Always sadly at your service."
neutral_103.jpeg,Neutral,Neutral,0.89131653,OCR,0.5,"new project
*me
unfinished
projects"
neutral_623.jpg,Neutral,Neutral,0.6142882,OCR,0.5,"FOR THE LOVE OF GOD
NO MORE MEMES"
positive_847.jpg,Positive,Positive,0.9843546,OCR,0.5,"Because of your
smile, you make
life more
beautiful
LOVESOVE.COM"
neutral_677.jpg,Neutral,Neutral,0.6048469,OCR,0.5,"How
often do
you lose
power?
CROSSROAD
ELECTRIC"
neutral_673.jpg,Neutral,Neutral,0.9082858,OCR,0.5,"T
Grammar
Coach™
Spelling help
✓ Grammar check
✔ Synonym suggestions
✓ And more
Write Smarter With
Grammar Coach!
Sign Up Now"
neutral_067.jpeg,Neutral,Neutral,0.9301181,OCR,0.5,"I LOVE MANGO?
I LOVE APPLE?"
positive_795.jpg,Positive,Positive,0.9336761,OCR,0.5,"103 Smile Quotes
To Make Your Day
Better"
negative_705.jpg,Negative,Negative,0.95984954,OCR,0.5,"18
NEWS
PROBE DEEPENS IN
SHAHABAD MURDER"
positive_822.jpg,Positive,Positive,0.94557726,OCR,0.5,"You'll find that life
is still worthwhile
if you just smile.
Charlie Chaplin
EVERYDAY POWER"
negative_678.jpeg,Negative,Negative,0.9589551,OCR,0.5,"yun
TURKEY & SYRIA
EARTHQUAKE
EMERGENCY
DONATE NOW"
neutral_554.jpg,Neutral,Neutral,0.65662956,BLIP,0.5,a cloud shaped like a number 9
neutral_288.jpg,Neutral,Neutral,0.94215137,OCR,0.5,"Mom: Don't touch your
computer and mobile until
your exams are over.
Me studying software
engineering:
-sal.."
neutral_529.jpeg,Neutral,Neutral,0.9263672,OCR,0.5,"Development
derivative anticions
study used
integral
algebr
applications
time
integrals""
орный
Infinitesimal
line-
Integra
Leibniz
function
slope mathematical
we traveled w
use
university
andysis
value.
first
number
infinitesimals method
find
point
area distance
12
Retrieved theorem also s differential
one definits
મુળુ – વારાનો
culus
theory
Change"
positive_746.jpg,Positive,Positive,0.99147743,OCR,0.5,"THINK POSITIVELY
YOU WILL NEVER LOSE
BECAUSE POSITIVITY
ALWAYS WINS.
Quotes Lifetime.com"
neutral_740.jpg,Neutral,Neutral,0.7836652,OCR,0.5,"PAUSE THE VIDEO
ON THE FOLLOWING SCREEN
TO EXAMINE YOUR CLUES
AND SOLVE THE RIDDLE"
negative_066.jpeg,Negative,Negative,0.8552546,OCR,0.5,"HORROR
All the horror news
at one gravesite.
POST
www.HorrorPost.com"
negative_534.jpeg,Negative,Negative,0.90243083,OCR,0.5,"Dow shall be
liable.
WE WON'T LET YOU BURY JUSTICE.
EXTRADITE THE BUTCHER OF BHOPAL."
neutral_687.jpg,Neutral,Neutral,0.8847197,OCR,0.5,"PRODUCT
LAPTOP
MOCKUP
Lorem ipsum dolor sit amet, consectetur adipiscing elit.
Cras laoreet, magna non egestas posuere,
dui turpis egestas odio, vel varius odio felis ut leo.
Donec eget molestie nisi. Etiam varius tristique lectus.
Praesent et pellentesque lacus.
Quisque et fermentum eros, at consectetur neque.
Curabitur venenatis feugiat rhoncus. Praesent quis venenatis ex.
Etiam quis malesuada magna.
dreamstime.
Lorem ipsum dolor sit amet, consectetur adipiscing elit, sed do eiusmod tempor incididunt ut labore et dolore magna aliqua. Ut enim ad minim veniam, quis nostrud exercitation
ullamco laboris nisi ut aliquip ex ea commodo consequat. Duis aute irure dolor in reprehenderit in voluptate velit esse cillum dolore eu fugiat nulla pariatur.
Excepteur sint occaecat cupidatat non proident, sunt in culpa qui officia deserunt mollit anim id est laborum."
positive_871.jpg,Positive,Positive,0.9881501,OCR,0.5,"Good Morning
May every step you take
be filled with
hapiness, love and
peace
allpoetrylife.com"
positive_935.jpg,Positive,Positive,0.97798,OCR,0.5,"Smile at people
who
are having a
rough day!
www.Mesmerizing Quotes.com"
negative_873.jpg,Negative,Negative,0.89398366,OCR,0.5,"NDTV
NOTV
Gruesome Murder
In Mumbai"
positive_928.jpg,Positive,Positive,0.98311543,OCR,0.5,"CONCHAY TO
Live your best
life today and
every day, my bro!
Have a wonderful
birthday!
Happy Birthday
UniGreet.com"
negative_757.jpg,Negative,Negative,0.9789487,OCR,0.5,"The Times
Dispatch
TITANIC'S DEATH LIST, 1,601;
ONLY 739 LIVES ARE SAVED
CARPATHIA COMES
BRINGING DIRECT
NEWS OF DISASTER
They Am
PLAYS MY OTH"
negative_432.jpg,Negative,Negative,0.8716767,OCR,0.5,"NEWS
मुंबई में
निर्भयाकांड
NATION"
neutral_894.jpg,Neutral,Neutral,0.794572,OCR,0.5,"Ο ΥΠ
2.9
SPACE WELDING"
positive_806.jpg,Positive,Positive,0.9557029,OCR,0.5,"English Quotes
Latest Collection of Quotes
୧୧
Nothing shakes
the smiling heart. ǝa
-
- Santosh Kalwar
aa
'www.theenglishquotes.com"
negative_004.jpg,Negative,Negative,0.9056146,BLIP,0.5,a group of people walking through rubble
neutral_883.jpg,Neutral,Neutral,0.891616,OCR,0.5,"HOW FOLDING PAPER
CAN GET YOU TO
THE MOON
TEDED"
neutral_037.jpg,Neutral,Neutral,0.9782546,OCR,0.5,"Question
CSE 102
69. Write a programme to print the pattern.
1
46
9 11 13
17 19 21-23
Me
My
Answer
#include <stdio.h>
int main()
{
printf(""1\n"");
printf(""4 6\n"");
printf(""9 11 13\n"");
printf(""17 19 21 23\n"");
return 0;
Teacher"
negative_635.jpg,Negative,Negative,0.72734934,OCR,0.5,"I WISH I COULD
JUST DISAPPEAR.
THE ROAD TRIP EXPERT"
negative_546.jpeg,Negative,Negative,0.8445128,OCR,0.5,"https://m.facebook.com/message:
Kunal Jajodia Kja
Kunal Jajodia Kja (4)
on mobile
Kunal is waving at you!
Tap to wave back
Tap to wave back
Do you wanna get bashed up publicly?
Dare you post another post against our
country.
It's a warning
18 minutes ago Sent from Messenger
Write a message..."
neutral_058.jpg,Neutral,Neutral,0.76974463,OCR,0.5,xn.03smoboots
neutral_872.jpg,Neutral,Neutral,0.7806957,OCR,0.5,"00
TEDED
HOW TO
STAY CALM
UNDER
PRESSURE"
neutral_692.jpg,Neutral,Neutral,0.80585414,OCR,0.5,"OLD
LAPTOP
SALE
ASUS
hp Lenovo
Used Laptop Sale
at affordable price
9873247325
WE SALE IN :-
• Delhi,
www.oldlaptopsale.com • Noida
.Ghaziabad
.Gurugram
• Faridabad
• Greater Noida"
neutral_183.jpg,Neutral,Neutral,0.90219736,OCR,0.5,"hamjí
@apkapio
Everyone Right Now
@FarhanNitrates
•
8:00 PM - 07 May 19 Twitter for Android"
neutral_834.jpg,Neutral,Neutral,0.92533183,OCR,0.5,"CAN YOU SOLVE THE
WIZARD
STANDOFF
RIDDLE?
TEDED"
negative_313.jpg,Negative,Negative,0.98210096,OCR,0.5,"Sub Base
Accord
75 Killed As Team Plane Crashes
Expected Deaths
New York Times News Service
WASHINGTON- For seven
weeks, the United States has
been engaged in secret
diplomacy to prevent the
Soviet Union from basing
nuclear-missile submarines or
installing nuclear weapons in
the Western Hemisphere. Now
American officials believe an
understanding has been reach-
ed.
Officials said they would
regard the departure of a
Soviet submarine tender from
the Cuban port of Cienfuegos
in the coming days as proof
the Russians accept the
understanding. The vessel
normally carries spare
nuclear weapons and facilities
such as high-powered cranes
for handling submarine
nuclear arms.
The officials disputed a
report from another highly
credible source that the
tender's departure would be
within the next two or three
days.
Current discussions between
Washington and Moscow over
this issue are in such a
delicate state, officials warn-
ed, that the national interest
might be impaired by
anything Moscow might
misinterpret as an ultimatum
-even press reports.
Soviets Warned
They did confirm that the
United States has warned the
Soviet Union that anything
resembling a permanent
nuclear facility in Cuban or
other hemisphere waters
would seriously jeopardize
Mourned
At ECU
By GENE CHERRY
Staff Writer
Victory on the field came
hard for East Carolina
University Saturday as the
Pirates defeated Marshall
University 17-14 in the
season's final home game at
Greenville.
It was even harder for the
ECU team and its officials
to accept the tragic news
Saturday night that their op-
ponents plane had crashed
near Huntington, W. Va.
a
The Marshall plane,
chartered DC-9 jet, crashed
two miles west of the Hunt-
ington airport. There were no
survivors.
""Words cannot express the
sorrow we feel,"" said a shaken
ECU head coach Mike McGee.
""Our hearts and prayers go
out to their families.""
Didn't Respond
""When I first heard it, I
didn't respond. I couldn't
believe it,"" said East Carolina
University Athletic Director
Clarence Stasavich. ""I had
just talked to their athletic
director (Charles E. Kautz).
and football coach (Rick
Tolley) before they left Green-
ville around five o'clock to
board their plane in Kinston.""
""As I left the stadium after
the game. I went over and
Rick Tolley
Marshall coach
I'd be in touch about further
scheduling.""
McGee and Stasavich were
interviewed by telephone late
Saturday night.
""It makes victory a very
small thing,"" said Pirate
sports information director
John Montague.
University spokesmen said
38 players were supposed to
be aboard the plane when it
took off. The victims were
not immediately identified.
According to a traveling
roster, two members of the
Marshall team were from
North Carolina and a third
played junior college football
at Chowan College
Murfreesboro.
in
terson was a junior from
Starting tight end Bob Pat-
Louisburg. Linebacker Art
Shannon listed Greensboro as
his hometown.
Marshall
Players
On Board
From News Dispatches
KENOVA, W. Va. A
twin engine jetliner carrying
Marshall University's football
team, boosters and crew
crashed in flames into a mud-
dy hillside near here Saturday
night, killing all 75 persons
aboard, authorities reported.
The Southern Airways DC9
crashed in a ball of fire
midway up a hillside the
last hurdle for planes on ap-
proach to the nearby Tri-State
Airport.
The tragedy was ""the worst
domestic air crash this year,""
a Federal Aviation Agency
spokesman in Washington
said, and it was described
as one of the worst in history
involving an athletic team.
The crash also was the
worst in West Virginia air
travel history.
Positive identifications of
those aboard were not made,
pending transport of the
bodies from the rural scene
to a National Guard Armory
at the airport, where a
makeshift morgue was set
up.
A spokesman for Southern
Airways in Atlanta, Ga., said
the $3.5 million craft was car-
rying 70 passengers and a
crew of five. They said it
was the only plane Marshall
had chartered.
The team was returning
from Greenville, N.C., where
Hulk of airliner carrying 75 people, including Marshall football team, lies near airport
Nicky Cruz Tells Crowd
Miracle Transformed Life
By JUNE ORR
Staff Writer
Puerto Rican-born Nicky
Cruz told a packed audience
at Reynolds Coliseum here
Cruz spoke from a stage
at one end of the Coliseum
floor. The audience before him
was estimated at 7,500
persons.
Cruz said he might become
The
INSIDE
News
STATE"
negative_680.jpg,Negative,Negative,0.6274939,OCR,0.5,"MIND JOURNAL
""What is Pain?""
The moment when you realize that
you were nothing to those,
who you valued the most.
The Minds Journal
NDJOURNAL"
negative_507.jpeg,Negative,Negative,0.98790646,OCR,0.5,The Trail of the Terrorist Bombs
positive_953.jpg,Positive,Positive,0.943415,OCR,0.5,"""You're braver than
you believe, stronger
than you seem,
and smarter than
you think.”
A.A. MILNE, AUTHOR & POET
GH"
negative_837.jpg,Negative,Negative,0.96441936,OCR,0.5,"NHK WORLD
NHK NEWSLINE
12
years
after disaster:
Still Struggling"
positive_802.jpg,Positive,Positive,0.9889811,OCR,0.5,"Happiness is
everything the little things
in life."
positive_1000.jpg,Positive,Positive,0.9803165,OCR,0.5,"❝If you can dream it,
you can do it.""
WALT DISNEY"
neutral_016.jpeg,Neutral,Neutral,0.88074267,OCR,0.5,"she:
First date
me:
a"
negative_321.jpeg,Negative,Negative,0.97913194,OCR,0.5,"Charleston Daily Mail
FINAL
EDITION
Bridge Disaster Toll May Reach 46;
Shocked Pt. Pleasant Seeking Dead
Loaded With Cars,
Big Span To Ohio
Collapses In River
Of Wook Spa"
positive_011.jpeg,Positive,Neutral,0.39092016,BLIP,0.5,a group of people gathered around a cake
positive_141.jpeg,Positive,Positive,0.92007667,OCR,0.5,"Normalize distancing
yourself the moment.
they disrespect you.
-
Via (Dark Secrets)"
neutral_054.jpg,Neutral,Negative,0.68662757,OCR,0.5,AIR NEW ZEALAN
negative_535.jpeg,Negative,Negative,0.98183554,OCR,0.5,"THE UNFINISHED STORY OF
BHOPAL 1984"
neutral_497.jpeg,Neutral,Neutral,0.95281374,OCR,0.5,"11:40 PM AE
Example: Sum of Natural
Numbers
The positive numbers 1, 2, 3... are
known as natural numbers. The
program below calculates the sum
1+2+3+...+n, where n is a positive
integer.
n = 10
# initialize sum and counter
sum = 0
i = 1
while i <= n:
sum = sum+i
i
= i+1 # update counter
print(""The sum is"", sum)
Output
The sum is 55
Try It Yourself
× ∞ ☆
Next"
neutral_941.png,Neutral,Neutral,0.88762575,OCR,0.5,Facebook photo posts
positive_1010.jpg,Positive,Positive,0.98657197,OCR,0.5,"LIFE IS SHORT
Always choose
HAPPINESS
Bluebird Wishe"
neutral_026.jpeg,Neutral,Neutral,0.78447264,OCR,0.5,"@fancy_starwars
""Why are you so obsessed with Star Wars?""
""It means more to me than you will ever know."""
neutral_830.jpg,Neutral,Neutral,0.9606715,OCR,0.5,"Which is stronger:
GLUE
or
TAPE?
ᎾᎾ
TEDED"
positive_740.jpg,Positive,Positive,0.93958354,OCR,0.5,"You are so much
STRONGER
Than you think"
positive_991.jpg,Positive,Positive,0.98639107,OCR,0.5,"Life is too short to argue and
fight. Count your blessings.
Love the friends & family that
are always there for you. Smile
more often and make the most
of every day.
-
- Unknown"
positive_767.jpg,Positive,Positive,0.9686775,OCR,0.5,"The more you feed
your mind with positive
thoughts, the more you
attract great things into
your life.
Lifehayat.com"
positive_873.jpg,Positive,Positive,0.97892183,OCR,0.5,"LOVESOVE.COM
""The greatest self is a peaceful smile,
that always sees the world smiling back.""
- Bryant H. McGill"
neutral_569.jpg,Neutral,Neutral,0.8643222,OCR,0.5,"OFFICER ASKS YOU IF YOUR
HIGH
NO
quickmeme.com"
negative_483.jpg,Negative,Negative,0.6401737,OCR,0.5,"ОПЕРАЦІЙНИЙ
БЛОК
langut.uac
MMO PAS"
positive_948.jpg,Positive,Positive,0.93703794,OCR,0.5,"ARWY
STAY
STRONG
BE
POSITIVE"
neutral_323.jpg,Neutral,Neutral,0.7158653,OCR,0.5,"Me
wanting to
feel loved
My cat who was
peacefully
sleeping and now
has to deal with
my bullshit"
positive_913.jpg,Positive,Positive,0.97774494,OCR,0.5,"Rise and shine, it's a happy
Wednesday! Let your smile
light up the world today.
Happy Wednesday
ShayariMaza.com"
neutral_085.jpg,Neutral,Negative,0.60429907,BLIP,0.5,a man walking down the street
negative_089.jpg,Negative,Neutral,0.5121844,OCR,0.5,"W
KÁ 05 AG 9842
TRUCK
EVERY NEE
nd the app
Ap Store
empo new
4410"
negative_277.jpg,Negative,Negative,0.9669241,OCR,0.5,"JOURNALIST ATTACKED & ASSAULTED
R. NEWS"
positive_640.jpg,Positive,Positive,0.9686272,OCR,0.5,"QUOTEMENT.COM
""Very little is needed to
make a happy life; it is
all within yourself, in
your way of thinking.""
- Marcus Aurelius
Antoninus"
negative_652.jpg,Negative,Negative,0.5560043,OCR,0.5,"ShareChat
@Dharshini
When i am
Silent..
I talk with my
pain..
Instagram Brokenquotes.in"
positive_1003.jpg,Positive,Positive,0.97999007,OCR,0.5,"It takes a lot
of courage
to push through
hard times.
Never give up.
Good things
are coming
your way."
neutral_011.jpg,Neutral,Neutral,0.7308256,OCR,0.5,"Cooked Dried Fruit
1/2 lb - prunes apricots, or peaches
2-3 C. water
IT. lemon juice
stick cinnamon or cloved for pruxes
1. Place fruit in frater over them.
Munning
strainer & wash by
in warn water 30-40 min
2. Soak fruit
Cook slowly
3.
4.
until tender in the
same water soaked in
Add lemon juice & spice of simmer
2-3 min!
5. Cool
Vintage. Recipes/Cooked-Dried-Fruit
(4 servings)"
positive_554.jpeg,Positive,Positive,0.7563267,OCR,0.5,"100
@succe
WE FALL, WE FAIL, WE BREAK
THEN WE RISE, WE HEAL
AND WE OVERCOME."
negative_197.jpeg,Negative,Negative,0.98601425,OCR,0.5,"Chicago Daily Tribune
FINAL
ATOMIC BOMB STORY!
Tell How Deadly Weapon Was Developed
RONG SLE
AS IET PLANE
FALLS IN TEST
APS HALT TRAINS TO SMASHED CITY:
TRUMAN NEWS RAIN OF DESTRUCTION
TEKSE TRUMAN C"
negative_419.jpeg,Negative,Negative,0.9545777,OCR,0.5,"Ukraine War Update
MIRUPAMA SUBRAMANIAN"
positive_813.jpg,Positive,Positive,0.96823096,OCR,0.5,"There is fear when
frowning. There is
love when smiling.
linepoetry.com"
neutral_664.jpg,Neutral,Neutral,0.6664985,OCR,0.5,"10 NEW PSYCHOLOGICAL FACTS
If you wear
BLACK colour
more, it means
your brain is"
neutral_733.jpg,Neutral,Neutral,0.930187,OCR,0.5,1 LITER
neutral_927.jpg,Neutral,Neutral,0.80086637,OCR,0.5,"STANDARD REFERENCE MATERIAL
2387
Peanut Butter
NIST
National Institute of
Standards and Technology
U.S. Department of Commerce
100 Bureau Drive, Gaithersburg C
ゲロ
PEANUT
BUTTER
$1069"
neutral_854.jpg,Neutral,Neutral,0.7855819,OCR,0.5,"THE MYTH OF
TEDED
ARACHNE"
negative_809.jpg,Negative,Negative,0.93256867,OCR,0.5,"'3 WEAPONS USED TO
MUDER MOOSE WALA'
Uur FUNJAD
TODAY
4:07"
neutral_620.jpg,Neutral,Neutral,0.9348583,OCR,0.5,"TELL ME
HOW..."
neutral_092.jpg,Neutral,Neutral,0.7072153,BLIP,0.5,a fox looking out the window at the sky
neutral_674.jpg,Neutral,Neutral,0.88921523,OCR,0.5,"AUDIENCE
ANALYSIS
? QuestionPro"
positive_124.jpeg,Positive,Negative,0.5954799,OCR,0.5,"NEVER JUDGE SOMEONE WITHOUT
KNOWING THE WHOLE STORY
@successpictures
He is so negative
Yes, he is weird
Let's not talk to him
GROWING UP
WITHOUT
FAMILY
LOSS
LOST
HIS
JOB
BREAKUP
OF A
CLOSE ONE
@successpictures
@successpictures
BUSINESS
NO MONEY
BANKRUPT
TO LIVE"
negative_694.jpg,Negative,Negative,0.72668105,OCR,0.5,"You promised not
to let me drown.
http://captionsgram.com"
positive_756.jpg,Positive,Positive,0.9591156,OCR,0.5,"Our strength
grows out of our
weakness.
Emerson
Bestlifehayat
Lifehayat.com"
neutral_033.jpg,Neutral,Neutral,0.7255311,BLIP,0.5,a yellow hum hum hum hum hum hum hum hum hum hum hum hum hum hum hum hum hum hum
positive_843.jpg,Positive,Positive,0.93357897,OCR,0.5,"Happy
Friendship
Day"
positive_662.jpg,Positive,Positive,0.86239296,OCR,0.5,"CONGRATULATIONS
o e o co o o do"
neutral_718.jpg,Neutral,Neutral,0.86111915,OCR,0.5,"SQUARE
CIRCLE
TRIANGLE
OVAL
RECTANGLE
HEART"
negative_638.jpg,Negative,Negative,0.66088927,OCR,0.5,"My silence is
another word
for my pain."
neutral_810.jpg,Neutral,Neutral,0.72965384,OCR,0.5,"THE ANCIENT
WORLD"
positive_971.jpg,Positive,Positive,0.9678868,OCR,0.5,"""Life isn't about finding
yourself. Life is about
creating yourself.
-George Bernard Shaw"
positive_081.jpg,Positive,Positive,0.65559703,OCR,0.5,SOUMYA
positive_865.jpg,Positive,Positive,0.9345039,OCR,0.5,"Keep love in
your heart. A
life without it is
like a sunless
garden when the
flowers are dead."
negative_808.jpg,Negative,Negative,0.93351847,OCR,0.5,"☐ NEW TONIGHT
Via Skype
Los Angeles
3:51 PM PT
LIVE
MUSIC LEGEND TINA TURNER DIES AT 83 CAN
3:51 PM PT
TIN RUSSIAN NATIONALS ARE ALIGNED WITH UKRAINIAN ARMY, THOUGH UK SITUATION ROOM"
neutral_481.jpeg,Neutral,Neutral,0.919871,OCR,0.5,"Scrabble CS50x 2022
ER
5 [CODESPACES]
MACOSX
gration
mahdeen0106-code50-89816155-5gr96749qc4gj7.github.dev
mario.c-80816155 (Codespaces]-Vis...
scrabble.c
My Strug
cash.c
hello.c
Inbox (3,827)-mahdeen0106@gmail.co...
Get Started
migration.zip
4466
1 #include <stdio.h>
2 #include <cs50.h>
Fash
cash
Cash.c
ello
.out
ello
ello.c
ario
mario
mario.c
Oulation
ration.zip
tice
oble
3
4 int main(void)
5{
6
7
8
9
10 ....
int height, row, column, space;
do
height = get_int(""Enter height: "");
11 while (height <1 || height > 8);
12....
13 for (row=0; row <height; row++)
PROBLEMS OUTPUT DEBUG CONSOLE
migration/mario/ $ make mario
migration/mario/ $ ./mario.c
bash: ./mario.c: Permission denied
migration/mario/ $ 0
TERMINAL
PORTS
abble.c"
neutral_788.jpg,Neutral,Neutral,0.95276475,OCR,0.5,"1
2
3
4
Learn
Sc
fun
var
max
mm ==
xt/javascript""
s(mm
(3)
To
Program
10
else{
mDay
30;
};
Function Ly
Lead function(){
this head rede
carn
(current.next)
current current."
positive_040.jpeg,Positive,Neutral,0.43563122,BLIP,0.5,the voice contestant is all smiles as she sings
neutral_702.jpg,Neutral,Neutral,0.87137175,OCR,0.5,"20 Best
PowerPoint PPT
Templates
nulivo market
Project Management Dashboard
263 days
Boston
Pet Bdget
OUR VISION
KU
Your Tor
$500
$250
00
Financial Overview
Ton The Of Your Great
Total Assets
BILLION
Loans
BILLION
Deposits
BILLION
$100
$700
$150
Net income
BILLION
Revenue
BILLION
Total Taxes paid
BILLION
Do
mentation And
drag
ריח
LIJ
Your That He
simply audit prut train
MARKETING PLAN
MEDICAL TE
BUSINESS P
PRETED AND PRESENTED AN
Risk Management
Type The Sue of your rest Hece
Pak Migson
wwwww
Dream - E"
neutral_856.jpg,Neutral,Neutral,0.8950275,OCR,0.5,"W
чи
00
THE SCIENCE OF
TSUNAMIS
TEDED"
neutral_268.jpg,Neutral,Neutral,0.69782305,OCR,0.5,"Me safely crossing the road with
my little brother:"
positive_834.jpg,Positive,Positive,0.9819323,OCR,0.5,"Smiles are great investments
the more you collect, the
better you feel.
GOOD MORNING
FUNKYLIFE.IN"
neutral_102.png,Neutral,Neutral,0.89545083,OCR,0.5,"500
X
333
249
X
166
249
X
166"
positive_921.jpg,Positive,Positive,0.9813149,OCR,0.5,"The best thing in the world
is seeing your baby smile
@proudhappymama
because of you.
PROUD HAPPY MAMA"
positive_996.jpg,Positive,Positive,0.9742143,OCR,0.5,"66
Never regret anything
that made you smile,,
- Mark Twain"
neutral_683.jpg,Neutral,Neutral,0.73660505,OCR,0.5,"Squeaky Clean Services
Squeaky Clean Services
Specialises in:
- Interior and Exterior Windows -
- Commercial Building Cleaning -
- Mirror Clean & Polishing -
CLEAN
* Up
For More Info Contact:
skyhigh@clean.com
0800 982 7832"
positive_594.jpeg,Positive,Positive,0.93780416,OCR,0.5,"Happy
Valentine's
Day"
neutral_766.jpg,Neutral,Neutral,0.8091174,OCR,0.5,"The augu
(1) au
tes we can
כי
щенно преел еettant u
६४
au cours
et
profits
ence,
es méth
veau na
qu'il do
Thou
des
straté
uno de los cin
Murva York -
AKLAND Califor
onvo apen thonynghella's
a se mos somet se a un
ky teen
Droolden StaBank centa
Ja si te d Aure wo nartes pura John Hughes ""The I
- sisanal de la Corencia
u underst
lies dieron una gran tuack tratealas com
alipo q rei, cóman las a b
para imponerse durante les que quiere
to as a US mejor foja del
jo ju egular
buy 'uod
puna mara para proteger su ros
tainty that
ing when said he
ry before
seen any
hap
nd didn't know
""John H. Dur
attor
AES CONIJA, Y MAS QUIraned heck higher,
de estamen la época este cua
menos s así ocuro en San Pat
onde Sau 39-ñov y Verónica
la altura del ab
güero: ""te
más ha
nom, the Mets' p
g star, turned,
trying spot a bird. He ha
belt-high
que a maestr
Consumieron en varios
así que
TEDED
the benefits of
a
bilingual brain"
positive_646.jpg,Positive,Positive,0.94006765,OCR,0.5,"You can't go back and
change the beginning, but
you can start where you are
and change the ending.
Funkylife.in"
negative_716.jpg,Negative,Negative,0.98301256,OCR,0.5,"Natural disasters in 2021
one of costliest years on record"
neutral_710.jpg,Neutral,Neutral,0.9083625,OCR,0.5,"GSA
Office of Government-wide Policy
Creating PowerPoint
Templates"
negative_589.jpeg,Negative,Negative,0.5611224,OCR,0.5,"I LIKE OFFENDING PEOPLE
BECAUSE I THINK PEOPLE WHO GET
OFFENDED SHOULD BE OFFENDED"
positive_651.jpg,Positive,Positive,0.9322097,OCR,0.5,"""Be true. Be wild
Be Happy.""
FunZumo.Com"
neutral_280.jpg,Neutral,Neutral,0.9026749,OCR,0.5,"22:03
Complete Lab 7: Songs. Complete: Movies,
Fiftyville
Lab 7: Songs - 0%
Movies - 0%
Fiftyville - 0%
8
Week 8
Complete Lab 8: Trivia. Complete Homepage
Lab 8: Trivia - 100%
Homepage 100%
9 Week 9
Complete Lab 9: Birthdays. Complete Finance
Lab 9: Birthdays - 0%
Finance - 0%
FP Final Project
Final Project - 0%
BACK TO ALL COURSES
III"
negative_564.jpeg,Negative,Negative,0.9751034,OCR,0.5,"Abdul Hameed
Indian Plane Shot down
TUBSZ"
negative_512.jpeg,Negative,Negative,0.4275255,OCR,0.5,כיון
negative_008.jpg,Negative,Negative,0.96937716,OCR,0.5,"VIS
AP"
positive_116.jpeg,Positive,Positive,0.9303231,OCR,0.5,"believe, time changes everything."
positive_061.jpg,Positive,Negative,0.85086536,BLIP,0.5,a man in a red jacket and helmet is walking through a muddy road
negative_031.jpg,Negative,Negative,0.97261524,OCR,0.5,"# RUSSIAUKARINE CONFLICT
| हमले के बाद
रिहायशी
इमारत में
आग
abp
न्यूज"
neutral_123.jpeg,Neutral,Neutral,0.92273515,OCR,0.5,"free no Violas, go to N
MUSIC IS SIMPLE!
Alagie castable with a reck tempo feel
Glock.
Sale
Keep bok fee
perher
Rigatoni
SSSSSS
Bangs s
Ture the Like 5
Go fast
Lewachs now
Tengo
delawny
Clarice
(opt shoe hors
124 Cr
22
09
Light and airy Cornet b
Like a Dirigible
Flatly
Driv"
neutral_752.jpg,Neutral,Neutral,0.849143,OCR,0.5,"CAN YOU
SOLVE THE
PRISONER
BOX
RIDDLE?
TEDED"
neutral_029.jpg,Neutral,Neutral,0.63549864,BLIP,0.5,a red car is on display in front of a red curtain
neutral_908.jpg,Neutral,Neutral,0.87884414,OCR,0.5,"GOOD
BOY
-
STAMPY"
neutral_656.jpg,Neutral,Neutral,0.8553786,OCR,0.5,"DID YOU
KNOW?"
neutral_794.jpg,Neutral,Neutral,0.92456096,OCR,0.5,"10 Nm
CODE
EDITORS
WS
Dw
Lotepad++"
positive_947.jpg,Positive,Positive,0.87707686,OCR,0.5,"I USED TO BE ABSOLUTELY
ADDICTED TO THE GYM AND
I DO STILL LOVE IT.
Freema Agyeman
pixelsquote.net"
positive_023.jpeg,Positive,Neutral,0.6220842,OCR,0.5,"rout
THE"
positive_911.jpg,Positive,Positive,0.9093745,OCR,0.5,"THE SHOWER OF
YOUR SMILE,
GAVE ME ENERGY
BOOST POWER..
www.statusannal.com"
positive_974.jpg,Positive,Positive,0.9955923,OCR,0.5,"Stay positive and happy.
Work hard and don't give up
hope. Be open to criticism
and keep learning. Surround
yourself with happy, warm
and genuine people.
DreamsQuote.Com"
negative_854.jpg,Negative,Negative,0.96041167,OCR,0.5,"7.7 MAGNITUDE
QUAKE HITS
MEXICO
NEWS 18"
positive_079.jpg,Positive,Positive,0.66743046,OCR,0.5,"EVEREST
BASE CAMP
5364
m
ocial
-44
Nepal So
tours & trav
www.nepalsocialtreks.com"
negative_622.jpeg,Negative,Negative,0.9691663,OCR,0.5,"KOLKATA
FIRE
""INXHIFZS
FIRE
FIRE IN HATIBAGAN MARKET
NEWS BREAKING NEWS
SHOW BIZ VINOD A 'SHAME'
OSCAR FILM F"
negative_064.jpg,Negative,Negative,0.88309276,BLIP,0.5,soldiers in action during a training exercise
negative_785.jpg,Negative,Negative,0.8713492,OCR,0.5,"O
orgus
Invasion of Normandy
in World War II"
neutral_915.jpg,Neutral,Neutral,0.88901883,OCR,0.5,WHO'S RIGHT?
positive_597.jpg,Positive,Positive,0.901773,OCR,0.5,"Happy
Ratha Yatra
www.allimagegreetings.com"
positive_812.jpg,Positive,Positive,0.9893233,OCR,0.5,"A SMILE IS
HAPPINESS YOU'LL
FIND RIGHT UNDER
YOUR NOSE.
TOM WILSON
Lifehack"
neutral_877.jpg,Neutral,Neutral,0.7990676,OCR,0.5,"A DAY IN THE LIFE OF AN
ANCIENT
EGYPTIAN
DOCTOR
TEDED"
neutral_095.jpeg,Neutral,Neutral,0.90453076,OCR,0.5,"3 weeks
52 weeks"
positive_862.jpg,Positive,Positive,0.880489,OCR,0.5,"66
The brilliance
of your
loving heart
fills my life
with sunshine.
LOVE KNOW"
positive_013.jpeg,Positive,Positive,0.9603869,OCR,0.5,"The best views come from
the hardest climbs.
-
Via (Dark Secrets)"
neutral_879.jpg,Neutral,Neutral,0.8724081,OCR,0.5,"HOW DO
WOUNDS
HEAL?
TEDED"
positive_941.jpg,Positive,Positive,0.9290954,OCR,0.5,"Царрум
Thank You
For Making Me
HAPPY
WishesMsg.com"
negative_634.jpg,Negative,Negative,0.56003654,OCR,0.5,"www.WISHESMAGAZINE.COM
No matter how hard
I try to
make you happy
in the end
It's never good enough
because
I always end up
Broken."
positive_835.jpg,Positive,Positive,0.9799354,OCR,0.5,"Keep smiling because
life is a beautiful thing
and there's so much to
smile about.."
neutral_931.jpg,Neutral,Neutral,0.9420298,OCR,0.5,"HERE'S THE PROOF
3m
2m
1m
0
100d
200d
300d 400d
500d
600d
700d
800d"
negative_715.jpg,Negative,Negative,0.79282045,OCR,0.5,"WHAT HAPPENED IN THE WORLD?
01-07 MAY 2022"
positive_763.jpg,Positive,Positive,0.9906616,OCR,0.5,"GOOD THINGS WILL
HAPPEN IN YOUR LIFE,
BUT FIRST YOU HAVE
TO BELIEVE SO. BE
POSITIVE.
Routinely Nomadic"
negative_856.jpg,Negative,Negative,0.90443516,OCR,0.5,"SUPERCYCLONE KILLED
10,000 IN ODISHA
THIS DAY
IN
HISTORY
Oneindia English"
negative_590.jpeg,Negative,Neutral,0.7171849,OCR,0.5,"Say ""Community Standards"" again
Motherfucker!
C
Aussie Stuff for Aussies"
neutral_714.jpg,Neutral,Neutral,0.9110894,OCR,0.5,"NSS
LAPTOP SERVICE CENTER
Stat
HOW TO SHARE PPT FROM
LAPTOP TO MOBILE PHONE?
4
Onsslaptopservicecenter"
positive_765.jpg,Positive,Positive,0.7820872,OCR,0.5,"Once I knew you
I never wanted to know anyone else.
Leo Christopher
Your Lango"
negative_565.jpeg,Negative,Negative,0.78895503,OCR,0.5,"Ahnaf Rifat
9 November at 17:21.
ব্রাহ্মবাড়িয়া যে জায়গাতে ৯জুন হেফাজত কর্মীকে শহীদ করেছে পুলিশ।
আজ সে জায়গাতেই পুলিশ গাড়ি এক্সিডেন্ট করে ২৫ জন আহত ৫ জন
মারা গেছে।
44
418
51 comments 35 shares"
neutral_790.jpg,Neutral,Neutral,0.92705,OCR,0.5,"edureka!
K MEANS
CLUSTERING
ALGORITHM
10"
neutral_706.jpg,Neutral,Neutral,0.8622105,OCR,0.5,"Logistics
Solution
Provider
Management
Consultant
Corporate
Executives
Medical
Professionals
Industrial
Manufacturers
Creative
Groups"
positive_831.jpg,Positive,Positive,0.97602993,OCR,0.5,"Because of your smile,
you make life more
beautiful."
positive_655.jpg,Positive,Positive,0.769567,OCR,0.5,"FITNESS
WAY OF
ITS A WAY
LIFE
YOUR LOGO"
neutral_869.jpg,Neutral,Neutral,0.93986815,OCR,0.5,"WHY DO WE
TEDED
ITCH?"
neutral_920.jpg,Neutral,Neutral,0.9679805,OCR,0.5,"MYTHIC
V1076ES
0.19
NOT 1s AND Os"
neutral_698.jpg,Neutral,Neutral,0.852093,OCR,0.5,Interesting E-Waste Facts
neutral_200.png,Neutral,Neutral,0.8429471,OCR,0.5,"WHEN IPOST SOMETHING
CONTROVERSIAL ON FB...
AND THEN GO TO BED..
MEANWHILE
IN THE COMMENTS
Memezila.com"
neutral_792.jpg,Neutral,Neutral,0.9100468,OCR,0.5,"ClicFi
Jupyter Tutorial 6- Creating ANN with Pytorch On Pima... unsaved change
Edit
View Insert
Cell Kemel
Widgets
Help
9
Run
C Cod
TITAN RTX
How To Run
Logout
рунки з о
Pytorch Code
In GPU Using
CUDA
Out [5]:
In [7] torch.cuda.get_device_nate (0)
Out[7] TITAN RTX"""
neutral_038.jpg,Neutral,Neutral,0.54354465,BLIP,0.5,a white car parked on a wet road
positive_653.jpg,Positive,Positive,0.9285895,OCR,0.5,"""Nothing will work
unless you do.""
- Maya Angelou
Parade"
neutral_079.jpeg,Neutral,Neutral,0.8950449,OCR,0.5,"Why scientists had
long hairs"
negative_691.jpg,Negative,Negative,0.6008889,OCR,0.5,"65
Missing you comes in waves.
Tonight I'm drowning.
www.bigenter.info"
positive_532.jpeg,Positive,Positive,0.72159487,OCR,0.5,"Unemployed Graduate
I think our best memories always
remain unphotographed, no?
Unemployed Graduate_7
UG"
negative_203.jpeg,Negative,Negative,0.9712559,OCR,0.5,"DEADLY FIRE IN
MUMBAI HIGH-RISE"
positive_757.jpg,Positive,Positive,0.97968304,OCR,0.5,"""If you stay
positive in a
negative
situation,
you win."""
neutral_822.jpg,Neutral,Neutral,0.872767,OCR,0.5,THE PERSIANS & GREEKS
negative_656.jpg,Negative,Negative,0.5415118,OCR,0.5,"Sometimes
it's better to be
alone nobody
can hurt you."
positive_788.jpg,Positive,Positive,0.92003787,OCR,0.5,"""I'd rather
regret the
things I've done
than regret
the things I
haven't done""
- Lucille Ball"
positive_995.jpg,Positive,Positive,0.9687774,OCR,0.5,"66
Just keep taking
chances and
having fun,,
Garth Brooks"
neutral_885.jpg,Neutral,Neutral,0.881357,OCR,0.5,"K
VITAMINS
TEDED"
positive_957.jpg,Positive,Positive,0.9605,OCR,0.5,"GOOD THINGS
WILL COME
FACEBOOK.COM/HUmtsvartal Quote"
positive_968.jpg,Positive,Positive,0.9824952,OCR,0.5,"Take
time to
do what
makes
your
Soul
happy"
negative_532.jpeg,Negative,Negative,0.81239027,OCR,0.5,"WORLD WAR
HEROES"
neutral_803.jpg,Neutral,Neutral,0.8403268,OCR,0.5,"THERE MAY BE A
SOLUTION COMING"
negative_654.jpg,Negative,Negative,0.58333015,OCR,0.5,"Lost myself trying
to please everyone,
now I'm losing
everyone else
trying to find
myself.
www.LUVZE.com"
neutral_767.jpg,Neutral,Neutral,0.70393986,OCR,0.5,"THE
BIRTHDAY
CAKE
RIDDLE
TEDED"
negative_861.jpg,Negative,Negative,0.94783825,OCR,0.5,"DU STUDENT STABBED
TO DEATH
INDIA
TODAY"
negative_718.jpg,Negative,Negative,0.955817,OCR,0.5,Flood in Nepal
neutral_041.jpeg,Neutral,Neutral,0.7667889,OCR,0.5,"MD
MD
PASSION FRUIT JAM"
positive_782.jpg,Positive,Positive,0.81980324,OCR,0.5,"I WON'T
GIVE UP"
neutral_724.jpg,Neutral,Neutral,0.96912444,OCR,0.5,"Blockchain
Simply explained -"
positive_159.jpg,Positive,Neutral,0.56122303,BLIP,0.5,a man and woman are smiling for the camera
positive_087.jpg,Positive,Positive,0.7872103,OCR,0.5,"Measure What Is Measurable,
And Make Measurable What Is
Not So.
N
GALILEO GALILEI
2
Statustown.com"
positive_027.jpg,Positive,Positive,0.97434413,OCR,0.5,"No matter how badly someone
treats you, never drop down to
their level. Remain calm, stay
strong, and walk away.
Via (Dark Secrets)"
positive_641.jpg,Positive,Positive,0.96978045,OCR,0.5,"Some people think they need
more to be happy. But the truly
happy people are those who learn
to enjoy life with exactly what they
have at each moment.
Lifehayat.com"
positive_670.jpg,Positive,Positive,0.8815584,OCR,0.5,"The greatest healing therapy is
friendship and love
Hubert H Humphrey
WELL"
positive_816.jpg,Positive,Positive,0.98541605,OCR,0.5,"KEEPINSPIRING.ME
66
Smile is
the beauty of
the soul.
-
- Lailah Gifty Akita -"
positive_983.jpg,Positive,Positive,0.9846655,OCR,0.5,"BEING HAPPY
DOESN'T MEAN THAT
EVERYTHING IS
PERFECT. IT MEANS
THAT YOU'VE DECIDED
TO LOOK BEYOND
THE IMPERFECTIONS.
KUSHANDWIZDOM"
neutral_519.jpg,Neutral,Neutral,0.83026737,OCR,0.5,"MEANINGLESS
MEANING"
positive_303.jpeg,Positive,Positive,0.9195012,OCR,0.5,"Get back to who you were
before the heart break.
- Via (Dark Secrets)"
negative_883.jpg,Negative,Negative,0.7842471,OCR,0.5,"sky news
ALFIE STEELE'S
MURDERERS
JAILED"
positive_084.jpg,Positive,Positive,0.8976451,OCR,0.5,"""Insanity is doing the
same thing over and
over again and expecting
different results""
Albert Einstein"
negative_832.jpg,Negative,Negative,0.8710027,OCR,0.5,"RECO
TRUMP DESTROYED
IN FRONT OF MILLIONS!"
negative_783.jpg,Negative,Negative,0.98655945,OCR,0.5,"TOI
MUMBAI
FIRE BREAKS OUT
IN MUMBAI SHOP"
neutral_813.jpg,Neutral,Neutral,0.8446341,OCR,0.5,"GREEK
MYTHOLOGY"
positive_1020.jpg,Positive,Positive,0.95413446,OCR,0.5,"""
""HAPPINESS HELD IS THE
SEED; HAPPINESS SHARED IS
THE FLOWER.""
JOHN HARRIGAN
BLOOMAKER.COM"
positive_877.jpg,Positive,Positive,0.98556924,OCR,0.5,"you are
Someone's reason
smile.
to"
positive_490.jpeg,Positive,Positive,0.94323266,OCR,0.5,"Direction is much more
important than speed.
-Unknown
@InspirationalQuotes 720"
negative_063.jpeg,Negative,Negative,0.77559173,BLIP,0.5,a group of tanks
negative_513.jpg,Negative,Negative,0.88019603,OCR,0.5,"1829914
חיפה בוחרת
יצחק הגה חוד
co.il
gettyimages
David Silverman
1000"
positive_056.jpg,Positive,Positive,0.98982316,OCR,0.5,"Stop giving people
the power to control
your smile, your worth,
your attitude and
your day.
(Thoughts Wonder)
Thoughts Wonder"
neutral_658.jpg,Neutral,Neutral,0.7413939,OCR,0.5,"aigm
gifts & more
Kitchen Utility Gifts
1 Flat Griddle (Tawa) (250mm)
+ 1Fry Pan (240mm)
+ Kadhai (240mm) with Glass
(for Fry Pan & Kadhai)
aigmgifts@gmail.com
aigmpune@gmail.com
9029029962
www.corporategiftsonline.in 7020505591
MOQ 100pc
Non-Stick
With
3
Layers
High Coating"
positive_062.jpg,Positive,Positive,0.42737842,BLIP,0.5,a sunset over the ocean with clouds and trees
neutral_448.jpeg,Neutral,Neutral,0.73494256,OCR,0.5,"I no bad luck.
I good kitty.
OWP"
neutral_201.jpeg,Neutral,Neutral,0.5044237,OCR,0.5,"12. ""I used to have a job at a calendar
factory but I got the sack because I
took a couple of days off.""
We are laughing"
neutral_065.jpeg,Neutral,Neutral,0.9279109,OCR,0.5,"They mixed up parts at the cat
factory"
positive_940.jpg,Positive,Positive,0.94816697,OCR,0.5,"live
laugh
sing &
BE
happy
ON LIFE
ON TOP"
positive_973.jpg,Positive,Positive,0.96581614,OCR,0.5,"Don't try to overhaul
your life overnight.
Instead, focus on making one
small change at a time.
Over time, those small changes
will add up to big
transformation.
Don't give up!"
negative_094.jpg,Negative,Neutral,0.4778019,BLIP,0.5,a boy sitting on a ledge
positive_800.jpg,Positive,Positive,0.92114514,OCR,0.5,"Share your smile
with the world. It's a
symbol of friendship
and peace.
Christie Brinkley
EVERYDAY POWER"
positive_078.jpeg,Positive,Positive,0.9665313,OCR,0.5,"Never make
permanent
decisions on
temporary
feelings.
- Via (Dark Secrets)"
neutral_723.jpg,Neutral,Neutral,0.8766947,OCR,0.5,"Shawn Garcia
Graphic Designer"
neutral_781.jpg,Neutral,Neutral,0.83592755,OCR,0.5,"How to Start
Coding?
Best Path
For Beginners"
neutral_731.jpg,Neutral,Negative,0.5702875,OCR,0.5,"CIVILIZATION
IN ANTARCTICA?"
positive_778.jpg,Positive,Positive,0.9845338,OCR,0.5,"The trick is to enjoy life.
Don't wish away your days,
waiting for better ones ahead.
MARJORIE PAY HINCKLEY
Your Lango"
positive_967.jpg,Positive,Positive,0.99100006,OCR,0.5,"Life goes by too quickly.
So laugh, love and try new things.
Forgive, forget and don't hold grudges.
Choose to be HAPPY."
negative_686.jpg,Negative,Negative,0.7417863,OCR,0.5,"I'M NOT RACIST
SOME OF MY BEST SLAVES ARE
BROWN
aussiememes.com.au"
neutral_028.jpg,Neutral,Neutral,0.68085146,BLIP,0.5,a white car parked in a garage
negative_102.jpg,Negative,Negative,0.6970216,OCR,0.5,"THAC
COLLEG"
positive_884.jpg,Positive,Positive,0.87287426,OCR,0.5,"You are my
everything."
negative_826.jpg,Negative,Negative,0.9527445,OCR,0.5,"19:45 CAT
STAGE 5 ROLLING BLACKOUTS
@SABCFullView
SABC
NEWS
Independent. Impartial.
ASSESSING FLOOD DAMAGE IN WESTERN CAPE"
neutral_760.jpg,Neutral,Neutral,0.79618156,OCR,0.5,"TEDED
HOW BLOOD PRESSURE WORKS"
negative_116.jpeg,Negative,Negative,0.55312043,OCR,0.5,"Coming home wasted at 6am and
seeing people jogging
Look at these assholes."
negative_699.jpg,Negative,Negative,0.94698656,OCR,0.5,"JURY SELECTION FOR
MURDER CASE
TRUE CRIME
ARIZONA"
neutral_906.jpg,Neutral,Neutral,0.77251077,OCR,0.5,"22
23
SORRY, WE'RE FULL"
neutral_739.jpg,Neutral,Neutral,0.6389979,OCR,0.5,"Which wand should you choose?
What strategy should you employ to have
the greatest chance of winning the duel?"
negative_772.jpg,Negative,Negative,0.96758604,OCR,0.5,"Uttarakhand: Fire breaks out in
forest area of Tehri Garhwal
ANI"
negative_478.jpg,Negative,Negative,0.94268006,OCR,0.5,CRIME
negative_738.jpg,Negative,Negative,0.9316542,OCR,0.5,"GRAVITAS
Making Sense of the NEWS
Remembering
2004 tsunami in
Indian ocean"
positive_868.jpg,Positive,Positive,0.9784249,OCR,0.5,"Wishing you
a very happy Share
A Smile Day!
Your smile
is infectious and has
the power to
brighten up even
the darkest of days.
DESICOMMENTS
COM"
negative_828.jpg,Negative,Negative,0.70277196,OCR,0.5,"GRAVITAS
TIME TO PREPARE
FOR A NUCLEAR
DISASTER?"
positive_986.jpg,Positive,Positive,0.9440303,OCR,0.5,"66 Sometimes you
will never know
the value of a
moment until
it becomes
a memory.
.""
Dr. Seuss"
negative_666.jpg,Negative,Negative,0.9896303,OCR,0.5,"PAKISTAN: BLAST IN PESHAWAR;
25 KILLED, 150 INJURED
MIRROR
NOW"
neutral_371.jpeg,Neutral,Neutral,0.78266025,OCR,0.5,"Girls after
masturbation:
OMG that was so fun
Boys after masturbation:
Looking back, my life has
been nothing but failures..."
negative_108.jpeg,Negative,Neutral,0.48490137,OCR,0.5,"Me when my client says
they've seen a project very
similar on Github
PYCODERS"
neutral_831.jpg,Neutral,Neutral,0.8476416,OCR,0.5,"////
THE
EFFECTS
OF
SLEEP DEPRIVATION
////
TEDED"
neutral_034.jpg,Neutral,Neutral,0.6386454,OCR,0.5,70
negative_703.jpg,Negative,Negative,0.96366876,OCR,0.5,"DUNE DO NOT
MURDER"
positive_1019.jpg,Positive,Positive,0.94110405,OCR,0.5,"When
you
love
what you have,
you have
everything
you need"
neutral_071.png,Neutral,Neutral,0.8353052,OCR,0.5,S
neutral_682.jpg,Neutral,Neutral,0.9317875,OCR,0.5,"Electronic Signature
Myths
& Facts
me"
negative_689.jpg,Negative,Negative,0.53053063,OCR,0.5,"My silence meaning that my
mood is off
quotesove.com"
positive_955.jpg,Positive,Positive,0.8574876,OCR,0.5,"LET'S
START THE
JOURNEY
->>>"
neutral_688.jpg,Neutral,Neutral,0.80865383,OCR,0.5,"Netflix launched a streaming media service,
introducing video on demand via the Internet
in Jan 2007.
E"
positive_857.jpg,Positive,Positive,0.93635184,OCR,0.5,"Smile in the mirror. Do that every
morning and you'll start to see a
big difference in your life.
Yoko Ono
BrainyQuote"
negative_747.jpg,Negative,Negative,0.96969795,OCR,0.5,"RUSSIA
BOMBS
NEWS 18
‣LIVE
KYIV"
positive_759.jpg,Positive,Positive,0.98216844,OCR,0.5,"""A
positive attitude will
get you positive results.""
Moses Chikoti
Photography
Dr Moses Simuyemba"
negative_633.jpg,Negative,Negative,0.56533456,OCR,0.5,"N
You're
FIRED!"
neutral_713.jpg,Neutral,Neutral,0.9038398,OCR,0.5,"PPT
PPT SUBMISSION
SITES LIST"
negative_054.jpg,Negative,Negative,0.87417555,BLIP,0.5,soldiers in the trenches
negative_523.jpg,Negative,Negative,0.650004,OCR,0.5,"सोशल मीडिया वाले नकाबपोश चोर
facebook.
अब तक एक भी चोर की गिरफ्तारी नहीं INDIA TV"
negative_071.jpeg,Negative,Negative,0.876726,BLIP,0.5,a group of soldiers running through a field
negative_822.jpg,Negative,Negative,0.9839002,OCR,0.5,"DAN RALINYS
KTLA
INDIA TRAIN CRASH KILLS AT LEAST 288 PEOPLE
HEADLINES
NEWS
AT 6
5
Keenan Anderson, stun gunned in Venice, died of cocaine use, enlarged h 68° 6:14P"
negative_756.jpg,Negative,Negative,0.9691923,OCR,0.5,"Massueville,
Quebec, Canada
TOMATO
BREAKING NEWS
NEWS BUILDING FIRE IN MASSUEVILLE LIVE
EREST RATES BY 1% • GOVERNMENT TO DELAY VOTE ON ENVIRONME"
positive_090.jpg,Positive,Positive,0.7799691,OCR,0.5,"Albert Einstein
Imagination is everything
O FEARLESS MOTIVATION.COM"
